 0.219278947521355 -0.866244193265571 -0.44892954993808
 -0.957506631987907 0.160971045456707 0.239310200835131
 -0.843417063166146 -0.484739470326833 -0.23167931169497
 -0.834641965304572 -0.334334920668426 0.437713320078519
 -0.481078794847088 -0.873676372710246 0.0724761265268851
 0.395059502540606 -0.838863409185873 -0.374481201372543
 -0.229377504551718 -0.960762851393921 0.155950965970236
 -0.118373476578654 0.232885612796644 -0.965273024276041
 0.310022497420604 -0.944277572176724 -0.110570872191201
 0.117229114768948 -0.63118010359934 -0.766726164592559
 0.361004305584746 -0.179120464411252 -0.915200388209256
 0.0893182552497435 -0.625034238952731 -0.775470469725264
 -0.379161091149703 -0.295176377253555 -0.876987898017774
 0.184707330918695 -0.383009946351552 -0.905089267918183
 -0.202668055669181 -0.020507575018506 -0.979032736213726
 0.377327947306506 -0.900188696265278 0.217448686585313
 0.509065004399774 0.70771121687118 -0.489895555001442
 0.0139264317679132 -0.98062077961326 -0.195419909653279
 0.510620858911259 0.0794499480828295 -0.856127352789504
 -0.696156214202633 0.62225116927482 -0.358008390632366
 -0.90979151215354 -0.408461527683437 -0.073746761392542
 -0.764892276963745 0.325179556122485 -0.556055807380159
 -0.526683394410948 0.277644506777483 -0.803441429046356
 -0.184290821090298 0.103552737613345 -0.977401516161422
 0.411240132383747 -0.863842248484538 -0.290960690214634
 0.0814821598762536 0.455231978593402 -0.886636624152103
 0.297500842730736 -0.90249327017376 0.311446858814751
 -0.340290637419745 0.172643664841032 -0.924335678784889
 -0.263104963796317 -0.885824591209388 0.382217963516184
 -0.990334250123389 0.0992299876427195 -0.0969096619794492
 0.0178297485732018 -0.931895510052394 0.362288363613856
 -0.955601577689385 -0.0788145262434984 -0.283925862102364
 -0.938622078602939 -0.165983727372047 -0.302387162106431
 -0.890988154947945 0.305554584639069 -0.335822130820026
 -0.0788416956676046 0.694066027671332 -0.715581117873295
 -0.894864572535437 0.243401145338603 0.374130029894454
 -0.0312976573819275 0.228835287494952 -0.972961904618833
 -0.152015561028426 -0.936582040022555 -0.315761542168141
 0.392233849733337 0.000120526055957569 -0.919865529627475
 0.0640933165076793 0.306113616711059 -0.949834985901826
 0.0401108026078086 -0.850427545588609 0.524560876560854
 -0.95202099013159 -0.06804115263355 0.298372981178198
 -0.569374549927603 -0.135460106761685 -0.810841033354166
 0.378596657488111 -0.66804392654208 -0.640610554977882
 0.0957043977392412 0.151434270036658 -0.983823322610231
 -0.679243889667326 -0.0611145185351691 -0.731363626367771
 -0.955083496913048 -0.208930082364411 0.210151694277119
 0.271500053683822 -0.925667458663643 -0.263490942578439
 -0.388358766020464 0.0371058268814145 -0.920760895383003
 0.734725458591608 -0.564396699208845 -0.376344079825246
 -0.969084805756261 0.24018737061626 0.0564328472504994
 -0.961309830968604 0.00557434071803587 0.275413027303854
 -0.168551205084387 0.0175448069389037 -0.985536742599726
 -0.857302187966674 -0.513788053252287 0.0324776052500537
 -0.0623636018948895 0.500491007553036 -0.863492636052701
 -0.89531143462665 0.269267055601248 0.354841778536018
 -0.975613279833694 0.20684193830889 0.0734516219614206
 -0.025763522350839 -0.462262243611231 -0.886368918141644
 -0.944778987291956 -0.282747930594706 0.165669167064961
 -0.976990359730672 -0.0372360107849789 0.210007896266194
 -0.855280213056181 0.380583490854792 -0.351641811568754
 -0.106651168188653 -0.0254104841270076 -0.993971747898514
 -0.904051983648443 0.369655179042434 0.214581125610855
 0.22251923206145 -0.947476373163397 0.229725300434928
 -0.833778085338735 0.298587550137957 0.464391622783492
 -0.468452116297671 -0.883388540339852 0.0133154621571304
 -0.978157009180389 -0.105271331034864 -0.179239538755893
 0.522759096723543 -0.831049920499426 -0.189944614113386
 -0.967670282332046 0.227741557750144 -0.108388226136218
 0.579327130960208 -0.0139219593343408 -0.814976229335376
 -0.805796222588799 -0.106221938317269 -0.582588488971199
 -0.992037318049267 0.07111478656427 0.103945402637808
 -0.363528047175518 -0.930896074418349 0.0357750967750206
 0.512021682264384 -0.364084068449473 -0.777995236484408
 -0.235428530787577 -0.681835011730703 0.692585318693224
 0.593088374933903 0.133621573428145 -0.793971948265711
 0.821786717957885 -0.56972568565039 -0.00890130879149646
 0.268797073246081 -0.910078227150407 -0.315445326294611
 -0.153905081539309 0.0953722884539235 -0.983472090336803
 0.237956561737943 -0.730884611321921 -0.6396751985646
 -0.817608630526736 0.14633656310037 0.556867791839469
 0.484352009182804 -0.0313391831856563 -0.874311721754797
 -0.549218062998013 0.563369769924796 -0.617230930537017
 -0.0794257878760989 -0.828066918593051 -0.554974524236988
 -0.906043984487845 0.108755180425847 -0.408970180947133
 -0.519846522756219 0.662528626605799 -0.539273040032692
 -0.0200505787253747 -0.984683018144126 -0.17319736739152
 -0.565233580959774 -0.345777582188283 -0.748965194526031
 -0.698060000178703 -0.469905887918182 -0.540278347382472
 -0.702703548215732 0.564190299161992 0.433470909815783
 -0.33969326151764 0.798821117846684 -0.496480925879014
 -0.367680014248665 -0.235141883228708 -0.89973312814065
 0.206289252542059 0.388640472243112 -0.897999625623691
 -0.552921357870623 -0.831178535618763 0.0584825951643311
 -0.11499005574976 0.0793233668621997 -0.990194471075411
 -0.325421426964942 -0.856402181885081 -0.400844355996905
 -0.954725915153814 0.0412415996457755 -0.2946142518487
 -0.59068152348137 0.593959405351859 -0.546175395465407
 -0.759951864185073 -0.449734511844259 -0.469267549461753
 -0.159947429994331 -0.936122293120318 -0.313196219583452
 0.56434063746203 -0.645954746414365 -0.514064305796175
 0.0943963228657695 -0.20953849739525 -0.973233246626297
 -0.847144225401653 -0.414388634931106 -0.332608960505528
 -0.994109760250197 0.0246622169192903 0.105534637119395
 -0.702525871156666 0.184485549978767 0.687329966031308
 0.0455529531116418 -0.342848896194548 -0.938285437828483
 -0.174988303024021 -0.281463720060305 -0.943481461447223
 -0.322132243503537 -0.0844477012191002 -0.942920677180317
 -0.220164958439491 -0.19582431110595 -0.955604641185473
 -0.983843103570519 0.17038494516664 -0.0549701556964375
 -0.0447220316151876 -0.354851001423922 -0.933852615071913
 -0.203648189583223 -0.952166247199531 0.227830754230938
 -0.357177297538809 0.188127940001563 -0.914894669518651
 -0.550583893164182 -0.209742508220589 -0.808000901505381
 -0.0767152863522859 0.502110011445369 -0.861394393553974
 0.0697804888783452 -0.987124788612216 0.143928228917009
 0.0238135909136122 -0.999183113561198 0.0326499381614807
 0.516508334063078 0.119983251314365 -0.847834394352705
 -0.0685802445557749 -0.987633474346093 -0.140985355295277
 -0.167383095222675 0.231725007414719 -0.958272623198808
 0.170422814998165 0.550863790313485 -0.817009882834695
 -0.973255231147841 0.109036214672972 0.202201283213417
 0.497902113606933 0.255333272756581 -0.828793342811803
 -0.185871010823874 -0.918977559421468 -0.347753091452935
 -0.749204235115159 -0.396132517140305 -0.530822044521133
 0.106644604322241 -0.992774473882222 -0.0550070211593876
 0.377435846604475 -0.643485660480595 0.665934220816002
 -0.996453631848779 0.0104340520746689 -0.0834942520936726
 -0.339795574763317 -0.399962340689163 -0.851216243619513
 0.099105916671393 -0.995076134302985 0.00122646701989256
 -0.223517292898175 -0.970251214449377 -0.0930193562382565
 -0.919144325534028 0.383600729696405 -0.0895778377445121
 -0.265543336059889 -0.226959443259445 -0.937003814180896
 -0.231561461356532 0.503791481360292 -0.83220996925249
 -0.886816068619396 -0.166144404392985 -0.431223025043119
 -0.460659662221563 -0.883201040700862 -0.0880261171859197
 -0.310136801468542 -0.188601092795861 -0.931796540115421
 -0.0655737373038558 -0.110808148441086 -0.991676176589447
 -0.02963727405512 0.628207670378628 -0.777481031835529
 -0.854858551345185 0.117751455657544 -0.505323116315236
 -0.148962253321133 -0.21669035784125 -0.964808548834494
 -0.517618109139479 0.566725285711941 -0.641010096352303
 0.43883858118485 -0.226107145779393 -0.869652952787009
 -0.997647681382421 -0.0194582721744254 0.0657303542989459
 -0.892535243238371 -0.101516079262741 -0.439403374166087
 -0.882180942186385 -0.106902287914284 -0.458616055194139
 0.0375134419299436 0.158030556294801 -0.986721381622859
 -0.012079076052919 0.186166039946407 -0.982444044967641
 0.32687610322603 0.688630122034406 -0.647256184340208
 -0.303147738005645 -0.400508154564445 -0.86469339483394
 -0.997123872306982 -0.00692632408779473 -0.0754719107361107
 -0.228688169742671 0.807789911586496 -0.54330210726522
 0.704940844273248 -0.692482852896015 -0.153381565125398
 -0.13515693975348 0.105102488952128 -0.985234017100781
 -0.273091550037459 0.458830995542058 -0.845514708818257
 -0.749757587873206 -0.168616255596958 -0.639868828569585
 0.549690560034693 0.347960822036633 -0.759449507562113
 -0.739265833191401 -0.622597780699639 -0.256628196704313
 -0.0773960691249178 0.335066821881173 -0.939010156152989
 0.0419681613389931 -0.902277010280883 -0.429109391824993
 -0.458692364942751 -0.611919444052337 -0.644325933308527
 0.446280982448522 0.103495843104443 -0.888888010474257
 -0.97476590094192 -0.0949240526876092 0.202041734753607
 -0.694732966337341 0.300471422206672 -0.653500596725985
 0.407403874951647 -0.899886972484174 -0.155645492795807
 0.280483541471322 -0.957056776191387 -0.0732892223308149
 0.263161091850953 0.180838938984321 -0.947651580425443
 -0.252327660849387 0.105867824438269 -0.96183301841795
 0.0533687330844068 -0.4442799212447 -0.894297003186172
 -0.420013461249716 -0.508445246091016 -0.75171279362299
 0.614967567454092 0.00822023868948636 -0.78850955520874
 -0.686194022962719 -0.620992614858561 0.378821772264169
 0.070316476767142 -0.107649651413196 -0.991699120522789
 0.2879469218012 -0.806291454171015 0.516701713908521
 -0.962192012561049 -0.271436710264487 0.0225531213917256
 -0.235686795883658 -0.120844676196055 -0.964286419318019
 -0.956401468970066 0.0192339892095791 0.291421145099297
 -0.947140165360793 0.115934795777783 0.299139817289998
 0.135553697484504 -0.968146985338557 0.210515106056892
 -0.805002952517417 0.0714391419470593 -0.588953899245187
 -0.932892462448286 0.246970796235118 0.262139427240858
 -0.141882462007178 0.682357166917651 -0.717117886913232
 0.0646961866314665 0.235919337395969 -0.9696166612007
 -0.508943669631363 0.251334934105741 -0.823290405652966
 0.612939296029021 0.151782289986583 -0.77541444133436
 -0.949083301077259 -0.231628839233677 0.213515733498849
 0.443540552730861 -0.21027083307713 -0.87123932122021
 0.629385425327024 0.386231607789428 -0.67431382273413
 0.322743795919257 0.208814429541856 -0.923164652817004
 -0.293972711910408 0.00885945158381204 -0.955772752682182
 -0.779630411723297 0.157701487428033 -0.60605829915871
 -0.0694196211634011 -0.697354268184711 -0.713356811730354
 -0.179858340460209 -0.0327560514804572 -0.983146997380508
 0.466867902722819 -0.884326890524122 0.000558661913545123
 -0.98989685674009 0.0490683283400758 -0.133028238242865
 -0.505443939479912 0.374451793778575 -0.777375249270926
 -0.0962374572199936 -0.962190355310083 0.254809874173053
 -0.0435837628097904 0.235272297269986 -0.970951801974044
 0.126536582159067 0.157204579616034 -0.979425961225885
 -0.962137322701318 0.267098137230371 0.0543171920592868
 -0.854038739168427 -0.0810138529883074 -0.513862420910104
 -0.251094278278766 -0.3575679165714 -0.899498109200044
 -0.192361970338476 -0.950594122039406 0.24365485324867
 -0.0173713487403518 0.163717904799505 -0.986354238542625
 0.495416751654689 -0.863427268121643 0.0951608892555777
 -0.553776580777511 -0.561970127187844 -0.614427436505604
 -0.152723615257497 0.365961257468843 -0.918012993031419
 0.132446735950636 0.276288086629223 -0.95190480370822
 0.447987245135321 0.272120660374421 -0.851620675179657
 -0.447112569944973 -0.252917616192594 -0.857976123919924
 0.132630742711241 0.522427803766231 -0.842305334151374
 -0.562688029482359 0.117056094211209 -0.81833981467681
 -0.994846102758539 -0.100882399334995 0.0101967313664928
 0.474878215361201 0.208807810066637 -0.854921036722419
 -0.0300077519864832 0.285241081526958 -0.957985939474087
 0.699854963586792 -0.0754192662631049 -0.710292168209157
 -0.489138907898686 0.385987444197672 -0.782148848814233
 -0.989231432742409 0.0437626904387361 -0.139663880083447
 -0.0554030299952301 -0.472669497407268 -0.87949647554047
 0.49205248229624 -0.789176397690008 -0.367539070025393
 -0.605936219674839 -0.201059609191993 -0.769685865296829
 -0.158704252914048 -0.966839606191278 -0.20008532181769
 0.214854999910954 0.23111827139162 -0.948905513548221
 -0.153453774564227 -0.553535273593022 -0.818566209881821
 -0.0284325368740543 0.101893903732036 -0.994388869220262
 0.141537547330285 -0.983178045206242 -0.115447191911108
 0.373203159743216 -0.853425565766868 -0.363846403380852
 -0.991596774622022 -0.129155452184251 0.00739633221834602
 -0.87052367907252 -0.298936316824759 0.39092915298976
 -0.00420083204776429 -0.165287286918796 -0.986236516152758
 -0.940629943433103 0.333392943766223 0.0637530749370602
 -0.918091027299486 0.328581339975125 0.221682585270754
 -0.505122711094798 -0.405365979319297 -0.761924845077747
 -0.20080965859759 0.52249546889924 -0.828657930628605
 0.346941078762625 -0.399749372311187 -0.848429329528299
 -0.941132909659105 -0.315323434275576 0.121819448994174
 -0.38166696927958 0.45812829948482 -0.802775675872212
 -0.929047430366729 0.307237406537014 0.206097181332952
 -0.960941161229103 -0.268385431056046 0.0675377305846402
 0.542649478546259 -0.529203017840315 -0.652284990891387
 -0.0875079826845118 -0.138318306798327 -0.986514266988031
 -0.458469138184671 0.376198807154703 -0.805158684252727
 -0.825414484533661 0.424755465776406 -0.371851748705179
 -0.884707891590631 -0.258337930582969 -0.388012190761282
 -0.991479718336156 -0.0622805868610718 0.114407589906866
 -0.886032750055549 0.0490998826201932 -0.461015365639459
 -0.0043275621085436 -0.273487987879689 -0.961865683290404
 -0.0979230578963425 -0.0659425154183417 -0.993006877817335
 -0.953195804404536 0.256530850162604 -0.160030251454035
 -0.42175376628935 -0.210749366284963 -0.881877806292479
 -0.941446119164953 -0.336817341951861 -0.015273600418082
 -0.967938365513682 0.0899020730565665 -0.23454836990871
 -0.475621345337826 -0.798267755569947 -0.369530683809012
 0.664966129237866 -0.0730829325917807 -0.743289265313441
 -0.290091867023264 -0.175488696078016 -0.940771186971516
 -0.55995029475181 -0.807108512982157 -0.187167079581566
 -0.938161142131812 0.342658381224556 -0.0493852728098185
 -0.280128049792538 -0.734160034800291 -0.618496013747433
 0.184436879294246 0.025691444368183 -0.982508517643728
 -0.254853967632813 -0.509451907012561 -0.821893064591178
 -0.307917301539639 0.380954545683557 -0.871814527027155
 -0.262270603636817 -0.74264615208573 -0.616190573816444
 -0.0878211807311953 -0.992598342004304 0.0838806990033255
 0.435582002338134 0.55040185160372 -0.712268292843573
 0.384471344140001 0.0485703859669801 -0.921858287993442
 -0.612882241150484 0.273648119883847 -0.741277319878597
 -0.0658580559582758 0.844554755166746 -0.531403784320958
 -0.968127772229688 0.221862553734312 -0.116213699227203
 2.25839989318909e-06 0.800782572296126 -0.598955150158758
 -0.970108675295492 0.237415122751091 -0.050231639486592
 0.0973904625980234 0.0421325864088746 -0.994354033007078
 -0.592627563417496 -0.00988422277988579 -0.805415962852662
 -0.983452930288539 -0.180627936260732 0.0139241713963759
 -0.326531113141278 -0.187159206607486 -0.926471188722442
 0.297289898773916 -0.518109773903295 -0.801985647173858
 -0.0098407665407646 -0.32766248738218 -0.944743591497933
 -0.80527490200365 0.368484076407583 -0.464490923094373
 0.501874426107804 -0.834687373210172 -0.22675768878357
 -0.0253332172979192 -0.201120692430442 -0.979238834594317
 -0.722416178192072 0.332006223234623 -0.606536670960496
 -0.94931585645052 -0.0261361707417634 0.313235223547056
 0.318809421066521 -0.519662091448443 -0.792661254099543
 -0.199487484682271 -0.975540986658576 -0.0923283640294408
 -0.499509366587181 0.245550982902917 -0.830779818897333
 -0.764965387558566 0.0596606544033134 -0.641302239317423
 -0.307046703176065 0.778529688932543 -0.547369934796667
 0.615627744432439 -0.0709399708706702 -0.784837563332628
 0.431625723163647 -0.132103859027138 -0.892327185248548
 -0.288648544743571 0.139122860908635 -0.947273375108799
 0.192206042063237 0.0264177867161361 -0.980998949000154
 -0.451545880864779 -0.318749319951116 -0.833369778972547
 0.324190457660409 -0.444272466024973 -0.835178138539333
 0.399523232943392 0.11460381100145 -0.909531281948237
 -0.250976586324364 -0.265565871979664 -0.930852040206525
 0.206802088522463 0.187030196633118 -0.960339836583969
 0.00993513512923044 -0.979106818816149 -0.203103743042034
 -0.0765798338683736 -0.628838757771425 -0.773755352659472
 -0.847115667950692 -0.448416639112226 0.28516234477881
 0.248273492543845 -0.286305767305778 -0.925413032384746
 -0.17233978098481 -0.870261038244928 -0.461459342957718
 -0.99222061950097 0.0410659134194656 -0.117523755012069
 0.574212013819815 -0.221909393811274 -0.78805887097558
 -0.132809744940188 -0.0605595235076737 -0.989289702646018
 0.31734121024673 0.257373159344028 -0.912717707250393
 0.266698354525312 0.60957322070647 -0.746520245064414
 -0.401287795670634 -0.0731210964430453 -0.913028701794621
 -0.581883590777881 0.51002689351018 -0.633469853015749
 -0.105851702302942 -0.928109892005314 0.35694179564945
 -0.860132678018116 0.0301585981584922 -0.509177999487899
 -0.737559827700837 -0.134325210009729 -0.661787154996041
 -0.987261792548171 -0.138616452864755 0.0781001406513815
 -0.270061767416447 -0.11576757640704 -0.9558579967928
 0.252763001664659 -0.0252715323847026 -0.967198125846199
 -0.919223022273455 -0.236380284857325 0.314886322747155
 -0.887589145467283 -0.404979016233244 -0.219493747654489
 0.172329025044896 0.0160033604689435 -0.984909437248307
 -0.26001020630449 0.0416644292256967 -0.964706570908892
 0.330082814712878 -0.206000010319307 -0.921199940935555
 -0.426987282226414 0.0960656416728242 -0.899140285665641
 0.460723775676534 0.531810217202207 -0.710571245833731
 -0.0958878861899481 -0.994291580529932 0.0467949374325237
 -0.0346951108198502 0.636164583957639 -0.770772905208274
 0.104889896298629 -0.955142512473004 -0.27694925622074
 -0.562307790983356 -0.466798177778285 -0.682575570484537
 -0.302085909992098 0.246300415371314 -0.920912703991081
 -0.237046374495057 -0.0177920857576919 -0.971335399346251
 -0.380480114232351 0.219742966546453 -0.898302794901086
 0.441112025341245 0.488601683311902 -0.75278720510123
 0.107572656240905 0.708053840781836 -0.69791681609155
 0.000542736884649826 0.237497504102567 -0.971387997136945
 0.115311257528598 0.620588784189519 -0.775611291063602
 0.291786545251714 0.677779298866249 -0.67488949765013
 -0.922446929451569 -0.0425523234498832 0.383772018409874
 0.44802163411025 0.37074605429233 -0.81352564716538
 -0.323999012688063 -0.893368064116568 -0.311316786880787
 -0.647925642038167 0.0416667406284006 -0.760563110540364
 0.143826975786689 -0.989149880766465 0.0299385105799162
 -0.892387391206814 -0.0955539579221345 -0.441037623270976
 -0.0223408562965799 0.0755672072205125 -0.996890406881733
 -0.635467987276199 0.406079883163209 -0.656718787333887
 -0.996083614439942 -0.0670776869694072 0.0576022304697994
 0.0231377430884496 -0.933349093009218 0.358223555093245
 -0.59545103357074 0.801102523778903 0.0606037376290443
 -0.37192530569072 0.182761793813779 -0.910093233525464
 0.309716399979519 -0.947454131429415 -0.0800401175727476
 -0.981259679543557 -0.187869279925395 0.0428319385784568
 -0.65834517614503 -0.0616170513180115 -0.750189954633786
 0.0365188889497184 0.20805357332743 -0.977435461488668
 0.145232440560727 -0.275447635086615 -0.950282136280571
 -0.331360426208723 -0.0857317203454176 -0.939601160104323
 -0.360420072463993 -0.633596606216473 -0.684582144052866
 -0.860645240343788 -0.0521820612051388 -0.506524237092329
 -0.93694567223787 -0.132615930784858 0.323335463840253
 -0.0327446814699493 -0.520165911603142 -0.853437291335166
 0.0085805608198721 -0.156611769756022 -0.987622968318327
 0.166161807526962 -0.983625088608692 -0.0697992749168368
 -0.995285740851688 0.0810529643490704 -0.0532607832042912
 -0.571558491758025 0.620786261233588 -0.536605356256268
 0.659588509201656 -0.366734992283082 -0.656085698643298
 -0.47764184125887 0.476442688892596 -0.738146757548679
 -0.402982600848944 0.244589232608401 -0.881919004617235
 -0.452631313803915 -0.0529529260125651 -0.890124082019383
 -0.743862694324037 -0.134406228856231 -0.654677980107496
 0.182970550092379 0.511993975756486 -0.839275846541504
 -0.806445457768121 0.158802277732822 -0.569585428388081
 -0.134467125233338 -0.952016653748009 -0.274923413368023
 -0.0725603469881728 0.361564069133434 -0.929519456470186
 0.37760845329454 -0.808638707088961 -0.451126697722491
 -0.995689851662649 -0.0846195427790472 -0.0379638285197501
 -0.240277840064557 0.176832526199818 -0.954461532620201
 -0.962326385707479 0.0128658330558935 -0.271592337356851
 -0.505711275150743 0.0714749812284011 -0.859736839529289
 -0.889442985800438 -0.230125608847549 -0.394884007226105
 -0.689230653836488 0.178566267015452 -0.702193131621418
 -0.451491820595999 0.166353806583656 -0.876630792848414
 0.296193703719665 -0.0600325124785805 -0.953239417629347
 -0.751805372249447 0.231128794921896 -0.617550129475189
 -0.104644892228027 0.0444987585523354 -0.993513616926253
 0.547738088308555 0.276011250750987 -0.789810595063757
 -0.892289575761872 0.430262984272617 -0.136722629259095
 -0.517313756603169 0.604651680342567 -0.605625975902642
 -0.0872308494630539 -0.996103405373895 -0.0129917167643104
 -0.926285283723435 -0.270629403277248 -0.262212317100467
 -0.0915398614981027 0.126005405149851 -0.987797090312545
 -0.263212424034375 0.415732749753773 -0.87056619542463
 -0.324530448523978 -0.0981119417960681 -0.940773104875894
 0.575746088070593 -0.16398585294785 -0.801015032383522
 -0.554579139353742 0.00482479244524448 -0.832116998727657
 -0.711241665499847 0.071325787591675 0.699319615970717
 -0.445286893143168 -0.271490177285959 -0.853236582919499
 -0.999402794758254 -0.0284492291474942 -0.0196136480621001
 -0.816966992882571 0.425430035637949 -0.389325336084748
 -0.0981252802229441 -0.0314089997264958 -0.994678291769429
 -0.458687362646031 -0.496407941476856 -0.737010894754982
 0.737004215617902 -0.343486818886262 -0.582101014784235
 0.220104843425853 -0.148683530041763 -0.964078350443988
 -0.957230949341756 -0.281818546927001 -0.0654768373566832
 -0.093060421614355 -0.602465390693517 -0.792701211646271
 0.154187423133825 0.350035345209921 -0.923959682914316
 0.20452929770841 0.305598951633942 -0.929933893961899
 -0.463436583501642 0.600482811635333 -0.651649388860951
 -0.317267275562313 0.0152534077044058 -0.948213483035688
 -0.519990787122926 -0.798140413715323 0.304272018597855
 -0.494932748663291 0.680711868778513 -0.540067519857161
 0.0798458739630168 0.122994976509189 -0.989190008120071
 -0.72085477098229 -0.0435476877610422 -0.69171670360252
 -0.339326903641678 -0.23969178936449 -0.909618105897305
 0.101363446099133 -0.380886739123392 -0.919048825555453
 -0.142000768093162 0.0369730505105627 0.989175806111783
 0.29066829683172 -0.522909808460484 -0.801297244119039
 -0.243678905189803 -0.152150202004751 -0.957847016592636
 -0.823309255936825 0.565399570627095 -0.0498517263838323
 -0.147425313255374 0.0197729016444946 -0.988875527744575
 0.557963649353913 -0.828889802325448 0.0402276223575763
 -0.0557093972620731 0.0455858761483061 -0.997405830618855
 -0.104762376253707 0.337338076311188 -0.935536138688583
 -0.853231408885146 -0.266305022072708 0.44841699132696
 -0.449726464351687 0.277270838251455 -0.849038862194815
 0.0946525044772888 -0.942376646717673 -0.320884962435655
 -0.71866094938537 -0.690906237883657 0.0785812336500956
 -0.286883769382436 0.684973626534268 0.669708021317811
 0.543389725594851 0.390761181738622 -0.742989437989658
 0.296907138985102 -0.385285816290477 -0.873728213224835
 -0.974094983555505 0.224881351236381 0.0238189184913922
 0.485506883037727 -0.0444622756049753 -0.873101467511663
 0.607920455648975 -0.68709388303869 -0.39791294964396
 0.452920055319778 0.674498271886451 -0.583022730870178
 -0.168566023452211 0.449829894268809 -0.877062461834744
 0.151275821072462 -0.128635405838408 -0.980085995371651
 -0.795386315619047 -0.227537178083062 -0.56177169874955
 0.314002696091341 -0.679479671548851 -0.663106087137823
 -0.28031488868059 -0.956896873296871 -0.0759732654205446
 -0.0576253775328689 -0.020992942715369 -0.998117534271562
 -0.267827878519796 0.0836239055161892 -0.959830854845689
 -0.769055777095035 0.141282944890376 -0.623371752006661
 0.267496186195204 0.271138831803272 -0.924623990744009
 -0.0274048910057513 -0.991275107748031 0.128928789291194
 -0.740325161666975 -0.107502888817138 0.663597606911551
 0.507441459208076 0.658943786023153 -0.555244317700102
 0.449208542370459 0.369649931548476 -0.813369911889796
 0.0443801037868531 -0.994547039803111 -0.0943747424194533
 -0.137279301682786 -0.120795226973496 -0.983139311832208
 -0.926228619854278 -0.375423446967411 -0.0340261550861619
 0.205117400297545 0.0185167092920689 -0.978562202198802
 0.158086403884807 -0.407483579509633 -0.899425272791902
 -0.549889189047689 -0.128478795284703 -0.825296964086665
 -0.212389212265384 -0.877182404915633 -0.430629598401824
 -0.451437143747178 -0.795268472162623 -0.404663517542065
 0.480086960343379 0.601852765347216 -0.6381925723104
 -0.398386461426678 -0.225876410310737 -0.888970232694585
 -0.23104805137065 -0.481983687924459 -0.845167748161608
 -0.698122247488391 0.104208761313317 -0.708354333386408
 -0.653771242187027 0.270790884566308 -0.706580115574326
 -0.239174964905159 0.491149880822075 -0.837596042690674
 0.0630848257695359 0.131525525332504 -0.989303462514731
 -0.311071049177956 0.381707484714843 -0.870364405565849
 -0.0959192419586238 0.63633951000523 -0.765422450042058
 0.642192104814069 -0.754581094786344 -0.13489504032958
 -0.665985459834171 0.401828409182674 -0.628488103994968
 0.199483112549801 -0.968734342924314 -0.147513594785165
 -0.557560521394108 -0.805863246349539 -0.199275420375202
 -0.934399202079914 -0.0779775153603835 -0.347588317195272
 -0.307157121075332 -0.661299204730953 -0.684352149697013
 -0.279263022074192 -0.109064964521386 -0.954000523069007
 -0.827170008913137 -0.231232914293521 0.512172935347005
 0.428760845415641 -0.903209514691764 0.0194090187472894
 -0.137992800250031 -0.406364884267211 -0.903230628307993
 0.205950946513673 -0.130344769713476 -0.96984248650926
 -0.433891590332541 0.378768699960507 -0.817479271767135
 -0.871547501056326 -0.484801801033964 0.0732950688429806
 -0.726909813521991 0.548949894163695 -0.412621057028227
 0.068397203549921 0.403691980777137 -0.912334701303629
 -0.0534292486608636 0.120191956750555 -0.991311862594213
 -0.788400088852979 0.525858669854999 0.319214597465319
 0.25643154490246 0.416291294786887 -0.872321282936278
 -0.84633639677356 -0.48502965732997 0.220138445090174
 0.28154823054013 -0.900391666709325 -0.331700829664512
 -0.02866172844433 -0.297288107743515 -0.954357525415326
 -0.771967523907898 0.374970661907192 0.513286610716071
 0.00722445207269559 0.309564670154277 -0.950850946407755
 -0.441845981930958 -0.0871980216770437 -0.892843005946217
 -0.293677823151889 0.10075402692954 -0.950579803197106
 0.366542278176162 -0.928925994339377 -0.0523760952155599
 -0.270900913520646 -0.902042257859257 0.336054251706257
 -0.160103223627511 0.981092955280144 -0.108736244572598
 0.105239500211309 -0.0229313117043173 -0.994182479496995
 -0.0752500893020914 -0.995850040332013 0.051187119773981
 0.287654312054355 0.571537489287992 -0.768504974020933
 -0.824162870169606 -0.21559842779862 0.523710684791289
 -0.753843308834479 -0.598163144950567 0.271884383053406
 0.139535836406664 -0.935268864867938 0.325272041170053
 -0.988608024395273 -0.0792672226909465 0.127948745629407
 0.247713766997078 -0.919923985768005 0.303937082385195
 -0.989117533551832 0.0147039500578851 -0.146390910486394
 0.886917316683719 -0.0647067748336218 -0.457373705690635
 -0.307945451191343 0.106283071249023 -0.945448839364899
 -0.288653214454525 -0.432812363775118 -0.854021533422001
 -0.767352301585949 -0.618200942936983 0.170288107049705
 -0.903057052777702 0.420428824785661 -0.0879065567395268
 -0.867563213955675 -0.32187058812867 -0.379121872606426
 -0.0585162147164042 -0.923442089755715 0.379249996022231
 -0.000768602959225541 -0.996455249465189 0.0841210143944972
 0.00971958221199839 0.183089314839531 -0.983048235089823
 -0.315614582202111 -0.367908651797575 -0.874660310882961
 -0.10481537642772 -0.879009582912745 -0.465140720655456
 0.559579838005317 -0.597502148028176 -0.574335779835855
 -0.215091758104772 0.149805918794513 -0.965035606746989
 0.036472480431193 0.236459483590861 -0.970956575131524
 0.441162395368748 0.314016784667228 -0.840695664232762
 -0.517756846065278 0.457998657086629 0.722609907529215
 -0.214868179943149 -0.335061270575299 -0.917368851775765
 -0.107568383953445 -0.458201892184045 -0.882315175417835
 0.165701935131152 0.0338580298296427 -0.985594491923452
 -0.823655625594394 0.362240315778091 -0.436317962100687
 -0.942109932064465 -0.246322883802337 -0.227494863284405
 -0.38333261713963 0.798154740641328 -0.464763503976653
 -0.119973763477621 -0.956517029287241 -0.265859866772942
 -0.483525771010576 -0.411363941022082 -0.772646450063293
 -0.189841557717038 -0.592197620415623 -0.783110567760161
 -0.781844932409755 0.517215636860296 -0.348147219797005
 0.0913739772857427 0.0819673597398867 -0.992437478238431
 0.697984873621479 -0.603795114021821 -0.385030617586426
 -0.192731766320936 -0.112220236513094 -0.974813358939935
 0.287053927019321 -0.825073904841062 -0.486675553662919
 -0.0780221868072949 0.12029490656807 -0.989667456178886
 0.129414516909632 0.252556232046695 -0.958888540168993
 0.314543936322038 0.0604061404737476 -0.947318959124172
 0.173464831444996 -0.9289904410465 -0.326935334119743
 0.00986961964099696 0.0217507010158407 -0.999714708111
 -0.993707513284189 0.107741830878585 -0.0306116958282771
 0.223042124677098 -0.963354914625211 -0.148995030410342
 0.0115697932120445 -0.548419590674065 -0.83612325194909
 -0.298219086819767 0.00206414070057625 -0.954495215063728
 -0.923977863780186 0.131150982317055 -0.359255239462801
 -0.313438618542898 -0.941209956332157 -0.126016072415935
 -0.930210710792493 0.0116344066954373 -0.366841483624426
 -0.50574509080737 -0.114557177015864 -0.855043014308871
 -0.255062750252826 -0.966460525626024 0.0299507235327189
 0.155054211935306 0.757644199282886 -0.633982222664103
 0.273746406406377 0.686668866049257 -0.673460298293985
 -0.127775821606269 -0.0726653966725276 -0.98913754328671
 -0.922170564473264 0.0965672436472386 -0.37453466791932
 -0.668538522163736 -0.337137270408697 -0.662868542989107
 -0.297976788022858 0.387859245793216 -0.872224190935048
 -0.306203384197202 0.175517591808372 -0.935645799687024
 0.517910016745651 -0.836435173627962 0.179291424425379
 -0.830443837364075 -0.543346724156055 -0.123034021038545
 0.362735911164065 0.606754749625362 -0.707298616256981
 -0.491101392892613 -0.0411946210399723 -0.870127821125327
 -0.38544628721129 0.254682808754535 -0.886886591735343
 -0.2916645303166 -0.384983521931839 -0.87562519926973
 0.320813838558125 -0.0769338219243535 -0.94401253595157
 -0.980004544027067 -0.102389734469922 -0.170609014889245
 -0.803585524484754 0.121177588006539 0.582723173559693
 -0.376378050912058 0.0352136739341472 -0.925796716325836
 -0.261923795253507 0.29698031845315 -0.918258469022456
 -0.839735319397128 -0.542146249418702 -0.0303650720110991
 -0.669816138263539 -0.714543530536365 -0.201925441414264
 -0.327587972671402 -0.942929988089315 0.0597424281639474
 -0.472677075575099 0.683136889982014 -0.556686960303072
 0.495637370049579 0.621309174200133 -0.606892500748762
 -0.874768202140429 -0.465455436735088 0.134654479828004
 -0.380702597041062 -0.00790944032786062 -0.924663708252839
 0.37494175808816 0.230305304908233 -0.897985603767057
 -0.213184267568109 -0.225026829388407 -0.950744652426113
 -0.86246257275357 0.504062243341177 0.0456022525447256
 -0.23006363519285 0.660963466794522 -0.714281470657623
 -0.97969715792039 0.102251288258347 -0.172447536405186
 0.305567715555273 -0.945189098641414 0.115091003209475
 0.366952966497141 -0.0102125595789403 -0.930183435675886
 0.0164561319527251 -0.984383635368871 -0.175265667314279
 -0.353493937931858 -0.12341082006893 -0.927260376234929
 -0.644181875685158 0.644919542712023 0.411228032199735
 0.592418905844422 -0.805545653575269 0.0116636188248061
 0.466217247701852 0.589987003109051 -0.659209233936927
 0.521955940741361 -0.852532165758146 0.0274025960910062
 0.269570328921191 -0.960110650440278 -0.0742925075392303
 0.234394944933997 -0.627090010371859 -0.742843946385249
 -0.844256810136408 0.193014531514981 0.499975828578092
 0.358355411516641 0.612984530974454 -0.704152940647675
 -0.998508207562435 -0.0257254856106453 -0.048161798352523
 -0.225496531051028 -0.125153296237321 -0.966171810251617
 -0.505152257650031 -0.861182382751087 -0.05644555102253
 -0.825045697212066 0.392274147252443 -0.406719302356335
 -0.55077623515714 -0.35849612497054 -0.753741379497792
 -0.861199555463898 -0.369813103603167 0.348674051331868
 -0.799352406038125 0.598220572070093 -0.0562839063426617
 -0.116619170529945 -0.962082795808326 0.246569793516039
 -0.288218297106695 -0.251197751443322 -0.924029167766222
 -0.960725173557087 -0.276034524781225 -0.0284970528740951
 0.517968119376531 0.242713979330849 -0.82024322706556
 -0.882338844078842 -0.11411071545641 0.456570814712941
 -0.476616470331771 -0.411141700078314 -0.777045199885565
 -0.0357345859313388 -0.00943053183351057 -0.999316818850585
 -0.220849609769276 0.0132074033571604 -0.975218444432487
 -0.0676595799382168 -0.106820176387411 -0.99197360406371
 -0.57458717273946 -0.322452877885929 -0.752245785941241
 -0.915505951711161 -0.401887159323038 0.0183183938351634
 -0.620462523312262 0.544442808143411 -0.564453971397047
 -0.924476986174265 0.162909868372886 0.344677641892938
 -0.717613018550632 0.618671421424748 -0.319808111089967
 -0.999853363984583 -0.0105853969941852 0.0134610511918313
 -0.334178852143382 0.283215283275761 -0.898951388062315
 -0.127890612376335 0.338973665840888 -0.932062683048944
 -0.983143534141583 -0.125828616780928 -0.132649728513091
 -0.869745632556311 0.411957027032168 -0.271724019048814
 -0.0866367459643422 -0.0626657002329985 -0.994267109112545
 -0.0307907918077157 -0.138107931191386 -0.98993844580453
 -0.429875261737542 -0.22397745599465 -0.874666427017892
 -0.993047587681147 0.0417188251855956 0.110072831460758
 -0.915697825199919 0.0166782028407072 -0.401521270263658
 0.163162592812503 -0.784083051797603 0.598825296885878
 0.200401010157201 0.740960432248023 -0.640950132982899
 0.173021680278229 -0.0657670359733544 -0.982719794820974
 -0.812493979140167 0.432242038424329 0.391178161557825
 -0.13499650899638 -0.982080055361992 -0.131509343466448
 -0.35026834389242 0.202055402881731 -0.914595922488813
 -0.619751177014115 -0.0905000023617395 -0.779562844267314
 0.662247562345232 -0.748603669841454 0.0319485784927351
 -0.248337922780913 0.497957978484554 -0.83088274008577
 -0.947521807499417 0.180072416649728 0.264152132444477
 -0.721459197742532 0.280648913187665 0.633034606889137
 -0.0811537347763298 -0.223090537417384 -0.971413755022378
 -0.931211356728994 -0.223923188591967 0.287582709337251
 0.249745059377495 0.00645459527457161 -0.968290113300953
 0.386667924482449 0.742115498726023 -0.547496577822237
 -0.887453647859617 -0.0366790733027134 -0.459435162435695
 0.252426799433997 0.36361175743842 -0.896697942888268
 -0.8595629650776 0.0140175146056393 0.510837565524781
 -0.362788959176362 -0.842068593151634 -0.399129873007972
 -0.191445101418125 0.0571617381240285 -0.979837388977194
 -0.173504190307585 -0.267116885081141 -0.947916064665146
 0.553184192902193 0.0243415885309651 -0.832703269953312
 -0.0409204292400288 -0.997292191041502 0.0611048619870101
 -0.664716510542187 -0.358204587007054 0.655622936191012
 -0.191907811712569 -0.935836756091431 0.295602702545089
 -0.970377125122594 0.178703065918782 0.162583668521892
 -0.068588294330583 -0.950982236044298 -0.301543417452625
 -0.92361942910592 -0.282605139135735 -0.258962324503251
 0.0924811871835654 -0.994290937876521 0.0532236871491119
 -0.840643880022187 0.154023239500129 -0.519225104049417
 -0.996520654234891 0.0109867988350292 -0.0826188594367174
 -0.824830752832044 -0.45517549924705 -0.335364717982859
 -0.353811132160571 0.112941254559413 -0.928472916017372
 0.0573459649085983 0.0866665766820769 -0.994585514068505
 -0.154907198833852 0.118499797589606 -0.980796389532849
 -0.189185214667479 0.102799962571947 -0.97654550444228
 -0.914295179061396 0.261008918464924 -0.309739681065987
 -0.228381022178386 0.155699962337628 -0.961040909866389
 0.5420444678645 -0.826678348887646 -0.150965897930246
 -0.275581127711983 -0.715088291462697 -0.642420249884725
 0.035536183257713 -0.999222166871216 0.0170950552109609
 0.279190839662934 -0.441251034033092 -0.852848169378954
 -0.040231492822461 -0.0900616331037229 -0.995123273382734
 -0.423046390117671 -0.35298527961331 -0.834525700134346
 0.247231725546159 -0.941521466243519 -0.228940609080441
 0.519534021557497 -0.275556330691523 -0.80879732260939
 0.476061896207099 0.440875736808029 -0.760916326328775
 -0.416568827609669 -0.258350206343327 -0.87162238540911
 -0.781096188616802 0.594169458141402 0.191967182456425
 -0.556630080713174 -0.553853930547146 -0.619200110515754
 -0.915404987736918 0.160360079168366 0.369213154472437
 -0.931398836971543 -0.363980243295949 0.00381955210451373
 0.433312145933358 -0.860946019512607 -0.266481773620686
 0.516197899951022 -0.854095888379951 0.0637176705366492
 -0.0753633232617846 0.208559104372045 -0.975101773914124
 -0.181460967309543 0.101922971373953 -0.978102052573958
 -0.399968192090438 0.661126687732144 -0.634773146946396
 0.106420529787897 -0.979413770812426 -0.171532318770102
 -0.992114369065908 -0.083934060584327 -0.0930814276146559
 0.495781610486569 0.271354335493651 -0.824965101875311
 -0.833871393065208 -0.518803411142642 0.188418471531454
 -0.368017722275985 0.254704199865059 -0.894253166984549
 0.0139440946175914 -0.994096090654819 -0.107603553705733
 0.0607419074385616 0.190342047590105 -0.979836887241918
 0.0873719749196672 -0.955144683539105 0.282957190234883
 -0.105902888573533 -0.888462072340338 0.446564356173323
 0.531798102380102 -0.715213790820211 -0.453497532215454
 -0.981117066218695 -0.190559231016473 -0.0331131673029268
 0.0622247755831331 0.389678132287684 -0.918846576159704
 0.2538385928405 -0.740367136628672 0.622432704623573
 -0.634480922170189 0.527903599561347 0.564581038445536
 0.47899461052857 -0.847992022672335 -0.226878144757633
 -0.582154494711181 0.0563149610408539 -0.811125618785732
 -0.574871546841015 0.183535064095808 -0.797394246831495
 -0.255225560856322 -0.171213208212997 -0.951601781429075
 0.0347849312979642 -0.98094804047165 0.191130715609572
 -0.328819648312847 0.0789045227407196 -0.941090705072829
 -0.308303253040771 0.134638298359747 -0.941712075307135
 -0.0203147424436998 0.45097167167201 -0.892307045018025
 -0.453673430056888 0.262281054043831 -0.851697755985112
 -0.982999186541785 0.0611179805555246 0.173139226378669
 0.178940500483758 -0.824861838517611 -0.536267885150667
 0.257810648523193 0.421944589390291 -0.869192977992983
 0.0786178593861747 -0.305438292435848 -0.948960843080161
 -0.782188424043825 -0.28020232547756 -0.556478145203209
 -0.73757568838053 -0.39171342661147 -0.550038812559884
 -0.73377178972888 -0.633437515604778 0.245633618266154
 -0.938425458412901 -0.330890122820597 -0.0993447815554812
 -0.918690923050305 0.316048655528742 -0.236897098427681
 0.535881350950414 0.109140299366747 -0.837209396004187
 0.497845129158471 -0.736920278097949 0.457273147146459
 -0.233249904748626 -0.926780636225628 -0.294401314963057
 -0.534383102803962 -0.834053632571542 -0.137073839341522
 -0.903513104493519 0.409256549519459 -0.127173687073666
 -0.279809783736553 0.551473062116936 -0.785865094456214
 -0.0854195916104549 -0.22930216062459 -0.969599923938734
 -0.595286434222327 -0.797327028203034 -0.0995171911168414
 -0.976043082390872 -0.0969214646916861 -0.194797666821101
 -0.0312178844483774 -0.116767152703221 -0.99266856288499
 0.161485263952743 0.506653558734098 -0.846891186013992
 0.710549392527552 -0.611361438979456 -0.348362959724043
 -0.350106116674932 0.111004688161888 -0.930109491550796
 -0.023353232536737 -0.278251309843108 -0.960224367062553
 0.0353278771860129 0.332272481130985 -0.942521585628992
 -0.949580156953121 -0.144593856969406 -0.278190837461619
 -0.823905386596251 0.566661594185935 0.00863432755558139
 -0.691494885738641 0.654161508028328 -0.30644337880171
 -0.902468940135036 0.135393549909417 -0.40892346317431
 0.171163576841574 -0.51656396779913 -0.838966445773857
 -0.320370624518313 -0.820655650015843 -0.473166954724039
 -0.194959042803456 0.743803206426185 -0.639333842166427
 0.51845320652275 -0.816353543612953 -0.254505725823318
 -0.633248084811822 -0.0424369888643823 -0.772784552807756
 -0.337270126380861 0.519657297529184 -0.784987359755368
 0.0239468392296702 0.270086570408485 -0.962538203592923
 0.362123749793478 -0.931671541622436 0.0292323171572723
 -0.151081502715215 -0.421961380379681 -0.893936783562119
 -0.0856472446110091 0.481339105844111 -0.872340079714175
 -0.503495223122184 -0.293004663907156 -0.812798146664839
 -0.0365546893595413 0.122523441855081 -0.991792196421111
 0.281921965541529 -0.405436540984326 -0.869563808227933
 -0.639741217933604 -0.179349072919718 -0.747372118907086
 -0.131945478042557 0.0652727185066049 -0.989105587408583
 -0.978620488142898 -0.17636801103873 -0.105812404136745
 -0.842305712957101 -0.534440992026662 -0.0699565004941468
 -0.216720642136778 -0.340959408087191 -0.914756167133436
 -0.896730710265608 0.378369747331664 -0.229587385478192
 0.479082459364808 -0.712688374954586 0.512401480612184
 -0.96756442009022 -0.230786687026404 -0.102745306787479
 0.227054615020623 -0.954128830811896 -0.195152186796256
 -0.519137836359537 -0.618985476036322 -0.589366513568616
 -0.0323301952876743 -0.339001364986852 -0.940230202136537
 0.474243803072519 -0.261588781571903 -0.840633168869181
 -0.925170654395232 0.363770873342827 0.108305179715906
 0.20767459532813 -0.192325131180729 -0.959104950655356
 -0.973223190218136 -0.0849062022415588 -0.213606083346307
 0.227202247814253 -0.599790532818601 0.767222559189529
 -0.459244097581432 -0.745584419358512 -0.482906546286595
 0.0711082169216175 -0.582543601911585 -0.809683007947002
 -0.7041271763826 -0.647269319700943 -0.291971483630413
 0.255898264842228 -0.880460454910032 -0.399130887542367
 -0.547022076930976 -0.121832624695486 -0.828205082639518
 -0.644094427473447 -0.615064651721097 -0.454794286134794
 0.464555608210083 -0.771103460198618 -0.435416513869511
 -0.602979975401236 -0.0596659037053276 0.795521922513862
 0.26750034788851 0.767644771787383 -0.582378801320088
 -0.880890928362693 0.465373731376127 0.0863623903870979
 -0.160086205450948 -0.386729832398504 -0.908191853936899
 -0.884334090898613 0.356596447210114 -0.301317423179689
 0.127074854776606 -0.315822982822607 -0.94027008077708
 0.510050889416549 -0.834913113380751 0.206804698472373
 0.0063399584651494 -0.973403963997391 -0.229007702492355
 0.307130364549917 -0.905973359813128 0.291347233521014
 -0.22970081829469 -0.85263022667611 -0.469317835409006
 -0.669988927938444 0.234466692784009 -0.704372207298686
 0.397428082950422 -0.903172970178366 0.162263689165327
 -0.936939056390501 0.322718985319066 0.134155361893253
 -0.960616543102897 0.137635627906205 -0.241396543156494
 -0.211441802803016 0.206484358500145 -0.955330609643695
 0.089542447911494 -0.995651160144469 -0.0257083123714817
 -0.132580564323092 0.527617886512502 -0.839071963419021
 -0.484109454075253 0.122498343037652 -0.866390323369317
 -0.916035672667022 0.379663992273884 -0.129359573948483
 -0.5563113725832 0.121886268755483 -0.821986249412642
 -0.274555421474254 0.00195054774987686 -0.961569298544088
 -0.970793872183484 0.189426807417073 0.147230235898649
 0.0668305496921019 -0.582359313287935 -0.810179799707853
 -0.456644818962649 -0.141927834336723 -0.878255087747892
 -0.957898206788159 0.27525612419649 0.0816400117856233
 -0.280446430765603 -0.107245417101902 -0.953859643753458
 0.348075537269065 -0.0136349818784689 -0.937367328011824
 -0.0899073435444407 0.42134075348473 -0.902434839215387
 0.191132047084304 0.129465752521057 -0.972988776657532
 0.472033487691705 -0.0386462585725017 -0.880733133926476
 -0.205329271526346 -0.963004139918966 0.174536290648656
 -0.163642619901426 0.106406234545693 -0.980764398926472
 -0.69709288925746 0.163295985240719 -0.698137468519595
 -0.96336955829283 0.0877543353523959 0.253413241133009
 -0.667844681391906 -0.703836736844861 -0.242068852610412
 -0.728564137581795 0.0425007103417518 -0.683657799670377
 0.268251338832877 0.520611120589234 -0.810558622391491
 -0.234455908105421 -0.970384078112882 -0.0581821974445376
 0.121361361263784 -0.979405721651522 -0.161356290204203
 -0.476478151752236 -0.293020188715088 -0.828919622103463
 -0.0608629008452983 0.325709772199284 -0.943508797836346
 -0.0288686129150704 -0.988216274800131 -0.150316989753359
 -0.218466613540322 0.294384399202353 -0.930381730406661
 -0.981151466675458 0.122710439023238 -0.149278088128572
 -0.825499679337728 -0.547532166816444 -0.136962789525471
 -0.412797533366985 -0.489369457363897 -0.768189905326475
 0.138731623893901 -0.970794973436372 0.195731081033227
 -0.361131210719511 0.424151126034791 -0.83046978929259
 -0.198291718715739 -0.407076758616114 -0.891610288681864
 -0.771941055415373 -0.627976982288449 -0.0987517933006421
 -0.662880727601943 0.572023221820133 -0.483092718504877
 -0.592009122613056 0.350182003243648 -0.725877237104998
 -0.88651559483217 0.00639849561701848 -0.462654470823748
 0.193275525287579 -0.235269131701604 -0.952519294814117
 -0.761327923250135 -0.348679786954247 -0.546628026585883
 0.248983762831327 -0.479444685964506 -0.841510474650642
 -0.0318637297716617 -0.97658350820288 -0.212765961166712
 -0.1563462734713 0.31005466462201 -0.937774998449932
 -0.101658495949516 -0.373832288410245 -0.921908330770062
 0.117982932011437 -0.285263791052657 -0.951159606621439
 0.112100732329792 -0.775600279235116 0.621190496274319
 -0.234551118629755 -0.970404721256218 0.0574495405827812
 0.289744440667593 -0.838363839427603 -0.461729609016394
 -0.998769894279093 0.0434502000382819 -0.0238909689707589
 -0.999578466258125 0.00546732126060133 -0.0285131231415936
 -0.331664495006232 0.0938046303481956 -0.93872219217269
 -0.88420407762694 -0.335627279232358 0.324865323700417
 0.0604413226679199 -0.977130306022488 0.203870575529066
 0.0135636689958027 0.359032997699122 -0.933226303447644
 0.0898774533212368 -0.968030432714025 -0.23417754957294
 0.640079442621936 0.35400677427463 -0.681892594842079
 -0.957370202448993 -0.147827654992896 -0.248171875687145
 -0.415867441014552 0.472900220301361 -0.776800909591983
 0.0279357396050697 -0.172060690736229 -0.984690160992832
 -0.593641685198906 -0.0779329248861664 -0.800946945067456
 0.19604972616732 -0.516349929500621 -0.833634965182257
 -0.434277107373687 0.13958439208618 -0.889898641136773
 -0.289319560890842 -0.927064588415026 -0.238422818943173
 -0.979610068343137 0.119195735767534 0.161729683656371
 0.34491993294215 -0.0425327815604949 -0.937667959542134
 0.0982512711867522 -0.120110791670319 -0.987886676413098
 -0.10937757132378 -0.974370970559735 -0.196564896718086
 0.229009322915476 0.145408408741364 -0.962502532300617
 0.391266819607389 -0.249881417904968 -0.885702858107685
 -0.916800221538856 0.399299893950648 -0.00607852591555356
 -0.752958146981741 0.109501555133058 -0.648894011620746
 0.281973082826284 0.0603599865624804 -0.957521724340299
 0.0501912855051489 0.605011819617536 -0.794632954880692
 -0.432679884392138 0.164230122113246 -0.886462962922351
 -0.918046970922894 -0.0865722270832812 0.386904392165739
 -0.0697025130486693 -0.358531953080262 -0.930911595316737
 -0.202930026699793 -0.217087213151257 -0.954825924527525
 -0.961514017159551 -0.126053635595392 -0.244133725156701
 -0.58135758660438 0.70334187050699 -0.409064261075517
 -0.573463480561811 -0.802074619445006 -0.166781117948293
 0.204562555044348 -0.937895964056423 -0.28018801130741
 -0.294801784995995 -0.955413965706043 0.0166151044844169
 0.0325184070892698 -0.540068418530597 -0.840992661386672
 -0.602867709512225 0.522270785094079 -0.603144884637761
 -0.73943510981898 0.244245286414165 -0.627359512904248
 -0.915720730534556 -0.395981475524619 -0.0682218052429317
 0.319790277334456 0.897413980338488 -0.303944610768777
 0.173183576113567 -0.931112888297489 -0.320992582797211
 -0.0141435145414637 -0.0371623829291196 -0.999209146421031
 0.197726296380539 -0.102485724194883 -0.974885115311484
 -0.724958153874151 -0.163061480885712 -0.669213440228707
 -0.0151766831222413 -0.46266388644421 -0.886403856303517
 -0.893055401882703 -0.0190416259762005 0.449543619294398
 -0.966854644851792 -0.255082237604333 0.011186947183299
 -0.308258511037286 0.267807865074856 -0.912828372574562
 0.179187369797454 0.121285759668223 -0.976310222729831
 -0.760918347653331 -0.193862336039773 -0.61920970831353
 0.183626080168813 -0.278338562869161 -0.94276672995061
 0.192629860246329 0.175112336877712 -0.965520277578211
 0.601289033894879 0.442405897731749 -0.665378478288807
 0.408658154884645 -0.0877225158453408 -0.908462036994415
 -0.479590234935684 0.746349789852709 -0.461470690013085
 -0.639610127417612 -0.72560850599032 -0.253754174230341
 -0.9230494021876 0.379528356875935 -0.0627537046569198
 -0.511193960705764 0.502590645235896 -0.697196799949139
 -0.470679573270265 0.816954379354114 -0.333236074518135
 0.0422736873964587 -0.14969440165548 -0.98782818418332
 -0.2511668998625 -0.966214765554413 0.0578291901905204
 -0.276192923740075 0.565829336516335 -0.77688778521315
 -0.487269673191121 0.6637125185986 -0.56749798082788
 -0.998938221465814 -0.0417877066413748 0.0193963210009024
 0.2657828403752 -0.962349543941187 -0.0569459132711016
 -0.93082945438033 -0.0552416295415908 -0.361254604432395
 -0.931296116887175 0.214054405808995 -0.294734209118362
 -0.0312710495305496 -0.695726035649447 -0.717626229161646
 -0.819198487836211 0.51166044642744 -0.259070309160541
 0.118219598519472 0.250463454187962 -0.960880941970508
 0.382001372303168 -0.285658609588945 -0.878905063318108
 -0.3708832709868 -0.211098071672803 -0.904368953159138
 -0.0192835167893977 -0.830362400747264 -0.556889961667001
 0.00188875482828439 -0.999892595235277 0.0145337744189924
 0.344142863141074 -0.863029815768891 -0.369790787936879
 -0.393907796224391 -0.0326383556384607 -0.918570294433072
 -0.299289631938804 0.512030903504974 -0.805139782938227
 -0.228215748105997 -0.158406227421616 -0.960637829481263
 0.0377450579382968 -0.490795613949988 -0.870456762814035
 0.272129193734543 0.432596568155248 -0.859538196439047
 0.544820244256277 -0.828866484248452 -0.127087579008105
 -0.326398123400482 0.0736920431584985 -0.942355425418547
 -0.00309078448527854 -0.0267902641551939 -0.999636298259402
 -0.152803346629951 -0.0262671161159866 -0.987907473334237
 0.628759191799461 -0.776888832604229 0.0332508722070182
 -0.453735500545442 -0.013356407797589 -0.891036307854804
 0.0749002401362008 0.306878657672516 -0.9487968399466
 -0.311496323781035 0.083087443499396 -0.94660790034926
 -0.361502411284106 0.268074762843823 -0.893001639506897
 -0.784500051454337 0.157053423973285 -0.599911569555388
 -0.795873870855574 -0.438116760321085 -0.417897698025632
 0.510002297769475 -0.161590363634224 -0.844858692711636
 -0.00208308627884331 -0.135777164066425 -0.990737211610442
 -0.374361190005878 0.423328888684511 -0.825012940154589
 -0.0589862205768842 -0.255502694750291 -0.965007253214915
 0.101206961787653 0.34341930217697 -0.933713196746193
 -0.968169159459135 -0.244617100536181 0.0530184194168801
 -0.566279680506612 -0.71660121355784 -0.407197770343553
 -0.917912533415814 -0.0649730514214506 -0.391426983723844
 -0.963882150251554 -0.194708242495998 0.181713787948411
 -0.977898728468205 -0.208589734985927 -0.0142968289759866
 -0.996439053884171 -0.055368298021257 0.0635890200321332
 -0.205410240280442 0.471018534876714 -0.857874217464614
 0.408961879925485 -0.44125314992881 -0.798777715291129
 0.307415752756289 -0.799813243169321 -0.515552452237652
 0.326668992571004 0.153458174752468 -0.93259742541693
 -0.962626708858878 0.181073732504629 0.201400404141519
 -0.964322718131517 0.209270941704091 -0.162133797382675
 -0.142002753622503 -0.499759748087389 -0.854444505017884
 -0.0103196953593352 -0.928816313557323 -0.370396759647646
 0.0637141670173398 -0.952559164315284 0.297609716575677
 -0.802136270629864 0.305134024305943 0.513293902701828
 -0.431990627418562 -0.851502097862507 -0.297200732095777
 -0.975845352115914 0.0937384342950533 0.197329558580764
 -0.953560500178986 -0.300637722440635 -0.0184209756557488
 -0.899873253484247 0.421409393085277 -0.112437765377895
 0.0673476061122606 -0.997111459983002 0.0351146169210682
 -0.422162456802862 -0.0668587784568661 -0.9040513059608
 0.42997631789936 -0.718190361551089 -0.54710416797976
 -0.943261852803547 -0.21770905827158 -0.250718653059803
 -0.781523436485687 0.278935519709465 0.558046677320108
 -0.305919372075086 -0.161389889473925 -0.938278552118069
 -0.827147173924078 -0.257516772698486 0.499512426720665
 -0.489083771930383 -0.0299763933941198 -0.871721560977718
 0.261461141902835 -0.0208287525422836 -0.964989240531934
 -0.178455231239023 0.303695220084436 -0.935907550851735
 -0.799844901175058 -0.581746609632442 0.147712613697748
 -0.765212905254374 0.510382285758015 -0.392376263319514
 0.339210666988184 -0.110791702945018 -0.934163434287585
 -0.0185349273481652 0.112135692760495 -0.993520026409796
 -0.0886302062604054 0.86523807263572 -0.493465058742625
 0.190339827911337 -0.957702373848946 -0.215816850673843
 -0.240637655435513 -0.579758704356565 -0.778442909601787
 -0.477757471544792 0.778246467339131 -0.407529427719386
 -0.612247768044026 -0.224170489367682 -0.758221776409622
 -0.539346935765399 0.471195326108769 -0.697911059902138
 -0.48988406023957 -0.832228640463723 0.259632620283153
 -0.834413184162485 0.551037250824869 0.0106106691209385
 -0.143248430920871 0.82801749451313 -0.542094932478535
 0.273907589274503 -0.239446899419349 -0.931471854054802
 0.307475197167105 -0.942268939882527 -0.132620692426593
 -0.0161868633114216 -0.262700198490255 -0.964741722519203
 0.497315828131654 0.0706769003070617 -0.864685921507175
 -0.80507467171958 0.131997152005154 0.5783005488655
 -0.159600199043439 0.162121663122198 -0.973778384855501
 -0.549457703395463 0.104779799729867 -0.828925464531011
 0.239116213753583 0.261848641383709 -0.935018034759575
 0.0367572908670472 -0.68544693553087 -0.727194196992423
 -0.128609808518846 0.308809976506402 -0.94238841013823
 0.423138732538307 0.304010175427536 -0.853540524089158
 -0.839025553405805 -0.0219513717381155 -0.543649020978515
 0.103562174722613 -0.437831150207666 -0.893072650949829
 -0.49628473862025 -0.250877159393589 -0.831120995467708
 0.0200945923967211 0.578968047906252 -0.815102574440808
 -0.0639075230420749 -0.35352575909592 -0.93323917950024
 -0.561258575972057 0.201590813011756 -0.802714117857085
 -0.599606474343218 -0.799536375663812 0.0348376221357237
 -0.849120549143713 -0.316264854658669 0.423049447144906
 -0.150468092459782 0.174569249213744 -0.973080125365052
 -0.177242765982022 -0.982864219893701 0.0506253608361282
 -0.407964205821845 0.744512550705883 -0.528456496421012
 -0.593478385042492 -0.702498500131803 -0.392783991272458
 -0.212410754746102 0.243116555065147 -0.946454442602203
 -0.0270897604944183 0.242697561535023 -0.969723691832529
 0.218395056429558 -0.147730692672596 -0.964613519379448
 0.152306178325358 -0.300165625760361 -0.941649311132236
 0.548706789914045 -0.79661198700693 -0.253633989952244
 -0.855416781287821 -0.205023701129105 0.475633695470062
 -0.5017738923529 -0.840878429765921 -0.202845821518265
 -0.124101126285361 -0.511656499814802 -0.850180296555955
 -0.126263346337117 -0.96317617301861 0.237379921436036
 -0.43801927640844 -0.856342494021657 0.273526317613855
 -0.0426592050553184 -0.744753444090642 -0.665974849179138
 -0.126785129014365 0.123290634831956 -0.98423825897165
 -0.714349931051919 0.406301958850566 -0.569756872920645
 -0.397677466094646 -0.227357733968376 -0.888910059435321
 -0.0331911508305484 0.481743347535277 -0.875683558491336
 -0.782157673346326 -0.326871933434356 -0.530456513918293
 -0.809782275295687 -0.397266034513495 -0.431778142613614
 -0.0902915848329854 -0.0429301971213336 -0.994989662199297
 0.153865249675493 -0.944398588864981 0.29058009273199
 0.200053187234436 -0.929513265379354 0.309812542937105
 -0.839277931599991 -0.516321500719649 0.170366256705518
 -0.898495665048905 0.409846651174672 0.157261763977239
 -0.990874380441728 -0.103533422262399 0.0863063882853232
 -0.583008233654355 -0.686605862803571 -0.43436596166711
 0.368667712945075 -0.0847539331898748 -0.92568941240607
 0.28940652746347 -0.876473711903782 -0.384756668822181
 -0.330070528051877 -0.433032415156023 -0.838770751716878
 -0.408274349989622 0.0195432410435884 -0.912650051701124
 0.0462796385028252 0.304367094063296 -0.951429906567748
 -0.793992779064436 0.523027635982522 -0.309867001779905
 0.152602138503084 -0.322216986412016 -0.93428518183253
 -0.983115690612328 -0.134397671097352 0.12418053339978
 -0.110911068954068 0.430363475020895 -0.895815837184968
 0.30779490703642 -0.232945330239481 -0.922495944881093
 -0.948104212866033 0.104439797176551 0.30031771561365
 -0.86077179824681 0.490534903983632 0.135821277113426
 -0.970162306329014 -0.108217461515366 -0.216965620321605
 -0.836639536188553 -0.208349819872963 0.506581325203671
 0.555815328595697 0.270080623967495 -0.786209753854139
 -0.567208875899225 -0.175451473933506 -0.804668174712843
 -0.899293511697447 -0.193860325292906 0.392032338074557
 0.276942003283859 -0.443819459689759 -0.852248446180932
 -0.802831649226151 0.343497295236467 0.487309912854283
 -0.388171106713421 -0.911736458825426 0.134386835521009
 -0.307131855108227 0.122725526622543 -0.94372054586779
 0.512772380127921 0.825407899338652 -0.236148863828095
 0.106339644694567 -0.870231420900731 0.48102926526702
 0.241865223100899 -0.807164343041627 0.53850435204976
 0.481481136811675 -0.0641860906673987 -0.874103003460905
 -0.43003111215589 -0.550633577326199 -0.715455034295602
 -0.207981165275187 -0.937715010647363 -0.278270360795742
 -0.238491928081165 -0.96527165258582 -0.106640690894091
 -0.379197731164124 0.410712296313256 -0.829170965686253
 0.414486855416088 0.24500423488098 -0.876455116693187
 -0.0564760252857098 -0.939060636534905 0.339080491150091
 0.228948061130827 -0.973438062254619 -0.00106031052380109
 -0.995756946449812 -0.0799734154323523 0.0455231415988599
 -0.94577274997921 0.290407224037917 -0.145525082454379
 0.495424925999042 0.124654789846826 -0.859660006087923
 0.422937429093015 -0.899415916052338 -0.110340115207142
 -0.321061948231494 -0.307398737751383 -0.895781916219933
 -0.630083810443466 0.269843997589368 -0.728133647610129
 0.179331750213431 -0.895922538882461 -0.406402420868519
 0.375896646399517 0.835931186807809 -0.399900940418605
 0.234849510883373 0.00352548620789258 -0.972025348529985
 -0.196545441733424 -0.238192616629194 -0.951122582382077
 -0.694871105069201 0.339382870203005 -0.634013733883327
 0.271606040184011 -0.793455207449602 0.544664109985843
 -0.125007782144025 0.059618575983536 -0.990362903082061
 -0.461228774853608 -0.451875747214752 -0.763594346709134
 0.00181922742072693 0.646067453420001 -0.763278151163117
 -0.57865940277972 0.032381331005239 -0.814926220572726
 0.355135194111253 -0.81680557218306 -0.454651131258097
 0.847452939653395 0.0684785814415534 -0.526435370161022
 0.0271816571694696 -0.162866172280384 -0.986273677758997
 -0.0244971903675886 -0.0363812288833176 -0.999037683898377
 -0.411640343281395 -0.123219016477633 -0.902978018426507
 -0.975253737576834 0.215006478665507 0.0515010822631325
 -0.5681035151982 -0.0333943930619568 -0.822279277697956
 0.0102974941073081 0.28833404314547 -0.957474512025514
 -0.775018201599671 0.0439898842143449 -0.630405962278293
 -0.839460928622673 -0.0746447631909335 -0.538268992831771
 -0.113167805655888 0.0472119398084611 -0.992453565917597
 -0.973646561836791 -0.106524101991033 -0.201655618117622
 -4.76269559979029e-05 -0.0124667433790551 -0.999922286000864
 -0.306514217152138 -0.0681573562475032 -0.949422776992928
 -0.652699377087157 0.390644544876758 -0.649138169196718
 -0.987510973395034 -0.027674604624904 0.155100592143445
 -0.957106363670305 0.289448432490043 -0.0129233722713125
 0.544539024811747 -0.174951824755317 -0.820285992487898
 0.346905640444492 0.181208848821833 -0.920228140048142
 -0.0592571631276417 -0.995437899973208 -0.0747795153433959
 -0.00958648490827721 -0.745228308837289 -0.666740479508045
 -0.292280113569795 0.115440135605761 -0.94933972333562
 -0.307145476397135 0.0759115533187378 -0.948630113585645
 -0.91403865346998 -0.364296682182938 -0.178385165620044
 0.342083602786342 -0.0257556213435343 -0.939316483765682
 -0.0685686517578968 0.252868271937099 -0.96506786136709
 -0.917118790235867 -0.359421609047415 0.172363660746886
 0.160734243526188 -0.948714467287292 0.272223001448911
 -0.992138036588658 0.119123478502568 -0.0383629146892081
 -0.117375824966989 -0.184332260502238 -0.97583017654275
 -0.528676129124169 0.582424582776645 -0.617481300017851
 -0.430353645202491 0.405068861076003 -0.806669051003891
 -0.272169846617542 0.552583180624854 -0.787766083988581
 0.156761383298139 0.310939920638377 -0.937412520963879
 -0.144645760255678 0.55828203877024 -0.816944777342141
 -0.156978534350021 0.572425476149961 -0.804789919176309
 0.159697265841359 0.385526847378058 -0.908771606749204
 -0.0560885548934559 -0.948006220418227 0.313270298717119
 0.0842878910139221 -0.993571733322323 -0.0755695849618064
 -0.181343246716303 0.564075266292357 -0.805564225141358
 0.0658647113202401 -0.467929532157947 -0.881308001062708
 0.0460537627977067 -0.288221577397802 -0.956455630572844
 0.289165796246844 -0.950515667921621 -0.113591845290246
 -0.933667757034001 0.0383688745138069 -0.356079132979794
 -0.664267870202855 -0.129337654700953 -0.73622005385117
 -0.918686099672015 0.0317933504704014 0.393706785736907
 -0.402830496989901 -0.0817236541835151 -0.911618799192822
 0.0797443963442056 0.502923496631123 -0.86064440263562
 -0.330480419447388 -0.910573616666412 0.248270781593263
 -0.162187074223453 -0.980757188099199 0.1086770028414
 -0.588928529978945 0.416712285466653 -0.692469535588388
 -0.272274995587417 -0.952949152229863 0.133245037589616
 -0.253046585694417 0.631795366747735 -0.732667755551241
 -0.441932860358971 0.105976280383543 -0.890766172983127
 0.100557874916366 -0.960185819943431 0.260636346221829
 0.412594722132146 0.166424662962659 -0.895582730308296
 0.171985836133694 -0.982794972298279 0.0673417745134422
 -0.506271024478743 0.025907788344519 -0.861985171726486
 0.569872102836362 0.437296438791143 -0.695713742159408
 -0.858367086744532 -0.292100963242793 0.421761747514325
 -0.973298647996419 0.225703261784065 -0.0418064519946002
 0.181852201257116 0.241479169632143 -0.953214345009407
 -0.11186678249661 0.130068165600245 -0.985174144642075
 0.857519399081385 -0.17101266644983 -0.485195989382455
 0.57689615642895 0.154926103321427 -0.80199047825217
 -0.314438215147768 -0.0670953128399412 -0.946903811297429
 0.172861488937075 -0.827714917296384 0.533860394979341
 0.412139855922273 -0.891315093622992 0.188939522176288
 -0.433376128580413 0.246807410634611 -0.866759039890841
 -0.979878964355741 0.133459512904513 0.148410827194012
 0.188881846001155 -0.660920956284325 -0.726296866161083
 0.528211121912894 -0.811305584100491 -0.250551910579191
 0.108171181301296 -0.993546151836349 -0.0341326779943393
 -0.216755252779489 0.155550518430626 -0.96375370121648
 0.438996559873134 -0.744384550648891 -0.503163652477801
 -0.397754694076464 -0.18836384861574 -0.897947806876772
 -0.873725817485194 0.387035671633277 -0.29462957207858
 0.454432460881395 0.533699661191505 -0.71320110077127
 0.272539046974924 0.451247655004903 -0.849763509293366
 0.203982000498013 -0.958026678045859 0.201435418001017
 -0.0763369715089833 0.437141729576072 -0.896147183806364
 0.0456828426065685 -0.951148418266039 -0.305335494696236
 0.0597540597202293 -0.978260113459999 -0.19858651202985
 -0.397059041881834 -0.343319269809211 -0.851161557072187
 -0.0465145478921313 0.258686064363373 -0.964840876486159
 -0.222017057439888 0.432567578354618 -0.873838495582654
 -0.269681509019788 0.450317435925287 -0.85116748680532
 0.0109316076515359 0.570532542262269 -0.821202239508579
 -0.00444024394552455 -0.963635019162402 -0.267185018437753
 -0.643264126940575 0.59031439461329 -0.48758607291813
 -0.985908553752496 0.0493463373535398 -0.159841367072021
 0.346654882199091 -0.937186792925334 0.0388755426182297
 -0.14164329867309 -0.864900710632279 0.481543286412328
 -0.97248066767961 0.14575748747021 0.18175837212022
 -0.710997426230133 -0.386203913865683 -0.587647170340294
 0.563872702702791 -0.280319477638409 -0.7768323922206
 0.0240070094338936 0.0181407735313345 -0.99954718539633
 0.530942449431262 -0.592425293228603 -0.605914504971564
 -0.955404785807387 0.279912116728806 -0.0940792334404341
 0.0332614283501284 0.107610724920088 -0.993636557935688
 0.386753163101999 -0.848799943239907 0.360500550882421
 0.400574477107785 -0.733835770879028 -0.548657588727438
 -0.88933200361905 0.272663794779708 0.36707361980297
 0.00510952706595336 0.17643973657786 -0.984298182508481
 0.240185317080821 -0.965271993288658 -0.102766689308002
 -0.184761538152896 -0.518505380399108 -0.834874448355292
 -0.489960179614023 -0.754787638799123 -0.436158964952733
 0.573249577699155 0.335246732996745 -0.747659380789642
 0.0999778319641724 -0.909050482684749 -0.404514094990977
 -0.536101998985086 0.808560943977203 -0.242536278850997
 -0.177673949978129 -0.968211840779592 -0.176061917726021
 -0.312539363615358 -0.947377050834976 0.0692522183192085
 0.390521614602743 -0.888044071130829 0.242632636422743
 -0.03536288216483 -0.85020082450315 -0.525269478057844
 -0.145911744517656 -0.329983843150503 -0.932641638611229
 -0.841626440833388 -0.540056175633621 -0.00206427956249429
 -0.0952186206379577 0.42411475538389 -0.900588745515659
 -0.303878483754102 0.496655991068081 -0.813013341617153
 -0.0680791385318308 0.025603825010081 -0.997351329793878
 -0.77007184632923 0.066409491500965 -0.634491237866744
 -0.326677829556818 -0.94410467026588 -0.0441357820617366
 -0.685111666589113 -0.685774257730287 -0.245633205690849
 -0.815977850324447 0.234370603209505 -0.528441641178198
 -0.997934815307999 0.00170637976869678 0.0642120912622697
 -0.722534000810318 0.691186290055661 0.0143572320496009
 -0.655929951225809 0.241372494338291 -0.715188938716071
 0.00796380706725783 -0.94725549684196 0.320380401210321
 0.458502699076957 -0.876729781839582 0.145327783216645
 -0.816757953891344 0.397813610292074 -0.417912402569737
 -0.13778026223525 -0.977717229622529 0.15838440023447
 -0.403110463601724 -0.252362186259294 -0.879667710605109
 -0.366895687301476 -0.39125805817763 -0.843981449174476
 -0.552366195955688 0.121010268921546 -0.824771544356968
 -0.133245508317173 0.161058675108223 -0.977908859600772
 -0.667874731063824 -0.407867279061785 -0.622565359040447
 -0.540719100293836 -0.278181033552668 -0.793875410344088
 -0.00924938528535433 -0.421307567169888 -0.906870653796468
 0.265824756656283 -0.96396606696956 -0.010325719338859
 -0.149190277759938 0.228696767576226 -0.961997946734866
 -0.596445404736556 -0.380530299496648 -0.706717461460828
 0.23342619789899 0.532312564911049 -0.81372940426916
 -0.185856685326345 -0.952533513965091 0.241116563704819
 0.0500643571822654 -0.490937016704311 -0.86975537122193
 -0.177802243888897 -0.653463704228121 -0.735779552124505
 0.149473366104726 -0.136384632503852 -0.979314528046078
 -0.0744058620630417 -0.877403495514104 -0.473948176228464
 -0.957129990968395 0.283553473064415 -0.0591574872856196
 -0.213234061875599 -0.916191584987472 0.339299593949326
 -0.780236003040585 -0.288597245664717 0.554926490045295
 0.470215489684853 -0.862854223486131 -0.18541839788052
 -0.941422630965511 -0.107011295419751 -0.319799957095934
 -0.265850288163472 0.602033120909806 -0.752914168820721
 -0.960110563651254 0.016097669611563 0.279156892442848
 0.238808995379234 0.428739194165799 -0.871293846593687
 0.014316343721056 0.206768242252202 -0.978285201921401
 0.104097202830556 -0.938308885325165 -0.329757802155917
 -0.965583162536448 -0.0339665718659556 -0.257867074714449
 -0.577026837106654 -0.0807446202084511 -0.812724021772511
 -0.923740099064981 -0.125640531458774 -0.361826873289114
 0.15485613991036 -0.665665822757485 -0.730005882404151
 -0.247936899267482 -0.837110739032394 -0.487619631042748
 0.443157968143093 -0.882101270128405 -0.159713382373365
 0.119646703557874 -0.878174291427118 -0.463135595915725
 -0.056399209085592 -0.135750947911885 -0.989136395728893
 -0.250174895224203 0.778035494769208 -0.576258007040937
 -0.476416956283361 -0.817003360320303 0.324857496436561
 -0.604580976828385 -0.0375164866468227 -0.795659698418184
 -0.978006763695341 0.133420828597501 -0.160317349848733
 -0.916543340338595 -0.398588358604302 0.0327967325521769
 0.576729572473077 -0.714620680746424 -0.395853865567257
 -0.0219966685107624 -0.0461028180975002 -0.998694486185789
 -0.925692269627034 0.224613186928888 0.304372696230129
 -0.582934888322303 -0.109493258667694 -0.805107534608262
 -0.725531674338593 -0.490420226152309 -0.482795807057347
 -0.111378040299256 -0.0683455254462085 -0.991425146589786
 -0.643773431514416 -0.425650339019335 0.635906878221079
 0.527211947612581 0.788599923185335 -0.31647705042646
 -0.983931349226999 0.0855061771086233 0.156741167804143
 -0.956074751988207 0.139224083022887 -0.25794907116934
 -0.878873442517142 -0.112152100679594 -0.463684567730286
 -0.450702978310588 0.608943625692536 -0.652728493380207
 0.0535182587068495 0.421127063758421 -0.905421334051279
 -0.0109628731026666 0.536998460375305 -0.843511985076612
 0.532517372247486 0.199759665043585 -0.822509163764336
 0.158466220694771 -0.378180970023258 -0.912067766567257
 -0.971363039917086 -0.147336009519327 -0.186402642100264
 -0.131473527841909 -0.9912075617693 -0.0149090901185028
 0.388164205212438 -0.913878924989947 0.118969997272485
 -0.89378816275292 -0.398702070862493 -0.20537618852418
 -0.268160701184968 -0.613911644433307 -0.742430017691351
 0.484277596060213 0.571289077153408 -0.662649228686904
 0.158545565604619 -0.976115284455193 -0.148533683318192
 -0.0920587601142492 0.359932560504842 -0.928425407113924
 -0.930958295268776 0.360901066180826 -0.0553811601521515
 0.38508455579317 -0.885913937455982 -0.258585344346535
 -0.909429927772149 -0.415855785315454 0.00108272434682136
 -0.772212154565446 -0.554798362601776 0.309656527778409
 0.453645008561844 0.197753775931668 -0.868964700267906
 -0.993335570405538 0.0217069396408111 -0.113195641870762
 -0.331240630537949 -0.177018537636828 -0.926792361866314
 -0.987109446692508 0.137938838269734 -0.0811653691373753
 0.265628324722679 -0.963803185675991 0.022913148754228
 0.00332288230005173 -0.81134849138342 -0.58455332005136
 0.213799190475011 0.064106966400735 -0.97477187229173
 0.794581573559685 -0.563491490125082 0.226091714832786
 -0.13861989327068 -0.983268534545494 0.118184238214675
 -0.877436518994103 0.390880641601473 -0.278060207790922
 -0.613841029670906 0.772272038225591 -0.163692056213652
 -0.632100217264561 0.379975459124201 0.675328043100127
 -0.150175224844117 -0.168627753254943 -0.974172511763296
 -0.570894925682185 -0.318159647837855 -0.756870809529622
 -0.772468755547145 -0.578178600741655 -0.262681417972164
 0.116442675062179 -0.949334977315958 0.2918975920916
 -0.145680305506759 0.496006188431418 -0.856011162091473
 -0.784022339707563 -0.0634457901031915 -0.617481661717707
 -0.957066746807962 0.289709357184101 0.00957760483623447
 0.248969527018032 0.484248116651933 -0.838759760679703
 -0.760204964317992 0.473521236585864 -0.444821369460229
 0.0817078580760183 -0.237223089709894 -0.96801292947828
 0.512267103525634 -0.829304659077813 -0.223240222803351
 -0.703060059057605 -0.159360667465382 -0.693044537546401
 -0.117807235771802 -0.940023763758625 -0.320119944347235
 -0.732829448213852 -0.0730526895059437 -0.676479345129272
 -0.757543689974505 0.479397088113375 -0.443064317778161
 0.702906443255069 -0.420220517860145 -0.57387912350935
 0.0639675892173203 0.449150261386785 -0.891163391430498
 -0.464771623919288 -0.827888671668737 0.313986759150767
 0.368120966881678 0.121425283450427 -0.921814978334092
 -0.492972259289171 -0.36324190019258 -0.790590711756604
 -0.728961431427496 -0.67638822372736 -0.105423917087738
 -0.644828593649986 -0.642619101317857 0.413807655116252
 -0.760690881590462 -0.602180677186066 -0.242338223747012
 0.0713510833503167 -0.0622867537654975 -0.995504587237092
 -0.180079076774891 0.363155257425889 -0.914160699828996
 -0.605955996320079 -0.267854048651101 -0.749047087401689
 -0.974356724411527 0.00863572334879521 -0.224843051652218
 -0.124990326609293 -0.945942981095881 -0.299281297059372
 0.0680376716822725 -0.915325234211794 0.396926430018436
 -0.729788799107757 -0.535626127951725 -0.424868167497049
 -0.875771592516051 0.480599611141957 -0.045256286989765
 -0.763257005848908 0.149166459163799 -0.628639889350886
 0.0605378913358077 0.449046100918116 -0.891455418382126
 -0.22582272688489 -0.0130735454600971 -0.974080683737941
 0.0710183375459134 0.805760726996907 -0.587967725782318
 -0.30442376130849 0.156126767366988 -0.939654514203133
 -0.154642335848046 0.214869175837407 -0.964322033989898
 -0.832689042924497 -0.547650996474928 -0.0818983751578946
 -0.861218298909709 -0.508179669793933 -0.00751430843094932
 0.198062309951031 -0.792972325324619 -0.576165091485182
 -0.950113237613411 -0.311388188357928 0.0179508178902384
 -0.785262353423288 -0.612814094140892 -0.0884416322689563
 -0.00361289194022464 -0.119707420839212 -0.992802639202703
 0.54639483305287 0.464331575462613 -0.69702860374703
 -0.901468994717759 0.0207721075590044 -0.432344967716879
 0.528362601886054 0.424262577018117 -0.735414323133664
 -0.387257150600364 0.369043562837317 -0.844889784550166
 -0.925036104356678 0.372756871017437 -0.0732155772080683
 -0.993089544948598 0.108482518229105 0.0447738646138353
 -0.98385794517893 -0.172019707848811 -0.0493230556626688
 0.436903786653147 -0.872466335037611 -0.218900834704167
 -0.156342766849929 0.352310535518703 -0.92273193605523
 -0.815198871797904 0.0475403629234229 -0.577226743414175
 -0.893111673980787 -0.116834629458146 0.434397522044745
 0.198548798704678 -0.38360723666909 -0.901900139986703
 0.942390897920544 -0.281259608414678 -0.181086797395426
 0.100890822685487 0.153295180258047 -0.983016596811823
 0.380238136545413 0.14790288275363 -0.912986142715013
 -0.268479517883914 -0.0696919244159844 -0.960761044249827
 0.0555622606487918 -0.46403827831015 -0.884070874678353
 -0.488796928782751 -0.0206024213787897 -0.872154288326258
 0.329037014267101 -0.873141978878112 0.359663353655895
 0.0570778375601414 -0.972742306496005 -0.224754367281907
 -0.475464595925118 0.522189634237731 -0.707991104404872
 0.0455352043527502 -0.114198300390657 -0.992413872007258
 -0.995477426077486 -0.0949352251403141 -0.00346369711446817
 -0.19413157459188 0.12669523553834 -0.972759604958163
 0.254900628175655 0.0490989971902133 -0.965719917072529
 -0.974154189690006 0.123558956170109 -0.189094682790293
 -0.84603415027387 -0.233172102432312 -0.479434028013934
 0.109311662481609 0.524910438680477 -0.844108992849724
 -0.983329313917992 -0.0563861490601961 0.172870074286245
 -0.775380450728799 -0.0219117033790339 -0.631114121124408
 0.0942557201871705 -0.979750825961659 0.176647044242029
 -0.204260331131849 -0.957261950809347 0.204761506779449
 -0.084223845876118 -0.911295064285745 0.403047949497669
 -0.889277484674036 -0.250714226520394 0.382528341266501
 0.0630719697647803 -0.410375455653282 -0.909732879491201
 0.434597324654199 0.731550936734736 -0.525317420581064
 0.14427009560739 -0.717183702215421 -0.68178711984755
 -0.265139800696235 0.609319388154869 -0.747282255446587
 -0.618053819030502 -0.300210455534028 -0.726555682084906
 -0.286697400644444 -0.853699293560059 -0.434743736744735
 -0.522364367794064 0.451490208086792 -0.723389286111463
 -0.516974004325324 -0.37645171573669 -0.7687795422426
 0.245917784898746 -0.957736131774294 -0.149217776972139
 0.492475953413027 -0.374426836684882 -0.785666582769105
 -0.335890842572002 -0.28316009345416 -0.898330508972785
 0.89289893244268 -0.308642750078774 -0.327827926306674
 -0.0195512357522358 -0.991424740012176 -0.129208103741021
 0.779261948094205 0.0131361328144668 -0.626560658090743
 -0.379167215399313 -0.65488353441259 -0.653727603151041
 -0.483164130270123 0.227471034553954 -0.845463986021445
 -0.533662395369965 0.282942991853347 -0.796961549341665
 -0.308674619540551 0.275599100592008 -0.910365374453781
 -0.994721856564723 -0.00794202193670989 -0.102300304789323
 0.234031613052019 -0.643079042930638 0.72916290953098
 -0.635896478222016 0.33914493205391 -0.69326501718101
 -0.451468635732616 0.301339993448754 -0.839863250355697
 0.658378586328864 -0.19315407529751 -0.727481367637391
 -0.330852821338942 -0.335005764591088 -0.882217404216672
 0.219775093093756 -0.495729569068773 -0.840208963774203
 -0.328110021521369 0.288909719692466 -0.89937477596632
 0.485739083858801 -0.110519476769086 -0.867088800335179
 -0.340974140684661 0.30026379014555 -0.89083011383304
 -0.795280568550655 -0.513789394327841 -0.321790732560738
 0.407433753896215 0.44708500298735 -0.796311959152844
 -0.922049443145757 -0.216966327633099 -0.320547090250413
 0.270792914655611 -0.710860826068737 -0.649113305466151
 0.0501747562916034 -0.989187552646421 0.13780594878474
 -0.699657324205088 -0.649300801217484 0.29814107101255
 -0.999997884655167 0.00182971840571148 -0.000939582751332991
 -0.747123800871922 -0.183520064087042 -0.638847722268915
 0.261210417650754 -0.871144698967792 -0.41578363504476
 -0.929644039919768 -0.29410309733711 0.221957940111118
 -0.913250064751178 0.374067989622507 -0.161392250036192
 -0.0886552013324417 0.676292298030564 -0.731279004827325
 0.0728766425697292 -0.281162885252358 -0.956888931341738
 -0.943368816081502 -0.307381353513336 -0.124787741214009
 -0.835421424872994 -0.372340790406593 -0.404268943480167
 0.381964051175798 0.212189010957902 -0.899488347472095
 0.120502588323234 -0.0943573057637263 -0.988218510784134
 -0.972835522548715 0.219927107168559 0.0722711117932853
 -0.61781996535482 0.255903451376085 -0.743513223811639
 -0.843984856040315 0.192100652736259 -0.500786283750775
 -0.513050611992038 -0.430849369220659 -0.742393352998769
 -0.32410129432876 -0.26329042761028 -0.908645421351595
 -0.37686586391184 0.169542474217228 -0.910619278323429
 -0.261393027700453 -0.857151570263368 0.44380724494383
 -0.240273799036127 0.000892458850550544 -0.970704746570216
 -0.908443656444726 -0.0517670885288103 0.414789454555665
 -0.188743717636694 -0.0768565550593867 -0.979014238403652
 -0.996852413097978 -0.0776274008150211 -0.0161013398026933
 0.300393111240193 -0.103722340356048 -0.948159087300491
 -0.433588491697664 -0.0367173053519887 -0.900362626587218
 -0.332563589999533 0.45289420758209 -0.827217199618826
 -0.977030684922958 0.191389115356625 0.093708309353999
 -0.575706703430823 0.0706984576655859 -0.814594082785114
 -0.792330902150268 -0.34239075442838 0.504955753289046
 -0.0251471789954838 0.115555840243861 -0.992982611717901
 0.163764030671236 -0.0869597946088063 -0.98265931857379
 0.584924672318748 -0.121081245013695 -0.801999039786668
 -0.169919027310114 -0.403766720799507 -0.898943802099329
 -0.190339938727239 -0.00900302549776537 -0.98167695972616
 -0.351804769857017 0.243672635350367 -0.903801444282569
 -0.145132885819071 -0.187206399914062 -0.971540122323852
 -0.131672462608729 -0.587879189333203 -0.798160648829224
 -0.901480826225303 0.409497124625337 -0.140158570454061
 -0.94939730113407 -0.0368944868525196 0.311903128293438
 0.249739536605241 0.260752764789628 -0.932543918274504
 -0.345726644778051 -0.917936148634779 -0.194592687735333
 -0.24886899719748 -0.967984791639325 -0.0327057393876604
 -0.875788694774562 0.221098487007329 0.429079970574413
 0.189347078896649 0.625976576203127 -0.756505789639654
 -0.978341999564361 -0.0361128767652384 0.203820489696564
 -0.0478954247108745 -0.996425446706082 0.0695870494298372
 -0.964530514022227 0.135838217419512 0.226337946903093
 -0.894804740060495 0.0638015127580328 0.44187537172268
 0.100850240353965 -0.908734594171208 -0.405006995466791
 -0.420391029676032 -0.122515906515711 -0.899033500387254
 -0.381529789996985 -0.298089190206942 -0.874973059029035
 -0.781698690913299 0.209231380173571 -0.587511179617117
 -0.918472151113443 0.0330660541519303 0.394100930843693
 -0.247938561090621 -0.963094807497997 -0.104760974101568
 -0.179211567648132 0.0618748451000402 -0.98186288124409
 0.135492173201086 -0.102800201553146 -0.985430864932634
 -0.888554100765162 0.137970518629247 0.437533708418666
 0.560286290464136 -0.433092167930356 -0.706052722390702
 -0.467562161008259 0.187611453666458 -0.863821490845444
 -0.971281912001799 -0.237833045123565 0.00684763210033298
 -0.858276681092204 -0.461399263353889 0.224659427734159
 -0.998540732014486 0.0418236103291901 -0.0341641936390532
 -0.206513676765928 -0.975496726123826 0.0758830589151227
 -0.830406956274602 -0.355746009595509 -0.428799561132733
 -0.511630941950059 0.271387558544408 -0.815219339997893
 -0.356338182155 0.512127188483362 -0.781504218001795
 0.153980278645346 0.588396537998476 -0.793775527375157
 0.391346624626503 -0.869732383182781 -0.300688212334045
 0.168828443968486 0.169028217284751 -0.971043983694209
 -0.1360750143039 -0.989976334512222 -0.0378212584129575
 -0.993414163936319 0.0506874059133384 -0.102757412250799
 0.0599063868100967 0.291452833756346 -0.954707531401505
 -0.537757486579967 -0.163024531597167 -0.827187939784377
 -0.399023987663275 0.037865782559014 -0.91615830497818
 0.0914039323310558 0.814063058895448 -0.573538714731801
 -0.968109659945561 0.246200158915341 -0.046359120679225
 -0.981632329294856 0.177705014522264 -0.0694182821510115
 -0.964690795116045 0.25148580234126 0.0782723516904036
 -0.998241259014213 0.0587216455595523 -0.00813370422971894
 0.179674799216372 0.47670503291461 -0.860505245841324
 -0.438198135877364 -0.0520031346321903 -0.897372869938706
 -0.711065895031637 -0.0903832215335904 -0.697292023608521
 -0.810322787411319 0.015038558955174 -0.585790766354764
 0.209509821685207 -0.929985144578313 0.302048448897006
 0.143467070592126 -0.945653781358167 -0.29181522485764
 0.369583698243586 0.0454651908195105 -0.928084482370188
 -0.262689810895737 -0.477219924490091 -0.838603128375535
 -0.0338960148786366 0.457025547690932 -0.888807464490005
 -0.208792917302448 0.0577705522677005 -0.976252058115638
 -0.246732895976632 0.0592228137030167 -0.967272214208639
 -0.507307009576045 0.367445693338461 -0.779501931031623
 -0.973673387792436 -0.1851169420575 -0.133010720124661
 0.183527295430414 0.114631177918396 -0.97630805839194
 -0.994818689917948 0.0997953977989544 -0.0194075441023767
 -0.225005766639576 -0.732173043759344 -0.642880267990171
 -0.456471142729069 -0.884764834654582 -0.0939429785256394
 -0.0040160712126203 -0.999680186942511 0.0249678794975049
 0.308487768712891 0.656168324705387 -0.688678753997732
 -0.101230338960018 -0.198592710867439 -0.974840168265732
 -0.23291843660495 0.147901846008251 -0.961183669148024
 -0.280975594647907 -0.813732107884012 -0.508815066414997
 -0.606800010724603 -0.062246249702188 -0.792413497728701
 -0.229059544910757 0.20887945791772 -0.950737133462913
 -0.712519708773186 -0.667975909699884 -0.21476463552081
 -0.60401418039095 -0.0581147424156782 -0.794851902306718
 -0.958452215819796 0.0260736930330992 0.284058994791116
 -0.954046546993766 -0.288227892477964 0.0819748020246621
 -0.185726498627464 -0.914469010042319 -0.359516477202093
 0.180977198902308 -0.960609146593247 -0.210896469763884
 0.224223099466842 -0.840087454904022 -0.493940350425399
 -0.990864864577906 -0.0159357565081773 -0.133913672974493
 -0.202368886272501 -0.224266860879876 -0.953284432359993
 -0.96546853705179 -0.133561291083686 -0.223678084503456
 0.0911850417811819 -0.316030484992704 -0.944356935014849
 0.148620225579911 0.471543410637852 -0.869228876897563
 -0.293288333889306 0.333326312877966 -0.896033214980123
 -0.924240100645928 -0.378753571792209 0.0482282926574117
 0.451615085920249 -0.891620748682933 -0.0325000721127169
 -0.349971588248053 -0.246232135675965 -0.90381946359856
 -0.939636792042622 -0.288852487332258 0.183431021372665
 0.021618028933285 0.360521342082674 -0.932500414331247
 -0.891742037679491 -0.445987967614827 -0.0767520096025213
 -0.161828410367828 0.750646660887356 -0.640578766504545
 0.226441225084176 -0.967074403540904 0.116152785581673
 -0.281269996518154 -0.955440697688292 -0.0895559169434844
 0.770331790704019 0.503697674321956 -0.390995633112944
 -0.91552980967171 0.395411470659638 0.0738575417494041
 -0.145718299068365 0.653577902620851 -0.742699200566657
 0.0862125567716999 -0.983007574252395 0.162060186404029
 0.510503015681686 0.356121805922748 -0.782664634646427
 0.208906716262361 0.444894599252401 -0.870877017412059
 -0.95327331319248 0.204864684590536 0.222037049526993
 0.068399747325574 -0.988661154040173 0.133680952486702
 -0.60261081337612 -0.199578887190358 -0.772676177573782
 0.0379102848229935 -0.98231029607863 -0.18338291229707
 0.169388697807059 -0.969778954086601 -0.175602532060128
 -0.8885301334369 0.39998527468208 -0.224779852326908
 -0.0027702436678522 -0.941807621671075 -0.336140936977772
 -0.188818325158784 -0.142780442045744 -0.971576752219532
 0.170514021511081 -0.95631848502351 -0.237444569679865
 0.351714590610671 -0.688902588613738 -0.63380601934098
 -0.633064011274486 -0.0359179465561993 -0.773265710311949
 -0.190548698847648 0.696019442645979 -0.692277494091963
 -0.100929837002686 -0.0997832796849786 -0.989876994933169
 0.253626471022604 0.458823749488172 -0.851559968588375
 -0.350456314820201 -0.884311458866118 0.308502212505393
 0.132130086838672 -0.701580124183242 -0.70023351069699
 -0.826353053861305 0.260951815553567 -0.499043866141436
 0.389351021897545 -0.908746278636486 0.150286336077754
 0.19166222088839 -0.98117481287373 0.0236976721711619
 -0.204764762176057 0.22058721973157 -0.953631307509396
 0.471338558783239 -0.476109913259987 -0.742401046267923
 -0.271473329308359 0.869945110620076 -0.411701027424586
 0.139184129414874 0.598298940173431 -0.78909198215821
 -0.340613768694679 -0.564747875455802 -0.75169282139965
 -0.952563170995012 0.00274815317910298 -0.304328527939844
 -0.973850206801573 0.211720586533983 0.0824024753890302
 0.00867123418235222 -0.0937538145819533 -0.99555764873215
 -0.0704561238088427 -0.472983699648954 -0.878249596916629
 -0.47863537599549 -0.826456966887985 -0.296440649587683
 0.0589109547936519 -0.800057702380682 0.597023594396942
 -0.495082662481639 -0.15800527459807 -0.854357940508122
 -0.52461128106858 -0.00417153832796559 -0.851331663949815
 -0.871363585140267 -0.434923062996569 0.227084635687188
 -0.977895103137724 0.073682127986648 -0.195683702118032
 -0.222947507155409 -0.145959303679962 -0.963841424054004
 -0.0208141189902071 -0.181202272688492 -0.983225563552528
 -0.183528882467963 -0.980280123936061 -0.0732668268451834
 -0.629491481876763 0.224961115056105 -0.743729097828847
 0.0409032751747889 0.649204200632038 -0.759513546924406
 -0.203849698680532 -0.132185755339025 -0.970037229405814
 -0.0198399222259632 -0.997114733337917 0.073270635636132
 -0.105262992160375 -0.500167900264807 -0.859506703886676
 -0.127406998640612 -0.284098847772205 -0.95029221894736
 -0.475582649754941 -0.769868752143307 -0.425585770116174
 -0.0669898870058343 -0.908903726792849 -0.411590051460207
 -0.0988172806470656 0.522866103182663 -0.846667693483161
 -0.958004277530747 -0.27147775112608 0.0923451941159729
 -0.871693243065439 0.281644308885712 -0.401032883023758
 -0.190468745360884 -0.118413437247861 -0.974525481924304
 0.412784855897033 -0.39320447141219 -0.82158317071586
 -0.499669173278906 -0.614638710967099 0.610368718280579
 -0.460086539789346 0.0487631877975229 -0.886533996765206
 -0.955008762319735 0.168988514315384 0.243723503015214
 0.229927090382076 0.932105692273725 -0.279843726996611
 -0.940702076381958 0.0741415146828912 -0.331032686137184
 -0.963701353700321 0.0495795390627807 -0.262338655524668
 0.0486498813676693 -0.0379299148868365 -0.998095441628499
 -0.58471802719999 -0.158254141198318 -0.795650963338156
 0.587430049859434 0.0339488597985788 -0.808562558767421
 -0.44917831840498 -0.83837988780404 0.308800909973658
 0.0743021655285445 -0.626229074652374 -0.776090416290396
 -0.996937182090753 0.0592160399039865 0.0510853754321036
 -0.72147252069135 0.364269963333296 -0.588884365304792
 -0.972909684645514 0.198178448195764 0.119046411931171
 -0.93951169923971 -0.278691321257531 -0.199120351665629
 -0.669007486431291 -0.125907920404895 -0.732513603067001
 0.0236636196791512 -0.275914456671177 -0.960890860453741
 0.113109727496453 0.0487594963115789 -0.99238535915496
 -0.206492666406522 -0.974537879579765 0.0873882142196539
 -0.0812141657613102 -0.996544340876396 0.0174251527087685
 -0.0676479289949113 -0.996474032039744 0.0496312519805203
 0.457280222776872 -0.837440341749383 0.299313333929196
 -0.159825980604361 -0.982509594287561 -0.0955539274794483
 -0.598379920421962 0.255186759315296 -0.759487451315664
 -0.874351073990932 0.185500429628436 -0.448441512372091
 -0.591608298903792 0.572061433731267 -0.568106800439397
 -0.355848672792399 -0.918792937105599 -0.170854501833446
 -0.355303102794547 -0.454120868327394 -0.817027503878628
 -0.0745973452496315 0.181161522207895 -0.980620078803726
 -0.752957928865124 -0.626283965810782 0.202046409340681
 0.0798660711923964 0.369234775363463 -0.92589799186227
 -0.554168854728664 -0.832401330742378 -0.00221472956320155
 0.393476484003078 -0.50413907308868 -0.768778285022321
 -0.701844385600896 -0.270162715429288 -0.659110435050435
 -0.936176607515914 0.343037420549857 -0.0768029142838667
 0.360862553169206 -0.783925950620603 -0.505211165418764
 -0.130464333021217 -0.991145524434906 0.0246902248265425
 -0.944876952079157 0.225866646381575 0.237048103729902
 -0.901962522644921 0.385704201743232 -0.194154259550558
 -0.833084685764253 -0.553085760772964 -0.00812696593248426
 0.0632808666052742 0.539281691498844 -0.839744478478919
 -0.310757233771185 -0.936031970477547 -0.165148696339997
 -0.451423251408737 -0.884952222160144 0.114353017368968
 -0.0871357345819566 -0.924190624167427 0.371858916741128
 0.169791767692469 0.0237416808301489 -0.98519393431711
 -0.896017751412197 -0.138701575627761 0.42179860368736
 -0.993672053822604 -0.0868531322601469 0.0712206632134897
 0.0397176604492136 -0.859339028418914 0.509861688778907
 0.0277357103756949 0.136214503021449 -0.990291037794736
 -0.405309498635758 0.33879636070823 -0.849082585080209
 -0.666906354714615 -0.348523197428985 -0.658610275424807
 -0.717654593476471 0.644801725510923 -0.26306390714094
 -0.251690247471374 0.214696414940251 -0.943693524794783
 -0.243762922232726 -0.0317316151083913 -0.969315605129297
 -0.121045749420622 -0.986926838266917 -0.106411195161351
 0.295127443877355 -0.945362013005092 -0.138529622237911
 0.419471933387136 0.768979557973988 -0.482404121581262
 -0.998886040633659 -0.00852381761434499 -0.0464114464382426
 -0.248263768961869 -0.908842310668037 -0.335217474724143
 0.568455759809825 -0.815271735186548 -0.110408545615588
 -0.111124450354027 -0.974077833857264 -0.197037382548228
 0.214730769713547 0.670282370111684 -0.710360641403852
 0.0137631385253366 0.327072476772511 -0.944899026857276
 0.306966203658009 -0.916367201214004 -0.256988136595842
 -0.0329272752239399 -0.750421023550704 -0.660139441299671
 -0.123325037718288 -0.991718604707031 0.035848907231909
 0.541892495807995 0.176336581394036 -0.821740794319746
 -0.421292933316217 0.279907883354814 -0.862649315291936
 -0.103047197046636 -0.977683736712866 -0.18307317156809
 -0.540630987359645 0.354633144138651 -0.762858747465656
 -0.866668266140627 -0.445947663732291 0.223644355342386
 -0.842488930140809 0.301511299107612 -0.446434025473681
 -0.979426707758487 -0.179047103878339 -0.0930884456962892
 -0.247840438056584 0.426656983229771 -0.869792467158225
 0.158637059484472 -0.946333859915634 -0.281578601699948
 -0.966764801619032 0.253655067413189 0.032014451832332
 -0.895060162373232 -0.402917893011162 0.191113780831861
 0.262057130060939 -0.232849744165491 -0.936539938938158
 -0.7508055419043 -0.650796685310429 -0.112936763875848
 -0.498384387343231 -0.182143256270727 -0.847606534099171
 -0.99868770850783 -0.00665084502063623 0.0507801844806641
 -0.368630756483747 0.366231679603625 -0.85439201905737
 -0.983311687636908 -0.0769232832283822 -0.16486641093328
 -0.71051128215849 0.683399115491347 -0.167747926577778
 0.0913174833726697 -0.988216182321985 -0.122840930586853
 -0.278076368775124 -0.95708492267562 -0.0816209771801601
 0.278841296210096 -0.936073592198431 -0.214508185197209
 -0.0927231937806569 -0.292429415023981 -0.951781196790442
 -0.911527183281534 0.0492389451546107 -0.408281423063668
 -0.0397788626207392 0.132040847947948 -0.990445786785823
 0.0401928483651341 0.658680608883621 -0.751348381525508
 -0.882801216223213 -0.0142617342124924 -0.469530207305204
 0.216327907960692 -0.967796664084319 -0.128731710252814
 -0.717182762966583 -0.678238946663532 0.16012749836415
 -0.148228281417971 -0.970908968965545 0.188053584305477
 -0.473653886271297 -0.82271848425543 -0.314302866172973
 -0.147295417874858 -0.495101938322459 -0.856258214875872
 -0.248158596965352 0.597616195253991 -0.762412089307569
 -0.466820145307759 -0.737559064590766 -0.48794013790099
 -0.235947113242978 -0.9027417358912 -0.35970309705707
 -0.413085567432451 0.258671106228587 -0.873183584809912
 -0.396164007931963 0.1750633171189 -0.901336182463908
 0.545156741005957 -0.836633141017575 0.0533771026455203
 0.446404639049243 0.528419306012159 -0.722146754662058
 -0.580239701545537 0.366216943315248 -0.727466177343787
 0.189248479543342 0.811963067500544 -0.552178404146378
 -0.218049336451289 0.345438902216847 -0.912757608408921
 -0.229961744540444 -0.00493743770286186 -0.97318714426201
 0.531275709919567 0.0422526109329265 -0.846144690297594
 -0.320386840420468 0.223376465763268 -0.920573314314782
 -0.973529854190979 0.131019602716152 -0.187279167829723
 -0.0836884919634417 -0.859310666315658 -0.504560615852075
 0.595462058145991 0.635755344415267 -0.491161968556164
 -0.040300730753744 -0.909593824670753 -0.413539508658539
 0.120869858760138 -0.143871847760595 -0.982187033443863
 -0.6867540605069 -0.568276214271541 -0.453244972030017
 -0.522980512817017 0.0388252414376426 -0.851459913231949
 0.0692750914869175 -0.969026259844853 -0.237042336789391
 -0.580070477485305 -0.336912601101313 -0.741625336924999
 0.433312779132827 -0.893244342392634 0.119810601466386
 0.00478506158981792 -0.555116843902965 -0.831758614503507
 0.464237777260016 -0.885674651960538 -0.00798104249197487
 -0.1947643972806 -0.159648679550037 -0.967770183809077
 -0.907555205684835 -0.230108930114773 -0.351274008312301
 0.207825360069704 -0.977626401776397 -0.0324844310652464
 -0.0842213741751561 -0.93205160298518 -0.352401148557727
 0.103843415657873 -0.974335361031614 0.199717673899684
 -0.855882664364604 0.51532324183545 -0.0436671646016713
 -0.305279924395277 -0.951030216393714 -0.0484323782953057
 -0.648534298157401 0.253597468354426 -0.717698814376695
 -0.512941300865512 0.848703705790183 -0.128814757090971
 0.575555222497078 -0.77144063767544 -0.271321817035141
 0.100460898242946 -0.14115414112917 -0.98487720877595
 -0.939798834427552 -0.0518233524388138 0.337775799829734
 -0.937547834650824 -0.0690611478337496 0.340931980901523
 0.104079089332252 -0.350760329158269 -0.930663599080007
 -0.25916906472067 -0.0706173857502617 -0.96324689499713
 -0.744121215574379 0.199636126191594 -0.637517869280008
 -0.998692239312395 -0.0459563939032458 -0.0224013614899338
 -0.942198867044305 0.240078469718064 0.233716972679054
 0.209264618892449 0.819831097273785 -0.532996520835418
 0.308975420818596 -0.243575802495988 -0.919350323744114
 -0.966347275940822 0.214054889864609 -0.142665505315067
 -0.955280874551942 -0.157067322951837 -0.250536038876685
 0.526588861912297 -0.789187608503845 -0.316049187776038
 -0.297439603252962 0.0973711822829672 -0.949762357264983
 -0.00424620108476852 -0.999903734738017 -0.0132095054151568
 -0.184668002836734 -0.0362828321313681 -0.982130991681262
 -0.712382321492471 -0.391197516452648 -0.582645630848012
 0.180792520295348 -0.128582853157384 -0.975079747753569
 0.263205198139677 0.0405537290311178 -0.963887140039706
 -0.98128740263602 0.176583792644692 0.0767671648758072
 0.0851622639058372 -0.979906464591783 -0.180362716373605
 -0.273068923299257 -0.10593918140689 -0.956143426987302
 0.432684546910411 -0.901537556372719 0.00375730148378471
 -0.0276499038693444 -0.841311999200164 -0.539842201775518
 0.125731856082626 -0.991123562527382 -0.0431924086969901
 -0.931563750867574 -0.156271981528334 0.328280437825262
 0.39608809438526 -0.731078168241881 -0.555552817836747
 -0.121177991900238 -0.032845620687148 -0.992087223726171
 -0.87584866500323 0.0980252824795587 -0.47252530091717
 0.236850243031378 -0.530045266384243 -0.814219858490098
 -0.940501850163563 0.22016129125183 -0.258815138029524
 0.390036239734087 -0.316489823628814 -0.864699903569727
 -0.965828867479233 -0.237207994950637 -0.104436420253095
 -0.792502611180246 -0.477919515771188 -0.378856896093399
 -0.531754849891794 -0.457833840653275 -0.712478037534651
 0.0631826348014362 -0.917438616894511 -0.392828638072932
 0.524688487129757 0.141761118288414 -0.839407991869928
 -0.310801298665009 -0.480093812445321 -0.820312430723722
 -0.218482301979075 -0.314446924787278 -0.923790352414307
 -0.134219770477497 0.106871538337866 -0.985171826386781
 -0.964414129592229 -0.258724835868558 0.0544687612090667
 -0.23739303848966 -0.969682932899454 -0.057961667679253
 -0.644479384770321 0.581397485308108 -0.496611806830523
 0.142794461308799 -0.868365367439071 0.474922446776247
 0.110138315989949 -0.985962885082048 0.125486017514232
 -0.120728010118983 0.0332416852622834 -0.992128891794627
 -0.324659856600762 -0.269632246027209 -0.9065839340151
 -0.278230287821781 -0.21998831942639 -0.93498291227945
 -0.869178075925982 -0.0882547442748742 -0.48655993715326
 0.426142539374308 0.0290852223619447 -0.904188357575883
 0.118801526379991 0.576044056954125 -0.8087394152492
 0.118888386842608 -0.992588792690439 -0.0251602881402159
 0.0365619318511453 0.29482712181014 -0.954850874945644
 -0.113440348487425 -0.139915947303142 -0.983643642293954
 -0.743505264170585 -0.268562706043365 -0.612432849440078
 -0.478119149777116 0.222521689504067 -0.849638850522187
 -0.329821301091092 -0.133366113073152 -0.934575512856152
 -0.965586660629507 0.132827740165293 0.22360499157429
 -0.926113108292085 -0.13208914158908 -0.353365206725045
 0.0767415630518313 -0.985044948971697 -0.154263349521878
 0.00140584998067338 -0.185407613331449 -0.982660694494579
 -0.939972764855608 0.290087641881967 -0.179723012875547
 -0.417406313389805 -0.835156535296875 -0.358169695944887
 0.242727673238723 -0.929460084774856 -0.277825894139537
 0.117006899644233 0.125777128674385 -0.985134254474014
 -0.380669723331129 0.281147528770661 -0.880935087736407
 -0.170702651232594 0.737475601426954 -0.653444980210359
 0.046971029942697 0.386693922867613 -0.921011146709625
 0.385563581442681 -0.854681567853805 -0.347649453093277
 -0.0825118834265973 -0.224182415293181 -0.971047904980342
 -0.474747846980983 0.80115916400243 -0.364360365190629
 -0.345939353994397 -0.798426818021731 0.49278857497068
 0.0885047991424226 -0.981389876788813 -0.170413644598073
 0.23813292230061 -0.897609865996772 -0.3709302357342
 0.421817925478034 0.141909510540978 -0.895506185664526
 -0.074606437124344 -0.790923767409488 -0.607349548189833
 -0.184786983819923 -0.397857538834726 -0.898645174361444
 -0.799388453100837 0.203712232473219 -0.565225112136596
 0.227542450447509 -0.0173662240413774 -0.973613294643663
 -0.682123870434339 0.342542859232385 0.646042889421886
 -0.303690780303633 0.323103951875873 -0.896312303965958
 -0.959225671566391 0.0627856801178941 -0.275579515530706
 -0.99250106416018 -0.115767521687884 0.0392366991878277
 -0.2402457306886 0.252505896014906 -0.937295450412308
 -0.529955779371684 0.620330808331922 -0.578218436358453
 -0.35325027831678 -0.151241260423032 -0.923222791104493
 -0.397650402148509 -0.830136646990342 0.390828997126315
 -0.596635793221525 -0.474700470442884 -0.647058879552878
 -0.202859331849394 0.533326529132074 -0.821225246083894
 -0.57570362401675 0.180678464419765 -0.797446317810106
 -0.402371528253592 0.667202156113204 -0.626848016770222
 0.226161845825644 0.362609548691627 -0.904082482238425
 0.665240332542972 -0.535301321995397 -0.52048803504797
 -0.684149766028974 -0.711561184358134 0.160061796058116
 0.277151870920648 0.366458753974696 -0.888197512989367
 -0.890544850818889 -0.401135508655021 -0.214523127834834
 0.117939956972657 0.200995728304932 -0.97246639209407
 -0.976619373653787 -0.167917423463758 -0.134232402576196
 -0.0111634971432698 -0.9925880167693 0.121014070659243
 0.375461090420289 -0.925898521965748 -0.0417240530395956
 0.499150395590515 0.0751832842437379 -0.863247563768446
 -0.987216680036506 -0.150827288951854 0.0515204383243533
 -0.579644041004455 0.0930604822676111 -0.809538468738914
 -0.114963079079163 0.628060273674165 -0.769625742215638
 0.16041678652661 -0.126394646447026 -0.978923310556045
 -0.546305744795962 -0.176296724515115 -0.818822018590225
 -0.795445292624776 0.0263142525620808 -0.605453835195702
 -0.986260968145688 0.165159662488726 -0.00340420312860355
 -0.973649505904376 0.0746529153368667 -0.21548452817748
 0.29930563066306 -0.610349933592224 -0.733409229569246
 -0.953709012387758 -0.300642848845345 -0.00727991267276633
 0.0701207440243888 -0.960447613785548 0.269487406813589
 -0.21231457651382 -0.281707195187988 -0.935715542661911
 -0.363715362764493 -0.751177393824859 -0.550857202817196
 -0.570701382280818 -0.393644391752018 -0.72065527480547
 0.521303126066688 -0.441151670782534 -0.730498633892547
 0.170797117653967 -0.767635188905131 0.617709123581384
 0.373035402477978 -0.850384939622493 0.371066089748634
 0.450815655041811 -0.824354282042821 0.342352541756138
 -0.825150473292584 -0.44702503625071 -0.345391536361381
 -0.897451940085158 0.00268141987592624 -0.44110409794609
 0.0549555891897198 0.427938711382211 -0.90213543468669
 -0.187489832175862 -0.219049756949615 -0.957530556593878
 0.00419510154630213 -0.416808465287903 -0.908984655749127
 -0.732302116716562 0.675083181116235 0.0894220801951535
 -0.845073233251818 0.451717563790007 -0.286011316218325
 -0.31339309307509 -0.79758217015075 0.515409983479607
 -0.0938244291929485 -0.860395968167617 -0.500914917373727
 -0.172195889861499 -0.974701580674445 -0.142497032058722
 0.031064445684397 0.721398411761613 -0.69182319397527
 0.214086119085961 -0.568730460753892 -0.794174286051479
 -0.942735398755784 -0.239689443748527 -0.231945981832614
 -0.468992257778925 -0.668051069054326 -0.57771448941393
 -0.499719221056142 -0.093872351148283 -0.861085757516019
 -0.996923327067032 -0.0721750165024827 0.0305719960497377
 -0.268773147380649 -0.0112702479561839 -0.963137568968269
 -0.42376751140467 0.792925715732583 -0.437824057822162
 -0.996046941222996 0.0769954905205935 -0.044296561038153
 -0.892294352462785 0.0845471230923093 0.443466540496387
 0.543928286326413 -0.442300566865669 -0.713100433238067
 0.269299238870193 0.0564550374834058 -0.961400410176052
 0.0956614500754704 -0.969586286708696 -0.225280535324071
 -0.976143056864255 -0.210664299124175 -0.0525859830204553
 -0.988315211498839 0.122803047120521 -0.0902909427236156
 -0.882686128501969 0.258435817179424 0.392525320137452
 -0.938203152110705 -0.0278793001262517 0.344960273066344
 -0.327639368003293 0.528765492727816 -0.782981160842784
 0.721132596393153 0.388515710519605 -0.573605544863992
 -0.0770582899883486 -0.282991431137123 -0.956021898204761
 -0.962089283694528 0.192350239634047 -0.193353550556679
 -0.281179731528826 0.109198206545453 -0.953422104980073
 -0.6673004465305 -0.135547473713208 -0.732350323568006
 -0.989373828547729 -0.0343704177196383 0.141273145964071
 0.0497522452730505 -0.998725636753544 0.00847446644447495
 -0.942454115137045 -0.262137013169813 -0.207519703131194
 -0.24563689902024 -0.968397982571368 0.0432187597164058
 -0.916988269855412 0.375139950691587 -0.135655926308774
 -0.888911728713273 0.436415533749795 0.13920280334053
 -0.10195063386463 -0.990334821863626 0.0940372737745063
 -0.999022775863584 0.0420041956669205 0.0137528488755775
 -0.569869614823895 -0.476540114026692 -0.669446145574006
 -0.470428964497019 -0.0360115112724099 -0.881702761943127
 0.143478632866499 0.568355940293307 -0.810176158032357
 -0.992752617217575 0.0975671535950558 -0.0701633205244323
 -0.382049139479975 0.550947007472055 -0.741954075384857
 -0.997888006684899 -0.0569630460886557 -0.0312207862607561
 0.449005997630755 -0.811688555615457 -0.373571014366083
 0.317229837955248 0.278024954756318 -0.906679300769371
 0.391725024278505 -0.449462281264781 -0.802829473222218
 0.140520291453888 0.122539482861731 -0.982465329072581
 0.209829132435618 -0.973003457028501 -0.0961041507527177
 -0.678304062556944 -0.0381908412825306 -0.733788156323661
 -0.619426177404455 0.779896308743121 0.0898496430430296
 -0.404426955218892 0.0794697353140636 -0.911111079430763
 -0.906479953216102 0.170285377625837 0.386389679707106
 0.375300715305241 -0.925249276156679 -0.0553457321111165
 0.268373775799547 -0.790278155721131 -0.550850209270271
 0.136493179043047 -0.948844603184106 -0.284716580274347
 -0.967823642507244 -0.185948084431983 0.169530843506681
 -0.559140267171317 -0.0226611172260459 -0.828763316872589
 0.0946753569284197 0.375103869073154 -0.922135382791934
 -0.900271992611316 0.398742476374214 0.174684792854473
 0.439110300340909 -0.170865160067131 -0.882035850297339
 -0.604233464005635 0.794287855195194 -0.0633144854292359
 0.142980816329361 -0.988666422032686 0.0457732684749075
 -0.393862674254068 0.187243467566967 -0.899895592656688
 -0.809038076405393 0.00842781722828644 0.587695808069981
 -0.267063681920692 0.356547188024915 -0.895293858188745
 -0.964994293580253 0.251279374574959 0.0751311471412936
 0.363716902831505 0.0892869545913975 -0.927220499306638
 0.315021851504796 -0.0311673089823448 -0.948572523281847
 -0.462486077519249 -0.881494831624524 -0.0952548682226339
 0.15767166726727 0.479747417634656 -0.863123433011779
 0.573047810949187 -0.819484139890975 -0.007870885178522
 -0.986705023956177 0.0574177330884273 0.152040782774314
 -0.660913868800042 0.244653676095959 -0.709462780419448
 -0.300268667124175 0.200280223815235 -0.932591314291523
 0.225333529443768 0.136104954199758 -0.96472806632268
 -0.0244750057882879 -0.996954218432777 -0.0740490407821292
 0.203193663745962 -0.738334018388437 -0.643098135826777
 -0.797106581172177 0.28166338577253 -0.534122490976702
 0.108550445498765 -0.898617522749396 -0.425092164818123
 0.20263422811033 0.385089069383559 -0.900358694209944
 -0.0180789279623788 -0.3141394284866 -0.949204704915564
 -0.681851153915258 -0.731188056695028 0.0210482695483523
 -0.433034834867032 0.0535497325620378 -0.899785117644328
 0.608172474580309 -0.712045366670808 -0.350881229143848
 -0.74167874103488 0.624963402728039 -0.243584462450923
 -0.329022376534273 0.908027819842739 -0.259287011111975
 -0.992781687625478 -0.118382055334622 -0.0192408339283418
 -0.953693571771305 0.0282968044277044 -0.299445925037011
 -0.948311886283745 -0.16930868226305 -0.268401073849034
 0.00344532117614189 -0.319955074826456 -0.947426450894628
 -0.913727949710229 -0.118657586591916 0.388614990784611
 -0.53685558259204 -0.833826069604399 0.128530809877794
 -0.64962293867377 -0.550712848638495 -0.524123454820837
 -0.045110486619189 0.00778323040189672 -0.998951683176664
 -0.558843037834387 0.112932020009561 -0.821547818401701
 0.769126124823607 0.252521418673281 -0.587092784170488
 -0.975207986559515 -0.116332984656988 -0.188244573975806
 0.296864521207515 0.271697049201503 -0.915451893604153
 -0.65181380416406 -0.756423442457703 0.0544273865036225
 -0.395431387613203 -0.110476790948182 -0.911827229442118
 -0.972643834214243 0.090086943642072 0.214122194903393
 0.821475642738442 0.464172815995455 -0.331242155044181
 0.374710525356758 -0.227819870253277 -0.898715822106545
 -0.972263079771692 -0.0674429048480836 -0.223955259591101
 0.512051507404404 0.235219842489311 -0.826120378313101
 0.383891122598662 -0.051886815900682 -0.921919391446795
 0.2404311920911 -0.965119730528245 0.103618278381472
 -0.914661389658989 0.0822528395790938 -0.395763834436981
 -0.106455610821185 -0.992889613616916 0.053267420590257
 -0.0166742352853594 -0.975426221488802 -0.2196944612632
 -0.723061489749903 0.134229423281835 -0.677616812045036
 0.0958343519523491 0.426248085498704 -0.899515617760227
 0.278703674738542 0.555332798526291 -0.783536689994917
 0.0381171794654828 -0.972432123844988 -0.230049657995664
 0.376364004451383 -0.0470054517321089 -0.925278673514515
 0.211541094330933 -0.850054549414385 -0.482345963421669
 -0.279676052074568 -0.420602829992566 -0.863061159651058
 -0.57455414767964 -0.0661692530598994 -0.815787448624712
 -0.388713001806221 0.295298959567267 -0.872754677274941
 0.225581092624727 0.0930062686571513 -0.969774718499461
 -0.260739171876025 -0.911571868976982 -0.317886476496275
 0.167243308853021 0.0502170064571681 -0.984635936733153
 0.0358212692396239 -0.981824094621135 -0.186382091123183
 -0.470225781831694 0.0135751904506824 -0.88244174215922
 -0.278441892714309 -0.164239599178222 -0.946306222342139
 -0.532832730513829 -0.283282761194003 -0.797395860600918
 0.18991827116837 -0.106149126348997 -0.976044780351682
 -0.805103732720052 -0.128066729865017 -0.579143239848244
 0.464329211044337 -0.88561378071592 -0.00930672751284039
 -0.700639669088841 -0.1825453698777 -0.68976897729261
 -0.59595061660243 0.45664199834517 0.660545946864042
 -0.735094241137133 -0.637632979958589 -0.230348951628071
 -0.991836960510947 -0.0654514441648597 0.109432866274905
 -0.924019035112799 0.255156750113322 -0.284752270615741
 -0.970944987427188 0.022357297632297 -0.238256128216249
 -0.938147579397872 0.345856083722249 -0.016207671708882
 -0.904538145979258 -0.416493151132574 0.0913465791809709
 -0.615514505036494 -0.762712289983479 -0.19852419700842
 -0.999449392244406 0.0121494024433751 0.030875627322476
 -0.946259204859003 0.277825005074614 -0.165549943445773
 -0.892476302508296 -0.205436294256061 -0.401599275974768
 -0.873570305560991 0.447882145210268 0.190463921108239
 -0.795023523398131 0.424721469229361 0.433069591196697
 -0.987348556145293 0.0368747874799668 -0.154217634290349
 -0.93252133785162 0.331065584581094 0.144220432523978
 -0.836152036429291 0.511411454167897 -0.198262695737314
 -0.911739733555551 -0.392035444667134 -0.12263306397826
 -0.755622338858759 0.603640630327088 0.254269287244712
 -0.377448573476862 0.805623709237827 -0.45662130205912
 -0.954724629058768 0.279381869209521 -0.10220887351689
 -0.948072159277748 -0.139899298372581 -0.28563502431825
 -0.929789563887638 -0.350151269430681 0.113514119834134
 -0.807793131463639 -0.320133942620854 -0.494959104918978
 -0.971382600389014 0.0376711731445427 -0.234513808496196
 -0.741388126433661 -0.670196609855142 -0.0343533131133
 -0.6328242121921 0.648015585384165 0.423803394939996
 -0.967636157131675 -0.20666355097433 -0.144811754046848
 -0.659040456279135 -0.751609136829453 -0.0273748501708022
 -0.980142362693635 0.195229127211903 -0.0347352377481034
 -0.980424719747593 -0.105107477713465 0.166492603549129
 -0.792288363889734 -0.160785774713552 -0.588580566358329
 -0.873053851332922 0.0766666237894884 -0.481559136004575
 -0.832725155349034 0.376302138621746 0.406159471288835
 -0.893920175836766 -0.0168053595806304 -0.447911039293888
 -0.958077532799534 -0.136740562488103 0.251772634960982
 -0.966409923874669 -0.24408446566205 -0.0804651021190403
 -0.977249189976231 0.161236875923366 -0.137792200553124
 -0.939168390283362 -0.343210596244625 -0.0130085094444782
 -0.85842842672876 -0.0701697899629067 -0.508111047666302
 -0.950611458329581 -0.0630690682655915 -0.303908124143824
 -0.860403848788322 0.172135305625146 0.479660977720285
 -0.975997766590305 0.182130129810572 0.119402577132663
 -0.683002643050735 -0.433606739279088 -0.587786173057403
 -0.860361960392113 -0.21944246454226 -0.460024240519845
 -0.983776101082223 -0.154264573005538 -0.0915806991394909
 -0.666821154437763 -0.555483324423203 -0.496777439385119
 -0.989928863386094 0.132706326666082 0.0492937754479389
 -0.95936225661718 0.185003588379929 0.213067437364187
 -0.750236038885598 -0.660749564359578 0.0235775137763767
 -0.98049360676661 -0.189619778502748 -0.0517361255833194
 -0.435807912487209 -0.177853409885765 0.882292257704638
 -0.96920774337405 0.176811588249624 0.171388483990108
 -0.966687567457526 -0.183948787074662 -0.177983119022034
 -0.844520163426811 -0.237643259536687 0.479907673164674
 -0.953241573924002 -0.161111817634332 0.255682388837116
 -0.976812427148803 -0.0235097137250377 -0.212802198128286
 -0.97678038659705 -0.21027771606583 -0.0410287519363601
 -0.699391690260461 0.555024919295474 -0.450331658398194
 -0.975722401771374 -0.216396053640538 -0.0337422976440934
 -0.786127993591993 0.285270511522472 -0.548291448909003
 -0.825088621722256 -0.562002832080484 -0.0581513803617999
 -0.988671172876809 0.0944962141499671 0.116618083647941
 -0.926701800835557 0.287613866593779 -0.241871941471332
 -0.822285769133073 0.450275892973755 0.347990997136301
 -0.932245107019785 0.244889618072265 0.266360911918564
