Format: x y z  (R = removed from domain due to fracture isolation)
-133.2767636 -433.3070385 208.064025
452.7114281 -227.5849451 34.3493792
-462.902496 468.8979996 -526.4388599 R
-390.0648208 381.7445551 500.7684141
99.82062278 199.8226235 483.198093
-505.9207172 -443.8412785 -52.96815887 R
53.8675363 -379.9527585 380.8346821 R
-237.7618361 321.6628905 257.3213286
-53.39913522 -497.7960836 407.1759872
-498.4971252 327.3075527 420.9693208
-146.5080245 -330.3862308 -494.8930184
523.1599783 266.7849615 -43.29371161
502.5826963 13.46132344 423.5095147
435.7784185 -129.3450577 209.7590976
54.52547882 128.4648337 -76.4975213
-366.1223942 -216.1754207 507.7175372
536.9996984 -182.5096024 -418.6655274 R
373.1332567 115.1779898 200.0070988
368.4744144 193.2564796 208.337612
-279.6197693 -120.7991629 -137.1844559 R
-362.0657124 7.575677747 -510.5814696 R
-231.2382464 249.7163542 225.3312195
-315.1433159 20.97092804 492.0260257 R
242.5023555 113.2587287 10.23461059
-399.8932898 -91.09681325 -16.75497666
-218.7795393 281.467448 418.1817306
-206.6875037 -304.9703792 204.6694656
-338.3760705 -103.5367033 -365.8455967 R
511.9730944 268.1829736 348.4431254 R
-22.71426442 372.8001685 39.90284148
-201.4936877 104.2687924 429.4509685 R
-239.8307043 -225.3181087 490.2519788 R
56.47814476 176.0888811 -126.8887494
-208.1488872 -76.2690453 356.7252205
-170.1216513 -518.1627379 427.9593251 R
147.9073644 369.2187366 -144.7139181
521.0127092 -482.6999128 -290.9815826 R
159.5979548 -182.7817844 -191.2745799
48.49079478 -79.10793562 -425.8703285 R
165.7376735 109.7660561 215.5716328
277.7109929 282.4780374 60.89870198
-121.1031281 -77.49661985 -465.2409116
-17.86401975 442.254629 209.0791191
-285.1845598 -542.4955567 -500.3750374
441.3971213 -513.0410183 -63.06300314 R
283.4166637 379.9048483 486.9537423
9.419731749 133.8638594 -509.8336737
366.4772784 128.061782 438.4902341
47.29807567 140.4011087 -319.7509587
112.4741009 -360.8356594 -145.4911744
510.708469 127.1354162 439.9843522
-232.9998051 -90.28614905 230.6126089
65.47902123 -71.85013572 58.17240434
-385.3517222 352.3669712 -256.4633796 R
39.76483034 -1.699843758 -45.5235329 R
-472.1259915 -24.62820498 144.5412222
509.9400599 -92.09182135 -27.79222445
-523.0236694 0.4305911978 271.4927671 R
39.38321972 468.4116085 271.9705388
-411.3554788 131.8009179 487.1495854
91.63921602 -490.2628628 388.9395239 R
86.75773261 -63.17725475 316.6095394
-218.9120069 -41.13150849 247.2511696
-305.1911255 -438.2522787 110.1415958 R
433.0199847 509.839064 -66.9991414
-235.601769 -142.8284709 95.81211078
-123.5331517 177.9316304 -341.3877592
-314.9970986 324.1519641 -371.0992702
145.0720341 389.6276823 -194.7618879
-366.1223851 34.52695078 258.4526753
-168.7069274 -149.0442471 -139.6589885
-65.60614379 412.4711726 143.1773601
474.4560972 -79.02420819 -153.3108755 R
473.4745505 472.6888661 -347.2857455 R
351.0886624 411.3163752 390.510762
-151.1251639 493.7253499 -121.6005051
31.86330066 -253.7596304 445.0932093
-535.7283201 37.55103249 434.0629201
7.812072786 -76.40510376 -211.1953157 R
-128.4817705 -488.7617014 -415.4165964
137.7511942 -245.9828487 316.3116579
-81.61347306 479.0310059 37.60890014
57.81940039 444.1758747 -12.52696705
-372.6282293 -278.7574633 -205.554198
-159.7236187 -403.0682521 333.6945909
479.6503195 256.4986586 99.63609082
-261.6561897 -293.710635 64.23847511
544.8221242 420.7838673 241.2590858 R
-96.36730318 -85.24689508 -484.7650595
-171.3973855 -116.6842741 290.1379138
314.1144446 279.27668 -301.2796975
-270.5754285 335.1440198 145.3842773
-444.4452069 -528.575198 -197.6284972
-387.0001445 190.4395584 -298.8491228
-517.4991227 -415.2298411 297.6434987 R
9.495286102 215.4863427 162.13591
-233.2620943 -240.9104995 309.7043663
461.0266711 495.3198093 -394.1983077 R
234.6863248 287.08787 474.4371716
-529.7733245 115.68852 376.8953449
-366.6476881 -505.2073041 381.5664831
-539.960526 -277.4674934 -353.5174341
-55.39521156 172.4847519 -314.0091398
212.7285921 287.7578404 -86.55345935
497.3086233 -79.69977038 -410.2665812 R
-524.8858974 321.8296789 -183.8545791 R
-293.8302915 -436.6163193 24.87616778
-152.4735607 426.2023662 418.3888534
514.941775 87.94340066 8.126778035
-403.4724547 41.7191926 -224.7349171
-92.69272381 -198.0181662 -400.0999341
-65.66800366 -400.0365801 256.420698
-419.0356273 62.27144304 -471.858527
297.7698559 -254.7174172 -297.0166572
-227.5186509 24.35502776 290.8249439
-318.421405 93.7130399 -56.47636898
-217.1925016 -323.8215128 -508.8835376
-402.672767 -479.4977228 -72.51529971
-75.40941405 -316.1168671 -133.6648082
221.9851239 -62.65461448 319.2392851 R
-147.8947338 392.4884668 -6.84775812
208.5820016 -173.9757524 -50.87211019 R
-205.4572851 455.0562316 -446.0370418
-78.5726272 452.0784994 -465.7236412
-26.40320394 243.2769626 337.1851993
310.174882 38.99252142 42.77182609 R
-236.9359275 -136.4483916 17.32979452 R
442.9433321 466.7557365 -4.478360968
-502.8918725 -132.0834738 433.5016688 R
-317.8395103 -271.564937 -140.3387544 R
333.4918654 -257.9755472 -349.8718917
83.28293589 -187.4151482 343.2721833
-376.6859756 -148.6724728 337.165436 R
321.0389428 -312.9696337 66.80494611
268.335394 298.305394 -412.4329486
-289.3945942 -183.7352669 228.5046301
376.2813847 -326.4766418 -155.566922
425.47875 -30.08808503 -371.3338489 R
177.7647534 201.8715249 -481.7280928 R
-455.1910628 -413.857835 204.7257075
49.80812655 -132.2778994 -271.2944278
-282.0682308 -270.3080438 -267.9281654 R
365.9959124 -338.9157432 -225.455695
177.7104272 -395.2048868 -87.16260366
-410.4436988 -417.988313 222.9053038
233.7234913 438.0727523 -382.1940099 R
149.1296717 -50.15306476 120.8145423
163.7175087 54.40777764 -317.3901701
331.6524589 244.8174361 -26.84866254
-160.4214834 -376.8606229 -392.7999845
-122.5938517 398.1532477 435.7127744
4.923130025 -435.4087091 -108.2565171
-241.8077697 -346.2918226 342.2572321
231.7291955 -46.48011257 -44.94248453
328.7359225 -314.1021811 -535.8137472
313.2466022 -403.6276216 392.0042813
502.4495989 423.3216191 337.5413933
-477.7736801 31.30880825 -472.3570459
331.098303 90.06680981 161.8999757
-70.73205075 68.96054605 416.9839969 R
-280.5164996 -343.04617 -278.3145914
357.2254595 79.42268333 -138.6523278 R
228.0819706 -71.31444766 -25.45450597
-9.143860769 -303.6019594 -292.7643074
268.7519143 -358.0866921 -222.2487953 R
-384.4184552 -362.6642772 272.5129138
109.2322198 -275.5889623 -495.2331763
61.73635303 230.8818245 83.70940582
398.1843559 270.5648638 -287.5120657 R
403.9107521 166.8259705 312.0892672
-348.7664799 210.4422525 -200.8951356 R
-314.9608347 363.3764397 409.5775297
493.7248255 -544.8355019 -378.2560127 R
71.00215274 -378.512229 -137.2136442
-118.7427207 89.48707941 -67.66615252 R
88.58341034 -209.3928042 90.02478024
-365.4391322 136.7200449 164.9555009
222.8156952 -327.3147284 447.3341761
-132.3379196 -423.4377374 -265.7724732
269.7483976 -12.87057984 -223.3286483 R
133.0391739 128.4963152 -470.9019728 R
-172.8117959 -47.30322744 -447.9934633
325.9471427 195.4881606 -205.0669706
-380.3149719 -123.0394024 -266.0677998 R
-49.57867033 497.0012184 -113.1474906
406.4339247 -313.7825952 -68.77595313
-26.57532821 118.978228 7.631224046
399.1676019 71.93104719 -241.0897986
-230.9298345 22.00307313 -155.7042127
-189.3505978 364.3190792 131.858191
-478.1307306 93.80102239 -36.33704077
-284.7820364 375.342021 206.4484683
-69.13907052 -30.07125844 -260.3580377
-253.1497606 50.28275784 -539.901631
169.1086773 25.06814179 87.80133359
-298.40093 163.1153237 485.2231922
-516.2285724 -213.5472705 -439.6539325
-89.12214207 524.2883431 -230.8121296 R
232.1250895 16.4637052 -24.42652967 R
308.908557 111.5383646 -250.833513
-503.5692223 -47.2559117 109.7906315 R
-179.7661805 145.6144544 -450.6198525
-104.9435971 470.1660212 -492.0894584
70.03691598 -239.954202 -202.060832
39.14710595 212.5017536 -29.50749512
-263.5594081 -199.9751501 319.2402244
-124.2330749 -445.1104896 -160.5494202
175.8993661 -322.0396967 -37.04111742
-269.2389652 321.1920339 165.4215742
429.629739 -533.4901142 -435.9766027
110.5060402 -122.6309704 -188.7466014
-514.0921174 -144.5636945 262.9192068
24.92895055 15.9556237 308.3308989
-496.0458989 -213.3176577 -346.0761077
340.4598763 -482.244627 414.7589393
248.1620263 -401.8611382 450.8508853
-135.5434967 212.949697 -95.3865347
-74.9052895 371.960149 -504.8698324
-287.5923637 271.9025424 488.1095343
-225.5979188 90.01638118 -149.3642767
-50.38961418 -98.65194858 103.8362662
278.9261294 -76.29525127 -446.6106655
-78.49338468 -337.6817573 -156.7548721
350.3805014 393.2540149 -76.70665345
461.9440169 -460.7804349 -88.61746021
251.6833293 -377.3826161 448.1976098
487.9899794 -24.31022943 438.0843329
63.9678939 -368.538693 -446.0542287
287.0408269 -403.1384814 157.2862781 R
413.260958 -104.5875894 32.91928458
-173.4249641 446.2860605 -164.0009454
-33.81420659 -19.19296345 194.8424537
183.7460773 76.54632548 -505.0641283
241.1458227 340.887184 -215.7485652
199.3128949 -106.2984279 -5.972807357
-84.30032832 4.391847521 255.4215254
412.7166218 446.6904497 425.4477378 R
-443.5631858 -371.0697718 -57.14630475
469.0895835 -313.9652813 -287.1524821
-113.330694 -104.3033141 -24.15260796
42.36999138 174.0119995 -259.2413465
286.0696542 342.8588908 -161.5312003
131.4552734 181.5576169 94.98771751
178.7395774 209.8058532 -360.2184208
-352.9807172 258.8209896 372.222778
3.139074978 -306.167398 123.080554
-13.55004811 -408.3755627 503.9653865 R
273.64876 -505.1482136 92.4947109 R
-130.7330872 -210.8354006 -292.8884935
-222.1848786 254.0280724 1.934717722
216.2322811 512.6877222 64.55028483 R
-7.518530958 219.7692968 372.9265182
238.9355694 157.1359425 -387.7904296
195.2358375 -107.8799483 -0.7297106254
-299.1699298 116.1428293 259.7135485
-238.7915263 -269.4569987 -352.9601413
-19.41090813 54.890349 504.3411249 R
-23.76704693 140.8783141 -173.8812733
534.5047141 -237.9511163 -281.5814911 R
-390.511542 190.8570747 210.0899718
-502.9391934 -396.8241178 404.1978337
243.9560308 222.5472472 473.6388533
399.8294559 56.53324561 427.4240313
-448.6566916 102.7638159 -398.6226783
-310.9472707 318.1248582 69.92551624 R
-413.3289213 41.67125153 -132.9884612 R
81.22241043 422.5362914 -404.2383205
-381.8146987 -260.7500788 314.8010201
419.0907294 -293.3806464 412.9354898
-142.2316936 -364.525631 -190.4520386
-168.5381298 -473.4178217 -237.8463478
-192.3164466 -346.6678409 235.2777343 R
112.0032373 -375.0534247 -374.4589481
27.37656724 -501.7853017 -399.2181024 R
244.834059 -505.824989 339.3601177
-490.4764941 147.4572857 -311.7623618
43.94430673 416.850647 -36.31329084
-17.02106892 397.4587569 -186.7952054
-14.34684944 -250.6751105 510.1535067 R
123.6526935 -207.9606323 498.2606762
37.13553098 413.0372985 534.2380427 R
414.9829468 187.2816706 202.9033061
-92.33634909 -419.9522424 -285.1602802
-444.1721882 281.1646656 -9.388991421 R
-501.3361477 -6.245260546 178.1648885
-452.2480375 517.022563 -406.2159038
527.0587514 61.71581561 495.8570186 R
69.78934816 -248.9324706 -358.1363349 R
-267.3582024 471.7240348 315.1162289
436.3979844 -446.5108911 -296.2713821
-17.6918454 -338.642506 154.2691016
406.2209854 218.5845772 -55.52119163
173.2969101 -317.8991351 304.0800789
475.2604478 -294.668179 300.0004329
-98.93229077 476.4505712 -42.14979105
-441.4071946 -139.3810862 104.5181883 R
447.7368214 -486.5356475 539.2437376 R
96.18436592 430.0499958 -68.1697038 R
-35.30812518 -46.13395155 230.8523961
393.3077092 267.3150951 -450.6717284
-295.2180981 535.6213743 -277.1838939
-110.6376656 166.3640007 -458.3316062
-244.1681543 334.2116116 177.2056765
298.3202963 -315.0156259 -545.9731681
-304.9576473 304.4373169 -90.03619426
495.5374103 350.6712969 -146.0069301 R
503.7952619 412.5260449 -515.3962146 R
-422.0879328 221.875673 -537.2321101
-16.76654808 -500.9760354 415.3017673
51.911409 -184.3291436 -2.968650699 R
198.5832707 -20.15490843 262.7396396 R
-119.2565368 -146.5016409 -222.8498724
-266.8423742 -332.3552315 497.6330978
-112.571033 443.225229 -46.76549722
236.7630808 181.7474043 311.1372787
-336.3838829 249.9147084 -292.4251229
-360.2692958 483.8855857 -282.5342736
40.31158393 -162.9782164 417.9484553
506.0997101 -486.3221634 119.121156 R
13.73876143 -411.4180193 -155.8190679
-280.1574082 302.9960088 -368.5859311
124.0721789 -61.24267662 -178.5974895
-441.830863 143.0282135 -504.2489821
-469.4624229 -103.0457277 341.2661253
42.80412222 -395.7365188 404.8243945 R
39.13948214 -492.5768497 -262.8725187 R
258.64856 406.6496357 -252.7294774
185.9220205 -367.2480091 -504.4614576
355.4718685 10.44458271 260.9343977 R
394.568742 -97.11598299 473.1402831 R
-44.37387183 -174.1887322 -294.6058862
-359.9546869 164.8046352 -234.5456997
-166.3941036 462.6464894 -530.0408575 R
422.8747048 257.5741211 340.4396423
435.0430569 -4.735506747 -359.7563859 R
-394.3823113 -467.9191436 -538.9866753
-206.7778228 133.4671857 35.85102648
275.8790652 -70.11920507 -141.1736358 R
-238.4682513 -467.8089449 366.4261784
-138.1352487 179.1692331 21.18437262 R
246.0302012 351.8948608 263.0513133 R
401.6284077 -235.0600722 -84.30561686
-432.9112734 63.24818999 -201.4970194
494.7717694 -76.32757726 -138.6583827 R
310.0839317 -241.9886284 -374.928868
-384.5901554 -275.8136077 260.2868466
-263.6469239 301.9224177 111.1077447
-421.2206359 78.22342559 181.6273702
391.7322222 -137.7904243 462.6260634 R
-149.0717663 -430.2485789 -224.1327206 R
350.401956 -36.93835521 -340.686657
526.3328779 510.7818728 411.7688971 R
-54.45312471 -49.91985245 276.6142897
-313.3424338 -2.540490199 -122.0028401
-357.0770621 367.6060811 -427.4758663
-71.1137885 367.9840102 -347.6689774
-482.5583831 -279.7986882 282.6056708
-495.4139691 63.00407333 320.786462
72.08085829 -3.680042435 361.0180171
506.2548272 -25.43004855 -210.3708633 R
96.5875783 92.60437617 -220.1079589
-217.394365 264.630844 -244.1472188
-274.4637274 42.09681265 -543.802989
-509.3053544 348.8930697 -445.4743939
408.8416682 199.1407899 -49.92068789
173.0492113 -159.553711 -102.8996775
-217.7394826 -393.4862339 -97.08666677
249.8083504 -30.90758946 -528.5191464 R
65.87802721 -428.2003261 -459.069292 R
-40.65560043 -391.3193456 230.5559546
536.1693738 243.6080128 449.7616183 R
242.077368 58.186696 -129.0947781 R
-109.4215511 497.9327638 -199.3608051
364.4166353 43.03293477 -276.8093502
407.7760439 92.08400818 187.1447043
200.4643238 28.07009938 -181.035478
-281.9525564 -213.6365453 237.1196078 R
139.0651691 417.1723354 122.5257414
12.88112358 192.1383126 -270.6072485
439.4078159 -313.5568697 -244.0436991
-395.7607432 -405.6300924 8.676094822
-203.9237979 -59.88858583 -511.0081955
69.13488744 -453.2207862 450.32325 R
394.0607793 -295.2467278 13.69149845
341.2095728 511.7755018 -201.2544847 R
436.8453903 54.62186662 384.9752652
-42.17218016 -1.990811228 -261.280224
-30.29406247 386.5373513 -73.00500496
-512.8583527 167.0260938 150.2242597
-314.0750872 40.09343345 66.86495565
-291.5251901 -251.4226443 -512.0269268
86.08835717 -328.4365449 -159.4820624
86.49303545 -279.3977952 -56.5862569
51.78243304 94.09633308 55.08426562
542.1012865 -179.949705 -335.0870036 R
-139.8749093 -157.6062181 -41.47199471
50.39250373 157.4399137 -382.8830208
313.0016106 104.0024995 -111.518066 R
9.401688622 -414.3448239 -152.2150235
410.2271758 -517.2650307 227.8305072 R
-118.8190215 -507.4835877 321.7150358
141.5766582 -45.38932081 119.0601095
-446.4504928 -253.4188283 123.6950848
471.5738049 6.919139446 268.0720684
-402.6610658 -2.242541192 -209.7380581
75.60035731 -293.6049884 209.4499823
528.3260954 203.7338916 -43.58222635 R
284.0664751 309.2879578 -205.274463
-520.6729272 -183.6724738 -398.505756 R
-127.1574425 232.6202024 -53.1961804
-132.4033547 -279.9038242 -137.420034
-71.6789328 -80.47253027 298.1060266
-425.20997 -196.5701622 416.4608467 R
414.3131417 -188.2964932 -80.68592305
-275.3818434 -262.0287436 -357.8759826
-504.6885893 257.0479083 -182.6438612
236.1193204 181.3364802 2.200932209
449.117364 -274.0350798 -291.5869864
287.7757061 3.750508891 -175.5261799 R
-295.6141376 10.00867126 -399.009378
158.4121836 -128.4468663 -216.138917
-32.23231244 363.017834 -194.9161299
161.2610084 -105.0305689 -484.311822
-215.0377225 -513.8028517 -23.30513294
288.5333672 -398.4549844 232.2083063
224.6566942 -21.34480327 -227.3946356
-196.1138287 -164.2171186 382.3691353
257.6027014 -223.3775898 -99.43830185
-38.20910686 493.5050264 56.75005877
488.3431412 324.6269236 -336.2707656 R
-235.0397833 -173.7249501 -430.6527172
5.058852153 70.21782404 -195.0872929
353.3855456 -225.3277819 228.0609064
200.4871855 81.21345327 -508.7270436
234.3600056 324.9797883 373.0123443
-70.63773367 -217.0281503 -504.314556 R
66.69975513 -122.5795606 494.8905103
-336.3348076 -249.3949914 -47.8696129
-39.65018007 512.9510883 -25.49240692 R
484.3000505 -138.9105879 443.3770053 R
-351.7054153 -517.4359433 371.0157339
493.2746147 8.755049159 251.2752429
402.2681489 -381.3976893 376.5624052
-95.33623404 210.8861009 -255.47743
-410.2678086 218.6430637 -299.3313112
-166.9391055 -211.3696796 -99.15474323
79.6847155 -516.091409 -114.4953482 R
-41.83036875 142.9014133 -381.3193865
372.1366846 -475.7169052 -384.06557
-113.6586064 380.0897375 -464.0543351
320.5083542 -245.3578739 421.1977216
-138.4198782 -88.96978234 -131.3246065
69.54677366 -313.3888319 96.07607968 R
134.2553101 -47.36716523 71.51638424
549.6472511 130.6650664 -144.3559823 R
-37.76663143 475.9006711 -300.7071354
-314.8799504 513.8552049 398.2843097
224.7539004 -126.9153081 -128.1601581
-47.55536754 179.1769285 -170.6535922
178.4360489 541.7744625 227.159631 R
442.4081452 -514.4399843 -223.6655682
-315.2376159 -153.8869743 -147.598997 R
68.18646407 -498.9398653 396.5001133 R
-519.3649188 508.2568512 -196.3983065 R
44.17859299 -402.7189058 -507.5800532 R
45.34867916 -202.85563 466.4320122
-91.23298717 -448.7450403 -487.2010391
-148.1886035 -349.5147826 475.4632561 R
265.5223461 190.8459287 382.232075
-441.159904 51.96144272 492.2169174 R
209.7875623 306.6915003 342.9001593
-126.6071248 36.006576 -352.4252857
255.3604159 -433.7062758 -98.25085131
-282.6546489 323.482045 244.4245875
135.4494766 -303.5344333 332.301374
-63.56999665 377.1192987 -112.5559294
-103.5742946 -217.0057096 117.3081166
112.5455145 252.7146268 154.9166965
335.7737427 -444.3433751 -498.8890207
444.3448817 -124.8733922 84.12619235
11.57341528 358.160347 175.7668767
-381.311041 136.3751079 -468.449662
-195.3735872 223.3096256 -178.8074283
391.659907 506.4670891 457.1558855 R
-140.7242795 379.1375493 -46.67440363
-394.8618725 318.550839 499.8179321
246.511763 159.8482137 209.4665909
37.15710192 -483.6683864 -529.1984546 R
-513.2096373 21.81860675 135.4720659 R
-434.455486 108.2850464 112.775388
-187.7890444 231.9157614 127.662946
365.1362014 -529.636956 104.930173 R
-454.8717732 -196.3462328 -118.4394461 R
321.1787731 -298.0076957 -417.0829516
-74.81713772 133.9709193 -175.5366876
-238.8607173 -434.1182721 -116.4273845
-343.8768659 9.512817452 36.31937851
187.3630838 115.1128967 -247.178387
274.5899 -368.2278294 94.91168685
-357.3750079 -171.5450545 -30.47679952 R
231.9787104 397.8561696 485.3756205
-89.9278698 421.9363352 -419.2774025 R
68.56270285 499.9662067 -247.2831664 R
143.4295211 34.08365757 300.6052363
-25.06979648 -31.86939631 -13.37093735
456.3411694 69.17249572 63.45221938
281.8383011 -510.1415027 87.92221647 R
-36.57272459 529.164039 232.7034417 R
-285.7063984 115.6864957 43.46391095
-510.6671229 275.74622 361.9532503
-166.3503543 -284.1716033 -479.2925706
301.8912456 376.3676827 -349.450959 R
190.610469 -93.00588492 356.1888421
335.2702107 -299.9024873 302.2394322 R
146.7254879 470.1059562 196.0311095
488.9710652 -375.923111 -190.0493397
-195.0267792 -253.1091251 505.2288731 R
-102.6802259 309.7615557 -486.8823587
-181.1884568 -101.0266673 -443.7500787
-139.7088803 320.4067149 65.53594102
-466.343593 464.2876415 -412.7256484
385.503841 122.1153346 465.6765667
455.8272757 -491.0796107 301.9578128
-214.0798825 -91.77791477 122.1187614
-517.3739401 18.28010774 -468.8629897
-1.410353884 -3.417664963 -207.214169
305.9083602 105.3022078 -437.6820683 R
-502.994129 304.1916997 251.1352041 R
-153.4713441 62.37263388 -355.0733064
489.330228 -544.687647 -398.8675797 R
76.46202728 -273.0819211 -165.360111
119.2081161 -205.6150462 133.4254681
-413.4423979 149.8040698 92.44710581
-50.05140857 -535.7886401 -55.19251865
84.86357923 272.6124166 147.6029962
-92.65610162 153.1004085 365.6468445
227.829922 -347.897205 -353.0538612
-264.2466961 -454.5916124 381.5125129
-230.6638927 525.9944147 450.8788373 R
-426.1172596 294.2797839 -337.3235073
-143.2947672 -530.6091196 -146.6618166
378.8236115 135.6790575 502.1345836
439.041312 -274.4204354 -156.7166284
-312.1553132 130.5462156 476.83559
-372.5783653 514.9352099 428.9031872
474.9181901 -263.2777177 -394.1444794 R
-340.183938 -512.6708873 -200.0279801 R
214.2533921 190.7643838 290.5819998
-101.211424 429.2845786 -270.3056214
-95.63119039 332.7635861 153.5752266 R
-496.9127782 479.3987766 -16.35451801
-484.6913839 183.847827 160.3786739
-540.2494388 288.3721524 392.3940283
376.5238841 -258.6293773 -152.777362
127.404705 61.56313909 -108.7061303
-278.9318137 -196.0091108 -53.92776049 R
34.23707082 166.8571701 -396.8541392
507.6147527 -60.98571776 392.9843807
2.38137136 99.41093809 38.83357419
64.3602399 -2.267352819 -499.1099577 R
268.3837122 329.1912601 -190.9277572
243.3149178 268.3622233 350.4883094
-272.254442 -425.5378995 -37.69669527 R
-391.7533413 -481.0805699 -335.6954274
467.8753794 88.61090459 192.6227379 R
38.86027456 474.8593384 -267.3714539 R
-128.3062848 306.4339714 -427.3193128
-498.2152238 484.8051873 -303.1518701 R
278.5951565 -97.87519971 -83.4998517 R
-229.4800954 351.4833017 -19.47785518
360.0240721 -254.6034613 89.94851562
-257.0824006 -69.11905757 -136.3622941
256.3152553 -499.7826361 -500.9440556 R
-137.493004 428.8448568 437.536809
-504.4964669 407.9470968 72.04941677
506.4608846 -387.8710573 -306.7952421
421.4331578 287.7796717 -473.2209353
-468.4484407 409.7465394 96.24764166 R
-355.8979742 -285.2142769 375.8267475 R
125.4164501 -469.29673 122.7651743
-127.3832253 -282.8911064 272.0987184
-485.7160293 55.87618982 144.9700744 R
-194.9782899 -425.1683474 429.171895 R
492.9323767 169.7116668 140.5239537
442.6175918 -198.0266077 -83.69203525
-412.7843296 504.974436 263.430242 R
-431.1053172 -417.7854864 -522.5965434 R
-146.2895516 -111.7224073 257.0281884
516.9182276 -329.2595379 -304.241348
49.90486397 342.8170398 203.9629299
-316.730866 447.4260562 318.8716324
-361.2299358 -433.5795895 464.1489814
505.1684702 -162.9289575 506.043367 R
13.33771631 41.21547701 139.8567926
475.3712779 -38.30283982 206.6902468
129.8886579 -232.3165718 -58.11331719 R
-324.1500468 488.2621792 240.7988135 R
-338.0261436 -388.25938 308.1205191
-278.9070244 -6.427384204 48.84839846
160.3491505 178.7711901 146.9140815
137.7680621 -468.4924449 -159.4639488 R
438.5375486 -192.252516 -48.26963892
55.15618787 158.9595811 -221.6650828
-368.381511 -316.4614415 435.503726 R
-292.5369909 64.81434994 -284.0968599
255.8928382 -300.2081865 540.7541574 R
157.0135611 175.5273892 -239.0438856
505.399622 481.2730087 -423.5431821 R
-410.4122158 471.2091314 -390.4068656
-125.7424524 305.4263915 -428.2736236
-238.554506 -279.2421199 -24.3721136 R
157.2564996 410.7853033 196.527331
-283.6788632 318.4389916 548.8825569
496.705827 117.1923168 -375.291182
-498.3659487 -445.2334327 -201.7823616 R
-3.094209702 -198.7880603 -272.9845818
407.8204065 256.4997922 -81.26424212
7.175015159 327.1029297 -259.3084239
-437.5342385 -93.65767268 -41.71618216
-103.8966074 505.51563 -183.9237119
125.6658856 -99.16746722 -435.3032869
-39.51407226 202.5124144 85.53320352
-292.5879922 491.1302084 -272.8793885
317.8317891 352.1450038 -240.2186277
385.1598147 -253.6377705 21.76230263
-409.5685688 -19.82529622 -220.298376
148.9063088 -405.4224611 529.9172773
340.7332573 416.9710666 -364.508678 R
-135.8527645 -355.7341393 144.2732085
535.2698391 -416.4471218 140.7218056
-496.4176283 86.08250232 392.7161682
-474.4432229 264.6162067 -134.5725501
-274.6125812 -204.3352539 -448.8507133
231.9707156 112.599539 237.2345366
421.9670608 46.97143977 493.7631299
97.84250582 -190.690775 -446.2312813 R
94.26478527 396.884952 -199.6527721 R
61.91805602 -396.0248514 -98.5066565
-482.8693377 -375.6757466 127.7806299
-41.85950836 224.8762377 352.2129753
168.5065689 -116.3788778 -292.6696508 R
382.5076897 -428.8334264 -396.9076427
184.7886434 280.1951234 468.5924356
-250.1937084 -312.9267462 147.6755191
-468.8335443 -470.7109078 -231.1281048 R
-268.1479706 -163.3042999 127.457608
526.883274 -191.5569845 -462.2212713 R
38.87723954 457.3269604 -361.0687675
-472.8338276 -519.1287257 -150.4935071
-236.5671443 -486.0344601 -496.6117622 R
144.5830091 -492.7286338 -78.77955817
-0.1242988936 181.1776304 45.69343905
239.0403197 373.4861668 -46.02493778 R
-478.8408783 -450.0378649 -389.6926658
-372.7292928 -226.0966916 -273.7589986
460.9215858 165.0705901 291.3165687
-29.60264035 222.9556304 24.92712287
124.2106762 225.2049511 374.89319 R
-497.8055154 350.3739247 -207.8577738 R
-52.45004373 441.6270976 125.4056243
-241.2843329 -510.6360497 -56.26349162
120.3674687 220.7810737 -273.1931901
-349.6370636 310.1444598 260.6929456
109.6513625 -336.9055275 -137.1824255
-385.4264837 -346.0721765 4.832194359
-242.3259868 235.5034125 78.71230989
-504.8302312 -510.275511 120.36945 R
332.9335995 -277.1118956 42.07488212
51.91447346 -434.7569074 -53.4282008
124.8693182 215.2028247 -219.0518962
-100.6189425 -441.7268567 -72.70724853
-171.4809351 168.6551897 178.259869
-453.5896476 -6.015899517 226.5414034
-494.3631954 281.1887504 -308.5143159
172.4181247 253.0275679 11.66521286
275.0497308 -271.372992 -209.8103883
423.407768 126.30191 466.1365394
-66.51766746 -160.2154236 200.7357868
-516.5738455 -495.2630824 494.6298007 R
204.3283097 -366.8604409 438.0987033
493.0095023 -377.8305887 -150.6714538 R
525.4093871 -370.7492275 350.1757413 R
-3.49874697 11.48834804 32.10615007
-395.5256505 -31.15650432 442.6401262 R
451.2853067 -90.05734643 215.0575687
-473.6181726 197.4094782 525.2182587
53.34326604 -340.6489524 -12.7993344 R
355.9448328 415.2034076 -291.6290219
301.5203065 516.3150411 241.0336759
397.9596762 268.5388519 160.5522196
406.2828109 -28.41250295 23.53857273 R
86.66783058 -235.2973227 -298.4997308 R
390.4188647 274.0198507 -273.3750573 R
-328.938356 291.9359 -2.846310445 R
-19.87084187 -331.3746894 173.2603094
261.0176531 -297.2567313 -482.1274139
82.96445658 69.2716931 251.3794085
-191.4402429 101.8643628 7.699567468
357.7763354 -365.2182912 470.4937866
81.46823629 169.0173331 161.1031137
194.9732753 -515.2086705 -222.1008821 R
-215.1671749 130.8784377 -350.4829303
102.0278584 371.7964387 179.8741865
-48.70699544 -354.1497617 -311.1838618
447.573899 217.3764787 13.60082876
-514.4461652 -306.8998519 -147.8220648
14.88301131 347.1211406 391.7741284
-350.1659955 -192.4874292 451.5212846
-197.2310905 347.871617 -306.5816497
337.5700432 166.4185482 -370.5642147
-390.9391964 337.0536936 -151.5779645
170.9434173 -235.4658025 -118.2334689
193.5172419 -131.691035 -472.2992696
-164.2125519 247.9562987 -68.48545269
-105.4744425 206.8889751 -53.77805053
293.1106713 -214.7514857 -326.2150617
449.9126637 -152.5298967 -187.2660903 R
0.3025623397 -384.8518811 -132.7846998
-498.9481424 180.7194988 367.1376605
-60.01542866 282.1460614 -413.2462362
-56.62604548 -90.71085886 219.483814
103.3354668 -14.42709368 -188.9244661
-201.4348394 394.4504443 302.1415567
-213.2823278 180.5231416 -395.5905013
471.9057495 -456.7147204 138.9691847
-27.00166067 -62.1859245 181.4264989
-320.7938227 156.0517845 225.1169905
-486.5084332 331.4567351 -390.7826652 R
401.3961436 -484.3230333 -20.47681776 R
414.3124708 373.0762299 -396.6960656 R
-423.0377869 386.0511793 388.7481519 R
-228.6444393 515.1564448 250.366345 R
-363.1962127 -4.933132192 340.4586875 R
-44.84128664 464.5871418 -331.1777277
-45.76472137 185.5036409 -152.1494205
-388.0910183 -272.7317097 -312.3466906
-492.928826 -135.0074831 -379.2238313 R
-278.9930807 386.6944693 256.3723845
-195.4789861 -446.9742867 -411.5390774 R
25.26556163 -317.0088364 257.6247659
366.1118849 340.2402 -91.43183762
518.1944602 -284.5918032 103.8264362
-244.9869972 214.2758173 -401.5317233
-443.8734988 491.2316767 -158.632749 R
-200.9932115 -471.0775423 420.0913104 R
-300.4393226 -436.0663491 -264.2912575
-415.8315653 143.0729159 198.7166862
-316.2263853 -306.3834361 120.4249802
379.3660156 -3.44832637 -234.2877998
50.53310942 286.1113459 -82.28784337
121.23372 521.120004 185.9320318
488.407526 97.24515713 72.46869034
-234.9627553 -90.2726267 -462.5779469
-294.8783638 434.3428977 46.23851212
-268.0126428 -298.8492367 -52.04959575
-517.1851832 364.5932447 -44.47639414 R
-95.23078342 -198.9687022 103.3797761
-205.0813266 -477.3813716 -309.7916863
-503.1857177 -366.1962392 385.2829859
-100.8998615 41.70790663 -275.5537537 R
-332.315149 486.1925631 167.5852946
-446.4038048 -402.700807 -150.3377405 R
-351.6900429 293.1358578 -307.9279556
484.9023076 329.017425 2.908305133
345.1158103 203.4662239 -30.05904519
283.9305987 -290.7491012 414.2795273
-381.6693568 -208.7477673 -250.3443313
-538.1027401 -186.9432508 -50.13359847 R
-460.3143793 42.41067712 208.9487034
94.39529873 -408.9000469 5.388759513
-5.018110242 463.7379194 452.1462043
-327.6290154 453.8473592 395.5637988
-303.4017455 -116.9160308 -384.8570587
-146.4198482 389.4818172 70.46046975
448.7126771 3.93433211 471.8764952
423.8371565 263.7654971 410.6853119
-545.1189889 -429.8286483 312.7241247 R
-329.0778701 -488.0204995 -340.6702776
-50.73913168 415.5357421 186.92752
-439.2786701 17.62996722 469.3771064
373.5897966 109.094385 -228.6925994
-135.2303248 395.7045206 26.73141809
310.6647747 496.7499008 63.85666598 R
201.5650709 463.1384394 -131.8317439
192.72918 -204.7440222 486.6125902
-132.8280699 -90.00432276 413.2025313
136.5969303 -449.0085883 -341.9434471 R
468.1469173 -526.1924999 326.4995801 R
484.4909011 40.94661238 32.29731036
65.25042808 474.5444747 -541.3958041 R
-386.4048213 -63.34330085 14.97565749
40.8730469 -290.8301424 445.2421266
258.4101459 482.5557621 -396.1445787 R
-168.24886 -127.9727367 -223.0768243
-37.07172155 -39.93644955 -38.31057986
152.7065571 -143.9190849 237.7069377
-505.0311547 428.9740952 -419.2530412
527.6119921 -292.4536522 364.2521275
-501.7522444 -297.0241466 350.4780736
85.24303072 358.2826589 140.6690594 R
361.0387392 -25.91451796 -174.4030258 R
305.3696611 -252.3911952 58.28031738
-159.9435681 209.8992829 -241.0039925
-44.71820785 -189.574843 -142.0798728 R
-507.9523801 -284.1446188 408.969589 R
-24.11981137 -451.5632123 -213.1229869
305.5475477 436.0227197 157.8415797
471.1345342 240.5431495 175.4251126 R
-80.30994442 371.9667315 348.5078261
70.84324767 311.8693624 -311.3626213 R
303.0946094 -213.7259828 -226.4694965
282.4649983 -98.54688838 350.3393303
-125.5604763 -256.3197497 -5.896324208
118.8627517 19.24037092 -506.4497255
180.865351 80.14727379 -375.0247393 R
256.4841172 -386.6076809 377.047193
-467.7111281 -257.2670132 -494.1019909
344.3474994 -353.749445 -376.713624
299.2617273 69.92903728 -516.17237
11.88564015 183.9988822 -483.7251422
-168.6385269 78.76126335 309.9281983
-181.4902924 -192.0939854 311.0108099
80.63802855 -457.4886726 49.57221509
6.374134383 181.2231605 51.6296964
70.67793627 388.3587426 -234.72198 R
44.78485722 -491.451486 -118.362787
-450.9925636 -165.3913136 -79.89555534 R
-34.01653782 -45.56605281 -435.0368622
195.9835651 103.2119079 431.2591447
118.764605 395.8952866 180.1504926
118.5376166 -214.2285524 171.1742623
-108.0077776 519.5346143 167.7291444 R
295.0598983 -95.93205456 93.8523916
-344.5550539 482.0434475 439.31593
-440.2398468 141.5542859 387.3274327
415.6117661 154.246865 303.9727408
197.556339 523.4542956 273.5371989
-351.6040882 349.3547716 -349.6677467
349.0659527 146.7756779 -85.29672082 R
-449.0592886 -109.460253 -209.9638281
-215.261022 -427.1064068 -407.7969545 R
164.2126452 -436.5512328 -467.5500672
-458.9618842 -521.847968 -203.6129176
-41.80581337 223.812744 122.9590654
198.8397112 -449.7894811 445.6988295
364.656007 -372.4689756 -160.6455409
67.59950038 212.0118802 -471.2613934
473.0829038 500.4426347 -284.7834628 R
360.6275879 357.2771115 -236.3667141
-366.9814102 112.2491497 -40.76100605
-26.18028116 -283.0832362 -464.1014155 R
-438.4104727 266.1246654 366.6654128
-238.5743742 214.2807504 398.3302015
399.1448935 76.34131369 -139.2373083 R
-407.05349 -271.109953 295.6042988
-336.4720074 125.1092373 -204.2951635
-511.4565882 -484.020439 31.72654384 R
-250.1105784 379.5718918 -388.6401748
-70.84945863 -318.6170304 -48.56394268
-229.3897111 130.7300209 -278.1850743
128.5646578 185.4830806 -182.6712629 R
-357.8156878 354.2267678 417.5018612
105.8124943 510.0773121 -217.2668761
476.3988952 -137.7991119 49.99015914
-523.6290437 529.2491958 293.698134
-464.6373153 2.315510713 14.81150213
-487.2989221 146.7440191 395.7922447
32.28308547 -94.38804793 -294.7925904
-426.7534359 -519.693996 270.0082781 R
391.3291973 504.3827307 211.0517418
79.33947995 319.6634536 -162.2765515
243.3008407 305.1869255 -326.0939095
-197.2626657 -369.5217843 -230.564426
-371.7246148 304.506205 505.3192133
-398.1969606 476.0574991 327.9592779 R
-240.1443475 -182.781891 258.2408885 R
501.2820147 202.1076765 -114.5043573 R
-402.0138343 378.2590018 -306.6935435
396.2618519 309.0058554 -27.85995553
224.5269689 -438.1211189 -426.7130488
-480.4165877 94.4131307 178.2702488
-80.28635945 24.7595832 489.1949528 R
58.66844998 -212.0100632 -219.99297
-185.2653752 485.3504345 12.80670144
-472.4144068 113.0779183 -199.818016
472.3275703 65.23949083 149.8200365 R
-327.4998671 46.34179437 -329.6756721
281.1245633 -8.491776047 38.29480597
-5.334003472 -425.8749125 -296.2617808
-398.7441914 244.28106 492.0489426
522.0364168 225.5951069 370.2644987
-72.08781429 235.754995 214.9715542
370.6589673 414.4924578 -521.1467638 R
225.98599 -463.6798381 -399.3978775
437.2052643 531.8407852 -268.2887068 R
261.9866478 515.7065476 377.5420237
-101.4460836 444.1556664 -119.9084704
484.7475795 -174.8144423 264.4490188
-300.0265407 123.0415929 -94.04538365
-4.612224519 120.1957498 -511.9189998
-401.922117 -161.6278869 148.4485239
365.6874326 52.0546672 -416.9531483
258.5639075 352.2381437 386.961186
-342.5154804 -236.0799996 72.53520102
425.5587454 -205.7200682 533.8918261 R
469.3613571 -500.8326579 -41.72435818 R
-421.6547701 -53.79032442 -353.2261425
-223.9984139 393.3970525 296.8363747
75.08113308 -59.87238058 18.83950613
261.1193263 459.8685179 136.8889543
524.4844841 512.105327 161.3901554 R
488.9600175 71.67884866 81.93729455
-279.9927604 -136.3746187 131.3201173
364.2263409 -267.5770879 507.1757702
-41.23808154 -380.9811163 421.3712025 R
352.2219356 284.4515759 -112.5150644
-452.4134267 203.9907352 -37.24366575 R
244.3222012 -114.8426489 -154.2387005
379.5869183 -14.05305651 -206.5853927 R
-10.36655137 27.12320014 -220.8920334
-262.3654639 174.0406962 282.7858885
-276.7517834 110.1574099 7.345686184
226.9707672 51.50908657 385.5582092
520.7801085 465.1090843 -18.73724244
359.6995933 279.1924776 487.119742
-0.03226953336 444.0474486 -423.8185264
-42.58505031 287.0297295 -199.9115113
367.9552356 -40.31579436 -107.9542094 R
298.3066993 -243.059301 -457.7064598
-373.0820127 115.1007747 -106.0048306
-125.340022 394.3071328 332.3077711
115.5804853 32.83896067 47.20591819
-214.4442692 17.22201639 -470.0820092
21.16584266 -225.5488727 -62.72143637
-428.2250431 425.7202033 -119.1166659
-405.6491902 202.2275966 -94.76090229
108.6368777 513.557377 67.90607675 R
-487.345476 205.4822463 27.97018672 R
-477.3798366 311.6475831 178.423719
14.81488974 -515.2568637 -98.87958026 R
-145.7233762 234.4065563 -173.2236583
-180.9473473 352.2970102 341.7771344 R
-127.7029903 -237.8663296 132.8452033
-179.9598328 140.4047837 265.1828158
-46.85244246 245.4262572 31.57222215
201.1982665 -233.4956852 460.7588468
-42.41619611 496.9230612 486.9177923 R
419.6404866 168.6478113 -456.8716907
-40.22501057 -11.80833961 -139.758623
-121.1108769 286.1764614 -177.6439026
441.1177664 164.011091 341.1016511
489.5429583 -292.5352986 381.8436942
-132.9874854 363.7793696 135.0115562 R
233.1912114 147.5962341 154.4767753
202.3581073 -320.632134 -232.5653046 R
-459.525849 -519.2411767 91.44523317 R
-342.2357546 112.7221882 -303.9817064
-399.6254563 -26.3731745 162.5984416
-134.6207665 5.080467829 236.9350195
-243.3000532 74.79280285 -28.81790731
33.0691462 383.1057983 451.3292912
-327.6521779 240.3879745 -96.38916083
-432.6035652 232.2207154 -125.8493969
-393.8534481 -399.9077674 -443.5533538
-83.75608797 -294.826211 -327.0363351
-296.9396725 33.08228364 128.733122
-12.71619955 -235.1446939 -336.5193731 R
3.753591327 -341.7310363 -403.0328976 R
154.4082468 202.9604763 477.563426
13.90935192 -312.7140862 77.82140198
490.6097971 -227.7705578 243.8433551
-468.8614075 -347.0620969 120.9426884
464.9676412 336.0189422 225.1027852
-109.8776602 -504.4849082 169.4598772
-321.0645488 144.7424734 130.2244536
-0.626147445 -532.7662694 389.7647019 R
519.5649457 -285.6313051 -402.7681541 R
54.82945227 197.1873709 -55.46514667
-430.271922 -416.9425368 -315.9875932
-202.5711997 -441.4648429 335.0803475
-474.4413163 -178.3820126 6.041541557
253.9852389 -200.5223273 -16.7932564 R
294.0059296 420.0555075 85.71196197 R
-151.9216058 256.7941365 289.5696164 R
255.7743484 -168.3396002 326.8624916 R
383.0437192 -356.6058682 -400.216711
452.4625474 -26.9929677 59.4328515
223.9349827 350.141239 -242.6368951
-163.4105453 -29.66728072 9.8870159
-203.8079262 -180.5463688 -375.4884999
-105.3191352 -269.1839946 -344.0838677
-193.5019917 -232.8216874 -522.0912719 R
5.149762816 116.4070562 -73.47721587
-274.0929496 -311.5060449 -433.4642551
-526.1480074 220.7376772 332.432466
359.4269339 314.1439099 250.9573333
1.55333332 111.3857663 -290.4347653
-22.75440099 169.6060063 -125.3930815
-107.635298 60.89463071 156.7745247 R
-116.01491 -96.1228262 266.4585866
-502.370735 -153.987285 304.8663766 R
495.7716414 -502.9975552 -436.7012377 R
-230.6623636 -375.0531462 237.7426517
510.1180697 -0.1790215975 484.3264588
-243.6495785 135.40106 325.8942758
-110.3654829 -416.1946027 -8.709691203
-42.6109596 -31.87184469 281.9968165
527.0980396 -49.99125291 -449.3267297 R
250.2100241 -164.9692454 46.09909559 R
161.6081795 -495.9131781 287.1443666 R
-362.1181257 -398.1881527 413.5286841
394.3819384 -433.428016 479.2109912 R
-31.62003645 -74.83830622 334.220543 R
143.3637998 -221.7919453 -265.4680036 R
510.0015682 -286.5851196 -160.9863944 R
124.1140224 303.9485926 -199.3803346
110.5293664 -55.55487824 172.1656413
-265.6462519 520.8325646 -412.5112398
414.7917567 -405.7988886 195.1292546 R
184.5748303 496.5772679 -477.3585917 R
371.3958193 -481.0486531 -308.1386372
407.9939469 -103.0880217 94.26781435 R
172.5371973 308.7200243 -197.5058828 R
-390.3881464 -34.7760484 189.4969521
-393.2993205 -108.3032916 -304.6080376
-107.599773 394.7390531 108.5096969 R
-411.2336033 -422.9866128 -407.57439
297.1295539 -466.0722343 -39.6760802 R
-318.7649209 -378.2946746 -69.27592587 R
-179.8355453 -336.063983 -266.5942749
-449.8907778 465.0301423 -124.5692374
-126.7631496 -259.4626566 -459.9583629
-48.9431617 295.0355969 -118.3625384
-27.30449696 313.2176268 -243.1330641
117.6171527 -188.2182473 -371.0712898 R
171.5780388 -401.1932397 486.1559503
509.4087495 30.23388776 -170.5001578 R
138.6468392 -133.1378166 -225.8412115
-468.0584818 445.0446977 417.7147842 R
335.3451195 95.89867382 -509.2759057
31.41119734 -114.8417035 526.763166 R
-37.96839303 -261.6459373 391.4359193
-188.258526 -384.2657751 -367.9055526 R
-337.9328266 -301.874687 107.6035619
-92.04209507 318.7610903 307.1032359
506.0459542 -299.2868636 -194.9115823
252.5158116 387.900292 -482.823691
244.8000936 365.9374827 -312.1327108
-26.64477003 200.4278774 483.1226891
-152.6215609 -205.970351 -235.581313
-391.4045477 319.7678946 296.7288268
524.8035468 184.0100038 184.333668
196.2705513 -240.8998968 321.4707154
405.5915837 -492.5569546 -192.9062093
270.5450699 331.3005216 -457.9573576
518.5510555 8.341209368 -238.4864484 R
302.2119038 219.2135787 -149.8520732 R
-38.57242438 383.3191648 -485.3821645
395.6784809 321.1171618 -94.48630996
505.4287843 -127.3809089 360.5546062 R
-28.93192921 250.4494477 -23.37686194
488.4700537 -499.3020824 -486.2298653 R
-204.2876992 -356.9878692 -461.2734653
-294.9813941 12.33530171 90.67294786
293.3007013 308.4243989 -224.7892651
-498.0688936 -407.6584107 -6.143512209 R
-352.1043122 203.5690911 354.4116834
312.5698567 466.3297536 -126.0637816 R
-332.6450049 244.0386061 78.94922934
244.9699663 -210.2543612 251.1259277 R
491.1177745 291.1150811 108.8629482
-3.795112867 545.528628 378.0222059
266.6159205 -497.4169601 30.1198591 R
109.4056691 -513.1990037 249.752407 R
197.9751502 -88.77020742 77.16137197
314.9844477 152.0438457 135.2717949
294.760293 -377.6521732 -482.6734297
21.09621149 528.1704913 194.6791625
51.76545778 348.7270131 -477.2121344
-319.2925314 37.43394804 -492.8598015 R
-491.8132643 181.1717263 -284.453873
-81.02148409 -276.8758537 146.0797738
254.9372995 330.1714279 397.4802489
35.34224571 -28.35139948 424.650355
-332.957853 321.0225695 -496.0474609
353.840128 124.9501308 378.3029968
108.3920421 513.5624385 -9.045304054 R
-17.87976041 439.297388 290.4146509
27.88746486 -44.69130255 -25.9358215 R
234.0254454 -444.0718367 -147.1043534
-313.1524852 345.7490703 -110.7617362
146.2870124 440.1403097 -44.53805086
389.5199067 353.5318156 -364.0611862
-244.6741825 -492.2344615 -374.5239424
-295.121976 -363.8587615 95.14990611
413.8588511 404.3673581 -432.9779989 R
-481.5693615 434.45684 -70.15761547
-483.1235356 228.7680974 156.2579798 R
9.642324658 343.5365523 -451.4104013
-173.0920268 -459.1759063 18.77648344
99.44688406 -42.52533714 -132.614428
-167.46431 -470.7498252 39.19448927
301.5116977 -200.0929828 -315.6525131
-215.1624477 -354.6772276 365.7826548
-346.8716936 -383.6959333 -393.1579866
30.38589924 377.3294931 -409.9112824
-198.7836112 -90.7650855 -288.3173087
254.6466708 187.836667 -443.3310109 R
-162.0468528 502.0299037 206.0225878 R
53.74833226 327.764462 -255.6810013
439.5398112 250.2579163 -66.99233495
343.564136 -187.6442496 183.891688 R
453.453094 248.0247096 -495.0842699
332.5800962 -146.2473696 -486.409075 R
324.7837293 -351.4833116 -28.95417035
-152.0212738 218.3942784 -294.6702962
94.07336859 403.5993195 -488.4520941
-416.2756543 -391.4883251 -50.59150356
-363.6100431 4.42558898 -360.405473
512.4820966 -180.1545261 -276.3205211
-151.9358596 80.48834209 136.1900003
131.4617986 89.8907426 181.718799
-271.1535208 26.56938698 -415.2681297
-220.2127747 -149.917395 47.26797633 R
261.4255039 486.725989 50.62806449 R
-415.913182 -455.1547646 236.1231408
-148.354638 -236.9958088 -165.4607201
58.62006719 548.2988613 -100.473762
275.5523069 282.337091 242.714294 R
308.9252305 -213.7196625 -370.0198556
-389.3770643 282.1973754 342.207535
-310.6213505 -312.4937877 314.690503
-95.35636814 81.04098591 -387.0724522
402.8533526 232.3776726 388.0382301
-300.9659724 68.06939831 -174.4630762
411.9240198 -505.1038037 333.1158789
-243.4380637 -73.18853354 406.0664866
-382.2410246 203.5633621 342.8519258
-346.6715761 -384.7157379 485.6151667
-46.96730526 442.9843188 55.56841268
409.4572558 -69.71863373 271.7827357 R
-26.31304238 -416.9498538 -251.6103752 R
-74.68925279 -122.6859776 -112.7636709
-406.0881319 -443.9946814 298.3918646 R
205.0964913 151.5989121 398.4721187
-95.39513109 -260.3055896 -42.50216596
23.83898319 239.7279079 -215.4388644
188.6032582 -213.8228774 -460.7822661
-435.2412647 512.766314 11.9630796
415.2013194 538.3135589 -308.627807 R
141.4384626 386.3851327 350.0387163 R
-7.698416479 -445.1744791 -96.29527941
-21.17805458 249.5274764 203.4072186
-467.0067758 93.28190252 -384.0488127
511.5028573 145.5035841 -490.332846
-422.763529 -298.1411765 -153.2016445 R
269.8170325 156.074806 280.0521397
84.79925545 336.1973285 267.9389441
400.597833 267.1525942 315.5133453
-319.2950213 -411.2781313 510.9328063 R
-310.3311142 251.5980809 185.7745766
-217.2999515 319.0060069 -100.3798731
388.4484969 -137.8303613 -314.6325407
-229.8604503 174.1774162 -45.07293383
-311.5916798 185.6114698 306.7960214
387.9504228 337.4574055 314.684931
128.3716268 93.5257097 418.3251674
162.1898384 466.5081612 -231.7682257
457.1227168 -17.47889191 536.8436042
-85.53235264 -471.0903091 -429.1102274
-144.2660411 -248.5035048 -356.9322601
-37.02503329 -275.3769829 -212.7212887 R
-516.2070428 -137.0768487 -533.0465836
245.6724593 121.217438 189.2846618 R
46.26129127 -400.9575265 398.5284286 R
-214.3638345 411.0257531 -160.4509125
311.325661 519.0782233 362.2872578
7.499744835 441.798726 121.861912 R
-341.4472815 -308.1174699 -380.3486776
472.5422247 -354.6771058 118.6427594
513.0894192 -439.1618472 -330.7951485
375.7914246 311.198032 506.7132358
422.0754274 -352.8917663 -29.58868799 R
190.5048676 -298.1256551 483.9781055
494.4778583 -46.8972224 -16.9856258
-178.9842673 44.13578486 -318.6167877
285.51722 -518.7579839 -423.0605473
441.9290064 -27.63623811 -396.5327058 R
46.53858379 509.3528902 69.94649631 R
-35.1296106 -477.6319417 -120.3085526
-121.9371483 180.5014205 -27.00668805
-443.9358671 -54.67238374 304.5366272
-82.55044942 419.3439703 273.463779
486.4161269 -380.6406319 -363.7961958
-189.7590187 -286.3338631 -455.7525192
-48.70413237 -33.23702185 272.4019216
-178.7659942 84.40846802 133.5454749
-407.1204697 -32.50857458 -47.86315601
-399.3063565 141.1990252 36.14551876
-40.32295689 442.9281571 -436.7091368
484.8270104 316.2441671 525.2377483 R
-23.07207477 -361.3363728 275.6701568
-461.8519862 140.030212 123.260724
252.0344852 -35.76070667 121.4368887 R
500.8295409 478.9775945 435.7984854 R
-439.5720469 140.5630861 395.84575
295.4901464 -199.3569657 53.35535869 R
-61.92772725 -488.0468411 -252.306084
-353.0273319 387.1974004 217.3404063
313.1440553 -472.5219489 80.64688886 R
27.52290222 -14.92177471 -121.3964563 R
-127.5714811 209.8363612 -256.6019646
-93.06671827 -302.2773361 -341.2800494
-6.848879032 -489.8694529 -379.7389828 R
-335.8436302 194.2171705 38.51423922
396.4620149 430.3681819 -434.4551014 R
-139.9053542 268.4644791 -398.4516483
-380.0779031 513.4785264 19.22027741 R
-179.3963287 396.7236749 -187.5319445
-293.1406862 -205.334446 417.9978192
-93.02538164 106.9559192 -270.5146722 R
240.3582573 -294.4075639 -144.4126242
-190.8635979 -196.7337815 77.49649224
172.948483 99.89867264 -196.2550737
246.5515308 465.0569937 362.4628431
-409.5730072 -233.9525986 514.8732538
-73.51908285 59.45811334 523.90836 R
-205.4448282 312.8576243 21.25577279
-370.9445507 -497.0898068 477.1559367
-369.5088966 -187.2569943 -453.7396496
38.02859431 278.3948661 22.40566728
257.3265916 459.6883699 -423.3713243 R
474.4971139 225.1197174 388.6907749
197.3778712 133.6268675 39.66722898
-257.2440375 252.4426211 -476.9488196
-200.3951731 -41.3143198 299.2823761
-356.2057262 -504.5409197 -197.5014185 R
486.2517014 159.5357754 -371.1651437
75.23755277 -215.5342713 416.8722342
-57.03760512 320.0936296 251.245244
-38.55186207 473.8532104 115.974441
-59.12260254 -63.10996509 47.79750113 R
432.1997062 -341.5884499 394.9119987
333.1466011 317.3451773 92.48316877
38.41353813 267.3814445 191.6591996
-68.12097578 -233.2879859 447.971025
-383.4933197 -455.9767854 -457.5044576
-490.6002171 -303.6856993 249.0859979
-459.8506395 75.63643254 370.7285548
-433.2674121 -212.3899396 -409.4743734
425.2118011 -495.4206399 -165.1520769
199.0765391 -168.7832314 -139.3009252
25.94279269 517.7280084 14.95835171 R
-524.493714 -250.3249258 457.0821281 R
-163.2504484 9.926844821 49.39987669
83.9645471 -126.0656448 -490.3463648
-462.5746617 461.8603835 -139.1848979
33.92807188 -234.7836714 371.2502724
-279.852224 18.27218592 203.4619576
-138.4906293 -71.74788939 187.1403287
426.770149 390.3182396 -160.1512067
495.6027616 490.0648444 -153.3462215
-80.06155943 -132.5429208 -381.9076524
-390.5861272 -370.1568527 132.9227521
-238.1177112 288.4464764 107.7015388
-292.3259055 -279.6547541 -233.9123055 R
544.68302 -311.3902854 -319.9054012
-130.3587191 503.1918036 172.7264787 R
-117.9541951 441.2073436 13.35953731
-348.1292071 173.1543722 -41.13880509
352.8962526 -250.6712033 -479.9175919
-314.7157903 55.51526542 -439.9846514
-386.7958599 128.5790482 421.5879001
295.6429283 370.17884 -250.4166952
450.0285125 100.3712447 67.13404623
-133.4731326 -394.2342438 -385.8050837
-71.63264181 514.8926808 -346.9643113 R
21.43496399 307.5739811 -161.2416939
-507.6247735 260.1246671 388.7327401
-237.7568318 -79.67587442 -50.39475014
-279.4602808 -180.6213576 536.2997692 R
-539.5655379 492.4484313 -312.6379152
330.6509409 53.70593909 -322.6227415
155.7066123 6.088605641 -182.930393
-235.4635037 -2.371072028 -183.7267329
497.7959015 -122.4896124 448.5264243 R
-202.8662816 -226.3798607 -48.39765041
427.7560867 335.5406524 165.6216095
410.0277951 -539.1749162 294.7920785
-294.0948529 -255.2934077 -318.191523
-480.307123 -443.7734978 -61.79977239
-524.5281518 462.5174805 306.8528572
286.5013008 86.76725562 -173.3763765 R
-291.4930891 292.0180159 368.9768159
0.438081111 4.416395792 -422.7010467
235.2254451 139.5331189 150.5957602
-297.4941635 434.5210993 -295.1026212
-118.4609286 213.4478032 482.3650611
-471.8557093 426.1336166 -9.884932814
-483.2726257 -209.3136148 59.78981763 R
82.51641847 -410.673092 169.3850825
148.8188693 -256.6519911 422.2567486 R
-184.4754782 81.38045959 -136.7969966
62.08515505 192.2279462 475.8493102
-294.7462438 494.8615229 -401.7015464
-195.7610167 22.97309622 76.62593803
-10.75111195 262.4242341 -148.2746272
-23.05391082 123.7845496 -526.5017678
446.670775 296.7337802 -102.4628832
132.2161734 78.86498263 521.6874061 R
-7.78074195 157.7439571 59.93872758
227.1195493 402.2086839 -169.8511005
-230.0455018 -268.7735726 -327.5346978
-369.9025337 261.5861701 407.0524029
-441.051157 533.1650208 -373.039883
449.3474995 -528.8837309 137.7898641 R
-145.732202 365.7497262 199.4305492
-205.9436109 -103.0928318 352.3135254
-327.1993763 271.5143882 -169.4219107
-255.6527551 -292.7222748 -482.0981528
-494.8102168 143.346366 406.9856434
-322.8574186 -129.7756287 -268.7689523 R
126.9629026 482.2692897 326.3330068
189.3986065 206.1023828 -357.4548881
-372.8668998 -436.0116219 -418.7193481
-401.0898814 513.6932781 -341.4043726
138.3977292 399.4645035 499.9851307 R
-188.3648085 -135.6158775 -153.7804595
-508.157358 249.8806119 -102.4983315 R
-375.4321051 362.812046 -101.5287745
-37.81280296 -199.762155 446.0493047
-492.647198 -9.233443204 -71.28947701 R
-188.7277581 -133.8793768 110.4030475
240.4028795 -203.6543197 -306.8852644
-362.0000182 -508.450064 142.1448438 R
-82.3743614 -528.970813 190.7981894
-89.22792286 119.1503795 -336.661522 R
-501.4034863 -276.6926627 -248.3881025
57.88504995 190.0213463 -306.2280493
-25.28126674 387.7320374 414.8451239
400.9752749 -391.3696553 -436.6274298
464.7422638 14.80866338 248.0661756
76.75817774 6.371970442 -155.9067382
50.10996756 -480.7478136 -216.0051511
-208.7583863 177.2576276 -101.1840227 R
-364.0583418 477.0315522 292.0308393 R
132.7451528 134.0720622 332.694076 R
-451.1001169 -301.3317593 212.7945427
119.8740171 271.7617785 512.0727758
287.1864246 70.47303643 300.4092856
-438.7440827 -297.5260496 385.0340766
-208.6650439 243.6657286 -237.5429856
-202.7432747 -154.1575515 127.8278178
-318.9172998 -333.6898446 -282.7341493
-94.691942 483.0149638 219.0103008
260.1932075 51.43950249 400.470185
335.0800471 -14.81743482 476.731308 R
-395.2132287 437.3475079 -345.9764248
-157.1778437 145.9114857 225.6316417
470.5735666 114.8698251 -125.0507678
-19.56395658 -72.16510525 239.0106915
-151.7096573 75.21169867 -55.52190984
171.1635777 473.0848716 462.719185
-128.5557234 214.4042979 -330.6428385
-194.7210003 144.1394369 38.65810937
-197.1772851 -438.2802369 175.3887744
-23.32769328 -355.1247196 62.23347752
-290.0209262 273.5390676 485.1482995
154.5306805 385.893177 -405.6695217
21.29471057 54.24839101 -35.72261208 R
-112.7643258 -455.6957971 546.2113178 R
-433.7299387 -9.137621407 -31.80530954
-144.1147943 -376.6901502 92.32033862
-188.9981856 -469.4835613 -113.0853448 R
-315.5958455 494.2280975 -251.826582
169.6175351 406.5759163 237.7785269 R
-297.8922567 281.344166 204.2237528
293.8902598 -291.1253046 373.5017061
403.5082359 372.5687623 508.805318
394.5108735 342.4585247 -59.40189
134.0253046 -375.3376149 -181.2388866
-33.3003766 -441.2212966 142.522524
370.4826473 -444.2023351 403.8107095 R
-140.3241666 -362.2344847 -117.2972598
-19.30453345 101.2464844 -130.1802269
-295.0155781 47.57693191 -6.073562318
-389.9557796 391.3880194 111.4995863
-448.9527277 72.25515288 -239.4624786
-286.9537665 96.14593262 161.966897
-284.3591275 56.08655439 -282.7074042
-165.5880669 -147.3669322 -391.1637627
348.0571724 -333.1378906 -76.84778198
162.7794546 436.8403354 191.2790392
-325.2174 432.1267812 -306.3296161
101.376052 -499.0315607 -505.9934569 R
184.4307801 -263.9480712 -466.4199854
-217.6930052 -235.4579654 -154.7853168
-515.9184131 67.5534315 -492.671278
-46.98376458 341.4239715 -196.2178743
-51.03860503 -83.71141744 -448.4672743 R
-60.06867499 -435.8377094 -214.5258844
42.6887759 -424.2250567 -309.1666499
-13.82807489 387.4397846 -303.3093773 R
358.5289267 213.8501273 48.66550103
301.5648484 -430.2775563 -24.13984416 R
421.0855086 -137.2500416 -505.3325995 R
-65.83908987 321.7647142 57.35608588
105.7967123 -99.30736636 282.2447853
505.6426062 145.5828595 446.3639397
-472.2515255 -33.34712622 -104.9285756 R
-164.3873438 190.3859761 -304.7898426
-281.6373074 -243.2822904 254.1220469 R
265.8171092 -102.8544967 -294.6479335
-345.8251585 -411.041899 195.4838343
424.1159714 307.073313 420.0260029
-309.4088442 -426.5873735 -268.2937982
-44.02321863 -443.8442587 -489.9400054
-37.68408782 213.7119277 284.3417217
354.8582397 -220.9488573 -184.2877732
-234.7389314 128.7425826 -108.840103
490.1055248 202.6661359 297.4335268
-125.1439252 -438.5183406 -380.91406
-503.3164717 -306.1050872 230.567658
-462.8278133 247.8445525 301.6935808
169.7557623 133.8083439 5.026330039
-506.86689 412.7015909 -87.95240377 R
430.5643649 377.1427863 419.1858675
-271.615781 -326.6682926 -379.0779003
-83.17052972 -54.09085143 -521.6743509 R
-462.1954546 -240.7996378 505.7861366 R
481.2747111 -197.4636943 485.4487253 R
-371.8088032 502.7527584 261.371335 R
415.2105727 133.5904766 -410.2646439
-179.8265267 -275.8668622 63.74599555
-503.7732607 44.13175385 -481.1745579
508.1407852 169.0050194 89.08150544 R
413.2641971 -349.523396 482.0850368 R
313.0341041 -41.39241356 143.7815536
397.444539 -470.5316311 -172.6434176
-147.6427048 422.5524577 328.5753089
-108.0427503 -495.2728641 510.7707021 R
-13.78438837 102.6487496 -287.6356936
14.00612017 110.9373638 -496.2177875
-4.376901477 379.2863019 362.1267717
85.71358931 244.4392497 194.5108206
-352.3108275 59.89221185 83.92645057
233.6116672 455.4882782 440.1595978
172.9955339 273.3089762 56.66098621
-7.589283763 -522.0633185 388.1644421 R
-338.849176 -162.7178878 361.1499129 R
245.2649085 347.7742935 348.5584586
-290.9582754 -106.5459582 -47.44188326
190.5293238 -33.16318217 323.3180166 R
-211.1400499 216.9092711 -213.5724359
15.0546816 -203.0949017 410.0316228
445.5994316 -360.4556076 -101.6929976
103.6877681 -382.8484347 90.31759076
351.987532 -39.86734033 -54.38422229 R
-198.1138682 -91.02370123 -426.6506846
-398.2478586 357.4597889 234.5022979
-307.5623862 404.0229501 474.1525628
483.2357911 454.6510033 -494.2449686 R
-150.1733156 -263.7160082 170.3789815
-472.4121524 284.2901131 76.74931183
-378.1207338 -177.7894429 346.5402105 R
38.66778578 -171.8508018 -286.7911963
-528.5478599 36.64885541 -448.5216636
-205.9529873 163.8931732 158.5628713
301.9288311 433.3253519 526.7735407 R
-475.1738906 510.7901676 489.9732731 R
-34.10060936 -188.0448336 -68.29956667
107.7701191 106.3489256 -48.26536294
-463.588367 -49.80811788 -90.21716819 R
-318.0848205 312.1322617 -186.0364961
-317.4124416 -136.3216678 46.10691999
-544.6578191 -126.5599071 -255.4167038
122.2570316 497.8294862 -135.8486486
255.6008016 -92.06942656 -541.4858201
360.7594892 -408.8512394 360.0690075
-289.2724667 465.3718164 321.1813287
111.8065171 175.7642483 -329.9372785
-333.8875924 -420.1177014 -362.7080124
390.1184654 151.5405035 -135.8138444
220.0089596 512.7405944 -377.5772972 R
360.2722528 -189.4345947 -430.303243
293.9942616 97.62398714 -524.5174062 R
329.1738273 33.33011895 183.6791196
-462.7720616 -204.28694 -218.5234616
105.1063256 -113.9365312 529.3780337
-305.5697139 128.0414574 224.3840509
462.7965468 0.06105786324 200.8399914
-65.10612337 322.1476251 305.5184012
433.3104048 -34.87561189 -232.4447524
-362.7054779 126.0677626 495.1213801
-99.40486428 -299.7785186 422.1747257
161.8315851 -383.7259794 290.1453623 R
183.3081973 -291.1736797 344.5236067
-285.3457746 -380.3316057 -462.9351215
-454.6406538 456.3654452 402.1327618 R
94.54529976 478.8063762 456.720484
-55.97021425 130.0959015 425.617448
204.9199001 -101.4089772 -107.2528198
107.7925922 89.23530434 138.9079179 R
-197.8865186 -247.6286049 444.3118351
-399.1202196 -485.6398808 -354.5463261
353.5071766 219.6900782 -324.6448842
-469.2417041 -409.7394528 443.4795468 R
168.3948373 -102.779899 -396.1005724
-110.1856062 -181.8783843 -243.1112311
3.461800635 418.590818 363.7214044
370.9411689 -493.6138439 308.6885961
457.4263821 -110.4548919 53.95603285
380.3262363 -504.0865311 102.1336908 R
249.1237775 -198.497034 -296.7619435
236.4384008 443.0206051 -383.3394375 R
-527.9244397 -416.4168058 344.8224891 R
39.43908242 376.2915699 445.0105012
293.2015286 260.3353258 433.7384311
383.9890159 34.67946056 169.3721215
-130.8905493 197.0441891 -27.28041166
-333.973941 -58.01956446 518.3467512 R
154.1454623 97.20103083 -301.4692774
-481.0588373 -342.4009079 369.1390764
196.203564 359.6089245 -353.1760012
371.2850717 23.03871658 -114.4168974 R
-367.46722 -225.7240833 -417.1921898
-418.177033 -125.623783 273.6567999
-315.133536 331.0312672 453.3067993
-153.6566127 57.96116678 -510.6359155 R
-93.75209027 -400.6306701 -143.6377105
71.12074722 -239.7443632 -53.76150286
-166.7224891 64.07080341 -67.4301364
-513.2274282 385.5642947 -49.12517706
258.8509973 43.57538051 -174.3096074 R
45.21722412 299.8731428 381.3245539
-208.424544 51.23094455 450.1921588 R
133.6744559 -346.422111 -315.0462634 R
181.5351983 52.00163142 461.304191
413.1585388 -124.0832307 437.1162352 R
217.9407399 -40.38873728 398.4396034
-412.551008 -155.5112689 424.0197028 R
256.3364241 33.97796543 366.8070274
-434.1422654 477.9891832 -278.8886008
117.0007961 51.98244769 124.4160813
-373.8321936 121.9660495 344.0532579
-337.5055747 -56.12678648 308.0324525
429.3714615 -346.8890955 -382.5007091
227.219114 -316.8109921 -74.63712499
49.80969065 -384.2555216 -300.9655387
-19.016597 -255.2416685 453.2280623
-28.48229806 -291.8211821 -382.8207137
-487.9581754 69.37520257 111.8886248 R
-225.1855452 -471.7466532 43.55311035
314.3313819 407.8422312 170.5149857
-177.4731596 426.6104783 401.395583
-275.4669802 504.0857779 -361.1779383 R
-416.7527244 -377.0290192 81.40408136
-286.3468931 420.4901584 353.5979173
110.7768056 -510.3657037 -446.2870245 R
385.3640847 241.9218043 354.4891098
300.7494839 304.5214106 398.3990927
-21.1599028 -13.82695481 274.9758832
-17.45773865 92.25042877 409.1438235 R
414.180841 48.9603649 -261.15386
122.3406293 6.05332974 -193.9889934
164.152162 -245.5296837 56.85287844 R
409.6443453 194.8560992 152.4602215
436.6541929 -73.87182782 -359.0115693 R
-353.6561888 262.1611282 224.4922307
20.25328821 8.520122319 -201.9384947
113.9082392 5.080181844 306.8779928
-116.004528 -129.2640858 44.87205809
1.342947937 434.7182069 505.8879255
-254.2657385 -519.4665127 12.93162625
-496.2675076 -68.95062378 49.44429999 R
508.9349535 -20.93393422 280.9887368
-292.5844054 -140.7540759 -221.1890644 R
-473.4085251 64.9458545 -242.7800349
472.8559861 81.57611762 -209.5446538
481.7694883 -285.812194 -132.7464635 R
51.37520196 -72.99036479 -198.7861376
-374.6873988 315.6085527 -427.050091
132.4160441 325.6908612 220.8697885
-275.84575 9.069692305 -480.8630519
162.3401046 -449.0141869 2.12248356
379.294671 394.9307919 420.4598554 R
-190.8259901 -274.37469 -79.73529409
-76.94313879 -299.5646602 -108.3129685
-194.7531995 -364.3057324 391.8717548
258.037989 -186.7710959 -116.591723
-85.93008185 -379.9525443 -503.5832673 R
-407.5027113 399.5669091 428.1877609 R
145.599549 -335.9442844 -2.709337485
476.4914115 202.316963 -230.5295312
331.6518084 -27.01511514 -214.1977124 R
-510.1013961 361.8929761 -255.5330036 R
427.4142969 504.5875112 -525.5894344 R
-365.9428385 -108.7082358 91.99135479
96.21086183 -74.91042481 414.0106275
262.8561446 77.54064879 289.9160864
129.561269 -160.5058669 -315.5019706 R
337.2015405 182.3433715 8.320358425
192.8525788 196.3354577 56.42734701
-518.3204799 32.47718972 -389.0883538
-277.1973452 269.5897338 -286.1533442
185.6924535 -8.200393587 -219.8986393
-452.9302673 386.0307177 269.8204376
504.5944681 -99.11788136 -418.5015802 R
-396.4621488 -66.64783342 -44.98215332
357.8996297 -181.4971393 -140.1614578
358.7273393 91.51890491 224.004267
401.2315009 164.9811465 19.1459381
315.1580859 -306.720649 -486.6026523
133.8274221 3.883835002 -233.6713596 R
-317.7316788 354.1017016 -296.7686015
512.6442518 31.8724546 115.322617 R
295.4928997 70.41440451 -501.3969999 R
157.5939646 68.3550761 -175.6670062
19.93905919 209.5303184 453.7536226
-389.7423969 -127.6288151 181.8506748
-17.49036165 -150.6820072 284.1786636 R
-497.7504731 406.4428708 522.7686197 R
339.9116051 -462.2826673 143.3899146 R
101.0205754 -271.9868357 -224.7268296
506.8132805 117.2828047 297.5868141
512.4121465 466.0408108 -376.1135776 R
-19.08925748 -8.098849263 259.5393807
69.07108057 76.30593544 -277.6195765
-257.7498265 282.7591442 -515.7283653
-359.4102964 241.5460952 -404.5727971
430.8131872 -62.97387373 -316.5304397 R
-298.0894743 271.4029928 105.6977601
-163.6051565 391.6874466 430.3294573
-274.4566746 -424.6543503 -257.9267546
59.9001995 -394.7140563 122.6094068
441.1589979 507.8870875 -232.3029855 R
-141.9018009 535.6384973 382.5038011 R
111.5390256 306.4484256 221.8571877
-249.0092433 -437.5617613 252.9514935
-452.19837 455.7174726 -47.91064267
-290.9275211 -501.6604549 -234.9846786
-139.7962759 -103.1728672 299.2539192
273.7444813 482.5735377 260.3431854
-140.5734828 367.2085108 358.769382
486.0543452 135.3844042 -268.6709932
121.2612296 435.2298716 -417.3426537
452.7538062 528.5103572 -448.3989343 R
421.4458259 -432.8628623 -466.9943115
178.1494767 -226.2091149 -200.8578545
186.6698622 -406.8118199 31.95505153
-174.9826926 305.1749182 446.8604784
476.5142915 46.01514765 -120.7530559
-395.2160061 197.1035043 337.4927814
-217.6450408 -52.11935486 124.730073
273.4884024 76.61238808 424.189447
-489.341367 -385.3434809 -367.7482378
395.2851699 156.2573292 453.3727141
213.9606515 369.5342087 -319.169621
-415.5790262 -56.40174497 155.4425578
-393.7888792 -210.2431774 -443.5438407
473.4037614 116.3129542 495.8033598
511.6289781 444.4933479 272.989938 R
-50.40361654 -172.5259262 -449.9946441
310.9224241 -61.89276443 189.3387805
-457.6245521 -411.4863109 -422.9272975
-442.3865878 61.92507877 266.8101761
77.94550197 48.85119814 -324.4348805 R
114.7883177 89.10676691 -372.2876099 R
-126.6953941 -84.22149022 -34.21774888
-14.62308369 354.8526893 -259.2441577
-307.77356 -459.1412536 -482.1149717
-279.8919477 532.2552876 3.59777189
106.2797704 205.7636926 289.9781478
-57.26501545 326.7373372 213.3437674
189.8661228 127.2619415 49.38973619
-101.7755926 -268.3462623 -402.3561943
-191.9898778 279.5571398 309.3254341 R
-484.0472765 132.1131393 52.43109906
224.1691082 102.9315397 -359.5212451
-472.0853286 -385.4648635 -1.696296962 R
43.65986902 0.1403871066 -174.2278002
-199.2920708 -83.23236386 -335.1206953
84.0550727 505.2589963 -106.7178046
-357.4647345 116.0331578 -86.84576314
-331.9545711 -39.24476215 233.3270364
137.8056782 -410.3391896 257.1720866 R
81.33493021 -180.4425929 -67.60426152 R
-299.6677098 -498.7462329 131.2274053 R
417.8334966 -254.2195129 -286.580649
138.7980934 131.0482749 141.3886927
-332.8705764 -232.948312 471.4657914
153.9755449 -312.7301425 -493.8924617
-141.1054773 -326.268959 -56.1638038
374.1624438 242.5097456 329.2129455
467.0131889 240.6871513 508.6789793
97.15712446 156.4608835 265.2827628
-495.319885 322.6085022 114.9026244
152.4582944 471.9129688 512.0350308
-467.4895815 -236.2996715 -391.5774713
1.682260605 369.3557928 187.2655581
314.8209985 -526.2949201 274.9696454
84.94107679 -471.6547731 -132.8468551
-146.8342794 -135.7458932 398.2635579
-230.9440302 527.5702731 -370.4697313 R
-380.6799839 -502.0157287 465.2734608
-20.95626474 374.5708634 246.2205671
-164.8895884 -478.5272133 350.3117976
-174.6479202 -1.969635505 246.6468731
-1.265730943 -119.9499288 209.9396593
-197.1326077 -210.5771849 224.2324274 R
-260.488622 -202.6030811 180.7673191
-144.6596319 465.7483402 -483.5566965
-207.2609532 252.6438739 -63.58356954
522.3104104 443.1180093 -257.1027194 R
-68.72628254 494.0517824 228.822578
117.6433717 400.6478682 -354.8329777
-508.3400676 -58.3147579 299.7510224 R
19.0480072 446.6832207 -23.57736908
-13.28369608 122.3256271 338.4750386 R
136.9348315 326.3201494 -375.9630998
-156.328194 -366.9590198 -288.895273
-283.3603456 526.0867996 57.65610984
342.4149118 23.54704822 190.4472245
-239.7051782 300.4383215 473.16818
419.9357056 -448.4567521 215.8756014
-424.634528 249.9562833 -389.6923687
86.14764601 286.8622981 221.9950986
-372.5494171 237.9977334 -399.3605902
-231.0264071 439.3773288 -480.1652372
280.5494647 -97.57581546 -292.4547448
-497.3065319 -459.6452116 -133.46168 R
-365.56662 -191.9214481 -314.1750586
66.2586956 491.1906692 369.113581
35.5555106 -79.27518462 151.5384714
-160.2155299 -4.54191641 355.1353468 R
347.0770106 -539.8208194 -444.7195463 R
-70.1870674 400.5224749 -86.78321736
250.2257757 -415.703726 -78.99340361
337.5893692 174.1871701 -247.9964793
251.5371285 36.12831012 284.6548639
-88.31158394 -339.1192814 301.8049449 R
521.1509747 -264.0443256 -156.6292532
-12.87351012 130.2103181 325.9048257 R
-352.9183757 -25.13130795 197.9605735
153.5374743 -422.6357915 35.03458592
-20.06351638 -368.1465865 -361.9245916 R
-375.4830073 -364.4294011 386.9423124
43.19688955 449.6109399 -438.7623476
482.5511908 -362.2423774 445.6466987 R
399.2779541 377.6108027 516.8226366
-86.88827748 506.7094117 468.9066094 R
134.5779081 283.2125056 181.812259
496.0846313 -191.3582399 22.46411575 R
154.1303906 524.0453109 289.7928981
-159.5853956 407.3133794 -422.2749205 R
-77.60238364 469.5757832 -10.71129393
498.2824473 -106.2111473 385.6134496
-136.699151 472.3078775 -506.2032928
-496.7395946 -48.83392367 17.78817674 R
179.9597185 -322.1919437 -381.4959895
452.2006058 83.96715313 -47.26914973
-501.8850325 -414.3633084 -273.7119287 R
431.8095869 -257.9457862 16.93818781
64.25150037 90.52047127 18.43165356
-365.6801264 337.5232533 83.3798876 R
329.0762207 -363.1041014 -419.4546144
510.6439776 -39.13324828 -113.3704081 R
421.528075 -485.0784388 -112.7755307
471.0176967 117.2411779 444.9665784
-419.1349375 92.7818162 395.9863155
-306.0670615 471.7142125 -109.5274225
-289.0410995 -167.5015058 447.1246105
28.25944634 362.9421586 -117.6143527
493.0333723 377.3896384 9.663032303
435.5960029 -265.1540278 415.3763177
-228.1977376 421.4129656 -459.2740377
-78.78031766 -360.2428848 154.5693971
-0.3195837156 223.7473851 -275.8530762 R
322.314745 313.9563407 73.1831437
-211.6067187 439.447126 -120.2048765
50.06408398 -276.5343311 -188.3382
19.67254268 -386.0411443 289.0286306
-276.3084886 77.87177584 313.5599687
-43.6606003 121.5394198 164.3749218 R
471.9450584 -416.5684925 -138.4404515
-92.37074066 -236.2699649 237.2972109
138.5172266 -306.5740315 -475.5970439
-208.0562176 102.3592488 -303.6667483
-484.4131588 -104.0863914 -520.7874738
512.4112565 -386.7275909 107.7030337
360.1226587 -217.9949335 128.8679811 R
505.4212476 -233.491142 137.0424971
-438.066647 294.1665839 -247.1069598
227.764217 -335.2226947 179.117004
397.1828789 -418.8368282 -408.8665066
476.1443992 245.941173 -420.8370976 R
497.3307517 -152.0164684 146.1327794
-103.5877462 44.44555057 160.1064288 R
-364.1513043 -457.6279077 -214.5051597 R
-203.6154807 -398.1776881 -196.8374715
211.3796507 167.7786844 377.8484766
121.1862312 -315.9893783 368.6994674
51.80225594 -136.7454534 -70.28632832 R
142.0988328 -363.226168 -52.72505624
81.69454512 -112.9130523 307.8058952
-44.69335645 392.9918203 352.7735123
-334.5185059 -351.0317321 -126.55171 R
-152.4095834 334.4457593 476.5979661
172.9004146 -61.40729997 503.8699287 R
282.6683057 -214.10391 280.8113823
109.7993705 -44.90347261 99.22890828
-138.7620572 204.4340354 -225.1100444
520.5550041 -410.6937081 -464.2525872 R
-266.0634299 392.1591671 7.614791134
79.65427403 39.57007964 -172.9445087
-199.0482484 166.7259065 398.3065427
393.7535023 489.8930852 -273.2252718 R
334.9945079 279.9263185 46.87663339
42.26203519 521.0802258 512.7801477 R
379.1037288 519.9850921 -117.5102745 R
-421.8772126 -388.5455741 -230.41268
-2.496359202 -395.8355947 121.4989036
137.2668442 -151.8550773 -413.5267681
-417.4793865 -273.6821801 -24.79310284 R
-201.9769473 376.0614805 75.27542007
-3.618644862 439.1753485 306.4817659
373.3466858 246.830908 -140.7359425
84.46478089 -11.33767805 139.7525356
-312.4365204 -162.0179763 -516.4138711
-460.4554856 475.8107744 279.6493516
-64.89518918 -148.7724774 -31.1944162
-440.5948367 -105.7188507 486.1802517 R
498.171033 85.88864436 -102.44684 R
348.0981049 -176.3087764 547.140313
-242.7889509 -166.9702208 17.34446723 R
271.0387454 -150.0471136 365.203278
-382.5058121 97.02921542 -368.3905053
343.0621322 -295.4626817 201.1278328
-212.3136973 5.921457833 -377.2770114
-512.3067476 384.4595948 -284.836211
525.953758 -204.5303504 -176.3533503 R
316.0305934 32.04192573 147.8643802
-384.9305257 84.74058298 -137.1552006
476.0404579 -519.2565187 164.8539689
318.2315549 -474.9350983 -383.3579657
7.92806102 122.3665139 -239.7201003
71.99583109 -109.8046921 339.4702048
209.1364271 518.2742545 469.3500589
-13.15287494 353.7944243 169.4320147
236.15072 -91.00159336 -465.6736196 R
286.9082499 275.7581431 -245.0789633
-259.5500693 49.07829354 -318.3826217
-468.2892053 158.5419883 254.5315577
-196.1009921 446.3514523 313.4753917
507.2808197 -270.3344579 456.6947176 R
-242.4066886 -212.193219 10.29093488
-142.3947775 -172.8215996 -285.5994512
-127.0101775 254.7457609 463.6692877
-299.1285764 -200.5967829 148.2920755
196.4470569 -198.4145495 521.5612714 R
-81.3301487 -188.2715956 -12.75732898
12.9139444 450.8077561 27.8656628 R
14.41933807 -350.3690302 -180.3778111
189.2587373 -476.9008528 30.71661055
49.39393659 16.99467573 -392.7490795 R
345.3246234 -18.81279799 416.2715085 R
-37.87832579 359.2826387 375.182862
450.8889233 351.7384906 -349.2876332 R
-143.6526906 14.94377324 -391.8622773
-361.5030297 -446.3542379 -359.690977
16.18673724 -98.53692636 288.927285 R
-378.8438149 414.5072844 460.7424428
-154.6780541 -322.8384641 416.0645353
48.70506631 299.03156 520.6493528 R
122.852184 15.18913872 53.75860138
-209.4366072 -98.32733611 -65.90912055
-530.6851827 -276.0439006 -412.6192595 R
-483.7128189 259.7014121 292.2476175
-79.88367961 385.4251457 337.1931172
-251.7923695 -291.153618 203.5407236
-420.7958852 -447.4919248 -538.3352662 R
-529.7745667 -93.5233395 358.3907092
192.2564846 -55.3045957 -529.4137315
401.1849814 133.4293617 -489.7377342
527.9008379 434.6596661 269.0082053 R
-349.1422979 242.1487279 -520.7363959
182.7960815 -406.3609971 -182.9038326
231.7906876 -538.3604836 -4.700653703 R
-423.5261619 237.3230573 -66.00646502
302.0781583 516.4582083 520.2274632
-476.8906724 358.363221 193.5378264
435.8262081 464.3504264 92.63157698
-411.6029117 497.0588092 186.7499336
372.0655834 -257.2850355 -76.82147175
-266.8863779 -162.2108826 -508.1073531
-378.5967416 111.7219226 278.3310937
173.9577333 319.1206065 -269.6060313
355.0346668 -407.3223858 -102.7901712
-314.1187309 411.2647036 -128.0962488 R
-145.2326911 -242.0133046 420.4343233
29.40908032 -233.6327971 -361.5057973
-254.0580969 -110.5575637 11.23782862 R
-192.3496816 -110.5053246 227.3223957
480.4060202 -41.07345939 241.5641835
496.8124795 -503.6678272 -172.9699753
71.44105502 202.164308 423.7864105
-531.9408389 -264.6091974 236.0195685 R
118.5260813 -229.9160571 491.9304788
-235.7109511 16.13809852 -86.5193602
29.80488172 296.3687645 436.4991831 R
-494.9623013 194.2963095 288.3175217
-226.6576355 376.4487967 -444.8510332
71.16637509 -262.4863052 -351.1924529 R
486.4853614 -150.2146445 421.6702378 R
-14.72607566 -42.96241202 -374.0038289
-537.5103493 125.9826086 -239.8554117
-201.7734368 55.80605072 -423.1237614
-220.6572455 -175.1415541 -451.2134147
-36.17800952 -275.0410119 -139.0988763
222.4494547 -103.9650781 366.7591197
414.9858142 -430.603006 348.4822135
-263.6500533 174.4401448 -395.6581671
-111.7846144 402.8563086 128.8240928 R
-251.0803877 -312.5805133 -517.5397679
-103.1154452 -463.8427787 86.4799242
-155.1236925 277.1022888 -179.1147422
122.7207773 -132.9226104 -211.8217853
0.8316951798 -43.60763827 -330.334733
-134.6719895 214.0597128 338.8502375
219.2188173 -393.5393659 181.509493
-284.8011106 -403.2280929 -434.3582676
-208.1335374 395.0522572 53.36247517
-307.7848932 -463.0327578 336.0285241
431.7187372 218.1332888 -515.4380515
-456.6465407 151.9912208 490.911047
-80.23267889 -290.9075464 -356.0211281
444.403915 292.2974283 118.1433582
369.8642339 -134.9847855 172.1991773 R
461.6666105 -95.86681 14.44393964
-176.1205523 45.81818899 -251.0783765 R
443.4190047 -20.16331828 -235.1337375
-397.9954017 -58.11686735 220.4019281
-240.3805456 353.0897605 496.8597301
340.5051768 217.1759571 -20.76081745
269.9925217 -112.380226 -91.6240369 R
-161.8498342 -207.4803089 -237.6623367
-483.2491557 -123.6438108 -282.2672526
-38.00385273 -80.23976096 -204.2736871
390.5636448 -309.1682083 -288.8408185
-24.64516858 15.66219772 -97.63615442
-96.76425429 389.8297811 500.2872287
171.8365593 -315.3159164 -408.0595831
383.1716638 -4.10663098 -480.1930864 R
235.6254036 -458.1172589 -176.2203621
-178.0082278 -97.51275875 381.1963322
-261.9119555 177.4710672 -173.9485115 R
197.9889808 78.47179908 79.38819261
96.36889659 -423.280623 -326.4842366
-174.8417327 -84.00305337 -164.27337
140.9098334 47.53734512 -124.7835173
-293.5838683 -429.3323476 265.4188002
439.8422364 44.45562541 363.4313542
205.0642618 -140.5782144 -142.7381278
-125.0877539 -348.745803 473.1780689 R
193.5364132 -193.9901234 478.1119919
-184.8962381 -26.72674052 -154.3799022
-6.709089228 442.5980586 -341.8893191
-353.5358082 -336.7487359 532.667426 R
-192.6290647 -106.0128127 195.1129927
8.00694417 236.0883731 303.8301245
125.7005574 52.93284639 -188.721532
130.3476495 478.7715626 431.7479322
-228.448425 -123.7457415 -254.4175043
30.84074103 447.6220006 86.44562513
-266.4587876 90.68549461 -352.7617151
-59.10785336 -307.8102623 84.88753792
140.8478141 45.19062971 -286.9363743
-402.9571248 64.46257027 -509.3768789
3.245016298 -189.1715851 121.6899093 R
408.206248 -440.4681166 504.0288903 R
-184.6367886 -276.8590391 438.2892601
198.9465522 -84.12291477 488.7859739 R
200.2050515 351.3783444 -177.7919216
225.047124 -533.3090176 -81.03963833
455.9316826 39.11656429 261.8292341
-286.9572939 419.6651163 10.77385157
407.425658 205.8317837 -273.4646539
172.0292201 204.0126105 396.7737587
113.5815965 -423.270143 -99.24918095
-261.8823946 382.9394838 -4.935205867
334.3072345 -452.1913691 212.1972014
-335.1158282 -428.3462611 209.679008
254.1401863 -471.7074132 -272.2535107
531.2765539 -356.272168 -164.6333231 R
-81.23637045 -54.07306461 81.9794169 R
-171.1115437 -522.877556 -442.6789496
521.1865526 -292.4861441 -189.8821916
199.7986224 323.6269556 5.546485708 R
438.7693439 374.4387497 346.7623687
60.03264686 -407.3737633 -74.51145271
-31.00451455 306.9978569 429.8397611
-276.3979029 -70.79196872 -384.7783265
-143.7686564 91.66060259 -200.8056771 R
505.1427435 520.5236717 469.9597683 R
73.72228824 -187.5724825 -449.3296814 R
257.3221188 57.38522621 71.3515443
-102.9270439 260.9903934 -360.4416224
-380.4080909 4.09823165 -99.22889947
90.05729417 91.71798186 -158.1844155
269.2296515 89.60578517 -314.8002144
343.8419396 172.2110252 505.7547044
-364.423959 -75.34272245 -139.6206941
-344.6970786 -202.5788616 -156.6000634
366.591852 433.6782605 -41.22883726 R
-159.4605902 332.0250005 458.6423951
441.0995236 -374.3702167 409.5755155
-229.3531238 -129.9076134 104.5793321
-210.2253943 -371.1108311 -163.4077027
-462.9419285 59.54936516 11.5405899
-209.4229516 -178.4877543 329.1212066
522.271041 -284.7969921 -485.1179281 R
-270.1465939 -145.3316495 -10.7435354 R
330.0800598 193.8698548 -526.4917833
-62.97850644 -246.1679286 -22.58741783
187.8456606 262.1975255 -237.1597968
345.0705906 -141.6886224 -361.9282188
-403.6948349 -44.81170623 -255.281513
-510.4689771 -523.7811568 -362.8599697 R
-356.9757869 283.662593 -21.62029703
-115.9036561 452.3862511 448.8967375
139.0232152 149.7397725 141.4432942
-267.6156477 348.2702019 380.4381616
44.08755696 -500.6357916 233.7052288 R
-131.4828449 -11.17264111 -376.914436
61.98615092 -302.3220382 -235.557816
238.7072374 422.4432255 -192.4951676
-362.809951 -83.13582867 -227.0632169
485.7527472 -421.0950307 377.008471 R
-204.5129422 245.1340214 -29.0224073
-527.0279498 -378.4165197 -538.9586301 R
284.9659114 -227.8095543 -516.4490084
-314.5387754 -541.9913872 506.9264369 R
-369.5104016 473.8580977 353.6317565
-228.8969828 -66.45309987 -474.3074369
117.011823 -415.5581056 -500.9749949 R
-193.3462725 -193.9958242 401.0811995
-510.036457 386.6266727 -345.1337486
-375.2140576 524.4657246 390.4131733
181.2367853 483.5142303 -308.4620475 R
-233.8763869 353.4078835 -420.4740528
219.5925634 499.583871 -79.09608906
337.5826332 -17.70344315 -341.6333049
-217.3005947 -437.3298042 374.8337152
229.6629574 181.1191527 -28.29695629
-397.6495586 23.91084486 -300.6233659
285.9999091 -429.825718 -405.7184097
-45.08202827 321.1853537 -410.3305866
-418.3110213 -393.5619398 230.4380688
-370.5547003 -291.3619866 180.9901732
-444.5291084 -460.362405 -415.4876964
333.8215446 -226.8207624 36.65334326
171.300381 -467.159156 415.7798234
-516.8335901 419.2026178 249.1223325
-194.6220244 44.62778214 437.1781562 R
-220.0166589 353.3753555 -35.80115073
-78.5846644 -212.5116459 196.961429
394.6252663 485.8260733 305.2251869
-243.2437063 -271.2322173 -323.3912234
246.2019663 198.8311782 -494.209232
464.527857 518.0144273 267.8697659 R
257.0339036 345.7032157 474.3478003
425.7357862 375.5571397 75.50901321
175.2175904 -259.3970789 84.35642722 R
328.7869585 -376.6580401 143.7178687
-264.4657307 -430.4164996 521.3535053 R
232.2935537 -138.7702687 234.411872 R
-110.0137616 -352.6662693 -296.1647949
14.46785803 -360.4686984 -336.4608315
79.42844379 -169.8277546 -181.2503953
120.6965529 429.6946238 484.8236953
452.4271026 -279.8152016 -365.9033671 R
-187.3016857 288.7181797 163.3215032 R
-38.4915426 -33.17366934 17.06527405
340.3435088 85.38475356 381.3628856 R
397.6869946 -312.9461453 -17.66906843 R
-280.2520531 -137.8012747 -220.6105009 R
-177.8851568 -359.1596939 299.1257316
-42.70308431 118.7802978 370.3048406 R
-230.5988436 275.0494552 -150.5502774
296.4235999 -521.0469188 363.1442239
-34.51570815 390.7580799 103.177203
-255.5909426 53.53401904 32.9902671
377.3247121 -220.5164906 261.1251159
493.1331707 -228.7682169 -341.4304118 R
-511.7100571 505.1064315 -108.840208 R
139.6830937 364.2509216 497.0640941 R
153.5650495 -18.39804698 328.9912272 R
-76.30437523 -180.4651098 178.5322395
439.1655807 109.1901764 -283.9596429
504.1333203 380.5049864 -175.9901223 R
-194.2169679 257.5012163 -430.8540971
-516.1425244 476.3076727 477.3183164 R
-43.73070669 -317.0478898 68.34160752
470.7466427 -377.621901 -467.4682556
-416.2084696 -61.93958535 -505.26808 R
219.5854252 247.4837662 228.2915127
-423.6700085 252.8730569 -328.7000829
362.0619664 -449.7218703 281.7991037
348.4992459 95.51995852 92.22944066
453.5821687 -97.66597622 392.3704827
-385.9716138 2.365300645 -27.04152349
-243.0030739 303.6454132 233.3806178
-215.5555235 499.2751469 -61.66942365
349.5699608 146.3283062 -295.2623415
-428.1264365 201.3138563 -190.1006573
-381.6543023 -260.5054187 -488.4827991
-174.363472 -128.8677002 274.7706507
-453.9025797 -495.2757632 -312.2642853
-3.630028475 3.49682906 362.2723576
468.4457837 337.487211 200.6288511
-164.564961 -234.9498572 -192.4533022
217.9108164 -380.5069233 110.9522074
147.678814 46.70726556 213.266268
-254.969979 532.5525493 212.8739805
466.2394267 -91.97479517 -461.3142614 R
210.0795357 -391.3768607 62.20243251
81.11631896 212.8917116 -297.0632549
-317.7319362 -479.7603896 -389.5437348
-194.476129 -391.3590379 7.557651269
246.1866809 -292.0535264 -143.9271066
-518.4952177 -210.5658801 -0.0382404383 R
-20.26849349 -273.9095217 177.3132218
320.0996098 232.0972089 354.5907064
498.1768645 459.1129107 342.5905764
-77.67530195 -258.8783219 320.6526463 R
223.9203376 -463.1364207 141.7752481
246.2230612 -278.4812673 -117.4106118
446.7021469 -216.6024716 150.0897647
-329.7527097 328.2287603 -233.6605087
-504.8355193 -46.31701593 -225.7704307 R
497.942402 434.9020996 -487.1000307 R
-446.3468456 123.1592741 93.47522471
-292.666698 -484.8151773 -222.5562901
45.02996291 -327.986602 246.1484948
-336.0740305 86.40914907 160.9488816
-242.8227269 133.1864112 482.1220705
138.5100465 -330.4790242 -350.5944293
539.3243272 -25.45328438 -378.1344164 R
186.7310932 -383.7160496 372.8388031
-213.7748937 522.1647974 -503.6528456 R
-468.4062692 288.2757963 -386.6356981
-93.20577628 446.7852911 -258.720161
-197.9386903 -118.0963215 -377.8821699
-90.56510459 387.6582023 386.6523503
-375.1754259 176.4005355 332.9997677
-217.2108511 -356.8125118 34.87645104
333.8865311 210.3994374 -440.588267
204.9917509 147.5446876 216.5797317
-204.753164 207.2818957 138.7866972
236.2096594 -255.8554826 382.8574556
296.75701 227.9209136 439.9049456
119.5802199 271.6991312 478.3846606
490.3547852 6.325516868 -304.4105722 R
-478.0312435 -259.4996033 -544.301541
-462.7761379 -164.3485067 90.05107004 R
-484.0670302 141.6772016 381.0682467
166.8550582 -95.62727091 -400.442263
236.8670183 19.23105558 389.2392666
-56.14001957 -429.6088336 -388.9455586
299.7367291 -532.2922884 129.4653351 R
18.97015207 472.1944695 109.1376627
316.4767312 179.5845371 119.7162988 R
483.6124086 242.1105067 -311.0942631 R
509.9775198 -347.5410865 407.2960265 R
7.419768731 188.0730429 245.0669451
-452.6313331 478.0360806 310.7589924
315.1224247 -356.7452812 499.8636534
-433.9403853 -383.3778116 284.6822317
303.954232 -166.1838942 141.0631555 R
91.13735054 436.5597595 -478.4666692
240.9898545 52.68657368 22.3236367
282.4704015 -52.48711795 307.7629709
466.9886294 -149.1427038 283.1917998
216.3262982 -347.3597537 -118.9133353
-407.8254927 -103.8887625 345.1709394 R
-108.2300751 157.0074632 333.7895529
485.9126001 -365.8884103 139.2746946
-452.5749491 -316.3200636 389.3593899
-279.9506188 363.8408499 -201.3708723
9.468951886 387.1966607 326.3364973
-22.5340149 -162.524544 -228.2141067
-167.5448296 123.1850564 335.4105227
-223.5536935 -335.3676907 -491.0955238
-360.0773572 350.5746143 -155.8836992
446.8476621 -244.220525 -179.9413513
-47.43697767 -384.2160315 452.8738599 R
-66.31715264 110.6160863 285.7611303
-497.807902 -266.9871383 -307.2246065
278.865865 -366.4663664 -5.285044565 R
215.3986346 469.6652784 415.7354336 R
-18.73571287 460.2453442 93.06164804
475.9035547 -326.9577479 161.7408933
265.6798529 -173.0401361 -212.2195114
-84.83628681 364.2606359 -62.33085903
-141.2405792 -50.28810952 7.627375311
391.0975837 -221.2079954 -515.0191971 R
233.2888127 517.1528875 -239.437011 R
396.3157478 -261.8957353 299.9596239
-245.696013 -198.3422755 144.3791418
-486.1524156 508.9813326 -286.3537742 R
-90.15673797 -87.02596046 -254.9524344
-469.8391354 -259.5411461 -259.5519674
-279.5285959 35.93441632 -72.02075012
-168.1013723 -349.8625312 -204.2174063
-386.2019089 -97.19567063 -503.1923921 R
159.3428667 23.95515206 -496.3938101
480.2932938 504.5681068 -308.5224261 R
-399.4038429 345.8190299 -187.0186609
-517.6777708 -86.62429726 -148.4987716 R
192.7063804 -145.4034682 -398.3663673
-463.4852423 126.6249946 187.3593587
95.20136128 -495.760332 -51.3604616
-204.1720444 33.64546463 -452.2689409
-511.7070303 238.957612 241.7134724
212.7835443 -303.9242036 -380.0716919
-229.4679974 56.47864107 -355.7201372
28.46732595 356.9247016 350.5962374
36.63314419 470.185161 -119.1553112
368.8750881 -501.0110759 -50.27370699
-395.6245587 480.4164442 15.77120147 R
70.19181329 258.4492103 -238.0022018
206.179049 -222.256646 330.8723114
396.974241 -401.2835693 -28.67454353
-478.4000899 261.3293439 -343.9203119
301.8371278 499.5463905 528.532909
374.0455624 338.8028485 -310.803054
4.623188503 517.8782911 507.6392039 R
488.6261769 -284.1064421 -220.3121188
-481.0093681 -102.9833388 417.4311983 R
-202.1727203 -211.0715734 -394.6381135
279.3525082 128.8026184 308.1900473
-519.6159989 201.4977736 355.1097457
452.148502 -130.7412382 8.773465864
37.88070766 131.2751532 476.711738 R
526.0134434 290.2173117 260.1399682
249.1556524 -423.4408187 390.5409111
210.9799262 123.9462119 96.15757078
-231.6773016 132.4036781 184.9627017
-241.5857902 -483.6402034 299.9131703
134.5225227 312.9377854 68.79321295 R
147.6528542 -337.0626804 277.6028439
377.014196 228.6347608 -488.5650028
469.0739832 -92.30821335 232.5731781
-498.0116705 -197.3537404 -423.440125
-426.1609266 373.998148 -2.139355586
85.95746163 8.640532762 -372.9892862 R
88.57636552 439.7145634 309.4956941
381.3392951 -475.042654 167.1803885 R
502.1610119 345.7356381 -26.40713491
366.302167 -194.5416223 342.1262983 R
-64.75614352 -310.2750252 448.2734943
30.73579044 -46.89638984 275.4471537
463.0565416 449.9435755 -104.4516311
-492.7289629 456.5674562 426.8176424 R
-135.9248784 76.60495797 479.9694643 R
465.3533797 -102.2507702 -407.6754974 R
-382.052833 -492.9576458 -345.906115
382.5795459 457.6220683 407.9177086 R
140.469066 -68.7135201 81.44796768
63.52648504 244.2587048 -22.66512268
183.6635185 -233.6475812 -78.12080746
145.1279382 -135.4650759 282.3955712
-433.2562429 375.5891954 -156.8986279 R
65.93956218 -459.3799266 75.53397871
198.8561851 51.09672478 210.188909
247.3190913 -515.7993326 -336.662446
-380.1592413 -375.0605875 -263.1617694
42.12130308 -322.1795305 -500.4552082 R
-363.9272777 126.1373987 381.0210673
-216.9307047 130.1933069 -48.58577632
30.63152456 -95.86252677 -61.15277597 R
-345.2545338 401.4450929 158.1591262 R
-11.43739526 -411.8007869 61.38359695
-13.92724702 -307.9896236 -477.6326015 R
279.4722357 401.1590383 395.3866642
58.36208607 -147.1642922 123.7816372
-353.3895381 336.4499494 234.090916 R
-483.3114081 458.5572958 302.7788502
299.2921775 281.65013 -190.8294102
-178.2838127 -115.3871086 71.96863629
-265.5210749 374.3209195 -192.4291612
510.4758053 280.5415611 -409.9733066 R
-401.2360233 426.9987984 327.0303463 R
-380.3203217 -204.1810522 -447.2981903
281.1951831 135.0652903 -324.2792224
-118.6709827 -359.6490468 488.7444272 R
5.671246464 -294.2914725 -41.35971892
-178.038776 -443.2890426 -322.2293599
487.5328184 -27.65165777 -1.185511871
-101.4092583 -497.4216416 -394.054605
-441.2473171 -142.6654967 224.7640186
-358.3726136 461.3417003 138.647405
189.2955656 399.0210849 455.3407259
207.7688774 443.4422795 -503.8548817 R
324.3473807 332.1487623 336.0484652
198.2099789 -469.9723575 -346.9442534
48.33162371 -458.7195427 -359.2182053
-395.0524796 444.6533923 39.199596
-121.4833878 -70.81596664 497.1715299
-312.4308159 278.096711 155.7730473
-296.7262664 -11.87072161 232.6868417
280.2160882 72.72824412 204.8219435
261.4120092 199.4015973 100.8403967
42.519484 -381.3333317 444.9846092 R
-116.4516205 -371.5355476 -423.1227115
185.5622701 437.9185569 -192.8116003
-214.5909117 325.9090689 59.41607366
290.9976953 -173.1590798 -543.2877043
-168.5087118 -337.7727965 -94.64926716
385.1188115 -230.2687998 368.9558701
-48.63535504 -243.5370939 -147.8450062
-341.997273 496.063133 -39.79187524 R
274.9773632 -202.41863 -381.4750726
-318.7654027 -409.6064987 264.0812659
404.4472881 -525.3482739 174.2448093
238.5604616 -299.3122713 210.9695858
337.992776 -420.6114215 236.8664253
417.1242981 160.9836509 -405.3590356
114.3435974 222.2323517 357.9614573 R
-527.5552689 -173.6902129 -432.6870427
26.21055931 77.11536023 301.1134105
-319.6430405 -273.9775294 -168.5225373 R
266.1021341 -279.5261293 196.4183836 R
-73.09864172 -114.1459084 -234.0957209
-382.9935043 269.5545022 -407.147067
-373.4178841 31.98634962 -13.52156965
380.6431311 338.5421951 85.34122117
488.8180232 132.3664515 419.3446634
77.10047061 -362.0822555 485.7056962 R
50.91302466 -436.5467233 -373.3859133 R
122.8154852 62.54479501 83.85008275
-320.432507 6.03087467 77.00912799
18.60030626 544.7090675 386.8221576
357.5494296 -11.02716918 -283.4198095
-359.4656122 348.2008018 357.2658979
-60.53337501 -464.2306502 -77.47761731
131.339226 -41.90821051 -339.4364148 R
114.4411835 -375.0678736 448.4337966 R
456.7917883 260.964232 -179.448219
-90.97167875 -331.7128053 77.47418322
417.1656909 522.2376376 230.8151052
-367.8418262 -180.5677372 -461.2265392
-181.3867186 92.38202335 -35.42154021
-309.8611058 186.0170417 476.7608847
208.3344274 445.3650462 448.3446339
220.6720612 109.6094972 -328.9922463
-72.75957736 177.9660997 -495.3875663 R
-224.5505547 -515.7357299 500.7847816 R
-121.3781375 -460.004069 431.3166631 R
264.1308081 21.79808374 -186.0164077 R
514.6806912 -371.3650893 -326.4757414
277.1769203 310.1422517 -500.8843011
-507.7653469 486.0114502 179.1563292 R
504.5479719 -89.6922522 -115.8376158 R
79.75924249 217.2022509 184.8970067
264.8554083 -59.99950498 289.7709166
-74.1070413 214.8758401 379.8982672
243.0236415 -243.0071792 518.930336 R
17.97644322 -160.8062687 41.96873835
-502.1418494 373.2788154 287.0927856 R
-301.1406342 -330.3051195 492.7932414
166.6032619 -332.0353645 226.5183413
489.9346372 -150.8885859 105.0078487
-413.026774 -316.6830686 312.1312375 R
131.0050278 -380.3943334 -54.69685917
350.9137418 455.4581672 320.9035016
-18.86721776 265.1607867 154.1200111 R
470.163608 -119.2477815 214.092491
397.4949667 -235.8384371 426.441881
288.0101755 100.2167818 -150.8060084 R
509.4869538 -217.0234618 329.9683551
-37.26432881 -241.8660999 -396.3543567 R
394.3484783 -397.3198107 -120.5655094
-205.7754482 15.9799043 517.7271371 R
494.0325016 -366.2856298 113.7629786
456.2319648 38.90978027 273.3022891
-327.3651771 -311.8693961 145.698357
227.309015 -303.1663669 443.0096333
466.4097898 197.3628508 335.2196876
311.052737 140.4209691 330.3949196
-515.5201747 149.8290319 54.2074291
-202.8667949 -487.323922 -320.3586985 R
510.384384 140.2709271 103.2888309 R
-43.02835631 305.5730951 147.3864062
-141.3641404 471.4034257 270.174944
-506.2070911 5.9544179 -241.4101537 R
-317.4384507 -270.8147612 73.80409489
446.4684241 508.168986 502.2037301 R
-475.3175931 259.3217792 21.85257824 R
-525.236701 37.66510209 -236.8121984 R
166.626556 -74.44114448 129.9055539
-268.3397499 -89.37369623 399.4496161
207.3061503 372.1090198 440.2749671
-64.8052088 16.10266929 19.9562224
419.3126349 -298.2213533 199.2271711
-251.3654324 -369.6766333 214.1141279
271.3600053 -26.43102552 362.1488517
32.85942585 -448.8558942 -303.4013776
62.5455959 73.68604018 -226.3011992
525.3965894 494.9577439 58.48036845 R
-280.0911215 398.8636196 -444.85805
202.1089881 -257.576155 97.41507428 R
458.4635795 187.9872894 -322.4224255
17.42795491 -402.7517436 -129.2429918
-496.9534335 168.102443 -89.46194229 R
288.2996275 220.157128 65.31546115
54.45912761 -219.0516943 -278.489613 R
96.45738694 -242.5154267 530.7924113
-53.38154847 485.1049603 -303.5395448
-83.26523736 -125.9728722 165.1417854
-268.0265537 109.2275534 -280.7328442
-478.1173947 346.403121 48.19019743
477.0372046 191.4316617 -425.0814519 R
-155.7092993 67.57570836 -358.9800318
-345.3899759 -454.5199168 284.4954676
245.7574208 -265.5995647 -503.7010832
-377.7797912 -21.17353013 -355.0417485
-378.5126733 242.6346352 -108.298862
-149.6632386 -454.2467449 -199.1192283 R
12.29259756 83.90982409 508.8743396 R
-302.3940377 376.5665516 401.1622995
310.965322 -407.037969 407.597751
152.1315059 107.3394896 -505.5990181
334.2986583 43.71367104 372.0231513
396.022903 -76.18775962 -331.0945038
-383.0247103 -387.4190482 504.1529485
-432.6499169 -347.0590247 -296.4621116
488.2581872 27.89015338 406.1078966
382.5749581 329.4232251 457.6346058
90.19277472 58.17263908 371.7287538
87.75804801 -104.9490763 195.2584729
166.4311745 89.31337027 -213.5591446
399.5439511 -418.0645541 -296.157117
-443.1063139 514.974174 11.45555155
366.269334 -11.44716644 -251.6014184
156.3951059 179.5409753 479.5191087
359.797345 -306.4942849 -321.0409058 R
456.2058516 -207.7577213 -233.988826
-223.654468 140.2621836 -488.2485475 R
376.3316444 237.7303503 522.2379005
-331.9719526 -59.20505417 189.3864743
-61.73978108 -452.4022561 -424.5037594
-436.980291 276.4834447 403.0276201
450.6814377 233.8381635 -145.6700171
33.7958008 -314.449043 -337.9333708
-247.3311652 -30.11079482 296.4340026
-247.9324591 481.5253507 -138.3594022
69.00554226 491.4186745 266.0513613
-481.3476843 429.0401616 -419.6972642
375.1166375 458.2797202 -533.3482165 R
490.8153921 494.8934206 225.348298 R
-51.93880114 142.5858929 -495.2685256 R
-179.1029998 -472.3711444 -490.8856687
-341.2445725 -212.253851 -268.4403099
-215.3106132 154.3179504 329.3531606
-120.2521507 61.40271614 -524.1857403 R
-315.1688773 28.77771621 73.09484593
187.1808927 -353.3378516 -191.3645944
-477.5006903 -229.6922151 -88.30773578 R
61.61368486 483.7549438 -151.1518599
287.4281593 -281.5795669 -0.9010305178
-85.06329522 -429.6373787 -414.172153
-131.6413353 172.9907266 -328.4376975
-322.1352198 196.4780175 -436.9316211
129.969697 -355.9140898 -457.9806853
-418.652597 254.4683698 -107.62806
-468.7238654 13.42911785 29.44555751
-251.710526 -116.1106833 -286.6928215 R
-328.1904917 -195.7800196 -14.99024902
283.0630418 216.7113399 520.369885 R
-272.5058334 -527.7943159 -215.9248536
118.6277582 24.33393089 -312.4177006
-99.28083392 436.0717376 362.7015074 R
457.4895258 40.48210653 -200.4715212
53.04645103 190.7017001 -452.1392028
319.641767 431.3115102 -73.22317417 R
-83.30582021 -198.2959115 -527.1559596 R
-432.6016337 14.8423771 -349.636473
-171.67023 425.341193 -8.999749282
-59.71551125 -348.3639593 -3.861457503
-240.2032707 202.1406601 -277.8300375 R
-484.2260415 81.6146193 476.486062
8.326817028 288.7629913 244.8296376
-268.0708805 218.9722146 -467.3777225
-258.6964216 -335.7169618 176.7437904
-137.6640435 -478.9570112 332.9339397
346.8028567 -485.0231158 -316.7843466
-315.9156568 453.4374777 -335.1094688 R
-296.9182464 -367.1739191 -253.4633601
-302.7319975 -320.3267595 -398.6812329
-393.5226232 -474.6426906 364.2561104
-415.7834784 482.4721933 171.5659253
-459.0272213 540.4032932 -247.2223177
-326.1815409 -8.662859936 -237.9988293 R
463.9818954 -250.1129907 -293.7623694
-15.51021192 -341.0143956 -458.4406161 R
-299.1690438 -499.0341419 -505.5922885
-39.44774696 429.6774291 289.8552988
23.54351074 41.71838926 -94.56900072 R
327.2543342 423.1300775 -246.6116702 R
-388.8160046 350.9195164 -57.83177002
-409.362573 -144.3995237 -494.6333062
229.6313492 422.2315478 -45.32317439 R
-401.5413181 92.00545438 269.9597804
305.7746247 -450.5841909 -493.8969507
-111.6558128 -387.1965441 -320.4734121
-123.5405546 -127.7974234 311.197028
257.9968323 -346.7678835 515.1293251 R
-397.5175065 193.8400304 471.8320638
-280.3506356 -68.80341228 413.621382
-28.78585545 -147.6104107 488.4409044
286.3864571 -145.2064667 -2.380167869 R
478.6813423 -299.0620629 -226.5812142
-505.5284961 -440.5112677 -197.5832837 R
-424.4918862 -204.0522631 524.7445122 R
368.5961895 273.776604 399.7334937
467.8560034 496.6819545 -28.22180052
-242.695409 3.057072903 195.2764662
380.4145933 -3.305920057 -495.4491145 R
-188.4344354 171.702424 -299.2256787
290.5014706 -347.7467628 -510.011179
236.3780984 -25.41812518 438.8079239 R
-250.4554563 -284.3192168 -441.4318908
-438.5047892 378.2737562 -84.73912082
162.0797675 -45.42270038 -38.11470172
277.3260566 484.150447 504.0388051
214.0315255 201.8689879 -240.5868675
-20.60523944 -23.64028207 332.8958944
90.03890407 -523.8348746 369.1534821 R
175.7276155 -310.332199 -448.5590073
-364.6991038 20.65849458 159.2564733
137.4602815 -18.08484158 -14.94903071
436.6362726 -479.7625928 -291.2474484
293.9815891 -493.639655 -147.2074769 R
-122.4265255 135.4055783 -426.5885399
406.8124891 15.08605737 324.3312377 R
319.1539943 107.4205311 453.0275924 R
-524.9488304 -210.3544749 473.2825783 R
-461.998655 236.0845647 111.0916767
420.2777616 -110.5173982 -495.6955367 R
201.752273 -372.6776687 384.9502828
-519.9096007 258.9262191 -465.5358035
-169.2182324 -47.59493215 -479.9901602
385.3755982 250.474439 404.2453456
-204.8263246 -216.2706256 -81.33126488
2.075723201 -233.8608124 161.9114034
214.3327537 -70.7089742 89.64200433
361.9127466 391.3660579 358.1551503
-120.8435786 86.60231642 -419.9059347
-251.0389685 471.1750977 106.5271511
101.1980213 66.50547245 -373.2249139 R
131.4444103 210.1197951 -269.3104358
-160.5460459 419.1238152 147.5857339
-6.417477926 495.8889725 -399.6427132
-234.9060266 28.71878905 -122.7985132 R
-481.3565567 516.51091 -484.479027 R
-370.6239449 -220.9304513 -219.6215333
-255.9453727 -269.1906619 -265.6476299 R
-430.0303856 -412.0278562 -369.2488733
-461.7060638 98.09692409 477.2294179
454.7588749 -298.2380632 225.1500772 R
317.0318001 -204.0814789 -40.21855084
121.7330144 512.8210507 -457.8961829 R
204.3877018 -325.5153012 -27.39545724
367.8824898 258.2926158 189.2598032
89.64505876 -262.1700363 232.0282237
11.87186705 -427.5872715 248.2169016
352.2116732 -469.6767575 -434.1289023
-440.2381695 -493.9060005 211.1271712
179.5545403 335.7298372 -290.9162077
106.9153339 -108.9736622 428.3067277
-254.8903489 103.7478148 -359.2532795
188.4340278 473.9511497 -333.5253977 R
-269.7762393 300.6286875 503.8825419
265.5213917 -331.4696183 -308.6108682 R
-343.5494909 173.3935454 310.4983095
283.5818898 -243.5863792 -494.4960473
-153.6658717 530.4286582 -175.2749773
-386.1337147 -335.3668646 121.6063286
49.12821846 -326.0286623 -449.1320729 R
-353.8758401 418.2188012 421.2910411
513.5726199 343.0610848 -105.7547744 R
-356.8212766 397.693591 407.162445
518.9294207 142.5479599 -526.2618221
219.3402698 -235.6257493 -487.8994419
-291.3861711 460.9647426 362.2876649
-154.2671988 174.85205 -217.0242664
-364.2223131 -514.8335256 66.163707 R
-514.4025038 163.7264771 341.7226346
-244.2389069 431.9952635 439.9128065
335.6268727 -45.29310306 256.009034 R
-265.1896681 439.3980182 -301.8911621
-376.6341941 -41.92963669 87.79327939
162.2573023 -247.5735772 208.540526
475.2365037 281.7381362 -283.9066322 R
346.2434669 -124.3299567 206.702187 R
324.7156494 -427.666484 -343.1223108
-353.911477 -339.3314831 18.30304044
514.9330456 -318.5551613 -489.1839608
90.86967599 438.6809382 366.3879809 R
504.0331795 -416.037401 365.5403794 R
-365.9413627 -407.0076818 229.9558902
368.433425 144.6536688 403.9565595
-464.3468998 -64.81721681 209.8783166
-505.175917 -239.3831348 -269.3180333
168.4304051 307.4611368 281.314278
-66.04741156 -297.2098999 40.98909259
-186.2284239 -440.3033656 -70.03038259
-471.0710592 139.7575402 124.8331984
39.21226657 479.0502721 -379.2339735
475.0164963 224.1957395 82.29777421
71.66860189 -314.2484332 529.4302557 R
-250.2923233 63.32490597 124.6541931
110.0524025 334.7159791 -304.1421743
-145.1945185 -153.9110064 -56.62595884
126.73006 320.7455749 223.7841178
-102.0097582 -465.9715165 127.7575663
250.2872546 293.1396606 110.8598426
-340.5147627 186.6800272 -514.5908403
-102.7892387 -144.9482773 -36.83245836
379.4689758 432.8852975 -362.9694757 R
-41.36022367 383.8561699 361.2685871
-204.007321 409.4356935 -1.593925793
97.22507924 226.3133344 -66.76677836
-80.85357925 -337.9696006 -502.720428 R
-103.3761061 -4.401816014 -469.2627256
199.8836848 -498.3906451 -390.8776179
-341.7083588 354.5969184 116.7351026
512.9768533 -154.6436812 177.5958181 R
97.09724122 -321.0665597 371.9666342
-467.8767074 285.9329913 474.3436011
-136.9779528 539.3737635 -527.4928147
124.654941 -20.93993073 -127.9694256
266.1464182 -167.0674852 -479.501187
-466.1759768 223.7105866 268.6101557
-124.9650989 -459.6940644 256.5389872
175.0604536 396.1314425 470.0904445
-53.10871442 -470.4247187 278.1575081
203.3441671 381.0519518 316.2316175 R
266.5987141 271.9409461 -26.12251148
-350.1276569 479.8837654 463.9978694
70.07410995 -135.3538102 -152.5303632
301.6862405 110.8062346 317.7398346
259.8342818 272.746599 -513.2416729
454.6184237 198.9828597 -134.1249419 R
114.7953443 -360.6077797 -72.97329086
-63.70673423 -480.8328852 429.4127162
424.6458728 -258.3583304 -82.23555204
-62.30081755 -414.6479462 72.72870418
44.11609375 483.0112928 -420.4245875
493.4026638 351.755436 168.5514913 R
-152.3743377 -507.8451395 -189.4863775
-358.0373376 54.36079911 183.0725424
139.7275802 414.7602642 348.3412506 R
46.05757902 343.8389102 -100.3995861
