 -0.974488811241755 0.0891427249039009 -0.205973618119743
 -0.780291147881314 -0.0236096464931055 -0.624970646615128
 -0.155221114983012 -0.870309483368103 -0.467405400720805
 -0.485304452884726 0.2384260927471 -0.841209002749976
 -0.0143785879453441 -0.00981028283644698 -0.999848495802923
 -0.583474233889204 0.0730361683846998 -0.808840859808088
 -0.165749056888129 -0.959248963248085 -0.228842034268553
 -0.294634761241664 0.176955337337584 -0.939083151832579
 0.19377220318755 -0.904820905388465 -0.379145700811498
 0.459560554460005 0.208150546852328 -0.86341035818983
 -0.969454282146293 -0.0149092390673021 -0.244818523438587
 0.210479444029181 -0.925660829822584 -0.314404885097753
 -0.533370422810778 0.0299877748497189 -0.845350060880233
 0.212432885402763 -0.974261876425264 -0.0754060033669802
 -0.121418704719157 0.127029754956503 -0.984439403670949
 -0.232777799683633 -0.18721106023909 -0.954340879821567
 -0.0971535240423508 0.438391899082262 -0.893517619068141
 -0.933746502615238 -0.288634311732931 0.211678300598498
 0.14949764217731 0.756728519007038 -0.636405848107039
 -0.572868697740839 0.155402175354418 -0.804780478791471
 -0.938796878716126 0.0975379293492488 0.330373686680887
 -0.2387811702906 0.102335611406478 -0.9656660785969
 0.197508439593446 -0.101273959239991 -0.975055896587072
 0.448660381467458 0.380620496319355 -0.808598726120122
 -0.94158842642004 0.0905796039436954 0.324355623631281
 0.243611400401273 0.703896066425418 -0.667220962849156
 -0.913536335045667 0.275377079309846 -0.299364040496032
 -0.160756311529327 -0.502221918937928 -0.849664964819541
 -0.861048580150004 0.389980063666213 0.326360065823867
 -0.9875769743128 -0.133070122404138 -0.0835707025848303
 0.101859870633926 0.320831718523749 -0.941643018953328
 -0.989040168954785 -0.0564939026725966 -0.13641108149527
 0.299276346294854 0.657306465190435 -0.691651559216965
 -0.103601635860703 -0.994437951299422 0.0189700306377116
 -0.842292589352903 0.0546561447164489 0.536242389005119
 0.298949287682394 0.06561968280394 -0.952010178844165
 -0.427213777623648 0.676738785333824 -0.599594033186983
 -0.595549489965913 -0.0123778114094397 -0.803223253389774
 -0.976675238050634 -0.147069311459034 -0.156448384477766
 -0.0705402063846999 -0.954753363344714 -0.288911914716511
 0.146452800765512 0.453436784184783 -0.879173850780436
 -0.555939063185014 -0.735480829933662 -0.387297956133337
 -0.40545606301697 0.538644524331745 -0.738557687232491
 -0.942251576607483 0.0299519750780234 -0.333563855310551
 -0.0152043281969386 0.0725451480316465 -0.997249231587143
 0.322994405788321 0.257726390732916 -0.910632594051648
 -0.916653079491708 -0.087148606495273 -0.390066984304363
 0.167805717439119 -0.446701459705315 -0.87880546601161
 -0.675720485122706 0.243433933531847 -0.695802950547601
 -0.946994699225065 0.238556739769846 -0.215155110443629
 -0.907643467357477 -0.397215403034898 0.135658614747164
 -0.792608637629786 0.00415704676684702 0.609716546041546
 -0.973725532343571 0.191134407676549 0.123799135151923
 -0.946592922326345 0.24356957205201 0.211271633145748
 -0.985613065121669 -0.156965002845274 -0.0626807286432779
 0.259280207807467 -0.388261882052519 -0.884322613520853
 -0.865718845374091 0.463493859728262 0.188955875162296
 0.209336747414893 -0.707971455122801 -0.674503183767918
 -0.454656333097732 0.188307630671993 -0.870533086680124
 -0.988981800852336 0.0791670860601239 0.125090247691898
 -0.87529269381258 -0.160011987267396 -0.456353880326503
 -0.200577207931243 -0.739213748844131 -0.642908871597144
 -0.0955452350310931 -0.971189056460785 -0.218318402049995
 -0.862217435186555 -0.193858257194481 0.467974433679702
 0.302110761869796 -0.907586267450664 -0.291575469985771
 0.162742392303239 0.22394048199742 -0.960919129932474
 0.0997575943392855 -0.925423734557801 0.365567140056012
 -0.979579788883081 0.152669346694727 0.130826250391826
 -0.970931238520241 -0.0884042070594716 0.222434768504695
 0.568136804080002 -0.0201075216586416 -0.822688433990966
 0.384029433192878 -0.922432914984907 0.0404834755672459
 -0.98201500830523 0.0552303684640451 -0.180543983180291
 -0.89606130861252 -0.158998521981962 -0.414479916540199
 0.259611352671103 -0.83451430207952 -0.485991589627858
 -0.0624663963575971 -0.298518338739696 -0.952357470051129
 -0.16182144721474 -0.899712465519912 -0.405377970059312
 -0.068301692375542 -0.75401843312239 0.653292492938877
 -0.172784683231015 -0.984953385873017 -0.00350441122568949
 0.225207834760685 -0.972518333216929 -0.0590721822804076
 -0.981409874435119 0.170762089244351 0.087606890357718
 -0.691517938091238 -0.721981650550966 -0.0233546048081548
 0.0393203152716738 0.627832623394664 -0.777354558620653
 -0.907975035338648 -0.393045634511781 -0.145246219892335
 -0.768601573410238 -0.0162312274062262 0.63952182809361
 -0.0998892939464834 0.588714912968868 -0.802145174019598
 -0.955357234938401 0.280186166609151 -0.0937457502595248
 -0.423595397902708 0.21766725709699 -0.87931103943003
 -0.554395855549339 -0.0819964121234365 -0.828203974723981
 0.63753959936988 0.563983656367206 -0.524848258629073
 -0.659341710734086 -0.0382312494335346 -0.750870747900729
 0.300899543320867 -0.944445855445826 0.132217589451991
 0.332440314983827 -0.812801569918953 0.478369151295043
 -0.139395006408218 -0.98430228153972 0.108249945700468
 0.366918259771352 -0.929653181447484 -0.0334058807836847
 -0.534330906900266 0.159258368839702 -0.830136888642865
 -0.0328987254603733 0.21433489726757 -0.976206036488396
 0.404062357759973 -0.852110858111154 0.332626963023932
 0.337318890213623 -0.931986680500917 0.132728270063056
 -0.157210748392876 0.756744978150928 -0.634524876291783
 -0.546302395247407 -0.827660550399495 0.128575683001686
 -0.319879244298766 -0.0139023165755674 -0.947356318742153
 -0.339858550122321 -0.932202022488316 0.124481143863028
 0.0542070607951391 -0.632062661695879 -0.773019007689897
 -0.120982225470469 0.189219426654974 -0.974453338901651
 0.0254115003772193 -0.798688248475406 -0.601208231310805
 -0.575387420894678 -0.765553539274491 -0.287849082646569
 -0.911528756357906 -0.250912645904141 -0.325819229724081
 -0.0409315579778263 0.0596702974880904 -0.997378595699342
 0.29554483403069 -0.212269140279601 -0.931447831691465
 0.052471352877829 -0.717241366236182 -0.694846443242553
 -0.365901889920354 0.348190041411846 -0.86306401964995
 -0.983067359450477 0.169967676039961 -0.0684803321008347
 0.263901292811951 -0.960652650897525 0.0866175038646316
 -0.800133627866163 0.310450824188311 -0.51323139354343
 -0.981573332339488 0.181657854238614 0.0592808336089718
 -0.340834985144708 -0.770114814133959 -0.539216733747039
 -0.349056530808223 0.1637739187606 -0.922679598687391
 0.121718500956794 -0.970909900382293 -0.206200319748728
 -0.575264186232327 0.178778945855425 -0.79819120801803
 0.51365499920744 -0.501477968204847 -0.696188472465858
 0.450385963489723 -0.802003033309406 -0.39235649408917
 -0.927567719163103 0.108888420129224 0.357437320838661
 -0.832893145333041 0.375194799243228 0.40683887606529
 0.242369509997024 -0.413119857982394 -0.877831990510946
 -0.914933319617547 -0.00215510611083518 0.403599276722922
 -0.735916556268442 0.130588516494181 -0.664359437029268
 -0.756017854631209 0.568962761771637 -0.323602192817068
 -0.484856203263233 -0.274890491027583 -0.830270847434605
 -0.929270785393007 -0.351520711702882 -0.113529717074271
 -0.949150761626601 -0.191476513020763 -0.249899132981794
 -0.702395749641914 -0.133958407632677 -0.699067490239313
 -0.200357935941374 -0.185009566954076 -0.962095711268259
 -0.864250848375996 -0.22251989748768 0.45117110535078
 -0.963600751418856 0.245067948241991 0.106842372724859
 0.0398554834177629 -0.1837740367877 -0.982160192557349
 -0.685663080881076 0.710876640889062 0.156590360351316
 0.247509209016437 -0.664516703909812 0.70509342762282
 0.575808735625959 0.789666893701896 -0.21182657285627
 0.622737149693428 0.580510787529469 -0.524600484133994
 -0.112495274140983 0.112366999433466 -0.987278314729066
 -0.659310859585853 -0.00701452968481866 -0.751837739678892
 -0.307201107138261 0.389562094515161 -0.868256214656704
 -0.835452477302711 0.544347910790204 -0.0755282078901873
 -0.881071001485541 0.342291194585454 0.326420937518611
 0.323847649304242 -0.945991225559576 -0.014943266189425
 -0.918214085439963 -0.372844059168932 0.133679470533387
 -0.160621920731136 0.383108383027624 -0.909631005097451
 -0.614340581966657 0.482909896991049 -0.62400615440632
 -0.968570068906999 0.240218469036315 -0.064553146719124
 -0.25091974436108 0.541827823111732 -0.80216076443053
 -0.0491342560841233 -0.977600358856507 -0.204654252930859
 -0.182726873766727 -0.621108097803415 -0.762125724829219
 -0.951806228281604 -0.2696029251695 -0.146216163758994
 -0.421130672457964 0.114025759969786 -0.899803913515837
 0.216359109684174 0.730115672875531 -0.648166521719675
 -0.632008546572158 0.722639837542093 0.279922957716737
 -0.100191126921826 0.323922281298081 -0.940763569535291
 0.52044032412558 -0.0735763549805234 -0.850722274900476
 0.204909481180071 0.089838954893531 -0.974649201870166
 -0.209465151156912 -0.00242348088896477 -0.977813109541487
 -0.893821551487593 0.432196876725171 -0.11953616124554
 -0.614483872280303 0.720827938131954 -0.320650361477795
 -0.982721299988875 -0.0820617775290601 -0.165905729909927
 0.222336620118682 -0.919753204934464 -0.323450876281055
 0.160146709400326 0.114939778073656 -0.980378436566526
 -0.755147153546749 -0.122315252617309 -0.644043286951589
 -0.984581945469926 0.052336873412635 0.166910887410158
 -0.286784435514825 -0.956223854318276 0.058229099075489
 -0.683992868490975 -0.685945330462162 0.248259459982177
 -0.0975451526606253 -0.151773217066559 -0.983590277388752
 0.490017216148822 -0.140455450260838 -0.860322843105879
 -0.900181039280088 -0.419242873377513 -0.117938584198675
 0.115929634349224 -0.110968929406447 -0.987039116036463
 -0.835484079225672 -0.549121883820644 0.0207728204560443
 -0.777980516914177 0.176639428123165 -0.6029467868181
 -0.45676239434754 0.398272247860335 -0.795454166934952
 0.518316277739388 -0.291153884462066 -0.804100523437857
 0.0968712427647697 -0.027014343072976 -0.994930242576606
 -0.348278622751158 0.0310431144735333 -0.936876900119936
 -0.766769079306238 -0.454294421775144 -0.453521507057661
 -0.542790215211812 -0.462769260134708 -0.7008733081982
 -0.958065482713907 0.0617223356938993 -0.279822951361495
 -0.370690175556364 -0.927868347832287 -0.040609393457358
 0.192598624624292 -0.896289754177837 -0.399462697067778
 0.891499703266086 0.153366791646626 -0.4262709306257
 -0.409780016190577 0.156040810647531 -0.898738896311555
 -0.144565883848882 -0.843239513129893 0.51773335678074
 -0.407249671240674 -0.684949817875697 0.60414522448366
 0.606042941993285 -0.789977833739177 -0.0929891104424651
 -0.153663136964211 -0.0174424249391301 0.98796933259619
 0.452689885523949 0.879821627108123 -0.14486466793918
 0.212327496653285 -0.857000656594527 0.469539038591573
 -0.0130050597801251 -0.99990451620809 0.00467192538257945
 -0.428259723817461 0.0987467787104849 -0.898244222163491
 -0.892253597386165 0.179583434838787 -0.414286504587044
 -0.97625549833761 -0.116877883740055 -0.182386299534892
 -0.787550992584778 0.260460900210196 -0.558501167000057
 -0.088216606951146 -0.579851982755644 0.809931792407469
 0.241689625144871 0.334009415276983 -0.9110564393075
 -0.985514010394577 0.0580531493071806 0.159348571287966
 -0.743660021961325 -0.108014430548468 -0.659774699825457
 0.088854692468948 -0.673660472490537 -0.73368004704372
 -0.35302081766878 -0.408903987846833 0.841530647698242
 -0.633518712412456 -0.0772427316740644 -0.769862066494247
 0.219519239225395 -0.171564182127686 -0.960404620470332
 -0.163027218318452 0.355101131659112 -0.920502749795874
 -0.912026653427699 -0.370943903188763 -0.174951433616757
 0.421701281084986 0.732770147164763 -0.534056121540997
 0.242373913705717 -0.0329935695894252 -0.969621735689089
 0.226522516636594 -0.973548110262001 -0.0298601149011724
 -0.760903843756876 0.377859791122026 0.527491534348401
 0.309583673319408 -0.950868136391085 0.00278144031170876
 -0.129974363724926 0.0796062359256641 -0.988316503948026
 0.0100272301257148 -0.997560675648201 -0.0690807719724646
 -0.600311114240672 0.0816319864046359 -0.795589583211568
 -0.440539342103559 0.227183873994548 -0.868511701392556
 0.340896503294702 -0.629812801201641 -0.697943700798272
 -0.323122281007184 0.72525693026653 -0.607942741232334
 -0.0428785845323714 -0.996364823783701 0.0736109021475408
 -0.880388990262905 -0.16105210519628 -0.446068879474581
 -0.244635676511751 -0.838429406597112 -0.487021063128539
 -0.827447760513204 -0.415902581674363 0.377299941927219
 -0.228633205766417 -0.77908658640006 -0.583738767011815
 -0.0876320486677799 0.282250016641433 -0.955330074975241
 -0.908508020546558 0.103124060953719 0.404942717745349
 -0.808046951238676 -0.00428180249349418 -0.589102529922668
 0.135734583348448 0.50287596891789 -0.85363451357599
 -0.992783250943715 -0.0769812925434025 0.0919526902487115
 -0.880994875640177 -0.426235599061114 0.205356380930234
 0.284195809002238 -0.941981625873385 0.17861511319734
 0.210104631535688 -0.962802954461507 0.169901485242027
 -0.426951146872204 0.39264614583614 -0.814580703395639
 -0.626691089404987 -0.13944046456923 -0.766690703805066
 -0.543483886855815 -0.146353905149591 -0.82656264080562
 -0.972930610309207 -0.0171986144935777 -0.230456579821133
 0.158355319590233 -0.204804529718816 -0.965908224089706
 -0.972602640208619 -0.176863234336754 0.150875778702765
 -0.908521482233046 0.412858139053118 -0.0643185302899921
 0.485621180779935 -0.157988001386477 -0.859774307708604
 0.600711283531763 0.718863697443115 -0.349829870560014
 -0.968341828241843 0.11247803555736 -0.222851509293524
 -0.175734284627992 0.143887402007683 -0.973865430513768
 -0.0797257289901659 0.205288327584786 -0.975448876515027
 0.720828903594728 -0.651437560883997 0.236716699900812
 0.607861194394138 -0.22118184534164 -0.762616128626322
 -0.201288738873644 -0.97850269650054 0.0448922771067563
 -0.833786957077888 0.533199029591862 0.14317159302422
 -0.639753129588628 -0.534994879684793 -0.551811935257484
 -0.156966617056736 0.317369006702695 -0.935221040564373
 0.060736479759216 -0.404765023096194 -0.912401422677757
 0.218516134732417 -0.95316808228027 0.209096403086607
 -0.111031581412403 0.478162329242109 -0.871224870411091
 -0.299053322157507 -0.127142754647979 -0.945728201148238
 -0.140835695069103 0.35903027961366 -0.922638913830834
 -0.85792416641036 0.476675263899952 -0.191694594276939
 0.0727199421508357 -0.872803962158097 -0.482623096893121
 -0.364898872478399 -0.561690326565391 -0.742531339343234
 -0.408988872495301 -0.885689788769242 0.219730972429739
 -0.969106709041644 0.0678767881774697 0.237117962451572
 0.180038013414426 -0.926680407583228 -0.329923833523996
 -0.910613235904434 -0.101462343856243 -0.400610693036086
 -0.749587276659992 0.147470028653965 -0.645268552866367
 0.1743935746988 0.404874203342841 -0.897587745332608
 -0.988116083300266 0.146685557979116 0.0459342247534246
 -0.135897086537031 -0.989001256633231 -0.058382328222137
 -0.80932001968205 -0.231379220172907 0.539874765305829
 0.124495473182819 0.0786294392981244 -0.989099736342422
 -0.993172566712339 -0.0510755653284695 0.104878688761839
 0.432031946215666 0.472611009762622 -0.76810626276594
 -0.13130510152039 -0.00496294177740133 -0.991329581684938
 0.223558589636183 0.0692308630514299 -0.972228699741493
 0.010634084450902 -0.999495172068865 0.0299385580635032
 -0.86401356584223 0.241796213426031 0.441605196089705
 0.050042659568314 -0.994418250668606 0.0928874316606885
 -0.605158457616393 -0.298313535005039 -0.73810045116376
 -0.938541496439261 -0.345120091887081 0.00565523097725342
 0.185709453285545 -0.239479480358699 -0.95297511900758
 -0.901621482028157 0.432179209494647 0.0173157161541599
 -0.972256385259726 -0.224440421567878 -0.0659091684678542
 -0.625560541549812 0.0533142102251169 -0.778351850928601
 -0.973593829234875 0.0796533823210679 -0.213940165374779
 -0.808204036832597 -0.576520686045987 0.120125490253148
 -0.799229737107996 -0.1483778454774 -0.582422391648679
 -0.686009729736659 0.463623414638462 -0.560753047344023
 -0.569937497316995 0.517909528861855 -0.637919249643818
 0.00465351251370179 0.0405195845365676 -0.999167907856467
 -0.99538407893542 0.047912855850551 0.0831558395191267
 -0.039112324076764 -0.142623232709548 -0.989003963387808
 -0.60836417020117 -0.527830510347319 -0.592695527874078
 -0.36316900483315 -0.901003428054839 -0.237278521071605
 0.0971214800673876 -0.886152632128075 -0.453101457382344
 0.272910774515056 -0.694423133193363 0.665804942336346
 -0.229495294643646 0.0492478250934875 -0.972063043973994
 -0.61928027398667 -0.0748200761584689 -0.781597017941238
 -0.584827565858977 -0.195025867836241 -0.787363720961402
 -0.167551659583795 0.0336749668363402 -0.985287997480578
 0.414787387374029 -0.297699870927313 -0.859840805105973
 -0.296363670365684 -0.146739862802924 -0.943735125738128
 -0.938014961981779 0.228533805741009 -0.260576727149322
 0.156959637003134 0.166838378668127 -0.973410821675635
 -0.994723184751127 -0.100955971349263 -0.018266843391866
 -0.998820962341954 0.0118993030878462 -0.0470647614709364
 -0.990455524208473 0.0173134157936021 0.136740996773015
 -0.701898878535591 0.206489110724308 -0.681689233788215
 -0.976478276798682 -0.210633541840457 0.0460834676648897
 -0.219065280735539 0.194486938918646 -0.956130343293379
 -0.889908268630518 0.240730636066285 0.387442943260236
 -0.972180289963634 -0.226975196380437 -0.0578596926563386
 -0.0785752935418701 -0.328949082570521 -0.941073017528832
 -0.972946508042925 -0.0598003755926377 -0.223156912431721
 -0.999207902200568 0.0156577875065371 -0.0365841751354334
 0.0810731625786608 -0.336015265490275 -0.938360742820688
 -0.81200510763842 -0.510355723740828 0.283169102152925
 -0.996257058067078 -0.0576657954876667 -0.0643935577702152
 -0.129040022961027 0.851092468210125 -0.508910879261011
 -0.151066460092692 -0.0460958021733157 -0.987448277965515
 -0.0816736117964827 -0.208236780880965 -0.974662436038473
 0.338047117261992 -0.805593429414213 -0.486562815056293
 -0.725490336484465 0.686777326836045 0.0447289057723839
 -0.184784019005156 -0.552155814955643 -0.813006040771514
 -0.529896082022635 -0.839085121387753 -0.123070310484541
 0.160136424722006 -0.858705570586577 -0.486807013631516
 0.29068021541969 -0.0251936481028376 -0.956488521864655
 -0.0719409839820114 -0.517360378414491 -0.852738373518229
 -0.840114776995655 -0.25501147439866 0.478723625277218
 -0.253030170862542 0.302062142635714 -0.919094225104039
 -0.147195385308673 0.442713960379919 -0.884498653378601
 -0.99129897551942 -0.118262101822038 -0.0577963355826524
 0.544387855539004 -0.187627061972234 -0.817580545486077
 -0.644529136992292 0.038425140639543 -0.763613580376097
 -0.0279050006408085 0.19789499499195 -0.979825944694451
 -0.85726506644795 0.0741470231404853 0.509508414854354
 -0.384306809706064 -0.188733420139627 -0.903707901999283
 -0.214719355101945 -0.974042452019982 -0.0716721717789119
 0.122103502228237 0.0642139134451492 -0.99043793751232
 -0.316899083779341 -0.943223499642127 -0.0995208542099178
 -0.970502046431531 0.109998466736198 0.214536978602515
 -0.122250003529183 -0.9920942751939 0.0283528793000678
 0.0748427183351484 -0.617354884812194 -0.783116539035365
 -0.198753593931853 0.495680018811421 -0.845457466612178
 -0.456537241807385 0.192850729594116 -0.868551865427691
 -0.107969772995873 0.522372434731836 -0.8458543418057
 -0.0910233040914665 -0.0239843668020496 -0.995559896872799
 -0.743533642936849 0.440128506771748 -0.503432834991847
 0.226190465515514 0.521882561067278 -0.822481893882007
 -0.454516089875436 0.0162346684282579 -0.890590567873571
 0.304798600164506 -0.167163866121962 -0.937632153459403
 -0.771424807738623 -0.301667694109104 -0.560268121827688
 -0.782103684089415 -0.611679390037848 -0.119004836610496
 0.430525916505811 -0.871205303569455 0.235899881833981
 -0.216908359343756 0.288421083424176 -0.932611410118504
 -0.938646136183826 -0.164719217278195 -0.303003317616215
 0.00899750530663002 0.50699473957878 -0.861902186409631
 0.141529258226155 -0.924815302302561 -0.353109226292627
 0.272100033565362 -0.816078315312601 -0.509880137885636
 0.197914736430486 0.344195286970084 -0.917801373681274
 -0.523400102472682 0.11174798088565 -0.844727601951994
 -0.802336788505917 -0.194965126488757 -0.564131436159371
 -0.0118294671543467 0.121957926079379 -0.992464774172495
 0.178975847526077 -0.9644172273215 -0.194594598197977
 0.0167644504802375 -0.127538499838033 -0.991691930116989
 -0.829000097983825 -0.548483766817745 0.109198878566701
 -0.0932703818859463 -0.353202598796625 -0.93088590066998
 -0.871264361992623 -0.464668177302122 -0.158056624424009
 -0.927830038082717 0.0759935362922793 0.365179959572288
 -0.716741421122476 0.458843682951946 -0.525113520928977
 -0.969767585635851 -0.0383854231622974 -0.240992508470001
 -0.203865908978536 -0.364242685948934 -0.908716653797575
 -0.613224363409334 -0.521865138405152 -0.592969356239079
 0.0678250086716483 -0.937205609658501 -0.342119004767827
 -0.967589489314953 0.198930545577977 -0.15555455057078
 0.576525418969839 -0.0623198236856763 -0.814699135176562
 0.85341250519625 -0.460744828360492 -0.243723817288589
 -0.661862981493285 0.160126909939272 -0.732322856697864
 0.87510031023311 0.358863940824402 -0.324678485591354
 0.549232833839431 -0.833224084367131 0.063882074663126
 -0.46699981683651 0.262557411030782 -0.844378337587766
 -0.143619169671546 -0.282026471964176 -0.948596122285083
 -0.945090398860881 -0.326807667829817 0.000941397161907643
 0.0395941645419266 0.761774804216315 -0.646630845069598
 -0.36542884705666 -0.38399490868734 -0.847944377799064
 -0.284658731487699 0.662500446065187 -0.692865474353602
 0.0237526442532096 -0.0371421841089092 -0.999027662305004
 -0.966862776660447 0.25312218431379 0.0332495250592722
 0.106412889974135 -0.994006236749208 -0.0250578959817001
 0.0945242709186835 -0.991070856289659 -0.0940410549737375
 -0.756418220182195 -0.442231082754367 -0.481936868917808
 0.30652153332191 -0.0855689491147229 -0.948009759737413
 -0.519305435729007 -0.710861943533092 0.474338657141352
 -0.470432560183641 0.132543412966474 -0.872425039758869
 -0.92751671021641 -0.370495959769033 -0.0494519571316581
 0.112246285757335 -0.838493566483513 0.53322538414768
 0.0263886556911876 0.183333503133682 -0.982696527662301
 0.228874625421296 0.0689689265098218 -0.971009625603343
 0.0510779610503437 -0.616779834239671 -0.785476720196228
 -0.106690739722715 -0.993302368921306 -0.044356396976554
 -0.0394680674835553 0.380898469713837 -0.923774121427295
 -0.946532127302796 0.31677601467642 0.0610728131771322
 -0.769328088254681 0.173895740784825 -0.614731294110927
 -0.571278199874597 0.586757370077866 -0.57389633820695
 0.335996122286537 0.193126178984087 -0.921850793132716
 -0.991563782456799 -0.100070723047886 -0.0823839529801721
 -0.0591807332645274 -0.172330796936489 -0.983259750644512
 -0.317699765935151 -0.495351273594488 -0.808513434936655
 0.554599496778025 -0.152606283273122 -0.818004107862011
 -0.892557256052318 0.268838615771681 -0.362032240744278
 -0.281981798934972 -0.958377994757755 0.0446976983020465
 0.5788737213184 0.351800476581402 -0.735623299960031
 -0.99512049536617 0.0590904061402483 -0.0790159705652547
 0.494408853179304 -0.869064516680531 -0.0169337457392046
 -0.0327891443797214 -0.205694107357442 -0.978066872053885
 -0.978719161464206 -0.142028269259941 -0.148110680620362
 -0.197592939414629 -0.094564306224122 -0.975712366572156
 0.462936695282028 0.271145276185826 -0.843901567342701
 0.136907389318055 -0.279798426724524 -0.95024691904399
 -0.841003376855558 -0.390832955802866 -0.374116186198811
 0.347213203062424 -0.817044602943688 -0.460305451216606
 -0.654334960829723 -0.104263238646154 -0.748982600667719
 0.0241525121874099 -0.267671215340621 -0.963207545980155
 -0.00450038314021146 -0.992110183759919 0.125288187118545
 -0.996205882879641 0.0591675359486087 -0.0638203855031052
 -0.954248305888407 0.104228449460517 0.280261665291852
 -0.16394681479647 0.116284328183926 -0.979591443887147
 0.0825843633875 -0.996511938630845 0.0119907918869928
 0.213326496877211 -0.546055857190189 -0.810132585789749
 0.107069235527174 -0.906657346391037 0.40805469613618
 -0.760416521756103 0.275731694942994 0.58799553216348
 -0.238940269010521 0.397041925291651 -0.886151938104228
 -0.117745725910286 -0.918320453856626 -0.377919949272884
 -0.640074389007945 -0.418163167750223 -0.644549720093962
 -0.00838926432224983 -0.267479774108199 -0.963526953793799
 -0.93938206648542 0.320501366898053 0.121820388203538
 0.332485621880612 -0.573205795501618 -0.748924847528789
 -0.744265133254721 -0.38170785987003 0.54805886648678
 -0.557359061651909 -0.162543452798507 -0.814205442346613
 -0.667475869382806 -0.281873700587203 -0.689219254453141
 -0.130224735192368 -0.246090283819031 -0.960458791700064
 -0.994889451968663 0.0967645448434171 0.0288374968181867
 -0.722215026186691 0.380448123917151 -0.577637153374051
 -0.427352884628131 -0.0413356357292676 -0.903139456130044
 -0.159039683732596 0.00721349682953766 -0.987245837905497
 -0.734530121946942 0.373487562719171 -0.566544385239765
 0.00714906518654227 -0.904042392627305 -0.427383016976175
 -0.38493652730271 0.359134948996651 -0.850203480560567
 0.0181681236057256 -0.43376059914073 -0.900844971078666
 -0.940772844100912 -0.278529545444248 -0.19330739281492
 -0.698939674148005 0.138113368376167 -0.701717912966221
 -0.816772645926562 0.48546608542008 0.311777364112642
 -0.512139255667134 0.246612575267202 -0.822736665358237
 0.0225170510252268 0.667625231869205 -0.744156927122712
 -0.125484855189099 0.393035819273956 -0.910920630947516
 -0.313876179834342 -0.251820208564659 -0.915460718049143
 -0.772518468993222 0.392316585688222 0.49930242504749
 0.234078923907029 0.167149624820737 -0.957741123845486
 0.473409986716353 0.278338886881468 -0.835709547945223
 0.185281357892142 0.190054874469416 -0.964131714605457
 -0.860313287035102 0.240133269714418 -0.449663275048254
 -0.00164197202548222 -0.999932571525322 -0.0114959266970841
 0.977107566938784 -0.19126152102518 -0.0931656224478924
 -0.164233338141382 -0.974173408852564 0.154963157323001
 -0.131111832005234 -0.989446234561026 -0.0616914614937807
 0.39044312368101 -0.371485372047101 -0.842349562548259
 -0.896122713509785 0.287113890129311 -0.338422363957634
 0.00308145279238351 -0.950956771254205 -0.309308460690078
 0.588257438653766 -0.807925450374 0.0347800590350152
 -0.931519888830598 -0.235904855434307 0.276802449222453
 -0.0292615837972764 -0.974821623753049 -0.221057824057742
 0.471042857627466 -0.577703191026055 -0.666616568468309
 -0.274891830629172 -0.961259524840582 -0.0203619094537047
 -0.516044961915486 -0.856105371288807 -0.0279497859043524
 -0.330113576093114 0.0562991182230154 -0.942260811116713
 0.218908544499078 -0.0893163313190272 -0.971648929451891
 0.636681050293736 -0.273919639526681 -0.720836508008881
 -0.515591997493488 -0.136444857974914 -0.845900521842185
 -0.0843531024792087 -0.981767948534534 0.170341566660711
 -0.630532168738351 -0.672621463208207 -0.387310665251762
 -0.771923403104483 -0.392372328752358 -0.500178183619644
 0.236044875919241 0.194035084368712 -0.952172884819925
 -0.586828807235597 0.460572606017815 -0.665961579660873
 0.10447771751715 -0.987420728998522 0.118679022941856
 0.136275196580418 -0.0252355010330412 -0.990349554594023
 -0.986541318393948 0.147952409708765 0.0696154549141251
 -0.612899406254838 0.57403525368393 -0.54298972857734
 -0.140145026785373 0.523643239735572 -0.840331558937638
 -0.99573221346461 -0.0894706911451466 -0.0226352489466957
 0.12340100892064 -0.991628223992395 0.0380217882148625
 -0.835207979770558 -0.194842540851408 -0.514260648700784
 -0.519239767263503 0.497010059725488 -0.695248922777885
 0.346416928337798 -0.929717272322271 0.124984420255656
 -0.03523413151456 0.605787007825576 -0.794846310380913
 -0.0235777148238488 -0.379405535318368 -0.924930014181326
 -0.781769538227646 0.262127036632318 -0.565796611659784
 -0.983136579800684 0.112930870499535 -0.143837004786778
 -0.0672027946325181 -0.888712379082385 -0.453513055665773
 -0.991191185002384 -0.119514822948346 -0.0570634898091258
 -0.925428841382455 -0.326048517544835 -0.193064299507556
 0.313069534619485 -0.716027456156992 -0.623932807698462
 0.633272554494034 -0.773444672046615 -0.0273717191149026
 -0.256675520491742 0.32380999099847 -0.910639756934576
 -0.297319322447352 0.952411799368647 -0.0671787535075214
 -0.295486115263017 0.320459117328257 -0.899996616553621
 0.00933765355551625 0.0860589196926257 -0.996246290114757
 -0.984021001360478 0.167315536623826 -0.0608948280710473
 0.092094810057571 -0.960011577890477 0.264379114675679
 -0.183140458943334 -0.0664043497935172 -0.980841493120334
 -0.908158474837085 0.133095111886756 0.396905373827857
 -0.648736352655307 -0.182910788807584 -0.738704804425473
 -0.883703758904339 -0.0857390040369137 -0.460126601801178
 -0.628648092995215 0.643013720368673 -0.437418484510106
 -0.903567890118818 0.421121299872447 -0.0788791400813196
 -0.869106279691888 0.194642102138116 0.454718293754915
 0.434398244406358 -0.457311614156075 -0.775992430900353
 -0.147984866923094 0.0994867929755062 -0.983972996166665
 0.0770818106574925 0.10180721609113 -0.991813331840995
 0.140976912675697 0.141149109733236 -0.979899198343352
 -0.865408724032956 0.497663116109631 0.0583023432779672
 -0.953831526463137 0.106708407057739 0.280746745285145
 -0.0686633159442268 -0.0473868399060859 -0.996513841573341
 -0.248893938857661 -0.198825558079861 -0.947903056569685
 -0.0137989468233433 0.722114600794547 -0.691635809068543
 -0.929615774996779 0.154518683630383 -0.334572095797412
 0.239181537189551 -0.959085072326031 0.1514860267781
 -0.352047810354755 -0.898947979000297 0.260681549549839
 0.0085121843882635 0.451804039481828 -0.892076595716334
 0.253707330137603 -0.965913665241346 0.0514138301868048
 -0.297544729568245 0.176238886926081 -0.938300052563793
 -0.236068258717418 0.0807925730155345 -0.96837200360794
 0.0881770936856813 -0.184186873271995 -0.978927982981094
 -0.971925813916534 0.235285831477409 0.000888678044574795
 -0.423229219302787 -0.879491581581688 0.21765014554393
 0.054013937843992 -0.99849194315596 -0.00981498707182275
 0.100391655829236 0.51938478012514 -0.848622982021006
 0.26522201410735 0.221239304680432 -0.938461748446552
 0.0193794771288275 -0.98659131369394 -0.16205559419495
 -0.392714021038911 0.607412259409612 -0.690525918990996
 -0.0305105706140883 -0.824568357781937 -0.564939048416377
 -0.352609752357607 -0.120313294692206 -0.928003811232806
 -0.175740103454041 -0.910709483042589 -0.373796272766682
 0.375898393243262 -0.890756511529387 0.255447127846705
 -0.750123508883213 0.614857694797461 0.243443497693179
 0.0579364392641468 -0.309116534149038 -0.949257782333692
 0.0288694239195008 -0.982628486542533 -0.183324340439802
 -0.204802136540523 -0.953121306179395 -0.222746179709823
 0.820040884291579 -0.560312763064981 0.116544221807746
 0.172013524224142 -0.955757728258962 -0.238617921282663
 0.601578209454427 -0.567616254183479 0.562063560370464
 -0.995931316233944 -0.0865588256652513 -0.0250675695665961
 0.259314614182037 0.252783107987179 -0.932124793784589
 0.110613183155901 -0.992872215990593 -0.0443788961788061
 -0.876342121859458 0.481541302503873 -0.011935637299106
 -0.590477316943708 0.0254880215654227 -0.806651658977802
 -0.983331138629772 0.152313171438421 0.0993004008423222
 0.265903110639177 0.782189729547362 -0.563448988589947
 -0.813880300583292 -0.396460481271506 -0.424756333810828
 0.50358511560543 -0.0324623058645089 -0.863335525759612
 -0.195384692916778 -0.979709193361039 0.0446622683893008
 -0.305478247093297 0.290777165262428 -0.906714773627712
 -0.0939790098855472 -0.0114348075936777 -0.995508508691025
 -0.00203596045318757 -0.975786376083725 0.218716261659768
 -0.0854932103980908 -0.99561369975714 0.0380035765649538
 -0.884830325428076 0.226815532582775 0.406976669333805
 0.529000945814383 -0.847443612140465 -0.0446914261330865
 0.203416454871891 -0.87517430094157 -0.438966614742836
 0.0754917869066893 0.128640837187121 -0.988813695858543
 0.47637743212491 -0.806338624650603 -0.350546094770218
 -0.107509517142291 0.120859784575013 -0.98683059143721
 -0.300831709019482 -0.612827463466965 -0.730713885778191
 -0.86614375067725 0.49145464436004 0.0909248904299147
 0.572667157223912 0.117783370557926 -0.811282567701967
 -0.478505718316027 -0.00962715645548218 -0.878031659678308
 -0.088391181376969 -0.714591625793179 -0.693935016699003
 0.0318772161658836 -0.891486330415785 0.451924734631014
 0.548584765408653 0.115115761776421 -0.828132306187947
 -0.996184727087465 -0.0673214195487149 0.0555321167219391
 -0.89378637037967 0.374207229804694 0.247214225491644
 0.660595878726192 -0.733933675694988 -0.157969758785711
 -0.985018683085717 -0.168203867393728 0.0380217433302765
 -0.420840972704632 0.0163229988657933 -0.906987560775255
 -0.0580964376289925 -0.821294249643718 -0.567539037808839
 -0.217987032383449 -0.951527603004114 0.216972059108777
 0.571002999362176 0.680538212079587 -0.459155002824665
 -0.476853306937081 -0.0997985754496116 -0.873299014084751
 -0.0334169730637281 0.34840924551124 -0.936746659216646
 -0.942860066198024 -0.23973539648699 -0.231391087210124
 -0.386188641213093 -0.413491533150725 -0.824550232193678
 -0.226393728755853 -0.914253998183239 -0.335984384140071
 -0.951815043478006 -0.298078738577065 -0.0720915294418588
 -0.876926425486546 0.476457603800055 0.0631521659525501
 0.112654489909488 -0.992787121995465 -0.0410206814082235
 0.482248358117968 -0.852858354571601 -0.200172795678998
 0.0723982591278717 0.217213604466441 -0.973435535672471
 0.216855290046989 -0.938466158832082 0.268802998319577
 -0.671519090485144 -0.661673291935798 0.333542449851363
 -0.766715988495663 0.641500419613286 0.0249760809795371
 0.468974105936787 -0.87324917390137 0.132284421763736
 -0.361582273361498 -0.0528272688020808 -0.930842381534943
 -0.400179277934249 -0.204737760924086 -0.893274311039904
 -0.14855333347159 0.0901723115786009 -0.984784677652455
 0.188492720659544 -0.2572068919337 -0.947794866519211
 0.445307916092662 0.154573291821035 -0.881934213714844
 -0.242137174442914 -0.814259182666046 -0.527590345056489
 -0.581003364341417 -0.28374361839103 -0.762839858454132
 -0.440009998705991 0.211144833577323 -0.872816739237028
 -0.105944317708339 -0.0728750464460851 -0.991698053416863
 -0.995233330592424 0.0897825862122937 0.038074990360387
 -0.215041369372466 -0.471551216584713 -0.855217317174934
 -0.950590301171714 0.0364311812216672 0.308303176034668
 0.338768825381333 -0.112853100371241 -0.93407701004058
 -0.0754939796672024 -0.733104646474104 -0.675912891097726
 -0.969655554685969 -0.166831169657466 -0.178704969425495
 -0.371104484237346 -0.826510043114999 -0.423276045163174
 -0.896148631552638 0.441262766824637 -0.0469553062028121
 -0.220811451562376 0.551102898166324 -0.804691182064023
 0.193703842631817 0.395281163222785 -0.897904016780697
 0.304084390689965 -0.264477658424204 -0.915196291258418
 -0.529910762905592 -0.358237126560551 -0.768674667535267
 -0.322452296912452 0.427311918577926 -0.844647287604202
 0.0393812839960986 -0.975562297106689 0.216165027085184
 -0.213706782844651 -0.157158281499837 -0.964173576448871
 0.0581849527607955 -0.720853529489264 0.690640789625906
 -0.823422047925321 -0.274828577817632 -0.496432657875373
 -0.772809406547032 0.359653426472098 -0.522891034517998
 0.337693904074914 0.157577451909331 -0.927972075980956
 0.647372653937571 -0.750374826056315 -0.133589922354872
 0.552848826621245 0.0322390961052548 -0.832657682115423
 -0.600983195704296 -0.755286771906316 -0.261459539249171
 -0.896522680684846 0.298771037068615 0.327082482604315
 -0.254842839430566 -0.245315456758326 -0.935347771615681
 -0.93657961070762 -0.338045394877345 0.0924334561129393
 -0.89446537861339 0.436160629626869 -0.09846619534387
 -0.0479644851389775 -0.0999069645754478 -0.993840030686364
 0.266720904528026 -0.962921992200571 -0.0405116776280088
 0.201188736459405 -0.343561781707714 -0.917326765374089
 -0.41626607372071 0.0139718486518957 -0.909135492275157
 -0.697944420893333 0.233282461802078 -0.677091484483029
 0.0111112271703069 -0.0023728563320247 -0.999935453008642
 -0.873579093081196 0.129698891874872 -0.469081832496063
 0.0810523044874548 -0.995165024705124 -0.0554715921974736
 0.248998615276484 0.405126410166306 -0.879700108773527
 0.0415461553760405 -0.847977454370982 0.528401508184808
 -0.211292099056059 -0.540127337792257 -0.814627588438996
 -0.0727052013029702 -0.554152240328516 -0.829234133548771
 -0.342101817314361 0.0323430993221249 -0.939106101841773
 0.36521202849206 -0.00376445616288898 -0.930916754127088
 -0.184592497176423 -0.074464158968083 -0.979990152509375
 0.128248895037727 -0.0437322140762422 -0.99077732835062
 -0.995792556526611 -0.0778488876277283 -0.0483397875597563
 -0.90079547687723 -0.275421637911551 0.335723740905587
 0.107840611092974 -0.948083999136479 -0.299177427591848
 -0.343006307204862 -0.107959525273336 -0.933108468571816
 -0.162403517049153 -0.388368111239949 -0.90708065122236
 0.249885218375632 -0.852020720882482 -0.460019639607113
 -0.947512399628954 -0.316712691709839 0.043741553005007
 -0.966213888474995 -0.081167169808335 -0.244627496948595
 -0.502233779535762 -0.381600594290311 -0.775978232381879
 -0.733643192280106 -0.386715504637681 -0.558765411325611
 -0.989255264022151 -0.145757750616947 -0.0113446348355913
 -0.391078393976036 -0.28084907539471 -0.876459632051049
 -0.987277095096473 0.104100236905478 -0.120195998993695
 -0.997918029561225 0.0402645907804061 0.0503822290686715
 -0.00852632470492433 0.194934499611552 -0.980779201782042
 -0.436490778145641 0.600906483235862 -0.669617203332562
 -0.850655594703528 -0.492957840165495 0.182695448818404
 -0.107554456300673 -0.125269552076919 -0.986275609681348
 0.0852097253000522 0.0245605895040774 -0.996060279379467
 -0.0617908090178426 -0.0838708027442873 -0.994558989888458
 0.546553558758535 -0.756751567562786 0.358617166905946
 -0.664699057768933 -0.316142201204477 0.676926341058376
 -0.763686024277672 0.0362173288120818 -0.644571145349123
 -0.965256798195153 -0.260407362448923 0.0216175650903907
 0.194658502076062 0.595486108469015 -0.779425661747118
 0.426586506304743 -0.430261304986175 -0.795549597492392
 -0.294499660803961 0.22329718581917 -0.929197673582748
 -0.8777516887598 -0.25549277731174 -0.405309034714072
 0.640110602505026 -0.757228959753777 -0.12985653264609
 -0.475337219432959 -0.288772040837669 -0.831062714993394
 0.152497676785062 0.333811126428064 -0.930222871385125
 -0.676138309528327 0.699556371963304 -0.2312095777292
 -0.0192294995803694 -0.917758044809217 -0.396674170489903
 -0.870759680732011 0.0312331259898815 -0.490715875280581
 -0.34726421006677 0.100322600408905 -0.932385619930883
 0.0952507249435462 -0.995112913290633 -0.0260305435970717
 0.429611606971875 -0.899408436066791 0.0806122341021068
 -0.98621680592543 -0.0994464824492951 0.132237698250933
 0.62214566433389 -0.179051294869488 -0.762151826184326
 -0.159702971208809 -0.966464070710595 0.201102364512665
 -0.116236766552947 0.154407223450942 -0.981145974586599
 -0.907374544244353 0.172469526892534 0.383308881648754
 -0.860579615370855 0.242725276496366 -0.44775793209938
 -0.701691305237258 0.0765127444718464 0.708360862899568
 0.289944747854174 -0.956997287172228 -0.00939337728269344
 -0.353831687109072 -0.0213856760633243 -0.935064591382254
 -0.794960782858782 0.194256511646435 -0.574718854223098
 -0.427025198301559 0.13798996985098 -0.893648839442004
 -0.873765020407697 -0.379299842129415 0.304411430259341
 -0.874621657655564 -0.352639636782077 0.332689408502944
 0.0601466789829504 -0.998127113095866 0.0111643678833036
 -0.926719450020269 0.112191613130745 -0.358614142076483
 0.172306930698829 -0.814015788975707 -0.554696869408334
 0.150560322551275 0.0888011689376816 -0.984604459500645
 -0.950637089972305 -0.179732495127314 -0.252953263201521
 -0.0950543057551703 -0.430805290682403 -0.897424916345347
 0.196878894403147 0.430371090033019 -0.880919647755904
 -0.488313812705968 0.138924230350327 -0.861539133494312
 -0.874070983777104 -0.0823315353659003 -0.478770752660623
 -0.0292940651930253 0.0530666757972483 -0.998161202243554
 -0.119331852727943 -0.0364489184250429 -0.99218515674755
 0.376162354431036 0.193694687053495 -0.906081812705756
 0.279086744193661 -0.918484448427263 0.280172995152369
 0.146364933822364 -0.523254645949471 -0.839512883545851
 0.0170298498185087 -0.979341597436577 0.201494465793812
 -0.00693369052171396 0.966693080320361 -0.255844508239831
 0.0163735818005324 -0.930984885886276 0.364690345458089
 -0.192143976825644 0.344026331885898 -0.919090079991488
 -0.0874469225605106 -0.97127114610117 -0.221326447777975
 0.587076126017302 0.793789771354476 -0.158869195105676
 -0.822790009289479 -0.531425483162204 -0.201503241808258
 -0.863712822823359 -0.0633356113406026 0.499988759900277
 -0.252364448875348 -0.09319859412647 -0.963133535391999
 -0.805543134633455 -0.509216951960313 -0.302982431967854
 -0.897198922682093 -0.0868918652599415 0.432994107222882
 0.225375885170847 -0.269397129762118 -0.936285691901457
 -0.991832351161657 -0.107225429913425 -0.0690745565966297
 -0.758125672830372 0.648823210106103 0.0653751192970799
 -0.225455606966326 0.187055060103392 -0.956127697421826
 0.498851685108563 -0.859841296749449 -0.108719550535186
 -0.118645635598737 -0.971322301111673 -0.206049024546336
 -0.19425030631204 0.556539263503997 -0.807793826837088
 0.616668930950063 -0.714789294732754 -0.329841922345172
 -0.315737402487513 -0.0677903197268995 -0.946421874864356
 -0.766830580161546 0.370076344861856 -0.52441811591782
 -0.565473389968504 -0.23484526615077 -0.790624782184382
 -0.228952374482406 0.364258312916929 -0.902716285268955
 -0.689385297712619 0.577324881232329 -0.437543018236791
 -0.990278856263862 0.0754415331148757 -0.116860437779495
 -0.532719053877969 0.394415976034553 -0.748763278669615
 -0.954219864905199 -0.273115114135655 0.121953203528946
 0.00705740701219083 0.284748687185463 -0.958576224487349
 0.507893842939593 -0.463859966572936 -0.725863469059442
 -0.697503491506185 -0.488448508877417 -0.52431568116175
 -0.988989143547453 0.123184510564741 -0.0820125008898035
 -0.0926490882367425 -0.297298048160258 -0.950278915376429
 0.179499956967596 0.243947569471099 -0.95303166201222
 -0.788014038905094 0.532019549120669 -0.309821035183089
 -0.44016613754761 -0.656288990801345 -0.612811987406718
 -0.835207220818126 0.337650305492617 0.434075073569083
 -0.642126731774684 0.118220524621339 -0.75742799519071
 0.192012091772846 0.966789774299151 0.168667984287515
 -0.83105996340052 0.220574812555826 0.51057427402748
 -0.351919196092264 -0.92574802478524 -0.138359943726506
 -0.387381868899945 -0.510626161122179 -0.767591174535776
 0.864628136764945 -0.0991034859050825 -0.492541048234399
 -0.650861519863241 0.726546111973699 -0.220249924261538
 -0.537796700714559 0.439452278582627 -0.719483428265775
 -0.135145569545424 -0.140336362130111 -0.980837081525943
 -0.807968534577161 -0.473470264432629 -0.350731743404174
 -0.074375068384854 0.0865399111017058 -0.99346826471169
 -0.515274274736266 0.782513433186811 -0.349521313623655
 0.422263538869059 -0.21805879436638 -0.879854457249186
 0.145603711960392 0.480891383996542 -0.864605711212485
 0.443239974079261 -0.857000192896591 0.26284785476283
 0.106515300315416 0.541709067466829 -0.833790007749515
 0.0154253392602132 -0.91520393700724 0.402695682364681
 -0.484524262355433 0.331786624934076 -0.809415761338868
 -0.0964075386196274 -0.958488383790562 0.268338600719057
 -0.903780601256514 -0.398168162280755 0.156980060320985
 0.421460663905099 -0.895406252431507 0.143591614961454
 -0.994838957796652 0.060030001634229 0.0818037099028298
 -0.931922121320891 -0.359164823276847 0.050217422407786
 -0.730295623529556 0.541497883561809 0.416471300753917
 0.187522942424997 -0.724554604550512 -0.663216232528217
 -0.296356931555956 -0.0255472027706563 -0.954735518114485
 0.257842177092933 0.252292145406973 -0.932666116612973
 -0.221452808201657 -0.97502093934052 0.0171120304794848
 -0.719266418709421 0.327341879510157 -0.612783087915848
 -0.906393960458685 0.404481180844929 -0.121839906378461
 0.40715869454017 0.420518550087561 -0.810793405555694
 0.0270601262460197 -0.991785887584236 0.125014010240045
 0.0760937433073454 0.176994276218093 -0.981265900974608
 -0.367906472871749 0.676233562508839 -0.638242114056784
 0.37758641615728 0.138704763358531 -0.915526890350663
 -0.914090001031545 0.404008470687914 0.034880160930844
 -0.478303791612736 -0.32893957654791 -0.81426300291083
 -0.9584093108578 0.0705895210160804 -0.276529767626919
 0.0706379962165202 -0.972451853404553 0.222143346289204
 0.402001887655777 -0.198004954305157 -0.893973445014898
 -0.23494117575153 -0.952347185092625 -0.194518592897037
 -0.198125456839752 0.0840185807263408 -0.976569086877509
 -0.410800337262334 0.293952746914251 -0.863038159924994
 -0.946766801740414 0.292515298238059 0.134415116035833
 -0.704461062382613 0.523813828662268 -0.478908847787276
 0.111375598263678 -0.986081948746743 -0.123441753338299
 -0.240767254169874 -0.0592636816250025 -0.968771874777416
 -0.722206823324296 0.0208119743135383 -0.691363989566279
 0.17439808923098 0.157755040850782 -0.971956096518125
 0.239276774006249 -0.969141668469634 0.0592541294515176
 -0.342706254330816 0.414704991613551 -0.842954443118575
 0.0285954267277275 -0.882210555366889 -0.469985997205772
 -0.143992461526208 -0.947902909431564 -0.284158838178228
 0.0664479777994912 -0.477284480159105 -0.876232954895906
 -0.301063105373034 -0.0167855531961126 -0.953456476084276
 -0.421180140452523 0.294126768713436 -0.857960799346092
 -0.100337794603057 0.175045593950352 -0.979434207597817
 -0.463263297359929 -0.463901459345054 -0.75510433274928
 0.0150366255137807 -0.113486919045661 -0.993425698831413
 -0.904344839859554 -0.328703639850615 -0.272239467690405
 0.358876123243643 0.0623180878339264 -0.931302520180385
 -0.567247004146336 -0.778460405800776 0.268756828541151
 -0.908321731300803 0.33193327811284 -0.254503303176944
 -0.335862479062644 0.291658656199471 -0.895618012001665
 -0.982247053000219 -0.0414696078863143 0.182950808946396
 -0.997552818515208 -0.0698983962012026 0.00160887565242551
 -0.286212450995852 0.404531226219125 -0.868583283231147
 -0.943376358054918 0.0806492907457853 -0.321771252546342
 -0.948263032350396 -0.288234545461854 -0.13310923439052
 0.19397487924635 -0.538247175515363 -0.820160791717757
 -0.173083183434202 -0.265912009847326 -0.948331700741485
 -0.86584467785664 -0.470483584145535 0.170171063571053
 -0.531413293227357 0.196622239566412 -0.82397791638438
 -0.946789165864577 -0.092629502978803 -0.308237003909911
 -0.84140521671175 -0.540293327355849 -0.0109718596873257
 -0.750659822532389 -0.0234070585666036 -0.660274140372695
 -0.3402221157145 -0.653982157819642 -0.675689462129102
 -0.10187650414669 0.993797802919493 -0.0445769538577651
 -0.117951376559728 0.398976802639098 -0.909343160596454
 -0.654160449419104 0.595738609568963 -0.466014608660109
 -0.916333492709743 -0.343225872196034 0.206225436824932
 -0.302332103440539 -0.897222283868402 -0.321850077767877
 0.198640848438258 -0.97987557177597 0.019638665139081
 -0.355045987528066 -0.601792416392711 -0.715393761723181
 0.246640013940729 0.115987039184842 -0.962141211187033
 -0.349476982486739 0.0940428513070636 -0.932213377306934
 -0.255346867216682 -0.687857732384896 -0.679448097650538
 -0.974456843628799 0.106316235480303 0.197814857829981
 -0.814532815653131 0.116814416007026 0.568234708933835
 0.0162323676838271 -0.999822310628306 0.0095842271076979
 -0.499744381541229 0.560622904038475 -0.660270787317932
 0.000496996001910347 -0.87436992570735 -0.485259709860089
 0.310439349284698 0.0171640053163043 -0.950438218579827
 0.453183072226232 -0.137863080965264 -0.88069226972556
 -0.461938427544263 -0.277585741842799 -0.842353278074892
 -0.0729998135451542 -0.885190212659477 0.459466336780229
 -0.112456993775778 0.00833117902213663 -0.993621666433968
 -0.187041249303528 -0.380613334864466 -0.905620814901207
 0.623653379860075 -0.081220396337588 -0.777470069525426
 0.107892437355579 -0.0654786071747725 -0.992003918320852
 0.0289521758630253 -0.496288176808814 -0.867674948971434
 -0.836178476288725 -0.526778159852199 -0.152677195724173
 -0.529507531210887 -0.129938260464231 -0.83829459192964
 0.396333206061136 0.0767484104192302 -0.914893256763554
 -0.810705317351802 0.572697996017478 0.121547907324967
 -0.18195826465524 0.000174842276760653 -0.983306238846186
 0.0909501983982487 -0.306332918736589 -0.947569630322564
 -0.998518676576027 -0.035751850713786 0.0410153349297455
 -0.285076748273705 -0.0242635233451918 -0.958197541756692
 0.0382671329289901 -0.939346335083629 0.340828533580083
 -0.798148337250442 -0.493245611063817 0.345930627309343
 -0.0862389459123119 -0.948796992972528 -0.303886673505472
 -0.0838362869198847 0.646257049409404 -0.758500694188303
 0.120399502472243 -0.873206668252871 -0.472243659907845
 -0.895427637208122 0.222819836615391 -0.385435684563027
 -0.988394899949177 0.0977085483978132 0.11631234381805
 -0.16465386037307 0.390293247431371 -0.905847827879341
 -0.985969277302414 0.0972577304098805 -0.135666938092055
 0.481709944555827 0.0103816020697446 -0.876269223272441
 -0.280218101339922 0.238276253595116 -0.929893672768089
 0.667028032416523 -0.742150721500951 0.0654668660175483
 0.0699280469736542 0.350054152614386 -0.934115709365748
 -0.265108701286546 0.41746169536244 -0.869162303259454
 -0.548403429834081 -0.6352628211838 -0.543778287694364
 -0.616845623822213 0.721027035682739 -0.315628722054802
 -0.412013498860296 0.407496454819366 -0.814979457450643
 0.484746404809029 0.183592357079222 -0.855169439027622
 -0.916866584224709 -0.383583214509984 0.11054222848442
 -0.328894417946523 -0.0101991085922162 -0.944311622308834
 0.269676649424338 0.367319369429948 -0.890140991976467
 -0.862123790265669 -0.419971918616234 -0.28348925523158
 0.284224144648991 0.336505420850036 -0.89776429943337
 0.693346906120174 0.27838044847252 -0.66466111190728
 -0.00914737533659525 0.342589382782147 -0.939440706127534
 -0.576503572100553 0.369532462011027 -0.728758801576606
 -0.746394968075 0.567559093942636 -0.347521548274828
 -0.308988280298615 -0.73525740360586 -0.603260137155502
 -0.205920827679196 -0.0194212563422737 -0.978375913200035
 0.196643873540344 -0.160494145421201 -0.967250131188705
 -0.935386154059897 -0.126701461700897 0.330150696494633
 -0.843048040473209 0.537608554578161 0.0157176174614117
 -0.781988017052913 -0.584048202630652 0.217675074800856
 -0.888973543855494 0.00039208377750133 -0.457958387405794
 -0.301225634732378 0.683428614447739 -0.664972515171958
 -0.0331344077034091 0.764574540298742 -0.643683061260052
 0.462173200383543 -0.849067722737722 0.255890474719582
 -0.789471781671612 0.206706238582669 -0.577933246037339
 -0.527317183506869 -0.698788948952399 -0.483353486384845
 -0.238524961419597 -0.151335866292952 -0.959272275401068
 0.300937429154107 -0.939021935527941 0.166356449623923
 -0.351643918768879 -0.255095252188789 -0.900706926088394
 0.390281517266977 -0.255509168165826 -0.88453117653534
 0.640509045207084 0.0670067451652885 -0.765021737671724
 -0.483177784282356 0.819400568777188 -0.308418444104131
 -0.119495705598349 0.485557567900765 -0.865999205887538
 -0.563517546482009 -0.822010962140808 -0.0821337502324132
 -0.969293178726101 -0.226920786710337 -0.0947506740546608
 -0.153176119585905 -0.932936415918008 -0.325832349902009
 -0.292318890318528 0.181416957837549 -0.938955565387369
 -0.137381567029905 -0.443930714080558 -0.885467010190856
 -0.78350726949363 0.293418971565038 0.54774233520548
 0.106540782682237 -0.896138172403118 -0.430796283163464
 0.321069766551598 -0.0837482252016475 -0.943345344919917
 0.0883052707622477 -0.0427598510601415 -0.995175248030678
 -0.909033750388333 -0.119164283542375 -0.399321316965116
 -0.232952147063908 -0.4634076460746 -0.854977573236815
 0.264071880864058 -0.62841643695492 -0.731682187497961
 0.297018099909592 0.617888674052921 -0.728006754641204
 0.221412770896295 -0.902093840837477 -0.370409350863491
 -0.124346694774339 0.0613717616422087 -0.990339036073823
 0.172165002389653 0.0971485104291268 -0.980265973536557
 -0.546337348524811 -0.182952772571268 -0.817339454948411
 -0.489681314262154 0.140696028143848 -0.860474774834821
 -0.954557275068437 0.00857214768600713 0.297904224370801
 -0.968909502870833 -0.20943276579737 -0.131728098206342
 -0.986625259993319 -0.140668808902333 -0.0823582572976982
 0.328825910339459 -0.774304051894679 0.540672503377885
 0.327150884995038 -0.389823626593114 -0.860819283355546
 -0.898388056757529 0.351699172907016 0.263071456551165
 -0.98568145448933 0.08195119040276 0.147363742716344
 -0.998565115966666 -0.01492060336331 0.0514303876103716
 0.289107145513029 -0.938601748053408 -0.18826528348157
 0.0481350853173725 -0.248817496219387 -0.96735353782193
 0.0711387756344809 0.852944894750913 -0.517130816254051
 0.243098880526511 -0.945605521925554 -0.216178470691828
 -0.373054593072278 0.0926920978658352 -0.923167615106221
 -0.463664210776017 0.521585780655959 -0.716214893075372
 -0.990539466491802 -0.0616380860804451 -0.122606328003397
 -0.00141174710327547 -0.982811446593342 -0.184606791357251
 0.350426985984153 -0.721542027122077 -0.597141549877938
 -0.198994093188927 -0.162480566549915 -0.966437487046904
 0.29346995924019 0.774817174142381 -0.559940826942969
 -0.963104572234683 0.204540205245344 0.174908225589424
 -0.359077462151116 0.186905546550908 -0.914401275613513
 0.0957093900207217 -0.992420969815821 0.0770735449534206
 0.454116532049504 -0.880605469714812 -0.135322511163838
 0.610247432552141 -0.763911873065032 -0.209849282233215
 -0.973424453760656 -0.189184167990233 -0.129051088343384
 0.0619680692934597 -0.975805103215869 -0.20967679634597
 -0.331620911970494 0.234727746068036 -0.913745290532147
 -0.0773391627929085 0.416865127208319 -0.905672192140227
 -0.178023295608488 0.583296049375379 -0.792510835890443
 -0.0758322883202218 0.747201092904431 -0.660257518556617
 0.118537623396 -0.63147817840933 -0.766279415117268
 -0.76897040390735 0.0735393011306102 -0.635040541307237
 -0.52747660837278 0.107088404258166 -0.842793273165483
 -0.884446316359406 -0.186393866581009 -0.427799064958373
 0.808260571883838 0.588823377394799 0.00137046393356383
 -0.957649281276785 -0.172476772404194 -0.23056369413047
 -0.0545658785708544 -0.542194450483449 -0.838479422979921
 -0.633022116824366 0.54206409424033 -0.552674874900795
 -0.834443954546469 0.394829492922624 -0.384464508426088
 -0.964520636378102 -0.259088652203201 0.0507248686573827
 -0.571459504788116 -0.215311213225749 -0.791880745975413
 -0.874007663128675 -0.112173203108087 0.472787243162106
 -0.395717223000166 0.245286990087431 -0.885009701593652
 0.390977993276414 0.67343154432374 -0.6273963371612
 -0.697968837718216 0.245671820804383 -0.672669947327024
 -0.991673009512244 -0.123229362951372 -0.0374054315778827
 -0.487237186735275 -0.771418166402523 -0.409284664269827
 -0.483598228172609 0.0172635923556789 -0.875119832987055
 0.255719491438059 -0.105378452011948 -0.960990594933284
 -0.846480524707005 0.352429294332705 -0.399079332699533
 -0.936084650846994 -0.243367389291699 0.254003622568665
 0.369557611031182 -0.91146707925503 -0.180706766788712
 0.31347191721109 -0.529843445379428 -0.788036344662136
 -0.111410399911934 0.0724701267179495 -0.99112855045395
 -0.970741079482242 0.16655204452474 0.172980267863941
 -0.965607773436206 0.0749032591831079 0.248980179217788
 -0.291192253501783 -0.201021126982219 -0.935306141328791
 0.00791957656057533 0.709606708591425 -0.704553475209048
 -0.287642394235095 -0.942133815557502 0.172179344352816
 -0.414805308256014 -0.0278356854279159 -0.909484321392838
 -0.313009139352123 -0.852533732891472 -0.418582743270879
 -0.400877409446181 -0.290547869936272 -0.868837866273803
 0.288693996926487 -0.753556120754093 -0.590600498655946
 0.43417083629441 -0.544672505806424 -0.717514840494581
 -0.581765454799466 -0.282435393962446 -0.762744520687791
 -0.30164359722661 -0.948117564668515 -0.10042023610426
 0.624742205741969 -0.748477460166855 0.222438009312332
 -0.0694623701472686 -0.979285145496841 -0.190198798478734
 0.0987223459966815 -0.0795630864283226 -0.991929238241776
 0.256372967659248 0.746540345952193 -0.613962876173446
 -0.00717954382888788 -0.543291625404051 -0.839513349456835
 0.103393159576351 -0.994572084533045 0.011671470362093
 -0.405396617595598 0.290085751983625 -0.866893210804043
 -0.135110862803847 -0.952050863988462 0.274488992732354
 0.281545005497008 -0.948401789467812 0.145830228738562
 0.370458489843113 0.691144424642256 -0.620548057437202
 -0.171139095509989 -0.0507148116923262 -0.983940759326005
 -0.989581210866038 0.0946143355382021 -0.108522599543005
 0.0577650742083475 -0.024073772974235 -0.998039903839766
 -0.9961017218973 -0.0875554138316131 0.0107428647021359
 -0.245227449560293 -0.851852848715246 -0.462828501842609
 -0.833515254259088 0.484039678846404 0.266379260115493
 0.19607848210057 -0.976139638349014 0.0932986350435636
 -0.859120906206092 0.498845087294307 0.114301563427442
 -0.924811360900624 -0.0668933357773954 0.374498636015819
 -0.801877494684694 0.204725690030295 0.561319762131905
 -0.100197053746612 -0.964260253102025 0.245280889406651
 0.220257956775222 -0.930415119655708 0.29294050179731
 -0.113093332787092 -0.623502708886661 -0.773598261431671
 -0.701600263980984 0.709498694361696 0.066095932407849
 -0.978387747565447 0.0229102721222619 0.205505559158614
 -0.566964610599045 0.459477209699076 0.683689859582124
 -0.933045823581993 -8.36901457861604e-05 0.359757535142991
 -0.0562079584400014 0.593168352791711 -0.803113921342654
 -0.305829482238436 0.730002336491144 -0.611199571753156
 -0.933526882670063 0.356374453342701 -0.0390487943092483
 -0.999318386907964 -0.0018001280335591 -0.0368716846201485
 0.112483406089533 0.138087158356283 -0.984011900360755
 -0.733576785424246 0.447534186541894 -0.511447213075714
 -0.302001290351739 -0.0578465297318007 -0.951550839221885
 0.575693574225347 0.206237586005673 -0.791228770150705
 0.299656781198996 -0.925093266833896 -0.23325578479439
 -0.125738344464221 -0.473982378073674 -0.871510512849399
 0.152904139317207 0.687270347679123 -0.710126603769132
 -0.502211209398994 0.304150645050655 -0.809491375043163
 0.11275609546066 0.77556877447154 -0.621111213069914
 -0.256976912934668 0.171331951744075 -0.951108946719635
 -0.969601670093088 0.040637564371418 0.241290674736206
 -0.672523768027247 -0.385997907032894 0.631440731347495
 -0.129228275283067 -0.989727168252403 0.0611570542982897
 -0.404845840764514 -0.246277757008772 -0.880594748802423
 0.369108907361541 -0.851871102124332 -0.371583422493313
 -0.827359469334435 0.394301148579781 -0.400003640897564
 0.0475772539979324 0.390099283062455 -0.919542796315743
 -0.852667013058839 0.492915341900379 0.173186115380389
 0.525030355350462 -0.00744444478250763 -0.851050942189977
 0.164835827089356 0.390598648325522 -0.90568308255926
 -0.361779656446461 0.720613796090364 -0.591465330400451
 0.338217054803916 -0.116529335218092 -0.933825539313096
 0.120104261880925 -0.970617582020847 -0.208510133446897
 -0.271551655801177 0.0310149113387371 -0.961923995701474
 -0.236154734683909 -0.255352085999795 -0.93756399966185
 -0.607764915055624 0.396591838665227 -0.687994710395047
 -0.529264663646903 0.244333697416308 -0.812514590713057
 -0.908042099723111 -0.382427603606936 0.170905450849
 0.0320565271113301 -0.988886903855458 -0.145172554061458
 -0.797568654529912 0.0432008150637836 -0.601679259148236
 -0.955429684667791 0.269061070947068 0.121491801190134
 -0.995188420172721 0.0201943496985283 -0.0958759437730671
 0.188301328515728 -0.975372012267532 -0.114856638312281
 -0.593033243899197 -0.679865367222098 -0.431386896048497
 -0.165045214661044 0.462502799132063 -0.871120679304823
 -0.485218582675415 -0.127108282253691 -0.865104855846375
 -0.891522841213752 -0.154588771767544 0.425780853535667
 -0.115119087996368 0.707496877103543 -0.697277394203784
 -0.516573142811211 0.36510478091813 -0.774500282167071
 -0.0659196151776788 0.466228893423711 -0.882204751331418
 -0.0665530392884173 0.188116625210696 -0.979889191837941
 -0.877234974817144 0.144284372508067 -0.457865502967322
 0.049084887671119 -0.661824756136531 -0.74804990874081
 -0.645624600225445 -0.236212729075584 -0.726204118830511
 -0.38257401865801 -0.179380140937141 -0.906344242153737
 0.0660963904904102 -0.997384448345388 0.0292494335484586
 0.276553133754079 -0.181450263313315 -0.943712968096935
 0.212734768225647 -0.961963946703785 -0.171374687833584
 0.267005962968944 -0.500477379751903 -0.823547332031193
 -0.718040715437618 0.0227387985318248 -0.695629555162202
 0.0459137696511807 0.407741947092961 -0.911942120058757
 -0.108104286933302 -0.924096165206286 0.366551143222441
 -0.867962543752115 -0.176421370134548 -0.464237571511836
 0.337213261922304 -0.262486970362591 -0.904095020655234
 0.406279556471308 -0.239082883186693 -0.88191626414338
 0.365380074276342 -0.793472787231396 -0.486722032832965
 0.383433879099655 -0.923530956072605 -0.00830864214009719
 -0.0317462027327301 0.0793503451177496 -0.996341157105209
 0.374814052427302 -0.848258685890384 0.374127822962345
 0.165388124101515 -0.393898156867073 -0.904152094740097
 -0.96139821434228 -0.228419317773552 0.153421278600266
 0.358718749907433 -0.814195010826635 0.456516530708215
 -0.553934164116616 0.0917967804645198 -0.827484315815577
 0.124824359194287 -0.470412382322677 -0.873573734672259
 -0.989419651235477 -0.122990410065028 0.0769552648043226
 0.500179920368673 -0.579195034042722 -0.64370269519417
 0.192704467447492 -0.929872117264676 -0.313373313732181
 -0.854814065985783 -0.307303834028613 -0.418159378926466
 -0.149615059819843 0.13451715259722 -0.979551157179778
 -0.86502264493647 0.477028714057577 0.155497362394632
 -0.414704220415323 -0.237491118801008 -0.878418111186447
 -0.481618051167268 -0.315338113731481 -0.817683268031158
 -0.482219101319899 0.443254921414813 -0.755638678843121
 -0.976436454657095 -0.215718647316343 -0.00610861823080779
 0.874419181296511 0.176666425361301 -0.451862887976872
 -0.99200709817264 0.0985717047705282 -0.0787752257612086
 -0.321963237619461 0.0501981558317985 -0.945420445501725
 0.0344263568535783 -0.620103496267264 -0.783764301222571
 -0.148872244901363 -0.968744239145716 -0.198422916569676
 -0.372211227287571 -0.73532067549734 -0.566358814239891
 0.190826567010586 -0.978396089404093 -0.0795381264660658
 0.483878056090439 -0.875092813341195 -0.00863683233192033
 -0.633128586747977 -0.77264102796937 -0.0466265433089893
 0.144106314598236 -0.965727268488353 0.215880089380516
 -0.966162854627401 0.110328356587336 -0.23314586007684
 -0.95846161110196 0.21591898422195 0.186360758467001
 -0.938594341301617 0.343277519940619 0.0346584301433487
 0.594060904829905 -0.7532288543005 -0.282379061549951
 -0.0830889904770668 -0.664535127623233 -0.742623244866652
 0.0363430175698865 0.0500603565970581 -0.998084738772861
 -0.769370287762935 -0.636013172197359 0.0596372794402279
 0.387476921352969 0.504132682275186 -0.771823732519836
 -0.714628177587568 -0.0241936867622945 -0.699085998514288
 -0.704208660617094 -0.39170050894834 -0.59216625503442
 0.195288475436101 -0.104994022681327 -0.975109566440119
 -0.542077473539317 -0.250106000058424 -0.802246222437979
 0.329598195827591 0.188123475316493 -0.925188946833046
 -0.895666239070354 0.443095433453693 0.0380581796996547
 -0.942647872503628 -0.0919377859769954 0.320877596559858
 0.144912639690501 -0.867625692910946 0.475632193883816
 -0.86448540381849 0.478437362026314 -0.154151474861855
 -0.979369788567725 0.169046703407597 0.110715984879477
 0.503724366457402 0.210915705401941 -0.837720912865312
 -0.0409940987604925 0.563784347694955 -0.824904050881671
 -0.635282975240196 0.0114821751702895 -0.772194082484011
 -0.060112640744266 0.514936440130847 -0.855118081347904
 0.484442051804152 0.43828092650515 -0.757116720133409
 -0.207635186312934 -0.962213715862847 -0.176160138539358
 -0.544088052190397 0.497861804674797 -0.675353103872052
 -0.587068006358156 -0.72017823985696 -0.369722137215492
 0.36380827070517 -0.0533169871117735 -0.929946687209453
 -0.183128235280697 -0.810472761524121 -0.556415269623726
 -0.974350709889364 0.208519820574506 0.0846178383419758
 -0.216721371799365 -0.586211634354106 -0.780632927023508
 -0.859544394760575 0.35338439558307 -0.369192229595999
 -0.614309397533132 0.0261672491374171 -0.788631244102756
 0.0530026087762938 -0.869491730489686 0.491095565112289
 -0.989046110912838 0.0932185951324063 0.114446861074174
 -0.939661856781235 -0.247012310371429 0.236686529898535
 -0.949400837500707 -0.308898552110727 0.0567427022343251
 -0.614309373539837 -0.093074976528476 -0.783556661847321
 0.504304755165093 0.373065884321037 -0.778780174294157
 0.237515852935914 -0.70713634261607 -0.665991300660672
 -0.606170980163787 -0.458995016893817 -0.649523146064802
 -0.475741884492144 0.80977340336752 -0.34341912372267
 -0.0375335883114277 -0.889579491112641 -0.455235717777332
 -0.933402383091597 -0.193439977567081 0.302226680353961
 -0.410319535607221 0.850965509157328 -0.32786518711764
 0.171103384735045 0.876782249573574 -0.449417977572009
 -0.0451538925813382 0.0579161120897065 -0.997299779376876
 -0.649933099348242 -0.0795246029498566 -0.755819293149663
 0.37643824126222 -0.853116159935705 -0.361229938089251
 -0.120903068583999 -0.959667973215269 -0.253810616783203
 0.219209385171559 0.121676439606542 0.968060994719539
 0.295736639776427 -0.945131052919323 0.138806097493445
 -0.935190408761261 -0.0714220850196983 0.346868541572142
 -0.4299014217645 -0.501437128735416 -0.750829923145344
 -0.124766309478855 -0.334267853502002 -0.934183263676989
 0.177517254275023 -0.94486044514578 -0.275184235801354
 -0.121051685709252 -0.536879716528377 -0.834929134338573
 -0.120573214015422 -0.238844446716791 -0.963543164749012
 -0.63038446654481 -0.756672908687623 0.173382621958568
 -0.367344326171372 0.301548967089396 -0.879844512670858
 0.379649333432317 -0.892730387156568 -0.242690831041638
 -0.062443724459924 -0.0375378444885957 -0.997342314106207
 -0.262193088988833 0.564856762875036 -0.782426751537056
 -0.945462352435961 -0.312088615225699 -0.0932825619972176
 0.147032594135079 0.620002021583209 -0.770700272151661
 0.0740288085005163 -0.997165993396299 -0.0134058616271223
 -0.817451887485744 -0.135807896218806 -0.559757650211783
 -0.0898249942994367 -0.317765576985644 -0.943904925552403
 -0.164045053554709 0.0269430625944228 -0.986084829911842
 -0.196220323627576 -0.124218023689193 -0.972659995674871
 -0.837136591675118 0.460396299012428 -0.295360076405436
 -0.0114677188511569 -0.217894627435702 -0.975904925061354
 -0.190505020181639 -0.13516182260095 -0.972336936970299
 -0.520418725348471 -0.33820223537212 -0.784081372241411
 -0.139582283436698 -0.183469149075665 -0.973065186659172
 0.0182071371549454 0.183833875508444 -0.982788688565435
 -0.21352861896836 0.440208941458783 -0.872136237488847
 0.132258475270878 -0.238682266959265 -0.962049100180552
 -0.988715337478018 0.138100352392544 0.0580540619146011
 -0.110057143789778 -0.889241517275835 -0.444001068753002
 -0.0860003745669068 -0.0438607855958639 -0.99532917522861
 -0.423709058982406 -0.0421109808619349 -0.904818931404007
 -0.959952421715484 0.160487335046767 -0.229641379834219
 0.01236448111102 0.170195373501913 -0.98533276330659
 0.600858246645873 0.320650095262856 -0.732224612974441
 -0.160974940476857 0.899812675674673 -0.405492561255639
 -0.935654174532888 -0.0786176471447569 0.344050187089912
 -0.0491476140658199 0.46374873307447 -0.884602523511809
 -0.610243020691027 -0.0437758126763111 -0.791003877311874
 -0.333981544000298 0.177611470811535 -0.925694600666624
 -0.200972358279781 -0.978161366460954 -0.0530136998397939
 0.503465454288035 -0.396165241331145 -0.767838288899152
 0.217142416371437 0.192740673320628 -0.9569222559123
 -0.970916856903716 0.22047646671393 0.0933305127252074
 -0.882967102529051 0.465434274226641 -0.0611558028855173
 -0.119485502143741 -0.825888128615754 -0.551028142465543
 -0.979854216113581 -0.0907436418592602 0.177908140978872
 0.278354783629685 0.738169673817604 -0.614511307533461
 -0.782683858301836 -0.413367421665381 -0.465331443875725
 -0.29245634285235 0.87297508877636 -0.390363653407095
 -0.0297999923959341 0.256518780430046 -0.966079746056134
 -0.936849446414377 0.335033008288814 0.100329447870614
 0.223359546697027 -0.897340122556047 -0.380645789876096
 -0.5683787583445 -0.68377748496378 -0.457595823975014
 -0.791966004563478 -0.0855859150346841 -0.604536929197413
 0.073894116865312 0.240339100701844 -0.967872293314838
 -0.517954199795728 -0.728876554478117 -0.447730292973431
 -0.768799237048788 0.475302643979724 -0.42782605079528
 -0.990202643615157 -0.0355107882441049 -0.135047060300612
 0.176519289367627 -0.978868022668243 0.103239210955488
 0.404445770671867 -0.906575371715183 -0.120601467591061
 -0.962676089507978 0.100558634564931 0.251282127705224
 -0.131986174034398 -0.472765561471678 -0.871247596123014
 -0.137174324530998 -0.217460990311899 -0.966381871923327
 -0.55307672025773 -0.802548933762058 -0.223654533659252
 -0.179448161332158 0.512448013652067 -0.839759126594382
 -0.607831403533152 0.697641511483671 0.379258890909228
 -0.914886304845619 0.0613292224496575 -0.399026033836954
 -0.926577550689434 -0.328325021922195 -0.183457685960984
 -0.457163992324049 -0.811060860095555 -0.364940221602655
 0.124698100431961 -0.403201323866733 -0.906575466346169
 0.274148733214157 0.294381010131523 -0.915522961454827
 -0.985089220759709 0.0625508265632557 -0.16027046277865
 0.0221022202320889 0.258451431307422 -0.965771375386513
 -0.656522740225892 -0.109756897334431 -0.746278309381831
 0.00872609194046019 0.818123602660849 -0.574976196106135
 0.00288857197309077 0.571001005838761 -0.820944277940397
 -0.951952275081431 -0.212376474123371 0.220642469180829
 0.0612125652127939 0.618229432719426 -0.783610483837146
 0.437445127128735 0.300961928262262 -0.847386380872378
 -0.713213534086327 -0.180168337944949 -0.677396357237213
 0.0561888942521087 -0.38881545410824 -0.91960064746026
 -0.955214255489538 -0.259421393789574 -0.142359638078505
 -0.915157737397187 0.260372414782134 0.307721499578077
 -0.965779416862941 0.00544607380377042 0.259307651726674
 -0.404252857592341 -0.381926078921813 -0.831090908004555
 -0.739637722734454 0.467231832301365 0.48438667817406
 0.017017928529971 -0.659654863600425 -0.751375971825593
 -0.446399943743681 -0.0457473138856653 -0.893663400558558
 -0.0139019918912681 -0.0736254065588936 -0.99718906639137
 0.245447788814557 0.457166730081362 -0.854841484646575
 -0.637295735991227 0.292886985606381 -0.712791244720225
 -0.488861444805299 0.0740708804135878 -0.869211132267432
 0.463472111850268 -0.803613848523463 -0.373360929930223
 -0.691045145938108 -0.533402973004696 -0.487788760289872
 -0.955258000440742 0.171439706000997 0.24101987428477
 -0.344440756934584 0.828697587757393 -0.441158557672192
 -0.953696257727249 -0.297924310222127 -0.0412862371222117
 -0.265319897221651 0.246254309192359 -0.932182475346156
 0.100845666541856 -0.979072311508969 -0.176769794863864
 -0.173312910341619 -0.824445694421246 -0.538750342978255
 -0.0665100758255057 0.844580754120823 -0.531281243394105
 -0.766848329384306 -0.207309081127106 -0.607426196836071
 -0.667580449574303 -0.744413032486223 -0.0136227901267303
 -0.058624810992593 -0.113445160977881 -0.991813151247142
 -0.35432323506605 -0.93460977439929 -0.0309776482263826
 0.0671249673631406 -0.535601124400929 -0.84179907002619
 -0.0802026867287696 -0.0258104646545824 -0.996444353165696
 -0.969445099367699 -0.179845915543272 0.166828192984146
 0.713393773758977 -0.689385365927346 -0.125766214887568
 -0.879662276909578 -0.201898255920183 -0.430617432111899
 -0.906080620510781 -0.411076997507923 -0.100167915295615
 -0.491391214696769 -0.499045636242881 -0.713784370146736
 -0.795379507299215 0.600931181689404 0.0790768881648466
 -0.927415468746738 0.355647417743614 -0.115825137951861
 0.688960141491834 0.213524363079025 -0.692633575425887
 -0.0425283442272652 -0.959848315521264 -0.277277029572012
 -0.0593285468671612 -0.543220261375874 -0.837491415572338
 -0.964625039968376 -0.0380806537308172 0.260860874945714
 -0.17614806208655 -0.315460016161372 -0.932446694683734
 -0.89836730978299 0.188223833002641 0.396872731997383
 0.603373378702997 -0.361265096093416 -0.710934663817389
 0.274956270194958 0.0569812325638113 -0.959766736564665
 -0.698796019652989 0.127844443946256 -0.703803893900291
 0.279909844311068 -0.8679222128281 0.410318792571494
 -0.726184354380007 0.523863740522802 -0.445222489121058
 -0.0872673239159032 0.565236391625068 -0.82030008884507
 -0.054393910664713 0.37716170035552 -0.924548730066476
 0.259196018942191 -0.0696640311040832 -0.963309060756126
 -0.304139505186432 -0.810510032822914 -0.500572320527565
 0.215568553854121 -0.489906211944064 -0.844702374856293
 -0.759343786873734 -0.0162180226935695 -0.650487501091426
 -0.492338787819174 -0.0223448306810148 -0.870116789029256
 -0.823982850738185 0.338656023216762 -0.454273441473726
 0.155798655739586 0.379860528665034 -0.911829346770578
 0.12797970240198 -0.835395166673745 -0.534542899374079
 -0.992204199452467 0.119117310303199 -0.0366318573787957
 -0.87185221876423 -0.464631394712118 -0.154891496486286
 -0.706880384059707 0.40874137220034 -0.577278627080013
 -0.98386454188253 -0.112229201653631 0.139338327542952
 -0.669018624687336 0.105362326407541 -0.735739668629779
 -0.848086404953921 0.52746327037516 -0.0503184671614248
 -0.296481991108252 -0.09995503842541 -0.949793356073763
 0.322494706260529 -0.260924717112966 -0.909898596786177
 -0.293571991197165 -0.867680845330537 -0.401180055126144
 0.248569200573384 0.364000968682556 -0.897617205341158
 -0.158325065852389 0.258231493553983 -0.953021337253115
 -0.995183535779578 0.0904368448372592 0.037827334153224
 -0.0424727504006657 -0.993737559068358 0.103352451205887
 -0.569607182798692 0.20102069400527 -0.796955668707976
 -0.838970619254986 -0.541474279569722 -0.0541655295493019
 -0.586429934466561 0.613772519235085 0.528567144829644
 -0.91183062294701 0.352736797436594 0.210099183221264
 0.291720116637559 -0.934100232057829 0.205806049518664
 -0.452728061309867 0.0357834045066441 -0.890930328625377
 -0.962329664309038 0.0207570130896492 -0.271091799209142
 -0.926418020843219 0.181075260108123 0.330093018456479
 -0.203659980293102 -0.42443240289918 -0.88225832259959
 0.255410801159729 0.0624737617770864 -0.964812081050173
 -0.180188952167477 -0.975745315121998 -0.124310182745661
 -0.367711105590512 0.0927293227020998 -0.925305255327459
 -0.414873199000057 -0.865725661074603 -0.279998765190849
 -0.428099887114617 0.458055075209528 -0.779048159440253
 0.298798411655585 -0.896368640293344 0.327479419033872
 0.41312024397877 -0.770051931240427 -0.486160145639078
 -0.251866967527998 0.199084544013651 -0.947063025887468
 0.58983365718363 0.000636061996791278 -0.807524521162373
 -0.920873137600244 -0.364670948011756 0.137868648076673
 0.258293339985974 -0.962485715950476 0.0831011258057944
 -0.743338035765414 0.395283219874693 -0.539629262243914
 0.0520035271990877 -0.373701209386993 -0.926090189593623
 0.155871734235741 0.394307069596737 -0.90566325824358
 -0.724812193225664 0.348609639253126 0.594237834516793
 -0.934122464748315 0.12744009051485 -0.333428019491614
 -0.799644398642652 0.0523372028832834 -0.598188643250426
 -0.4752465456257 0.8653838288941 0.158907361564615
 0.402173255811903 -0.148612936153011 -0.903421755061076
 0.011257578582329 -0.134975204733248 -0.990785022611707
 -0.290950037056198 0.393493088934248 -0.872072969938858
 -0.998503989225897 -0.0296293843542871 -0.0459552291122143
 0.661875489978472 -0.293153688797339 -0.689914306642695
 -0.36502826203005 0.258948445869929 -0.894259509483053
 -0.995671718484138 0.0559432522729846 0.0742171242771096
 -0.86350660102907 0.00662042056054523 -0.504294080880219
 -0.819531003272 0.572600758503159 0.0223003595844652
 -0.049067048729667 -0.33719673278289 -0.940154661813419
 -0.110156132204536 0.0563485761966792 -0.992315708078001
 -0.387948268769757 0.146240195392127 -0.910005464824372
 0.382402331519268 -0.265898246780783 -0.884910492201067
 0.639124158383877 -0.76233277991942 0.101828497143134
 -0.443567146403193 0.753282315915158 -0.48560677421266
 -0.997998163146029 0.0437348650142368 0.0456829064239326
 -0.72605350383706 0.523163272066004 -0.446258333622041
 -0.0544366161114968 0.436284495724987 -0.898160616825478
 -0.938960801164528 -0.257572815615388 -0.22805450780993
 0.0367801474398266 -0.810914629335661 0.584007435469543
 -0.901304749919652 -0.133821183103871 -0.411997134364978
 -0.990452891939555 -0.0383118271613701 -0.13242081689874
 -0.92303810329188 0.170813660440563 0.344707634493674
 0.218680075660901 -0.108889455684047 -0.969702073293532
 -0.300892528976422 0.698692657015024 -0.649070302077871
 0.142115558868606 -0.848016953097212 -0.510558924304712
 -0.00673731410532248 -0.986730379221071 0.162227517150724
 -0.268756034200173 0.322154401713182 -0.907737151127912
 -0.092393795553622 -0.540607879250376 -0.836185689566382
 -0.615104475955121 0.421199965516836 -0.666511119718638
 -0.170738880611073 -0.757798832390531 -0.629753256661072
 0.651798629264527 -0.423829454510698 -0.628909485043792
 -0.937148524288079 -0.215104470819178 -0.274741169208906
 -0.149954606607657 0.232671816384924 -0.960925305014538
 -0.924828593766624 0.103122112698948 -0.366139183950795
 -0.355565261249369 -0.905212222454497 -0.232731986008926
 0.14632963523745 -0.675451997892474 -0.722739397289466
 -0.69583263818281 0.32920272838605 -0.638312230231202
 -0.579909280750443 0.221086680747973 -0.784108350736904
 0.30193946108603 -0.244132557033546 -0.921537767232217
 0.358393562719714 -0.368356884456114 -0.857827057089514
 -0.026604498195505 0.871034114368587 -0.490501551762986
 -0.752684322900395 -0.405264252453557 0.518871078152592
 0.454479766428918 -0.878971237919628 -0.144421967916076
 -0.784366334505051 -0.39604764892275 0.477405187527191
 -0.863173828904449 -0.49908966639992 0.0764228106474056
 0.129977400143741 0.751704713604559 -0.646564690496289
 -0.963882948084738 -0.237134851741795 -0.121230047764037
 0.56482315756995 -0.320824985742696 -0.760293449396949
 -0.720289484659403 0.196937321505405 -0.665130626033239
 -0.861860055762304 -0.388138724478179 -0.326413196488516
 -0.280044277937917 -0.913788304392461 0.294221238441045
 -0.853556886935636 0.171095827859585 -0.492104519846941
 0.655872193918689 -0.748810054371508 -0.0954733874774805
 -0.103338837141095 -0.889005544749886 0.44608320540263
 0.440214570338056 -0.28930607232135 -0.850007722659079
 -0.00184622474064584 -0.9776840489816 0.210072587029225
 0.0195661768607562 0.525988577247352 -0.850266535463063
 -0.185073571209349 -0.0506357079880909 -0.981419277534512
 -0.825782694999554 -0.222322339838193 0.518320092074525
 -0.179900883160975 -0.936953749833807 0.299588622798444
 -0.142222695713749 -0.851616300867648 0.504502111908779
 0.617142062406537 -0.772003987263331 0.152136512573824
 -0.153210695639314 -0.172703037454038 -0.972985171313452
 -0.877308936867262 -0.40084620990996 0.263915413141512
 -0.723928260335157 -0.0363062646336946 -0.688919247108441
 0.369919377452233 -0.891541928634903 0.261366875619904
 0.479489695597126 -0.872241720057057 0.096353586378927
 -0.373676206912132 0.0156725666903406 -0.927426796594264
 0.0145319022839961 -0.962324123843839 0.271516306111063
 -0.479888142578136 0.0823952409734367 -0.873451999183605
 0.403980943461812 0.0584045697321263 -0.912901037108683
 -0.0591750670135702 -0.997359354275441 0.0421026113586244
 -0.206620517190611 -0.361957807877543 -0.909007429668409
 0.00705581502315008 -0.994008357461742 0.109076123741951
 0.667725981860232 0.575219837910412 -0.472508361008679
 -0.930840322395822 0.363786369179536 -0.0345799335050273
 -0.112980789247325 -0.988360543617046 0.101876283216799
 -0.272839866194193 0.453868419865183 -0.848269924531229
 -0.0749517048599285 0.693536555208441 -0.716511890011742
 0.0161023524138994 0.0193783236277879 -0.999682547021861
 -0.949844032352055 0.227604932905381 -0.214458174762178
 0.553659322241396 -0.456914619895768 -0.696197087770916
 0.423167798646983 -0.0292136411391321 -0.905580243468055
 -0.172539873598882 -0.135426788897759 -0.975648285432473
 0.128714891681149 -0.990871842693822 0.040068291903447
 -0.786665501322428 0.154842485031227 -0.597646378604009
 0.208127289089112 -0.932553406224889 0.295003688239274
 0.132536291637284 -0.346966806758602 -0.928465490153929
 -0.931314333756743 -0.00982889205890566 0.364083787911696
 -0.0436356196590894 0.791191489070038 -0.610009803462292
 -0.275806379734405 0.156592002714279 -0.948372176723744
 0.611483011753038 0.665512929746669 -0.42799657320759
 -0.219766957012012 0.369355983293638 -0.902927816722284
 -0.988660148773373 -0.0795008630663385 -0.12739985478453
 -0.986609225530202 -0.155181156172705 0.0502100076438723
 0.167475773442624 -0.965666859179233 -0.198593510449636
 -0.175966587871516 0.588067903104968 -0.789437712103103
 -0.895597040586953 0.267085656788545 0.35576845395527
 -0.794188555324051 0.438493107075984 -0.420699814165809
 -0.911837151152314 0.063262263621389 -0.405648734473472
 -0.430357916469819 -0.896569452787058 0.1046674737484
 -0.714736478706907 0.266033156495324 -0.646821556266321
 -0.545826108880175 -0.797669040081267 0.256511133014842
 -0.612377831553764 0.613852108403218 -0.498175652185485
 -0.251140445725838 0.2355579263375 -0.938850861351368
 0.0271732527181774 -0.997594382857185 -0.0637735182384183
 0.11493777165498 -0.968257683396423 -0.221960282912913
 0.60241857023721 -0.797615774685476 0.0300156993295616
 -0.778188800128846 0.0539752140276988 -0.625706694565985
 0.257606957901289 -0.934294690038539 0.246438810674441
 -0.55022087916986 -0.378618630655981 -0.74424788655779
 0.2037369714907 -0.195253278427454 -0.959357807969023
 0.136991567571869 -0.990332090797671 0.0218096389359488
 0.314129729357788 0.0736487063163525 -0.946519086543706
 -0.915347551000993 0.0558833602073703 -0.398767991353893
 -0.498566413261451 -0.800688157067838 0.332159610276326
 -0.995417360370951 -0.0600222879212967 -0.0744419480187149
 0.259606571554152 -0.910347376848325 -0.322291919649364
 -0.237889846561971 -0.969159717187107 -0.0643262270347773
 0.344318345194516 -0.937666197561265 -0.0471908795585398
 -0.223490094107158 0.3219768292305 -0.919990814777325
 -0.444580050022927 -0.296701682702009 -0.845172580366524
 -0.254776214431958 -0.0522323665364529 -0.965588349373439
 0.274178934689739 -0.868330405707452 -0.413313704462278
 -0.562429236983626 -0.817977523259627 -0.120773030218102
 0.124400641656827 0.174795393449458 -0.976714416185314
 0.082756382254683 -0.956631423057439 -0.279298588638067
 -0.846707803442072 -0.531755479284467 0.0179445212041877
 0.180299403431778 0.265724141538106 -0.947038967374617
 -0.0579891097276583 -0.103648686759299 -0.992922057810212
 -0.975985046924067 -0.209108700677576 0.06104702680363
 0.266747782100749 -0.95626744732337 -0.119992457821218
 0.191382802283251 -0.338527920340476 -0.921287940950148
 -0.117949074845767 0.240669398443131 -0.963413855202451
 -0.374621191967166 -0.813615116392553 0.444622766968396
 -0.85266032998424 0.22041383630029 -0.473696213240675
 -0.585059662791004 0.159319379413896 -0.795187101453518
 -0.512512366485966 -0.579234675219216 -0.633891367051677
 0.14756005674687 -0.977349981623961 -0.151700504522903
 -0.755701561690174 -0.618671386095135 0.214850798663064
 0.132356170180577 0.712233902160373 -0.689350935901692
 -0.252527240578496 0.342042955527015 -0.905116903687118
 0.0810724419412617 -0.996536672085251 0.0184910883112475
 -0.106125950290247 0.474236699380306 -0.873977594470171
 -0.503946791247715 -0.766869169005048 0.397428369924242
 -0.587681450362411 0.0484535468127399 -0.807640245840435
 -0.29770523199282 -0.947118458918392 -0.119742305056112
 -0.382795732706674 -0.922775715628758 -0.044186034755266
 -0.858336835451917 0.485106579412992 0.167121164179215
 -0.872752124478936 0.329857236226791 0.359858212253557
 0.163066625297676 0.645804090664775 -0.745886286369894
 -0.94442956832665 0.167821725483153 -0.282645818872656
 -0.256301144782131 0.144398162633845 -0.955750434899895
 -0.92583810961386 -0.346452388102259 -0.150978599691731
 -0.968494261917275 -0.144692626162933 -0.202689192033975
 0.492248923422816 -0.830863584154298 -0.259531697322991
 -0.562386943795983 -0.287505190763738 -0.775281684764784
 -0.468430640244959 0.350533115685234 -0.810986602902724
 0.0166399187437838 0.163338690744797 -0.986429716305209
 -0.123082446129778 0.0133932266992339 -0.992306068173169
 0.451874208225749 -0.888114708378408 -0.0840354966802033
 0.461168529416931 -0.146756501957493 -0.87509206179043
 -0.525120461021502 -0.760614484342728 -0.381725172898789
 -0.249292884232266 0.572712124548183 -0.780931418414361
 0.14804870524866 -0.575621437740531 -0.804202425566922
 0.00681496798615517 -0.973712400690321 -0.22767897784653
 -0.989965429159206 -0.0760123769969764 -0.119124168886495
 0.0813350807296912 -0.167831640616337 -0.982454652923341
 -0.933014582134032 0.278040586034446 -0.228423339531844
 -0.279171565165253 0.60374877747514 -0.746693143734732
 0.157622985415866 -0.979618034661402 -0.124513054073548
 -0.957414505828928 0.147895574906831 -0.24796040601541
 -0.142829702870201 -0.936614386522232 0.319926814971164
 -0.863752407907537 -0.425944733127883 0.269263555191839
 -0.944196114945379 -0.00430275198655421 -0.329355708691067
 -0.97431838492067 0.0104845456188059 -0.224930565083416
 0.293830989438291 -0.864344485236623 -0.408132283073457
 -0.877490248481498 -0.338883801213974 -0.33936504400814
 -0.858176108167818 -0.195846267030969 0.474529247844611
 -0.575586261580938 0.365788999300426 -0.731367803140166
 0.0385927279156844 -0.27304033800567 -0.961228159790263
 -0.00434928316823359 0.279074034332562 -0.960259739392041
 -0.508841805210203 -0.185388309695041 -0.840661163548571
 -0.98865159779885 0.0280672658685772 0.147581322518954
 0.379625609918141 -0.915053634817975 0.136239648049648
 -0.398910799617768 0.0243049723772028 -0.916667574568914
 0.354002240911759 0.59645308374102 -0.72036527701249
 -0.991566037397565 0.126564112881458 0.0278983657267071
 0.0577776928882798 -0.960339490099717 0.272781601211526
 0.19301496745365 -0.906222337300064 0.376173228336727
 -0.912992000817065 -0.2386165106421 -0.330919578286086
 0.171824216528625 -0.941885033716844 0.288667666832545
 -0.94178116819061 -0.123543229404167 -0.312706414564716
 -0.488901259049772 0.201532515881025 -0.848740363092396
 0.240249194575549 -0.742758224279822 -0.624972435208534
 -0.350785069523322 0.51078633319295 -0.784886715916902
 -0.300774391629118 -0.477800170702848 -0.825373710640497
 -0.993552976865292 -0.112630273465659 -0.0129191199842803
 0.438181399567413 -0.89381976661041 0.0953062741358315
 0.0768890349632729 -0.824252875525372 0.560977070378614
 0.360346383348302 0.134024654960179 -0.923140225464476
 0.477778554118278 -0.852766540485076 -0.210990238290215
 -0.949115868236165 0.158198496847574 -0.272309207074383
 -0.235263232811604 0.122774780141956 -0.96414602869489
 -0.245767322344389 0.543104888683896 -0.802891962318295
 -0.647995462974567 0.23172246457225 -0.72553882003442
 -0.974508500869883 0.167884911128752 -0.148821498270996
 -0.50278380774254 0.5404613684509 -0.67461837499737
 0.17325984483382 -0.969888746179747 -0.171163215096114
 -0.191921691892496 -0.97658581462281 -0.0971916192818287
 0.398363998486709 -0.850216166955454 -0.34414908710798
 -0.129617847163999 0.322625966925641 -0.937609566483761
 -0.997708693209585 -0.0370076922260783 0.0566373923315867
 -0.921341294941395 -0.21526463663078 0.323714927755782
 0.072789651448935 -0.957265134413273 0.279901999061602
 0.248381205398807 -0.930979738727601 0.267550935119509
 -0.409048735462772 0.292871019244592 -0.86423706128755
 0.108111289260554 -0.719142014875747 -0.686401275912911
 -0.638700082566896 0.0805890947095038 -0.765223890337294
 -0.177974588284637 -0.98024280936566 -0.086308056471178
 0.080520155123431 -0.946246427613954 0.313263791151689
 -0.0196231136936285 -0.344332361614124 -0.938642721249255
 -0.535740004013921 -0.364597118684008 -0.761611179767264
 -0.57060095787228 -0.23149955275686 -0.787922904825473
 -0.283027315807226 0.0667461653479886 -0.956786542504803
 0.138021440281025 -0.989997499412053 0.0292409504057743
 -0.213891164860714 -0.975510398373485 0.0512838401422056
 -0.0781464589488135 0.567591467349587 -0.819593226634837
 -0.952286291899649 0.0530348128354318 -0.300563016499914
 -0.497443871558611 -0.45719066079988 -0.737242357929975
 0.27030571050055 -0.779726581237517 0.564766572472599
 -0.0884197355669039 -0.397499621693914 -0.913332360707467
 -0.15743174472852 -0.98743688468013 -0.0135515506468718
 -0.480717165991687 -0.873803413519127 -0.0733389449286153
 -0.913597845820509 0.321242798219901 0.249283053383045
 -0.79430582176304 0.512214368606247 -0.326672163042164
 -0.904866321306742 0.0793833741396759 -0.418228670077751
 -0.206882621657184 0.150220696916423 -0.966764357573341
 -0.537648577889836 0.0859832234924151 -0.838773444960491
 -0.993057405859797 0.116937589090531 0.0127510362208457
 -0.534361017039676 0.323671827582813 -0.780829591842884
 -0.20367378716689 -0.924454062958506 0.322337825736614
 0.210037235611275 -0.224283708335415 -0.951620290784138
 -0.363569358101736 0.102596835955603 -0.92590021660079
 -0.101309787767883 0.374710128599874 -0.921590281213454
 0.118640014553468 -0.252835233943695 -0.960207733474059
 -0.972489086164102 0.227413629014457 -0.0504779023948626
 -0.97202011445484 -0.0932247862028218 -0.215606206619007
 -0.870338156247791 -0.275967173286589 -0.407864699437701
 -0.00636639881232754 -0.877538404747879 -0.479464093711626
 0.0943811082859694 0.792034418104735 -0.603136540872965
 -0.0506482593384279 0.401066030000153 -0.914647906795781
 -0.917850329982883 -0.211021317108441 0.336185626516263
 -0.767850426194256 -0.58297836621445 0.265597340949095
 -0.372982999468346 0.0334238194243147 -0.927235962634478
 0.41778768957941 0.0941521215288272 -0.903653044286091
 -0.88033682452634 -0.123908090783247 -0.457879744497757
 0.631285833318147 0.386718285084132 -0.67225528233953
 0.242228681269494 -0.965581524801597 0.0947501183759964
 0.0290587430695752 0.676755067948199 -0.735634533894138
 -0.996742781378502 0.0596811722063538 0.0542400723996829
 0.205112223503042 -0.845732211242387 -0.492611411395129
 0.133787993736257 0.00965877878878624 -0.990962905826619
 -0.276661622534572 -0.0464396079255741 -0.959844627756106
 -0.969465231437126 0.20011989381756 0.141736350782038
 -0.533196811790827 -0.266291841608854 -0.802988054075939
 -0.690411177871478 0.000394783040404567 -0.723417064781077
 -0.949510109207363 -0.176219026553066 -0.259571583948843
 -0.743138260114554 -0.290388092346842 -0.602843497250386
 -0.906678465293214 0.359267765735322 0.221044866660801
 -0.318010575680203 0.66353916273085 -0.677189082367686
 0.597969541397039 0.286792117694171 -0.748453544844239
 0.214657784086248 0.214522470666488 -0.952838992333085
 -0.380011352673372 -0.543057121709146 0.748785906918881
 -0.761287916842326 -0.468078021228039 0.448713353615776
 -0.0893752909459093 -0.952222516599613 0.292034820268122
 0.283143890531197 -0.23750155534568 -0.929205331701902
 -0.0949508634912071 0.915958798968941 -0.389876662694306
 -0.273074177102975 -0.19161358342568 -0.942716674534986
 -0.804012877850586 0.490959181350712 0.335443548898855
 -0.300467861257509 -0.85147363497058 0.429781006212846
 0.196818828324124 -0.861211326013792 -0.468590867135377
 -0.93340353998588 0.144573111382842 0.328415052954205
 -0.994666169340333 0.100971134552163 -0.021072293588451
 0.637417039723632 0.17309641815953 -0.75082431200002
 -0.0288556992134821 0.286335707629469 -0.957694737982429
 -0.0259038497995139 -0.566110721621289 -0.823922108837351
 -0.968388331683267 0.234805116193646 0.0842056795530278
 -0.404047946253192 0.250961435473144 -0.879638343317205
 -0.149151650873947 -0.883332324291095 -0.444384731853006
 0.135728739292369 -0.97670404332445 0.166213480451424
 -0.209169231001545 0.667767203123306 -0.714377487911749
 -0.920901628868409 -0.389130166436556 -0.0227574936354905
 0.483349647726632 0.231867460858976 -0.844162661243289
 -0.228848241565936 0.107125810427922 -0.967549762581925
 -0.266569287038616 -0.93075331374641 -0.25027801373233
 -0.618616969245125 0.783078207607178 0.0640434706485052
 -0.647153547183837 -0.453431381007045 -0.612855830587768
 -0.0373907544867235 -0.461704128629238 -0.886245580573257
 -0.118134397472466 -0.127669102725738 -0.984756246155881
 -0.161359702713423 -0.892669522557817 0.420837462491916
 0.376084665229761 0.0993466210487597 -0.921244035782709
 0.050950068916814 0.110916055913023 -0.992522906042007
 -0.057318497377868 0.195239877911662 -0.979079148961606
 -0.594892321615441 -0.434099815185339 -0.676506079898064
 -0.368452836537744 0.112672452126172 -0.922793273587951
 -0.666502827731216 -0.0847757509537059 -0.740666627219377
 -0.0205278212076024 -0.997948400359285 -0.0606432088268248
 0.159636128249164 0.59890649871601 -0.784746654885095
 0.292136953137023 0.198845771068202 -0.935476541630045
 0.386343025737041 -0.796438584347926 -0.465214625550637
 0.179051463652946 0.109058761103704 -0.977776436610263
 -0.930518093554764 -0.366245903590695 -0.000125180836969057
 0.530083392984332 0.447490452657757 -0.72025265793496
 0.459481788879729 -0.406765511478986 -0.789568429180855
 -0.0177429634559871 -0.00406628905701316 -0.999834312544386
 -0.380034505690624 -0.908927682700667 -0.171534958841858
 -0.7820335422872 0.603898291825529 -0.154046719757165
 0.186179135198425 -0.390442941680487 -0.901605034873172
 -0.0520839596469658 0.757686737531424 -0.650536754470092
 -0.926568062201832 0.312529180159411 -0.209277656849529
 -0.393802481900295 0.602231103984654 -0.694433080031902
 -0.140009104051082 -0.955612854687178 -0.259232564967128
 -0.687352985313284 -0.252265905056814 -0.6811077644006
 0.813791435297437 -0.581133840099149 0.00519227581646722
 -0.69420254191233 0.0206397902377023 -0.719483724528501
 -0.967586521804548 -0.067290332466757 -0.243409806660888
 -0.939381749961034 -0.326495472870432 -0.104702598034901
 0.219512441194024 -0.957099055796987 0.189144615449548
 -0.721279728323083 0.346027706075235 -0.600016983208384
 0.458259424978868 -0.836247878922681 -0.301144125653074
 -0.958203242227011 0.231721822437328 0.16778421735064
 -0.0532613047353306 -0.51772182612076 -0.853889538626675
 0.195485585199225 -0.931373660775979 -0.307129435241998
 -0.55101193181029 -0.834495501708532 -0.00176313099841822
 -0.337276237481719 -0.0411655302332367 -0.940505257162761
 -0.976977941988102 0.141717795721236 0.159468389483959
 -0.391188628335877 -0.226787410297321 -0.891929889392283
 -0.590156326867742 -0.0920220893294891 -0.802027084912605
 -0.159417086896315 -0.167014734900908 -0.972981125578226
 0.264731628946458 -0.255657194016862 -0.929815338539207
 0.123660005459984 -0.964856183504758 -0.231863641397847
 -0.054219774222386 -0.692218637409507 -0.719648229419206
 -0.646171694276713 -0.195868194113729 -0.7376298475863
 -0.385594745247898 -0.163068184986462 -0.908143964073114
 -0.964680942153091 -0.0552658326749833 -0.257558474109018
 -0.0679103868105677 -0.955596136701034 -0.286747629258372
 -0.229005834179799 0.286372698924063 -0.930347787240106
 -0.823927111071404 -0.169469078458529 -0.540762745654642
 0.281511069592689 -0.930359350616304 -0.234910613675902
 -0.163771864752924 -0.761727577429024 -0.626857140104075
 -0.255747473837311 -0.949956361445776 0.179377091554457
 -0.644524486550964 -0.764255635824232 -0.0223944043706209
 -0.931752830065231 -0.289342964840624 -0.219356587233367
 0.539430895743236 -0.839041330180067 -0.0708798629182854
 -0.102507804398121 0.55371554419077 -0.826372341114462
 -0.299576844602227 -0.851568596660504 -0.43021464335821
 0.510426370226174 -0.85955879182235 0.0249720639642553
 -0.695551830561797 0.194660568071332 -0.691603147939828
 -0.6752153060976 -0.725337546551322 0.134051236377862
 -0.175734095505485 0.137397453868851 -0.974802270897656
 0.401907837220359 -0.169942105576981 -0.899772066210613
 -0.0773990712693799 -0.0994773220853967 -0.992025022949198
 -0.972748880745703 0.157113318494638 0.170513988163974
 0.386371120802072 -0.91328422507326 -0.128954570459854
 0.00252745481788149 -0.999715239685618 -0.023728706506505
 -0.993694725601273 0.111877205634513 0.00736771142370179
 -0.339441265665523 0.117790151891595 -0.933222967613176
 -0.0854742337492022 -0.888031289664541 -0.45176828567499
 0.517015649142668 -0.011227593729686 -0.855902307322878
 0.161956874306775 0.0609064316170062 -0.984916431710053
 -0.947212338643667 -0.0287177177200172 -0.319318145757721
 0.0376062559953301 -0.946080451539873 0.321741431469626
 0.313428465904791 -0.36968622608028 -0.874696913797625
 0.0991364874043917 -0.331809805222919 -0.938122705206013
 -0.28903568749693 0.42247014059312 -0.859056081790011
 -0.528255800200697 -0.752311099714897 0.39366714213925
 -0.233813583328815 0.588718006582441 -0.773784412466765
 -0.053013812184533 0.0935334199083363 -0.994203719102838
 -0.224041819979045 -0.186004306786557 -0.956664863344175
 -0.15950476153362 -0.429703403775484 -0.888770620481948
 0.0304349404485879 -0.993430894935394 0.110312154306554
 -0.333974318012331 -0.728373511742422 -0.598275172725905
 0.538800272262905 -0.0774472920115106 -0.838866010498401
 -0.218617733869752 -0.970167477632092 -0.104791945218314
 -0.345490128160662 -0.116568103733928 -0.931154363430364
 -0.849896971177777 -0.526909569788607 -0.00643767411612363
 -0.979259304593435 -0.14887513554874 -0.13743146794867
 -0.56290837572553 -0.224490925956467 -0.795448291657763
 -0.656991900746029 0.325260317895475 -0.68012305354006
 -0.298075397120781 -0.43873038950236 -0.847742120552233
 -0.299134806691759 -0.166697703682928 -0.939537249401174
 0.373556405126165 -0.883799920265956 0.28169720113467
 -0.297777639977165 -0.953096166649576 0.0541864766109959
 -0.565793639193087 0.292319992247673 -0.770990648439372
 -0.351321359686042 0.378990454456607 -0.856118880564566
 0.188546039132024 -0.208464712188398 -0.959683726495263
 -0.0540788516297901 -0.918415484534801 -0.391903655983343
 -0.974168083058758 0.206672601865459 -0.0910108871937093
 0.235641370322449 -0.914053643550439 -0.330119798413736
 0.480675564190651 -0.869010411738606 -0.117353765512222
 -0.37402476191535 -0.870193212491764 -0.320732365699862
 -0.0326613249131936 -0.92336282510881 0.38253670550941
 -0.826864186453906 0.113144146586527 0.550902912728845
 -0.712687424013309 -0.502457248340569 0.489503165713254
 -0.0518955412820052 -0.985432698315364 -0.161954468558138
 -0.607319403530989 0.189779025244198 -0.771457752357267
 -0.0633860961326865 -0.976580196058993 -0.20560477495048
 -0.492424671521047 -0.380582550318023 -0.782735501475957
 -0.961416642281737 0.200011323856897 -0.188874324016584
 -0.97054903186299 0.177150173545173 0.163255605608899
 -0.289704606102204 -0.650656738205346 -0.701938067233247
 0.521887139130974 0.605318545592727 -0.601018529141318
 -0.468322343292284 -0.87182661775666 0.143500980290053
 -0.109676331973648 0.106131298931295 -0.988285004233072
 -0.178932771727857 -0.116336667370383 -0.9769589771464
 0.0589062295030147 0.374195815329462 -0.925476929974841
 -0.987752316026694 0.113024060385535 0.107568229314552
 -0.874115185753647 -0.423375746285247 0.238066418237174
 -0.949134221896245 0.180751530225879 0.257823802521049
 -0.0910716676763935 0.398236862403667 -0.912750432905689
 0.17578941359477 -0.170026652755805 -0.969633445906578
 -0.501785675129737 0.0974572667427168 -0.859484274081634
 -0.878734367951378 -0.42561227291893 0.21605578844797
 -0.279757611479939 0.522790784046704 -0.805248703777207
 -0.096103292707863 0.207702465803774 -0.973459728406748
 0.0178575405348043 -0.31048338257607 -0.950411057064347
 -0.953400127380748 -0.227676576229783 0.197968618085438
 -0.130977667893033 0.164441756408806 -0.977652166807034
 -0.921208089658236 0.124156246942942 -0.368728737547356
 -0.896220438427526 -0.346927403044741 0.276460309558905
 -0.864346605336393 -0.356827711255783 0.354371175920691
 0.300041776852998 -0.262034986035277 -0.917230940514104
 -0.131273724679261 -0.939699075235014 -0.31580509370701
 -0.167988411363212 -0.977341999591713 0.128773093003686
 -0.893934280253132 -0.240846302788041 -0.377987514372692
 -0.838725626178731 -0.534266321426659 -0.105350945796995
 -0.175524654030108 -0.964617437680975 -0.196734071145291
 -0.4935555782399 0.583857367503316 -0.644603339737218
 0.150191338795257 0.599543775687322 -0.786123287268275
 -0.658341083824478 0.325643086834135 -0.678633625269149
 -0.458914618884747 0.188102928813304 -0.868340175706344
 -0.778600137573403 0.227023597672915 0.585014625347371
 -0.642518074003666 0.256386407894282 -0.722105625532502
 -0.193880640831717 -0.916085155429835 -0.350996132616554
 -0.918138252512214 0.390868050083981 0.0651484205285495
 0.239739672439432 0.107174266784118 -0.96490339723618
 -0.969734074321448 -0.240151103542451 -0.0440825653435455
 -0.342852447616203 0.603247929068381 -0.720100086958951
 -0.164668271504606 0.516638365824542 -0.840219708955837
 -0.0231899761493587 -0.554783665734357 -0.831671394987552
 0.0672103744800753 0.299621430408011 -0.951687850086627
 -0.900146404229597 -0.124238159853082 -0.417494108448067
 -0.199234682358814 -0.396849299552833 -0.89600009753895
 -0.0449367217197642 -0.0886405580331928 -0.995049517618417
 -0.283432611562183 -0.786573542215407 -0.548605520743046
 -0.367069929358788 -0.928223573563616 -0.0605034250379717
 -0.299597323243608 0.225311856512352 -0.927079290686736
 -0.917138100190509 0.314337581236852 -0.245050178945272
 0.0298681314649652 0.139768139352903 -0.989733682333091
 0.314976043694496 -0.927249732639484 -0.202479690879279
 -0.10921312582731 -0.965604005199187 -0.235969062146539
 -0.190650869789099 -0.0317139762305651 -0.981145488477783
 -0.909641795325822 -0.331971199450377 -0.249693666182973
 -0.859223870791124 0.415920686094716 -0.297899853543465
 -0.981625497383445 -0.150715498597798 -0.1170308564829
 -0.0751570632513267 -0.964868220315874 -0.25175530434911
 -0.169457155655138 -0.982566457264164 -0.0764684866897523
 -0.35500647749876 0.200240325844574 -0.91316713302636
 -0.0577719319504283 -0.906705454903316 -0.417788968173271
 -0.581240913400573 0.150743549560806 -0.799647036419867
 -0.219923018125272 -0.955681008304195 0.195723469377968
 -0.422357492902858 -0.283657979357117 -0.860902026328113
 -0.588588787900129 -0.247298162385514 -0.769679711074032
 -0.400336761900176 0.344276870146448 -0.84923725410126
 0.0102382982944981 0.471553720527055 -0.881777900553833
 -0.909577907810983 0.410276013644569 0.0658909876243783
 -0.0616611887902014 0.477335070790107 -0.87655526237128
 -0.390647821644906 0.419455984883416 -0.81942111041245
 -0.670467042177924 0.180908158653825 -0.719545817502727
 0.319901630197687 0.886007338888963 -0.335639602001552
 0.0150653696002804 -0.609809423247067 -0.792404885117379
 0.166046612135515 -0.802450053313191 -0.573151319056298
 -0.883327926444641 -0.162287149192934 -0.439766592148428
 0.0362702803788199 -0.116854663827906 -0.992486500816464
 -0.531547957265856 -0.321779935902068 -0.783526924857951
 -0.973809604993489 0.0494202707116944 0.221929020331294
 -0.737844628184088 -0.142439458712394 -0.659769888113731
 -0.988170877275972 -0.103212623783682 -0.113426062240227
 0.586805994525037 0.100404029529198 -0.803478534650293
 -0.464407446569456 0.0872858118565227 -0.88130976995571
 0.522320212459324 -0.398179533581218 -0.754078679378678
 -0.672270301827138 -0.635456604804294 -0.379799347934997
 -0.278355197826406 -0.163512803661298 -0.946457577962079
 -0.0953462708858467 0.247477318359239 -0.964190886456558
 0.160117768204593 -0.164651728831425 -0.973268775055484
 0.198231995706602 0.536593229224737 -0.820226665153204
 -0.512719581273021 -0.726016749739294 -0.458277546992223
 -0.327047520961418 -0.940851744800528 -0.0885319904824944
 0.726197849386662 -0.687484670696439 0.00122926953749458
 -0.602419765389708 -0.127630591017221 -0.787909168942972
 0.233751082174616 -0.547117450994987 -0.803755514070631
 -0.344649737421521 0.0860041514866755 -0.934783314154854
 -0.195488204916031 -0.98027445912868 0.02909203531351
 -0.139722932174809 -0.989337065621256 0.0411056299355276
 -0.91533106250712 -0.0277731440757748 -0.401743324123416
 -0.799107309617991 0.0890463344273648 -0.594557194927575
 -0.797548538452944 0.0204394844629377 -0.602908414509586
 -0.833824264185219 0.462012136139371 0.302128917046869
 -0.247159594168403 0.318464810552677 -0.915146053616666
 -0.296773110761625 -0.953423905797933 0.0539312208454705
 -0.23331727073507 -0.618165952123473 -0.750622346331375
 -0.241807256172072 0.0107937153402008 -0.970264266358237
 -0.543311994084499 -0.224510771510833 -0.808954257396261
 -0.961064295301357 0.100910882071524 -0.257239993345616
 -0.903181500648385 -0.425532057699733 0.0564415162478968
 -0.943683592692433 -0.00201858426697632 -0.330843168586959
 0.437310596537848 -0.878337769667448 0.193086002939944
 -0.80957945111214 -0.0392304263897052 -0.585697947736073
 -0.926102534411664 -0.36243796300605 0.104751223039721
 -0.519173847759304 -0.80396888856744 -0.289987141126006
 -0.822791795727614 0.519838442061614 -0.229742584294427
 -0.129787159145531 0.229646805447832 -0.964581587046186
 -0.479012706241147 -0.865562209230806 -0.146112590870943
 -0.0560541070284802 -0.113043201397881 -0.992007646998227
 0.718971246109299 -0.682409661412297 -0.131899208789119
 0.223803155436986 -0.228893358289842 -0.947375310078982
 -0.545006155770277 0.249708661108887 -0.800383579753927
 0.529579493526937 0.0266499446197908 -0.847841577470411
 0.492014952286115 -0.246998944284857 -0.834813037900737
 -0.671657831130301 0.701812699917425 0.237349304014051
 0.27361249916091 -0.896670182343647 -0.348021241303935
 -0.0256208665092529 -0.587442977872304 -0.808859888329143
 -0.454730360820866 -0.227200322301558 -0.861162187101706
 0.34417589223277 -0.826576335735665 -0.445325180522703
 -0.10977337571041 -0.9865571905691 -0.12105666326785
 0.234870729323107 -0.969761504837325 -0.0663201646777085
 -0.470703054536427 -0.726866061294784 -0.50010435249844
 -0.237062014333185 -0.866100359234481 -0.440081548231911
 -0.299564992240604 -0.952451682366081 -0.055647175866417
 -0.526641540677376 -0.461947912667631 -0.713619515999232
 0.0857330773520436 -0.0889754435967777 -0.992337246043151
 -0.952262256738089 -0.00691997002100155 0.305202733288858
 -0.821490484163765 0.0301939134900815 -0.569422261609552
 -0.847642165853223 0.314732640880269 -0.427137124858268
 -0.618813025491174 0.402443481683392 -0.674618176106314
 -0.242353853445068 0.475258415615032 -0.84580969970048
 -0.948612942209576 -0.0710364457764714 -0.308362301917628
 0.0421128861336906 0.015440949669057 -0.998993534460964
 -0.425911845686526 0.0891614753583093 -0.900360667186115
 -0.916563598701244 -0.071035767123429 -0.393529019673277
 0.06380748759737 0.077759048404052 -0.994928205911265
 0.108618225681754 -0.146353060787115 -0.983251169665204
 -0.221052222454606 -0.602957837019019 -0.766536210315746
 -0.356497592593356 0.350825816820466 -0.865927660216137
 -0.921818907195046 -0.296880022363694 -0.249223102177676
 -0.885363595718624 -0.453919335073308 -0.100441727498063
 -0.0563920770772712 0.100223917469932 -0.993365541988392
 -0.977276909063087 0.201561343641465 -0.0655962480752298
 0.690886279090701 -0.413109837604651 -0.593309709543393
 -0.192517110538062 0.353165219825977 -0.915538906685754
 -0.959200839672769 -0.162710965742637 0.231211787757789
 0.0961835162456305 -0.170999989190217 -0.980565007992623
 -0.999422539471191 -0.0339667309670018 0.000921294942595534
 0.14374510801615 -0.354967049948795 -0.923761731926623
 -0.632430301488569 0.387962911430385 -0.670460060789258
 -0.931059847643849 -0.218815251610045 -0.291971652336739
 -0.390567901778276 0.686293392135631 -0.61356180944668
 0.180538445455652 -0.129678041062466 -0.974981782075264
 -0.124721379256424 -0.412636974421364 -0.902316632284232
 0.0366016278112144 0.146891763631664 -0.988475154274881
 0.0875535808701568 -0.252156669508026 -0.963717481681967
 -0.295297269580129 0.351740285682791 -0.888300790276756
 -0.193006222010809 -0.0509048866630403 -0.979876160940217
 -0.646772131249011 -0.0614826268387076 -0.760201089736541
 -0.160538223124433 0.438265362710296 -0.884392984348283
 -0.941689201195168 0.176789700765963 0.286298533100482
 -0.651344337543593 0.461785894534045 -0.602083334397565
 -0.216219758483638 0.486383452238213 -0.846569638854427
 -0.738189079037211 -0.354599946952997 -0.573877827774454
 -0.399643201321303 0.133568140752998 -0.906887459067247
 -0.975424972946453 0.161536807999536 0.14983985388985
 -0.13183744324969 0.0540806871150753 -0.989795013039845
 -0.978997908090192 0.0492272646949287 0.19783774252069
 -0.856840340677382 0.448607332357495 -0.254118263694211
 -0.391477635222945 -0.269827482132227 -0.879737683066057
 -0.772931453592418 0.183788274607076 -0.607288101451416
 0.0526317597815441 0.241453913067707 -0.968983955350443
 -0.020479734579812 -0.320231476285005 -0.9471179346142
 -0.981360988795068 -0.0515672391518519 0.185125442652873
 0.691587031748425 -0.223843618375842 -0.686732416614954
 -0.999032484142622 0.0404626814007874 -0.0172298299956806
 -0.914525690246365 0.163846625918927 -0.369860845527602
 -0.366515415580489 0.0878631854034425 -0.926254020662054
 -0.933587221313809 -0.337743548302562 -0.119767256708815
 -0.811625027432519 -0.467926112804841 -0.349728420064074
 -0.950015990992055 -0.251920144115773 0.184406772782544
 -0.981833614379189 -0.188537807685511 -0.0213599800617501
 -0.862382993847529 -0.375639839280008 -0.339396940275341
 -0.995057001664902 -0.0474256612264528 -0.0872488973849507
 -0.955890769664199 -0.215438381581457 -0.199647539960672
 -0.929787338761879 -0.366576790336886 -0.0334209734210329
 -0.926777975129201 0.330315763423524 0.178812978414185
 -0.947383644384426 -0.00653126894467885 0.320033705848082
