Format: x y z  (R = removed from domain due to fracture isolation)
-290.5469537 283.1903032 336.3229944
353.4387365 123.8089515 -315.1731502
505.3270945 442.1757697 497.8816135 R
-140.066614 -311.5767549 -8.782025603 R
195.899319 -155.0457254 -97.35486091
-311.3302991 315.0548978 -522.5566858 R
-516.7596813 -218.1626835 27.51050163
136.4008638 -20.52661625 411.4584883
276.7126727 394.7369894 355.3823699
-376.2369475 372.337096 514.8616641 R
-232.3408423 498.6168556 -175.4760688 R
-185.2552448 371.5399038 165.1723319
-202.7426729 -407.2908609 -211.8258319
44.5818975 215.8981894 -276.2449145 R
-438.2830066 -104.5685287 87.72171363
6.99654446 19.27113765 5.399448623
-80.2423562 192.6060704 -525.6822381
-43.770276 -60.78625741 12.04123111
-4.234017779 -535.5481838 -191.9318403
296.2919226 -353.8522863 112.1032189
-406.4881054 231.0511717 -155.2232324
503.6262172 191.1145116 -130.1148611
-265.3005628 -510.875952 55.89425912
-33.26563078 -76.55343546 366.3525914
-371.8375791 -422.66673 -400.3224254
-378.4752638 -223.7713312 303.0474763
410.1876342 -103.9039075 -494.735817
337.1891834 391.4228299 348.4085284
232.3095227 -114.8030042 221.9156151
173.1698585 206.9637989 -383.3993981 R
48.62741797 -131.4249233 495.010232
-327.3125602 117.507131 -364.8178145
456.495501 477.5481402 -31.16754005
-107.5506611 446.908993 27.0075643
-6.200440227 -446.2153321 105.3713145
141.9334782 -250.0543119 -89.53408324
-287.3772374 304.1443716 173.344052 R
-243.6795492 -509.7767221 257.9698294
-344.2929943 179.9440818 473.191445
199.0411553 -370.6187562 -313.8432787
93.54622048 41.99750284 98.2465514
-486.8497416 -145.1558203 191.1003673 R
80.53827393 399.5498964 301.9234054
-256.3947286 265.0227047 -76.44454972
-492.0333765 228.1506593 389.569099
248.4311371 505.7998351 -417.1845237 R
-11.55572606 6.086840024 112.4251265
269.9846106 388.9575237 -427.0513802
309.0282925 440.3724497 -170.8064947
299.9342537 322.3290256 -191.370422
466.7231802 168.9457324 332.0899444 R
37.50685019 -317.5600872 342.3186771
463.9162643 -523.4539463 209.817337
-366.4661912 437.7338714 324.6399241 R
-394.0201461 -377.81717 297.6796716
431.1879444 150.3039789 -451.2924612 R
-511.0650254 349.1166417 293.2742711 R
223.0948019 377.8329727 -522.0064763 R
97.86453299 323.0885679 390.5553367
24.6227673 -280.396037 -502.9112209
-164.9202168 131.2698803 -54.27713385
16.72551343 -455.6816878 425.009454
191.3799859 -246.6307503 -100.1763254
-49.21020407 153.6719688 65.59395538 R
344.1972718 456.9587825 97.00752441
-132.4632142 366.0756285 -169.9648693
-74.42417914 161.2689894 -461.5561693
247.6217315 -341.9702761 472.797891
218.2142631 321.7480894 286.1315468
432.1787137 332.8488973 -293.8276958
253.1712535 461.7423733 326.0317337 R
348.18896 516.7223677 -173.4007463
-191.3073123 249.0404697 107.8561046
-287.0782113 120.9854549 63.62605927
228.1363606 -8.004333637 -496.3119792 R
-145.0115802 435.4677615 30.56747819
166.8666978 -188.6601455 -378.6421513
-87.62649593 -182.0599503 435.7051338
222.3025443 213.5679816 131.8547635
-227.8955942 -283.6213653 -362.2731504
-355.2493656 -255.1298255 -153.5278532 R
270.1933192 393.9010467 87.29514843
-16.84251125 234.9084406 -522.0632303
333.694217 312.8381322 -156.0644822
496.6412034 -1.175500232 -399.8066732 R
-440.7814171 0.3565830597 302.5440361 R
38.84384628 13.60004717 -174.8416716 R
444.3669491 -252.9317985 -366.1340612 R
132.0755477 -459.4804842 314.0705346
447.1906881 -406.165292 -290.0504855 R
231.9383891 489.2032166 3.761461532
-388.4469 359.4442931 -324.1287007
-314.9406712 89.73579544 -12.8957893 R
-453.0534159 -457.6752702 31.64809807 R
-222.8516917 -356.2494387 188.7092512 R
233.6900945 -345.9895216 225.2265097
-274.6069872 225.6766045 -111.664341
-313.2283982 77.41166453 -375.939433
257.6374831 304.7021189 -412.3311832
-118.0504874 469.2958513 365.9038121
-371.8645651 -491.4288277 191.6231755 R
-82.80077376 247.8034512 249.4693661
49.03229732 -413.2511914 -109.4381445 R
-187.9200733 281.9241573 347.1523141
256.2344371 118.8397547 367.8709954
-79.81733177 84.33473068 -531.9688192 R
40.65644945 231.5776381 375.4578283
-0.9556187842 -315.352659 -519.6266883
98.45002996 231.3153593 67.51061163
57.94711437 428.5082713 -258.6773264
144.1547119 -287.4735119 -50.59880942
-419.3041537 -384.882023 -248.5585073
381.5879701 366.2053506 -283.9830681
-321.4507985 -466.7955254 -18.78472651 R
-404.5812327 282.0906898 504.0866266 R
130.7184245 260.1032249 -46.46219279
311.7006336 22.12727054 249.109645
-229.2760183 -305.2122433 -301.5233669
259.0863159 -41.95557798 462.9920655
367.0347066 105.955862 445.2671731
352.8264919 364.2015755 376.8139673
-500.9314842 138.9314042 -358.4965943
416.882122 -104.4189476 11.72873875 R
-119.9870591 -17.71263133 -174.4417991
84.07600156 -4.324894639 -471.6912366 R
-240.1450426 482.6768212 -294.3691215 R
-29.19081329 213.4930366 136.4414549
5.037730047 -12.80605002 387.7104148 R
427.6497898 -163.9324968 361.3657241 R
-364.4812308 238.668397 406.3852701
-21.84152828 349.4072876 14.73482482
-152.97083 432.6087361 38.54208748
-386.3753848 82.4060936 -194.6630917
-340.0195167 20.41503556 -148.8105175
-123.3222771 162.3851289 378.3641455
160.1462922 -521.818337 151.5672649
284.1613564 474.1834813 82.72488425
-463.9758979 -434.9957252 -518.1852725 R
473.0008928 -412.5227667 -33.02410751 R
-7.466384896 524.3415001 133.9377699 R
-512.9036253 512.0597884 294.7925522 R
456.1246314 137.0282549 -217.5407509 R
418.9430725 -12.81293728 245.5298448
352.3248339 349.9698304 263.8325816
-432.9895671 237.6156175 -277.042761
-199.8169435 364.4929033 -226.3052959
-389.8776513 415.033386 -2.390331219
-201.2047951 64.57753858 -319.6461151 R
34.79969779 234.5746288 -92.18732497
-45.1117512 -440.2277003 -166.0688488
-155.6385123 68.46588323 -276.4014366 R
418.3392272 435.7304096 -308.4455794 R
-104.7168964 -227.4008909 311.1427126
-398.0541318 -360.0004693 435.965429 R
453.5850384 -532.6428518 333.479316
-505.5646081 89.89294106 39.42219201 R
-347.8586874 303.6640667 -43.08016965
-95.1690919 244.575446 -91.97804012 R
215.7926153 419.7811372 486.9111404
-229.3861392 270.1293514 121.7821659
-412.8229408 82.35036659 -14.02922717 R
-206.5724688 -500.6086929 -65.58537498
209.1723337 93.17504327 18.66125032
139.7645416 452.0863735 420.9233569
-54.58399179 15.56614233 503.4413319
227.7286004 134.6806274 224.1236257
-150.0561367 115.6592039 -339.0239012 R
47.77677722 -393.7930436 179.8595945 R
330.097252 212.9580372 76.7652208 R
227.4096611 -431.3222935 -282.5163883
-385.6392234 376.4438429 -237.4365969
42.88983005 -128.9203899 477.1943022
254.1951689 160.825522 223.0608252
-277.7889433 127.9803616 -495.0776463
270.5443019 -304.5880864 141.8898459
-438.8775292 432.0075664 23.74026797
140.6107963 179.7058138 -348.1296826 R
-310.2395455 111.716255 522.8436973 R
-43.31614708 -239.6367907 -342.1200692
122.5703844 -476.7414884 188.6365071
-388.8777104 -49.9511824 -68.64429459
-387.6482047 -59.39601242 418.3793221
505.0732343 341.6009058 442.8957201
-512.3967682 -74.61137674 -465.915654 R
346.210266 -313.8230172 75.3569194
-308.4583393 -193.7951537 301.2050388
455.462034 -251.362886 208.0521393
-482.8189133 185.3314556 -294.0111741 R
539.6358715 332.7603889 293.3935927 R
-402.1111685 -421.981024 -433.0836549
249.6542341 366.2380622 97.61294503
-163.8830062 -73.86095719 4.161576162
417.9709783 282.4823513 -357.0784665
-275.0873072 -374.2884048 114.157304
-269.6734034 391.3398824 352.5757803 R
-393.4527314 -350.769357 125.2473753
377.6752211 -32.03467918 395.0734664
442.9972477 -10.62684787 -285.9403647 R
-393.2205478 357.379309 -364.9438724
223.8884646 -122.1747965 -0.5033684254
438.0962017 391.0334474 169.4167951
-498.8967609 86.95321848 201.1106975
-60.90254464 507.78737 107.8118198
-313.6487587 -549.8897413 193.8362971
-175.6767756 78.93650731 -309.845629 R
-356.4269385 16.33249924 -66.28299959
194.6840344 -14.85237436 -208.4157103
452.805011 -508.1949769 -140.8697005 R
111.6234062 56.02329107 -433.4599846 R
83.94060009 107.8625541 398.4177318
-481.2744203 -94.36847152 -494.9130992 R
-119.0492212 81.49998312 431.4398761
347.3258517 -298.4725532 65.68975411
-430.1265504 445.972688 -292.5314158 R
-381.9720632 -337.9024929 460.6144492
-443.2795376 144.4687527 -182.3051312
274.297828 -126.6076483 361.6024831
262.112865 1.064148464 -150.3642031
166.9472543 59.59667902 69.58848999
-220.6527178 470.6676509 -408.4321528 R
37.37915397 -318.5725353 174.1074373 R
-380.3116835 38.96970764 223.6349018 R
-206.8884436 65.98954044 -50.46293972 R
-75.89394285 -318.8690418 195.2017078 R
-475.1506931 -177.8551865 -210.8818684
198.7672527 329.8710098 369.4919386 R
247.113249 253.9013081 484.8083576 R
-55.02524517 -173.3198407 -199.8940527
-536.8733443 -221.8630232 -283.338719 R
-137.0102226 -238.959421 -369.3583718
-244.2891546 65.78257349 -354.3294091 R
316.1246997 323.5318776 -139.9583791
211.2890165 543.9712309 2.971333739
-413.9008155 213.6838481 390.6758309
-249.5663336 -339.520475 -1.372641083
58.78295029 -171.241063 -120.478255
391.7360675 349.3195068 402.0074162
-428.7587619 526.4149347 31.597184
-317.7931119 -190.8393183 294.9662128
410.4167475 487.5965837 466.5388973
-342.595032 -389.8754157 338.9160117
447.0543929 -253.7990221 -210.5599961
264.3144194 513.9806255 -432.8690012 R
183.2150533 241.4128898 -541.7476833
-373.9080831 525.2734579 376.3670318 R
342.236786 -376.5979747 108.4933812
-172.4571797 508.9122621 -79.11886847
1.785347631 -476.288506 182.0141102 R
-284.6036475 61.75869697 -378.275505
73.41857452 337.792102 -479.4351296
104.1514543 -501.1126431 32.76864906
-226.3889234 -343.8033477 -25.22973518
296.697051 395.5353521 89.86990742
328.0064882 -9.703993446 -218.8201138
-238.9374397 108.1743977 -276.3769659
332.3800898 -68.16596545 276.9074523
434.2911821 288.9174599 65.52794459 R
41.35139075 286.1323253 348.0800967
-152.0515806 1.942142236 273.0448193
-266.906077 145.8508376 -370.4721725 R
356.284419 -51.90203686 221.2921774
163.3170376 -21.43251522 387.3525048
-332.245499 -227.6303319 -485.4406348
-442.4433614 -351.4065194 -18.48519871 R
-136.3459545 385.6414921 153.1131843
-484.6516191 -428.2075127 426.8639696
282.8402619 413.9382915 440.5247017
-376.2451875 -485.448543 100.2112829 R
-437.47636 98.43503065 321.6713369
312.43601 236.8211759 198.1542725
-215.7661181 -226.2687826 -84.83368797
452.3541894 463.925234 410.6173496 R
-201.9150553 -472.699679 -401.978291
156.2589416 -223.0792404 -221.0641464
164.9897432 -60.84085984 283.8460815
286.1515281 350.8625399 114.7364083
-492.402521 160.4177977 368.6718046 R
262.071576 -121.4425922 491.5274279
-307.4025418 414.3064631 -311.4694556
-377.2590154 -159.2590477 486.8030858
158.549838 -253.2955738 -289.8554842
17.36076754 -65.05253774 199.1264475
-390.7266686 -104.8283842 -535.867007
468.5813261 48.02329222 -480.3419276
145.5013824 -166.1574905 395.4777294
348.6846185 215.0181879 525.7500292 R
66.33477363 55.65456789 -96.04180976 R
306.1313765 -114.3719265 367.2523967
70.87360349 170.5413769 -515.4575686
-284.6031665 -548.1257847 236.9041446
327.8960126 -504.7448563 -155.2693367
17.27449074 465.641228 -388.0524042 R
-242.4573545 -174.1153237 -389.2387158
-150.8951593 -442.7788479 -204.9334595
203.8918504 -40.20087243 -217.7820557
11.63758034 378.9360018 -421.483775
264.7435767 371.1024086 -118.2394695 R
-330.5669902 34.11634805 -240.1003021
-457.1218841 -239.9995795 -286.779597
210.7988048 199.5825036 -4.733234321
112.8983539 481.6720954 60.77194993 R
-2.099323423 437.0547399 163.308251 R
-17.00221105 -3.362225859 95.21823579
-392.1985456 -372.4565399 144.6013111
1.581585109 348.9781238 -273.1736419 R
-373.7210148 518.8695057 365.4274401 R
-257.5447011 80.23830355 272.6915633
-513.7530742 14.56828763 130.3380119
-388.6427216 66.73427484 193.7422765
-35.54356737 -403.8260618 502.266613 R
473.7079962 8.752222134 -156.1181802
-231.0926946 235.1416648 -179.7974102
436.5543687 370.6396006 -139.098831
-223.3018492 72.66697759 136.8278786 R
-272.851172 510.0146533 -433.8923204
477.7666754 109.5797154 -517.4835382
6.284704831 472.6695152 -145.8817225
158.1056772 298.6262708 -240.4962813 R
-518.7255528 494.4650479 215.1236055 R
82.15689873 -516.4824886 107.3423634
327.7770233 -120.5886037 235.7784874
180.9897653 419.7585144 243.0827862
-496.0606507 -254.9205218 299.3855097 R
-372.3214224 119.2334971 338.6319413
43.56210471 -23.5969931 -518.2867801 R
-41.72176855 353.9196367 -77.10905731
-381.7748678 -354.5703141 -129.5346398
-492.1875395 -504.9548603 -365.9126858 R
-460.4712202 -273.7335339 134.859032
6.112451456 108.061593 -125.8268843
436.8903753 482.6337035 -416.3432882
-13.33502681 -446.592248 -390.2602293
-150.1281611 166.9527909 34.50080597 R
-207.0604092 199.0128507 418.6505133
-276.6108081 -45.74342337 -392.4924588
-503.9451857 -59.04538432 -210.7148165
-480.2059182 -14.93931272 401.4222508
-366.3310775 115.4021686 499.0185499
-303.1768018 81.62878311 -421.5463163
-153.8755935 240.8787335 456.8862104
139.575833 168.3781907 540.6780738 R
-289.3630022 304.2659531 -34.96426886
363.1811747 -476.3768668 430.4541356
-473.309189 -84.06596681 -220.3597081
477.5033731 67.76724777 -196.2488421 R
156.3334358 -123.8558577 -383.1470569 R
-448.7835014 -224.6159764 -360.9458455
17.66011728 -255.4529482 342.8790603
209.7495435 282.7748521 236.8019202
-478.4617838 289.2835551 -257.9534037
95.27436939 261.3499118 -406.5521704 R
-194.90699 400.7425878 -452.6193732 R
469.5847596 -42.75079776 -232.1601115 R
-66.51639499 40.68588432 179.9744235 R
-340.1721364 -164.7174676 -245.1302422
485.83279 126.4074234 395.2771324
307.1483356 -406.8063112 -354.6375571
-449.460889 -471.6574418 432.8052848
531.3216296 -203.5739805 -115.9167683
404.6071177 331.0905035 -353.1948555
468.6432933 183.1702816 23.88530145
183.8284487 -440.2323594 -115.2397947
-82.57756544 18.7878832 217.1514459
-155.5244628 272.685626 -240.6130773
143.8852762 -285.1208189 -419.84361
-254.4294712 378.6289541 527.7730417 R
-95.79239525 -323.1692504 203.0211416 R
92.26945483 -49.36067481 -258.4952477
117.4734906 337.6618887 220.4293396
144.0593098 -537.4420163 -448.791249
367.5959033 -107.5334987 -63.55810804
-201.1038489 -179.3237953 404.959195
-436.2707106 -147.9398284 -68.43502472
290.5617761 43.57023299 -318.058825
450.4814367 -511.2145427 151.4404422 R
230.6206944 58.18090823 -508.2129127
484.7482898 440.6671363 -430.263351 R
159.4045822 278.5395203 -417.4633357 R
-318.4307187 -267.8803307 506.5562614
90.57472155 -129.0466471 51.65046281
-151.0482447 430.3017869 -355.2045604 R
-513.517072 196.5697321 262.8033921 R
486.4622039 283.0440009 474.3060276
288.832026 -377.4272307 394.2099771 R
437.4527785 386.7567311 -367.647897
362.580764 -268.3565873 222.5609575
173.5961949 129.007755 182.8862028
-409.2171104 352.9440088 -103.5406332
-364.1268991 191.5455763 -227.5985875
-109.7050926 241.4654288 199.2013462
-198.8314283 -103.0856398 385.1700713
346.2045542 397.4007886 -38.21001606
-9.292962388 -431.4960075 119.3924253
-452.8163246 -225.2341186 -11.13719382
179.7819982 276.6207031 245.3092749
-308.000941 -357.383949 331.1562723
-143.5789189 283.0077831 -97.78092692
-271.2953131 81.17586718 340.1589551
481.9262082 226.8197857 351.7938082
136.1952656 313.1230444 243.881442
348.0963425 408.1814927 -196.0471719
-37.98440223 -69.06623849 -287.6689286
-449.0878706 -69.46527322 278.6663131 R
-421.7626478 -164.1270027 -478.8134252
112.9436803 -531.994436 -502.2414087
-263.3954297 -188.245361 -39.08870634
292.2093604 362.5529526 513.9404167
316.6774486 -371.8968919 443.3928951
46.98912783 356.7238586 -268.2584495
252.1586192 176.3514578 -366.1369392 R
500.4650057 -173.9687396 307.8737741
125.4642158 -240.0665434 482.0774051
-350.7420801 160.2560721 117.2790804
-257.5836542 194.9906518 -282.7954823 R
194.0014632 157.4040309 43.11971419
353.8804574 233.2377382 400.3941967
330.7350753 -253.056042 9.272368716
-233.9716284 -302.1527089 -6.144484053
161.9467347 -327.8516666 54.28007138
-316.9466043 36.29483613 -235.2385645
-488.2791652 219.2096426 223.8325361 R
134.7869085 339.205259 -530.2756639 R
216.1299348 405.9298916 -375.1233399
-45.64827098 -25.42782804 120.7047204
241.6680681 187.6027815 -439.4675309
340.02549 425.7245814 354.777771
-432.1136784 237.6087664 233.7248303 R
150.0008838 -442.3732844 225.6852039
269.9509596 -134.8510519 273.2863051
82.02984771 -10.7556277 73.0602211 R
-297.3095151 -331.1789411 -216.1965658
456.4197961 -219.8124987 259.4481337
-296.9028378 23.59272671 317.5172207
-508.0747344 131.5244997 201.279174
397.5680016 68.29858276 180.6407045 R
-457.7097242 25.30930165 -336.685162
-70.10412649 -225.7002903 -1.997446418
-353.2339381 164.2464071 329.5649121
-32.01992659 307.6005018 142.8851216
-163.0848848 462.2186038 122.7505255 R
-448.2000633 -18.6113196 -378.751646
498.4436465 258.5301358 -448.8268191 R
487.4179215 -10.39298946 287.19958
213.628423 -143.0120442 229.4038734
-82.01815821 390.583326 -291.5527186 R
475.4391782 442.142042 373.8784766
364.6041194 426.8375647 465.6554604
-14.44338686 378.3382313 -389.7852091
-434.1772365 105.5280893 240.1629121
-64.20169576 510.5138544 -256.6633126 R
81.25998801 311.6365633 292.6801413
-147.6086607 371.6444001 -245.8903701 R
413.6872939 -48.06240473 299.2571368
-145.3576209 30.78929719 -324.7414792 R
117.3718189 -487.3101789 -491.6648757
-95.74595759 -247.6575089 -188.5685574
251.074154 -456.7290666 180.59788
219.4958385 -2.107214283 200.6827172
113.5787449 116.3490526 225.9090977
-445.394594 324.0677363 51.11823053
526.8275507 370.0671159 -495.534301
102.7978692 132.3380032 -333.8972228 R
-456.4663816 -127.8322694 261.0295992 R
-498.7526642 364.1098914 9.717465749
-119.6984563 -463.9517188 -72.66124994
-226.6593954 -473.7071544 -507.0061362
329.0728275 20.3394496 76.20952822
-288.8153873 308.9387406 -363.1885491 R
179.2814358 225.6834703 328.5315043
-231.0822584 419.4897471 -358.9639861
498.5360725 -269.2187744 56.86875007
148.4374405 497.611867 -78.11203099
9.386021171 -147.031673 416.2855762
-67.17199856 -498.3083547 66.30682636
-31.89737126 367.1862082 53.45191783
468.5092065 -17.44347223 -90.91761629
-36.53789319 209.1141322 -43.81480989
-406.1999258 449.3078736 4.192879766
454.4867893 -388.6047074 -416.0958928
-198.5416529 439.2077696 295.3567922 R
100.731161 -421.7771697 -34.56690364
-527.3072007 16.74020669 13.8425861 R
-272.7573547 -170.0178174 172.2544071
-24.65336821 -305.4803112 -376.7479071
-166.5659446 -224.832343 215.2803489
-273.8489384 34.92681635 283.0709402
127.5257897 -423.5963534 61.40535646
-321.392741 34.89516986 33.87605005
273.2178357 455.5164494 401.7798803
450.4504359 332.5430687 -17.2858417 R
390.4362585 -125.8577264 -412.0625393 R
245.3701592 222.6458469 202.5597919
345.1194222 -193.9052814 47.77656282
-105.1356213 -367.7072068 -96.84638246
-355.3958332 56.36056675 125.3895589 R
-483.5044406 81.06437469 142.9293126
377.1568936 389.6970187 -81.30011633
95.875985 -231.8774438 3.191276996
364.8621878 126.2002263 -382.7852072
-25.73763168 -140.7941229 200.0287006
358.3661272 230.7569187 325.8652828
-388.1903172 -261.4407358 -271.5213567
-13.79984489 -103.6734555 -32.3938259
-117.5097621 525.2409953 -260.2641337 R
-152.6450781 -135.8496437 -352.6969545 R
-289.9111865 -300.9664392 261.8345732
365.806198 91.24549288 -420.8209593
490.9477717 261.2370636 341.112393
-490.7366763 459.0297847 8.691613808
-273.7727635 218.70563 30.74913356
453.4369253 -233.6662123 -361.059897 R
275.8566903 85.1592966 529.9084699
48.46127811 -157.0348344 1.43122917
202.664956 183.9175407 11.97763948
-250.7131035 -329.6698967 276.9119554
-21.54767625 -278.5848105 -198.9277265
295.6161914 521.0503679 473.640698 R
36.58040525 -156.22966 334.9297827
-44.32251532 110.4720436 304.6199756
-263.7143385 248.1570345 -366.8297028
-129.2013523 -514.4618437 -348.9307997
-511.2400403 338.9010626 330.5985691 R
-472.7744213 -485.7737747 -355.5297174 R
-287.8789711 -216.8183524 107.0069399
-223.6648333 -271.0264587 332.3314725 R
207.3681996 -242.1155615 61.46286295
-446.9034853 -459.3294491 370.4939807
153.4070429 257.4518054 -347.2052035 R
417.8290174 108.5135131 273.1908029
384.115145 -178.5883518 -341.3706766
-68.62593565 389.4690788 -93.08260361
-398.0107003 256.6592402 -503.9366669 R
-33.61266627 206.2369589 414.9715477
-130.3345754 -393.760247 106.1663455
-251.2518254 26.63169105 -96.8100462
59.1060781 49.43730957 -183.6832143 R
-98.31802243 -72.70677934 91.91780877
509.7204485 -505.7991161 121.8139238
31.47192972 -103.6881319 383.9208826
367.321414 -212.3125049 -302.3164468
-185.3024263 533.1723154 -183.6434021
-116.3907014 163.7543393 -450.5131169
29.19456287 57.02799392 -303.7310377 R
242.6510793 312.0798518 -3.871388207
-497.3914577 -514.2711315 -129.7706663 R
-495.0772957 293.2605606 -511.9946273 R
522.8515079 251.6694656 -152.5688921 R
-528.5536947 352.3264926 -152.2729503 R
-60.76987269 -27.69985983 -243.9765458
212.9314067 -217.8718685 59.66805165
349.9554178 -232.3696367 417.9929815
-207.4818622 360.828119 -543.2097377 R
255.4836419 209.4533071 190.7097177
55.91878532 -453.0186754 -290.5453919
-235.1818412 -111.3949499 -438.0623925
6.299932502 380.7172178 4.34317364
527.1905629 332.0255761 -306.6389586 R
-32.78169462 78.32411224 -52.06156408
-190.9944494 -401.2460851 -423.3898546
-85.47240095 -160.6331637 -458.3568457
-82.07927063 471.4694 -174.6017378
-295.5355094 383.6139002 -344.9084565
29.5918803 247.5014438 123.7654585
312.517627 55.97743145 -499.625649 R
-144.7045649 254.8238444 -472.1607765
77.58768164 -151.8046052 423.3950765
-34.20806713 -526.3861456 -283.0768409
-276.0399353 56.29401469 477.8467202
273.1405464 -503.5104529 -511.580379 R
92.92004433 239.2954189 347.9569655
-461.2129291 -546.3608568 448.3644328
406.7832027 -213.9588977 324.6540391
372.2219811 -251.4563175 -333.36864
-83.8056766 -488.1764659 156.8336187 R
463.6514013 156.1794692 -399.5238036 R
-317.3405363 3.237741558 48.05261158
-476.3486685 -180.7907017 496.0504633 R
127.3847303 -520.2714384 138.1364482
-2.24485144 -439.1834225 -81.54275395
432.4134558 -499.2355145 69.93565466
44.01672028 347.7634189 -493.8466615
301.0572572 -411.4922659 333.1643139
-127.5424529 98.1099856 -449.7686985
473.8145975 421.7371887 -490.4272455
97.18488977 -127.5413898 348.1439217
274.2008261 412.7758308 429.3527441
186.3245032 336.7122396 -105.1360043 R
494.3334291 274.7025478 359.5569353
59.73310297 334.6952019 509.1067515
-227.5642006 288.2094299 -21.17909134
172.224303 58.0557286 38.46287233
498.083489 158.9977525 441.254561
-366.6889703 -390.2977044 -439.3557668
75.16972642 423.8077982 96.79452941 R
-126.0906298 -35.87580682 -348.735027 R
-405.53889 160.6360233 63.10108975
89.94555082 -514.52736 -57.96539632 R
-394.3115619 24.89012109 -487.4409611
-428.689019 443.0618688 287.9779963 R
-108.0411997 -386.3273451 435.7615245 R
-484.3004818 263.798062 152.2814866 R
237.504047 421.7390978 441.625584
243.8975528 260.1413599 -114.9398387
-248.1016856 -406.5264705 -319.5449344
-149.6993247 276.0054717 -399.6881838
464.5495589 -116.932854 39.85003892 R
-117.8294684 -389.9492161 426.1030935 R
-456.2978647 228.9095662 228.4371071 R
241.805841 -379.2106504 198.0028295
-277.0390802 -385.9412422 485.2127473
-263.2461083 -18.14505632 222.5206402 R
363.5678473 -271.7687591 326.2150293
-284.3076836 -45.44206039 -386.7923103
484.0333741 286.5322723 270.6762396
-52.73513913 -63.24960993 178.9650252
-217.2844265 -1.381239358 226.2496007
157.815365 -320.690157 -549.8024617
381.2233564 -70.72005559 263.4010824
-449.8623998 287.4181255 -116.5785109
526.7822676 111.3814553 107.3850993
-449.6845071 -82.84005101 -48.01902244
-16.9442859 515.3772946 182.4767195 R
-204.2548833 223.3926869 251.7696506
-309.3332844 459.3277718 -350.7729815
209.1438388 -519.0682948 -164.2394327 R
66.57236709 179.7296218 97.46589093
-7.848851459 -42.72231486 188.5731782
474.3003771 -350.5176121 436.1701973 R
277.7162644 -364.3438503 -114.6678026
31.04712089 -215.1011711 146.9985184 R
-204.6038882 357.8581165 192.2882046
-172.4623233 -337.8642575 -231.2717544
-96.04063256 -310.0576352 502.3042577 R
170.9662272 408.8699017 -473.5269667 R
-299.9726161 -86.66781724 320.3990111
-149.5702628 334.909896 110.0797543
119.6058325 511.6100395 304.0196624 R
17.80228477 145.7988197 298.9559263
477.6739811 -32.04455486 137.9353733 R
120.9298217 -447.202406 -95.91558001 R
452.8296253 295.5758438 -331.6835113
345.8454755 -96.52776873 502.4805489
-133.7838776 341.7017888 278.1914385
54.76632772 269.8605552 -95.59154224
140.2585902 -158.3473188 -195.6479568
155.1405303 -265.8257781 -389.0831488
254.1323422 2.585660523 -207.6668806
-396.1027615 224.7110385 367.3138163
-398.7254685 -303.7771086 302.2424047
-107.8426225 11.42576333 -41.5202842
354.2031171 -221.071424 -20.53494618
301.6028476 478.5879622 -50.31569833
192.4145802 476.5463574 -208.7638754
450.1525603 -234.4663782 -493.3738434
-503.9450195 67.78303776 448.464556 R
30.3529737 -125.1734073 23.19913381
181.9322844 480.1017074 -325.574173
349.9737965 368.6899338 -308.3911052
384.6644433 87.09969132 -168.14447
-253.529924 -407.8096081 254.0107202
77.58125164 -164.2489664 -99.34712407
376.9012825 5.774897423 -355.0583946
-67.22886488 -51.84061485 313.9421816
511.9520392 382.1181318 414.6786795
154.3705338 370.4291574 -56.71712878
-325.4030799 321.329163 528.8439183 R
129.5899634 -485.0114601 298.1310202
381.2583915 351.6988367 -226.8676068
-161.3122642 -429.3894017 489.8132709 R
513.0526077 387.6761501 98.4090549 R
-328.5409072 -532.672128 -122.8499246
281.5586077 -418.799981 276.3747113
158.6561633 242.7726283 -326.7538551 R
-38.394701 439.9508061 245.3776887 R
468.9136487 -298.7568237 427.99403
68.12930752 482.7905412 380.2993148
-227.4867998 322.4105458 -173.7369379
-274.3413527 -417.7800468 -260.9438682
359.8148115 -300.7355634 359.836642
110.1547598 231.811268 -328.1875471 R
527.382939 -61.67736213 -117.2604952 R
-123.6181815 436.4990901 -456.509075 R
77.12213351 91.80707798 309.1484028
-138.1833512 -23.34772274 -148.76533
239.9994848 -55.18445183 26.069605
108.1346705 465.7420686 -157.9129783
455.5938966 -59.70843752 -85.05871381
462.7209572 -185.9536603 -120.4392944
340.0299879 6.416030427 269.1558421
-344.3610464 -523.9343969 -227.1709587
-321.9536061 -434.4033563 -332.6102756
-503.4110813 510.7918878 137.0762282 R
293.4508036 304.4745925 0.9605915289
2.596850295 496.3617062 341.194873
429.9815651 -346.6542904 48.40325748
150.5003949 -287.0657863 239.6080392
-265.229413 310.8129417 114.4813873 R
532.8248918 -121.7016264 -187.0918845 R
35.9934561 -125.35247 174.019518
-80.21528042 181.0122739 -506.7727608
-129.7876111 -163.6567827 219.1790525 R
-245.1721553 -325.4460675 -546.00543 R
226.5877393 144.6960193 107.863753 R
259.9309504 -12.37873271 474.3241711
-358.4210607 -72.62155202 -542.2059366
336.7152287 448.3536277 207.3529453
-203.8875377 49.1828025 -187.0741303
-3.350747775 92.61435128 -283.7557527
80.04722703 -118.4541478 489.4721561
-179.7340399 -410.4078613 237.2063976
-302.5242503 -457.1997689 -87.78981582
-439.3066828 504.3607971 107.3843112 R
-92.85004472 294.8711874 -250.9999582
508.1460381 -95.96316275 425.7579762
-509.8563881 -159.4089477 -398.2436894
484.4974581 -149.4636035 -292.0167424 R
-337.6344321 381.8850585 158.4626327
-210.4656255 -142.7960528 309.1773666
-250.1993031 297.392189 332.7654726
484.9186538 81.07677775 153.98325 R
424.6634704 -129.1658887 -296.136585
-418.6124278 35.31325315 -210.8123092
-388.2832677 -297.4565468 -92.15758043
-194.8027907 188.5417618 -327.5434925 R
-419.4368552 387.4837701 255.6084179 R
-69.44507981 -28.2177699 324.5563123
-536.0953265 170.3440082 417.1329762
452.9725995 460.2198616 78.0066008
488.1354481 -228.9550598 525.1377087
317.3071676 436.617059 111.1932941
-243.6771447 -284.7247022 -530.845105 R
-74.50429398 -207.7928115 308.643207
521.5160093 -59.82740191 -65.92840169
-60.11841244 -101.7657465 -212.9117491 R
95.10629331 -504.1193161 -487.9103904
286.2451216 -544.1118177 -516.7307823 R
391.038129 86.14679783 -325.6909851 R
259.3045792 -44.82247124 -170.6782032
-152.5831736 -499.8255852 116.8312047 R
178.3721259 182.9105053 -488.9467051
-246.148612 -151.9896001 -40.57672815
-56.34919758 -391.8703199 -448.3431357 R
-518.6222525 -465.2934454 -227.5912499 R
83.55287338 -364.726867 -329.1640252
167.0082854 466.523693 348.7484786 R
-452.2187059 -258.1534371 -334.2296455
-31.43782959 454.5947263 520.0841938 R
-245.4707856 137.4311239 60.05426533 R
503.1964764 242.3324455 -411.017422 R
501.541226 -451.2463893 102.6258213
-97.77626047 -297.2194212 -345.8899073
250.7329522 -182.71461 458.6553791
-488.5531848 -353.0497286 -265.1414136
-329.5815952 452.4614408 293.9573123 R
-67.46376038 -438.4155101 -153.9126745
49.72442657 431.1047854 -44.67361195
-159.4844062 -211.5422095 9.533255572
-85.73697376 -69.35795268 110.0096428
-200.6211243 484.3552142 -272.6841777
-395.3081791 325.5716721 242.4754709
420.9688395 -546.2655376 -48.20097039
420.0484663 -280.1047571 46.84571268
218.8455292 -472.5042469 -204.302676
376.8268613 43.85440859 -477.1067374
-288.6002512 318.0404919 -233.1281425 R
402.7348335 -384.4536846 -512.4030948 R
-458.727285 -35.8243717 -212.8009125 R
377.0111513 54.14093425 -446.3639417
-442.6950166 26.06250072 493.013794
234.9728386 -73.53462874 83.69428695
-281.2151993 -464.7831858 -246.9010675
-517.8028923 -165.8084806 182.2438911 R
316.5319523 33.60512798 -528.122219 R
351.414395 332.4700993 340.1400105
104.6947465 -17.43419786 45.51040237 R
-396.9207912 -192.1495117 388.4005778
-199.9689534 503.0518346 276.7767941 R
226.6620493 481.7272554 62.88805376
457.0520944 302.6235262 -505.39595
-73.87111423 172.5335459 -40.42639543
281.8788492 -80.98839877 -46.62189933
517.7977495 467.6409288 -162.8513137
-288.1028664 -16.98236266 113.2531504
41.40261172 -489.9858921 23.48732506
-298.1095924 -524.9431199 -149.3998396 R
-490.6346647 -95.09778567 -224.7026008
305.2369141 -408.6704996 479.1026791
432.6842188 395.3173501 -427.7367121
318.8654205 -278.314414 -401.9974606
486.6064761 -289.6445692 388.9409176
-458.1017582 -436.5129488 -520.6251311 R
119.1685269 113.7833621 319.5448631
68.45380286 -398.7434263 -420.4791142
342.0273494 -340.539307 -147.2559875
-98.0012754 196.8226136 447.8229903
136.3945945 -57.59198033 232.2338865
-80.87610129 321.4764755 -465.4205851
302.3369378 -154.2863436 410.6411358
-246.0687499 -255.1215985 -366.7340939
445.8570222 230.1457096 47.07809618
-336.3557168 11.80462751 -450.7143549
-160.4916445 -471.5546449 494.896909 R
251.9478362 -496.931646 301.259309 R
-418.5443117 -270.7454162 -422.8798002
426.2716191 381.5150762 252.1298299
287.6437771 161.2281937 60.12904318
260.6575682 466.980511 -385.2290162
18.35918055 -109.8383289 161.0559731
-297.4161822 -451.1277895 -269.9976817
-274.6341046 105.7280627 439.3998888
-447.2249688 83.39593651 228.8731121
-21.69805617 392.861707 -115.3002711
364.6041602 96.85174694 290.1248792
-434.373793 -100.9376069 -312.7471497
-261.9978214 -42.7953194 60.55299542
-439.0384837 112.4186452 158.8781472
-465.0996161 -164.038081 47.50664774
441.398496 124.726522 431.7364986
411.156052 -119.1236067 -299.9230346
220.0849718 -173.8206902 -288.1798988
518.0801784 342.4399266 116.7182123 R
365.3668085 -376.2777183 -163.513762
492.5641344 -199.2109572 64.61146303
-424.6932853 192.0539005 217.0499929
28.55314671 68.62286153 308.0145493
-233.052322 -131.2920356 8.717375107 R
-519.2718403 429.8700344 422.9203899 R
-154.4492735 487.2828021 -383.9068245 R
-152.7917217 -121.7052752 324.2864408
219.486929 -213.2303842 -112.5005277
407.8027983 382.5724504 -89.28565809
-83.39543003 266.25782 180.3563669
275.1586573 335.4127378 -321.0510492 R
-144.2385216 378.1322363 -422.823311 R
-358.5517906 184.6838964 -312.5066829
-466.1301604 -453.9695392 331.4809988
386.4094758 460.7546306 -7.113987597
-377.783042 -423.3602238 334.8109256
-104.1547511 3.327610933 -351.4904955 R
-416.6132258 -444.8699613 -179.0165297
-246.8093357 -342.6950987 -421.398392
526.7280529 114.2588629 424.1446907
113.3238418 328.2209743 -251.1693075 R
-0.6098678265 -168.7857964 203.4747011
-88.0501378 326.8508465 -191.5150992
-354.1191861 221.0771994 93.15807876
-154.0806885 -69.32369781 292.7409886
-394.19461 -279.0130006 268.0826789
508.0970692 543.8952046 -58.63278284 R
-189.1081219 -300.9097842 264.2610008
-334.5300442 -143.7192615 378.0883411 R
-509.8457819 507.801105 -384.7767314 R
276.1890435 83.74735119 -5.785925942
-305.526915 -332.3577344 250.3313265
-484.5760651 -225.1972805 -492.8003393
39.23452256 -1.343131257 115.4399129
-425.7962656 -526.5769511 -431.1879141 R
500.2665214 334.9363686 454.406151
-67.9649324 -467.404615 -189.4992689
408.6736073 -349.8586338 188.9056835
40.01950978 -91.46136383 -504.304825 R
-469.1828449 177.0960179 167.6395372
-147.3119926 -27.47018722 -16.17462874
-455.3689612 307.292978 -456.3441067 R
300.7694413 -196.5922633 -201.3947243
-100.4599056 -165.6906841 380.1799925
81.06720853 -409.1270922 -313.257876
416.0940175 162.8607324 -41.07387703
-93.14760486 160.1356317 103.0535431
-441.1818446 -518.2920661 -73.75919634 R
101.9296502 -211.9505375 -403.0729689
-391.2241913 374.3494573 -141.3397067
-132.0003514 -209.0115943 82.55244413
-158.1317106 319.1717628 35.45441357
377.5244183 -154.4654984 -257.3029439
95.04280192 -151.1794702 445.1128677
61.95599651 135.9117198 -201.5284883
-250.06596 -86.4562829 184.4676809
525.0499862 -394.670176 -226.5364408
-5.277902225 -252.3947393 -349.7827485
214.3038843 -437.5217499 -28.71129815 R
306.2003517 449.4591124 -381.4541867
352.6861757 292.7840104 234.5925516
-520.0919773 -150.5048638 288.2299613 R
312.9020149 327.7474407 -345.4350824 R
-513.9061113 454.3109105 372.4880228 R
-170.9014502 -139.242791 377.4747575
182.8716036 -167.3875382 284.6026489
-95.80306848 -31.84434586 -32.97521968
532.0399005 11.27957544 177.5745003 R
343.8314188 142.2006787 -437.9469797
-141.0533775 -280.6171953 75.36086255 R
-342.1659613 468.6374293 458.5967786 R
498.8220981 74.98595408 294.9768056 R
238.9339436 -485.6783226 -207.166591
454.7477095 -502.0995342 350.3051662
134.3481869 -305.3124365 -389.1825451
171.3877233 352.0962912 -154.2242313
260.229871 253.6082609 -518.3264027
396.8120712 -470.2928198 -342.9086887 R
-249.010137 516.9715465 -62.78059016
100.7051351 -479.1190215 -195.1909018
-186.3703805 -146.1152205 -259.7437473
287.8103666 -184.2040133 156.1567417
160.8736049 -208.7238233 -38.22406521
-441.4466331 -408.7505814 318.3164357
446.9119164 -35.14805764 1.575888382 R
-248.5909881 421.4453544 267.8607642 R
188.1785322 283.8378005 138.4198962
-175.6370862 154.0559805 224.508938
76.69750839 -316.6469909 264.8251034
137.1887778 -400.6697981 9.200449926
-24.70794661 104.1470848 316.5035655
302.906339 -8.735792372 -427.7723526
258.098551 384.067451 399.3233658
48.9191922 35.75144894 -68.84760972
349.8629917 69.05767131 -160.9004594
294.3375037 204.0980187 240.5069059
385.2035665 -88.47755369 327.7758235
-325.2801003 -37.86631036 -374.8079341
-238.2537138 -217.5694032 -538.4287261
219.8778558 -161.5211597 -200.6244007
-281.0313755 233.5476655 -19.03851057
397.9202149 416.2423201 244.5177213
302.8964387 -199.4530637 -367.9085936
506.5613916 178.8013684 -151.8999255
450.7049945 -487.0146836 348.543182
-236.5092681 493.0427324 -322.3833568 R
434.7322665 96.23371742 498.8829945
379.6696505 -261.3495845 -232.4021245
212.0283089 538.0773479 87.46071981 R
-173.9630794 515.3461036 318.1322618 R
-465.7350731 501.9011036 -269.6894211 R
-430.5689525 -299.8303875 474.776276
-298.4060347 -409.542523 467.139619
-223.9557428 4.625413588 266.8805822
-11.76447133 261.7687458 287.2683349
332.5479739 493.1445592 -525.6122532 R
-202.0872899 -171.0847666 148.4146233
93.6452801 463.0744218 340.4936004
315.4541399 -408.1552951 -315.5146714
151.0445551 -329.5476594 145.5223309 R
5.145696866 -463.7661702 -391.2929779
227.6464267 507.4833072 128.7986319
-28.19769363 -303.6307 -471.9658095
-429.6813557 9.89286239 -181.8629041
336.5533006 516.1665263 -522.3302786 R
-390.488972 76.70524362 425.2725154
-51.35819463 -314.4018599 -60.81147727 R
-264.2273833 -546.6769363 -213.4578844 R
304.477215 510.3158838 -34.6676648
-439.3576839 -151.9116873 -20.14517567
-182.8483766 -483.7162602 -108.6264205
-162.9060386 24.93334367 -172.6587622
-509.4237745 -162.6825489 -358.9270367 R
-124.0318697 -108.3513599 -73.82740932
-66.10240273 444.3874854 -74.99640261
-444.0938611 -82.42581003 409.3787709
290.8324159 -243.1589057 354.1106801 R
267.5345565 424.593991 -413.6150821
-115.6741724 192.1509154 433.6646735
386.226981 -27.97401703 -502.951901 R
-253.6364938 295.5313616 -153.3008423
214.0051948 93.3370661 329.2019509
-139.7006994 131.9271546 -236.8024874 R
-17.74907421 -396.1874673 -95.72435443
202.723246 -271.55849 83.18340144
-208.1010598 -386.5496406 406.6580337 R
238.1837627 -323.7880074 332.8180814
-186.7188335 -198.26373 149.6604523
334.1954912 -434.8462216 174.1458954
122.8830961 -284.0372798 262.1310392
190.3676748 -276.039977 318.2873561
-151.4142978 -395.2147193 297.4138144
315.5808595 229.9839191 -447.098584
198.3935045 -37.76335927 487.4133438
-528.1534249 -415.1608452 468.1535389 R
130.4087009 483.1541147 -267.4567749
142.9658931 -281.2528942 350.3256722
-487.8782916 -393.9863272 237.0335873
-357.5824473 -217.5677307 -314.7075248
400.1599025 527.2333769 -522.225808 R
-265.4929644 105.408944 416.097764
-227.9603124 -0.7617572007 347.6455023 R
-283.2961908 179.5639284 448.7852614
378.5152709 -414.2556392 233.3416516
-274.0660226 131.5993988 488.0236205
418.4140253 -443.3844828 -89.46069399
-273.545354 165.484367 325.4069742
323.7777772 -394.1851933 75.97737082
167.634354 524.9138648 12.71204395 R
312.8849258 -257.9898102 112.7270315
270.4380626 12.71169048 115.4310746
-507.159134 -404.0099484 -123.6402808 R
6.257138222 496.1276789 -51.56536225
479.6794136 78.47406238 207.0702675 R
-295.4000327 458.6405078 -49.40498301
379.2141622 -410.1747772 229.4392714
-222.5433005 -250.9778271 -303.6132386 R
-323.3504751 -75.88036643 -203.3588105
-157.4433972 -484.1070348 501.1271376 R
157.7823557 488.7853863 266.1281153
331.6490775 510.4597013 426.747411
-276.0308987 384.7179784 116.9043237
-350.2223163 -119.5656171 -335.8427748
-150.3665915 355.1110898 -512.5943599
-373.9989266 195.5164075 262.0354356
-40.57330579 299.5431725 163.4346759
208.1508831 -535.2111881 -418.8731923
-107.1186204 255.49539 523.2980909 R
-409.1241909 -290.6426743 276.1071101
-377.9042106 66.72014765 -465.9258357
-409.4644053 -356.9624475 392.3419818
-257.2464109 82.80971994 -194.5692452
-120.5623186 23.14811248 302.7975725
74.73671044 -4.251712502 -57.02860349
-125.8568678 416.6785483 73.32097175 R
394.0894777 346.9445005 325.4447
441.6334835 470.0360683 -282.7664159 R
-335.1271165 -212.7773811 62.58099908 R
441.210536 -470.5614452 -4.407240815
245.8489154 426.8619009 210.0386833
194.2788613 114.2760639 183.3500972
148.6234062 -76.46333248 -58.19264312
330.2942955 -496.4260468 -78.03550711
419.5272824 -273.2871928 -221.8598382
-353.6501988 -218.1846609 2.028989145
395.62527 -183.2509744 129.7806666 R
-49.89128412 -65.69440487 369.9694643
-333.2353652 370.3408943 48.63565838
-377.5521572 -514.4733296 -519.7011973
199.6537411 518.7704174 -156.3640492 R
-163.6069769 435.3033242 -249.4298462
365.4783201 95.05462119 -9.31765175 R
-145.531707 -465.8914698 387.9181175 R
218.0495012 108.0049044 -481.5372377
-65.42362529 -506.7737225 343.8898756 R
-99.49127042 160.5130516 -457.8202741
-391.2782931 269.0350413 501.2115217 R
305.7303939 -318.4996322 15.68937137
102.0986689 -49.03018252 491.9760165 R
349.919278 65.19621552 -531.6059538
497.4303125 207.1111887 -378.4771946 R
-370.7709248 77.9308712 357.3007023
-335.0454111 171.7623616 83.68267503
66.27790468 126.1888597 -138.0323791
104.9385298 -345.9862393 12.29693828
518.5957451 -295.8345606 -162.2673247
390.1933603 132.8836955 453.2098379
-330.4112803 -132.259654 -27.17972347 R
-462.8939072 -339.5098483 416.5868183
26.7018525 -137.1686754 -303.786249
-133.7927339 506.1014479 -98.93946737
-208.9901492 196.1163742 351.5940644
362.6981732 -69.49913997 -63.61775444
-116.4591204 -412.6204247 90.3259608
118.307938 272.5085478 350.0539681
409.6576713 -318.4882651 262.5769376
-415.7905313 483.3650848 287.7677175 R
272.7067209 -157.3768555 1.59615677
-531.9869731 511.4101756 142.5038612 R
-482.5285407 99.96467622 99.19295122
385.6988409 312.236944 -294.1747533
275.6748507 -26.74475197 479.3285927
148.9761247 371.0705633 516.5698541
278.5061379 -176.017951 235.9740071
241.958213 -228.000883 -491.0709439 R
-174.074641 69.45239073 345.6248134 R
254.5552906 -345.8254544 365.3123889
-280.5194065 -107.5231777 -101.0672786
235.5750892 -294.1427688 -93.28674645
496.0444116 363.5267785 279.0605787
-220.3009326 262.746712 -86.29837488
321.5786404 -334.6947653 517.0081971 R
374.3390456 -456.1313082 503.2260456
11.99798215 -10.98720005 -510.1988513 R
-468.2955981 -274.1160778 29.34288941
-1.809532057 172.4120133 427.1250133
-76.12812827 -463.8408581 -63.22727781
341.161766 44.75678 -260.0417221
-87.6623536 -265.8180676 -186.8374189
223.3679661 545.5242372 -258.1692163
327.7450115 -217.1386595 136.5213772
-207.6519588 -494.7897055 -115.7779392
-420.3352396 186.4667689 543.4206846 R
187.2331096 -352.0580712 -54.08256248
151.3124229 315.8644618 -235.5136189 R
-109.2815435 28.19200251 156.5957279
-451.9422873 176.837584 -504.2302056 R
-443.2371082 -216.8194732 276.6064205
423.9905732 -161.8397182 -397.21346
433.2490633 12.14125882 371.6627362
-338.056186 326.664492 502.8163823 R
118.1587037 390.0667988 361.980081
130.1280083 186.4580608 -325.8776038 R
-67.80079062 206.1417972 -206.1793102 R
44.40039047 -265.3986766 -57.22630099
115.1788332 -202.1506205 -51.84075862
146.7828011 140.1270833 -136.8175634
-502.4189699 -122.7549414 -241.8970775 R
361.5055683 71.83494027 -101.9032569
-277.3397551 -250.8255489 -220.3382074
-283.7818772 -359.5492208 -427.0475253
-240.7488601 16.63185767 -488.5205787
277.0459608 -507.8035539 -76.17056738 R
149.305241 12.0994609 409.3013015
-176.9669966 -517.494607 -284.6718582 R
-2.748326986 199.7874325 457.1494961
521.5219739 -101.0089089 9.802863365 R
163.4060588 -499.9433355 -485.3136308
305.3028851 -172.5040741 527.417062
241.9623182 -248.5290839 300.0500835
-523.373004 308.0300959 220.4063183
139.1196764 71.27434326 488.622319
104.0927652 -50.74973351 399.0949846
80.48141122 519.390695 132.8001386 R
-445.5083741 372.3569169 173.8655621
208.7486613 -480.740957 452.4853721 R
93.20493267 -402.6743566 87.9988499 R
338.6077206 -494.627011 266.0376497
-258.3314932 -246.4007632 -451.4171731 R
136.7952397 -509.825082 143.9069092
-400.5317409 441.8436966 549.5053369 R
384.6524742 -44.28062604 296.0485179
148.1345068 -81.05108849 267.6513517
99.02488474 451.5833117 55.74095814 R
488.7649924 335.4205885 -318.7756732
-484.5555186 113.5474465 228.8686439
238.7324281 -133.0713481 -361.8481566
-116.4811817 -117.7397635 -306.4642486
-395.0956221 287.4362601 -201.5900376
-508.3626472 -3.619452607 272.8595662 R
-185.7387497 431.1111292 -137.110516
302.4568972 236.6373616 191.3587785
486.1476336 465.6817273 -228.0717829 R
-214.4026189 38.96201037 -146.2882627
410.7461588 -201.1718876 452.0876768
461.830073 75.70033985 -208.178799 R
457.2517936 -144.4900034 -362.1911959
-508.7858399 113.4194569 455.6720878 R
477.8294005 18.66348691 443.0458613
304.5978711 324.535755 -20.5013819
-365.9706838 393.6494155 233.0852077
383.9473541 290.1431822 -135.8566261
-416.8323652 -316.0479542 -367.5640094 R
-207.8382631 543.5135625 -70.31818682
-219.0169307 245.5961085 170.7738207
125.1230156 -439.9267411 -392.7698771
-352.5361025 -482.3324308 122.6589359 R
456.0121142 -174.5480476 -484.0830045
289.3780546 -469.2550974 166.900369 R
-360.3327257 -270.5019813 98.48660103
369.8816505 275.6159504 -466.2896048
-199.4910972 66.01444575 -446.9668885
-368.0061252 -322.4878911 443.171111
-217.3503655 -170.6046986 -329.2382338
206.3916505 -360.9586311 12.09459911
131.682404 -496.3117991 -533.2656887
360.7596899 497.3264911 -331.9669038 R
299.9588253 383.0418831 433.9756927
448.6631752 -428.8194456 319.2097908
353.1288579 192.5958645 -83.5762058
-522.8083408 -170.4941926 -418.7332724 R
84.96761926 -392.3590639 450.1759672
-254.485248 398.0218647 -212.4173438
-427.7598617 48.36032004 -465.1956507
-313.7278382 -72.7093612 527.4907011
-301.5923876 -194.1211811 80.39423696 R
-183.2707042 170.5297322 230.171195
136.679768 -85.91981583 379.9039189
-470.3089465 -385.5644771 -269.795452
293.1878203 54.21653539 -215.9320816
188.0953533 -415.9425926 -193.2128656
355.2957606 24.51754553 -260.8934469
185.0158905 -377.9573583 -290.6753261
165.4230799 203.3009996 -181.9687568
-147.0226609 -12.8237116 449.9883959
-393.860202 381.1702606 38.04471086
-445.1237022 -75.4936108 -229.6145842
496.1600464 334.2820209 -61.06261442
-147.8760491 146.8854106 -446.6487626
-454.1806682 -356.3470598 165.8307079
-343.7004704 407.741117 69.1456292
369.9646009 377.9955053 396.5903875
118.9296495 228.0257099 225.8217981
-32.56479064 235.2563775 53.12970265 R
-264.2328033 -162.0802113 99.40599272
-147.9827566 264.5766591 136.5141607
92.42262356 232.0974465 -254.3053453 R
-433.0337743 -181.1219601 -472.6011828
48.89671203 -388.7877293 263.7882905
498.0943954 53.29479662 476.3965956
-73.75255524 -288.7226382 -43.94874092 R
-514.8044123 -510.6411056 71.67242841 R
395.0812152 513.9575457 -386.2218614
111.1857594 59.80001661 -280.5867298
-483.7360501 418.7391972 503.6310936 R
278.6349743 90.91445231 -234.6582545
323.5763049 -113.0070888 382.1496379
-372.369968 45.53554038 -124.2004995
394.3886178 35.04627664 494.4557512
-7.253315618 -326.5443466 405.7673421
257.9326119 231.9414834 12.8296122
32.78086234 174.608587 390.6486997
-416.5811606 336.8482049 -318.283483
329.3978483 -213.0252254 235.5293588
415.6306499 512.0263842 39.62124233
-304.9814136 20.99897326 -357.0248564
-327.2544095 38.94106814 -210.5490133
156.9561341 362.5119326 497.2303289
535.1455956 -528.7088239 -381.6432023 R
-487.9611812 87.55491324 -288.3575623
492.1770295 -80.10326255 48.07498846 R
29.2174703 -339.5049235 340.9067013
-84.57068684 281.6156801 158.187246
-501.7222463 252.5836206 -125.5045526
-122.6577392 -218.3338553 423.555577
-432.3741927 -258.3772176 -224.1079097
-439.5649183 429.6805437 285.5492536 R
-112.6109404 -108.3561608 263.2487713 R
-457.5919465 -370.1096828 360.931618
17.15468717 524.2936617 -101.69238
-295.1562286 -474.8419024 -119.1393054
-513.4077658 39.63433445 314.0703016 R
390.063164 498.3593444 -512.6352814 R
-415.3935048 42.93017971 -173.1306206
-524.4581018 -4.672407864 -224.7761886 R
132.1372994 -476.7991526 243.5125361
238.9125137 40.54453048 -403.8870842 R
-270.0543647 -423.7124041 107.1813964
352.0243364 -224.0826082 325.1358976
343.4186851 255.1953721 -29.52932239
-52.22712467 -506.441646 -162.8676471
-129.9828175 -478.7366574 -2.143373218
-104.4330804 110.1014664 176.0747338
237.9648519 426.2170361 -400.6494479
-338.7389295 -523.9360001 -95.49541043
190.5641944 -81.80396456 -40.2711208
-29.58359056 338.4815421 -268.535825 R
210.0076332 163.5581246 92.91387296
-413.5511737 73.78076487 208.1783595
-166.7495625 422.8963941 -244.779463
-249.9893718 -262.9571755 187.3084903
-244.060781 514.7827054 45.62884285
128.75708 -251.9809171 -237.8729027
-448.2822819 419.2022136 -229.155864
-285.7666721 -329.0402039 87.72882106
492.1885632 149.608665 -37.09793652 R
-204.223042 -174.0262861 -430.0901268
163.1098938 -418.2954162 95.06786361
355.3896301 -93.46651767 -477.6020977
281.8928587 -173.4603324 -439.2888053 R
-55.31870098 -135.1097389 17.56804315
-39.69581416 -252.7022288 -468.5561115
-104.2904366 313.1425628 -367.1158271
255.479071 -93.6844531 84.75457722
-75.53128074 129.778284 16.46075463
298.061747 -511.3300159 260.0338815 R
-29.87930639 -470.44608 320.9735618 R
-205.694941 413.8226979 -229.0246377
-76.82469492 269.0663581 -210.6143935
236.7160407 -224.0392058 289.4868488
-195.8887613 -445.8719312 78.36655397
-389.9228474 288.7440885 -106.2028385
415.4964565 -100.8057989 347.9941852
282.7127929 -454.9773243 -163.8333457 R
151.8779947 156.9825239 -258.6519378
222.3349915 78.47117089 155.2533277
-3.089771936 313.2058831 329.7947818
223.7703798 -129.0479458 -429.9412601
379.7046391 111.0481794 -183.3454384
525.8623542 195.8104881 319.0770774 R
-54.06880979 -215.0566538 352.9949451
-498.5727461 -122.6215765 -406.6302918
-185.3245629 195.1206258 -15.25546724
-292.6352152 400.0195397 146.1995545
357.9239234 334.4234306 -242.1291159
415.2664086 399.7431827 344.5122199
-85.84919562 118.1224743 -353.5375889 R
367.6998449 469.0067533 -354.4709257 R
-27.42836157 -345.3475741 344.8081711 R
364.0461619 -493.3834206 -139.2934963
-22.56984569 -132.4218864 39.42652604
-69.1595385 -362.7144344 -366.7820482
-164.1830948 -389.1715933 61.73640365 R
305.0641184 76.24358026 -215.4642599
-465.7500306 251.2822347 52.83950693 R
-460.0751416 171.2383753 -104.5516848
322.3579265 -399.3455872 441.6669649
-409.8112713 -168.9838308 443.24669
-107.5099874 -387.7974812 -146.664078
-322.0713605 -533.9547306 522.2407636 R
460.2583917 -213.3915857 480.1981308
61.04491998 274.0967994 58.95532456
-389.8367373 -116.0227828 -217.6958729
41.58989565 400.3938438 -361.1168384
-446.7704578 364.5748859 -187.7611867
182.5027076 89.9297114 -385.4683766 R
304.3937285 -133.598447 -396.9210337
-229.1880265 -302.3577867 -189.2533801
-436.7789146 -398.026058 -304.2709429
-339.0136255 -181.5736516 -328.3996146 R
384.7355332 -521.0254653 179.5934732 R
163.0692844 161.7950302 -508.7683404
98.2798003 452.7395336 413.55292
493.1385938 -384.3447267 -454.7325723
-502.4965443 80.79676933 -363.9801989
228.0894456 -353.6497166 292.4331558
90.39469695 -141.6074788 384.293889
-41.64504333 195.415326 335.0544244
-174.3507263 520.7379805 442.8928255
26.22558503 103.2323476 438.3722247
21.52738547 -177.3925549 -426.6354171 R
-212.2233389 262.1844801 173.4624902
471.9189269 -487.2152837 -439.42 R
-176.2394166 -185.8684204 53.26791286
17.91858984 281.8508216 -63.6715149
177.0350528 -252.9685405 -170.7403971
333.8542941 -8.811845106 -483.6383188
-304.4368062 122.9875686 -58.34943783
-71.51962936 123.3088609 339.95188
88.38629031 -502.6829141 312.3661824 R
-478.613514 -348.0130461 -143.4906625
488.9861914 214.7404847 496.2329199 R
66.2200588 -70.68851168 153.0822187
-419.7004646 405.7986136 56.17672571
-118.5212962 355.814915 36.69267296
-263.1626428 277.6209497 375.6399552
-338.2942313 374.2046919 75.79015022
-235.0774423 -255.4304409 -22.82334786
187.148272 57.79590136 -12.5632206
528.5633728 400.3980236 305.1793095 R
347.8052459 391.5826448 -182.2248161
-226.5319105 -270.598786 -416.6180199
-439.9023638 -150.7435645 166.6876097
-30.94832171 69.40563834 -407.5388386
-381.0400465 133.1074473 -261.6790762
351.8255302 398.4236013 -157.8632366
145.7029508 0.9168012819 -195.0589934
147.0550379 358.3465202 -94.58570697
457.2526861 221.712885 114.7668289 R
345.9272994 -402.9794688 -262.0742116
-331.2933513 312.8932642 473.1415898 R
440.8041048 2.990773742 317.7820537
-36.71653318 231.558381 190.0464409
107.4868824 261.2808261 240.2080921
297.7207685 -359.7425532 -98.17561174
453.4325614 179.7548563 -247.6099133 R
-491.1006885 120.8044665 331.8575452
341.825664 -489.8324448 272.7921319
-208.29626 411.0342568 -237.7909158
1.483587326 211.246846 454.6521077
443.3572688 -40.4323448 -390.1321748 R
76.48661014 69.40070004 160.1590937 R
483.1796839 344.7104804 -432.1037673
88.71688084 478.6396721 415.5436314
482.2857519 544.1047812 111.4615924
134.9561119 -432.1198062 458.0075894 R
-445.353122 -168.8572155 515.2518912 R
139.0040966 291.0257963 459.8633962
497.9319277 40.62965871 498.2485374 R
530.2561645 -250.9363827 -394.9486978
447.4564673 452.0619882 -419.4241676
-427.0001375 227.7308323 323.5376889 R
-100.6348553 319.375892 498.9523751 R
70.5601374 -88.21770023 439.6416547
63.42521036 320.7497298 472.6612251
-123.3956844 -507.1087543 140.8847454 R
275.1844114 -342.6977354 -342.9176163
-455.1595165 -22.33409317 -517.4645545 R
-389.0625003 10.71460584 30.58637801 R
-180.1969734 -221.7053646 517.3234944 R
-520.2993501 300.1674742 5.74769664
124.3896366 -391.4632716 340.3220675
-465.579186 -145.235697 491.6923769 R
-14.44161012 298.4706251 -408.0587744 R
67.47036837 371.6863393 6.082321223
472.9277641 287.507596 -154.5304789 R
-88.43747148 218.1618981 -430.7388251
407.6513853 314.6244283 262.4279954
-133.7789057 -489.3900077 -104.6996707
205.2461705 -70.65027351 -453.4883119 R
-354.3536288 265.6293704 301.8373667
-311.6428213 -510.0876845 -279.6153152
70.66232278 -385.3104552 422.2969054
-316.0363566 453.885448 -463.0754491
461.5307941 -13.71974333 -498.430212
-456.2375034 -177.135465 74.22296655
277.0343466 -218.2926298 528.6957478
165.0500912 262.2565102 -322.3331812 R
-295.9434388 -302.4193642 139.9875467
-475.0130337 -320.6134202 377.2795348
-108.1746154 136.4449647 -262.5183357 R
-203.4624644 470.7563897 -490.1080612
139.4100309 345.1535091 109.0718944
41.00336159 -59.64940644 454.4360351
60.72469093 -347.7788649 414.2471467
85.01355122 138.36901 416.5342226
328.2778915 -41.23740954 -444.2003066
491.9019659 187.8470469 -26.01927176
-180.3110945 -97.92645781 -170.5339066 R
-429.1077948 320.9928409 57.51598347
209.5142308 376.2575052 213.9261044
-323.9391907 273.6315415 -38.91179509
-414.5781981 3.750896097 -83.77522276
296.7463563 -46.32390025 -115.3785972
46.92356328 -494.5292695 103.8934865
-271.2065439 -425.0181253 349.308393
-378.5772033 526.4380814 -314.4169964 R
18.46877128 -445.2070056 496.8856735
470.314408 112.1296242 -222.6274506 R
461.6769889 31.68584078 217.1433345 R
441.9714319 -121.3697575 132.9604117
-246.7669566 332.0067328 -230.0920364 R
-452.9154104 0.5534128252 463.5777382
346.2328745 -9.574375672 82.24196881
-54.90167504 -388.1003565 478.4669922 R
-179.7647813 274.4484298 -433.8577474
407.7330318 404.474073 -334.8853471
481.1446782 -116.3598443 -277.0934396
225.3265386 102.0800953 473.7346434
172.3247904 -288.1244753 -435.6193063
535.1089521 463.0152214 436.5431374
-23.29628026 -477.7176664 424.405885
144.3407622 390.4617074 420.6917528
-322.3630474 -270.0774517 497.8767692
294.2284894 123.54271 -185.1724974
35.25033763 -307.800901 -283.169149
-113.307137 427.2733206 -309.3055646 R
264.7595425 295.8765231 377.6855957
-139.3873106 -40.58475928 430.2940695
35.58128511 416.4220366 53.33798817
-246.9552404 298.7533695 -470.6641917
-486.885634 242.0846599 -156.4772353
495.0319677 -501.2153538 -134.6588933 R
-516.1485115 59.58843165 275.9588975 R
111.2388548 -379.9623544 -359.9010546
-423.1078341 282.4580463 188.1570389 R
487.7085496 362.2586566 -155.3150465
224.4960474 542.5763435 -293.0434408
-132.9475443 -194.4637084 540.3245459 R
469.7381914 -153.7554166 -433.2523796
-1.167434603 -499.4559304 -135.566846 R
-262.0549112 13.54888978 -474.3490907
-248.2929311 -341.781168 -287.2422486
297.0305401 -128.1929895 -449.0266939
84.05058486 -470.4645661 -45.43916261 R
523.335724 -485.0248732 -321.4818861
-117.0501621 -440.9074196 273.6143803
-331.1524969 157.2532171 -453.6503081
497.2344979 527.8435334 -123.2783469
489.1537306 331.3175178 -499.3633842
-94.21689825 -437.2113394 287.9592879
-527.1348495 369.0939898 -471.3383113 R
46.65917901 429.2362373 -11.25804776
378.4037618 -243.7065236 67.42230935
-38.87901621 -15.79706629 166.9112725
309.1030126 340.6633046 -435.7891164
403.8241744 -399.906684 404.1361832
-148.4618361 -9.524218027 401.9641415
-484.7431189 -138.0356153 32.98733503
-398.1008012 -80.1363336 47.16953922
-97.56228301 221.9337815 292.2138643
-390.1756252 -6.848588041 427.9489378
211.1441665 -494.4485231 -400.5612417 R
-102.817827 -146.7850291 501.6965986 R
162.468214 -111.8629803 282.5866125
388.9835803 -441.4092413 360.242417
24.78870517 252.602392 108.1092502
-86.42143862 -204.9485458 -359.7832043
-81.46863352 197.132088 452.2218518
283.5264391 184.2234316 119.3159608
-421.4268142 497.5562209 134.2406703 R
-77.10845364 286.9960939 511.2382711 R
-124.193846 259.1181912 -372.8589603
-450.2303445 157.301872 -149.9359955
-145.1969909 -175.4266598 -147.7751079
195.3360298 -263.3741895 352.8316838
-235.6483111 -0.9982669923 -122.8863627
439.8456154 -161.4994679 149.1264415
290.7295077 -400.4774226 -246.2213953
318.2282232 -23.35900989 -520.6846505
-327.3575328 307.6907268 312.9668127
429.3824589 27.55470486 116.7269682
-173.8332576 203.0274565 438.5502337
514.2813322 224.3459596 -455.9048501 R
479.3261565 431.5773065 -130.3377599
239.4752184 439.832049 -477.2226359 R
-219.6230883 -64.09220857 490.515706
116.742426 -355.7896413 194.6718636 R
381.1338909 -5.345255174 375.7214197
-160.2775302 310.5367933 -107.728476
130.317062 -270.6302849 307.1948042
429.8296454 -202.4537281 17.37378236
-264.1206697 135.9889167 -357.1091085 R
532.1504094 -211.7318799 -44.55389336
423.3683979 -245.198059 -6.93274924
193.8356429 524.3737731 493.0539355 R
315.7049968 258.1933326 504.3962058 R
-327.062513 544.3919979 274.2308539 R
-47.98635124 266.1519326 -61.78004011 R
183.7860972 -433.8217691 422.7920619 R
-239.8965389 371.4464191 177.450876
-500.8774091 154.6696116 -418.2571776 R
484.6811061 474.1690277 -155.933768
68.57344077 212.6534852 -23.72115409
-492.3048609 26.49763439 -386.2425541
-243.8467502 409.5296396 -317.1720356
-128.9504254 379.2126752 -172.3699543
-381.1046522 -197.7133864 340.5190524
-245.6167645 -422.0880287 216.1689188
20.46973586 -54.10529079 168.5686787
-348.5527646 59.891244 394.8872236
-460.8483227 277.8463723 -282.4787932
229.8504106 -361.3684078 42.01399219
-57.63838358 189.8815323 -97.69372372
-226.7449115 -534.2805952 -356.2982997
-144.6841912 -331.381805 422.9377744 R
-489.6220674 191.1144512 -365.1897505 R
317.4005179 138.5964451 464.3362609
-410.6375784 -399.1681653 -422.2135618
-467.9704515 -156.4715331 124.1445053
-418.8285907 -43.66770019 275.0195616 R
188.7369501 -407.9655565 52.90971683
-372.0322113 -518.2681089 316.4691575
217.3515106 -260.3158583 -17.53918023
284.2469386 -320.5034627 -288.8485467
-18.18377149 -183.472856 239.2383366 R
-30.76006036 -410.0901401 -13.68418312
-70.84386734 -0.9128293935 -405.3701808 R
-67.03021524 -198.8899155 -507.7803614
533.9296676 474.2939103 -79.63419943
-61.79816434 458.160577 -274.9914334 R
296.0926189 33.03189761 -145.8145763
-319.7692751 408.3359532 -115.1740397 R
200.5952953 -240.6971877 180.8149253
-399.4976862 -307.9570911 -203.593144
-319.8819998 -86.51829031 37.15304822
-423.9042589 -25.2198428 392.373635
490.2738272 -351.3527602 190.0447573
-514.0777494 16.94881143 -221.4455917 R
-304.3736366 422.4977874 428.335422 R
354.9277341 140.1164353 324.7923086
211.8461506 285.473773 497.2454643 R
-143.2129407 59.88179505 -297.4493248 R
-186.8024479 -214.7051889 8.804372496
-431.6785847 112.2696868 -94.46415583
-450.5817367 72.96174867 221.1153204
-144.1898056 523.2330679 -0.006900654627 R
-207.8518908 -197.1695509 -62.76097151
404.9185304 29.4526043 -503.2809018
-44.00765578 175.6753264 209.0617804
511.8486493 -31.66850948 -13.69095503 R
344.0460564 -422.6440782 -364.5072627
112.0508989 -472.3894891 -448.9310065
388.8681668 -212.8290403 491.4708303
-98.2029549 -228.5515646 -13.77279145
-401.8957145 537.7227387 1.696144778 R
-241.2422293 421.5778387 140.0261557
-127.252934 -49.13938857 -400.6998824 R
-395.0815313 484.514617 -485.5126844 R
-277.3561952 -486.9238285 -304.514138
-94.3531657 355.24325 -339.585148
-509.4153673 -141.8142507 -184.3224398
409.5455981 -337.1058975 157.3352582
-10.32603723 291.550855 -293.3036709 R
-124.854858 254.9271002 -173.2163527
0.1284343372 210.3158652 108.255163
-408.830467 -463.6809768 -414.6317362 R
235.8230962 432.7193047 -474.2346216 R
-73.02493031 60.22888047 -156.6936827 R
234.2193059 274.6030072 223.6862625
324.2925625 -209.2214343 66.27007514
-7.639563557 -135.6790448 -357.9183332 R
-523.7763099 -137.6653274 -28.48035586
-383.6075082 350.7484715 -266.9455747
-348.8298503 -121.1044025 -241.5506379
-82.66147587 -242.6116639 -309.8809622 R
120.8453163 -420.3989654 -51.34233739
-519.3978404 129.4414784 -202.5507314 R
-172.5353621 -502.4551084 -181.2503161
505.1817149 84.49176866 -307.3821856
-190.8921869 307.1643443 -341.7778789
-248.8387207 418.276319 -198.4925686
11.96327728 7.4910162 159.4340662
-458.1062094 117.2818606 -148.7544723
312.3656588 536.8859052 -450.5687999 R
-525.3137475 -470.5679987 -30.50090347 R
-384.3839388 407.6228337 -206.9028301
310.0670428 307.5612013 460.5868986
-22.66485979 378.9368813 -492.3121308 R
363.8731434 -386.2517732 239.90409
-217.7383961 209.0401249 -71.58237742
282.8750047 110.7867936 -333.1493687
145.0523972 -135.9024974 55.2539996
-54.09629819 417.5501761 427.2544747 R
-445.2952387 -266.2724775 223.3361287
-379.6908733 166.1960143 -494.2595477
-35.87893069 -519.7368781 379.5096627 R
-370.4172937 -478.013644 -256.7883797
-333.8500793 -33.55588821 -188.7376606
-61.22295892 4.376388802 494.4342818
-443.4961872 -151.2305059 47.10538556
170.9531155 539.569993 -329.8380508
-1.194452494 -132.9914407 331.701521
210.3351778 -17.46858228 157.0898345
-332.7277741 197.0129745 -459.4177693
-320.0851592 54.59218439 -287.5332902
-31.03928648 121.1200997 520.056702 R
-40.31126197 37.45119477 400.8929776
388.6565852 -402.1323653 -332.7671938
278.4046187 -465.689037 -296.5694209
139.8281919 -140.0191104 -89.50057262
105.9770554 -336.4498456 -19.60130936
-157.0974039 -308.697114 513.2968892 R
119.4184686 -147.6180263 203.8256031
-51.93876856 -451.0655642 -139.0358451
-285.0641193 6.102891671 -316.9937083 R
-304.3443291 105.321218 -192.0377905
-338.8324644 -274.9990477 -212.2539585
-481.8757225 -246.2428344 -482.9712259
87.98018353 364.3217794 28.28425463
147.3554021 -518.1871643 359.3596211 R
430.1482939 360.8378644 -317.5683534
398.4466922 -309.8831443 87.7480993
-152.5455327 461.404362 450.6893728
350.1672147 471.9055977 351.1578696
-435.8771657 315.9625693 429.3312623 R
498.9249023 -132.5443522 150.1632085
-52.89331978 361.0086576 174.4990229
134.4043803 -190.4064679 519.713858
196.2145326 -11.50848446 -73.99530496
-201.4625778 240.2315111 254.9242488
-23.92156117 -525.6762501 -125.0908721 R
450.9342052 -149.0440743 -387.6869507
-354.743696 -426.1924997 -277.6678237
41.23941449 -27.18118632 3.266386084 R
25.72028005 -296.5372897 391.777951
168.0562053 -88.83919948 -77.23304112
-198.4363573 252.541076 358.1894685
-84.30708065 -423.7192291 -70.53012845
12.80814978 449.1789265 376.5302558
-355.3452619 289.3590745 -89.07885757
492.6214592 -409.319765 -396.2183289
9.52810362 -323.3569537 101.357643 R
370.5991919 407.4142434 300.3924693
482.2059999 130.2832036 -491.9794241
173.1569319 -326.912661 -336.0792165 R
281.1994551 492.8541507 -151.0914534
-400.8937131 476.1624766 -285.8091493 R
-405.9662272 -314.9788252 -287.6208161
-191.5210827 154.1200191 452.0183764
39.19981234 -453.5026936 -362.3762695
48.90443684 129.1783078 244.296321 R
207.1983176 185.7567858 -487.2276211
-244.7414097 -88.86514729 -447.5920708
501.3521248 226.375136 -452.8188323 R
366.5236057 -76.93853334 -297.3386848 R
-277.6711364 -398.8361487 -487.8168781
-146.8020587 327.9853215 257.2882133
158.4073593 243.3479607 -517.1733497
-101.400057 -349.4246034 443.7264668 R
508.3127965 437.0546082 -251.0829824 R
-233.5249054 292.9950913 446.1108017
-183.4150527 506.1007567 286.5279197 R
-32.72914374 115.0381214 -191.9026348
-431.8271657 -52.62639592 -423.3614822
93.3342224 266.8386004 60.88532853
-463.3560614 144.5745386 462.143038 R
-179.9581365 -220.8498436 119.2693791
366.4522713 12.42513103 309.580039
10.07885439 86.81335835 395.4580447
81.54028211 517.5574167 -43.0531344
418.4027614 -496.1621406 391.1915533
-259.8209551 -509.88385 1.712859734
134.775231 -360.3638032 -128.6009079
197.3948279 280.569564 192.2558261
-269.9250122 542.8054241 29.48242627
189.9512182 76.62892919 428.8973307
503.1593364 -541.3920453 151.6608358 R
318.4546601 18.7441757 -480.0488333 R
268.872702 -150.887451 233.0072802
436.1221559 385.5231877 83.01049466
-26.47533404 298.2617638 189.7030742
-352.1238178 188.5888958 -62.85875652
-162.9615964 268.3544649 -490.3319105
-95.11925209 478.4205011 95.90368699
368.2433765 -407.1458411 518.5887831
1.945613421 -113.6128094 -492.2475684 R
43.22949971 214.7708161 -151.3657688 R
45.32816174 522.4365781 73.39840656
-329.399832 279.5103367 334.4903782
-336.4766629 169.6891429 -57.92970792
-507.2118449 389.962854 -49.9419798
514.3234421 -120.3790885 287.7906585
519.8306649 -32.45929774 -462.5495065
-243.0961766 125.9341764 -408.2092983
-485.5385278 -365.6038912 -336.0056614
248.1632877 5.182850799 162.7044813
-343.7935291 34.30698892 310.1969878
339.1526606 -278.6737535 193.7057704
-225.3322833 392.7124083 480.2259421
436.6140332 -97.23476036 92.73565134 R
248.8257453 113.65001 192.7533039
359.5856074 150.7962554 31.8433712
125.4438538 -506.1521859 275.003102
508.6247352 -378.5689807 -26.7542662 R
151.5689288 -404.6318035 424.4816721 R
-114.579995 175.3271759 396.7587219
-277.806817 -498.319825 422.8332902
292.0969091 -307.5163616 186.7665892
-27.49706227 89.98194977 382.118287
271.7254124 441.1568011 -270.8028727
-196.1887159 295.1323773 -84.63245942
508.2806957 -446.6589273 30.91650182 R
426.4752978 398.7326799 -414.4961062
-164.3920811 285.0806221 240.9345718
-169.9006527 -421.3823578 6.217162132
323.6072863 -367.6303955 69.72256496
231.3689729 -298.9159097 -3.472113137
-317.5575942 494.6504303 64.63483009
-322.5426088 465.9343802 175.145428 R
221.2950099 391.230865 -498.1971784 R
-430.9285194 -295.9463108 -57.50087139
304.4352064 -346.5598115 138.8362335
-76.16066184 -343.5852744 -469.8593516
-191.7261863 87.47973682 444.6207878
475.0954302 105.5612288 -16.17731433 R
204.7743432 468.6218902 -231.8936606
-10.18599112 451.4737791 -527.3101045 R
-364.8450668 -165.5344571 446.2719495
518.9110459 -414.5889412 403.603428 R
86.71839152 30.48069954 315.2106844
-78.51918125 100.2378684 446.189748
-431.1188217 -291.5699394 265.7378297
-6.633125651 214.9667845 174.2748551
-430.918724 59.45607253 -73.47997365
188.7202407 305.1835061 -497.7174921 R
7.360080309 -271.9257516 148.7806243 R
-448.7412828 -522.6029138 528.3998124 R
116.0105145 -355.5314633 -330.1543089
-434.4520667 -500.3971217 -86.44740132 R
79.71723188 -416.6899737 -192.1092352
-404.8059256 356.4359482 63.00754085
304.1606011 -394.4126388 -319.3917067
-440.5222902 -202.446848 105.8345514
-219.105142 -418.5471992 -398.3079534
498.0552284 126.8856659 476.7439519
-148.2977943 -372.4628185 223.7065226
13.10372182 281.8553632 -10.08021605
-505.2846371 -490.4062037 -281.4870998
216.3228834 425.6348828 19.44165895
29.82639254 -416.7968409 -376.6346012
-186.1023663 -359.4164255 7.663426613
-178.5082888 -117.7542028 464.8349076 R
-337.0629668 176.990683 -389.1335332
-501.7827501 -210.1019541 382.8542389
-66.02974672 -457.5855482 -379.3670417
171.7193468 427.2162626 -113.6979389 R
123.2687031 165.9332081 106.5638986
-363.7750172 314.5141746 -28.94000175
162.0337586 529.9278247 428.5892358 R
-343.7794419 8.458008232 148.6442746 R
-496.2363367 462.9279818 253.8973655 R
264.125385 392.1053438 117.2573028
116.5890683 -194.1480667 471.0895099
3.947304047 -134.2644954 206.8720061
150.7380389 -237.3354964 -212.9333109
12.04158776 270.5781893 -365.9426457 R
369.1470807 -489.8824659 -520.2605257 R
330.4854832 -329.2135254 -138.8466372
260.4671928 93.69582267 488.8346251
-122.1895487 460.5691072 268.47715 R
414.6717399 232.939388 -305.7243435 R
-378.8801855 -242.683062 269.1340661
-34.88500728 -23.3037127 -119.4214513
407.6732639 78.07626185 125.4519981
174.4294447 247.6210137 168.252305
-493.5898404 312.129354 -23.21001464
359.2035126 149.5654222 -406.380604
-149.4052042 -263.5323717 525.1825371 R
198.0321394 508.6746161 441.0260836
389.4148433 113.3563005 254.9123901
-119.7473626 50.5547053 -50.92962257
449.3549497 -503.5542444 162.8805411 R
-374.2243393 365.9836952 -58.88025777 R
340.6096652 134.6861399 -189.665098
-441.0220995 -274.9404598 1.330509177
-407.5375403 196.4827413 -495.0656736
-179.1971252 -424.8970437 -484.186159
358.7714287 -321.7952957 -67.87218666
-176.4265842 -340.9192343 356.238037 R
-327.4944444 -140.3365709 231.6227966
312.262999 117.331644 -385.8834476
51.02211385 447.1871041 -357.2416815
258.2789669 -229.426531 28.40420848
-309.5019895 -387.3953204 246.0513289
3.579179434 126.0866257 -131.6782227
145.3951977 -406.8196353 -170.2011506
222.5165702 96.89907448 -477.8436028
-171.5400277 -103.7362096 -354.4365602 R
-463.9464586 -296.1367546 -131.1116766
308.6369053 -421.9453822 -113.2172531
269.1520007 15.87526937 -504.4641422 R
-307.46407 462.46646 343.987114 R
-10.31654344 354.8537731 6.664312702
-325.0597719 447.0980871 -532.485202 R
-114.5225677 -98.25318234 180.0360081 R
109.0298428 -319.3555324 379.32694
55.08225995 -233.6243506 73.57021786
224.764627 -178.8718038 -123.5464238
-234.2243994 405.9344974 10.79085645 R
-389.108178 250.3299128 93.24232788
-467.2259928 -48.71379967 233.4201129
-236.8276541 181.1382742 -239.2811177 R
362.6484971 483.2041284 110.977965
-98.9379172 174.6420338 -193.6359752
399.3003323 172.7255347 64.31351166
-410.8816201 217.954799 -61.49917295
133.4301575 -59.50317249 -304.5705879
306.5161703 -415.1525417 -112.0799592
-473.6854571 -387.8800048 210.0962116
515.3336574 221.8707738 406.151526
248.7066587 -11.41653133 99.336855
-212.6501176 -291.3382617 -26.20714815
-465.2802752 182.806755 -154.5400586
380.9602425 400.69682 232.5741323
-173.0090594 478.6023998 -169.9790026
-183.1752182 -532.4634075 -462.3442843 R
-511.3039544 71.34495627 196.4810465
-325.7772147 285.9038389 137.057104 R
441.5462569 -455.077312 449.2444049
38.4551103 73.96936361 -406.5322153 R
29.03484212 -27.10224438 1.522211173 R
-299.2039274 480.2985652 -61.01513007
-380.9522731 398.8461719 -125.2600182
-226.7113586 54.88790751 -414.2166248
401.6968873 -422.2368776 131.0581392
-43.95744667 -33.26271509 245.3598809 R
12.56984412 -227.1188972 -418.9702772
47.00245741 298.4438309 301.9725314
-504.5145816 -0.6082820045 456.559671
163.692152 -515.2146796 -348.897239
-510.7246221 -77.885765 445.0899608 R
128.1491894 442.4283413 -483.7417435 R
-2.362226625 84.61235529 -2.064380762
-293.545392 -402.8567075 -434.0763745
501.6678593 -509.0218609 -217.8867708 R
279.4303808 484.5337979 -304.9263881 R
108.366423 -146.9208248 439.9159021
73.28133372 260.8897051 -192.6213162 R
-241.8452793 174.3606079 35.77790206
493.0200932 511.3439568 -98.62194733 R
116.3505584 329.5471524 430.7274724
470.8864013 -474.2608041 266.1098999
415.6270422 361.3214207 -341.8617924
-492.001853 -268.6521579 7.970692597
-474.0492618 -105.6971536 -239.1551886
166.7080706 420.2775744 -421.3715896 R
-188.7861723 198.0302296 -19.12368912
-485.7015504 -44.2592599 -120.2788866
-230.7740922 -164.0904867 -185.0919789
-75.39059978 -395.0215478 -85.8921446
358.4893187 139.5053442 387.6981013
-476.8919537 394.4193229 135.6400516 R
-112.6674117 -69.7910087 -188.1387662 R
483.3728364 -389.3364191 157.8045967 R
222.564314 -78.88772285 163.3891346
-180.7675495 282.1871439 295.9265971
-107.8539326 437.6637877 -368.8788893 R
-71.75590921 464.7926376 -76.04340103
346.9022664 -354.8270842 -33.88005175
-69.86961062 128.7872342 -179.4545325
-175.5855151 -136.3182089 -435.8014225
-58.93731307 485.8008417 278.7125641 R
469.8637819 326.5487108 -103.7287371
471.1458598 -97.8104155 -433.4413359
-453.850263 -371.3070672 -53.66748267
-21.30943906 -469.7287743 -299.5789801
-427.7270629 -146.9868048 -351.1239965
252.3203889 169.9529639 -322.9572836 R
70.61536056 -114.2035662 166.8180006
-123.5289848 314.9916692 -48.38279378
-485.3039892 495.7830229 -388.0621106
432.4379565 -435.1562695 -142.0751709
31.65857165 -24.44508523 301.3957018 R
-344.211035 -94.43269695 419.302372
259.0864576 70.23715078 -148.1676222
-262.4520886 -9.970816727 514.1408554
-6.83082379 159.5364936 266.3645737
360.6471457 489.7046359 -140.4018501
-103.4808592 -348.9705163 420.7422989 R
8.346057869 -199.0078682 -196.8274701
-76.64329621 515.8499997 132.7642806
318.404959 38.97622505 -177.3876883
-304.616496 -337.8512769 -8.519430568
291.7756652 328.3762004 -34.7301491
520.3590299 125.0366243 484.712439
-322.0082632 -37.92786223 7.177167988
-157.419795 -240.7574747 186.8146711
396.1379932 -293.8406474 95.12340388
-289.3545381 -420.3343613 -145.5961042
-290.1197038 -435.4221247 -252.2213887
-247.1034159 2.326815074 -445.0612817
-397.6725229 375.4462809 458.0418385 R
4.696258021 -263.1052411 -515.6397944
211.4761337 -304.160105 -226.7948335
167.5659941 138.708887 498.1825054 R
-367.547571 140.7044661 24.39730809 R
-326.5960172 -251.5365457 -372.2837913
-435.918498 -110.4460965 4.971784591
-220.8493912 -438.386998 72.65579989
281.9374553 347.6392946 29.77512566
214.077956 -102.5427863 -213.24155
194.211117 521.178955 -18.26389745 R
288.9213806 112.0160499 -421.2241809
-48.05848702 388.8674666 38.94254977
64.52718806 301.9467403 -499.7535299
-207.7119245 421.4539181 533.8594432
488.1133042 179.0644625 -165.6827928 R
475.6133512 349.9108739 72.69361139
174.6897717 447.4248473 227.7135997
286.8390459 527.469715 215.6803149 R
-511.7386093 -449.7406386 -273.7046299 R
-163.2459119 -128.4651521 373.2946545
-154.2316968 277.2761839 -241.780786
185.6321516 -398.259825 258.322799
-484.1663224 183.6156023 -171.3168594
-250.7605743 -77.83407751 428.3172282
487.7732236 410.2024158 -510.815741
-236.5091408 331.2026335 16.09451801 R
-220.6346166 -307.20467 -175.629826
334.4595079 -263.1123648 232.3577839
-296.1082322 -439.9735107 -320.7453518
494.8372189 -255.5029458 -108.4022103
-231.9636873 -489.7198908 454.3282963 R
-423.3961347 3.611943386 -501.7059081
360.3072479 -301.6715687 -228.9565771
-350.7320243 -411.1702934 184.3025921 R
-171.6143276 328.3774986 255.2048711
-499.1756196 343.4196058 -452.0848181 R
303.4465977 381.6825283 466.0459458
125.7401645 191.6364654 481.6989644 R
-497.4280528 318.6613046 435.5496906 R
-463.9604512 107.0544168 -155.8912945
-374.6709307 2.357123763 151.5569224 R
101.4664441 -424.0508659 -320.7417394
-402.4800025 -501.4918944 320.735638
524.4506835 144.6032974 -196.2572908 R
-309.8434589 -82.36040353 -475.7546269
-51.55501941 -485.6384812 -56.08770345
283.5600146 -193.0368507 -43.0831277
-207.642803 -55.31280395 231.3506382
419.4302956 -454.345537 527.1873047
-418.8605153 365.8497987 -277.4991392
-273.8337526 -239.1837663 382.342763 R
400.9250703 292.9071598 -397.4523214 R
399.7789926 -509.7486164 392.8216682
-12.83975007 97.02625264 -17.4420813
213.8450198 -183.4590462 435.9902003
-264.5332407 -198.1034095 41.75654983 R
-436.3783444 -378.3725554 -520.7411313 R
-451.9297964 182.5463598 -47.17288214
135.4266589 2.420412701 199.2512801
-59.39670653 288.4394477 -385.5803906
269.6001618 393.3041399 -362.9333288
412.5418685 10.18662976 276.1600983
-445.4623649 -478.8083166 -409.8330491 R
402.8096489 140.7893005 -329.4258848 R
-68.18731372 116.1667034 227.8554998
294.5719787 -79.33006704 -463.1109764
263.1491218 -344.6218243 449.0446987
-298.987145 402.9123115 -168.351229 R
342.4226528 501.350589 418.1633695
385.2257856 456.8311052 70.61956819
259.2958518 162.3702323 -466.3335757
32.32518114 -270.2003156 -210.6522822
-275.1954033 248.2547434 417.2657165
541.2189228 125.1796855 187.6914881 R
96.58690402 210.0006212 459.8134988 R
-292.644176 216.3800673 -325.2092038
-497.5321133 -261.4981367 299.1841814 R
422.9746678 478.2909273 -468.684656
-410.3949882 -385.7681979 -462.4991801
-176.6585614 -15.5875401 85.10660665
-89.49650149 -177.3708658 -301.1791318
-206.7048886 -37.06099341 -76.66019291
303.276378 374.1246647 -185.5056302
-113.9452051 359.717868 517.8429718 R
187.5126571 -350.3264196 -86.2477666
296.1132782 -6.657824377 430.8336456
45.42539861 -278.5846718 -389.101133
38.93303389 194.9707162 182.9092241
-434.1580753 469.6720099 175.964632 R
8.50525962 -136.8348541 433.3475239
498.0952099 231.921606 449.8560367
-392.2167039 192.2848162 295.5769783
316.8469415 -491.4754993 320.7745653 R
271.9490025 -214.9799271 -230.6297905
-353.1010495 170.8614364 -170.3382994 R
400.348004 412.7114512 29.65804165
184.3280087 -391.1851608 -160.960031
250.6351158 -494.9509771 -505.0465179
391.3315685 389.963707 -495.7069635
195.3118023 -228.4837941 453.4532671
95.58111244 215.460144 -252.9210942 R
469.4752789 -142.9021548 -414.8356362
370.5315325 -113.7182299 -201.3862176
424.368087 -436.5066244 441.2113412
-99.06287215 -495.5099156 -184.5058069
505.160063 -235.4476665 284.5460546
-252.6847439 316.5376866 -97.17118302
111.1608457 -437.5507141 -193.4940478
-193.7964265 -481.6861913 430.4702897 R
-387.4135032 213.7407352 238.2984981
-525.5631596 -208.6145453 -171.9621358 R
151.3510547 381.1065434 269.0008858
107.5066259 347.888857 -189.9747488 R
280.3539002 70.91272369 216.4534843
-453.3350706 405.0595121 -51.21157885
192.3635348 -462.319871 165.0592756
409.0935259 -322.2636087 -93.98029197
-501.4188065 276.6091185 -466.1492796 R
248.9503899 -29.31732112 210.2933312
229.9444074 -424.2011762 -367.376669
-372.9593717 -460.9186033 -453.2051608
-386.3068996 -53.13316045 484.1459294
-414.6562694 -5.933746588 342.0326223 R
-303.2671055 -474.2586429 -286.125128
323.790307 -253.4185766 25.76195179
-48.33685247 -498.2228382 436.8656017
299.3517792 -99.859199 -11.98541364
-226.5370877 468.1004252 149.1363966 R
-377.1472896 47.11389234 378.7062085
322.0022109 -289.9670392 378.3778093
-173.7246141 188.1865843 508.6624751
168.6068859 433.2246513 248.9740146
475.6438462 -67.1800688 -424.6844362
-229.3940524 -162.5892958 331.2050217
-103.6360514 502.8436277 173.13181
-510.830741 460.9508636 465.1023708 R
-287.923663 334.3772746 -387.4872663
-178.8392631 262.6520456 233.7742122
-52.07178601 -159.8706015 402.3866139
-243.6616479 -427.6474961 -431.3565134
-60.72866529 191.3176002 390.773126
481.8251365 251.6185296 37.28539825
227.3202414 398.2826718 176.3879435
-22.72873349 -464.485537 108.4011224
-488.7181567 -175.4401885 -304.1706158
175.6281101 -281.0757448 256.774981
30.37091315 -242.2172032 -38.65539436
146.6916656 330.9428275 315.8747594
-413.2735914 -49.34902483 -238.289453
-401.2626767 -78.2773174 -7.476057928
281.9079478 -292.7233633 -14.85113615
25.2886478 317.7914784 187.7183616
96.67147731 -523.4597465 380.4050662 R
-167.8166515 -2.193795639 255.0859626
356.5247475 227.4308616 -347.8547909
-297.212038 337.770383 29.63694082
274.4258601 367.1454824 240.795664
-498.4674276 -219.2323752 -121.7869066
-2.490452175 -2.530917373 466.7785778
-153.2255904 -69.16776989 -26.59838212
45.39746593 -295.7704362 55.31320772 R
-108.1019501 196.09691 246.2045592
278.5280731 -117.9905062 197.951632
285.3572376 451.421653 437.1216088
383.018948 431.3646588 359.1861193
-132.9073668 324.5613642 -500.198563
375.7901417 147.9979309 -393.5870457
-349.9042032 -409.1273516 -244.6425758
-251.1616496 -149.6368576 -220.1124737
281.0580562 340.7259759 -403.5129274
323.2632212 -190.4524105 249.5536067
-118.4618008 -397.6371831 -411.2450049
-36.55812409 312.4485918 -283.2042746 R
340.3127234 -294.9438622 5.529384313
70.12805362 84.99490764 167.2140632 R
-264.6338359 490.8496785 -302.042129 R
-296.7427534 -80.28682384 447.0468822 R
-54.65842175 358.0135708 341.5854247
271.720156 -344.8349449 156.1506978
-282.2438303 -406.1214147 485.3309039
27.31008606 -311.6862463 280.3613522
-226.4116813 -0.5575848961 -484.3715737
58.74012494 525.7732009 299.9094682 R
-204.2467131 220.6381267 -131.2845284
-271.2169641 368.521541 -302.034059
130.6734357 43.61018509 -387.4209033 R
-142.7153831 500.0153682 378.2109541
-107.4541597 317.7718179 491.0429797 R
-297.1359341 -238.6615365 231.9208574
-199.5153474 -440.4976042 194.2347179 R
57.49171047 -217.0319184 -342.0609399
338.2140603 -473.827627 484.2866824
15.52543574 345.7291823 499.1526661 R
178.0946508 -431.7529435 -464.50828
407.8129909 -291.739295 -226.2286574
513.5000797 -81.74410346 50.85711545 R
409.477681 521.6040539 442.8144407
274.4425091 330.5091736 136.4435324
-453.1644375 -170.6025783 -147.7753124
96.86952976 317.0601665 461.3973313
94.79444133 -99.87410559 473.6058222
315.157767 -5.885836092 419.9177596
-380.5768037 -189.9539818 -467.6536542
344.734617 -248.3880875 65.0234535
159.3815287 -376.7591148 351.8045739
94.90235755 419.4405455 -473.1388879 R
-358.6088106 -408.6995277 -258.7688581
-236.1248774 361.5874559 275.7610812 R
134.5116345 -210.025457 -297.9145191
-186.9620545 223.3296342 73.21263824
-483.570618 -494.761103 -513.0995354 R
-117.2908086 117.8248698 374.601509
441.8409156 103.2399608 -288.9114445
241.9676254 -30.62340606 27.86871159 R
353.8241282 139.2903522 -28.19348832
-213.1916249 281.0939802 -197.5169146
-234.4548704 334.4971675 5.100496778 R
379.6639161 127.3752868 505.9263406 R
-284.7516496 -220.1915944 -315.9338903 R
355.4073867 -453.5392933 -53.48706894
74.36680318 -382.9632184 365.9828571
-441.7330827 370.1456405 -487.117228 R
-48.72446758 515.7843538 217.2013092 R
327.8308653 523.0598748 153.1708326
420.1466554 355.9258395 -144.8014829
-242.877795 -130.1954035 -143.8151456
-372.3419262 5.014121992 425.2529114
306.7788802 -151.6878354 302.9775133
-534.3762923 -478.9612257 -402.9765869 R
-281.1785407 150.7441638 -22.50533781
471.4889869 537.414725 407.7013203
187.4391498 274.0546848 -19.95218828
-184.9291002 517.7422722 -145.780955
498.3880912 -203.2879083 23.9955208 R
150.570992 -257.1545715 -40.10511638
-36.82907115 -43.99940789 -123.0058833
-124.4619682 365.272664 -399.157005 R
-394.2360231 194.8564846 -201.6905747
-301.0630057 -313.6428843 -18.87453838
257.7798958 249.6042984 -128.1670349
-247.9132255 341.2063167 234.1931567
182.4727446 -419.2967551 -186.0418682
-378.8488243 -192.2303302 -51.00950731
67.17005727 -485.001798 233.0362573
-335.4174773 -318.7570157 -69.11379082 R
-155.1135968 269.0820009 303.797879
-322.1486115 -27.50526234 -403.2792559
-469.8959061 408.7191558 135.6218623 R
517.4525569 -169.639788 -105.0663612
69.52016317 -280.4741427 -199.5225231
72.06201275 -300.3128839 -456.8131515
267.8331107 -314.0658793 475.2117103
-263.8278478 218.9950375 539.2299228
-117.5656048 347.8267125 99.58580053
-246.8529385 -199.7877094 -357.0408949
32.6205221 -285.5559594 -71.40257759
-245.9324926 -184.1900094 350.8317537
-126.5245338 -368.3226273 328.281622
91.98886401 -423.1684622 268.6254276
232.4705893 378.0216666 281.8613342 R
416.8071383 509.0857018 435.0868306
-368.4188145 -1.187472765 -424.8090683
358.4770219 339.7837223 -229.9733456
-264.4138795 -183.1288082 177.3730974
-38.13386845 438.3443102 74.25687025
420.0584179 382.7425229 271.8326334
152.0903595 257.3446214 -332.3362165 R
55.29960687 -280.4294076 -323.6608061
120.3881211 281.6689478 471.9592975
-507.6739798 60.40861113 -374.8486032
-507.4652398 -272.9830219 334.5397282
-394.4019459 -332.8596053 -463.9311291
152.009573 -457.1030522 -155.5319298
424.9316521 -437.4181121 -498.8533154
-98.66613363 415.2031467 214.0016684
508.8845303 98.61987206 -462.2150476
-203.8540096 452.6345946 178.7492327 R
-246.5185195 167.4977824 -460.8422264
21.96915771 171.8151018 -239.2188872 R
391.0849117 -27.30248578 460.5481909
283.7708102 40.14332071 397.8257323
-268.4095939 -236.2918784 -18.45843277
-97.1749854 486.6860168 -196.2955035
-304.0281046 365.9417163 -64.05796499 R
-107.29844 -376.2146147 -295.965777
343.9673625 473.6701536 158.5317378
-223.6765864 -537.0205175 -290.1740681
10.70126956 -51.68577868 427.5626588
226.1297529 -141.0779123 534.7764675 R
-182.3738272 -100.0439344 434.5210482
-270.3283753 -488.360983 -290.8187234
-284.0105485 -300.2285943 58.99726508
-61.28395671 366.8689991 -219.9366021
270.4916625 -124.5364627 510.847667
62.83418597 429.8520179 20.86945856
-454.7440143 81.21739129 41.49807935 R
274.0975837 -231.5594544 -401.6710183
-290.3293373 477.6391808 515.6754918 R
-350.0690381 88.13303196 417.7849431
-225.3108407 519.64752 -86.48085316
188.7126109 -42.38975477 -68.48455317
-528.3295049 407.0528034 196.757878 R
-135.9393727 246.2972528 321.5884434
39.66877291 -209.7965063 -376.5344678
5.55598856 5.466663896 -81.92509277
352.2192314 -495.5127496 106.6826456 R
485.5594763 504.7641793 -51.33323301 R
270.354107 222.1130323 -421.7141083
62.09833064 387.4137225 -276.7455576
352.9553426 506.3515503 162.5386566
27.92560313 303.9478194 338.8461832
-5.440194065 -61.52355887 -342.090285 R
103.9475322 -373.3085932 341.655497
38.20141511 456.0322938 -85.82240258
500.009207 -372.4911057 234.4996697
-334.9979147 -150.8147207 -509.951426 R
195.3357654 -397.8746907 64.65255854
300.5619696 27.2084143 394.3476705
151.547779 534.0520155 -265.499222 R
-137.8445555 -479.7120454 358.3957205 R
141.6794457 -446.1462435 36.37291459
-149.539323 -237.3552281 159.0234481
-126.8322859 -298.4028542 -104.2904192
-285.9933894 -324.1559523 458.6492627
-5.063646695 431.435573 -265.941032
221.2639055 -535.4226084 -29.75444925 R
-328.0732772 350.0036374 69.0231518
472.6085971 -223.2247427 250.4877968
409.7240058 12.22674085 502.4842761
-238.8706823 -299.8306265 -35.73990295
-525.4646911 353.7350512 -385.9312191 R
429.869605 490.8910729 -332.2163494 R
-327.514885 -525.0037462 -44.01915283 R
211.0094628 -8.200759663 478.3819202
-404.7684367 -419.1130497 -111.6435764
-67.37604811 -509.3444246 57.77827147
404.3572187 352.7723063 -456.4150851
394.0482211 -505.2932883 241.3343219
-49.54394775 -396.3741481 -28.26869521
317.5066363 -287.2256979 261.0223304
-155.0027413 -466.752015 252.1972103
454.0573947 243.0067617 -324.8811413 R
123.2535363 -306.8047752 -440.644692
166.3945993 113.7756336 200.2698074
-387.4180692 -475.8416164 -63.90327613
-14.34220046 -26.34913186 458.7289409
444.3895041 469.4601768 -12.59512099
-284.5714 -22.20551216 -422.149962
-65.25620219 189.2652835 -132.062349 R
-262.2595258 -499.4142758 283.9811382 R
416.1843414 281.9238291 -348.1786838
-152.1195817 -46.63601353 514.4133089 R
-49.84001877 168.9188066 334.7667499
266.5608678 -497.7510669 -151.4089085
-453.8575935 -220.4989021 -24.6876239
520.560664 433.4026073 323.4709135
-62.97869063 262.6472456 243.8746089
326.6939564 422.0267516 -52.59572376
484.0752073 351.2396774 -474.9358803
0.6777733461 252.891299 262.5123279
-430.6542649 497.8670635 363.964907 R
331.6991725 -463.7591039 -19.01700256
393.6887662 390.6294515 -41.84411688
144.3895725 280.8734854 -76.5171209
366.0890868 246.6801692 264.3123496 R
-332.5197354 431.1282534 -70.27441879 R
-315.116245 -214.2197815 533.0015398
156.5131745 -424.3211947 69.46673794
307.6988911 -376.3843092 -333.5165622
221.1965433 492.9852654 465.6382223
326.6074668 441.0606188 -138.8882281
386.2990055 -281.9094728 -213.9892698
247.2549308 195.7995197 500.1901931
-66.2075522 365.8701247 29.17946712
257.8065029 -182.7873746 -514.7392518 R
170.23787 -254.1457618 281.9152548
-256.7526988 206.3661086 372.0156191
-514.3714358 -419.3465527 -138.3434193 R
207.7840001 -283.4528521 336.0532746
-107.1384391 -161.0037296 -524.2785682 R
-362.465473 -384.4852321 -131.5490521
1.63259083 106.8906574 -249.6960857
-398.0085314 328.9624233 -456.7565641 R
191.7403073 140.7418552 -256.2044399
384.7269438 117.4105634 -62.33653002
-73.03635174 191.6013337 -168.7104989
122.7371331 199.5531124 -100.2801296
-515.3274347 451.5906928 184.8157964 R
449.78727 427.9351918 222.4254357
-72.43136061 -521.9545528 -497.8795681 R
-509.4836561 453.5572393 -245.2001662 R
-335.0065731 208.1224427 -20.85570483
6.473152456 -75.35402657 187.2129014
-93.43076271 -380.8342483 -306.1171671
99.85111192 -399.6546824 -386.3331127
-510.6722335 -214.9883341 -179.2206467
-209.5868609 258.4206907 33.51159254
-163.6277393 255.5815556 492.6903244
221.4421376 -315.9496183 155.7550051
506.7056037 -155.3264686 -48.13307937 R
-528.6426239 174.0920431 326.5365082 R
295.1600151 -180.2085322 254.0899537
448.3824284 -470.3468888 446.9159385
344.7391678 331.6383467 499.4512298
-150.2831535 -333.9507315 -325.8376576
391.7402327 70.03732883 -458.9496217
464.0971392 274.1511119 -62.39546105
459.0396318 545.5806815 -491.052965 R
176.600808 -113.7785059 -190.3398382
84.8611946 -199.609154 -101.9382836
444.4448759 540.8201065 -380.107606 R
336.6681725 -428.208933 133.6022808
218.4618882 -148.1209109 315.5035745
-318.1203103 -108.4885183 -97.15303376
317.307827 229.4975917 -107.4407071
-181.4941417 -90.39738881 -113.1846052 R
156.6508931 10.08432355 -316.6792113
233.426924 389.7945421 459.1014515
-269.8049335 496.9416345 473.0018036 R
264.1255345 -392.6056235 483.4787033
132.8043027 -456.3056425 438.3694704 R
-343.9129886 -291.7470985 497.084878
-339.27516 -57.00900637 -517.8633941
272.1268349 421.3935598 -194.6484486
-246.5315996 -186.6487672 -370.2660715
-432.1157016 -277.5116116 240.316526
238.8560258 -286.0968911 -519.1342748
-245.3240661 520.4211271 -63.22248366
-177.3268341 -208.7693973 -481.8246556
-348.5803348 -135.922444 528.3952298 R
291.5297019 -404.733642 491.7617099
525.8217166 -288.466303 -506.2159382 R
38.86511025 462.6754899 -343.9318376
-98.25787474 -224.2225383 -107.7950277
143.6674048 -344.6596643 -181.8484179
283.8878621 -448.489744 -3.802751181
73.03429319 -409.4551255 525.5228404
-14.79906476 348.0134707 40.61623294
-139.9739839 -475.4718275 413.1788986 R
513.785013 -462.3242584 531.0351432 R
-499.2153543 175.5753315 280.8588543 R
358.1366014 338.4120775 66.43662494
61.66201273 -369.6781677 439.662961
-529.8618419 459.9086148 -140.4875217 R
-208.5534963 -299.6022224 -122.5771585
6.42145831 36.37699065 -336.0038436 R
514.3000229 526.3757383 -82.18637043
28.34525468 -78.55384958 400.325565
504.8722712 9.465859829 77.15069566 R
135.290617 -153.6107856 -92.3786168
158.6051331 -489.3542959 193.6251879
-108.8553083 -351.0271443 280.5814114
-283.8596514 -265.3539107 244.7854738
265.3321406 528.9705419 -424.2808806 R
-32.74519479 226.197144 -514.2393295
-285.3369362 -254.1109278 365.4603747 R
313.9308925 201.4966271 474.544926
-314.4986613 299.1739147 -32.34935062
-205.3694513 -314.2087798 -47.04121893
-353.2331415 -80.84247974 275.8881749
6.795973251 -174.3514846 200.7908705
271.7702755 185.8479421 -196.8465821 R
-516.596067 -0.01698683018 -134.4293189 R
482.4051985 -391.291895 -444.5892148
257.1505106 -130.7428474 105.9779095
-25.62036037 310.1871998 352.7337107
185.4697347 -56.94802777 -335.0349675 R
-397.907818 536.4600587 370.2883495 R
495.7265711 447.268306 83.26095792 R
102.0613555 180.9277976 203.849815
521.3816507 353.1159411 54.55625976
142.9425626 40.39789393 -33.24027922
291.9117058 -139.0373566 228.6742537
-386.1211429 -322.9196938 474.5575424
-0.185175317 421.1333668 281.1085054
-373.2073412 245.8720936 -403.6570103 R
-250.6046652 81.31664581 -414.4647223
268.9218575 74.02354157 186.7209445
-113.0462865 339.6915106 -388.7583618 R
104.541544 146.4764207 -276.0018131
171.1435494 -155.236106 -44.17662191
226.6189537 8.86382196 -351.9496082 R
439.0248374 216.002054 85.34446381 R
-30.94116281 -413.4156145 -11.39116584
46.07822646 -61.2741446 -165.9323891
-348.7097484 168.8482674 -483.1047457
289.2504276 -422.7549045 -160.3164083 R
-208.6430805 376.9506988 -350.6214773
-322.2146063 -518.1300738 -224.518263
361.089072 -120.6721877 -204.4690001
-82.9243387 135.4475112 274.7940749
349.7269035 -204.4282406 241.5001152
352.3439719 -139.902724 -205.2370648
430.8414778 -358.2757637 497.0557968
-516.3447867 324.1632578 102.6318534
-404.4171181 -27.98582558 -200.5067531
473.2502618 -121.6825345 -463.2066068
-216.8276653 460.0318227 -268.1615481
404.1003915 100.0123941 -232.8598837
15.13930231 103.1418585 40.32169104
-496.7564147 -406.5388277 -494.3823965 R
-347.6614341 338.2412544 240.961057
238.7423508 -85.51731807 444.09758
525.4747929 -431.13607 266.3030938
-156.2586282 -28.43477605 -469.6969339
54.52725522 -233.4917011 297.1679307
-332.402281 453.2397495 -346.993362
-143.7517185 -470.1995971 279.9340167
-242.641982 239.6894408 20.96681364
-49.1475887 -131.3907314 0.2062028245
300.293733 470.7661642 -0.004843747008
404.880479 16.45987089 -202.0503569
-348.152734 -377.0310802 471.727252
-180.0334536 -536.4077036 439.0881874 R
396.9358051 -51.36196929 231.3098348
-59.66543925 -201.7974078 -181.1072743
-491.7399954 2.767807392 -403.4444161
-535.3319059 -248.8013219 276.8110264 R
-127.7317452 -219.2515747 513.2995345 R
255.946538 -248.734905 457.4701034
310.0335391 3.916443201 -105.9349015
213.3204082 156.0390795 -453.4500667
-15.37208305 175.4105395 -310.3598819 R
16.69717277 315.7467535 -170.9991392
514.0209008 323.8708382 156.1511736 R
-207.1823595 -202.9334085 145.6958343
294.0320755 248.546276 -325.2155353 R
-467.5727886 303.7561201 286.0964253
125.8923096 -153.9618591 462.5722585
-320.8976874 -490.0876881 181.9171397
485.1355247 297.2183552 124.0561866 R
-148.0235278 -55.864217 85.78622678
-140.2388887 383.5533542 -178.1776098
125.3580141 -71.12099122 -220.5064082 R
-4.483484522 1.579591111 -73.20817446
-191.3126255 380.8416196 309.1076834
-26.07019277 -420.5756875 -523.0444627
-342.7202635 -32.23203116 90.44995608
11.06097147 353.0856016 -370.5754198
251.2996934 461.076343 73.14625326
-421.8970068 215.9883073 -322.407246
200.6596452 287.5168131 231.6864761
277.4908296 292.24652 355.4991659
457.7744041 -146.8148253 -82.89217867
507.2164871 -176.3878722 -104.7188265
-66.25423502 -331.506192 152.7741938 R
128.840462 -370.0219988 -2.379623423
-93.50151449 -158.5101935 -339.4087226
310.6036975 259.9384752 33.09873428
-195.9992149 -42.17257508 20.01326302
443.975837 392.6784877 277.2865931
5.592603866 -42.57915676 -192.2998469
237.4147622 -342.9124676 100.6074769
11.43462479 196.8094448 371.9826674
312.4545348 -525.8849169 226.6302226 R
312.8237057 -304.1872729 387.0061118
-210.9537461 341.5436145 432.0865266
393.0240178 114.9485027 106.6781924
-187.4884066 -220.1922097 281.9430558
354.3451861 -44.70332801 -355.9988782 R
-430.1538908 19.67531934 275.1053555 R
-253.5610955 -270.8577491 -410.0379836
23.28587715 -236.0955799 -49.66745065
353.1863429 338.8966535 -309.8154004
-26.64514789 -458.5159512 -105.5133717 R
352.7735528 -313.6664813 -298.0649911
320.2063071 25.14067791 -302.6166954
-223.1929383 -197.3385971 -35.19241877
-314.3604818 173.94314 368.2951633
270.3541606 -188.423112 -317.0607818
-426.951763 30.50304657 410.7296695
477.4407073 343.9718498 221.438503 R
344.7854962 65.77611082 20.29368914 R
-432.9425347 -123.6601315 316.5152676 R
461.0731712 224.9122566 38.78933727
-541.4724395 -540.7823323 293.2434286 R
360.3257397 71.79726072 460.9929687
43.82347411 252.0270805 466.7164268
-451.6918068 17.68525027 -50.34628713
-489.9950674 -32.43949046 283.9673626 R
220.5193372 520.9835157 35.30147942
-483.6598566 -105.5709432 98.99556426
-115.5179536 -240.2637625 -11.46930436
137.4926289 -246.1136322 91.63816834
-79.1367128 -146.6558577 78.87718377 R
107.0084836 348.3334584 166.6938417
-232.4040202 -164.09431 -316.2567908
179.570457 67.59956455 -131.8669899
82.344863 528.0694245 113.1001216 R
-505.4900366 466.8754653 -410.6169179 R
-347.6296438 -176.8166098 -43.85833898
394.1241304 2.923061228 429.0247802
-105.3853272 -517.5652088 68.48895067 R
355.7173263 102.8341165 -460.2544534
460.1406092 -190.4651135 144.5088567
163.1839918 -408.2931459 -178.6897479
176.6828221 41.5876892 393.2112436
326.0435736 433.296535 -396.9719605
-72.71512529 10.68226242 381.9863069
-127.4259001 231.5150995 -499.7991624
-477.7865371 -216.0938803 504.5975472 R
-348.0450581 287.8469102 -130.3068882
-302.8589538 -115.3050621 168.7320346
192.3214971 -216.8332261 291.3201867
99.70513212 -4.289418824 172.9418311 R
455.3399208 -179.6985458 455.6097457
525.9715155 -470.3030539 125.6288984
497.6006729 -35.93060776 204.0352751 R
-300.0889039 281.5056608 -286.2795839
229.2070347 -30.82978723 388.8992898
116.2245404 -190.2379671 -190.4966541
-36.94808901 355.8869039 -9.612996704
-183.3814114 -410.0810147 -364.3552286 R
-149.4719909 21.5212715 -169.6228719
-348.9152167 -335.4824921 98.92645447
167.1707937 517.9414313 -464.3345514 R
167.2364613 468.8778571 -201.1466955
527.4679042 -269.3171198 239.4774925
-279.3589176 -444.6332569 -491.3713286
253.2965933 38.31335157 -114.8955131
-177.2284227 -22.26001107 490.6349274
-382.8682052 6.888187661 -83.97654724
-209.7829001 -214.5129329 -393.701761
-289.4795767 441.6050021 517.2992728 R
328.5910931 189.8826777 -501.7889586
-511.23743 250.2850592 283.4798545 R
505.9087874 194.8458106 112.5789417 R
112.7065048 268.9870769 331.2816858
-22.33835528 -60.72897448 -158.9232617
-522.9118307 -494.6714049 386.7774086 R
262.7449998 250.7026578 -380.2306841
-459.9177552 350.3649556 432.7460166 R
-297.7755239 169.1634583 226.1616318 R
-269.5133032 -155.3669738 -244.5463696
-391.2356982 263.4244138 -43.18813649
248.65612 -29.67461625 -42.63339778
455.3719259 336.1242759 -157.2597828
540.3220151 220.0697444 305.6029897 R
58.17130196 -299.4108496 -265.5375683
-361.1002734 -379.5314904 -340.6493613
-137.532177 -264.4344515 283.6825163
-291.3712473 196.2090831 -126.870376
-158.499057 169.908022 186.2601156
327.0602541 -457.4118095 277.2924593
202.5122068 533.9453443 164.566754
-190.1791052 458.2040178 278.275964 R
42.55008275 -84.58781572 -240.3866295
383.0093326 366.2904457 -157.0024719
-223.8495607 -454.286787 6.69247472
-153.5669555 -455.0531581 -406.4820759
20.63717633 478.6570396 -141.7761026
99.77690236 439.4494901 510.7428191
473.3657187 -21.49343363 17.10447085 R
-165.143076 -499.8653081 439.3400703 R
536.8290426 213.066383 -280.4107037 R
461.6678316 -235.7372971 30.35523887
500.2933263 -77.22686477 341.429742 R
445.4146291 308.200209 -114.5451562
242.1566636 228.9291969 -489.7765064
-176.9765845 348.6373734 228.625409
333.1587641 -382.1678848 -68.98674068
-358.6265961 198.118545 191.8723703 R
-323.8054526 246.0325161 -253.4959871
-496.4367248 39.70057329 -319.1119459
-71.38698227 49.94392986 419.4028144
-403.1912162 92.88992566 -174.8344217
407.648901 10.43355748 353.3533801
472.4843676 -325.0302136 162.2229213
530.0526188 -461.9714908 -382.4153004 R
-117.1208271 -49.20155373 138.8138862
-424.5166097 -76.138931 92.94081675
314.3536461 -498.6289169 -471.5910029 R
462.5062642 411.3029594 237.2253973
-125.5960878 314.8067996 402.9960623 R
-348.5184395 98.26642702 -342.6929996
66.41358158 -93.13180566 499.6358859
-376.880165 65.81347783 331.3490636
-250.3555511 208.897111 -391.120574 R
-302.2790836 41.9622022 -281.5505711
167.7715591 -361.6357608 310.4272071
100.5963541 -146.0917169 -34.43831799
-69.55779084 -75.73908604 -497.7591824 R
467.4151339 303.8525309 -449.1279453
454.6578495 424.0906183 264.7737708
258.9392068 13.08898179 142.5991874 R
315.4365099 208.5194602 -478.3698184
-217.1161769 -481.4314745 -326.8282378
-435.7402908 -307.2654567 47.26130763
-424.1148562 -295.3985153 161.3480211
278.1197308 129.6459297 229.8492029
-506.5895795 -323.6957909 47.37646585
-55.51820636 167.1882059 33.58213153
-506.9945861 -374.8512028 117.204494 R
496.8130305 -101.4239187 -487.2465578
78.99159061 350.9839927 -304.13106
308.3983128 332.6917946 334.2718929
-382.4925428 -478.63298 -265.9603874
-334.3876711 -509.6511546 130.1197676 R
232.2502705 -340.5143066 397.3630031 R
422.726519 -46.48665167 53.62547547 R
-549.5235241 -402.6147552 -171.4547208
239.1183906 198.0023216 49.48011559
69.58574659 394.6809414 -347.6276651
-530.8110752 218.0819787 128.5698135 R
121.0175091 98.7649227 428.1532938
-136.0004043 -483.5716285 426.8452815 R
226.2343063 -107.3110699 -168.3515048
340.9331815 181.6446191 -121.7853851
-251.0431164 103.6095527 -68.20935248
-268.7327544 -344.7805763 114.3952869
-64.87069073 -296.6445396 91.89335623 R
-25.04886572 37.18656442 483.9362155
168.5299476 -346.1666212 58.45289091
-101.2294083 -325.6474049 469.4340329 R
458.0930713 -346.3222612 180.3790027
-523.0204882 -336.7792265 397.1740588
306.2438983 -31.63836992 -282.3126366
21.65061537 19.04709631 -78.10888541
-80.39903761 396.2776579 522.1881629 R
443.3704219 374.827291 -98.30223119
-84.27777808 -455.8431878 -276.7988677
-222.5756268 421.2853649 469.4731202 R
485.973126 -379.7582233 -202.0870259
-53.63955882 -11.90403817 337.2645271
-357.3733028 31.82557345 -361.1157354
411.0903754 258.8973587 164.4046868 R
185.4370311 -13.85134407 -20.26334718
-418.1975976 -20.67725463 485.0324514
-59.98747392 -124.5702466 -166.6920412
-525.4676371 119.9231331 -238.8235177
382.9545268 414.8711217 -423.4210103
43.12973372 278.688871 -527.1770385
-463.9370044 -245.7437567 227.3871575
-382.0534822 -34.78692556 168.6191258 R
-462.3058634 73.72357004 -2.570096415 R
-460.6282639 -40.67370789 -195.6351277 R
340.8587151 -270.2135956 -31.27687647
-210.6587069 262.6377512 235.3392247
-195.8374525 329.0556267 383.8954324
402.0497776 -523.1611807 352.0786862
481.8283051 -67.84418898 -524.7488058 R
-35.65102184 -250.0269965 -435.6002873
393.5185876 298.8299056 -215.4587692
-394.2016862 182.4735073 -93.9946397
401.7691439 -164.9348902 -37.44440328 R
455.2840169 -195.56016 47.77002603
-473.6525553 384.2345718 -297.6231694
-501.8655433 420.1117669 117.9034186 R
-143.1045726 -71.12240946 -85.6003442
432.958554 -6.657341639 -189.3025103
-412.0793498 -261.2895872 -415.3808224 R
258.8888873 -243.5622984 459.6900856
307.9529544 89.36467106 -416.1664214
-361.4118297 159.7832999 132.1668676
-513.3835632 205.4008643 -207.0398832
15.02650039 -99.80718057 349.9719937
-526.2603499 -67.63016853 -199.6562453
-152.1259361 261.1482213 155.0108267
375.5952867 -281.4986301 -239.1268617
-192.0345809 -96.74126549 -276.5381014 R
-403.8143476 451.1645984 -288.8786753 R
-102.3186623 493.0066176 -177.8988835
-163.0934179 -335.3819243 -118.4420344 R
450.0738369 357.2245519 32.5333042
396.6210127 189.7935034 -72.40722245
194.84822 -109.8104902 80.69293466 R
180.0425741 91.16754532 329.213784
123.3629992 448.2103075 506.1722617 R
39.4039844 -290.3776766 213.2257547 R
354.8926867 -55.2463191 116.1016462 R
-222.895721 528.8213427 394.8996718 R
393.4780629 501.8703691 100.9522643
41.94036657 509.9155368 -125.1017044
-79.36028752 -479.7495124 -72.06143498
-1.711979316 -315.2442706 256.7672731
527.6134693 354.7081396 -205.1119839
-450.5148617 496.5404735 -273.1209266 R
228.0468843 -312.8127167 -299.1632496
0.5121973762 13.53386329 151.8283537
-394.3540731 -67.28672787 89.99353022
37.94657981 -506.6797491 -512.4972238 R
-307.9051234 355.6524855 224.7534728
-211.0153122 -54.59275044 -521.8812594 R
112.5956664 -350.4591469 -404.7572134
490.2286446 528.1737563 385.6773758 R
272.5501988 194.7037981 -273.3732251 R
-227.8383958 390.0475347 -87.45296061
251.3388341 58.97258687 138.3291117
-351.278926 -119.5243463 -321.9547317
-118.0245936 -260.1873683 -402.9647008
-434.5550311 301.8786498 -241.752
335.9910699 -414.9060121 -267.635256
-252.0968677 328.0539423 -478.6562011
403.1066003 337.2276501 -347.3827818
402.3845431 -95.21914338 -123.281697
289.8100958 286.4255431 -485.6187828
-236.7459106 187.1320113 -498.6225091
-307.2162065 322.407854 276.0289723
-101.1353585 322.2064142 -502.6819639
235.0193294 116.2091347 386.3703493
268.2062844 388.6197282 446.9336907
386.0575264 -500.0540842 308.3878176
-289.0912076 407.3409617 235.4586441
507.1409085 341.779267 359.9323129
143.3821988 -58.58109689 313.7980138
-125.0947208 27.31289796 248.5387343
49.52631888 379.4156314 413.9608263
-12.36473159 245.4000099 185.9710044
448.5560764 467.8546208 324.5774899
413.9145708 -94.15872573 211.9419071
395.0792366 -276.3511336 -296.4559588
-462.1073692 410.2889514 255.6012239 R
231.2175146 434.0380293 -39.9769801
67.95777789 -268.9261574 -293.376879
-289.0933696 216.6284593 -5.895776633
-269.9857554 156.7160738 176.2758306 R
-186.4818891 305.8147974 -98.14996731
-397.4091213 71.38008715 -200.1422075
473.8517984 15.55417134 -319.1910932
411.7641838 0.9249730821 262.8662036
-292.4410592 -431.9276311 -310.0251773
387.8633564 82.76750052 -255.2617166
137.925902 -401.0843486 102.7959109
-442.1853962 -186.1126796 -34.89222581
67.98055774 -415.4675074 -366.9346708
-451.7873522 -401.3765769 -98.41103954
-34.00873035 395.0019862 343.9250965
-436.4701796 56.35149564 3.368692148 R
437.1622267 83.15975158 -168.7106215
292.1345319 117.7323214 -384.7721972
-261.5618164 364.9098661 479.9047453 R
-264.724851 -97.55338842 397.1155385
303.8435577 -367.4480717 -439.7138776
-374.3176883 -147.9917922 -418.1856641 R
122.6801761 -163.2717367 418.0427526
444.9625582 -116.1298749 -282.9385772
404.6976054 -262.5293749 -485.2728876
324.805768 322.0198936 232.2230785
-403.859284 452.2057665 472.8329739 R
-391.6467411 -412.1758809 -397.299978
47.83685504 537.7355921 -2.666716316 R
-399.5930242 -199.4662632 71.44044869
270.9715775 -122.4593049 -408.2842875
402.1487525 233.8194577 491.4103845
-214.0258473 -308.0233624 -398.2115744
-247.0585991 373.8581498 -135.1988462
-436.441857 449.213423 -53.86730471
245.0073401 460.8574575 278.2498907 R
