 -0.726047509986246 -0.0267219194866151 -0.687125135809863
 0.0387675987590588 -0.421257813991581 -0.906111983938791
 -0.945540194409837 0.0350766375569074 -0.323609904442228
 0.507635435469642 0.0747013214357623 -0.858327430082074
 -0.271747053837031 -0.913179452472279 0.303738088348041
 -0.939352331953429 0.171695564245976 0.296880160455208
 -0.867020884059793 0.216790420414697 0.448638719038598
 -0.292136933637659 0.58433782591777 -0.757103240784558
 -0.549358556474714 0.461214547296584 -0.696768482201961
 -0.978365413224423 -0.205600462501404 -0.0230123450654954
 0.298141085671752 0.00899433937081404 -0.954479436600785
 0.416780072957457 0.3727278302085 -0.82907679703007
 -0.647232206626153 0.0474155539315182 -0.76081682154853
 0.615447138685165 -0.116660970797427 -0.779496656424416
 0.190360258052782 -0.944665792470444 -0.267150730282115
 -0.214043487665338 0.227815819090199 -0.949887013260167
 -0.38562811119092 0.381431112327024 -0.840119792891641
 -0.63724532800809 0.0653615009204251 -0.767884279126283
 0.282666554033854 -0.874728299151338 -0.393636916325735
 0.169314255123809 0.174564318940458 -0.969979371721236
 -0.283979969955199 -0.847834182548185 -0.44780863721806
 -0.986569498360086 -0.132439085358265 -0.0956060331516539
 -0.350857677505346 -0.263761895152288 -0.898514636943232
 -0.366003564220738 0.253440971173334 -0.895437918064917
 0.200391523027904 -0.905619890294587 -0.373759082567071
 -0.65788741806174 -0.686503716957478 0.309672071326466
 -0.782979374146478 0.315734409243113 0.535961829313517
 -0.999794391839883 0.0164173194839461 0.0119014984972663
 -0.762969901106541 0.502670448643018 -0.406447229128828
 0.19197205255706 -0.979047840339994 -0.0679121297164408
 0.446521691194632 -0.799387587748007 -0.401992367896591
 -0.15224698439198 -0.207259261881599 -0.966366625100351
 -0.861553523869108 0.173687017531601 -0.47703075943769
 0.0105214384203013 -0.999372928002238 0.0338090240882621
 -0.127952104117894 -0.111132368451705 -0.985534299623366
 0.603537366043551 -0.797197886856614 -0.0147708151624069
 -0.408543720025706 -0.255274155911172 -0.876314517825305
 0.106023334087438 0.353750708164055 -0.929311298275456
 -0.0418890330238092 -0.760873187982092 -0.647547141698809
 -0.718336209857 -0.62722663053157 0.300964854360594
 -0.88617501694312 0.287786689503063 0.363142755250229
 -0.185565366839687 0.550477372041733 -0.813965697987132
 -0.000884472847164817 -0.0406506255083 -0.999173030237289
 0.361062866138531 -0.827204495172355 -0.430541902562898
 -0.926479079209013 -0.203357583601942 -0.31667366322383
 -0.195048094355675 -0.451293370228272 -0.870798791269388
 -0.921944929840647 0.0396224630261131 -0.385288991232384
 -0.222284827478101 0.0718076299919282 -0.972333852001448
 0.539006519393046 0.242431606020256 -0.8066590906041
 -0.968467973701123 0.238758997228406 -0.071161261636699
 0.0921530654897987 0.862629268389568 -0.497371649612754
 0.123057132195766 -0.393829473692764 -0.910909044782537
 -0.759005430866462 -0.127201341241161 -0.638537841244875
 0.240525325241307 -0.470106832946796 -0.849203823315873
 0.461457353968029 -0.886339302333099 0.0382066958595157
 0.827277418102145 -0.539636306348305 -0.156220134326554
 -0.17737270628307 -0.530174961827257 -0.82912811610588
 0.421976719942309 -0.661087342767448 -0.620402428315206
 -0.841311258925353 -0.532297960560248 0.0940970073320012
 -0.925026087533506 0.366767512121873 -0.0990370104273456
 -0.251178456732771 0.891955603916878 -0.375931620796416
 -0.555678202007878 0.667193575152904 -0.496058937111286
 -0.142289369293338 0.353809810599887 -0.924430826676272
 0.0971418716276925 -0.767098795559051 -0.634131606709934
 -0.0626893267284415 -0.615333523618614 -0.785770133706694
 0.442783731701799 -0.767890587402882 -0.462911020303347
 0.142151350524046 -0.288652604073847 -0.946822405578563
 -0.0314115797621756 -0.611678122380041 -0.790482882331093
 -0.146302167540379 -0.974307667626425 0.171231552516884
 -0.286779615199614 0.566351881327146 -0.77265969147042
 -0.948483457784961 0.276840498927425 -0.154072932281753
 -0.334597769786446 -0.148575910184114 -0.930574839207948
 0.13382451897606 -0.367025533191742 -0.920534223212882
 -0.765818242715773 0.0799416918232132 -0.638068761993696
 -0.239339057633533 -0.962366490557898 0.128715008225027
 -0.900875138709554 -0.358189679678977 0.245202238624598
 -0.2816205308516 -0.741933856407583 0.608460376128993
 -0.171859999599703 0.674137783892025 -0.718333062629543
 0.124393399819421 0.048988304342795 -0.991022920077524
 -0.546081600963713 -0.268927832717785 -0.793393159712525
 -0.911110946861309 -0.250040843552253 0.327652894180972
 0.116084448305579 -0.35904334360423 -0.926073581458344
 -0.618948821561268 0.640250407259769 -0.454952494543789
 -0.339039740899462 -0.86328926786752 -0.373876575992113
 -0.35825881738375 -0.928780469457745 -0.0949603039203619
 -0.518826644656422 -0.0729553479135839 -0.851760782147996
 -0.71409902115257 -0.69994873446906 -0.0115912511879682
 -0.0206322988958234 0.432434210796259 -0.90142939910749
 -0.503711312296601 0.186180613241679 -0.843570799113736
 -0.971008541109543 0.155773206802021 -0.181320492870861
 -0.292966042179626 -0.293846906327998 -0.90984883017514
 -0.197857388329787 -0.973099780103005 0.118022336219881
 -0.0705745967878408 -0.155574958942031 -0.985299780999884
 0.702858636688452 -0.617268172772083 -0.353510593497655
 0.318454681002166 -0.481046789747519 -0.816811240263878
 -0.447758523634234 -0.0613464000735911 -0.892047601706827
 -0.298870023452589 0.150878509797693 -0.942291029545902
 -0.998524795883879 -0.0541339788613549 0.00421240284126026
 -0.94915717764447 -0.203120573577656 -0.240505061725254
 -0.203895786183264 0.246900072840358 -0.947347276561312
 -0.242797845212859 0.324715098527856 -0.914116683551962
 -0.329375812389386 -0.128715416511608 -0.935384367928541
 -0.761439963484299 -0.645386597878713 -0.0607068471226247
 0.209610833867763 0.971723885514618 -0.108701373706292
 -0.195837948579807 0.0499820553768566 -0.979361675805398
 0.424532786602634 -0.476448350379882 -0.769914854071339
 -0.180518315756678 -0.593328691676195 -0.784457902828563
 -0.859743022063355 0.366711273159056 0.355478238646804
 -0.920241217004192 -0.325606963163173 0.217108747097624
 -0.787425932518341 -0.155371546802463 -0.596506565967074
 -0.0510965241917826 0.861818679766282 -0.504636213941708
 0.163498237796544 -0.867446462866684 -0.469898883056241
 -0.836242706102833 0.463290325439909 -0.293360206646359
 0.193970123941061 -0.116436466133332 -0.974072964604126
 -0.881351461431103 -0.157869826912955 0.445305197795548
 -0.177404073792297 0.111092240986388 -0.977847794186048
 0.234007583820842 -0.966614924608337 -0.104384089969456
 0.230916528429984 0.483370490551523 -0.844411348669489
 0.0967536665826385 -0.982625124213735 0.158387478251149
 0.122569345523921 -0.867847297892872 0.481474633888307
 -0.492888695716709 0.376841856708202 0.784251840079063
 -0.178807356679239 -0.978643625571032 0.101412934710364
 0.486389565625785 -0.149365225925809 -0.860880490971013
 -0.941782623871022 -0.111905559416072 0.317053047842768
 -0.275325293955649 0.236919338052077 -0.931700171603076
 -0.172371488995397 -0.957003404178832 -0.233307852786049
 0.121080623700314 -0.983576699440709 -0.133852003652038
 -0.640039347870652 -0.766587249405915 0.0519001177800546
 -0.266304278699574 -0.807928201732322 -0.5256748538706
 -0.931913728624678 0.0493024818581514 0.359313328007014
 0.29561678949623 0.461240175404011 -0.836581265844041
 -0.386582753575345 0.00336100131646699 -0.922248598973322
 -0.0557883364621792 -0.120073484018773 -0.991196257030048
 0.437657181827751 -0.886447331012751 -0.150556702059261
 0.821962893363639 -0.53923466926419 0.183311138223553
 -0.211404547183635 0.66105453305559 -0.71994098491247
 -0.901437612883287 -0.0951278547096956 0.422327978397847
 -0.956196612010723 -0.226098057868588 0.18592392908732
 -0.102559850294743 -0.955285324510923 0.277329093103448
 -0.934439334440083 0.0891835674150104 0.344774450263222
 0.346101639201248 -0.179771703104252 -0.920812570562113
 0.287813919763213 0.123616854010533 -0.949674692194687
 -0.0315957685055898 -0.998215757183857 0.0506656641365783
 -0.76617864375148 -0.5622361964151 0.311224589805856
 -0.937073723393078 0.318352594171195 -0.14333339705283
 -0.742659163890176 0.640825068443466 -0.194423758693148
 -0.288527488173339 0.181870908257018 -0.940039818996063
 -0.317347795766212 0.170471414120659 -0.932861122295291
 0.164818279222336 -0.983261667027148 -0.0776622751996231
 0.0722829952075166 0.0842550918878395 -0.993819021801657
 -0.921739988134084 -0.00572923423146638 0.387766128161936
 -0.965514541391584 -0.211190604701071 -0.152250447774038
 -0.308175743108407 -0.950805319782771 -0.0315745978971072
 -0.652326224191058 -0.0950963746210681 0.751948918987564
 0.327940422104727 -0.913104308239568 0.24227175201437
 -0.970837879748526 0.0567900703156324 0.232913501452645
 0.558418838059393 0.667837114782297 -0.49209957266762
 0.499740373840595 -0.235413070240324 -0.833570779906354
 -0.506048018237516 -0.338283733034887 -0.793397453488392
 0.611739501346258 -0.214196117046051 -0.761508244167472
 -0.688986602095241 0.130588722985235 -0.712912370184681
 0.482036413199723 -0.857474805436445 0.179938473905046
 0.0278182792036544 0.77334771076009 -0.633371503625066
 0.21990110517154 0.300085530480444 -0.928219897621574
 -0.975190043714278 -0.221202445000601 -0.00859400758085158
 0.14515997423156 0.279034064100017 -0.949246318377333
 -0.134878470664424 0.0985523401829946 -0.985948900499251
 0.0329777286279921 -0.287561550966986 -0.957194245605353
 0.533367821170238 -0.83699673270986 0.122291605489223
 -0.0619464813331172 0.0885964216700367 -0.994139480916894
 -0.927739036413836 -0.287545729651004 0.237944812243087
 -0.881570907696846 -0.468960135235113 0.0539363167339409
 -0.978695000825637 -0.199973431497304 -0.0465480617652251
 0.462004577944679 -0.00604621117452634 -0.886856929435967
 -0.955542324821101 -0.10103771105719 0.277002249846115
 0.912304092769464 0.166407930321886 -0.374178624512508
 -0.388033334976565 0.0599992042515405 -0.919690288323274
 -0.100340261979888 -0.0407221540760153 -0.994119478731413
 -0.88272505058025 -0.152400944235991 0.444488961926023
 -0.143472205983262 0.381944854540821 -0.912980752371093
 -0.482497483371573 -0.598384151993009 -0.639634727937521
 0.111352573082783 0.0401277086903652 -0.992970478646321
 -0.339996267101746 -0.929751677072841 -0.141295284199853
 -0.0210106778943871 0.581883796257047 -0.813000491431528
 -0.97488379914536 0.221205705360299 -0.0258769024414097
 -0.962136682227585 -0.189290549386932 -0.196117547977963
 -0.946085472148246 0.310477177564861 -0.0923374333701616
 -0.971067467794066 -0.204869809283801 -0.122704255166804
 0.416048399298046 -0.907061642577362 -0.0643654100149458
 -0.45340559399951 -0.442930803786363 -0.773456960914516
 -0.983776016156645 0.160443651109451 -0.0802657140604191
 0.0672075311358193 0.860982561496533 -0.504174748036329
 -0.866179209983434 0.47462651822743 -0.156407302859494
 -0.863682399921378 0.491676948844413 0.110934620570391
 0.00514510728171504 0.451475109697366 -0.892268879427503
 -0.858182735177521 -0.271268778542705 -0.435816065366088
 -0.237827881113041 -0.0134907052623965 -0.971213622143349
 -0.985389251820133 0.093988362068917 -0.142035946833754
 -0.11860212890982 0.0406194598115266 -0.992110676539003
 -0.96806041213363 -0.213244263474796 -0.131855688367085
 0.251159387528769 -0.886456344757504 -0.388733984744502
 -0.88933599378747 -0.339861429918059 0.305901452445238
 -0.191579216850871 0.465915016446508 -0.86384061094652
 -0.580115712999619 0.0666806920895443 -0.811800126160007
 0.0201056442527811 0.916941476565125 -0.398514857469266
 -0.331005827837865 0.81602652394212 -0.473852143775155
 0.298833512645268 -0.209014835661158 -0.931134431859133
 -0.653301591737217 -0.57973641285065 -0.486931947861997
 -0.0412229895933157 -0.679318300731246 -0.732685001498326
 -0.713382877923888 -0.65476886724763 -0.249725048740183
 0.0595221041082401 0.660954986843214 -0.748061243809365
 -0.890509808870612 0.448450492064051 0.0767100806461345
 0.226121547036488 0.656687928923862 -0.719465085998976
 -0.909776621872794 -0.415085728582219 0.0032149993926215
 -0.319446222668183 -0.320595056217339 -0.891724688876579
 -0.961210364184764 -0.181333776573235 -0.207828528497609
 -0.997981955068114 0.0180134840436494 -0.0608895044406978
 0.0784050340020484 -0.894495458728702 0.440148298823098
 0.422662369220803 -0.472055531057748 -0.773640806345196
 0.277072336030267 -0.948139217421111 0.155765673352036
 0.160174929441927 0.569464092730405 -0.80625965982989
 -0.558596393269891 -0.290522711973267 -0.776895503432454
 -0.566522093643747 0.0706883859884831 -0.821009055674692
 -0.195418369823117 0.513372472801658 -0.83561974899184
 -0.514927274621964 0.0145576365921253 -0.857110247907029
 0.303569435770299 0.26171228075429 -0.916161710490288
 0.053658750887943 -0.960691680834502 -0.272382511972641
 0.40184218324498 0.525152508304227 -0.750158451786479
 -0.419966449657835 0.430145291127954 -0.799126529206884
 -0.782495599453806 0.597365601418883 -0.17565584270637
 -0.548896748592352 0.197480519561106 -0.812227679766345
 -0.849564585234856 -0.267512131938769 -0.454617723785932
 -0.947122806394512 -0.256407311729017 -0.192908475965372
 0.583350771619452 0.724814433557553 -0.366532282558622
 0.013512611993614 0.35368107003197 -0.935268469487853
 -0.497318541508764 0.233841170884857 -0.83545949935996
 0.0637685302169504 0.278977569128677 -0.958178005632056
 -0.973205464654584 -0.210408598456622 0.0927326547769206
 -0.353888068417777 0.423638592971672 -0.833842657565872
 0.0294215307764154 -0.968075860031022 -0.248924692933364
 0.383830445639755 -0.855853920628987 -0.346681778500079
 0.135244156725497 0.254824122659615 -0.95748299440897
 -0.695006085118797 -0.355554769782178 -0.624937874778755
 0.00211421055102411 0.685809718045451 -0.727777823754039
 -0.397602042207823 -0.466852995103137 -0.789911955217415
 -0.922827708159362 -0.00876344327300559 -0.385113260113619
 -0.0316640645870837 0.183655211918943 -0.982480610571442
 0.281413287141587 -0.858046805517428 -0.429607077876406
 -0.291743663158069 -0.0510717686923182 -0.955132090053386
 -0.632958945983161 -0.0430827884967235 -0.772985670006393
 -0.126017934208103 -0.984869290485423 0.118962014595673
 0.294892666931284 -0.875307754488684 0.383242286187385
 -0.137077500658536 -0.137621547801646 -0.980953652520795
 -0.118271500312154 -0.933592060284248 -0.338256880474181
 -0.210965135631556 0.381255633134813 -0.900076582158947
 -0.204094736912206 -0.961405629549823 0.184511663139884
 0.199572835187344 -0.867284025378931 -0.456058223013031
 -0.00447996756203187 -0.943266300875292 -0.332006951017123
 -0.0625324015920877 -0.997126464513169 0.0427611098849631
 0.559385297661333 0.393762028852403 -0.729410414920421
 0.146827563809172 -0.918023880506724 0.368339274752556
 0.201784779879663 -0.915267266859519 0.348667080213234
 -0.521657348319124 -0.839453697635948 -0.152286245176623
 0.265657753038797 -0.938256891997101 -0.221585114279632
 0.035852333183408 -0.98857709142162 -0.146389700872962
 0.628673075666739 0.213681956842874 -0.747736708508766
 0.195597667588041 -0.8811428077486 0.430498437612766
 -0.187539571828352 -0.981770485353669 -0.0309131539455167
 -0.426238386466996 -0.88886098822728 -0.168068383432563
 0.0543563946992331 0.202616860497171 -0.97774832661456
 -0.987847850554344 0.155411766494384 0.00195115100856948
 -0.0356046886160702 -0.902821226295927 0.428539542513957
 -0.00304521866598661 -0.995782826179154 -0.0916912740119473
 -0.959356827515476 -0.240738866881036 -0.147238838192495
 -0.147368258319221 -0.988821693251711 -0.0226771998884132
 0.540179238961627 -0.711811935598105 0.448921104577316
 0.165774347619919 0.873620179507381 -0.457500434566659
 0.545313927281216 -0.827390258453558 -0.134380359164916
 0.34272774593552 -0.107119384513503 -0.933307628613099
 0.374236308123631 -0.55508705739019 -0.742849610890316
 -0.909996842780901 -0.413719661927695 0.0272357754291226
 -0.0331067586390792 -0.516434701036986 -0.855686357316308
 -0.880751039618583 -0.471578653627857 -0.0434876954243713
 -0.319217534809628 0.414304614888319 -0.852321448487779
 -0.154731881503992 -0.37404995422223 -0.91440946877894
 -0.936010314058132 0.162214064865171 0.312364033039523
 0.571367478953866 0.0810386502692693 -0.816683501214784
 0.194068935963454 -0.18220423995247 -0.963918493980355
 0.151024061188203 0.188355036710121 -0.97041955518639
 -0.66050245173849 -0.0654927446510509 -0.747962038906732
 -0.512919344732993 0.138067741356284 -0.847260907038352
 0.0296160559578586 -0.0530606021490616 -0.998152023355701
 -0.147697585342911 0.36814202702078 -0.917963436758189
 -0.910807044059564 -0.257336048615031 -0.322813702581972
 0.123500043092682 -0.654209718042472 -0.746161768100521
 -0.0362205438208338 -0.48532742462613 -0.873581915512845
 -0.135572845935698 -0.976182436976291 -0.169374889472804
 -0.0450682435763343 -0.891987787718321 -0.449807336514558
 -0.371164101858346 -0.881173322808728 0.292866496311736
 -0.985716896367097 -0.0150298889666783 -0.167738792931353
 0.139013799532955 0.456632497468796 -0.878727446820015
 -0.424078994584739 -0.0634695952959974 -0.903398371055073
 -0.849038606612725 0.394237671286507 -0.351724470316915
 0.0721608118438018 0.191422350038099 -0.978851521498503
 -0.838291022693287 -0.00989652415864405 -0.545133213151996
 0.710678804497953 0.194179535560898 -0.67618780291182
 -0.967397186364379 -0.2288563680956 0.108477862240986
 -0.134698493273734 -0.0586826658386403 -0.989147441304812
 0.460145926991721 0.438108228960698 -0.772222057176464
 0.511556552880999 0.38961128649546 -0.765841327325617
 -0.279481950147575 0.589171763232658 -0.758133545591428
 -0.97196761950753 -0.203391833173948 -0.117943668024218
 -0.856833145172338 0.113257195685007 -0.503000764372825
 -0.995307399005405 0.0773046790129099 0.0581993821943716
 0.184482228490565 0.624528290354129 -0.758900996124332
 -0.000660351352326942 -0.936033498268946 0.351910292623689
 0.0899276766285642 -0.988990703952411 -0.117517660255397
 0.440932159391108 0.114045607252138 -0.890265370707626
 -0.257006555556181 0.649994045243517 -0.715161080840615
 0.0143762957706886 -0.474349390647064 -0.880219278198718
 -0.0153081183524326 0.0739239028494159 -0.997146387497853
 -0.912574015828628 -0.127816244843742 -0.388422029741434
 -0.428312788355988 -0.352441375427261 -0.832065641772126
 0.4423512723364 -0.892234123212344 -0.0907943899030559
 -0.965691486314502 0.259678276394358 0.00267320566794028
 -0.991886901093207 0.126583295583228 0.0117066100559926
 0.765255202396004 -0.206184689349377 -0.609813372339236
 0.204370837081031 0.0309997648910673 -0.978402563123941
 -0.807091549681641 0.498511568120819 -0.316369162343945
 -0.546393643170372 -0.418235262970275 -0.725626109998251
 -0.890969240945906 0.0365549417240265 0.452589823044917
 -0.986963290350301 -0.0529730660105029 0.151978017418162
 0.115271388568249 -0.372611809256447 -0.92080016647489
 -0.344703303397974 -0.934659587384181 -0.0871268519880998
 -0.538578618510207 -0.188433488846598 -0.821234370910483
 -0.681094722448998 -0.179508394194064 -0.709849783733143
 -0.998511907182068 0.00140825723220799 -0.0545159428717602
 -0.531204164618067 0.329427438095651 -0.780576516763192
 -0.744255096909838 0.111317516939404 -0.658553537038692
 0.471627493686111 -0.880808544816303 -0.0417590059501447
 -0.371497408753178 -0.810744417506527 -0.452419235634026
 -0.568658541075334 -0.146927279114339 -0.809345314630369
 -0.0670588992796769 0.169089528603145 -0.983316752295091
 -0.889044760513909 0.214448563206723 -0.404488847239746
 0.0300817448431484 -0.784838247875272 -0.618970123107137
 -0.977406309055216 -0.0886043396779963 0.191901479955954
 -0.900325098633274 -0.381746506106021 -0.209007946850906
 0.266164449280947 0.787554649431571 -0.555800467881852
 -0.979532194651026 -0.178096453023246 -0.0937994299699213
 -0.36205801245653 -0.928786004818282 0.0791868225762411
 -0.400527062123837 0.649885091315017 -0.645931451930404
 -0.351801485398029 -0.031266217349035 -0.935552317363612
 -0.336754862804148 0.0369015135335139 -0.940868981674226
 -0.454976909498729 0.558113060064202 -0.693906206924795
 0.128396980209819 -0.88267855798254 -0.452098195916399
 -0.372935366634675 -0.923053243724515 0.0942969859683284
 -0.998270326320542 -0.0436647447695417 -0.0393668090158416
 -0.749888270307932 0.641402706883754 -0.162080688722533
 -0.0923312323177811 -0.970037464740602 -0.224727080117872
 -0.462082847415186 -0.886048016646045 0.0373945761078311
 -0.366148885779107 -0.440268887557863 -0.819816016000712
 -0.864209346438841 -0.014684753251734 0.502918048542391
 0.112702563901966 0.150643112498303 -0.982142955351586
 -0.644058582146966 0.0541784449172734 -0.763055200407667
 -0.173631310970805 -0.91567604042174 -0.362476974231638
 0.443147780262906 -0.0826585717433812 -0.892629601439143
 -0.96672537667815 -0.247396955837045 0.0650906470166915
 -0.743776204611255 0.456970210714537 -0.487827002095608
 0.0621061454143095 0.307919707306281 -0.949383105260564
 0.468579590397295 0.4559673065471 -0.756655128062505
 -0.00780129594986784 -0.952578034301329 0.304194392367971
 0.464041869991002 -0.602053772897396 -0.649766417595789
 -0.775273566902942 0.315135385513164 -0.547394359907972
 -0.942890995968734 -0.246207608078689 0.224362170263301
 0.246909808675367 -0.440652509525457 -0.863053249938154
 -0.994239361308981 0.0878916531940577 -0.0613445166475794
 0.0446478621741866 -0.92099888781988 -0.386998213223033
 -0.228804212551721 -0.512289256333277 -0.827773127229971
 0.132981526831924 -0.986588309137727 -0.0946542222735507
 0.0874548879495878 0.623973225967576 -0.77653657727717
 -0.366550817091289 0.196656595622686 -0.909377084540734
 -0.619574763605029 -0.246042836781811 -0.745379121502696
 -0.684652640026493 0.314440264398565 -0.657554623304949
 0.679856892001415 -0.723797742607435 -0.117946743043453
 0.038037286584296 -0.335685609402668 -0.941205788586781
 -0.49130909007412 0.0965930740086342 -0.865612590056373
 -0.396437881512654 -0.916815818228346 -0.0478096386521399
 -0.172071602544985 0.137793790247154 -0.975399525818484
 0.143950315064843 -0.941242428510044 -0.30551758961678
 -0.834177440139874 0.546061311874912 0.0772336845886399
 -0.997381219738088 -0.0422841740239325 -0.0586749617884607
 -0.517418849944325 -0.680082466594263 0.519389615176657
 0.110066133618835 -0.944159159122843 -0.310562277932539
 0.291731354702261 -0.923262072134004 -0.249959922472402
 0.104078139252809 -0.945202159730913 0.3094521258122
 -0.962328917637191 0.226341692633803 0.150640275009364
 -0.99596904177491 0.0213815162967946 -0.0871119887662847
 0.894482387137243 0.321489287911009 -0.31071835616798
 -0.605651802687276 -0.243255729105001 -0.75763615552536
 0.275120848727632 0.692879031490043 -0.666503688149441
 -0.198140450417493 -0.965097907275944 0.171249500086705
 -0.951814157004847 0.188502266676249 -0.24190226535332
 -0.963722700327742 0.0994282854335452 0.247694515338453
 0.0421634197793321 -0.531502321569418 -0.846006813328847
 -0.997977176197276 0.00640418407641483 -0.0632498396490183
 -0.448643550014028 -0.643302480603084 -0.620387688047344
 -0.646400936989976 0.173446172306062 -0.743022377839898
 -0.896092220448165 0.308504953547862 0.319129168345215
 0.167330569550924 0.39756254481925 -0.902188729396796
 -0.0870146725044551 -0.65740939540472 0.748492707781808
 0.0171384597879468 -0.483753526629788 -0.875036455623045
 -0.732575633878445 0.136881678739089 -0.666780583605404
 -0.516952254758307 0.0657373550836918 -0.853486359848184
 0.634140142971682 -0.434639863916119 -0.639495479082402
 -0.973652181407669 -0.147271066186122 -0.174105320724238
 0.157955186286692 -0.982074405210802 0.102859232716299
 -0.792425456380196 0.164279167953703 0.587430209520311
 -0.491075037442511 0.650168622237528 0.579763805578264
 0.179525259241269 -0.982425248418957 -0.0511010035449972
 0.0179530376020077 -0.930110166496804 0.36684160971753
 -0.0859015115717128 0.289324901886601 -0.953368780408717
 0.521312562202243 0.12071009286307 -0.844785349050942
 0.569374824291956 -0.0233600785150629 -0.821746077687186
 -0.160327113263861 -0.192421781218435 -0.968126579980739
 0.233636538540469 -0.217000211335266 -0.947800019064823
 0.197694878232889 -0.0857883087364137 -0.976502483972585
 0.351413358058769 -0.893303532095471 0.280209656014234
 -0.904644988213336 0.212857415179153 -0.369200712490838
 0.271728891922148 0.107292352649008 -0.956374278385718
 -0.166558227811616 -0.594279094379444 -0.786823178822156
 -0.121694476002869 -0.193980059210327 -0.973428061614799
 -0.400633591418045 -0.723455704678791 -0.56223177497825
 0.202619761729807 0.978147379782401 -0.0466147571202482
 -0.816969989477277 -0.315242162351942 0.48288965133783
 -0.772612926743081 -0.0923674081190841 0.628122223255039
 -0.983175777596573 -0.158810914462794 -0.0902467938204209
 -0.891059019798815 -0.453267067931388 0.0237231609204298
 0.299181370971331 -0.947623810112302 -0.111801707374968
 0.1070436617534 -0.787608560408536 0.606806732040456
 -0.919718652240672 -0.161542708507347 0.357800997830796
 -0.606780815366511 -0.565764360215907 -0.558325828537994
 -0.956805164467226 0.237068748482421 0.168292262869758
 -0.29117680101047 0.314836980304858 -0.903379071257369
 -0.710342386760677 -0.470106562526093 0.523844932628966
 0.221345190055813 -0.969762225777973 0.102798503361225
 0.000155414478842014 -0.344734396311215 -0.938700256656129
 -0.281193398228132 -0.903029564606787 -0.324758184252518
 -0.711705127910144 0.0426899492171434 -0.70117999054611
 -0.857032112948753 0.204872089750501 0.472782597200721
 -0.3367692902071 0.240962695187078 -0.910232621202726
 -0.970723970281481 0.00403889590403078 0.240163820840766
 -0.652203572697524 -0.691557470678685 -0.310449294586227
 -0.971316551426682 0.146189202834727 0.187544325158411
 0.231094078390698 -0.181664194438701 -0.955820928517309
 -0.699610267462343 -0.704257083258257 -0.12069562685467
 0.383129214234838 -0.86524284307207 0.323367944781726
 -0.224406106553532 0.0312005159852771 -0.973996112489027
 -0.286166878910892 0.274776177644513 -0.917936037866185
 -0.292401905353203 -0.330490748006917 -0.897372270146367
 -0.627107574730467 -0.764397144279111 0.149776819079626
 0.176179858975175 -0.240497067246579 -0.954527012680774
 -0.184487235439889 0.670226128703505 -0.718861180175185
 0.0933702115436522 -0.93836424316431 -0.332798063015645
 0.551361871806233 -0.831937693755851 0.0622877197088009
 0.451024188347215 0.429137466250212 -0.782571540874113
 -0.366121224479064 -0.852885543950053 0.372211630536947
 -0.516531995429774 0.856097727256745 0.0170698296175078
 0.0872027218724192 -0.954127448405565 -0.286420141570259
 -0.968936772003783 -0.246693656907323 0.017429041872126
 -0.0139690470733788 0.420349780828979 -0.907254610063179
 -0.00929872419464602 -0.990176987617458 -0.1395100961263
 -0.350571458576166 -0.924972076646681 -0.146718471419607
 0.363399875206226 -0.927275234016332 -0.0900065057651753
 0.028657155490814 -0.997310404732415 0.0674590546305116
 -0.151974714858995 -0.485044162969489 -0.86118281799671
 0.307481992049849 0.841031364295152 -0.445107929424867
 -0.983040396476867 -0.0376898382801808 0.179474385317284
 0.102256786636865 -0.39125913856146 -0.914581782061532
 0.0760327198413604 -0.943960318340144 0.321182102416526
 0.136064699238809 0.0808803588839141 -0.987392913265971
 -0.248030509499081 -0.132680547232355 -0.959623227492827
 -0.839110763327589 0.477384566635321 -0.260762540266423
 0.138707069970326 -0.0503100537066214 -0.989054724085722
 0.306979666840843 -0.942515839067371 0.132012792006739
 -0.801630739472588 0.493065898417938 -0.338044638102637
 -0.153825085737962 -0.0309615534465847 -0.987612892385414
 -0.248340690836819 -0.899379059747106 -0.359783557382912
 -0.921476988103428 -0.125514891684878 -0.367595120154184
 -0.965349671702635 -0.176517858635442 0.192201604900617
 0.037444519527943 0.152211777842441 -0.987638335952673
 0.238343626618502 0.225546951848025 -0.944627380591101
 0.226975084485882 -0.973012864942912 0.041572535142968
 0.467002631687422 0.654491280717531 -0.594600458679396
 -0.678911952068347 0.695652235924399 -0.234832978927856
 0.223877044911454 -0.972419396824634 0.0654185404983229
 0.557629660144177 -0.399567875801827 -0.727595131068581
 -0.485407049439175 0.198132842038491 -0.851541762487609
 0.0302222644747676 -0.98045100007773 0.194428524596047
 0.127382310193334 0.898455686494509 -0.420179873929595
 -0.847240983796653 -0.530787092841373 -0.0211607525452818
 0.302694923831976 -0.951567200331475 0.0538112101673388
 -0.660381930127283 0.648799387458326 -0.378093984605766
 0.0332746957861649 0.0424070288447895 -0.998546162440623
 0.0519269992402545 0.260232707517584 -0.964148600936583
 -0.709245951189516 0.523527988408048 0.472110819696713
 -0.577580558309702 0.153528080314433 -0.801766691262251
 0.248875712479117 -0.919356924696427 -0.304702682546019
 -0.975413747133921 -0.167749225589235 -0.142927321448264
 0.164195038030372 -0.952747967861176 0.255560754464772
 -0.943490327621941 -0.261074980418209 0.204122160196963
 0.069942214189579 -0.995207726145593 0.0683349727034197
 -0.918404639186202 -0.297252064053829 -0.261101760118542
 -0.477460582660899 0.349480390898368 -0.806160559927511
 0.715631874883449 -0.689933864638884 0.108914104115366
 -0.871129926113945 0.0349173069607532 -0.489809589027533
 -0.38529431251613 -0.402771059335925 -0.830255241780586
 0.157657912246755 -0.98660202353141 -0.0419574769227259
 -0.214176733560455 0.558387443589372 -0.801456043487788
 -0.872386880570801 0.469299660072709 -0.136744139412213
 0.125807356822722 -0.400561469683803 -0.90759187853023
 -0.787066633250773 0.469991201385522 0.399542720423595
 0.199009495182281 0.437539247773464 -0.876900580160103
 -0.703194616850792 0.232522540578456 -0.67190073593873
 -0.474337326635283 -0.200420571132145 -0.857225580129034
 -0.264843770530651 0.451285966079056 -0.852172960161962
 -0.938835465641551 -0.339387748377451 0.0583431633089697
 -0.868403813083535 -0.284154631047174 0.406363092660273
 -0.0121096011244584 -0.35566189242402 -0.93453623570088
 0.241115715428446 -0.592205563656016 -0.768866556788816
 0.431541884717385 -0.875562200182915 -0.217169139947231
 -0.699591629869824 0.373613329578749 -0.609085077289836
 0.766083057361183 0.629959892017609 0.127543261967477
 -0.726288346860014 0.181144411554638 -0.663092707981223
 -0.226573728529431 -0.126236832720907 -0.965778757068546
 -0.0231841576053864 0.466024352294395 -0.884468087555859
 -0.676998952127759 -0.628994240137492 -0.382150055203158
 0.318119681690573 0.504744275434562 -0.802516719163612
 -0.32883562564913 -0.292757636132076 -0.897864186717738
 -0.991021338155424 0.0439723666604661 -0.126266140714403
 0.58787800170172 -0.754231014828331 0.292463726616171
 0.433299634018099 -0.897441292831022 -0.0827680680067174
 -0.972826327357704 -0.228871866286726 -0.0350229299481457
 0.545194179018364 -0.735732228693514 0.401822591234199
 0.0990456124275564 0.254415988134556 -0.962009600596776
 -0.439664265070859 0.141681372517537 -0.886916976216629
 -0.854278940733385 0.056160165689434 -0.516772219850469
 -0.747166644090787 0.446455818025761 -0.49236085192576
 -0.996897075842373 -0.0666866630700382 -0.0418223522235409
 0.187633003103702 -0.885205167780067 -0.425682589591998
 0.431819274797254 0.0411356000977567 -0.901021629217729
 -0.308560029472402 -0.543347907676867 -0.780745643238028
 0.529455571144209 -0.804406542979776 0.269456697440768
 -0.22073233025905 -0.96768036454862 -0.121950606580941
 -0.980922296888432 0.107810050232794 -0.161766623677215
 -0.201243766391279 0.33840317470644 -0.919230242016251
 0.110146661106456 -0.215525979282886 -0.970266079640659
 -0.948214550721919 -0.065641531689731 0.310773800563457
 -0.56537022323453 0.506651846138109 -0.650892016762061
 -0.0715598135101828 -0.995903559459609 -0.0552747080143357
 0.629887625658651 0.626312574540062 -0.459319211458771
 -0.532664173567441 0.544207666867744 -0.648156534735308
 0.0682516355234393 0.199541112096558 -0.977509620838406
 -0.646212824846525 -0.251628801175767 -0.720480347700561
 -0.950128552149943 -0.311679034551158 0.0105789323994035
 0.143233842801224 0.0457186065512745 -0.988632325635473
 -0.458984745191005 0.359082981023659 -0.812645320186557
 0.767349312893311 0.000686960193657838 -0.641228945141948
 0.17671047946193 -0.945611947882783 0.273114354199231
 0.304703608386497 0.366301179802364 -0.879192332036424
 -0.0525835062859548 0.844026068597072 -0.533718062646606
 -0.10824178884515 0.181918507199153 -0.977337900567677
 -0.563160378706016 0.771251246334414 0.296684854489254
 0.204678831988253 0.044033067911928 -0.977838260995237
 -0.0468948684078003 -0.694395978515036 -0.718063434759883
 -0.812717869622161 -0.406879002401494 -0.417060117730743
 -0.600266228284137 0.0558104646090942 -0.797850642176625
 0.313000867330622 -0.942647126889274 0.115960558888249
 -0.166099661804196 0.384994739789947 -0.907849080344637
 0.145347074547907 0.661450104479778 -0.735770335909281
 -0.638730869124724 -0.518321437441659 -0.568652586660421
 -0.133646466014158 -0.158915650485315 -0.978204701559319
 0.301869123074889 -0.935937508964771 0.181372577438863
 -0.338811358158435 -0.0573426939440446 -0.939105254502431
 -0.739400973833275 0.265422459753897 0.618738327366744
 -0.677079911651133 0.337992006561345 -0.653700387592916
 -0.0279551713113856 -0.971451247702139 -0.235586463394882
 -0.336318936425556 0.0747139910002116 -0.938779735907419
 0.119698379011937 0.140498508986244 -0.982818633845817
 -0.519211701762227 -0.0574960434888378 -0.852709454466351
 -0.747231063219668 -0.00612180355970799 -0.664536125188677
 -0.0437941233257677 -0.506832198208613 -0.860931587073649
 -0.712893455778838 -0.00684500021558377 -0.701238951199771
 0.209650772482502 -0.330773215064871 -0.920128052932383
 0.215398725358841 -0.50891455725893 -0.833432278306842
 -0.858580809948238 0.444898953544661 0.254762465688125
 -0.211055395850828 0.367297689005051 -0.905841060856594
 -0.559772118985563 -0.821712635202764 -0.106974389245938
 -0.668262349792546 -0.585143995311182 -0.459382124816598
 -0.948161730371157 -0.195384352859853 -0.25062778720068
 -0.88805713021197 -0.241737148475813 0.391046908345358
 -0.19266065436744 -0.690511865862876 -0.697190960470142
 -0.100930378688802 -0.473563749446899 -0.87495738974394
 -0.276260885366095 -0.00131457232819212 -0.961081783781347
 -0.126125146061078 -0.968057859837607 0.216694318194329
 -0.270929833511205 0.428488912889307 -0.861971157779963
 -0.0249422133444906 0.26941036101286 -0.962702416831078
 0.363910171541196 -0.930856383521317 0.032799090025059
 -0.98004413305214 -0.144196842251254 0.136823857403767
 0.106179669490256 -0.326227842544257 -0.939308933490925
 0.42067657654563 -0.716902367525664 -0.555951628635034
 -0.295683942858035 0.836597896591372 -0.461166960389421
 -0.620486069878446 0.648769479760821 -0.44056236700117
 -0.971002210738635 0.0515709005903893 -0.233441960566173
 0.112735013170877 -0.932871201187008 -0.342114218940504
 -0.360210689876899 0.529374821324656 -0.768121447068038
 -0.289140520165907 0.302653651597253 -0.908184192095985
 0.307380389705636 -0.931872446636355 -0.19269415980871
 0.457217061961031 -0.799759886007432 -0.389020157556267
 -0.207544677315158 0.022605589049004 -0.977964311343668
 -0.292271262573173 -0.503092089815971 -0.813311661196667
 -0.936454003294686 0.141549679878467 -0.320963530388826
 0.455990046256411 -0.0140272384722891 -0.889874325000962
 0.124749511091623 0.142572446533429 -0.981891367194902
 -0.148408885650601 -0.988581170227432 -0.0261165183688151
 -0.369577016456475 -0.926813408294401 0.0665562552495822
 0.156960276167398 0.309084794426884 -0.937992570098263
 -0.997164735316074 -0.0714980396494243 0.0234631832519169
 -0.325449951863557 -0.149348573563487 -0.933690169385198
 0.152258690322736 0.750036493164184 -0.6436323097415
 -0.856090648452022 -0.0948447929005136 -0.508048488721948
 -0.0142338357936356 -0.971009437763326 0.238616993722469
 -0.851093624458945 -0.254554380350266 -0.459175031823191
 -0.583438987124458 0.135229970408004 -0.800819457435093
 -0.953992563346965 0.230420312367282 -0.191845429258168
 0.517411992427028 0.00450229898416124 -0.855724581507713
 -0.189101544644217 -0.0713725396835398 -0.979360284263301
 0.144291114140007 0.358778102484466 -0.922202986092477
 0.0300451927189693 -0.98437579259842 0.173498084544792
 -0.882053047584139 0.239096121309848 0.405974711062302
 -0.0817612519331004 -0.0847981398196324 -0.993037951523235
 0.0645782931830084 -0.96640010650916 0.248798067091877
 0.0402006489348195 0.221940772461249 -0.974231082107589
 0.580114210216535 -0.812298238147917 -0.0603247495364468
 -0.0723757519561438 -0.451426716508482 -0.889368129714099
 -0.663868937398077 -0.173291784970934 -0.72749432384008
 -0.809058690784916 0.494845496251864 0.317099305746078
 -0.975315714748617 -0.220660954319256 0.00824619932515307
 0.104540373153814 -0.98836265745609 0.110501437670271
 -0.810669165138626 -0.0202825482300524 -0.585153076494296
 0.113887132792872 0.984142325153796 -0.135991193924821
 -0.116799807821099 -0.548069248514641 -0.828237830411984
 -0.0511755556368377 0.303623886963943 -0.951416626809816
 -0.284811673104669 -0.952300770439132 -0.109569856641116
 0.198418184584408 -0.687309646611605 -0.698738630462678
 -0.588423425342888 0.237238932516749 -0.772965433513075
 0.468357110056017 0.271584345193382 -0.840763677204158
 -0.942168730503334 -0.121384833713226 0.312384067145154
 -0.141934583300163 0.0883778735086863 -0.985922880116641
 0.115323305096181 -0.988936124778123 -0.0933052860802775
 -0.955833066947418 -0.291202831496549 0.0398002394249828
 -0.374525722589206 -0.466541432440191 -0.801292440333545
 -0.00137367038847379 0.613175454906572 -0.789945551623517
 0.0749381957695765 0.680885834019337 -0.728545638822025
 0.226382689237511 -0.966503030328919 -0.120924647523201
 -0.236496440545655 -0.196020084877823 -0.951654117804219
 -0.457909302960868 -0.381231787679057 -0.803107336739568
 -0.211206566470813 0.122481185396428 -0.969737152791155
 -0.72715400935859 0.676193790200715 -0.118359641633956
 0.115259584708627 0.690275826009188 -0.714307015337332
 -0.474001174311358 0.0364720798930925 -0.879768534411027
 0.0015708584530078 0.143351141130462 -0.989670643568008
 -0.28826718335734 0.40669862096973 -0.866889994578635
 0.295579096878391 -0.481508218416398 -0.825095650870868
 -0.069057425619236 -0.994666294140391 0.0766161553973091
 0.499950699413682 0.00518895125756981 -0.866038320711397
 0.0997265533914255 0.182679295133106 -0.978101676554303
 -0.322399076599334 -0.0161008235787027 -0.946466903218483
 0.103037209141213 0.797953847761352 -0.59384593151359
 0.262931391977622 -0.151888840083516 -0.952783744283452
 0.36925834738584 -0.914178246804653 0.167111956349773
 -0.411781976042307 -0.910862166142704 -0.0276716189716694
 -0.961348073936538 0.0750617256927913 0.264906810170158
 -0.800582472395206 0.311431578216216 0.511935618006147
 -0.534447488630023 0.255070716030542 -0.80579452202204
 -0.850396412092064 0.22951537721333 -0.473443379849763
 -0.862295932467818 0.208641847451989 -0.461426380196535
 -0.878523416359153 -0.259966724906143 -0.400766651369865
 -0.173524855962159 -0.983845340731166 0.0440167000681371
 -0.024218276295936 -0.226880645454012 -0.973621408870832
 -0.988570124176019 0.135145417164054 0.0668193520334098
 -0.824952245319296 -0.463495263411239 -0.323459323158257
 -0.538966984423206 -0.149886625652584 -0.828883941907574
 0.206872345230891 -0.927137511988452 0.312441781204971
 0.418710025195819 0.0415366162402916 -0.90716956756266
 -0.238977132811922 0.148223832507098 -0.959645572839213
 0.635126055617257 -0.683069282456482 0.360598459287406
 -0.656578607914671 0.149514454928355 -0.739290172663149
 0.0633509857005459 -0.996124619592073 0.0610114321526485
 -0.0641060033001284 0.16764685158859 -0.983760617982504
 -0.903492913362464 -0.42465472510969 0.0580423978297038
 -0.400532190002221 0.524765265301816 -0.751129403701346
 -0.295140130509934 -0.94967946952883 -0.104886646042382
 -0.099282902822375 -0.767186543985253 -0.633693705140841
 0.661923494560986 -0.725242186329636 -0.189422961955467
 0.145665998663549 0.0365090992318463 -0.98865995291942
 0.11728404683947 -0.581442739998057 -0.805089307133382
 -0.45203893233416 -0.380444819266442 -0.806797708937945
 0.243794070921802 0.53065084165833 -0.811772218809366
 -0.939402237525055 -0.0790121140741505 -0.333587352821497
 -0.707316977396399 0.262043169736618 -0.656533373623313
 -0.0240449948105977 -0.970093618785827 0.241537179364951
 0.129444595207829 0.145029979113585 -0.980923239570658
 -0.876205837636508 0.366112550162108 -0.313408568334536
 0.225074854780684 -0.955493478409386 0.190718437657682
 -0.966339851531036 0.228389009642999 -0.118430366111334
 0.150739677136692 -0.886836634869296 -0.436804684945604
 -0.974571304835182 0.0371706051197271 -0.220973115801184
 -0.245223564236319 -0.208587145438097 -0.946761219263454
 -0.50416673422358 0.00987697104658653 -0.863549853537869
 -0.053037804992953 0.571786166989105 -0.818686490960635
 -0.191233700426567 0.338794125643152 -0.921221044185843
 -0.786170208052619 -0.223552090548942 -0.576160452288856
 -0.092125572878028 0.0140465748262828 -0.995648317709393
 -0.196074112115475 -0.794086472913126 0.575310017377169
 0.826886922388009 0.507657590692126 -0.241954103491452
 -0.86420777815173 0.427054278849731 0.266025485805752
 -0.798798565466631 0.124485234034631 0.58857818368998
 -0.213147849583737 0.883596158062935 -0.41692424212829
 0.48045986536933 0.380115160407617 -0.790361172248218
 -0.947406229703801 0.292629445437247 0.129574085300719
 -0.231256158169147 0.609107418158486 -0.758622925077505
 -0.966036877410932 0.164127817382735 0.199586600360133
 0.216719509229406 -0.964823398790639 0.148823598483053
 0.209005754217433 -0.715571313920859 -0.666539038164741
 0.322135316144078 -0.943182406119939 -0.0814603392980731
 -0.563000208644016 0.202587461314748 -0.801242214055675
 -0.703914248724841 0.147813536014358 -0.694734401777452
 -0.900345934801993 -0.381865909544698 -0.208699843826309
 0.0843271242752465 -0.316575505598287 -0.944811560771065
 -0.948975465750018 0.0255054039444479 -0.314316782520702
 -0.788594268738664 0.437833581576778 0.431764790315495
 0.211108922000259 0.886339046834141 -0.412111777445191
 0.207648567891431 0.231425319077339 -0.950433792508763
 0.0832633710625516 -0.391254159062548 -0.916508261858865
 0.0915082575646948 0.308284017640207 -0.946882887829897
 -0.390701716495142 0.346666177401832 -0.852745407594407
 -0.185825959533272 -0.976587198477104 0.108379686907555
 -0.392455401059414 0.351933022750621 -0.849777562469677
 -0.916461440504634 -0.248879927518512 0.31330051028773
 -0.662944605312722 -0.400184878749825 -0.632737317618257
 -0.946502904883135 -0.195500197236522 0.256733176524322
 -0.326565662970966 0.229398871280228 -0.916913859434839
 -0.207868781849117 0.166758168593673 -0.963837269843747
 -0.93978567268487 -0.11364251402555 -0.322317030921729
 -0.320076340003844 -0.939024007548809 -0.12563856818954
 -0.571245372963159 -0.524292880152989 -0.631502731339354
 0.075836236957644 -0.965354519680183 -0.249678826689704
 0.423134171308631 -0.900525060557971 0.100060423635023
 -0.974821189575574 0.117516011602136 -0.189508932168351
 0.0606450861818292 -0.188073956450567 -0.980280755919971
 -0.167287885763301 0.397994467119646 -0.902006190344054
 -0.0557826031079261 0.255895286719478 -0.965093727792933
 -0.530232411796095 0.415678187297579 -0.738962268377686
 0.320664652818248 0.635141948776383 -0.702686904202356
 -0.943058077493374 0.190572836583086 -0.272623286663443
 -0.853099185327812 0.254376688363354 0.455537353474241
 -0.561772591298663 -0.0848071306403754 -0.822933354688052
 -0.985262023863387 0.126474721562616 0.11516461756235
 -0.198932838619657 0.516937702077313 -0.83258701520607
 -0.456979663893357 -0.138080565787184 -0.87869411295388
 -0.945381383099223 0.131340338245365 -0.298334972872764
 0.54971896538607 -0.0878372961524538 -0.830718766189554
 0.00627740118006978 -0.952088361054767 0.30575864170694
 0.347004200932982 0.114275127990105 -0.930875544666261
 0.410761267967183 -0.709674079845796 -0.572396611741382
 -0.186554307069607 0.144382494330751 -0.971777333469252
 0.203272787038104 0.483706719858098 -0.851297822864526
 0.340847096121771 -0.884228720543878 0.319316186296111
 -0.376765032171903 -0.87485475682918 -0.304429408871515
 -0.130201162882746 -0.0188960183710263 -0.991307519225847
 -0.20795316854605 -0.973940148937078 -0.0905321267842574
 -0.120293846869187 0.297088221389836 -0.947242302220945
 -0.966737157150146 0.254675964265561 0.0236521079538351
 -0.0918610825641609 -0.148002169613559 -0.984711581784139
 -0.230599482036683 0.0501285320306376 -0.971756661495494
 -0.426323784735507 0.109294016263681 -0.897943677842741
 0.159976624155181 -0.983773195151376 0.081226721130206
 -0.173446540203394 -0.89764467902973 0.405154696259447
 -0.973180874034876 0.191722318716386 -0.127128041433539
 0.338406140525732 -0.409944681949141 -0.847010414219386
 0.217768351174909 -0.962326318891352 -0.162803566286432
 -0.233404173882364 -0.391105144525795 -0.890257972466267
 -0.254381190067503 0.271041548143963 -0.928346211991822
 0.115014097565754 0.187044354322563 -0.975595288466068
 -0.712851888807074 0.523487088466091 -0.46669417484417
 -0.986248177622507 0.164950473570637 -0.010289480312729
 0.204277983773555 -0.177769750237299 -0.962636183220836
 0.181109693583533 0.895842858732158 -0.405789171058905
 -0.574922097271673 0.378331448249888 -0.725485973216493
 -0.80242423573652 0.200760202728675 -0.561970361231803
 -0.751379214760683 -0.570726979647314 -0.331209888632984
 0.159512627886434 -0.279014636638998 -0.946945908743457
 0.0575126759582308 -0.480452368213868 -0.875133026449013
 -0.469719296623578 0.363512831940188 -0.804501214041518
 -0.369093241528747 -0.421370999207158 0.828381953017425
 -0.213677152695208 0.214679263387826 -0.953024075397537
 -0.180544629715803 -0.0407645866252674 -0.982721672274533
 0.08140398691922 0.710732606323441 -0.69873639752223
 -0.215256650633731 -0.976553796640551 -0.00269381233066079
 -0.376980641233678 -0.754847642406914 -0.536740750165076
 -0.0393049693113263 -0.999058922640143 -0.0183408963944865
 -0.293600696340368 0.383624485469251 -0.875574602907658
 -0.269836491942554 0.170623412479042 -0.947668675608803
 -0.817428546333344 -0.0592817145056647 -0.572971421595027
 -0.989772216677932 -0.135488954391474 -0.0446508939480347
 -0.675049524059188 0.432617963694413 -0.597620144871609
 -0.726393060223682 -0.0185057736372637 -0.687030318400113
 -0.155969330072108 -0.109167334246371 -0.981710782873652
 -0.358904270856389 0.673572003049229 -0.646133485488326
 -0.542774475741583 0.719056720261507 -0.433996891152707
 -0.993108784908639 -0.0894542358299827 -0.0757157911492783
 -0.0882393112682662 0.523641579604538 -0.847356666378548
 -0.984247765220504 -0.0268073119653932 0.174750406819654
 0.151564815199872 -0.203087530827361 -0.967359065505604
 -0.613027375281014 0.409106436515365 -0.6758915303196
 0.12292391252572 -0.948547981514207 0.2917986266155
 -0.872692100082917 0.477177255051951 0.103490896768523
 -0.17571172908979 0.686575192397539 -0.705506834442133
 0.206954123730059 -0.769795615497292 -0.603808496985816
 -0.131379112764612 -0.0354966768707113 -0.990696479584095
 -0.743181339436561 -0.572006748452319 0.347116373048411
 0.17631680314221 -0.984217152881416 0.0151321149781076
 0.422029543092787 0.0419128020182687 -0.905612710701363
 0.0356445439635498 0.202381839512719 -0.978657783661418
 -0.441730189587895 -0.839634720892329 0.316050589429452
 -0.257822328721268 -0.313532373188755 -0.913906503847833
 -0.327342753204686 -0.858425396088287 -0.394908294766068
 -0.105544037430512 0.153939804164011 -0.98242709289637
 0.0945324753837574 -0.656862914574462 -0.74806064096072
 -0.00721515323699187 0.854840466481342 -0.518840744766377
 -0.970956563223756 -0.211432278482682 0.111980998157426
 -0.885808081711933 -0.448647252108755 0.118573544895518
 0.442756647062352 -0.850962610535587 0.282540593459706
 -0.948386675200618 0.284422076482139 -0.14023835677697
 -0.913431039995811 0.317492072805226 -0.254641942495756
 -0.312403821296655 0.140291365809908 -0.939532961166578
 0.517390495744832 0.841835372523827 -0.153688908124778
 -0.591660161420178 -0.663458251188083 -0.457997164094604
 -0.176138420182921 0.019477543249083 -0.984172689239264
 0.322006688125195 -0.22037285924582 -0.920732043382039
 -0.919337151780916 -0.392549615706495 0.0269072585752526
 -0.012014669722751 0.194433470659189 -0.980842124502652
 0.582275418558956 -0.384279032594187 -0.716439084675361
 -0.804826582780461 0.512873107181234 0.298689383105914
 -0.557561990168076 0.0580173510354876 -0.828105436583192
 -0.342910846697709 -0.91227341567648 0.223985192070879
 -0.0803544193245695 0.235888423876387 -0.968452280071726
 -0.795003555415163 -0.392864498015053 -0.462197828939762
 0.139620020118696 0.291216629607375 -0.946413823135618
 -0.00656629963228515 0.437580140826714 -0.899155439322486
 -0.364957654509219 -0.114973705674682 -0.923897698567629
 0.177001058888009 -0.921651379088802 -0.345296047727502
 0.461573676548127 0.268214235813332 -0.845583150745635
 0.284251735724821 0.550875604121089 -0.784689122851625
 -0.347834992193716 -0.628803328154323 -0.695425907417637
 -0.354766891460907 -0.863210148361049 -0.359177800663766
 0.0594512409922126 0.632532797261157 -0.77224854181375
 -0.57980067393645 0.0053014036760698 -0.814741108341725
 0.131097591023834 -0.361616571954698 -0.923063852891814
 -0.147066450058256 0.468802217179257 -0.870974133045911
 0.176253659004146 -0.778305418078589 -0.602640293937571
 -0.854114612898223 0.517412136477459 -0.0526584186958792
 -0.194236461974028 0.244131009393868 -0.950090652039132
 -0.147072044499406 0.137291782554142 -0.979551315740973
 0.500292601780679 0.103364532380866 -0.85966451947792
 0.036602816391941 0.960151717666017 -0.277072035570491
 0.288766479016194 -0.942526572434425 -0.16809991330041
 -0.105008038481111 0.0259918574728827 -0.994131648826985
 -0.0431118285487269 0.235489438964456 -0.970920230696318
 -0.676197435787008 -0.0375278768395054 -0.735764015357502
 -0.280397638923216 -0.0044967267344803 -0.959873399743404
 -0.961251139773558 0.0355650733221651 0.273370393136537
 0.354114101955553 0.113184352586581 -0.928327800470162
 -0.235187861333497 -0.952307259616267 0.194415928266005
 -0.304946302629674 -0.234701100308322 -0.922996828828005
 -0.945809715812574 0.0972151731873888 -0.309827680455902
 -0.871662712195545 -0.0649703668186485 0.485780781426517
 0.267896764169468 -0.167053690063604 -0.948854250337565
 -0.596273341822029 0.306829455288601 -0.741831373830799
 0.0429635864460805 -0.347976237586863 -0.936518375855264
 -0.275738561477379 -0.496350507649291 -0.823167309403548
 0.378851717244479 -0.712758466277542 -0.590293778631111
 0.329020324715598 -0.939542833374195 0.0948940998125365
 -0.454011827530033 -0.437183234541624 -0.776365944576759
 0.212886656904916 0.337337370962177 -0.916996602754981
 0.0394414409585588 -0.00516235589578242 -0.999208548210391
 -0.40674035703817 -0.223315312852799 -0.88582873796345
 -0.949041848756137 0.310989105235489 -0.0510425874575814
 0.312709886021842 -0.949848681949732 -9.2642121108542e-05
 0.10432412044274 -0.934392174631225 -0.340628451368613
 -0.802912162255035 0.584664317625504 0.116188189582448
 -0.440212215814542 0.39744624685274 -0.805139544371236
 -0.100613916407384 0.46588527891986 -0.87910622038007
 -0.39220067269221 -0.120193517002721 -0.911993503710578
 -0.742131284380293 -0.627224737403204 0.236284331967946
 -0.393873137024961 -0.0505688362229316 -0.917772708644779
 0.251012891060077 -0.885415594102929 -0.391192732858139
 -0.275223372450861 -0.960328889021139 -0.0449501965312646
 0.489418745201655 0.573209250987966 -0.657191331673701
 -0.536717943425113 0.39333557267737 -0.746472354794256
 -0.419164032529727 0.0633635397517124 -0.90569673493038
 -0.726246511707642 -0.210186014661038 -0.654513440254203
 -0.914532239330134 0.0603433225407325 -0.399986833096485
 -0.757690831976217 0.485400867797909 0.436223108833341
 -0.872491476789832 0.429314550358134 0.233340180380256
 -0.819620026026388 0.3411830292141 -0.460235975900182
 -0.215093407332083 -0.027914821610618 -0.976194442135747
 -0.924939909088965 0.337635443900288 -0.174609483123777
 0.305441028647801 -0.932867245292945 0.190956750805324
 0.228270403224284 0.436430909619517 -0.87029919231291
 0.145227592718928 0.0127863952525182 -0.989315649532298
 0.158480378207203 -0.139394107733328 -0.977472890904158
 -0.294645295002378 0.269955333424943 -0.916683297594316
 0.343831085885731 -0.929220476525293 -0.135386448305387
 0.176655413336312 -0.980439730231505 -0.0867801839278404
 -0.0118116800989808 -0.997500131121678 -0.0696704573364878
 -0.0811882174788769 -0.409488035466581 -0.908695780859757
 -0.937552576437366 -0.345824781119863 -0.0374217474078422
 -0.0527005717971951 0.0660156123216276 -0.996425907261573
 -0.0368751725854775 0.932370236728215 -0.359619192077069
 0.131009846274306 0.27361665992278 -0.952874778547467
 0.597731856547336 0.0249805417457065 -0.801306807784987
 -0.93505540317291 -0.141047622762904 0.325233702297409
 -0.503503229633719 0.369419211021507 -0.781033894448033
 -0.447140679795538 -0.85248060920319 0.270817324786547
 -0.912749940407711 -0.110300236527637 0.39334641743337
 0.0293878788693508 -0.987472850872288 -0.155028130885062
 -0.0305485527631726 0.858090170870366 -0.512589547864313
 -0.00960143154389162 -0.99963388103536 -0.0252965689074994
 -0.996857719350819 -0.034649531558701 -0.0712326984849411
 -0.84053250705642 0.494751299960405 0.220740245014222
 -0.872121660465132 -0.0612656093371315 -0.485438291093824
 -0.958303396222227 0.283706834385691 -0.0341325784522091
 -0.431993679790836 0.248203287340086 -0.867050511085916
 0.0198355775303893 0.394524380231033 -0.918671357596042
 -0.389085917470129 -0.791054219795245 -0.472065006297401
 -0.391413520097344 -0.101307642562442 -0.914621352168998
 0.0126714950307057 0.418147819801691 -0.908290610987904
 0.0807875114291275 -0.995836841544077 0.0422180414112815
 0.18655559650943 0.423928539660978 -0.886273999772035
 -0.441481280394016 0.188350738752854 -0.877278905635439
 -0.0766173160184538 -0.87962353218024 -0.469459506795726
 -0.580941578439259 0.449012242419096 0.678892398394824
 -0.234564570842964 -0.843161919133566 -0.483794832783752
 -0.248138287953645 -0.95877188812206 -0.138505799872405
 -0.189419576399325 -0.483453529837724 -0.854630275946357
 -0.0355639258632536 0.485064253761555 -0.873755043991129
 -0.788819150929766 -0.391814658795165 0.473545795335225
 -0.951066706809613 0.239984358381775 -0.19462689159108
 -0.149258123242419 0.457884357534547 -0.876392564876795
 -0.97547267262697 -0.202875003170932 -0.0854095898970951
 0.419503088046908 -0.477677976794842 -0.771907319309964
 0.288803249433782 -0.00534075967672036 -0.957373573586907
 0.0412595838028895 0.826606425633238 -0.561265947520652
 0.231119646517525 0.221215095266545 -0.947442658222559
 0.502690874326542 -0.0859716446226825 -0.860180656135493
 -0.680956231493994 0.30576281256013 -0.665437986024857
 -0.358807393514552 0.479580340458526 -0.80078708244138
 -0.870368041174383 0.223275900508134 -0.438870533477186
 -0.14819799870184 -0.89513572618835 -0.420439513939907
 -0.256575782309003 -0.827540503564802 -0.499345154069043
 -0.663135237506826 0.219436003110073 -0.715611275285571
 -0.122647189379187 -0.351194208718653 -0.928235042809668
 0.285659796424682 -0.935107142072426 0.209697671784282
 0.0591773981629079 0.205649230124298 -0.976834904011907
 -0.230400910989819 0.203555893681184 -0.951567348306317
 -0.507206501239787 -0.859667138946401 0.0609423934203678
 -0.779558909163759 -0.014480894546801 0.626161489423084
 0.503858379342672 -0.823738314864377 -0.259965232657317
 0.130406704927945 0.651148799253115 -0.747662579337138
 -0.917297429763424 -0.2035846775383 0.342226101314675
 -0.920769899665158 0.0546808243891016 -0.386254837270349
 0.0760088317167448 -0.514893789112566 -0.853877651326208
 -0.0746634819131902 -0.0246947916389515 -0.99690297007006
 0.058906110355674 0.734307960570121 -0.676255786818948
 -0.878280594083023 -0.181712195728313 0.442271269675939
 -0.437282286650267 -0.706299049398645 -0.556709847766756
 0.1760244589938 -0.978704004524426 -0.105611842914478
 -0.900983594095858 -0.413837818087081 0.130256759866943
 -0.147755264334064 -0.119433060463814 -0.98178619155589
 -0.0802648418890361 -0.029249388448642 -0.996344332262651
 -0.288367529854856 -0.0888947827654046 -0.953384437319228
 0.0147719616528284 -0.722306181970457 -0.69141562654903
 -0.958965546570543 -0.27514345906892 0.0684189843701999
 -0.0850274283545012 -0.542182112071609 -0.835947901353302
 -0.471776457238664 -0.189121398209405 -0.861196882910438
 0.861770334952824 0.175836883810049 -0.475850060509893
 0.148852495552254 -0.970545288904533 -0.189432776343174
 -0.0881947043229698 -0.971671482141146 -0.219262912785116
 -0.0895799595939823 -0.914137040573987 -0.395384498798034
 -0.998147320486332 -0.0338736736906536 0.0505420699680487
 0.0775310327477474 -0.428806659172288 -0.900063213341468
 -0.201318304599408 0.569467664821144 -0.796980250041601
 -0.0110661145777136 0.384872594081403 -0.922903368415787
 -0.988984367148194 -0.0805704618082519 0.124170536845466
 -0.0490738665358864 0.409665574134732 -0.910914854962899
 -0.938924158222997 -0.17460024310933 0.296540351742219
 -0.434244474634749 -0.896988814504703 0.0827212361043868
 -0.64103679405277 -0.721035883364631 0.263019169588706
 0.453878869832019 -0.836978953324062 -0.305712615396496
 -0.610213079569872 0.211243990866167 -0.763554827006409
 0.284283662052572 0.431140275571542 -0.856329879351453
 -0.962830002105462 -0.0567913921478229 0.26407030280497
 0.28917382907423 0.279532675819644 -0.915554465735195
 0.0307556608270689 -0.989128556466662 0.143801210388742
 -0.240227957013013 0.0539989251208045 -0.969213415484511
 -0.229203465573901 0.113408646872211 -0.96674932127389
 0.0682229936211956 -0.182897359882178 -0.980762039890152
 0.602178614902746 -0.76289309591419 0.235319017421612
 -0.245578355363871 -0.59358107775836 -0.766389441148559
 -0.229899825144222 -0.969715045725308 0.0824548391097818
 -0.838649507547982 0.456067400630702 0.29777429299972
 0.207449196311587 -0.797538609155528 0.566477711702714
 -0.973218400009664 0.133172285307701 0.187379530121498
 -0.0507844738920999 -0.0472329194236636 -0.997592095264503
 -0.995136743083511 -0.0288311136879774 0.0941893276791703
 -0.871700977706848 0.156986088264321 -0.464211992042851
 -0.192159699229149 -0.827255419442162 -0.527942346280099
 0.124684680326367 0.529357476128087 -0.839186744985414
 -0.295066518877205 0.0938068437353113 -0.950860676180326
 0.379932253887673 -0.0453066056617272 -0.923904104298301
 0.0668167563742071 0.637375196776165 -0.767651209601193
 -0.43223815562488 0.450271433599951 -0.781297518814598
 -0.0928474004004912 0.464448569379947 -0.880719527795195
 0.527631956527663 -0.845942012058383 -0.0773733202428712
 -0.951192633334177 -0.186727349549164 -0.245693856702073
 -0.570442368361056 0.461840790234097 -0.679189656027368
 -0.0156109062987393 0.483385661617264 -0.875268302720584
 -0.166775875735861 -0.835662339138273 0.523310865756184
 -0.211848858101041 0.0892092075318015 -0.973222368532923
 -0.299930252229398 -0.84932269281436 0.434387853499811
 -0.667033349657292 0.256092100398613 -0.699630864498129
 -0.862852229075495 -0.275092471028095 -0.424040284835186
 -0.497321023218021 -0.678328604177649 0.540871615653644
 -0.844465042723207 0.466983194045027 -0.262308002352191
 -0.530789720521153 -0.846267893985762 -0.0457484884775307
 -0.517136381552897 0.0786867448614001 -0.852278334264982
 0.503857072167977 -0.734789474490336 -0.454106241979264
 -0.358099767075661 -0.23868211397279 -0.902660182621255
 -0.586270427465286 0.809434923524531 -0.0331977477926845
 -0.192209323932672 0.0281526484233744 -0.980950051827357
 -0.988651002257117 0.0830303170071512 0.125200487993022
 -0.0376877598249569 -0.986584071800156 0.158844269741159
 -0.47167752294066 -0.266766023959133 -0.840450000186566
 0.398106262266642 -0.861575018571531 -0.314960142426862
 0.208090890027833 -0.197020861020689 -0.958061042841264
 -0.252837756727763 -0.0254591079440503 -0.967173667236431
 -0.562038021681352 0.494297739544841 -0.663161373170493
 0.104751199065431 -0.991936268830881 -0.0713416068800302
 -0.758563834756571 -0.580989914219356 0.295011233980658
 0.0405292106698568 0.182412196473154 -0.982386468585718
 -0.988314702968978 -0.0949743605025126 -0.119222140319989
 -0.930194480511312 0.354236893805615 0.0962000597361513
 -0.735506451310472 -0.0999562429889001 -0.670103730453891
 -0.58353528860984 0.048384630155377 -0.81064511008934
 0.365872748701653 -0.930563011364182 -0.0137700268090456
 -0.3004531422343 0.742428832350257 -0.598771524219855
 -0.453452484187656 -0.537170025230802 -0.711216709996035
 0.189923594376648 -0.000187580501283413 -0.981798855729935
 -0.301692902193626 0.212504032504218 -0.929421018126572
 -0.412430756567043 -0.0157836963748065 -0.910852208630074
 0.168324701596602 -0.975334074060521 -0.142794393478597
 -0.966615599151285 0.00293500496271591 0.256214108165947
 0.414659564603384 -0.889676143484182 0.191138183516652
 0.26527934649603 -0.240934367891349 -0.933583150389635
 0.15920532747341 -0.950261730926817 0.267686956051383
 -0.0150574752883832 0.378012591752896 -0.925677996343328
 0.238852944856635 -0.968583168645959 0.0692525533758008
 -0.752675402622515 0.63457273092472 -0.175491274580184
 0.540715705437489 0.206391144044859 -0.815493238201944
 -0.596475449878065 0.368757504527865 -0.712905982964894
 -0.871816868290448 0.48388918323058 -0.0760697477100969
 -0.345909635882925 -0.751569896237173 -0.561684266179307
 -0.966755690471646 0.222384940630278 -0.126207658727825
 -0.63098327016288 0.57344163068116 -0.522517759484105
 0.149975538737927 0.278862648714619 -0.948547816892821
 0.716050489397655 -0.525362491922433 0.459636757357841
 -0.267399109498669 -0.574899438855421 -0.773297065456116
 -0.677868698966626 0.295620814495808 -0.673128784853336
 0.391703148166415 -0.140073921812451 -0.909366779767437
 -0.836452010725311 -0.213530790259518 -0.504730260005015
 -0.898951027327104 0.202465657775958 0.3884516802498
 0.106301636927924 -0.594251229955909 -0.797223580736504
 -0.55393666887623 -0.44189766787499 -0.705606560344326
 0.27585915469354 0.272697650402625 -0.921703704146107
 -0.145831129884122 0.560408330179121 -0.815276508322526
 -0.0272522527007037 -0.995098357176429 0.0950608976788515
 -0.121195087472032 0.46961165659537 -0.874515090071292
 0.59676826587415 0.133243517476978 -0.791273531653829
 -0.537095978774105 -0.842849858233317 0.0336455949681759
 -0.85761261515996 -0.187791409855076 0.478784908600028
 0.00346588033539031 -0.555608645090648 -0.831436721088283
 -0.812249574402843 0.510646134206974 -0.281941757286632
 -0.95763430768121 0.263155988470787 0.116984864336772
 -0.312643107827895 -0.358362785302908 -0.879676304806295
 -0.0201343356396369 -0.552539834435083 -0.833243265733844
 -0.0428478323371744 -0.801163211517831 0.59691001983083
 -0.535882902902988 -0.281844577263699 -0.795860005681473
 0.675120672619965 -0.282678512110768 -0.68139924874629
 -0.270345340533603 0.126529116957669 -0.954412792985133
 -0.500449829467291 -0.859988132922671 -0.0998517872566034
 -0.757019715153114 0.132750540564054 0.639764366661234
 -0.753047354582185 -0.657964291467482 0.00163490380965326
 -0.0855153482757668 0.0838791217693031 -0.992799787540512
 0.0517919754230347 -0.99299533002033 0.106197296762191
 0.271690204376646 -0.918583349905049 -0.287034949305819
 -0.233938690681372 0.19058213481139 -0.953389290317978
 -0.180052870216178 0.0878305783530554 -0.979727897649691
 -0.7707730696089 0.169015602441488 -0.614282183769816
 0.142678364906082 -0.0951519799530886 -0.985184746582454
 0.77469750980179 0.327125062629554 -0.541140426974843
 0.167352684920291 0.550196620741064 -0.818093367150158
 -0.324400343845189 0.417138592285957 -0.848975742726972
 0.0911580375466658 0.870458950394675 -0.483726604466243
 -0.214163990870014 -0.968632419116054 -0.126035795121903
 -0.78332429686195 -0.530429993177237 -0.324109654721559
 -0.0894958014625691 0.461440447679456 -0.882645577095334
 -0.225806549744916 0.379922103469028 -0.897034334564718
 0.0627810436894276 -0.074601662920298 -0.995235214631593
 0.374189892343919 0.322654790595739 -0.869411186133044
 -0.529970303236828 -0.770655246748834 -0.353867162005122
 -0.89905672440678 0.381732541438591 -0.214423117004174
 -0.0162437930759134 -0.879680695335086 -0.475287295686815
 -0.0530305411065748 -0.897212965297829 0.438402391201759
 0.168080895025995 -0.897546494874492 -0.407626179563794
 0.239029677673979 -0.312027950011998 -0.919512572835404
 -0.816917269943063 -0.542036106905403 0.197086358938429
 0.469232493897987 -0.27266633749445 -0.839924957997819
 0.0903873697195703 -0.95766205343968 0.27333773028412
 0.68997775858272 -0.645724240161756 -0.327064058448323
 -0.787455886805341 0.514595923316654 -0.339270190322543
 -0.522804663962904 -0.251167083766539 -0.814610569149976
 -0.356768962273182 -0.667572705141483 -0.653500260832848
 0.260479840796707 0.280645413425387 -0.923790238345164
 -0.251429968735864 -0.902187164211023 0.350487220243985
 -0.00199685275124248 -0.517996378970165 -0.855380479057645
 -0.663484000528906 0.454046222346313 -0.59466882297225
 0.24080027180683 -0.77397437012445 -0.585644007472302
 -0.937672759047698 0.0942395427177723 0.334497691364564
 0.064744611599178 -0.460556493703582 -0.885265977758286
 -0.0641167874320934 -0.266165807611794 -0.961792493434914
 0.00283154662700092 -0.935970821193267 -0.352066192950275
 -0.254013432791282 -0.946372177019646 -0.199641875679137
 0.318278455060378 -0.584792283301296 -0.746134579305661
 -0.186775856254794 -0.737914711017797 -0.648534238713585
 -0.137912489454608 0.537425638069034 -0.831957828738046
 0.106683008811941 -0.0433649704533566 -0.993346976120837
 0.43060722685524 -0.899951584561791 0.0682975960394018
 0.320738835517765 0.0214611253988968 -0.946924505695846
 -0.822283123250935 -0.149096096427237 -0.549200163189021
 -0.333091001089687 -0.938314408564001 -0.0928248656032347
 0.00890393361285002 -0.430508140488324 -0.902542775130078
 -0.0862593356822863 0.637776836858982 -0.765375746528333
 -0.515433215245598 -0.842936276474532 -0.154230458810305
 -0.264092137831707 -0.958706495607087 -0.105532923849654
 -0.56284757187009 0.576985836485914 0.591852984561702
 -0.894323531920407 -0.446259493106979 -0.0322162236351685
 -0.609164311611282 0.365039958238852 -0.704034566160022
 0.835924478177509 -0.0912316500237496 -0.54120888094857
 0.473528148381012 0.684494986037129 -0.554290273034699
 -0.317297099470006 -0.183528703030381 -0.930397638556713
 0.389126768598075 0.572893303358992 -0.721369268077621
 -0.0650714732413653 -0.244152032602229 -0.967551284607901
 -0.87930238606349 0.194289758385168 0.434831925747968
 -0.418438098227994 0.440001878366125 -0.794548868846732
 -0.971700123571656 0.11905172104326 -0.204023424065637
 -0.608762948008759 -0.257907357931617 -0.750260933180196
 -0.83449374530698 0.0907421633113739 -0.543494295132066
 0.477432401439875 0.209626170527405 -0.853296648701593
 0.309555048260337 -0.950707945694385 0.0181679412730841
 -0.370847097508225 -0.833821651566562 -0.408917942438988
 0.256521343746824 -0.863884189267753 -0.43347538307904
 -0.656190568374543 0.296415844810252 -0.693939179555181
 -0.862309213615939 -0.436786740135282 0.256203364058816
 -0.863395485912323 0.379479082236529 0.332481369479774
 0.4148373915903 -0.540477022920579 -0.731979867368949
 -0.15848114224676 -0.976041492929778 0.149086322751526
 0.166243119995841 0.535457392367958 -0.828039012373545
 -0.0909737265496171 0.221815792249429 -0.970835483172321
 0.317310158497939 -0.940007018784123 -0.125303902375779
 -0.211882294550807 -0.916116198495396 -0.340348356996519
 -0.976765541359998 -0.0629677508530082 -0.204851506131205
 -0.470013872041318 0.437354986110711 -0.766686100182354
 0.480885026442992 0.601557498128447 -0.637870024212117
 0.203593669963817 -0.73439675287786 -0.647465077755642
 0.102407697748007 -0.949871048807404 -0.295394065748577
 -0.984787229356418 -0.15941746213234 -0.0691388867699863
 -0.205347499171849 0.163587747062871 -0.96492043899731
 0.0138536601944865 -0.152249161705912 -0.988245044945363
 0.243671856123186 -0.445278235794509 -0.861598119346376
 0.0582669288074161 -0.983321379931448 0.172290535947467
 0.106137185181445 0.407744038218462 -0.906906664006314
 -0.995720514216161 -0.0605660873262533 -0.0698026262764648
 -0.901228721769959 0.225923556896738 -0.369790937552574
 -0.874993761969599 0.34548383706612 -0.339156062661953
 -0.985521595709867 0.166015838015727 0.0344372751159884
 -0.714620453129077 0.442952887874467 0.541396663356233
 -0.118129769771138 0.564450772328542 -0.816970429765687
 -0.768150030582812 0.228238133959362 -0.598208061398686
 -0.773295705071473 0.410443058539181 0.483270367615289
 0.0383334197051572 -0.994283078635958 0.0996579573938256
 -0.509107423332813 0.842874648359478 0.174275525132793
 0.0606672458291444 0.582423986148194 -0.810618150328966
 -0.157765066518547 -0.985274576261368 -0.0659104935452619
 -0.0309804737782841 -0.946053090268541 -0.322527147133101
 0.123411523845154 -0.990910269012541 -0.0535390936392414
 0.115858674123201 -0.95310498415066 -0.279584793609351
 -0.654825125908403 0.13618128483173 -0.743410191038987
 0.439920047894247 0.674567207294079 -0.592814839814415
 -0.824728035882759 0.53981663213286 0.168587278587987
 -0.971311046615183 0.0601883315636213 0.230070022964544
 -0.789748432682982 0.612249007149677 -0.0380600357200111
 -0.954161330443661 -0.293590321923322 0.0581453210408504
 -0.642165293943041 -0.11661200546422 0.75764462344602
 -0.548994969359764 -0.27370073621686 -0.789742002562876
 -0.678475772168691 0.28503863181482 0.677069867113604
 -0.646915449546093 -0.07421327467544 -0.758941889080135
 -0.515722790190056 -0.00194518161489619 -0.85675330168437
 -0.872499144961997 -0.297057051683671 -0.387946323717069
 -0.733415675806243 0.081084875354525 -0.67492717345682
 0.244272702314705 0.0171104592161498 -0.969555609075253
 -0.196425658152104 0.238624945567121 -0.951038956180346
 -0.15771647264744 0.45483362848593 -0.876499791588094
 -0.723497612570838 -0.686769541280375 -0.0699914407184282
 0.0289694644498486 0.201257636123233 -0.979109868212744
 -0.502408274194005 0.372114013143671 -0.780459535942456
 -0.162350801015781 0.0063628587865655 -0.986712588060777
 -0.136659552739487 -0.612903334205989 -0.778250390018678
 -0.0301579065187412 0.290729868872977 -0.956329777858825
 -0.366395909436027 0.189211975649768 -0.91101748930482
 -0.972500652601463 -0.139555766215905 0.186458222681705
 -0.542315841193945 -0.730121784306907 -0.415711087740755
 0.115413342951866 -0.304564519984483 -0.945473539257073
 -0.381541803456248 -0.124307333407913 -0.915954987472839
 -0.00382380439549209 -0.913296767026547 -0.407276802505128
 -0.427771784651466 0.898122868064079 -0.10191473944652
 0.243184022170569 -0.246245814102434 -0.938202819436168
 0.270038658121974 -0.789378088641 0.551326905105461
 -0.0596306026893732 0.0147466741349662 -0.998111580348039
 0.389458446498781 0.67169562455969 -0.630196085673438
 0.122558131927037 -0.315661801198281 -0.940923552454083
 -0.843646371816664 -0.403541911589584 -0.354139414512425
 0.552617327431728 -0.181577988572235 -0.813414730311835
 -0.92452045917642 -0.378107739242026 -0.0479213740360638
 -0.964611771821202 -0.262983122376113 0.0190789677202747
 -0.947054757075369 0.0409400476034231 -0.318451251533329
 -0.790527444485599 -0.151167763859907 -0.593476761705683
 -0.322624607572937 -0.0198968703597023 -0.94631785206573
 -0.124052070317041 0.634579817496186 -0.762836508746509
 -0.0151706183041785 -0.255221385418954 -0.966763619901524
 -0.918817227976383 -0.210707062784358 0.333732580469128
 -0.447866096233946 -0.114417674256102 -0.88674943228738
 0.0318042345401718 -0.977870429486111 -0.206779867980332
 -0.434210435862437 -0.899717052783822 0.0443905656434564
 0.449404395937 0.0322148256508653 -0.892747385278044
 -0.888265602013832 -0.0274785846785199 0.458507521926381
 -0.704800104750202 -0.700874982777337 -0.109686238247881
 0.368187907129018 -0.598235786830945 -0.711724390757205
 -0.479472897034111 0.0729031333418302 -0.874523226769112
 -0.479684214375863 -0.743271734852385 0.466315539788389
 0.464938126935714 0.596427765908821 -0.654298447327
 0.00366676572969725 -0.713140236500322 -0.70101181010975
 -0.82570482289866 0.536859757721464 -0.173185293778492
 0.518879846696657 -0.853019803690661 -0.0558651877612557
 -0.949393942245954 0.288913590034654 -0.123207466981403
 -0.0401953574363817 -0.368555814788092 -0.928736208310222
 0.192308378798548 0.474093875261916 -0.859216203806128
 0.54690955749983 -0.810026228638194 0.211535918542276
 -0.852531867097482 -0.447669253730554 -0.269780753293503
 0.310356369229105 -0.09647123004716 -0.94571254927283
 -0.290610837668876 -0.515178029934042 -0.806310696011577
 -0.699525951100782 -0.49365311081595 -0.516691445563289
 -0.657564584971075 0.274110445924607 -0.701763692439863
 0.0186215895224429 0.361876889864405 -0.932039888087266
 -0.730925032687306 0.53547669165347 -0.423099644631044
 -0.949611784255773 0.301593168505516 0.0853171724412502
 -0.203507962265827 -0.900037982019742 0.38537791869312
 0.196577104293036 0.126964668646635 -0.972233210183244
 -0.687464498443457 -0.0355334437786041 0.725348149341487
 0.142986703222763 -0.936138380658403 -0.321247155566784
 -0.380480157644379 -0.134095607777296 -0.915015419331142
 0.104395365231489 -0.913343901179187 -0.393579122791044
 -0.999722972219849 0.00976972420078957 0.0214133440861445
 -0.260469149738859 0.322974775000212 -0.909858844408229
 0.302232971324217 -0.732811378292986 -0.609625060909465
 -0.46093841584436 -0.884110855951319 -0.0767057441650791
 -0.714775566463663 0.275811162658873 -0.642669504597277
 -0.869117852891871 -0.284629737439373 -0.404499777935436
 0.202032491737578 0.126338909341888 -0.971195836208438
 -0.300052356517763 0.271034544944376 -0.914608582288037
 -0.499223730080684 -0.10879041591461 -0.859616375326491
 -0.838978935123157 0.495693574162962 -0.224504402970546
 0.0568130847650923 -0.992723442527843 -0.106171747914136
 0.453692382120194 0.63659697475255 -0.623624497708361
 0.34219648012794 -0.92514895973405 -0.164319722769522
 -0.32848752703103 0.349707157098513 -0.877382954506819
 -0.536000379562083 -0.834717752399957 0.126292782603236
 -0.270067961336635 0.427728152485646 -0.86261922296613
 -0.984103244863845 0.137096126818428 0.112895772550774
 0.321170882076443 -0.894662922603569 -0.310527807812249
 0.904800014115302 -0.0695085825876541 -0.420125566234196
 -0.646750346550519 -0.326981585596034 -0.689055173348177
 -0.0908078913638366 0.0583034911620548 -0.99416026363176
 0.0428595344813849 -0.307295863229664 -0.950648364405039
 -0.211859690060148 -0.79706332878788 -0.565513502605553
 0.408205788387604 -0.902790337835334 0.135416543442881
 0.278224430590456 0.78137439258363 -0.558610083007083
 0.0745127048779941 -0.0339515306838914 -0.996641936894081
 -0.27351058625086 0.119101309492049 -0.954466781656643
 -0.850331448550466 0.49093443077949 0.18952522861425
 -0.386599447127714 -0.910858018956988 -0.144494071789457
 -0.48594480849727 0.282214602715365 -0.827171421839972
 -0.0169387500098785 -0.139351108349843 -0.990098150361758
 -0.75478768633267 0.647755667298607 -0.103480162558393
 0.517830759682316 0.572926081750419 -0.635300723419191
 -0.470811217446 0.235559614260953 -0.850204955088034
 0.202084515894312 -0.929998466123818 -0.307025571317941
 -0.447560598620086 -0.0503739346043356 -0.892833678394419
 0.151307162145998 -0.793584916599591 -0.58934635218091
 -0.566025310860122 -0.113048372689834 -0.816599909930121
 -0.351672799569989 -0.550004064963416 -0.75751024452896
 0.204189889129422 -0.350163945137812 -0.914161747560484
 -0.361839155882068 -0.570384756153201 -0.737382977304606
 -0.689574508685015 0.626478058112536 -0.363334886400089
 -0.836045953857183 0.0154963733378997 0.548440539577815
 0.330763100241441 0.495710526217813 -0.803036017695053
 -0.165813595240492 -0.975049959770659 0.147592098652532
 -0.497203689464344 -0.298569698718968 -0.81464386463651
 0.186668120300136 0.683288948198009 -0.705883294981595
 -0.557561997946235 0.0463999565368969 -0.828837536842762
 -0.180052971047018 -0.163030023885933 -0.970052647503677
 -0.874178214173995 -0.0300113110816325 0.484676976006419
 -0.925830076733391 0.365427383433852 -0.0964442660427877
 -0.0499819247252786 -0.929742056843637 -0.364803392167507
 0.396025859550337 0.304446519165633 -0.866300083998233
 -0.309974133333203 0.205350576570182 -0.928303386488826
 -0.175068715618844 0.358743461835381 -0.916871895851288
 -0.574446522641599 0.539720177535623 -0.615396882171084
 -0.656367890462501 0.513350620947654 0.55285832935976
 -0.939662750976467 0.309141835498509 0.146510204327042
 -0.485215632085113 -0.634166404623282 0.60199564917649
 0.177202212301727 -0.971524761420016 -0.157286407242184
 0.229650615432654 0.00880567226443991 -0.973233299351895
 0.441974541941738 -0.620204333929082 -0.648077995654052
 -0.773243840798024 -0.447636306214911 0.44912771015179
 -0.44701114121219 0.340397960172942 -0.827230480786507
 -0.667773142789502 0.464157723791638 -0.581924941219739
 -0.157441560339331 -0.959445733171332 -0.233829083257927
 -0.699259142582779 0.193243339456515 -0.688254068836568
 -0.929344919712757 0.26342687075749 -0.258697321143855
 0.166387744003496 -0.269014706103898 -0.948654945986822
 -0.815181138221307 0.438876292517529 0.377977924956316
 -0.574161462544884 0.18642235886976 0.797236049763026
 -0.117394993133377 -0.211197244889359 -0.970368043238419
 -0.354364079584315 -0.533941531439321 -0.76767997245245
 -0.165681817668364 -0.91614214755233 -0.36501109677969
 -0.834252494952263 0.242415713369647 -0.495234688382599
 -0.504872184729166 -0.115165399942773 -0.855477064416586
 -0.472101393057968 -0.126572159800026 -0.872410318047811
 -0.171688383718022 -0.12782242650854 -0.976823692473602
 -0.419009523835312 0.692753323280362 -0.586961542197885
 -0.0987489638010293 -0.207444488745701 -0.97324992999602
 -0.327610651000658 0.213030081455425 -0.920483267499209
 -0.935062789341424 -0.217972778248985 0.279545073166126
 -0.968624033988553 -0.150692150772606 0.197634401042099
 -0.330699115002628 0.355968045045418 -0.874027943628247
 -0.839378137500078 0.377690274473313 0.39088924116068
 -0.0728215081066209 -0.997344631101551 -0.000845440706536821
 -0.674914306628039 0.150296546722502 -0.722427592739981
 -0.939601495105299 -0.34009557641611 -0.0385231008367668
 -0.527747490172215 0.10071363788533 -0.84340936072635
 0.548630809314233 -0.791313652377945 -0.26986466725284
 0.33286274673853 -0.872045176578514 0.358803012584664
 -0.233825201702555 0.173083115288443 -0.956748666187106
 -0.643352849516488 -0.613777946934425 0.457573756760566
 -0.296549436411281 -0.562477025176926 -0.771801806108452
 -0.0351304107483381 -0.202521410553684 -0.978647501661349
 -0.133239418988209 -0.0749998306775686 -0.988242016221745
 -0.76644864679331 -0.552884171612681 0.32691828429879
 -0.041048405127866 -0.528825387698524 -0.847737422650413
 -0.314084249843028 -0.366012790976183 -0.876005548408438
 -0.0454911395043701 0.444972525073716 -0.894388063513884
 -0.741131823229557 -0.425356439667042 0.519418443867957
 0.245706414038195 -0.96769009892137 -0.0566059232769928
 0.381131088839131 -0.359340212988828 -0.851829621725755
 0.485985877368876 0.0411740303350615 -0.872996234942609
 -0.978626243710097 0.0271041431561709 0.203852987580844
 0.252313898014823 0.270211210831988 -0.929152085726162
 -0.664476455733798 0.230262159184782 -0.710950334287151
 0.412390663640395 -0.910777546691771 0.020449962942622
 0.104630540605781 0.11593491406501 -0.987730502552837
 -0.232951387332408 0.423265403411752 -0.87554557243732
 -0.800140671580256 -0.0289798937222257 -0.599111902271141
 0.0537737864642869 -0.98465744592593 -0.166006307325706
 -0.665228525427116 -0.168717439907065 0.727327597736584
 -0.862544791576885 0.0646648528460236 -0.50183158462774
 -0.434556042986965 0.0870061678581694 -0.896432357882148
 0.626770104549427 0.245896043266348 -0.739387835948803
 -0.332869305749894 -0.548752462001736 -0.766856414680491
 0.143608970251333 -0.940003661302971 0.309466606276609
 -0.96132055919669 0.194812025076188 -0.194707620167978
 -0.497780229541948 0.589528692776777 -0.636137377828147
 -0.343678358578287 -0.466049300776346 -0.81528107735358
 -0.826845016784854 0.141352355463379 -0.544377469981086
 -0.182235132486628 0.335033227795888 -0.924415000289507
 -0.151558488195629 0.9407857635051 -0.303236165128734
 -0.239832435412839 -0.564132037387064 -0.790085721499551
 0.120488359835613 0.55408650909502 -0.823693326173654
 0.414974028804352 0.510584071767432 -0.753060728676828
 -0.987407307480797 -0.0180519861063334 0.157165310839063
 0.37477813863117 0.190381871927824 -0.907356649639718
 -0.968657812583699 -0.0860996725302998 -0.232999760752534
 0.210591781927853 -0.885054834195159 -0.415125332703548
 0.715788457105861 -0.0347125518712343 -0.697453886229475
 -0.211234959377234 0.658027554960981 -0.722758278298472
 0.43142105684865 0.23693634817847 -0.870480923753901
 0.898045201878395 0.0984339898874746 -0.428748836754136
 -0.881634265494451 0.2921733008133 0.370615412790564
 -0.232574270059951 0.281223257992938 -0.931033129415876
 0.0396992586196736 0.66485932528421 -0.74591289467851
 -0.600581605550402 -0.443916714361333 -0.665011041852044
 -0.906004798492203 -0.122065963855641 -0.405284104767378
 0.0713836033361586 0.179261231327546 -0.981208332678478
 -0.981590901651558 -0.042194127090406 0.18627656168708
 -0.028294456508061 0.303144697838238 -0.952524391238081
 -0.852485391282603 0.518765244599628 -0.0644304170810298
 -0.366349177353804 -0.123579410738178 -0.922234465574669
 -0.872086246643194 0.487836605558586 -0.0384840836302964
 -0.880821233013062 -0.267900055878729 0.390363312227883
 -0.707218571569545 -0.219293269142276 -0.672125251821434
 -0.355659713071369 -0.148262195501534 -0.922780846075089
 -0.0853168216068481 -0.995859596693761 -0.0313799876329604
 -0.14262746572042 -0.961597676029312 0.234493742938265
 -0.896177087919126 -0.183242412967046 -0.404090144867219
 0.13088644563187 0.432711410373596 -0.891980702528003
 -0.726956041390334 0.102569358870857 -0.678980441917818
 0.210131349286193 0.853965130948128 -0.4760129947511
 -0.871091017646735 0.474669206513418 0.126053890709875
 0.415158641776918 -0.785275503999408 -0.459331780934457
 0.715105579452522 0.0279500709820279 -0.698457445924927
 0.0129181980087379 -0.861114842359089 -0.508246346203382
 -0.229408340437711 0.40088063149687 -0.886942237481273
 0.254857971090573 -0.948759518941905 -0.186822883471812
 -0.440168640850452 -0.401906151633198 -0.802946457051315
 -0.362253456914896 -0.693402540214762 -0.622868646005659
 0.499817054001673 -0.848728673841952 -0.172749965926395
 -0.986915251848739 -0.046082960848574 0.154514227137079
 -0.0471529578946711 -0.985441882905406 -0.163342872442088
 -0.129927920065608 -0.955297233099383 -0.265567189276251
 -0.45609900742749 0.200040504351001 -0.86715482587751
 -0.791373332056703 -0.30247481356096 -0.531260045995117
 0.0448804063815928 -0.95981685848298 -0.277015066909521
 0.302599431536476 -0.175854744005404 -0.936754339752208
 0.0815180611330224 0.15548192793378 -0.984469489519664
 -0.930422101634474 0.140916355961746 0.338315375666774
 -0.951399887312926 -0.0137136880036824 -0.307652708719246
 -0.126341932568269 0.925964735318191 -0.355846912340162
 -0.691973203039981 0.368991235937883 -0.620498633419625
 0.0197784653341427 -0.999804172391846 0.000655115930932871
 -0.831487435140328 -0.55044557252561 -0.0750887267884615
 -0.24209263151669 -0.9639714547936 -0.110227909843353
 0.272063168153456 -0.169959426517765 -0.947151215948149
 -0.0533344431372989 0.566128878585481 -0.822589527046619
 -0.96105875529192 -0.266102100103671 0.0745368445613412
 0.461300022683046 0.642486777314807 -0.611892989049765
 -0.0631982429200826 -0.320042362256947 -0.945293006666614
 -0.0863533576062857 -0.0754217094032088 -0.993405588559285
 -0.0491467648165521 -0.992726534326997 0.109902791371173
 -0.0417351037686643 -0.652057248237063 -0.757020162304102
 -0.666537269206066 -0.0246106008377689 -0.745065357593362
 -0.991134569812314 -0.000470361770321707 0.132860992329444
 -0.190983813176555 -0.0912818876875124 -0.977339654411273
 0.00234411685856163 0.634133821621779 -0.773219762675212
 0.334001987176489 -0.865600025230208 -0.37306737847689
 -0.358449600406233 -0.924819525033243 0.127368481524667
 -0.39690287840863 0.274440999855061 -0.875871133620408
 -0.200637928894183 -0.258116952926833 -0.945050295011234
 -0.852433513402636 -0.509542616890963 -0.117147030691979
 -0.274821156121834 0.133092495652597 -0.95223931852703
 0.345681882425887 -0.938134001588322 -0.0202146290190378
 -0.22252971182268 0.783557706543194 -0.580101584097893
 -0.65185867427238 -0.757948059799732 -0.024392773964375
 -0.211825124483487 -0.806896493358803 -0.551405627141057
 -0.779843139751962 0.0925194303670991 0.619100018079752
 -0.695373486982213 0.343532017616967 -0.631222200555568
 -0.292329692325781 -0.0860364155816926 -0.952439544631872
 -0.928695154162397 -0.370478635290281 0.0164587796853708
 -0.997623653031053 0.067345879159668 -0.01454577166014
 0.234679158260471 -0.971598730035252 -0.0303578733122353
 -0.20183272652524 -0.896420223238724 -0.394581213278109
 0.520615120634871 -0.830778116781275 -0.196894938593395
 -0.849653946772816 0.0967363828470114 -0.518391978108317
 -0.153958837186573 0.557808896735988 -0.815564780489164
 0.60896789189253 -0.00357627367246339 -0.793186810852644
 -0.232965998477744 0.512663386325945 -0.826379510802442
 -0.389143238168231 0.727312772297199 -0.565317319247612
 0.118790469622501 -0.073543430334783 -0.990191995615728
 0.442024489039493 -0.811306500440334 -0.382617450507206
 -0.274792734632145 0.463598241393649 -0.842357182892212
 -0.85863552278199 -0.129330732550955 -0.496002621600665
 -0.71421258590473 0.126771524153102 -0.688352644216014
 0.100915256837166 -0.984209979843395 0.145419484644092
 -0.787394722440051 -0.0699775023957265 -0.612464448137205
 -0.325112421814497 -0.190567896095883 -0.926275223764245
 -0.922048891066326 0.3404860419736 0.184106213106757
 -0.248919636514098 -0.968362758165134 -0.0176800213943019
 -0.661380514933447 0.624428359341113 -0.415529828672907
 -0.411422002234936 -0.911432799593225 0.00471040366127032
 0.0741080723128031 0.539947034075767 -0.838430196266131
 -0.51416135658671 -0.528786451938941 -0.675294741308371
 -0.919392176349789 0.391508657070105 -0.0379341206035125
 -0.915244159632937 0.256536156271885 -0.310672381751334
 0.253447827741736 -0.0831500004396436 -0.963768787645607
 -0.559865932186379 -0.371731210515465 -0.740517417152213
 -0.259370411373567 0.357074325731236 -0.897343254060279
 0.487782813374561 -0.858086229316074 0.160486603909856
 -0.268555477390034 0.521710626605113 -0.809750565082305
 0.189497482423733 0.553823409095953 -0.810783778631766
 0.0035767234065846 -0.024975876707682 -0.999681655644614
 -0.0412881189739987 -0.626916060543329 -0.777991994987366
 -0.352149101121335 0.655371628423578 -0.6681908703633
 -0.892211986660728 -0.225996759142119 -0.39100285896164
 -0.305112763771469 -0.680729276165609 -0.665968358073251
 -0.960659400112195 0.267652510901935 0.0741326539654857
 0.234063358522479 -0.952115705022992 0.196697809966835
 0.39659973156316 -0.672075370408244 0.625318598327806
 -0.731678402562469 -0.537411382658916 -0.419327701222165
 -0.127884876593094 0.0171620981740423 -0.991640519908819
 0.0994588791232909 -0.990761653212343 0.0921915282847769
 0.330716350479505 -0.893638254142211 -0.303376607963071
 -0.0368335938455005 -0.668681902752919 0.742635711028738
 -0.0363869799257981 0.0631350428797722 -0.997341443063733
 0.0986221377116481 -0.110420770820857 -0.988979740603675
 -0.267735287798418 -0.1824509676002 -0.946059966434078
 -0.963958823764916 0.258582996514143 0.062595686748575
 -0.909655528630368 -0.394397856568052 0.130296392761784
 -0.976592869202691 0.08422420358565 0.197920820917908
 -0.943685386715193 0.326407746626217 -0.0539988318632244
 0.361778675605608 -0.931839217768359 -0.0281400445256504
 -0.749201397253871 0.497146366667746 -0.437655979579745
 0.021406513519928 0.239922079185122 -0.970556107135703
 0.31780233884143 -0.0630881505856414 -0.946055790470414
 -0.729092899471744 0.53387855578875 -0.428249029898263
 -0.337834645108096 -0.931611966069951 0.134040655175832
 0.121629963675186 -0.988788746130207 -0.0866196713375579
 -0.542304377831079 -0.0421214206476084 -0.8391255851825
 -0.953455909577362 -0.234194218275156 0.189933926981182
 -0.99950965755046 0.00855337886371645 0.0301211582343083
 -0.908026293748779 0.412300799841067 -0.0741370373785803
 -0.131712074879832 -0.217754572564787 -0.967075423872397
 -0.972504981961295 0.119188634061891 -0.200070311568014
 -0.490302929253657 0.565764463125939 -0.662958226307738
 -0.0883270490518142 0.17287439596242 -0.98097542050065
 0.37474518652058 -0.298794838744383 -0.877660349747767
 -0.0426276612954817 0.336146997193871 -0.940844343539367
 -0.0671149028099443 -0.92778697652902 -0.367024407913086
 0.0859012835674557 -0.935731117562664 0.342093912699994
 -0.0881739516015244 0.124063496657836 -0.988348927786135
 -0.993711404815446 0.0608279720986077 -0.0940085195611754
 -0.177755939866701 -0.0230615342784877 -0.983804346137395
 -0.104779946611931 -0.99384861792072 -0.0358620613612106
 0.183130553190649 -0.977931189665484 -0.100567334495539
 -0.39405092088456 0.0945116818273296 -0.91421628390015
 -0.987319293623372 0.126718891219005 -0.0956186961178171
 -0.677458370044242 -0.233779814803653 -0.697421791348226
 -0.266265023666511 -0.921965321378779 -0.281216790655887
 0.316004552903365 0.426848193403413 -0.847314429437259
 -0.927076583948973 0.286592218135332 0.241648314700877
 -0.336159980591487 -0.940426948288679 0.0509276190408908
 -0.991070582231642 0.126084627459562 0.0433793470838009
 -0.399010517845514 -0.702709517044423 -0.589058521119803
 -0.587350104893183 0.168571515657129 -0.791582906833533
 -0.390022569135867 0.515571279032705 -0.762934238189136
 0.100078982267702 -0.954388936778957 0.281293360501439
 0.30738388247508 -0.891477926161932 -0.332839685074613
 0.0842707052306978 -0.911669101592875 -0.402191369177363
 0.209555606776046 -0.457381527659324 -0.864227161008462
 0.180962067617121 -0.0493701757283869 -0.982250128955087
 -0.727712844694807 0.369459564040874 -0.577869921526392
 -0.672759977658972 0.619319123664682 -0.404768866791295
 -0.110727682040693 -0.976501723393212 -0.184888519492104
 -0.67430172338439 -0.370463944788544 0.638806427216064
 -0.299549942133802 -0.926585974256254 -0.227394512860852
 -0.951995711638952 0.152900542161836 0.265189723080783
 0.145446752261785 -0.106480266696689 -0.983619436093401
 -0.816936103247363 0.561798976007676 0.130373746466616
 -0.00867912493820548 0.15193394910887 -0.988352542313971
 0.057014165893655 0.649291878096667 -0.758399262872238
 -0.156490774382351 -0.269002239680133 -0.950341219026243
 -0.934045742716176 -0.153783990128232 -0.322349243669079
 -0.950830293350422 0.301760934695609 -0.0697286995345703
 0.305707360009731 0.469106016873825 -0.828542427983417
 0.0387220212666975 0.0160897468908967 -0.999120475775574
 0.215848515521844 -0.972586392789109 -0.0865166279306246
 -0.204939661522935 0.709933912061957 -0.673790453805388
 -0.847714604574307 -0.345981631767219 0.402090362569309
 -0.0843777911015964 -0.921173236211464 -0.379895060847748
 -0.600084553148313 -0.78887766595184 -0.132553978571625
 -0.919954519652422 0.00329856823640822 0.392011225883484
 -0.560132950522268 0.584717048627317 -0.586819436269607
 -0.996267258550865 0.0705233119546157 0.0497796344953992
 -0.0247703000728145 0.141903247441613 -0.989570563729453
 0.540001657553376 -0.113653230200938 -0.833955126553281
 -0.522555452188505 -0.349093843333282 -0.777861998001487
 -0.819760042246166 -0.48130034250756 0.310392418461969
 -0.973643581373425 -0.22805548645608 -0.00297851432968481
 0.986622559939693 -0.0675947888084876 -0.148347122466136
 -0.763469819780744 -0.469600338959793 0.443383982494638
 0.538761934187369 0.391645352615861 -0.745888393826505
 -0.903999442035038 0.425353987559286 -0.0431160534807564
 0.607084286584264 0.0540466969431053 -0.79279734077002
 -0.0646593763994615 -0.9854408248135 0.157243587578387
 -0.970183212367726 0.228580879305068 0.0805935236601731
 -0.9675585990563 -0.133374921994537 0.214572802505725
 -0.699308423805039 0.551174994113066 -0.455163546716752
 -0.981857727316151 0.104903097467094 -0.157958043325979
 0.0787674755237809 0.214463377456604 -0.973550791961835
 -0.979717622213148 -0.199919596608278 0.0136211459502938
 -0.929291817826613 0.3525365259802 -0.110157683210568
 -0.598175862147548 -0.0824076975837285 -0.797116433981251
 0.215585076879138 0.948384795376333 -0.232571181632651
 -0.198913835298074 -0.837967426687033 -0.508177014374443
 0.356439697569917 -0.0482415240783577 -0.933072075110419
 -0.493059079438184 -0.335170024686751 -0.802841079376893
 -0.819968315014515 -0.292719911287228 -0.491901429056934
 -0.406180973909053 -0.466080582839104 -0.78599357932152
 -0.936406144744471 0.0396813418368602 -0.348667353210511
 0.361572168504189 0.49928131147722 -0.787390461570856
 -0.04951624746628 -0.765081192489305 -0.642027188003749
 -0.0262761790092488 -0.877840365192335 -0.478232010279177
 0.119873709812967 -0.968426103119625 -0.218589058491533
 -0.833394620463338 -0.318443000610604 0.451716129825894
 -0.0827170019219171 0.422144184360692 -0.902747021708461
 0.0661255216960358 -0.306908745359704 -0.949439011944506
 0.36277330801046 -0.860367492948522 0.35799902803307
 -0.943797005073908 -0.223938137989969 0.243102701686156
 -0.274068253393836 0.327615079405334 -0.904187454142054
 -0.442095118583318 -0.360393040370413 0.821382226845317
 -0.298212880294812 0.068733500676017 -0.9520214198804
 -0.899417829838289 0.373063105441533 0.227753126712461
 -0.8944350100897 -0.414174646770801 -0.168657566382659
 -0.244721655695951 0.433020949204511 -0.867527618455722
 0.226290635810031 0.554492312908204 -0.800831332472951
 -0.895265632634734 -0.0928830622288623 0.435743254421819
 -0.324253165676718 0.556639014316918 -0.764861354945402
 -0.107866626809752 -0.173180036787969 -0.978965507910674
 -0.963941413409111 -0.262787978727159 -0.0419455569916493
 -0.825573855275892 -0.035716370817265 -0.563162632230287
 -0.99476033686333 0.101224918766472 0.0143313650527258
 -0.178000131293949 0.173850113729521 -0.968551542880176
 -0.311330957079024 0.754601864631224 -0.577623632705016
 -0.239986183939779 0.499782536561531 -0.83224037853624
 0.280928668850535 -0.170207547309306 -0.944514941044776
 -0.132706987361837 -0.393212040298429 -0.909820392643346
 0.230606346767243 0.535890295083154 -0.812183664244952
 -0.292541969947048 0.562633245743399 -0.773216028418804
 -0.973999132973229 0.175946728563904 0.142718035563335
 0.228228151663314 0.403277683822528 -0.886159703732394
 0.171419959446184 -0.192883389844129 -0.966132079700134
 -0.499883856429765 -0.856502897658986 0.128525936614626
 -0.00035227699460555 -0.398266225095072 -0.917269802102653
 -0.648773370367789 0.530333518063824 -0.545746711872519
 -0.644950663124726 -0.233906168229194 -0.727548312209789
 -0.776532259625462 -0.335248566600018 -0.533484815485508
 -0.255446136032021 0.500723230746844 -0.82705714299361
 -0.95466826345742 -0.0204524227674431 0.296968357152974
 -0.889262209867389 0.260902231360617 -0.37568969612277
 0.283038633315976 -0.958757437856328 -0.0259481676769908
 0.247448291790662 -0.945902421619922 -0.209852213863593
 -0.639632937841301 0.753123375793084 0.153866453987005
 -0.397972963116695 -0.286013860462819 -0.87167286997547
 -0.140719154114257 0.912101981858628 0.385055962627424
 -0.0527014520974536 -0.257405713863558 -0.964865200645775
 -0.0289625469775443 0.55135831005374 -0.83376566540441
 -0.809777326418753 -0.510427788485057 -0.289351264660015
 -0.734037461872251 0.563181671449839 0.379493622490695
 -0.948408412717288 0.248614081758196 -0.196754977163483
 -0.784284007310921 -0.1665282963022 -0.597634438772574
 0.281359962234284 -0.959352974563807 -0.0218733135829528
 0.0712721279855583 0.137211534283497 -0.987974330958036
 -0.208019139995152 -0.971388760225828 -0.114594563145933
 -0.865287047877926 0.161530946777916 -0.474537751931007
 -0.628624779343192 0.209300560206954 -0.749015461985117
 0.575416051063765 -0.817826135461786 -0.00753527264429942
 -0.239096727018156 0.0975007395337421 -0.966088174505608
 -0.949853655420628 -0.310187906255239 -0.039515770232419
 -0.807634486159853 -0.375949901208175 -0.454299690234183
 -0.186307155813669 0.426066525409767 -0.885300491142906
 -0.157293858693014 0.484186668062912 -0.86071012105563
 -0.875633717459571 0.0311100181051838 0.481972778921619
 -0.483431910673358 -0.656258852954385 -0.579325388414578
 -0.947935999182824 0.1100436852928 0.298843987358689
 0.158152800865757 -0.178624166990566 -0.971123626808267
 -0.742953049772491 -0.27244746087256 -0.611386250170749
 0.564587021044756 0.172104418837175 -0.80723080013372
 0.680758609544452 -0.724187752635988 0.110090028899723
 -0.984464309457703 -0.166929997350548 0.0544462982076316
 0.460868153125282 0.787028618954027 -0.410105472265622
 0.27681343971395 0.371208464480568 -0.886328717514958
 -0.331771144016886 -0.942265565286635 0.0454259009022884
 -0.894936643311778 -0.235897087343709 0.378736014448854
 0.202795244440433 -0.936847786784998 0.284939139516488
 -0.456380735799567 -0.825351778684318 -0.332432046309736
 -0.47556140088463 0.113731574621854 -0.872299537385342
 -0.12920917440623 -0.987436024860029 0.0909675000089809
 0.104165420330504 -0.915492674641394 -0.388616427709015
 -0.287833188024859 0.136172406481776 -0.947949962595288
 -0.491312675869918 -0.740619113376729 0.458361411367284
 0.0890628312526799 0.202427069168876 -0.975238993148324
 -0.587607730532449 -0.778113003612433 -0.221939876155104
 -0.263383109390168 -0.150068326116508 -0.952947446181874
 0.699677528907925 0.185011707140641 -0.690088417351143
 -0.297185224414841 0.246452913719934 -0.922465123301936
 -0.473975463840894 0.390447203856471 -0.789239026326925
 0.0673337856478352 0.498722338439844 -0.864142459581419
 -0.938448573468495 0.00461894554886356 0.345388100977674
 0.0383707577353346 -0.954891245677731 0.294466286489382
 -0.972958526764703 0.028304115337404 0.2292391376943
 -0.862023937283643 0.41757643601071 0.287305850338274
 0.127370614915805 -0.119896613436207 -0.984581905451496
 -0.681225206087202 0.154931486398785 -0.715491756146577
 -0.778248371068073 -0.621755392296772 -0.0880324092580543
 -0.337421224467236 -0.82930090906593 0.445428916328355
 -0.978981124959907 -0.20297385472944 0.0199391892640657
 -0.982940953109897 -0.151651872858216 -0.104061482586026
 -0.211981821191771 -0.381065584390632 -0.89991817843471
 -0.46560902908379 0.0204294139918094 -0.884754695426705
 -0.903074231996483 -0.429117664352775 -0.0177471587692872
 -0.182726235978583 -0.979680728002388 -0.0826849071222237
 -0.0572596594641346 -0.97348978883985 -0.221447425865813
 -0.170507722382241 -0.447218690424922 -0.878021958462679
 -0.628397668729183 -0.233356723961489 -0.742065367280868
 -0.342155558489625 -0.200502448795198 -0.918002364823633
 -0.949458857438619 0.113312096072188 -0.292725548791149
 -0.137090170781167 0.103928057931038 -0.985091490091085
 -0.109175655471452 -0.521567870287231 -0.846195977854079
 0.586026239212591 -0.697599913181511 0.412222765120385
 -0.404391651152161 0.0563903833965652 -0.912845834267111
 -0.446374221363838 -0.00182962740435827 -0.894844515525121
 0.174968491705619 -0.0687286467341438 -0.98217228632677
 0.461712340578922 -0.84702157096201 -0.26339357031291
 0.264813518355176 0.793760599243526 -0.547556309054066
 -0.250832449020756 -0.887366448265021 -0.386864148005177
 -0.105642160864006 -0.982224509743695 0.155160388974576
 -0.731162850327085 0.408708622934341 -0.546221702096032
 0.0661325088466329 -0.993885073607854 0.0884248366306746
 -0.415337488526694 0.0231621006303003 -0.909372469188907
 0.228783558160307 0.260501660351784 -0.937974929552743
 -0.144110733040632 0.0416726954448925 -0.988683712355397
 0.327410220568629 0.481264636964835 -0.813133996752262
 0.156901772499934 -0.32886217143944 -0.931252654215018
 0.27221941017842 -0.961091813375041 0.0468947650126129
 0.100301052138371 0.544876182930419 -0.832496032552175
 -0.0281868223662622 -0.953545383970347 -0.299927830908932
 -0.522739900661848 0.0440133149444668 -0.851355286800782
 -0.353718851171777 0.687846560752377 -0.63383758423341
 -0.687120847668829 -0.57007171935897 0.450425549326386
 0.254411946311215 0.4599127448837 -0.850737814292794
 0.427383427079379 0.235896084928139 -0.872752223356355
 -0.697107698981478 0.124192416337434 -0.70612824596175
 0.060997202652068 -0.91031488401792 -0.409397304832438
 0.339182141247772 0.936916520057953 -0.0845157352276584
 -0.175614262791102 -0.0198686967344084 -0.98425853595202
 -0.364986399743779 -0.84387305599144 0.393272416238088
 0.385730460385557 0.353670271937332 -0.852132237788549
 -0.615387015572663 -0.227706413874606 -0.754618188321046
 0.00108871765019266 0.238207400892401 -0.971213698860331
 -0.134332097204823 -0.906573054008421 -0.400100219203137
 -0.871866010681576 0.368065392893976 0.323075108870981
 -0.741442290077604 0.199420434484824 -0.640698697356536
 -0.318767344161963 0.34035598389439 -0.884615840081563
 -0.374313237079074 -0.565338672322608 -0.735038629001153
 0.894853888194239 0.291036714075692 -0.338428943566704
 0.172640085919285 -0.256570045169478 -0.950982235720265
 -0.254506179168089 -0.0822106622329201 -0.963570449827352
 0.447368837285993 0.274903832410656 -0.851051706038659
 -0.939125825317081 0.289120952056745 -0.185611851195748
 -0.913795570133133 0.337166587855248 -0.226486971014036
 -0.594298713252787 -0.803682619327037 -0.0300547303716976
 -0.117043563969228 -0.968857565132307 -0.218210500708097
 -0.120858845130186 -0.0133362256264128 -0.992580114973013
 0.488238048201779 -0.0412548922206957 -0.871734846243957
 -0.389598704500374 -0.82779478650343 -0.403693746408549
 -0.991929013600102 0.0217238039205207 0.124919607434345
 0.148808940344215 0.401117509513774 -0.903858751595126
 -0.832319857444976 -0.394004649856107 0.389876891844774
 -0.249009097498776 -0.279546196431768 -0.927280105158833
 -0.023961399134663 -0.93430430482088 -0.355670236799035
 0.221465768405364 -0.401858808084419 -0.888516973270399
 -0.902694129529429 -0.386784875355278 -0.188522594692276
 -0.90900620242247 -0.356630061112527 0.215691268873718
 -0.842602825104266 -0.073933325312531 -0.533436352843093
 -0.961854674049409 -0.20461030058394 0.181577010946469
 0.308559814688793 0.862202075920971 -0.401744223401888
 -0.102597608599199 -0.930434967413944 -0.351801793803184
 -0.918518528365901 0.152326402989155 -0.364856656785819
 -0.161561647670951 0.376764337418515 -0.912110995466799
 -0.674878740740228 0.060972087558868 -0.735405391492065
 -0.873006728931305 0.45880581052454 -0.165397942761037
 -0.935115046521559 0.327666773278393 -0.134886379810228
 -0.597529976282464 0.0600047652237802 -0.79959824636771
 -0.164995846095673 0.273653384793129 -0.947570681143331
 0.00793707228543449 -0.0602080424082686 -0.998154293941022
 0.0270914059988715 0.957679096774849 0.286560296135933
 -0.546536732315743 0.495657945896077 -0.674996889548175
 -0.00478832618569091 -0.0457020326651853 -0.99894364012321
 -0.139619909464737 0.175754496882456 -0.974482753929824
 -0.00741690442663726 -0.126322904410013 -0.991961447512021
 -0.742086613848518 0.150223982322882 -0.653253559256966
 -0.244350676609893 0.228170409178195 -0.942460084680377
 -0.200501977253607 -0.887642381223593 -0.41459614104946
 -0.356891732583861 0.464386838522404 -0.810538805622813
 -0.00395343335325519 -0.999557434887357 -0.0294839740558945
 -0.0676415069838145 -0.45994521174036 -0.885367171703398
 0.0807066850561008 0.1466855925982 -0.985885271170723
 -0.291355383567732 0.607671342461205 -0.738814983617344
 -0.0691689348660153 -0.370634711785448 -0.926199529728459
 -0.268709083814682 0.353247393827131 -0.896109204857206
 -0.0871136121577572 0.848258838248166 -0.522367841574019
 -0.993103285592542 0.0185637999610742 -0.115763765817736
 -0.185380701412031 0.374853331715787 -0.908360597585319
 -0.149052381376294 0.54920011266405 -0.822291082194043
 -0.16364725008907 -0.132074027256432 -0.977637984564099
 -0.957323454538934 -0.239413738949882 -0.161903875777201
 0.143159827156903 -0.980093622102887 -0.137556373177139
 0.0430717746829432 0.876267225786714 -0.479896417196167
 -0.961461249857389 -0.151530963846417 0.229413670077533
 0.113816680628628 -0.332085860943296 -0.936357166989302
 -0.361698696690055 0.059843695239768 -0.930372390472098
 -0.458883981163602 -0.450956044936693 -0.765548259332159
 -0.896641963755761 -0.0817755623139538 0.435138996460267
 -0.198106976262452 0.046681300729808 -0.97906817031212
 -0.306086702834433 0.733943915200249 -0.606330981963213
 -0.144376619433408 -0.92645261466744 -0.347621841282801
 -0.536332173885358 0.837819063054173 -0.102014787351799
 0.116351715467593 -0.715206794124018 -0.689160010408753
 -0.0225123729476169 0.115182574478598 -0.993089204251436
 -0.550818569688618 0.182700436186604 -0.814382866901932
 0.193121428979159 0.12047768581027 -0.973750091599918
 -0.726236447757449 -0.295304373039434 -0.620786556887655
 -0.344988370197677 -0.735827975433307 -0.582700793716699
 -0.263186189633578 -0.94218613563048 0.207408571211176
 -0.732301042635423 0.405204038652441 -0.547306924873808
 -0.678708220493094 -0.10906877555612 -0.726263831974157
 -0.363324387314963 0.0508593241302431 -0.930273464488385
 0.46998166035624 0.096586448896865 -0.877375801363524
 -0.193605808141754 0.0983556047307622 -0.976136755824626
 -0.0303264455761946 0.574907647249411 -0.81765610364802
 -0.591210305977552 -0.0369110201194977 -0.805672359399072
 -0.0688473323883732 -0.0856020790158693 -0.993947850186903
 -0.73917338631175 -0.587396620841824 -0.329526804360476
 -0.408331977246584 -0.897001287681968 -0.16927399757431
 0.0684972227950542 -0.83205991330318 -0.550440215775764
 -0.89735610426717 0.397068052129609 -0.192585004900292
 0.669883219189743 -0.302381868744629 -0.678101524922702
 0.39439069600714 0.491606536098933 -0.776388428924474
 -0.149062976839244 0.298044573764747 -0.942841270302278
 -0.380706124913159 -0.213207446445708 -0.899780768428458
 -0.898509684460924 -0.305378419278234 0.315316298292773
 -0.986982810082135 -0.112056196307593 -0.11536178514329
 0.357030825318801 0.373911024348856 -0.855990382914765
 0.0128866150936304 0.322509226744404 -0.946478596596962
 -0.335649888141783 -0.924363467697383 -0.181359676270325
 0.189395317972499 -0.86669932904253 0.461477720553576
 -0.722108789405274 0.631210487470617 0.283076344420998
 0.0302907345930159 -0.239800292321948 -0.970349571649374
 0.304258616869254 0.819999595624447 -0.484796201755492
 0.418039279572723 -0.853293945592917 0.311661038868818
 0.467680021832462 -0.845167684297765 -0.258779795574426
 -0.486859549922351 0.031682259841239 -0.872905500647555
 0.00698512943858831 0.401229455674184 -0.915950944028186
 -0.963044067622929 0.243142035709425 -0.115879568032334
 -0.420583303487923 0.34147190467842 -0.840539483392944
 -0.0315604342092513 0.339174100522401 -0.940194058972585
 -0.444431052977523 0.263861274135427 -0.85607141475517
 0.0319822588555952 -0.987665049937715 0.153280410522756
 0.363310086858653 -0.114212103847958 -0.924641214807874
 0.483616995262985 -0.77909862629928 -0.398898398582116
 -0.05890434323851 0.885443774202925 -0.460998482723013
 0.816695498095354 0.37622939011429 -0.43756132073689
 -0.228173648589088 -0.2290493871901 -0.946294438490147
 -0.776708508032283 0.620835926931908 0.106238624712782
 -0.00796072544170462 0.119886909207872 -0.992755637531727
 0.473780645157457 -0.638569499223767 -0.606432926988049
 -0.895890848237347 -0.273162139865958 -0.350374133446547
 -0.452453816842864 -0.258703892237939 -0.853438831882675
 -0.0464630829000469 0.225703513786518 -0.973087409122039
 0.418146807797197 -0.750236527268682 -0.512150759328581
 -0.418100673426127 0.748964873988146 -0.514046150080458
 -0.103586274088009 0.122814247604918 -0.987008887703552
 0.0151688683931364 0.386242290875263 -0.922272626814382
 -0.920813459760697 -0.295562881452367 0.254450693516661
 0.106105602121713 0.738739465275822 -0.665586661256355
 -0.0203007002175695 0.73171535040903 -0.68130795353237
 -0.956667007139325 -0.131997320626885 -0.259547577138392
 -0.609747005244039 0.518703811154339 -0.599295374493988
 0.245845981915468 -0.948453058462456 -0.199991372486995
 -0.0377561955131618 0.675513772169441 -0.736380073949442
 -0.481602228010206 0.818379080717517 -0.313552187393992
 -0.595982968493302 0.721733920088044 -0.352000639005467
 -0.842264713260727 -0.537849424359615 -0.0361683495871212
 -0.892146969044062 -0.401667830835367 0.206728661045114
 0.101088831516219 -0.646275060135406 -0.756379266499064
 -0.198107974781872 -0.256980548447305 -0.945893349192999
 -0.500527262424145 0.267552330968944 -0.823339668522825
 -0.0804270044747283 0.136530729096825 -0.98736561463498
 -0.225831295101792 -0.500759867279391 -0.835607432635071
 -0.625793240968016 0.779529061221981 -0.0267817525401764
 -0.320562996916922 0.175655931491837 -0.930797700222437
 -0.996146897630779 0.0757452737687466 -0.0442042061604011
 -0.893955890078868 0.234606363298011 -0.381841224717002
 -0.566669240285273 -0.087726809054097 -0.819261850135656
 0.121285943844401 0.237874427711195 -0.963693663187034
 -0.961094704936208 -0.0354789657835711 -0.273931033529447
 0.0903607351466307 -0.496788124495605 -0.863154966911446
 0.622887364832631 -0.482242484579317 -0.615997984411173
 0.112884821048777 -0.487154539497604 -0.865989302372531
 -0.952489682130576 0.0800954824956582 0.293850504710442
 -0.864661821728548 0.35252106921188 0.357894998298079
 -0.550338782839274 0.43422710526121 -0.713143775938244
 -0.00489282975137638 -0.146485355009891 -0.989200738467502
 -0.0303851370623908 0.0605793374501031 -0.997700800500735
 0.258664534326733 0.326278522792611 -0.90919468995689
 0.312823740102633 0.311011237701749 -0.897448225610496
 0.091465672476623 0.227594786222682 -0.969450691908903
 0.107606907599233 -0.216263417160897 -0.970386978393065
 -0.845064903153192 -0.44158548679582 -0.301442477613863
 0.185930248230777 -0.978848530462874 0.0853551240612612
 -0.955166744079826 0.225856877970722 -0.19142926024321
 0.0246498073735576 0.231102999592237 -0.972616980406942
 -0.949934816977005 0.243052797871336 -0.196339453350006
 -0.519574596624375 -0.495150279087023 -0.696324952635378
 0.320607338943847 0.335445974924202 -0.885825565290649
 -0.615386231825935 -0.404523472547536 -0.676506131411356
 -0.257361740009385 0.0230723186049705 -0.966039648717139
 0.312772576637272 -0.935880310673515 -0.162176938549621
 -0.917501225930299 -0.392904002983932 -0.0617895205969532
 -0.322329258037042 0.580203651134394 -0.747975649753125
 -0.583793967415119 0.163280550108849 -0.795313815777059
 0.0403861546474692 -0.976915307415184 -0.209774737875388
 0.0189105104288608 -0.997604755150248 0.0665367950605757
 -0.506365347331688 0.347234949355399 -0.789317442457603
 0.141618555027273 -0.980006409312068 -0.139755581567446
 -0.584479075320521 0.350043968664376 -0.732020102534188
 -0.789443641662379 -0.374867005367332 0.486059116698546
 -0.0887948911317738 -0.406035650528143 -0.909533131781951
 -0.690159072447458 -0.714432182561133 0.115182946825471
 -0.253285393194243 -0.477503815939773 -0.841330265328303
 -0.3199128788766 -0.81689764518479 -0.479931231761833
 -0.832131492347683 0.474538682434264 0.287002122495238
 -0.270432106120818 0.117007733989414 -0.955602253118797
 0.11398135279935 -0.990811788496046 0.0728028226877004
 -0.0593159393122062 -0.241289299220744 -0.968638783770851
 -0.64257074548655 0.414601769730524 -0.644366518047902
 -0.985627907986041 -0.133018099943918 -0.10413362610785
 0.298377044715879 -0.840897788895347 0.451510850165901
 -0.373902651791075 0.37932112132806 -0.846352346188055
 -0.888958921089152 0.059954436514718 -0.454045704922108
 0.518352576433851 -0.479430707381608 -0.708136147449033
 -0.96760465512648 0.207689736383103 0.14354861468744
 -0.457857771617552 -0.847113032732336 -0.269751312776109
 -0.151646662352956 0.0695105815433719 -0.985987610901228
 0.278487306188552 -0.911626378249488 -0.302294834179423
 -0.967595996377773 -0.233148611912023 0.0969521147639425
 -0.983454585640715 0.164846238563124 0.0751185437414724
 0.0670837022513695 0.175392555566233 -0.982210378861981
 -0.197771518742089 -0.0213058088544956 -0.980016575820789
 -0.709784255098447 0.477442655871291 0.517933221148163
 -0.284827116463303 -0.956471320218622 -0.0635305227937418
 -0.398899502814272 0.143391892757388 -0.905714056281551
 0.203752205630767 -0.979022452259508 0.000276897775145525
 -0.0121079087244103 -0.965538239379379 0.259979435422287
 -0.0205797660442129 -0.90517763373276 0.424534950998769
 0.0985512440495406 -0.992484991846763 0.0725340834037255
 -0.418328843053826 0.697189534568054 -0.582175001144868
 -0.546622656505952 0.0884267134023249 -0.832697056408415
 -0.342797056377704 -0.800069888824388 -0.492319358887412
 -0.900135371503455 -0.189905938344783 -0.392035773303567
 0.120614139232505 0.149430346028504 -0.981388201020882
 -0.798510862735971 -0.601864779699783 0.0117978408866667
 -0.177908831889715 -0.000388161215588924 -0.984046897696704
 -0.291658884954026 0.283094102623598 -0.913669975366989
 0.0563727854664066 -0.892708805555112 -0.447094058944115
 -0.140328239111554 0.461814413800469 -0.875805590593015
 -0.99609931408862 -0.00953123844301613 0.0877229272535047
 0.490391095348196 -0.592235761342435 -0.639353874306196
 -0.841510091769619 0.415875668938714 0.344830673569891
 -0.273653444781924 0.200933192132805 -0.940605998523456
 0.0293457530986199 0.365950541318418 -0.930171504661281
 0.510938169712722 -0.8408560145336 -0.178615087697777
 -0.873780618586805 0.338288818990276 -0.349382463109161
 0.219772247749802 0.58482956119936 -0.780816587596834
 -0.751779609036161 -0.635634421240968 -0.175488751693939
 -0.880128547159893 -0.0248398922962494 -0.474085140270106
 -0.253150390628441 -0.95108461442094 0.17706760272969
 -0.991893490300509 -0.0773499735547169 -0.100818081168802
 -0.756096037129473 0.276293776085212 -0.593279472031253
 0.362461996650998 0.236681114706951 -0.901445145821334
 -0.231555523911365 0.607630003965205 -0.759715616285054
 -0.941783635151324 -0.00127882681280185 0.336217116106751
 -0.029211280759532 -0.527567895286417 -0.849010492832361
 0.305587809741691 0.114856658549416 -0.945211107914068
 -0.693336354840633 0.490915077754408 -0.527529227142617
 -0.229817208799696 0.0338270907382094 -0.972645762069473
 -0.089786733311889 -0.194728231086054 -0.97673909440509
 -0.389056064467063 -0.912968092830166 -0.122982275858961
 -0.737476358417317 -0.0188325036063753 -0.675110329933892
 -0.993129438323645 0.0462166885750601 0.107507843584165
 -0.98827240297218 -0.11998531413932 -0.0944520085253951
 -0.220217958727674 0.114285724003471 -0.968732586394625
 -0.0183386323671389 0.377269001558648 -0.925922132269147
 -0.265401447347503 -0.48737228532274 -0.831883601981155
 -0.993066687302539 -0.0467031527591805 0.107876642941432
 -0.0341569960270062 0.151566901903908 -0.987856656539633
 -0.501213185979151 0.0773553856296612 -0.8618593194453
 -0.840924799983538 -0.362323732905604 -0.401953969188009
 -0.958226553127825 0.179306441385012 -0.222825207188527
 -0.0124029122912868 -0.961407474965149 -0.27484874903814
 0.24901883443541 -0.575781023182547 -0.778759162667952
 -0.0759855832108459 -0.868923571021795 -0.489078745057316
 -0.190341788803311 -0.0694885711927693 -0.979255503895048
 -0.992736642080288 0.11872958924938 -0.0194227729180714
 -0.0607281860905271 -0.246117148527534 -0.967335741412892
 0.230942057162779 -0.278927626271714 -0.932129360945063
 -0.838225504488231 -0.542557414563812 0.0548585046030372
 0.0770927195820746 -0.989897638796015 0.118993181710186
 0.222940265992825 -0.87914090119337 0.421199375175175
 -0.330975235203695 0.111724618251418 -0.937002136261403
 -0.963472794959304 0.251939213940697 0.090811925716015
 -0.972768681317657 0.213779224438018 -0.089551861210059
 0.387452352619922 -0.639684073379697 -0.663841065853602
 -0.087075699993406 -0.86268967576571 -0.498181037172143
 0.334973592218859 -0.253321774507102 -0.90753554810628
 -0.263465320451871 -0.964162032274629 0.0312666026176677
 -0.886019368771549 -0.444687937915097 0.131233821991456
 -0.182778076196916 -0.175045009692011 -0.967445822485
 0.500887216515832 -0.767448863328316 -0.400167762953361
 0.0444147198203174 0.472496162674345 -0.880212877048104
 -0.37100227005876 0.148866163622335 -0.91662215821985
 -0.446446709545582 -0.179401298574962 -0.876641608415629
 -0.883908971103762 0.437505939691011 0.165207395528691
 -0.827996611157225 -0.52471085169796 -0.197737538223153
 -0.738158828240918 0.109238047821715 -0.665724111924824
 -0.236532638984113 0.157055378551818 -0.958846139254446
 -0.876941097584382 -0.25815905802849 0.405374163120125
 -0.972405490160742 -0.232069016606967 0.0239067822243328
 0.423006354215893 -0.869940072864517 -0.253515076311956
 -0.858726101826733 0.416469598098929 -0.298567506438293
 -0.35177552832548 0.0972760975121989 -0.931016293371994
 0.198643201280325 -0.406402097852366 -0.891839791356217
 -0.0110248398751188 -0.974193446939318 -0.225445294575465
 -0.996837398772308 -0.066035182314986 -0.044210350660048
 -0.346017224870121 0.30537136608252 -0.887141707321934
 0.0410238075120215 0.354118491268441 -0.934300348581215
 0.0789174443351459 0.737118547805923 -0.671139540974972
 -0.981394143771447 0.151241036936342 0.118286446043189
 0.484225402973275 0.106407168934624 -0.868448774260571
 -0.455269685265151 -0.45480946359184 0.76542659054012
 0.0849663548793239 -0.948452884827996 0.305315973705885
 -0.214522966547909 -0.32032089243665 -0.922699530016176
 -0.751343815253802 0.0792440716524395 -0.655135748061273
 0.0890085241581277 -0.555322437845505 -0.826858193798984
 0.328045421533862 -0.938213396037475 -0.110189949208169
 0.65931638646729 -0.167544312808078 -0.732960303005138
 -0.299026574096426 -0.945666985708918 -0.127659939387278
 0.19185024873338 -0.980998514757497 -0.0289032196221502
 -0.957806725061357 0.0849403416220267 -0.274574972989839
 0.0502471555040362 0.59798543285622 -0.799930400382129
 -0.970722853082176 0.187208778104355 0.150499222272657
 0.0970476270215723 -0.556150185811554 -0.825396104250108
 -0.334706380214937 0.0393551058596358 -0.941500299886405
 -0.735530776647969 -0.346690941249556 -0.582065174923851
 0.307886740401394 0.324935209961002 -0.894216340944743
 -0.0387574741310923 -0.997277209077865 0.0627377593865318
 0.439442645664581 0.449571695913315 -0.777673100605222
 -0.690053922272826 0.397878528049414 -0.604581062615362
 -0.288564805518504 -0.129971044604366 -0.948597849765915
 -0.732362758817097 -0.407140037721512 0.545785469925626
 -0.111001445183399 0.0405934996124308 -0.9929908594526
 -0.763686961189562 -0.412287892951571 0.496790618505025
 -0.969384220083157 -0.0698560119144074 -0.235402573166019
 0.0111991642518366 -0.992173924555683 0.124360291700506
 -0.43326070317774 0.141688628233685 -0.890061512318776
 0.45657392189671 0.242886566897509 -0.855889227332953
 0.176364925141837 -0.935008111786087 -0.307660923865756
 -0.557729915356953 -0.826093954711812 -0.080660520110682
 0.242170165017193 -0.944637710807569 0.221389264635353
 0.155141824940706 -0.736330340889051 0.658595963577277
 -0.931718371862629 -0.300038401213104 -0.204640742109521
 -0.828233146542974 -0.112779426455809 -0.548917713264769
 0.214472930143612 -0.9764076674323 -0.0250884279106484
 -0.224737925357983 -0.00388673327329005 -0.974411493266706
 0.263513760073948 -0.236228828505157 -0.935284148713518
 -0.89471665433213 0.433618162196694 0.107039235207852
 -0.299863550218776 -0.23385111999303 -0.924875940290479
 0.445544959040135 -0.878600088799092 -0.17190571088871
 0.37041874257169 -0.928529695943619 0.0249511302842091
 -0.600416567323887 0.136947815727202 -0.78787387407538
 0.226872328530485 -0.970396684695764 -0.0828204134173856
 0.426974626006543 -0.387073598677772 -0.817231116608522
 0.30467692480783 -0.069738783713505 -0.949899191249158
 -0.975160185626212 -0.0672630805782367 -0.211040968441148
 -0.997665891123912 0.0374498538960485 -0.0570988452693712
 -0.398301772048414 0.62740042574801 -0.669122114530904
 0.54074775135801 -0.796207920310627 -0.271375785647656
 0.05296050127274 -0.955939473117923 0.288747136851549
 0.298986479083325 -0.845283795466729 -0.442834495547397
 -0.441307786587014 -0.0321272535409344 -0.896780506633361
 0.0481061023481636 -0.347558629927674 -0.936423409403922
 -0.968241631351038 0.234913271845118 0.0855797758217611
 -0.091904910914904 -0.170276488698216 -0.981101118512424
 -0.87249052462376 0.165183165523809 0.459863899723918
 -0.754114959959932 0.122297861841463 -0.645254879992114
 -0.379629510389902 -0.445613435177114 -0.810746631957713
 -0.394251397556092 0.51043076107168 -0.764216117127121
 -0.982402499691111 0.0230348038532144 0.18535028031298
 -0.432344889591606 0.249518525598562 -0.866497779470405
 0.25824814681148 0.646640279044247 -0.717749429944751
 -0.825203217187701 -0.343680796897328 -0.448244531686763
 -0.973775380510861 -0.175970331651924 0.144208011876038
 -0.700392309444869 -0.221713652186593 -0.678449459653824
 -0.697108092224868 0.385708826344018 -0.604374891135399
 -0.261145900994586 0.0361337470914542 -0.964622812665581
 -0.524656054869209 0.292885053334407 -0.799346213866294
 -0.93312175235169 0.242388348804732 0.265578018013213
 0.74809226284611 0.0783947557972417 -0.658947819279553
 -0.846880930569284 0.0717488568846237 -0.526920099231233
 0.549249788216183 -0.293566477816385 -0.78239593125665
 0.190487444819328 -0.176594474140137 -0.96567537250847
 -0.543995406482467 0.766031581146403 -0.342439212725876
 -0.718970889911801 -0.295433150150743 -0.629126468407936
 -0.173188395656195 0.825004905495497 -0.537933718517812
 -0.521231689930503 -0.17678579685981 -0.834903771365799
 -0.152828713094554 0.0243658244163044 -0.987952271647966
 0.032910203834816 0.0471865807954744 -0.998343801040695
 -0.758967263285955 -0.516727233936923 0.396183870151379
 -0.608370858701332 -0.275988490735399 -0.744120454808629
 -0.42139376665999 -0.471643162684851 -0.774583772430547
 0.0514151048370474 -0.170843117511594 -0.983955850733921
 -0.893113193778837 -0.329030934767138 -0.306736804222167
 -0.252636650564461 -0.109777105698819 -0.961313533586187
 0.159959121467648 -0.0200025217170499 -0.986920958630557
 -0.231007176949422 0.369659661202116 -0.899993010571635
 -0.146164858865213 -0.677268007941927 -0.72107134144361
 -0.929245324703375 -0.114458000346616 0.351286909339891
 -0.192240283321564 0.152821780559721 -0.969375663432398
 -0.365057366005205 0.253843245692005 -0.895710179769042
 -0.379604306214615 0.106095205093286 -0.91904536240576
 -0.692211664584766 -0.675544116746823 0.253935341655198
 -0.318470566974977 0.217739566978597 -0.922586569890658
 0.0691313720195993 -0.0912340904735206 -0.993426994870865
 -0.203452346666091 -0.681475798739951 -0.702992089833027
 -0.898869442906083 0.0508226768758689 -0.435259440018111
 0.163758275931407 0.055031272624579 -0.984964357780165
 -0.365662959480678 0.75367620913024 0.546134389921476
 -0.607854098194362 -0.714128927093987 0.347179018369355
 -0.365806941609343 -0.229635161472209 -0.901916278867419
 -0.932159389603491 0.128429848924623 0.338503539537248
 -0.111100721308975 -0.0974902486616235 -0.989015814403653
 0.491389249688838 -0.489887625545417 -0.720101881422146
 -0.0941647433824308 0.290631815828383 -0.952190185168918
 0.732246773035736 -0.252168793420519 -0.632633830113115
 -0.0451144446694063 -0.405472007083455 -0.91299350400421
 -0.117500579987859 -0.0309982995545704 -0.99258889734232
 -0.00658532404674328 0.0913060384146906 -0.995801105068786
 0.419451440041486 0.337501133028641 -0.84270604284739
 -0.52524615071647 -0.188905960552884 -0.82971743336218
 -0.8527509638827 -0.257122800714155 -0.454646740832962
 -0.621231496039346 0.368334995901755 -0.691665207396447
 -0.880954381178467 -0.47058137765812 0.0497246949095766
 -0.736616031114627 -0.620479746065084 -0.269075653725757
 -0.0866006863361807 0.266153027696068 -0.960032753073726
 -0.132153656811831 0.711839153496902 -0.689797383686018
 -0.149432819788952 0.73065903914547 -0.666188562559386
 0.00159186400965229 0.41659439913526 -0.909091069463399
 0.190122586681194 -0.149630414722 -0.97029075076689
 -0.98193021641277 0.187939387952015 -0.0221773882996295
 -0.776136493374825 0.0515659500261978 -0.628452938929978
 0.173107042138233 0.236749932841619 -0.956024801593369
 -0.076926851954376 -0.0654707411076022 -0.994884838314069
 -0.643541618258975 0.398695610127039 -0.653372784889336
 -0.5519982143116 -0.152485476676828 -0.819784209898828
 -0.43664599999133 0.41091956315382 -0.800303307071166
 -0.740670598440468 -0.340866298664253 -0.578979473764633
 -0.485885015824665 0.212746464164536 -0.847735037250763
 -0.690830577361316 0.685566275721003 0.229678024583685
 -0.987391933013604 0.137845306235871 -0.077819291749528
 -0.330346810880921 0.564661733113836 -0.75632540066937
 -0.0242785008202445 0.253713474615142 -0.96697467763982
 -0.715724303021646 0.268220296816732 -0.644822917117346
 -0.0862086259628687 -0.558801913834036 -0.824808155818681
 0.224948057341156 0.878334780867974 -0.4218132101014
 0.118503559159914 0.150978509560134 -0.981408373775888
 0.192966822382779 -0.312083548362678 -0.930251398440687
 0.0121046120554539 0.147823741649652 -0.988939644150079
 -0.761182000206528 -0.648526758760275 0.00387372346483014
 -0.357205728439849 -0.498232304760935 -0.790043440617264
 -0.787040245688794 0.308845998617486 0.534024157509837
 -0.460082934122642 0.229409637681283 -0.857726595056982
 0.0997219680092118 -0.213441585874793 -0.971852981945121
 -0.379766312050931 0.283991984848365 -0.880412460596237
 -0.612838542241142 -0.212420175104352 -0.761121928702878
 -0.384275200903555 0.440246725510912 -0.811489612162382
 -0.445983464292361 -0.635302330727153 -0.630467840694854
 -0.0596924393029282 0.178888613007596 -0.982056860281667
 -0.137495331508688 -0.20032684851375 -0.970033085816079
 -0.295019770240275 0.498426640127516 -0.815189683189484
 -0.694686504447443 -0.213946027161337 -0.686758879083827
 -0.735841757160405 -0.300342756903359 -0.606902905574505
 0.474163292540888 0.734469820800787 -0.485513392544062
 0.293685371196901 -0.0759511536944891 -0.95288001605523
 -0.00490876742776765 -0.454646016500301 -0.890658690903956
 -0.241867756354719 0.0718520453612872 -0.967645220115996
 -0.368756321767342 0.784489150817265 -0.49859356935948
 -0.198121922912398 0.142080870247478 -0.969825102774316
 -0.587872692301398 -0.0132313935735149 -0.808845243461572
 -0.381498841451632 -0.169444028624516 -0.908706418561329
 0.713608950723096 0.0670339270618993 -0.697329705426739
 0.229457386778394 -0.332911219501065 -0.914614360035498
 -0.206950541935755 0.290727841774541 -0.934156729467607
 -0.463666564843746 -0.169926604247807 -0.869562111533621
 0.546467212640182 -0.194549615469135 -0.814569845151465
 0.144981420014206 0.266737229936875 -0.9528019930795
 0.348520719844443 -0.261815720355919 -0.899992131306503
 -0.150762931124224 -0.110336286137983 -0.982393221963644
 -0.254510234535852 -0.167712356211771 -0.952416456226162
 -0.451812877710761 0.558542014019516 -0.695626294866535
 0.323033308413768 0.799071503153136 -0.507084031008514
 -0.511365424221799 0.246097800835883 -0.82337189369944
 -0.194941921215187 0.138512222744969 -0.970985072749927
 0.152953129891575 -0.483877841586008 -0.861665581579325
 -0.858859190165666 0.36082324040418 -0.363548457089565
 0.634999338834054 0.451295857494024 -0.626983164597781
 -0.245338531877628 -0.340147278962787 -0.907804402605728
