 -0.0491145637050697 0.431660881874112 -0.900697864265107
 -0.474167924636004 -0.390362826851162 -0.789165155502418
 -0.709009267365192 0.104808648461898 -0.697367195957671
 -0.901265491435567 -0.342332142366703 -0.265573376395356
 -0.389012070334255 -0.503223819250638 -0.771644605289934
 -0.982818125624556 -0.184259341378683 -0.0108179045349922
 -0.62466618476464 -0.653054314642154 -0.428149763212426
 -0.439163601600019 -0.312035122090506 -0.842478138358298
 0.0090753693291526 0.290988748426772 -0.956683430378388
 0.0601141263700301 0.401471343408784 -0.913896631043311
 -0.118156866276458 -0.991782422248487 -0.0490569247981519
 -0.588867881203074 0.255799135448149 -0.766682085868309
 0.452954103331758 -0.883576328606865 -0.118850543963989
 -0.871534136815919 -0.487549419174953 0.0521901544996477
 0.136257661569346 -0.065079502236716 -0.9885335138741
 -0.985586916177482 0.004585675228238 0.169107664647295
 -0.347308831483486 0.589139424605288 -0.729582972628423
 0.389146212473545 -0.0776794398906814 -0.917894944934203
 -0.842060964934528 0.204674796538806 -0.499040638621075
 -0.436233590529798 0.121409769265379 -0.89160525033246
 -0.952878201390308 -0.144792143031989 0.266567756173503
 -0.243271098961604 -0.713076151043029 -0.657526862739214
 -0.854835465067231 0.504276371435656 0.122317900877093
 -0.00441216332028615 -0.959335382373583 -0.282234223546626
 -0.91209512844205 -0.28193242771516 0.29765178123928
 0.328590163454322 0.299210311408046 -0.895824588872265
 -0.215990075274802 -0.0161533432246121 -0.976261930470226
 -0.092577348123575 -0.77708471719157 -0.622550220401298
 -0.916273724684387 0.0406473234843219 -0.398484951468134
 -0.241980390636099 -0.501875360126036 -0.830401477266245
 -0.906482935710824 0.133681270299522 -0.400522165723935
 0.706360531784955 0.563145492852469 -0.428861228157112
 -0.248928663577077 0.274880063596881 -0.928695575033447
 -0.569849016297889 0.0181504940322281 -0.821548938402768
 -0.0825257842757162 -0.500126074634727 -0.862011255379034
 0.277994968173055 -0.911350426441616 -0.303577334290864
 0.267349506097005 -0.571467452799826 -0.775853847048634
 -0.86256667116071 -0.49346761782065 -0.11166220472991
 0.286145323000381 0.57580031287594 -0.76588174923873
 -0.166478889912773 -0.984589401350083 0.0535582856568018
 -0.505497325065303 -0.756465350151825 -0.415009190707267
 -0.295429974048147 0.46049034595008 -0.837060195995895
 -0.545760706809234 0.022430263684313 -0.83764081453457
 -0.619135697689018 -0.174625060481342 -0.765622019079272
 -0.0883390700446979 -0.0258282709536991 -0.995755546870406
 -0.744480609891444 -0.524863495789034 -0.412634138534098
 -0.328440190647874 -0.841809099462343 -0.428350885641186
 -0.766788751463297 -0.172965377556459 0.618156928939659
 -0.252425813660205 -0.330143937700548 -0.909552741185227
 -0.977369844101091 0.210396620588358 -0.0219419663386788
 0.289089313377301 -0.955157191419167 -0.0640477054334479
 0.490757772366093 -0.857860930684488 0.152418609321217
 0.51271749215148 0.602730993061433 -0.611421395802499
 -0.0101013193839178 -0.256625352037044 -0.96645816879913
 0.0774382976064463 -0.983421693340548 0.163966713484858
 -0.518941966348875 0.0483858213231355 -0.853438953796257
 0.075959741426502 -0.474938292615515 -0.876734700972808
 -0.978271483896127 0.203472451501536 -0.0397978049096261
 -0.922103278941869 0.368716517993134 -0.117361289715447
 0.0959974000026882 -0.978474650481786 0.182679658301823
 0.0590757927711647 -0.549497069231187 -0.833404476598725
 -0.14498417392536 -0.023876709117443 -0.989145839637868
 0.181558913686592 -0.547513462183342 -0.816863127818214
 0.233804818043851 -0.418547426845227 -0.877583818527165
 0.389106827951952 -0.88369123440437 -0.260164714513807
 0.29234431159964 -0.860240038292605 0.417758159697295
 -0.937813754794835 0.0522353310285257 -0.343186292718624
 -0.217806081017257 -0.680043389215882 -0.70007249614285
 0.278207370720732 -0.596123543819703 -0.753151631068071
 0.402739320601865 -0.14308121670548 -0.904062390030261
 -0.0351496829889501 -0.973157872304631 -0.227438464990642
 -0.380765913258461 0.218465491667091 -0.898493265556902
 0.475599795906959 -0.868973664778233 0.136709926688391
 -0.0976677913644329 -0.995213338936574 -0.00337824402755321
 0.411287590173007 -0.8365394774024 -0.362000305133851
 0.493935190204082 0.399517752809936 -0.772278183731585
 -0.959862085721535 -0.233416124203563 -0.155504628085766
 0.547230345559392 0.309521025631438 -0.777647531720516
 0.234534467181716 -0.965886874736731 -0.109800404894968
 -0.219133664594953 -0.223161225703307 -0.949831303118498
 -0.931984516481089 0.227852982916819 -0.281935948781668
 0.036608415974501 0.19589030068332 -0.979942250328067
 -0.757052603911951 0.141244949710778 -0.637903769460045
 -0.497242287665683 0.260049910425961 -0.827722267094735
 0.0191131166463486 -0.976779764683428 -0.21339161201193
 -0.870080292676515 0.40461840937784 0.281503511680577
 0.224171730558836 -0.268372328655996 -0.936868896073519
 -0.0321184379477286 -0.996000086230819 0.0833800585991541
 -0.72751927389064 0.500952960241879 0.468787625415321
 -0.0166541506062772 -0.932795344947006 -0.360021504514355
 0.0580082611021861 0.281042895471391 -0.957940463989781
 -0.3980260325663 0.504499578341999 -0.766195440375545
 -0.707277032414645 -0.277726126381847 -0.650097991185688
 -0.202606344247586 0.958069633151606 -0.202616009494257
 -0.112585469683264 0.792645361093355 -0.599197666511964
 -0.839661645575467 -0.0230973511074884 0.542618497032046
 -0.0553435957265467 0.22817368054445 -0.972046222110274
 -0.0544795608577096 0.711059105678351 -0.701018491682391
 -0.451209357669974 0.223489283412322 -0.86398070334406
 -0.489838551305802 0.106620963645613 -0.865268839012428
 -0.00290206589791301 0.338715195982414 -0.94088447432409
 0.26114110771213 0.280748358297856 -0.923572239283934
 -0.582359748799746 -0.306192336436403 -0.753062664116018
 -0.058991390800997 0.0207701014053961 -0.998042393237368
 -0.969578820762261 -0.220853343701445 -0.105549566105952
 -0.951263128522232 0.124212124960184 0.282258407008492
 -0.86657402905705 0.443897768356922 -0.228044345274283
 -0.9700778339893 0.211637597023943 -0.118989594202847
 0.337005407871907 -0.935138568947391 -0.109285003235194
 -0.320477268628434 0.619842996625483 -0.716302296399223
 -0.00343784538885782 -0.964377345068201 -0.264508067057113
 -0.448659031861246 -0.182630755329133 -0.874843460475782
 -0.855564517315009 -0.435124837952579 0.280491946601464
 -0.430495604639166 0.527464014774799 -0.732431053071898
 -0.312020540892116 -0.940561443471307 0.13411693821648
 -0.726842317398455 -0.597349861762163 -0.338929768966328
 -0.260754825297384 -0.961015553701054 -0.091956656250583
 -0.488981436813852 -0.570875402397468 -0.659544107235437
 -0.821344409687299 0.152004991589948 -0.549807096359406
 -0.127026180208292 -0.857551919526331 0.498466703861347
 0.0322312350077989 0.131594577739611 -0.990779498475521
 -0.395255202254747 -0.301184049861373 -0.867791157594764
 -0.838306929391921 -0.46511204382387 0.284450837269767
 0.00412873001765657 0.24290897460344 -0.97004030001106
 -0.00638930803033826 0.898693398729511 -0.438530901787882
 -0.991147485579261 0.115631764982732 0.0652376942946836
 0.147994034369239 -0.463121871733311 -0.873851187395973
 -0.3378789463607 0.346503131870388 -0.875084794297213
 0.0128491892633765 0.10621667444937 -0.994259984312046
 0.50634319297448 -0.862246905656927 -0.0121179459259053
 -0.739892212833928 0.179408531093441 -0.64836108177358
 -0.535049215265759 0.833757764362813 -0.136272989283349
 -0.977292074759736 -0.0772760416921448 -0.197303355248217
 0.688094628436198 -0.459572200507659 -0.561532879569664
 -0.333140602906422 0.302089032653374 -0.893173866078545
 -0.083575993432889 -0.329765891201686 -0.940356055077897
 -0.775397038044003 0.611500560813868 0.157564264720501
 -0.129189253109849 -0.115348186408534 -0.984888284412593
 -0.960484150848579 -0.278116273815637 -0.0110242554211013
 -0.400644428405512 0.180418608024166 -0.898294588576733
 -0.696440125621583 -0.219169052150521 0.683327211519954
 0.219337859935079 0.179748954098814 -0.958947973927409
 -0.54556384273009 0.719383223413012 -0.429939381049795
 0.740281736671551 -0.565806611825419 0.363105808773685
 0.0318949427936889 0.409053619508584 -0.911952766864115
 -0.892064878893759 -0.445941901408661 -0.0731851925753467
 -0.690340979038171 0.536232217187296 -0.485679258267239
 -0.775740828526091 0.587498408773959 -0.230373146537786
 0.317482080490252 -0.94454281895096 -0.0839284917995966
 0.402945147072721 0.756530118736256 -0.515070274715451
 0.208219512589156 0.370968760645404 -0.905001001768698
 -0.210652904343825 -0.962199462414596 -0.17261966406112
 -0.359640040064647 0.249859341200698 -0.899015768046953
 -0.110677591094237 0.0727792560645227 -0.991187999683345
 0.14080881882047 -0.937099127030983 0.319402728009879
 -0.928519765443684 -0.045769794371373 0.368451043021468
 -0.25681007188611 -0.929988954914271 0.263000248508082
 0.562587519788035 -0.72249093986301 -0.401873269071994
 0.0395504641198675 0.102608248158729 -0.993935263584958
 0.278327732639587 -0.000265750935309567 -0.960486128280959
 -0.90435469142368 0.063890699495684 -0.421972239155531
 -0.318960223299862 0.529402318550806 -0.786128209050873
 -0.998496602442223 0.0278660869829793 -0.0472018655096737
 -0.448871948174611 -0.743794379668686 -0.495261440973557
 -0.0519696096577888 0.579147759734642 -0.813564399458557
 -0.845284656245502 -0.496900647099645 0.196427077634114
 -0.998886361337493 -0.0447320293140302 -0.0150027559932362
 0.0284563647305461 -0.997772244293746 -0.0603389080390338
 -0.197342843690275 -0.231776224756297 -0.952541644067048
 0.229163569783012 0.685592073791742 -0.690975807563655
 -0.286616240746891 0.264633591602437 -0.9207715203761
 -0.0673791966597535 -0.391969484022897 -0.917507475420397
 -0.342491676062018 -0.0867989791829368 -0.935502746677437
 -0.879205115028643 -0.232505020713186 0.415860290302682
 -0.162258180404385 -0.245636977131638 -0.955685491339849
 -0.989535930868854 0.115123332015865 -0.086978502775546
 -0.103017609155371 0.484432784623004 -0.868741762197671
 -0.3602443588704 0.131585012145208 -0.923530934230576
 -0.137575436989047 0.269576418752168 -0.953101019614411
 0.142395680175681 -0.984218222518576 -0.105061699632549
 -0.432155349830082 -0.325978823588932 -0.840820765790674
 0.106432258005309 0.292819327519825 -0.950225771007464
 -0.99796208173351 -0.03692406733726 0.0520412977681377
 -0.967179299147586 0.230924927817986 -0.106008872329832
 0.29948485001653 -0.840192967572592 -0.45208915254863
 -0.918847354106789 -0.38099793826372 0.102762400175104
 -0.801143294851897 0.424125744189454 -0.422240185474557
 -0.844089465962887 0.278666123169231 -0.458102788954967
 -0.989822237124939 0.0557561098261751 -0.130932024768701
 -0.633168969067459 0.502665005556632 -0.588578753268245
 -0.626736899153612 0.0713340562928076 -0.775958962608287
 0.235444760012873 -0.945087854042576 0.226659906299458
 -0.317506288950526 -0.143775303682448 -0.937293133724923
 -0.868751533659169 -0.153633085128929 -0.470815938471298
 -0.75449786789434 -0.0701203518190553 -0.652545863218568
 -0.0881332167662686 0.555314674969883 -0.826957162049838
 -0.975866520247781 0.208017314940602 -0.0664329085949821
 0.542688102186633 -0.75084315073056 -0.376462729557757
 -0.233940253551133 -0.951279616857865 0.200845832217614
 0.352854627020629 -0.194651811665659 -0.915207235769806
 -0.0656479329416277 -0.69158337752987 -0.719307153325246
 -0.200429967959164 0.102040843136635 -0.974379543235516
 0.753325851389168 -0.656718174648114 -0.0349485438270838
 -0.0391609572844755 -0.998761119475254 0.0307025348969794
 0.0927853742444187 -0.632663528530559 -0.768848316635724
 -0.951810599892772 0.300785080762584 0.0598741774257288
 0.337399580251894 -0.760522067920125 -0.554768156487322
 -0.367115568736537 -0.343184402246967 -0.864552268660283
 -0.240072354854178 -0.970696602154447 -0.0106475819123471
 -0.0167294644506248 -0.192005004074441 -0.981251345695673
 -0.229400787310528 -0.277453284075096 -0.932949598819386
 -0.547940268987836 -0.0471966818253617 -0.835184970438413
 -0.231537282774387 -0.972808094262317 -0.00590748873651466
 -0.798408964838347 -0.132370904482329 -0.587384940658414
 0.156760744555395 0.166305654598004 -0.973534025196432
 -0.0443972856385078 -0.995059604117317 0.0887990162210178
 -0.933944916973574 0.0939733860146288 -0.344841840240088
 -0.047901069678648 -0.597688771845451 -0.800295957464186
 0.0394083758313904 -0.981083589213413 -0.189530923309254
 -0.998017971734073 -0.0621457239394547 0.00990136818059176
 0.371251911967618 -0.880608604056557 0.294449493669033
 -0.25256755986976 0.432691142304314 -0.865440929857621
 0.211513728307829 -0.184965851748392 -0.95971327823695
 -0.96885328900984 -0.247630027455292 0.00163519946980483
 0.625788020656427 -0.00622128286164036 -0.779968364001046
 -0.97226804712006 0.022649092573472 0.232769979067197
 0.638584862411842 0.472303812480142 -0.607567677065833
 -0.890595334846394 0.194995006548834 0.410873334460706
 -0.197759092075098 -0.979052886476789 -0.048443647499967
 -0.0821174233362023 -0.010441026973201 -0.99656796744646
 -0.017459119080433 -0.998571252015727 0.0505037999429589
 0.407339146055669 0.780854878792345 -0.473645941982859
 -0.698879732201382 0.559390878171741 0.445700533246678
 -0.31776486186038 0.623619988575379 -0.714229376612372
 -0.0777532518301614 0.273501544301918 -0.95872380647103
 -0.991246293031118 -0.0367891969057213 -0.126796457139378
 -0.832264177828283 0.452503197932743 -0.320276746212479
 0.112775792856737 -0.326430730553185 -0.938469284897512
 0.107395000297593 -0.969582120733715 -0.219947323385831
 0.614146854379606 0.193080840006556 -0.765208096192139
 -0.768023234416578 -0.61591883367491 -0.175454557423954
 -0.857721336341341 0.0420501141387604 -0.512392327309593
 0.411397320069454 -0.911254819082081 0.0191546271003935
 0.00625192144982181 0.199528226249416 -0.979872134723683
 -0.421022118848038 0.0245069331185641 -0.906719243023898
 0.597988566314097 0.253533636786953 -0.760348847289974
 -0.234424899863793 -0.119711098253342 -0.964735310475796
 0.00555246976335358 -0.997704861554313 -0.0674846598155128
 0.15104581734226 -0.583632782989011 -0.797845809466911
 -0.0551089093045107 -0.21029348310559 -0.976083838140242
 0.147482993535997 0.580252777956091 -0.800971585196317
 0.225484478230395 0.481276153344218 -0.847071434000321
 -0.788819982887055 -0.575846133891459 -0.214858708644371
 -0.325692531964456 0.0494816368296646 -0.94418003698407
 -0.479808277611729 -0.0271573817901391 -0.876952959599071
 0.0734286592611729 -0.984242899574478 -0.160854426847167
 -0.972545551045893 0.202208402645787 -0.115182086455658
 -0.294058672988142 -0.505973529514526 -0.810876244732244
 -0.0720539724916631 0.708726322749322 -0.701794289297366
 -0.23844631259029 0.242548102652082 -0.940379590331462
 -0.296576896843844 -0.95007489675671 0.0969527452484142
 0.478999652371065 -0.271463591198039 -0.834785512381631
 0.28282516480572 -0.954250952261591 0.0970311612857698
 -0.792686996231012 0.515834741457984 -0.324902824720302
 0.128435106054512 -0.417799436308869 -0.899415395994953
 -0.294780322361797 0.415735914511791 -0.860388407019365
 0.208205680940364 0.0245043900913342 -0.977778057275991
 -0.760134967429884 -0.47447044220769 -0.443928632509336
 0.203114495746732 -0.490373304266373 -0.847513140948522
 -0.919228077301467 0.216452746887936 0.328888963428868
 -0.346308691380671 -0.820144820981671 -0.455447870662659
 -0.0726849841949587 0.733230893171366 -0.676083833834014
 0.531704732275535 -0.700268809565195 -0.476354565450931
 -0.785947234543279 0.491657554352099 0.374913048268907
 -0.498044137842521 -0.355977717171116 -0.790716068913703
 -0.566866161335362 -0.272431117248907 -0.777459993496401
 0.477549160887272 -0.876761621140091 -0.0568846080382248
 -0.888434489370023 -0.049819896592573 -0.456291722477334
 -0.999123104603614 -0.0404586608958604 -0.0107758343412703
 -0.985735018119771 -0.145567240146881 0.0844787112143344
 -0.92039771564523 0.274219692007225 0.278696260381271
 -0.336121866632601 -0.923827245196015 -0.18320838355533
 -0.315079285317456 -0.334119516727478 -0.888306924720076
 -0.943124377001218 -0.11344934995897 0.312483046740061
 -0.139896547857021 0.348281369058573 -0.926892142519492
 0.14417016105221 -0.978083794610821 -0.150223351653052
 -0.793247910732469 0.0675802704905627 0.605136892908535
 -0.591258776593924 0.367450760113933 -0.717908767178914
 -0.0515848997286787 -0.857549852225407 -0.511807824352232
 -0.0707143672684875 0.306769517413972 -0.949153276055778
 0.0366126139379156 0.395047522511687 -0.917930809733507
 -0.874282399203637 0.356721390168285 -0.329211385342516
 -0.0551376304275032 0.147213170107774 -0.98756676951873
 -0.157655283610402 -0.902768393736524 -0.400192502203752
 -0.405384166614237 -0.469198078767227 -0.784548813229377
 -0.173177260343131 -0.212944795901557 -0.961594587338392
 -0.996017051179064 0.0879175740113756 -0.0148503851975874
 -0.20342415339739 0.55904537678154 -0.803795297643462
 -0.728092903298998 -0.382651624786339 0.568734083921485
 -0.309450493361341 0.258767530159113 -0.915029921638508
 0.323126544512472 -0.168411579877844 -0.931250114627901
 -0.171630873215751 -0.635625540790213 -0.752677231789529
 0.0338681221916028 -0.996456771992937 -0.0769860497014269
 0.181145304559349 -0.87813541058415 0.442791801317851
 0.402716682673306 -0.87054234476582 -0.282799044316339
 0.375158021455925 0.125102611179975 -0.918480155263699
 -0.14998162009306 0.0142624942433038 -0.988585906682986
 -0.0315258333505619 0.197374544647175 -0.97982111171217
 -0.34093999835161 -0.172996610207947 -0.924030351439045
 0.347490188262458 -0.929378811385703 0.124521460032477
 0.544537105830717 -0.791872212300237 0.27643758745915
 -0.969814872477126 -0.233932302413049 -0.068809817685454
 0.0457552156203982 0.0334177488430735 -0.998393566839146
 -0.605141651635377 -0.66284291299763 -0.440956748610138
 0.327975569304372 -0.912794551316786 -0.243388851482274
 0.691401650146979 0.262695809544597 -0.673019070919795
 -0.519376577067615 -0.102508774252769 -0.848374871383354
 -0.317718606372351 -0.913601620482493 -0.253745869358642
 -0.955947768520391 0.211999507765867 0.203027270503044
 -0.309777659875091 -0.0295182859554504 -0.950350710125775
 -0.520719905809713 -0.829729567675796 -0.200996577627729
 -0.202915108155229 -0.977328971295033 0.0604445262182054
 0.305829689225827 -0.891018314884822 0.335491525567854
 -0.453207430260914 -0.851991554309141 -0.262132440842779
 -0.406709064706282 0.0997842682705599 -0.908091865667483
 -0.258540540781144 0.700441019122484 -0.66523617422931
 -0.913835662380843 -0.398132043868494 -0.0799703557955225
 -0.408969061209027 -0.700147442512633 -0.585267345507014
 0.252893476930566 0.555741083758862 -0.791957534940161
 -0.369099137994937 -0.0647941503989062 -0.92712865579998
 -0.85396623615071 0.0717106522889387 -0.515363221294346
 0.0222347263869423 0.292412598608759 -0.956033728022903
 0.137212749582004 -0.667083762391231 0.732237608502941
 -0.856798533351559 -0.484208995200861 0.17730742289366
 -0.325438720568047 0.012691767615443 -0.945477952249458
 0.581210358172553 -0.813499236038612 -0.0203350071927135
 0.775437951058866 0.605060578621828 -0.180548276799993
 -0.114926619021395 -0.256749069945081 -0.959620647611673
 0.319856458362768 -0.881607768506134 0.347072886514146
 -0.980911785398311 0.159152718789438 0.111725025704307
 -0.943963920219079 -0.00976856350102622 0.329904065588399
 -0.193213954352959 0.500070008160811 -0.844155409140603
 -0.0303413272331397 -0.257887878622173 -0.965698320347243
 -0.96883096214597 0.0880736445592155 0.231537469799969
 0.167605197624751 -0.937549784209011 -0.304809612477698
 -0.471289840284785 -0.63175911331056 -0.615439931425803
 -0.712284842316844 0.701101363532449 0.0332743363361163
 0.2685053166412 0.685737123854744 -0.67651274334105
 0.678696907357858 0.337505261534776 -0.652273490477132
 -0.127566798687278 0.609430630697132 -0.782509436518676
 -0.447409405837173 -0.0618582462081799 -0.892187413576585
 0.298357424275539 -0.888536484559979 -0.348548078441783
 -0.942400087831034 -0.320070081854689 -0.0971453403802384
 -0.272165372491682 -0.594743076586553 -0.756443443271753
 -0.0107304894284293 -0.989938186801951 -0.141093029267544
 -0.757065384833689 0.180559647384459 -0.627893475697126
 -0.510754290325383 0.482965352576328 -0.711248566343045
 -0.816747620193796 -0.547614934681579 -0.181772407756129
 0.31140226499716 -0.914252835518627 -0.25917249487704
 0.191063518571287 0.340009707803652 -0.920808411381236
 -0.874697514713304 -0.482758623821803 0.0429926607695772
 -0.945805294154222 0.0888459299145499 0.312343955099925
 -0.638827932265406 0.0529654404789857 -0.767524289565075
 -0.604235421095416 -0.400922963374876 0.688593009935733
 -0.950204369340561 0.311503946286472 0.00877199715355111
 0.219708188804678 0.289838465145247 -0.931515955791641
 -0.792246195059134 0.576163043055852 -0.200953014983465
 -0.91258768038617 0.404461079053001 0.05995799478528
 -0.104397393631781 -0.188278910295007 -0.976551194838763
 -0.500375200706931 -0.22473139103549 -0.836134235874092
 -0.94699812949187 0.302748776367041 -0.107413784716668
 -0.954810402629347 -0.296933412986705 0.0129477134217398
 -0.903804972854372 -0.248914202260531 0.34810672351552
 -0.63266157083972 -0.0996794856114596 -0.767986547363203
 -0.975515850465041 -0.169361109745698 -0.140305523758592
 -0.0918317332757045 -0.995556285860336 0.0208474086531858
 -0.785099463322877 0.437281281753785 0.438638704764978
 -0.996881522483467 0.0565817730470247 -0.0550066640499208
 0.0770409298428926 -0.94812903297758 -0.308408871393062
 -0.946215324811282 0.0094315216896216 0.323400070332242
 -0.0601168261971899 -0.925423149171329 -0.374136288250416
 0.559201913693598 -0.617891535558098 -0.552723502311123
 -0.939194842704014 -0.188685950016549 0.286898343851153
 0.122162199986812 -0.885394184614619 -0.448501432266382
 0.0491036192468644 0.272018779080711 -0.961038302256626
 -0.722674015683004 0.597359363554043 -0.347712608098858
 0.206448545583188 -0.961261785539599 -0.182632904176134
 -0.987703007606092 -0.119898510460008 -0.100335018589479
 0.462195516685973 -0.840417801609292 0.282972124234156
 -0.575315423977491 -0.380767940223887 -0.723897740451826
 -0.500722786014662 -0.848115179850971 0.173139635185216
 -0.269247936790751 -0.854011577871242 0.445162637016849
 0.147032605779346 -0.981594812355699 -0.121873037190822
 -0.171050430609425 0.188790099421333 -0.967005712779823
 -0.128859651462457 0.757064579259261 -0.640506372377334
 0.601795041637747 0.432431567082991 -0.671450420843096
 -0.718695012109186 0.133899688566088 -0.682311038289197
 0.0649624489255496 -0.351215073886337 -0.934038463932086
 0.0818336564826097 0.637999389454545 -0.765676192474543
 -0.921766975256682 0.00470997009113297 -0.387715694172789
 -0.965085838588678 0.106662816892351 0.23923287325988
 0.285844297759629 -0.827676346172269 0.482954349214526
 0.309134405121996 -0.942513875819115 -0.12689961961448
 -0.450436890752265 0.558383148330823 -0.696645438590959
 -0.849504120425539 -0.434625680821136 0.299070672167626
 -0.0889111614486146 -0.947245344218618 0.307930289555948
 -0.0464234838216595 -0.862707224086012 -0.503568372378237
 0.354317660780517 -0.856094019928605 -0.376247291420821
 0.364004027487248 0.0651576876455284 -0.929115463068908
 -0.0572954979302472 -0.95271034667323 -0.298429591794613
 -0.920296482824188 0.208498029763154 0.331033163423715
 0.828945584941556 -0.536809643780042 -0.157113409837115
 -0.740987812963842 -0.289015812766383 -0.606141007530467
 0.225164119446391 -0.972515079737408 -0.0592919808850533
 -0.154909245686236 -0.478409919367175 -0.864365128086513
 -0.124248114649462 -0.991203991733738 -0.0455746944823377
 0.479718607110381 -0.851743530284635 -0.210720233035042
 -0.728439167597427 0.530923042767294 -0.433009355290028
 0.101574640208478 -0.116367380201771 -0.987998595794293
 0.133265302351696 -0.320562669122297 -0.937805915077475
 0.423733782438123 0.475069857506776 -0.771205752124019
 -0.497386696510779 -0.246407412227329 -0.831799171274849
 0.128771683811713 -0.557738240376181 -0.81996701681859
 -0.404390247475517 0.48644498307075 -0.774493257680135
 -0.0376888206794302 0.916480144234374 -0.398301014334555
 0.31086378495385 -0.943267868060807 0.116659488633319
 0.707638188441182 -0.172290768981831 -0.685247462733961
 -0.932879711086403 -0.242202903252594 -0.266595570667187
 -0.26418495244561 0.202726270171288 -0.942925431984814
 -0.540412307712156 0.0210025724413885 -0.84113817510803
 0.465390953531305 0.0863146904875193 -0.880886504935379
 0.0610763914132801 -0.440157458493095 -0.895840993784517
 0.516360774771668 0.506554053480439 -0.690488624945943
 -0.00496755765963464 -0.2001387989803 -0.979754961464152
 -0.243637647308253 0.0989392388216398 -0.964806573275438
 0.0139230036745584 -0.752367559635335 -0.658596390194366
 0.177868475401599 -0.100419719425617 -0.978917098333046
 0.176530555834352 -0.596501957933463 -0.782957455445926
 -0.924350114511664 -0.155043331445811 0.348623623950613
 -0.333929273062616 -0.928981151588572 -0.159641036657379
 0.500502359146183 -0.154603339890148 -0.851818757591025
 -0.849987633941225 -0.519473033379629 0.0875716263316222
 -0.744575423404577 0.141957836185031 -0.652269431759268
 -0.092486562453543 0.171980259091624 -0.980749216797192
 -0.0337509686637797 0.0958476400437286 -0.994823653725777
 -0.995645069987469 -0.0913516990489635 0.0185946683357324
 0.385257720784545 -0.890646169184478 -0.241507535892591
 0.068734763423227 -0.407143037218196 -0.910774439442553
 0.461413911915558 -0.206942906531319 -0.862711907491227
 0.725514637783014 -0.174115415340118 -0.665817041313543
 -0.0248695406357091 0.0884221078233703 -0.995772582870527
 0.0551981222522103 -0.415337573693492 -0.907991116244115
 -0.602287566134655 -0.0278856962327355 -0.79779200022638
 -0.821523197884158 -0.408865837231942 0.397402016203755
 0.10600169551862 -0.922476781465274 -0.371214531241231
 -0.974066025737619 0.226122127923597 0.00801004163688197
 -0.19751811053353 -0.33219378564897 -0.922298153954279
 0.379970488015115 0.405603680306126 -0.831329106166554
 -0.905978817830617 0.403820149136015 0.127010506628401
 0.226418329897353 0.00424118288820468 -0.974020919823698
 -0.790283176620416 0.48478657576202 -0.374745882848205
 -0.243764444170731 0.141682000630556 -0.959429573473456
 -0.818495769283884 -0.399863611506525 0.412521233219992
 -0.745843869241236 0.664518191928226 -0.0461789487938196
 -0.844226026986477 0.529433782678988 -0.0835600689136036
 -0.788673186999245 -0.612901631562477 0.048437528183299
 -0.185029086812189 -0.981529137681252 -0.0486290953663064
 -0.546832179591512 -0.198089734054593 -0.813470973437514
 0.268471642548606 -0.276428143111698 -0.922773243458582
 -0.0512318813799519 0.0832597451822564 -0.995210082928452
 -0.996805656912131 0.0452947934643059 0.0657789026436411
 -0.416114050867477 -0.0211131993793696 -0.909067285453957
 -0.254638504287479 -0.957100151775146 -0.13826977835459
 -0.885458305809166 0.0523733667016449 0.461758182530529
 0.20889919667285 -0.962559790996755 -0.1727419300162
 -0.495130288939551 0.320112463202587 -0.807696730138862
 -0.50829538157296 0.34505609826579 -0.789032378373149
 -0.319829371295067 0.159851830946298 -0.933893230192894
 -0.660061068753936 0.32853176900327 0.675563662633651
 0.235458325222884 -0.332913811545392 -0.913086946114965
 0.131140337998444 0.245905182850555 -0.960381618314766
 -0.764612561842112 0.60917126561606 0.210423381355235
 -0.179548941840405 0.29319118076797 -0.939042655582735
 -0.19647068090025 -0.047698300267451 -0.979348836573664
 -0.946717842125893 -0.244086977347851 -0.210111577238576
 0.29033076171975 -0.956370257601339 0.0326186936399833
 -0.320082996332131 0.13769210855231 -0.937330122583001
 -0.813067073579936 0.0756472038111822 0.577234297677908
 -0.433922435712868 -0.564993682920221 0.701778781415666
 -0.315753270312964 0.253528571957484 -0.914343007567656
 0.0334387843410616 -0.589160378373812 -0.807323910370688
 -0.627430672651065 0.207037822819778 -0.750643784320285
 -0.494162703005319 -0.859605951087845 -0.129926255286752
 -0.0387816371815402 -0.996031751880938 0.0801045183651223
 0.138464469825715 0.530401277900213 -0.836362406494759
 -0.720624971092294 0.085543260175285 -0.6880276169434
 0.107249548758549 0.64471391460106 -0.756862935154619
 -0.789301564510575 0.309702417270232 -0.530176812957841
 -0.868564054247167 0.102079901070013 0.484949664880037
 -0.978212728841269 0.137562363068228 -0.155487791803736
 -0.30995915297053 0.110940474447768 -0.944255015670606
 -0.9537891238559 0.258547972666899 0.153098834234724
 -0.145912420733594 -0.147047137681485 -0.978308082750697
 0.21524911342729 -0.0133350262865741 -0.97646812351592
 -0.866371572249644 0.394796269134336 0.305836892273134
 -0.0536182460062119 -0.88651844821104 -0.459576027090955
 0.0843652872205766 -0.928487052792814 -0.361654933753577
 0.40428537223173 0.306269796891594 -0.861830696431401
 -0.334537649204928 -0.276547822901466 -0.90089170432017
 0.114673166024584 -0.0897365100434983 -0.989341914486146
 -0.411603900217948 -0.454345807904257 -0.790032984226103
 -0.808934622997582 0.418960015096277 -0.412428516795684
 -0.048671957346544 0.438501988898775 -0.897411302748007
 0.119216271001209 -0.931781945558184 0.342884655037772
 -0.142434432554811 -0.415910028931368 -0.898182208829087
 -0.911872137045664 -0.266769797082273 0.311966474231536
 -0.968047445860044 -0.185137355698319 -0.169139889112178
 -0.48757641662677 0.188936163678202 -0.852392142152872
 -0.694188631031866 0.0266839394956852 -0.719298346945893
 0.533857325518922 -0.0274184927812995 -0.845129920333782
 0.481857051862431 0.347032335275052 -0.804600733186337
 -0.90703148399928 -0.230387085414792 -0.352442446235042
 -0.52750834914789 -0.264032442277729 -0.807478675262775
 -0.256668600337468 -0.111945726404396 -0.959994470786472
 0.291443100979214 -0.744801335768033 0.600276510559736
 0.0661482331686064 -0.211857773593821 -0.975059328972623
 -0.0118635175988034 0.116598087701094 -0.993108323847218
 -0.838168981648533 0.526901005673216 -0.140883243939137
 0.409510256733958 -0.912220351084204 -0.0124651794010111
 0.43992594990868 -0.742248143487549 -0.505502573768158
 -0.155252439202571 0.0504925779615133 -0.986583589815102
 -0.934716994768891 0.00475554333747497 0.355361118438382
 0.0651239199673768 -0.378199026942244 -0.923430761382802
 -0.973720779926373 -0.207385852077679 0.0941220011346518
 -0.928301819771541 -0.332889955929225 -0.165650260036872
 -0.0678239478527657 0.153884270647587 -0.985758359510547
 0.268355288920058 -0.959791482343351 0.0823756598139566
 -0.0587765970296164 0.300193994945757 -0.952065584421643
 0.313896117000196 -0.941942768758987 0.119218488980745
 -0.0166562490178791 -0.976741273112154 0.213773372448261
 -0.970957784470785 -0.110355893489606 -0.212279432700617
 0.335745731784158 -0.864796746739867 -0.373364956064256
 -0.63099702805721 0.37813734854912 -0.677388290580233
 -0.847532763405823 0.526689854180515 0.0654676443519803
 0.789588817822844 -0.522775896549743 0.32133294377598
 0.497191249058719 -0.38963708114421 -0.775231453732916
 -0.941757267554333 -0.241743214748718 -0.233780810015606
 0.0921144714326895 0.150742361250819 -0.984272149701089
 0.43503075083771 -0.231617117168154 -0.870115944492624
 0.379661400592435 -0.260708869427061 -0.887630613657649
 -0.937643676893029 -0.158246814249262 0.309487125681311
 -0.988394734626025 0.0284609712061696 -0.149217363874153
 -0.0809860683350371 -0.316174657626335 -0.945237981997392
 -0.897950106297776 -0.25432987567398 0.359168374080278
 -0.972038809673955 0.0631752110559743 0.226162430999654
 -0.447474090587651 -0.847451233694503 -0.285645487908386
 -0.429721949702469 -0.890799924313209 -0.147697463713801
 -0.711412749686387 0.341576268705746 -0.614180390635124
 -0.205048979983789 -0.881753947904176 -0.424811594901797
 -0.0496458139573164 -0.402764138575752 -0.913956422283824
 0.228573658558028 -0.778234350591514 -0.584897750186135
 0.593567819278248 -0.801047770608653 0.0774578151006867
 -0.0760545831870121 -0.989366250076962 -0.123976302513422
 0.077421969019294 0.33744311659876 -0.938156693614287
 -0.144006288304125 -0.202267714225585 -0.968684654937212
 0.185294103537197 -0.97977865635314 0.0754975479680126
 0.00890496742497491 0.887118113488911 -0.461456557299857
 0.0254616654119493 0.137598409898854 -0.990160785523118
 -0.606479369941334 -0.398755288328933 -0.6878786185551
 -0.917524482501756 0.302035413582404 0.258695637674837
 -0.136912001408125 -0.0307445417419588 -0.990105992822737
 -0.464683400390442 -0.815052246398361 0.346062383166044
 -0.28382642445113 -0.137851622791968 -0.948914901809908
 0.0526294295723313 -0.178564326994272 -0.982519681364182
 -0.849067678020274 -0.48151357202119 -0.21732178468956
 -0.358013910390994 -0.0662348307135897 -0.93136404652901
 0.173677584424901 -0.956292458003114 0.235246320767601
 0.494576172447405 0.196927604621502 -0.846530524071821
 -0.731845767595246 0.0527459520191846 -0.679425961381014
 -0.43383043214348 0.0918651731183292 -0.896299027174604
 -0.919331656462458 -0.278119177838864 0.278350549387327
 -0.180815823265362 0.592938978850912 -0.784684016286879
 -0.907267684585077 -0.237281280067598 0.347221748508235
 -0.991249085803488 0.124649406334249 0.043448537308736
 -0.91308821361345 -0.348573188032078 0.211581300556906
 0.00768762911361934 -0.225606291948294 -0.974188226880182
 0.161450964414935 0.530593003950712 -0.832108556768915
 -0.212841298245171 -0.929781314660027 -0.300341952897662
 0.604870829507452 -0.736072352146703 -0.303856499052079
 -0.71086012710824 -0.597878316736806 -0.370431367548188
 -0.425131777500575 0.175965631540286 -0.887862077282181
 -0.34020644809198 -0.0837729752108514 -0.936611798612937
 0.468674700700097 0.552889519558346 -0.688953702425799
 0.577691875161413 0.579976564473671 -0.574368594226572
 -0.822238287283132 -0.241792305049574 -0.515228764865196
 -0.972209517349623 -0.0757801712132768 -0.221508510052547
 -0.399910690992132 -0.16539310092719 -0.901507937511304
 -0.401467485659714 -0.87453483542971 0.272052714704333
 -0.983625831875371 0.0311937733982418 0.17750259538571
 -0.257700880576888 0.432411365030549 -0.864066355983332
 0.235425126570359 -0.368019509371966 -0.899520233513926
 -0.0741935695433517 -0.476316881896843 -0.876137855738744
 -0.487830846473833 0.0859336724307531 -0.868698146176903
 -0.488486564803885 0.208474727358198 -0.847301105899801
 -0.584038684033738 0.175000370362812 -0.79263717167757
 -0.298750552572501 -0.928181653679124 -0.221871415714399
 0.142664653146315 0.512034605676756 -0.847034449908675
 -0.53328966921489 0.183895305348269 -0.825702516272986
 -0.123010440939179 -0.74394474154113 -0.656821629480372
 -0.704843006414935 -0.219675123549925 -0.674491791203779
 -0.448534549595842 0.202708046034455 -0.870474701465671
 0.0768163085135675 -0.202246981690244 -0.976317270739146
 -0.922642102600712 0.293220833194323 0.250505675563176
 0.603181790499283 -0.76299539417502 0.232399991561499
 0.0265770718860365 -0.218044115942448 -0.975576969158682
 -0.681518484569316 0.20463640326088 -0.702606929691697
 0.0560468308314756 -0.982717855716662 0.176420998776771
 -0.983773733236024 -0.14321885618877 0.108062949371362
 0.229135393309806 -0.971958836263762 0.0528487666985114
 -0.485474890612721 -0.641121679225533 0.594371199682151
 -0.459269556345025 0.0312002206887172 -0.887748850094226
 -0.15454241933053 0.269071111603722 -0.950640509092582
 -0.352968080546447 0.533573042048911 -0.76857878120205
 -0.416786970406493 0.218257842413968 -0.882412678696412
 -0.919497973869093 -0.348468145324491 -0.181915990898937
 -0.42157657170191 -0.590525972373129 -0.688151342471142
 0.400859768759813 -0.723177709554438 -0.562428169807867
 -0.233479251171601 -0.465655225566515 -0.853611533529712
 0.00636940971592386 0.439604357540637 -0.898168937033092
 -0.940838439230249 -0.338842488298067 0.00296637670632674
 0.278296047627464 -0.0482972557353561 -0.959280295306521
 0.500319700064702 0.134439518868726 -0.855339823399748
 -0.907453562941379 -0.400475719240153 0.127071749039977
 0.50370291971181 -0.781502459942433 -0.368153872419841
 0.351171267740441 -0.936309581941501 0.00176280404561548
 0.262693163223848 -0.661425580617175 -0.702501603770896
 -0.329001080910335 -0.57769180911349 -0.747014365620243
 -0.954315589806648 0.0640776733723964 -0.291848945221959
 -0.376821606969172 -0.17268482953837 -0.910046936244761
 -0.878434507729163 0.161777640997782 -0.449645205138246
 -0.621700792125193 0.122955055545833 -0.773543909152305
 -0.356558264728983 0.0210524585391401 -0.934035865394319
 -0.803213837381299 -0.026600540099461 -0.595096582670096
 -0.75169160654963 -0.654449647473126 -0.0815805587449479
 0.0635355306701299 -0.884818623384837 -0.46158340530594
 -0.165402503313429 0.757832798462327 -0.631135058028319
 -0.135822585536245 0.738313176593362 -0.660640506271655
 -0.202733101652881 0.377819599217397 -0.903411113470168
 0.253438971856746 -0.265181396115756 -0.930294316170046
 0.484536099605401 -0.115473355582623 -0.867116296888528
 -0.901886569605193 -0.363030905558545 -0.234113598868412
 -0.644249553536346 -0.546603622820989 0.534945784437253
 0.124723760010131 -0.544782531276934 -0.829250250108151
 0.596439846349216 0.585234796717126 -0.549326626332994
 -0.614765416307779 -0.447537822236581 -0.649440821460787
 -0.673968770611817 -0.0120389980593606 -0.73866173500847
 -0.027086058687133 0.166757623846994 -0.98562581150947
 -0.274282535543097 -0.944914532570267 0.178621434418052
 -0.129968602140879 0.594143108041885 -0.793789726327996
 -0.981891945125303 0.173732617107646 0.0755326806817855
 -0.0876742941464423 -0.067028029931863 -0.993891574242068
 0.112360917194614 0.111387390648523 -0.987404614882723
 -0.897285362860132 -0.361738745877532 -0.253029755815224
 0.199703723211261 -0.977129113306136 -0.0730555875010548
 -0.153459186088245 0.0826019574221031 -0.984696498843766
 -0.0678564043103067 0.0469981356999782 -0.996587519305155
 -0.48198733031771 -0.0962357467954802 -0.870877083434811
 -0.29894547202977 0.255569235169935 -0.919410664930287
 0.184984130039759 -0.150386056063706 -0.971166775469094
 0.52768558474569 -0.813427407221738 0.244711619732534
 -0.37351027483288 -0.433618182021327 -0.820039844650726
 -0.474653080549662 0.606507497916215 -0.63785038065061
 -0.98452294059588 -0.166371883132427 -0.0550906157472566
 -0.00692384333068268 0.482746061907867 -0.875733007317857
 -0.34441234434364 -0.848973929135687 -0.400778498315006
 0.131299318411485 -0.397153614757655 -0.908311342695668
 0.0549588151790964 -0.982471292568668 0.178128290601353
 -0.125304087567012 -0.991121251435683 -0.044469659224742
 -0.330431037977158 -0.562360529725121 -0.758001295347587
 0.157576111431225 0.078665758406178 -0.984368562866874
 -0.846118996597987 0.532781729705788 0.0150423431593617
 -0.435080369650912 0.407399116923783 -0.802951450259695
 0.0959889692547765 -0.494597419547642 -0.863805250249279
 0.321255734754287 0.231342154946188 -0.918300364930962
 -0.855730236378915 -0.461229160484406 -0.234506767633125
 -0.952749000761016 -0.303552728078849 -0.0111840433106558
 -0.0231483103062574 0.312222155837786 -0.949727056124006
 -0.33388231926083 -0.0215314013010907 -0.942368821451039
 0.201893236855286 0.212400521230106 -0.956098917211642
 0.0107157740463265 0.61689072350394 -0.786975862044939
 0.352270433442936 -0.928811214997404 -0.114957681852813
 -0.987043506142861 -0.0143616217427484 0.159808825795469
 -0.698193279810869 -0.713567634237454 0.0578565069435051
 0.432838022939868 -0.204797071501379 -0.877900566921998
 0.233453896616956 0.314229223824141 -0.920195236376084
 -0.591137922020203 0.0984318388218204 -0.800541772961156
 -0.113932306882203 0.291610074169751 -0.949727852645805
 -0.730639893025999 0.625011818824654 0.274819164267078
 -0.238245021326263 0.515880409607061 -0.822864942014727
 0.296152558487662 -0.920867221666133 0.253568969241328
 0.0216074386286332 -0.049654014372495 -0.998532722274341
 -0.909107590684283 0.0568553925716948 0.412663122771756
 -0.998174955559356 -0.0200714133249493 -0.056955214521736
 0.0180704189650894 0.358737181299939 -0.933263679091499
 0.711638929181721 0.697717538769964 -0.0822208645410502
 -0.939908135133254 -0.111873979333235 -0.32257853347437
 0.177656603697595 0.160413428810104 -0.970930308013928
 -0.990307204231315 -0.127082326659499 -0.0560510793684108
 -0.364578102069198 0.0853703790033022 -0.92725115577197
 -0.460522437830426 0.295011885936215 -0.837189985254888
 -0.605885519199148 0.301046833240093 -0.736392247257459
 0.0542904697689703 -0.323179292339354 -0.944779175201962
 -0.0952874447326705 0.69072601160449 -0.716810909354254
 -0.15702426768809 -0.209811648208681 -0.965050491753139
 -0.846955098481902 -0.355898196091254 0.394972828400263
 -0.441722584315143 -0.0498183816552126 -0.895767429277939
 -0.959324785287237 -0.195150094545332 0.20399116876116
 0.249855702766515 -0.105380112478942 -0.962531640876796
 -0.864260689217192 -0.502457217143362 -0.024294155971607
 -0.10197498613551 -0.931093058715424 -0.350238230658245
 -0.724802034584422 -0.271696702130195 0.633121562351069
 -0.939999757791067 -0.00372183602055769 -0.341154808392571
 -0.861432632570398 -0.425964451972859 -0.276564830009702
 0.460709031218398 -0.783231418282262 -0.417487405761373
 -0.312466537070672 0.634133891123705 -0.70727566856168
 -0.87178953501588 0.0998217481084024 0.479602570094635
 -0.396903598779941 0.177436667841979 -0.900546368701061
 -0.550713931275972 0.662851785408272 -0.507288553467974
 -0.0268186281647033 0.00635087621025445 -0.999620141631173
 0.182200292503825 0.26314031119621 -0.947396553738234
 -0.953043662984439 0.0439510441313537 -0.299626571193155
 -0.338254672932481 0.553568468467882 -0.761016246184971
 -0.042506418133849 -0.733914563211033 -0.677910479579856
 -0.29258619288516 -0.867400764371521 -0.402503706443393
 -0.110672704575711 0.106171844402649 -0.988169566379191
 -0.779196886676162 0.336824416259812 -0.528584453427655
 -0.448371567521791 -0.330741952966068 -0.830405140871758
 -0.133623071922111 -0.878644273445746 -0.4583984242895
 -0.945866027477106 -0.306903093820051 -0.105583848520308
 -0.861672264861885 0.0813808779879943 0.500897255598085
 -0.577748814666872 -0.0230922910605803 -0.815887892571398
 -0.397371084615947 0.651145268786382 -0.646611212436234
 -0.912435765906671 -0.338425762457877 0.230062983548228
 -0.977326732771067 0.20858497253941 0.0363973438833679
 0.163390369518018 -0.882960280911062 0.440096272970159
 -0.556363395952461 -0.804410076756331 0.208288742031629
 0.245901213089751 -0.613171561149076 -0.750701824960479
 0.140035414347866 -0.987751097474398 0.068832057695121
 0.0675302811426829 -0.723124436853621 -0.687408692084937
 -0.990672488387956 0.0093731636887751 0.135941768980985
 -0.0465140736697353 0.0710678712223998 -0.996386370154953
 0.151122073789698 -0.984796811038705 -0.0856583900239718
 -0.0762807331902947 -0.329524638594599 -0.941060445616035
 -0.0885644126853429 0.345291633403396 -0.934307247487311
 -0.969304973043329 0.159029832988541 -0.187503017184014
 -0.922393612481422 -0.36402870110753 -0.129124468724704
 -0.76793741608236 -0.610633681478564 -0.193387259209816
 0.451700020840644 -0.516222549420008 0.727654705641948
 -0.480552706213475 -0.363217871438702 -0.798211672689922
 0.0234542661266654 -0.996497354301769 -0.0802678034459247
 0.0331526313106856 0.510781392434449 -0.859071168285785
 0.274436741083809 -0.688499260554657 -0.671307115528347
 -0.943692584914046 -0.122377816530551 0.307356430223057
 -0.087383633695395 0.0210052945477769 -0.995953250992812
 -0.643104442783408 0.0739060451139604 -0.762203760268772
 0.30499417709353 -0.354044946326646 -0.884098822485135
 -0.380736898087451 0.142264364567757 -0.913674047463798
 -0.190669983131442 -0.969388045401059 -0.154698981787759
 0.497621783171189 -0.503950113897515 -0.705979350701001
 -0.285119827223751 -0.952138513493938 -0.110176836247246
 -0.00216803035352618 0.91875073351673 -0.394832102680186
 -0.975492988358935 0.0301374458247146 0.217956793933377
 -0.0241744445645899 0.614830557358019 -0.788288641278575
 0.192520795847028 -0.980180007513778 -0.0467214729724677
 -0.968876016411213 0.176132656057902 -0.1739441068077
 -0.36780645141286 0.600717383531544 -0.709828880380402
 -0.0996487815400896 -0.969147913322106 -0.22543833400951
 -0.878836333065039 -0.47708221433478 -0.00626581600579542
 0.125384207123686 0.124429444713202 -0.984274409853436
 0.055931245289519 -0.530356329961059 -0.845927809609425
 -0.999464097511105 0.0225606484430669 -0.0237178187896847
 -0.540155091029652 -0.772958078230287 0.332818699795083
 -0.199541215788423 0.0574818972501707 -0.978201990741278
 -0.97731142236745 -0.176006332017838 0.1178310434467
 -0.864063659339352 0.225292721187094 -0.450152399070806
 -0.45808845253848 0.0270939484845202 -0.888493605833165
 0.164428487770726 -0.940488961713753 -0.297394998787838
 0.390612573064875 0.077623232839223 -0.917276649374236
 -0.799445682728138 0.363885171447945 -0.477989730399766
 0.285537893920353 -0.824284202965201 0.488900464182182
 -0.836674706729818 -0.544775059415815 -0.0565293707471473
 -0.0511318943784155 0.558187225349951 -0.828138002287902
 0.296316023485121 -0.807665376464192 -0.509777847583553
 -0.475792801244231 0.407529274102431 -0.779449229285471
 0.162964419493381 -0.294388054272324 -0.941689052437661
 -0.926419924150693 0.191305168530064 0.324266027561179
 0.376443322456856 -0.318825217051484 -0.869851082628353
 -0.73675882598755 0.564646784203637 -0.371968333891391
 -0.892330261999276 -0.382621115503777 0.239473976646626
 -0.424664155741045 -0.857254738292689 -0.291160897964473
 0.550385337621006 0.426314713497683 -0.717866105333857
 -0.125570665558052 -0.397483250722879 -0.908976937741591
 -0.154255820357406 0.0165528548736621 -0.987892273925348
 -0.218354090299072 -0.230003704983911 -0.948377449617682
 0.249697673094261 -0.860792132250895 -0.443495182731751
 -0.980820437068003 0.0989139971679455 0.167950264644007
 -0.41240452730025 -0.905448014322978 0.100431067010335
 0.0367191469621772 0.12759057776994 -0.991146986430723
 0.0397309066465432 -0.940934393124851 0.336249792404118
 -0.904588783394487 -0.268192858126225 -0.331348342091777
 0.320129392574694 -0.934292793433631 0.156888967578157
 0.44083772779149 -0.553824941362575 -0.706356873032588
 -0.93141587304336 0.146276472550723 0.333268157826385
 -0.0225166492101578 0.304950299318784 -0.952102050966035
 -0.714878894944288 -0.180757375760974 -0.675481263005303
 -0.217001132035486 -0.457184440028909 -0.86249225880049
 -0.943234436334499 -0.308213354220855 0.123747025793229
 -0.0126280814540229 -0.970981480797837 0.238821053314884
 -0.994683562241925 0.0986894189207854 0.0294110455236244
 -0.321481460314161 -0.918542934819727 0.230062051557917
 -0.980071645228705 -0.112341934724308 -0.163825699818733
 -0.220632288131354 0.0346503288562128 -0.974741375003688
 -0.260293865393853 -0.854558693500805 -0.449418004757848
 -0.849354692597443 0.437204157569037 -0.295717991956951
 -0.561226869213607 -0.122634177821517 -0.818526273068088
 -0.0938789742958791 0.00413235517159361 -0.9955750407809
 -0.0581148282367948 -0.0220398389053399 -0.998066587077252
 0.113645178305592 -0.923763852113136 -0.365711797700033
 0.482524402647821 -0.300207202112525 -0.822827950819084
 -0.0256472700447967 0.0664022505158085 -0.997463261812527
 0.0309023629340064 -0.445776036425704 -0.894610959754957
 -0.151995123926015 -0.299696331347141 -0.941849027859444
 0.0952553641479237 -0.988594903178052 -0.11664704458933
 -0.906082186221642 -0.294346786941808 0.303932625476178
 -0.0663301458904387 -0.981600165248589 -0.179057050489768
 0.354660494902666 -0.901273027599948 -0.248843049081584
 0.080758545860841 -0.202035002288313 -0.97604298835697
 -0.194118396482872 -0.0662977005672298 -0.978735236438546
 -0.923235669576832 0.283725346218501 0.259105820726224
 -0.836506507410424 -0.00069538401046582 0.547956548917058
 -0.0697315162072202 0.269022153304845 -0.960606369268217
 -0.145949801899617 -0.90469327407674 -0.400285816843128
 0.00593968395978482 0.373480764355495 -0.927618908178835
 -0.972333766888587 0.226553753720001 0.0569248842214803
 0.269684356463164 0.676073654365159 -0.685707489934585
 0.0703317190950406 0.185056192615147 -0.980207965109406
 -0.811886958562254 0.156827469205614 -0.562356391818475
 0.238113372593551 -0.970607717852098 0.0349668391203331
 0.57749136111423 -0.0751857417203469 -0.812927322754251
 -0.0814119092069726 -0.516278994960569 -0.852542139956601
 0.0677161255866684 -0.504296570442335 -0.860871358203785
 0.422739500156909 -0.115631545552697 -0.898844069168942
 -0.00435792810915346 -0.994056162195694 -0.10878122477415
 -0.98361933522876 -0.173504455492346 0.0488795180872027
 0.156943206596216 -0.440892721662106 -0.883732107535241
 -0.443933117561489 0.131316979727427 -0.886385490611959
 -0.212658155088372 0.697204602699744 -0.684603718255096
 -0.0366798853004327 0.12962035952576 -0.990885032892696
 0.0698357611176461 -0.992271969135077 -0.102563666753468
 -0.18381825102725 0.286715719634628 -0.940215372509767
 -0.904233166778283 -0.0910943630990394 -0.417210015591306
 -0.311402659276951 -0.572898833555361 -0.758165753846842
 -0.987852393848933 -0.129151608318874 0.0864147558903007
 -0.976068065473266 -0.131403914978587 0.17327476068827
 -0.974028654044079 -0.183341535088279 0.132868591520171
 -0.909446483664607 0.145356752080347 0.389587612706994
 -0.982115469161223 0.181111585768992 -0.0514567656821851
 -0.875957572847857 -0.139021145040873 -0.46192147796137
 -0.140877785821595 0.625109311559842 -0.767718566965255
 -0.290700173580942 0.296930576937196 -0.90957442881809
 -0.382407912937479 -0.85367307920673 0.353562529067351
 0.0990638278880056 -0.162356506140579 -0.981746771279641
 -0.315564086507651 0.199011752089116 -0.927800425650372
 -0.869185129224848 0.305913907217269 -0.388502113900874
 -0.958295314323588 0.230316229575618 0.169187839218802
 -0.89292967067116 -0.0673225191793177 0.445134004145318
 -0.998729552128943 0.0474167411165158 -0.0170567982402865
 -0.83459365408471 0.112583854355071 -0.539238637617973
 -0.283699885299806 -0.906409924056251 0.312946360664601
 -0.435754673637658 0.673426225574924 -0.59717249024955
 -0.0580476040394818 0.844515067787086 -0.532376535870852
 -0.882602092734862 0.44756114463659 -0.143883868837434
 -0.218942835900985 0.342295522292258 -0.91372742654815
 -0.182006600424779 -0.899987894478466 -0.396100223673292
 0.0879224394846679 0.123785685455076 -0.988406165860716
 -0.909120412040366 -0.151409844839164 -0.388040120731524
 0.0697991932904167 -0.231947076020183 -0.970220916359617
 0.0962029174463933 0.150134613422337 -0.983973880002578
 -0.854271087737483 -0.344780252364799 -0.389034042514385
 -0.537919260138221 0.266813970624462 -0.799658161123838
 0.0826642503643487 0.241940285747084 -0.966763424962033
 -0.977593640305195 -0.0386620476751096 -0.206920082409622
 0.18435270401806 -0.615887458101603 0.765961304162538
 -0.273414044779199 -0.0689705127786657 -0.959420569137709
 -0.861533267377104 0.50714078107869 -0.0238465378918422
 0.0248745873396841 -0.180554975689789 -0.983250301631452
 -0.532396744867737 -0.158926396100319 -0.831442184807099
 0.155192591837117 0.0233056207247932 -0.987609288879722
 -0.252923454042511 0.0279782523269463 -0.967081663455541
 -0.703372641008073 0.479464060330001 -0.524767703591977
 0.0702104528175513 0.310127284218549 -0.948098918836206
 -0.45206236134676 -0.348802946063051 -0.820960490079351
 -0.384203187119898 0.530682268291486 -0.755489405040147
 -0.483879623886652 -0.517611478145511 -0.70564783516945
 -0.974776132182331 -0.134125939127493 -0.178386447301422
 -0.998782875447107 0.0440725966336186 -0.0221443884444503
 -0.653563134181324 0.0569844344749794 -0.754723793096953
 -0.938744997320397 0.208146262822333 0.274650620387109
 -0.941349876283558 0.27302449471146 -0.198287759855422
 -0.934887863435474 -0.185027376060272 0.302901886605722
 -0.952173714688408 -0.0523325583122833 -0.301042389701134
 -0.906135453071292 0.243800269946476 -0.345658746542466
 -0.695523097191613 -0.126050280930122 -0.707360550179627
 -0.963069065962447 0.0870402765315816 0.254797889409482
 -0.503124330403913 -0.011071525409247 -0.864143118632977
 -0.104154310702404 -0.122746582754006 -0.986957524913976
 0.0437576011884521 -0.71803271153749 -0.694632490962201
 0.0794320363613245 -0.89952223949128 -0.429593170639485
 -0.299088699392029 0.164646696854601 -0.939913514697418
 -0.971632134172881 0.19080505708043 -0.139729832302148
 -0.943422082886642 -0.322740941348706 0.0761121429154488
 0.200788897728055 0.220981462022641 -0.954385148664568
 -0.23664931248764 0.0725971025794722 -0.968879127443766
 -0.901992053420473 -0.244833940945954 0.355621536084629
 0.250235777618466 -0.962580941912238 0.104019161057138
 -0.993247693597719 0.0406868219827123 -0.108644381722013
 -0.899753271812076 0.336633597805604 -0.2777082474323
 -0.473482145674802 -0.254651113629916 -0.843188868554507
 0.501511205724059 -0.743349005564672 0.442627118983026
 -0.400242706293139 -0.903937483197568 -0.150674491967254
 0.00726344194980627 0.281321563414237 -0.959586067202526
 -0.358007478836539 -0.0148148422333737 -0.933601181204643
 -0.952020427724572 0.279841847044097 -0.123877543719882
 0.413899519308873 -0.853305481008364 -0.317107149078934
 -0.80116789474601 -0.417305396380381 -0.428936138113891
 -0.962794738695147 -0.161216080879332 -0.216877076720551
 0.440930389403541 -0.132760264117385 -0.887668352467251
 -0.813549747246443 -0.00759966836229737 0.581445658506478
 -0.49100418948397 0.267432005179942 -0.829092882923635
 -0.848239758956001 0.0402239567073723 -0.528082706243131
 -0.257289721728276 0.501339989805369 -0.826111501986832
 -0.542516329357556 -0.657818157627969 -0.522447417330538
 -0.961629272181753 0.268729155436353 0.055261052303204
 -0.000246356270555711 -0.777016783321808 0.629479831086604
 -0.922772551307978 0.126651406432726 0.363937137155825
 -0.922962742121308 -0.0493147861095743 -0.381716948178729
 -0.976269417458552 0.215764540019982 0.0185388188703013
 0.20637697936199 0.213798742443295 -0.954829115663681
 -0.987266754260608 -0.0814574972305668 -0.136634666452761
 0.312451912689349 0.430081614721849 -0.846996816366517
 0.317921376666157 0.156211840505804 -0.935159804067992
 -0.192265881616202 -0.892303162748283 -0.408446932312824
 -0.923560697649332 0.361247658810607 -0.128591472350754
 -0.014714716169905 -0.840082725361739 -0.542258694422536
 -0.472839763365538 0.120635031687121 -0.872851503584813
 -0.125298234461029 0.147843023746974 -0.981041687580248
 -0.260237052437613 -0.51833678087929 -0.814618719479413
 0.1161186556388 0.181234492157367 -0.976560554530593
 -0.175163913438324 -0.485456406331848 -0.85653352589396
 -0.843447871675936 0.537123973390269 -0.00967083113199829
 -0.152475997663155 -0.294124327495646 -0.943526337794478
 -0.0333984408914511 -0.782145892512917 -0.622199603801861
 -0.042786208500105 -0.949278631560469 -0.31151150865557
 0.423750716411458 0.118955495990781 -0.897933694831842
 -0.749414362852684 0.203393185908582 0.630086759641927
 -0.512989712548703 -0.385007347720405 -0.767209812906808
 -0.958997110369986 -0.252236562048805 -0.129233351221019
 -0.228804635992266 0.241158728627494 -0.943128255411329
 -0.955663216949471 -0.263720882784719 -0.130992792752261
 -0.141621781192316 0.242272712369142 -0.959816234460126
 -0.148557770868809 0.552724038365786 -0.820016296257037
 -0.711469787551604 -0.19739987527556 -0.674421256072545
 0.628516888702088 0.144746567384115 -0.764208709611951
 -0.964218069670775 0.26209336051753 -0.0398821325030711
 -0.947046490568498 -0.185068466655949 0.262397803633162
 0.724908676909722 -0.450005757752596 -0.521538328534451
 0.10387178954351 -0.976924115098072 0.186627770379646
 -0.973438799759855 0.114595357409904 -0.19820395349788
 -0.00205457826304788 -0.999995316700442 -0.00226832214304904
 -0.69035764495566 0.0256765981544586 -0.723012471786269
 0.0599770265763922 -0.990148347857851 0.12652669883239
 -0.275081207029192 -0.134063105248551 -0.952028052816974
 0.367995693170873 -0.927847729177848 -0.0606445485365295
 0.625614623656686 -0.339270904343008 -0.702496687631465
 0.688918966232437 0.145179031407988 -0.710150481802744
 0.186980163556174 -0.206293645844632 -0.960458926826461
 -0.839793554645049 -0.469786945079156 -0.272115805880193
 0.0479307220431216 0.490411481405107 -0.870171951277719
 0.04358826387078 -0.996362359618844 -0.0732264404945435
 -0.893673396024339 -0.295591962313284 -0.337599249190675
 -0.661549717734559 0.471866877427126 -0.582832412407288
 0.403174091114051 -0.858069410806452 0.318068449382562
 0.149331273560269 -0.0211855087873921 -0.988560238404462
 -0.667205499361578 0.0418927540489324 -0.743694708048849
 -0.416000757731312 0.446863940381195 -0.791994942126505
 -0.952123697773768 -0.214448777421589 0.217881128140995
 0.0648661647914757 -0.858506332547267 -0.508683848418137
 -0.99850039778339 0.0416927836380194 -0.0354777031235928
 -0.988739675917954 0.149158031743785 -0.0120720682560748
 -0.969805595437063 -0.196167771804675 0.144897592678941
 -0.326872802827815 -0.446613601095142 -0.832880821059242
 -0.0511596015265541 -0.984801937563062 0.165975416684774
 -0.966018056722273 0.00707532250913875 -0.258377734911342
 -0.209364273308203 -0.395603177055982 -0.894239748258453
 0.647274879726337 -0.758252394532932 0.0780290731735924
 0.102250033740386 0.466891196044757 -0.878383482117
 0.274612646999196 -0.153901385636528 -0.949158710441648
 0.261139270945899 0.32642705480605 -0.908433629419614
 -0.469928009928503 0.327464143276899 -0.819716353595903
 -0.168147901553154 0.543061415794943 -0.82268498337946
 -0.175850686770779 -0.386266924416811 -0.905469159642571
 -0.847240461172859 0.0431496166494197 0.529454163771152
 -0.851293120942596 0.516312012586333 -0.0933912624117757
 -0.893723338918411 -0.366296574611205 0.259008518973073
 -0.74042351914634 0.0371620140146054 -0.671112506968338
 -0.157413252464281 -0.787605265668777 -0.595734012323815
 0.585099543424113 0.412579993066323 -0.698166365278568
 -0.850632700605945 0.516744077955812 -0.0969513618132029
 -0.0688985795888979 0.276052274039766 -0.958669978526555
 -0.950664315009173 0.307252917623181 -0.0428136050827525
 0.0395382404223951 -0.919823583243853 0.390334860411851
 -0.243269437759116 0.385200160836165 -0.890191449489466
 -0.974677333986417 0.154975268972792 0.161204096163654
 -0.136949611946 -0.51078429296292 -0.848730940787603
 0.303433189997585 -0.835510443734646 0.458094529129332
 -0.486772419343993 0.182480303376004 -0.854256138781453
 0.286522831858607 -0.555650012782384 -0.780485573293101
 -0.748768204992996 0.599008005409709 0.283787921953436
 -0.243937464062024 -0.319526980283754 -0.915640225469444
 -0.287289010997662 -0.358522655059198 -0.888215362380819
 -0.0867650741689041 -0.729795645580084 -0.678137255721003
 0.357859326137453 -0.913892812828892 0.191668018605462
 -0.387787942214691 0.907790561733387 0.159802402674917
 -0.0367470295587151 -0.868336113982045 0.494613029522244
 -0.439496062080418 -0.266844334915619 -0.857693017541385
 0.275240233353423 -0.878815148068849 0.389777820646943
 0.0723230546928962 0.109426012502238 -0.991360339910645
 0.233751559991407 -0.918482689582784 0.318982377473049
 -0.434472628438696 -0.900684439386168 -0.00103720065342962
 -0.586268167640511 -0.266620313853519 -0.764985780163324
 0.104147977348677 -0.903978251985359 -0.414700516941653
 -0.234237687081878 -0.90240453207929 -0.361661120986607
 0.17836917779103 0.0301872912007019 -0.983500464597814
 -0.0827740646735246 0.221313694976093 -0.971683437459676
 -0.171465494279042 -0.29618392825097 -0.939614104256353
 -0.998476503915745 -0.00811751396962421 -0.0545781741646226
 -0.213761874577498 0.0201129408190853 -0.976678724345279
 0.311465842690168 -0.927161144483825 0.208233621196834
 0.737955086711644 0.457576118206919 -0.496030630146061
 -0.409034313086465 0.264717189969157 -0.873278729875357
 -0.137359908448215 -0.112782679762962 -0.984079429058744
 -0.435633369088238 0.78173386373616 -0.446223860887072
 0.182109427026833 0.102796291839928 -0.977890116000729
 0.641985470364215 -0.365192568551707 -0.674158025774258
 -0.46233676381506 -0.00201069462706844 -0.886702133713534
 -0.0411439935334146 -0.993385731449487 0.107200561326371
 -0.0597757311981631 -0.896844363313966 0.438288774612916
 -0.461090664789885 -0.626612122637386 -0.628293439888952
 0.139074173686913 -0.900092455112225 0.412906704309035
 -0.00876353247746818 -0.966530027704264 0.256403794910511
 0.105283377622075 -0.875801979012748 -0.471048090914125
 -0.122125502716949 0.0575947228302314 -0.990842171835778
 0.15427987352839 -0.978185123084174 0.139109976640292
 0.062743261493435 0.644855235110875 -0.761725021833513
 -0.521279800802887 0.841371234657595 0.142694830900266
 -0.00632231782075991 -0.894060041554797 -0.447902523315518
 -0.860789951252188 -0.356053634058291 -0.363684574180896
 0.265066924269012 -0.962874901825372 0.0511023394116756
 -0.828407994679944 -0.371796870546521 0.418935891756922
 0.457816822487515 -0.102556457690567 -0.883111504869797
 -0.578469374267538 0.144546682341442 -0.802794768081236
 -0.266406389078586 -0.962376675517952 -0.0534674693353162
 -0.768303815897517 -0.0195071247082517 0.639788026273493
 -0.689690257425827 -0.195258737329104 -0.697281416867351
 -0.402727904879424 -0.913501946098057 -0.0576578624863274
 0.165646739189937 -0.239563854062898 -0.956645345790315
 -0.531263425661602 0.590588700639258 -0.607424200399962
 -0.866515080149477 0.473667431613835 0.157450881553259
 -0.186073140590943 0.500811447807532 -0.84531927701641
 -0.116620474010432 -0.0713597503293172 -0.99060963606989
 -0.0389043328984744 0.14510052068454 -0.988651754552026
 -0.543977045535551 0.359637917787277 -0.758122379316192
 -0.135623678154171 0.427748076847847 -0.893665373994597
 0.143013711972251 -0.0998149921927257 -0.984674588644129
 0.543460011015506 -0.0519534610028405 -0.83782578995687
 0.0265517135357336 -0.915147798638642 0.402243102060388
 -0.990476307112227 -0.136552945036193 -0.0176061992283541
 -0.0604891311759277 -0.911162534887478 0.407582997715812
 -0.0113073891631107 -0.988084561452595 0.153496066299263
 -0.169185034282415 0.00516064884295133 -0.985570794960148
 -0.690082779820359 0.157191277826988 -0.706453578921166
 0.406420323775783 -0.231419978094119 -0.883893270797389
 0.733824014981897 -0.346313554864646 -0.584439249839417
 -0.9173801505153 0.154528887379711 -0.366789425155243
 0.389863386140335 -0.899427769996328 -0.19757587582148
 -0.183240513874583 -0.929230951888656 -0.320862512810521
 0.0687788507791967 -0.0184558873244258 -0.997461202207164
 0.0030218939217003 -0.996475041544004 -0.0838353131860363
 0.690082865348958 0.619547975808701 -0.374093497167636
 -0.0808117879446964 0.385737181803243 -0.919062719026114
 -0.085205114862938 -0.254654812225162 -0.963270997700938
 -0.0937652313702499 0.0421560210315372 -0.994701438260181
 -0.0323623139802021 -0.0766054021631265 -0.996536147359077
 0.656339243068909 0.0375956402936444 -0.753528609834187
 -0.625599297343246 0.386783443580821 -0.677513163662078
 -0.7702993329811 0.570594644586988 0.284711589468221
 -0.961689910953386 -0.144542178042846 0.232937918633052
 0.737830280769178 -0.332173071199511 -0.587594696665959
 -0.0398754505157955 -0.984321668306421 0.171816185933185
 0.779199735660837 0.436326296694618 -0.449963481583608
 -0.943567027470647 0.156919226836326 -0.291646397062086
 0.728761764575863 0.247658599638086 -0.638413274076892
 -0.963364341286027 -0.0800305628603226 0.255977059415094
 -0.545443675705843 0.620960071058728 -0.562938528423165
 -0.561827795046507 0.309599547284958 -0.767136004261389
 0.00473325710495463 -0.110771566157976 -0.993834622262722
 -0.0240945020612182 -0.987348322508693 0.156725061842998
 -0.00897657880792926 0.178229937504303 -0.983947920578176
 -0.492664638291779 -0.123514256188331 -0.861409184241191
 0.172945153033992 -0.949580202523226 -0.261509871741006
 -0.182267713405715 0.176095944974346 -0.967351383321203
 -0.0480332471458054 -0.3043397193013 -0.951351744847423
 -0.911613698033545 -0.206360494815422 0.355493757662689
 0.430194898804535 -0.814726009976965 -0.388785130515007
 -0.397167003697367 -0.0795942703279648 -0.914288315196588
 -0.884534343178256 0.466414412365411 -0.00752274391685897
 -0.115346916301277 0.124909947896526 -0.985440304542225
 -0.776749238405051 0.341439319630387 0.529225671757817
 0.0147068249091789 -0.929337808837219 -0.368937591425335
 -0.948342878240873 -0.307622021209914 0.0775530615549389
 -0.986977102804109 -0.0167212058201002 -0.159989374073184
 0.00481561836189478 -0.0882380538817748 -0.996087775081569
 0.537484855815967 0.599642123388056 -0.592907542224885
 0.430033474272255 0.367477032341391 -0.824640431768234
 -0.683992637223786 0.0754733324536698 -0.725574150801962
 -0.17935089530986 -0.774847875872795 -0.606171613989775
 0.0803583052813621 -0.00316740230164442 -0.996761009638202
 -0.904071500932946 -0.0924067634454039 0.417271747510415
 -0.335491761190403 0.0812396201431064 -0.938533644731166
 0.495969758552314 -0.852344842511467 -0.165898366615411
 -0.513916132336288 0.324309774369376 -0.794174652814477
 -0.894330601930137 0.322741110759377 0.309856337480907
 -0.437385988039698 -0.861630997836282 0.257459746434642
 -0.0596362236636516 -0.358532478361508 -0.931610424365837
 -0.0595255060415393 -0.996118977279134 -0.0648359254955953
 -0.383156038674317 -0.231680567101463 -0.894156342512287
 0.0779257280726561 -0.24454500423937 -0.96650158913781
 -0.0617734883898016 0.146345994034884 -0.987302834069718
 -0.962293130105106 0.0711795806804977 0.262536471840896
 0.33427269713757 -0.901975503559483 -0.273316583702841
 -0.473553923524382 0.208180396622949 -0.855808158395663
 -0.971372688091706 -0.162482190925233 -0.173305044536012
 -0.178592224909282 -0.718700957090771 -0.67199237456891
 -0.163741533709108 -0.0785497491549828 -0.983371062746041
 -0.947578772570829 0.312855699556544 -0.0649290461053207
 -0.991996829882282 0.0463225697224265 -0.117458541783107
 0.126496052508709 0.191918931586353 -0.973224471742499
 -0.11209371178149 -0.518393376920642 -0.847763709145339
 -0.092867246468663 -0.99059777015609 0.100457614420768
 -0.244370655966575 -0.906808310976529 0.343484598848857
 0.018998121144905 -0.407399568977662 -0.913052387648036
 -0.19530197650038 0.634313573193518 -0.747999618206799
 -0.240125752710212 0.0839986970119167 -0.967100740246669
 -0.0572459810445091 -0.158113607979039 -0.985760105008365
 -0.390218422329962 0.0708223103293851 -0.917994435295729
 -0.0588566446928327 0.0856227471923819 -0.994587673631003
 0.620548661058068 -0.540035645022887 -0.568577929015674
 -0.24525727901451 0.122143851825029 -0.961732679361445
 -0.886840853516426 -0.0497309825584157 0.45939104247692
 -0.438100235321664 -0.872832958823351 -0.215013510744739
 0.354890666062816 -0.932826647394842 -0.0623462994217846
 -0.924275315442971 -0.00272836145914971 0.381716776296961
 -0.0369120353402538 -0.954758247059949 0.295083363336623
 -0.871418769200233 0.227319467255455 -0.434689761200153
 -0.11505197637264 0.231440327494929 -0.96602195499988
 -0.0246692936995694 -0.0120965993373211 -0.999622477854933
 0.343399259546514 -0.152355859107787 -0.926749502691226
 0.385855077175206 0.20343992747561 -0.899848906943179
 -0.0798537567201195 0.238417678836272 -0.967874159152939
 0.397793090326046 -0.239650797080936 -0.885623030836104
 -0.509217466836133 -0.801902353156607 -0.312490299802871
 -0.448259994303226 -0.288131496045629 -0.846193369445648
 0.1071562102076 0.0240677150979973 -0.993950849742535
 -0.939158206257472 0.292232826652811 0.180504400627119
 0.213161262913565 -0.934212514146739 0.286023171097593
 0.0988128867928861 0.663187438764808 -0.741901903534579
 0.0899328203727592 -0.995720295874721 0.0212880295696675
 -0.244685437829451 0.59010550037542 -0.769353322564402
 -0.29367342896265 -0.950066025326845 0.105501017250877
 0.111556049154887 -0.442911049129015 -0.889598252278178
 -0.620953348001287 0.701129965332778 -0.35047640622223
 -0.640428456501256 0.300778406378065 -0.706670886877399
 -0.235375018542012 -0.965926506398933 0.107631709464727
 0.125809753018365 0.609423905458992 -0.782799086292625
 0.516097531474489 -0.855712182215731 -0.0374165633581104
 -0.835245844391005 0.324091792006694 0.444217165113468
 -0.310967128982527 -0.0166492262638987 -0.950274827593143
 -0.216433238634965 -0.565800405708329 -0.795629658895564
 0.736557804651941 -0.625199312433487 -0.258086071183641
 -0.966825065137952 -0.244123006164009 0.0751881059905302
 -0.224149717616612 -0.972053426257376 0.0697785109735759
 -0.588202689387446 -0.446222851500567 -0.674464797447635
 -0.0830462458356176 -0.994998368309 0.0555118736401255
 0.211913053639838 0.326950161373208 -0.920975813838275
 0.427105633265138 0.617946161170802 -0.66009341757622
 0.503890001205572 -0.752094234665232 0.424793042396375
 0.327144310156986 0.179228801084323 -0.927821985724517
 -0.981157655349395 -0.165797783582958 0.0992005559876325
 -0.91469530826576 0.336395736293562 -0.223987503312391
 -0.923087422793885 0.150012357859896 0.354126957981256
 -0.779186396686799 -0.0599310045720802 -0.623920534931511
 -0.555177927674456 0.134120513351438 -0.820846609618047
 0.192824542986989 0.0648790519491183 -0.979086004516479
 -0.895186713360563 -0.218769000076074 -0.388305128511622
 0.014146694263509 -0.080863553998616 -0.996624782290772
 -0.801150032086382 0.437903919867156 -0.407920069441268
 -0.843128060571837 -0.208191116456361 -0.495773670645211
 0.53510604375338 -0.809584162604259 0.241319302168239
 -0.0666700755737516 0.724502254033275 -0.686040512596519
 0.333443052939802 -0.935183840451762 -0.119360441537715
 0.18628723033402 -0.966788016875173 -0.174979993830866
 -0.639916731148535 -0.0407108554399638 -0.767365104396545
 0.598264930254769 -0.0824194037192647 -0.797048376899305
 0.0996895799866073 0.260819102640326 -0.960226735380758
 -0.205532119750098 0.298304770506142 -0.932078758284036
 -0.205240720710976 0.0102029928150538 -0.978658339513671
 -0.981043313282418 0.190018391416788 -0.0380398263302012
 -0.999285437342107 0.0338303692544365 0.0168558841981954
 0.279308122279353 -0.958825628221693 -0.0513847009727288
 -0.878784629916274 -0.0559652045088131 -0.473925595539219
 -0.481380525371869 -0.220587891259337 -0.848300519876336
 -0.192348930264333 0.178027765039863 -0.965043006244322
 -0.352009426008121 0.505268447633134 -0.787904283417622
 0.000321530006306962 -0.73003490743015 0.683409782306273
 -0.601216323674433 -0.232400776813234 -0.764544839158571
 -0.0127088534804949 -0.155293985347405 -0.98778654736645
 -0.864531803292917 0.0603852933347966 0.498937248002158
 -0.179548393426053 -0.238817768213726 -0.954320935536646
 -0.794078357485476 0.139495802105364 -0.591591483515567
 -0.653790700891235 -0.406697157470412 -0.638087095570531
 0.00943181451549543 0.180250895656482 -0.9835754447372
 -0.979326937324062 0.0228283389344439 0.200991583836158
 0.234335666029433 -0.971780542022494 -0.0270069208354092
 -0.258959586684173 -0.0294662765059325 -0.965438589975167
 -0.992636793202722 -0.0163807586497896 -0.120016113610939
 -0.639766190867093 0.35637984634629 -0.68094979707876
 -0.983005356107186 -0.121319845112684 0.137775052336841
 -0.41976182118965 0.122301499910094 -0.899356634818074
 0.717914970480943 0.481200335970312 -0.503035119868788
 -0.13173726473528 -0.990578540043954 0.037409211224716
 -0.34537795698176 -0.902102997301988 -0.258697215079472
 -0.96504594254661 -0.135826412863935 0.224137266742596
 -0.379632519015198 0.350023799453073 -0.856365862422487
 0.103220934330602 -0.743162019231434 -0.66110184683434
 -0.241249594695109 -0.951689240583481 0.189963739742834
 -0.0484618371214632 0.272001774908856 -0.961075691498461
 -0.957225302841923 -0.0187453566263311 0.288735746322032
 -0.158014215047047 0.294065750621785 -0.942632930760597
 -0.248704403324438 -0.156699284698812 -0.955819781099929
 -0.181661564524951 -0.279182461502912 -0.942897782987913
 -0.473896869875496 -0.528138874998709 -0.704621235443061
 -0.233334310828494 -0.65630884575729 -0.717505260169516
 0.193445224810274 0.483075817873558 -0.853941859369767
 -0.939277653261174 0.342579168422565 0.0199249453471077
 0.211922103911241 -0.966005180122853 -0.14806422204452
 -0.544400166893744 -0.82929571766055 -0.126083587179053
 -0.8770908612162 0.477530356941675 -0.051733735320212
 -0.445506441154985 0.665720284596221 -0.598615497265603
 -0.638246966814916 -0.732615034478395 -0.236465685899199
 -0.892741508722524 0.390554271641704 0.224677456604461
 0.143499030614167 -0.984894452733048 -0.0969068892724601
 0.121861313939813 0.653338518913895 -0.747193816802749
 -0.977988641270052 0.0511180647383229 0.202299681176631
 -0.322624058327639 0.510101220331421 -0.797314531414422
 0.174814506099515 -0.952427533926398 -0.249643107407481
 0.187548866412087 0.781297885977994 -0.595314233051637
 0.0259903608722908 -0.109655896980462 -0.993629752674073
 0.109955995403045 -0.521541886004854 -0.846110950299915
 -0.567215745048839 0.0375047968077311 -0.822714828348865
 -0.129420556365379 -0.161790059247931 -0.978301740936112
 -0.0864542674012977 0.572614320818575 -0.815253641047733
 -0.680227847948757 -0.451226869142314 -0.577654210959314
 0.252731178277832 -0.813410259052669 -0.523918602450962
 -0.991648526321154 -0.0598858404876917 -0.114222967717383
 0.0164411859438192 -0.855061778398592 -0.518265417066002
 -0.994093186883196 0.0773885799749561 0.0760903639225862
 0.184204513206724 -0.982887519477319 0.000906294652624684
 -0.496334511768396 -0.865083618983203 0.0726800150973567
 -0.0324003144340706 -0.0624569638618774 -0.997521602417577
 0.255712331258418 0.463919357363354 -0.848168635063781
 -0.987028148257818 0.00831698504131812 -0.160331725826692
 -0.772679907165091 -0.248279726706182 -0.58422849842339
 0.780006143921224 0.510334735896777 -0.362144822940092
 -0.979515554007046 0.199247014928575 0.0291531559238638
 0.021109442983703 -0.461576505780463 -0.88684920969036
 -0.312214858577541 0.257728286730041 -0.914383952343108
 0.420026305751338 -0.21441277809962 -0.881819178213134
 -0.629468891787679 0.761511941952743 0.154494260524309
 0.12508545295147 -0.835340991311715 -0.535312112411336
 -0.924270526631613 -0.263261976146572 0.276436476456207
 -0.321772016318118 -0.234517487175906 -0.917313641958557
 0.31985639061114 0.093776237772512 -0.942813823941104
 -0.0131364887931091 -0.998581431612703 0.0515999719041999
 -0.162911262248844 -0.00902237232793795 -0.986599471634799
 -0.856062702385416 -0.449730249737074 -0.254753512352642
 0.0366843467344972 -0.680365688700917 -0.731954088958584
 0.208258384319205 -0.914938695220322 0.34571032577765
 -0.769636613251633 -0.216501431147132 -0.600655153856021
 -0.506888747556207 -0.540969315684774 -0.671130387546599
 0.176830195882795 -0.748430076058632 -0.639205368465349
 0.640221400406374 0.104592992871252 -0.761036703650971
 -0.307997988694778 0.485136836624653 -0.818400567393374
 -0.894577817129172 0.369093095697706 -0.251993682080902
 -0.119685646180981 0.780541989550197 -0.613538546993798
 -0.211963470089161 -0.976435297590819 0.0405659582222487
 -0.91770223668698 -0.129812324793081 0.375461536127909
 0.332752777347929 -0.895000506699175 0.297068480615933
 -0.558663292952744 -0.44474342880633 -0.700070430485951
 -0.970787120751013 -0.221545191756705 -0.0921417071333183
 -0.379552326590487 -0.622305376451329 -0.684599189175329
 -0.783304464529254 0.0496187494944626 -0.619654819675555
 -0.807868557904716 -0.58745477312582 -0.047384413899981
 -0.954538811626194 0.0556933828179185 0.292837675529552
 0.284472143828167 -0.930235532092752 -0.231813403878898
 -0.465817525578732 0.145258295515883 -0.872876887337228
 0.280227980039293 -0.947807385600367 -0.152096808002324
 0.394201824422747 -0.419438019741995 -0.817726524711466
 0.0310927243629212 0.00155356507964328 -0.999515296995116
 -0.439147314880911 -0.290883012017707 -0.850021593344776
 -0.940726399816253 -0.15876404209365 -0.299712895329575
 0.280411096848746 0.202752883116927 -0.938222193913498
 -0.991351220383676 -0.0738687058239674 0.108471987829528
 0.117064615419812 -0.989195862535392 0.0882463674010115
 -0.109089243396593 -0.0904008499033627 -0.989912735200386
 -0.488839785309337 0.285156449218668 -0.824452220427431
 0.321319405219909 -0.74665300568603 0.582462985029213
 0.373900914977088 -0.357712591508024 -0.855710118939767
 -0.462418931226965 0.06304054501713 -0.884417673798333
 -0.943865958108898 -0.256359094055225 0.208319629460012
 0.217575308957152 -0.976026946867299 -0.00569068722554318
 0.348021218088506 0.390068572421343 -0.852483278762327
 -0.872313115646497 0.246000901249409 -0.422555777212404
 -0.819885135662334 0.51258317490804 -0.255042845657646
 0.299183473561312 0.206624386527829 -0.931555479850656
 0.465079187385407 0.418743080004489 -0.779971526665739
 0.131290408407546 -0.0971793995845094 -0.986569304690033
 0.0767116761672688 0.0409986966587584 -0.996210030872954
 -0.943359610670214 0.239536951089905 0.229553248765283
 -0.609784324351068 -0.16799232743827 -0.774559007240627
 -0.914006298870718 0.397027321109109 -0.0834373532512627
 0.588628517472618 -0.364665054597681 -0.721481715896709
 0.079181589913791 -0.982390402144361 0.169231715684044
 -0.935926677651641 -0.276105849952149 -0.218647693063894
 0.0739336987696679 -0.60480328908585 -0.792935552045167
 0.336482831513565 -0.927556311569193 -0.162537973916151
 -0.347766303134079 -0.728155078880698 -0.590634218027283
 -0.381905204196057 -0.921892711397 -0.0652858612645611
 0.505308318973868 -0.497584858093706 -0.705033908242482
 -0.0371204297110989 -0.626653332316292 -0.778413562828237
 -0.688091595472308 -0.581500564494381 -0.434035770107823
 -0.160053136181099 -0.826260621732588 -0.54007071627026
 -0.965058687904036 -0.143427142691508 -0.219295197485697
 -0.482978876460504 0.22526498997732 -0.846160203025094
 0.140453931951556 -0.837299958848639 -0.528395185359799
 -0.865126468125157 -0.326052551212689 -0.381111437767208
 -0.995474158716759 -0.0253743778128623 -0.0915824234106659
 -0.744332904018467 -0.648692883158633 -0.158638177418854
 -0.0243744769411656 -0.289643386389913 -0.956824222934614
 0.341843619992155 -0.0709315810780684 -0.93707611765343
 -0.258406019962635 -0.394826079326597 -0.881668132536647
 0.462614770826162 -0.665252464211946 0.586026221830894
 -0.972306504961373 0.0973817799975933 0.212454346470717
 0.378408257790297 0.302809624150799 -0.874707678003208
 -0.778785616767888 -0.567745224514756 0.266755174563025
 0.327677321833983 -0.728739231295067 -0.601304170555288
 0.173097548560286 -0.786568184595742 -0.59274592336361
 -0.567041244981485 -0.327801027361956 -0.755652508068552
 -0.533168858793511 -0.595238818279501 -0.601183596936949
 -0.0640740476694144 -0.80879304511183 -0.584592444865644
 -0.905476877359734 -0.255683852474101 0.338729083709781
 -0.16676464613739 0.369355776267047 -0.914202309850964
 -0.954857938047857 0.0555327926914957 -0.29182602194266
 -0.964809545195148 -0.217097218161956 -0.148362189814897
 -0.972478572841758 -0.0749998746524347 -0.220591124403899
 -0.67410266482392 0.738410265328532 -0.0183269565050292
 -0.843006244944833 -0.0535314101245277 -0.53523346225184
 -0.117643225360119 -0.992919623501237 0.0164527442401053
 -0.940374165426046 -0.212668165992625 0.265459375748156
 -0.186195550525948 -0.0361296195326256 -0.981848189669242
 -0.993361147640394 -0.0882051017382039 0.073847751393752
 0.540149350524654 -0.816065867714151 -0.205609286462806
 -0.799585433824888 0.060821308383194 0.59746456167845
 0.382040263923081 -0.0573586143828678 -0.922363933649652
 0.151837236924818 0.225648725945647 -0.962303541488933
 -0.936632313589931 -0.194166026334556 0.291580972212902
 0.366811668968878 -0.921543377284935 0.127306729164417
 0.353939217726433 -0.891996403827997 0.281192897693241
 -0.86745220470576 0.144460405713203 -0.476085983549498
 -0.190532439469303 -0.872560255813605 -0.44981772917969
 -0.00940107166553448 -0.999595738426244 -0.0268324350671255
 0.10677328958591 -0.991754992016958 -0.070862546104749
 -0.992060149672302 0.125764300631265 1.0904099334466e-05
 0.156906182582525 0.123335683501126 -0.979882012817201
 -0.856691595501011 -0.475491683591926 -0.199967920009303
 0.270027346999256 -0.953770350620736 -0.131936917310288
 0.204777315873878 -0.967149194747329 -0.150627640236055
 -0.731547320930193 0.103651187368158 0.673865675485129
 -0.213110939266248 -0.943297538693309 0.254506347779782
 -0.766196986377952 0.096240354068045 -0.63535814491844
 -0.533872517293061 0.242131150909644 -0.810155936248289
 -0.365228351680778 -0.729044706380168 -0.578880011079668
 -0.421813357571647 0.615390870767913 -0.665858519168782
 0.479969979219606 0.500467990744517 -0.720528007289153
 -0.780285673403065 0.226996704493449 -0.5827750544001
 -0.348379218595757 0.745477802639505 -0.568238300207215
 -0.795248975802643 0.242068601253886 -0.555861366504126
 0.339132583504298 -0.940729463172185 -0.00414341953849663
 0.5377010700391 0.616993310380608 -0.574627543913783
 0.298694737887876 -0.366640556280653 -0.881110751295379
 0.623625168678917 0.272933539006861 -0.732529134079582
 0.431632435842736 0.536429636957498 -0.725214923262141
 -0.0864979417663386 -0.987962158687909 -0.128253183472825
 0.275308105034716 -0.0818988064635316 -0.957861176163876
 -0.120674180812623 -0.97923503584698 0.162900235282108
 0.455111942841651 0.339270360181496 -0.823267114723536
 -0.916488741306557 0.389894467627293 0.0896141237303141
 -0.96310023456168 -0.140273870207334 0.229698018111374
 -0.871761420800929 -0.287287550893151 -0.396860036165096
 -0.0946696317725954 -0.921665290928031 -0.376258890019345
 -0.55727520121817 -0.678601046007569 0.47848194371855
 -0.357076717988724 0.0820006338059409 -0.930468760102039
 -0.855352200750175 0.244532428067191 -0.456701767344287
 0.411415178940144 -0.875901267365019 -0.252060549007582
 -0.96404446643358 -0.253666187264444 -0.0791942685900525
 -0.0702487969445841 -0.99408037286895 -0.0828813537809805
 0.475568565190113 -0.833537153834529 -0.281158946114915
 0.24734663338632 -0.901372082419934 -0.355454655316829
 0.304119687328714 -0.116317266479419 -0.945505954131353
 -0.181175581631637 -0.15780197687233 -0.970707960570852
 0.157241762830932 -0.980621662166769 -0.116859675299498
 -0.853175549827259 0.13720377228023 -0.503256004483829
 -0.269287944805632 -0.930641508404548 0.247770832861469
 0.189708932416785 0.100011611166487 -0.976733432720088
 0.0482613449666447 0.760446370089672 -0.64760494192019
 0.421835757953428 -0.906647867791808 0.00665110069285311
 0.341501328206126 0.192996407108873 -0.919852830444369
 -0.845098631826718 0.533580149747462 0.0331741809256191
 0.203406314563466 0.51406029611193 -0.833287395294699
 -0.933770830713324 0.270547833813882 -0.234256067856448
 -0.8010996136824 -0.544548831752833 -0.24840688153619
 -0.360340478225252 -0.925737323496172 -0.114739477245369
 -0.16940635366328 -0.959139594435412 -0.226611398046931
 -0.44423872791762 -0.889773249087081 0.104668609559668
 -0.257191779037963 0.381647134282688 -0.887805076404218
 -0.222521871897547 -0.396622440066781 -0.890603535004597
 -0.132273755951379 -0.795034034718363 0.591966668931585
 0.105850996906423 -0.994301653817803 0.0126407147384622
 -0.605277379458428 -0.189311648566267 -0.773175525759229
 0.303064770397255 -0.927787623840718 0.217627824489547
 0.0899343362070069 -0.0314818881857257 -0.995450001701375
 0.358582926939917 -0.819335562831333 0.447333790347951
 -0.331071551502136 0.141380128750449 -0.93295406477515
 -0.791005512996357 0.576931578371509 -0.203617858468087
 -0.130130714161572 -0.0536199909504028 -0.990045904896474
 -0.731750087421249 0.0958295817928285 0.674802564319673
 0.140748691320468 -0.921752991931868 -0.361332572232598
 -0.613541951111077 -0.774898888298356 -0.151980219570789
 -0.757787404259 -0.332122071754259 -0.561652187212038
 -0.375879021106408 -0.524067339805285 -0.764243668499452
 -0.00695493496578815 0.422266242171198 -0.906445171867685
 -0.647357764481076 -0.0939116607774206 -0.756378559146206
 0.11414039084904 0.628297422716099 -0.769554624302354
 -0.907936285803408 -0.418289411223962 0.0261852893706169
 0.0948866683462929 -0.584644014836877 -0.805721971951589
 -0.828022988839118 -0.431070063713442 -0.358547807306115
 -0.997729627953113 -0.0313432389453942 -0.0596086476692274
 -0.435775259529994 -0.620683118721921 -0.651807018461137
 -0.764303133832709 0.642400673583233 0.0562325012186872
 -0.998346292620299 0.0532978272371677 -0.0215411611363484
 0.390278932881188 0.136235489154185 -0.910561500418309
 -0.505438437963437 -0.323702068263251 -0.799843082380021
 -0.615212311950256 -0.232015164570354 -0.75344726068532
 0.305104811445464 0.389439540677899 -0.869049997519944
 -0.100017895794077 -0.993999890385522 0.0442790970379356
 0.423829282213183 -0.889181267708265 0.172410593338637
 -0.375842855004012 0.298637070839665 -0.87724457722048
 -0.854541780724488 -0.460405530956093 0.240385299178753
 0.0601176320694227 0.74244707623521 -0.667201775555307
 0.458995105919486 0.256336302074322 -0.850655742930606
 0.21069463414426 0.419016962419655 -0.883194517842713
 -0.869847774356669 0.355004244533545 0.342544647907272
 -0.596557523509439 -0.631414701961292 -0.495413559858243
 -0.318828360957797 -0.598526370276476 -0.734924935168642
 0.00618421948819771 0.0678325412115817 -0.99767755401337
 0.0415325284281037 -0.985524619125123 -0.164366280546377
 0.442375400779031 -0.678914055013515 -0.585986101107098
 -0.0739607697880287 -0.946607048486034 0.313791173057692
 -0.0703930868497755 0.239519046996788 -0.968336428855958
 -0.99478404035503 -0.0722234701118279 0.0720311281317211
 -0.404039753644248 0.131645397239453 -0.905218960727603
 -0.514844753987648 0.237913797172343 -0.823609072561999
 -0.858157086576028 -0.236339606492802 -0.455752131275512
 0.338427927182408 -0.889392403497312 -0.307323430125811
 0.46328571199662 0.165992719139818 -0.870524420250434
 0.190197770339873 -0.0975457359236604 -0.976887730274494
 0.559788531139554 0.44658056967441 -0.69799899369118
 0.399643175131224 -0.888470289516799 0.225623308230707
 0.0569210584108041 0.263573292490324 -0.96295852070336
 -0.796739426201954 0.136551383756212 -0.588693473999538
 0.121823958283472 -0.978900182764584 0.16405290418524
 -0.412511333512372 -0.720427979085376 -0.557510472255729
 -0.245296065146436 -0.460514169504695 -0.853086478681427
 -0.113988393616504 -0.354408903666715 -0.928116897337015
 -0.313230573808722 -0.808232261688531 -0.498645383812285
 -0.978931999758447 0.103096983676626 -0.176247416451161
 -0.95713259260036 -0.288936550330495 -0.020319204345335
 -0.0496713368876149 -0.996564606314903 -0.0662702326253646
 -0.197292674674939 -0.966777011932009 -0.162535564475673
 -0.0108973129903228 -0.995819590697359 0.0906895327639035
 0.807573325666813 0.12270921183769 -0.57686027164437
 -0.393196706856475 -0.179182847321321 -0.90182584623809
 -0.160466447909842 -0.941497742234016 -0.296365518344236
 -0.623535724151199 -0.772847650928236 -0.117939430056056
 -0.241494839216098 -0.42575088142942 -0.872018594752464
 -0.997310037001899 0.0246432377280014 0.0690318834275312
 -0.339812272265631 0.661833689201797 -0.668209388930751
 0.0195676001540475 -0.20141630572256 -0.979310257688179
 -0.522532937856866 0.574453254607933 -0.630049829081023
 0.406679985643987 -0.619008480572236 0.671892766932535
 -0.912751546824956 -0.40693296663048 0.0359189982873553
 -0.0682427503371439 -0.995531423978696 0.0652695250279305
 -0.241996353251728 -0.285956681039756 -0.92718204338824
 0.467923996108627 -0.0900015452384326 -0.879173962148805
 0.176731584996711 0.386319845604022 -0.905275054200123
 -0.791942876865388 -0.471129395703084 0.388411601637515
 -0.380395488509864 -0.775146773170512 -0.5044271526838
 -0.255814712329652 0.807201396172425 -0.53196309925876
 -0.85296262009376 0.435341131739293 0.287980672509007
 0.13803281081083 -0.83106533451905 0.538773934874731
 -0.191341642894018 -0.884322450461161 0.425866386681299
 -0.868949615201858 -0.221074000816735 0.442778559105367
 -0.108553525514439 -0.989870283137082 -0.0915038505227963
 0.443952222449195 -0.286217576328508 -0.849108899484074
 -0.191309708906575 -0.958249196664881 -0.212506640764924
 -0.908884352275752 -0.231426846380311 0.346945022968699
 -0.876011877317366 -0.0216229218881698 0.48180456623814
 -0.116793674394363 -0.358360213459273 -0.926248991918959
 0.272206510558297 -0.917419942982786 0.290248624160629
 -0.0689712559014519 -0.0725393139679846 -0.994977896130578
 -0.435748228074334 -0.662474533807819 -0.609303679445801
 -0.405678022350926 0.839939448978469 0.360453969642711
 0.277427858443648 -0.455383684012948 -0.845966597268572
 -0.223505146005705 -0.669651238421709 -0.708246192075355
 -0.806627419533113 0.00873647354247432 0.590995668416776
 0.146574591425727 0.0333037357924853 -0.988638837154724
 -0.698258593269085 0.059035887782288 -0.713407107393552
 -0.0861353009295543 -0.900637397509084 0.425949513606764
 0.323184746416394 -0.945028539806571 0.049726035784392
 0.661290230686434 -0.724466898804629 0.19453262794474
 -0.586971065438721 -0.727297635927067 0.355672766897653
 -0.960094759576871 0.097575111382388 -0.262101412189527
 -0.531633099934429 -0.764234410060789 -0.365119177164316
 -0.618772749524354 -0.18446062795857 -0.763606286759873
 0.557353394830607 -0.768044438186959 -0.315380618048854
 -0.253337859318978 -0.922533640809918 0.291121298790857
 -0.889582867149104 -0.153342873357991 0.430265366564745
 0.47947952400116 -0.0232566171257188 -0.877244843714392
 0.512131033210615 -0.776638063466845 -0.366817561189616
 -0.442863095840499 -0.144876448891566 -0.884806811060549
 -0.418162134379139 0.689513957741876 -0.591363620330687
 -0.63194286087438 -0.0155387474436178 0.774859192316764
 -0.744131433424891 0.00053697411362817 0.668033024219476
 -0.626217613532409 0.210766319147039 -0.750619117272524
 -0.994544108938693 0.0625578437795245 0.0834777309046985
 -0.993000749233119 -0.0614092117139752 0.100888159558658
 0.345815326934536 0.447547119971493 -0.824689841735899
 -0.221579650494847 -0.974760514450507 -0.0272836572835232
 -0.755964017838984 -0.394451772433344 -0.52242339434307
 -0.230334096767633 -0.740906845362745 -0.630874987902409
 0.120278485292908 -0.815154760671043 -0.566617862523746
 0.289838781967658 -0.6412782874686 -0.710461567214472
 -0.981666953412089 -0.103993819599647 0.159735024536585
 0.118783572633733 -0.461792519725185 -0.878998368370631
 -0.835553963712953 -0.457748522148481 -0.30383525831354
 -0.918884908568574 -0.387100558835823 0.0761819017478354
 0.661080620846879 -0.733395135017221 0.158442382820307
 0.0909993669963456 -0.792018069614374 0.603677473996326
 -0.916891865653935 0.203085951446782 0.343606465338769
 -0.887427628677642 -0.00761012404577915 0.460884247801532
 0.78915990128949 0.2541432254867 -0.55914029646948
 -0.986036899202865 -0.0367493561561164 0.16242142171681
 -0.90293140721234 -0.408865549718988 0.132453146895549
 -0.994179210018111 0.10446301768273 0.0263661962440868
 -0.490763136649306 0.465144040885534 -0.736744572382323
 0.681131306324446 -0.0918414033605157 -0.726378207391662
 0.0860798079244759 0.0164737680327847 -0.996152037409194
 -0.174686785850944 -0.0499285569620397 -0.983357344025434
 -0.793619874186974 0.302362744248072 -0.527962371941625
 0.201296214038524 0.0161820587143022 -0.979396740442566
 -0.971733804357571 -0.057412215375168 0.22899181425212
 -0.0464638100754529 0.43233288242118 -0.900516181492963
 0.359425991128935 0.628380788891476 -0.689891687914204
 -0.0704870443998966 0.820559579026953 -0.567197984692185
 0.574555230246436 -0.137272307168994 -0.806872109495034
 0.18234068327983 -0.979205893195662 0.0889252155011719
 -0.460626577490626 0.370686313742311 -0.806482989847529
 0.0397949488272925 -0.997616845696159 -0.0563648048970196
 -0.753656886317583 -0.618625805016929 0.222043714329505
 0.000602665033582675 -0.986684449771931 0.162645114814797
 -0.90306620146669 -0.42673093131748 0.048704702292903
 -0.876362047310581 0.354799082449496 -0.325740960160989
 -0.0942849906341952 -0.76883224170802 0.632461322652485
 -0.403102591759667 0.534204971827899 -0.743056760006255
 -0.321806213426117 0.311727371397153 -0.894017229656211
 -0.990842353595784 0.0618736978352279 -0.12001281530304
 0.0838282939754789 -0.995956111355178 0.032314723941779
 0.688403394495674 0.399326913898506 -0.605507045609817
 0.569350862648746 0.0971306828517031 -0.81633646595622
 -0.0265700311346619 -0.994561012324149 -0.100709613296182
 0.135219565745488 0.670570594755008 -0.729418087580447
 -0.572591591365632 -0.685596448937371 -0.449551308197229
 -0.957857104353411 0.264352140943757 0.11237309828491
 -0.896461893513229 0.115033929705698 0.427929046098931
 -0.504669601367448 -0.668764826255808 0.545950730944341
 -0.844320491178178 0.431141139987367 -0.318182692155049
 -0.689433274406297 -0.211321468236301 -0.692838362970661
 -0.895531306889908 0.444656268162971 -0.0174494000880389
 -0.297469065692174 -0.951842588969919 -0.0742148285672581
 0.533409417276572 -0.355540989640061 -0.767505699162185
 -0.853163190817991 0.139100240277331 0.502756096917833
 0.304947042584562 -0.910981647911239 -0.27770440829748
 -0.946907989672531 -0.242230915953751 -0.211398775896488
 -0.396774124377367 -0.0445329316177535 -0.91683537902183
 -0.970280978757061 0.205696097661944 0.127451707202719
 -0.554561376124657 0.309935339977486 -0.772270525880514
 -0.947341619160474 0.132999302888851 -0.291298887806823
 -0.443563278686043 0.590912590782858 -0.67385007817435
 -0.465216277772661 -0.145755667650296 -0.873114597428749
 -0.937918596323839 0.330973139896845 0.103756866455877
 0.365141688404609 -0.661116951838429 0.65543567447988
 -0.929068152070588 -0.369773299456694 0.01000379013438
 -0.275707201889764 -0.822004723127535 0.498290852797983
 -0.957285964284558 -0.0104115131455512 -0.288955330419434
 -0.0656756572095452 0.115982254136447 -0.991077607846895
 0.00498702236768241 0.0896401792511077 -0.995961730124071
 -0.80478073125002 0.318688039448543 -0.500765322402747
 -0.372543757162904 0.570024660888138 -0.732313481357752
 0.178094890959735 0.120709080703307 -0.976581551970855
 0.214683525214959 0.731527345723663 -0.647131150895837
 -0.243375363422267 0.104458896519509 -0.964290812678938
 0.0788528856576067 -0.996142478014887 -0.0385017651261457
 -0.795136082412153 0.0528216223572451 -0.604126217489195
 -0.226863514454848 -0.905409028559795 -0.358841799142191
 -0.964294699186872 0.263660439793714 -0.024877813567241
 -0.924362044099501 0.092539815065931 -0.370123214694452
 -0.886040915954341 -0.221611042373592 -0.407210070053385
 0.237069892608399 -0.96522511818771 0.110174122361669
 -0.192443943598631 0.591945818113015 -0.782665622721938
 -0.700268405034688 -0.271337843664798 -0.660302911931723
 -0.460536231534035 -0.880231639867115 -0.11444928842627
 -0.237678417239049 0.00879024797550425 -0.971304124113179
 -0.207363728086884 0.71321719227503 -0.669568160023482
 0.49450433651466 -0.6168705610923 -0.612320318155348
 0.284851923712985 -0.836946564411989 -0.467311277283119
 0.485769272953528 -0.077434503392787 -0.870650395473702
 -0.2390239044698 -0.520440644928982 -0.819761616689826
 -0.303016920963845 -0.597173533615199 -0.742673896376551
 -0.483358208906475 0.134416408649222 -0.865041658516265
 0.0917695751992234 -0.994847663741738 0.0430867846950812
 -0.258290055721387 0.830936534454128 -0.492778573828861
 0.132506704566906 -0.988370850732208 0.074599159966519
 -0.0813310728579783 0.165408208652076 -0.982865901890121
 0.466224871771435 -0.438361397596872 -0.768422835448444
 -0.621871125303484 0.743908325492265 -0.244697173618888
 0.157872437179 -0.321312118267196 -0.933720952016078
 -0.645865031507797 -0.151565620740099 -0.748255453495062
 -0.811336736453798 -0.0771618951659211 -0.579464185273692
 0.188918079202618 -0.862349744526862 -0.469747674251667
 -0.637925037664585 0.26252633744637 0.723969314589805
 -0.0303119780648563 0.0263406225414413 -0.999193352454832
 -0.718575214884225 -0.433569779861971 -0.543752615207073
 0.281621525784167 -0.828519141689812 -0.483988995813515
 0.00324519486012586 -0.229552516726223 -0.973290866480816
 -0.214109691435331 -0.708641377742647 -0.67229787875946
 0.034568636326775 -0.953290974485505 -0.300068871006279
 0.276473237039342 0.231588183755672 -0.932700092390762
 -0.388361830152264 -0.330389089004024 -0.860243069572708
 -0.14909191381813 -0.985331103843458 0.0830314219598833
 -0.873702018739836 0.0919468878720498 -0.47769294767725
 -0.304750167334636 0.350747757609158 -0.885496101652435
 -0.170078890841722 0.171757154173222 -0.970346665311097
 0.136084827226617 0.100490441554386 -0.985587434454654
 -0.75549421288601 -0.0567603743810955 -0.652691929010821
 -0.463096374447814 0.483095664042056 -0.743074913691113
 -0.0353317852303673 -0.0770923350490843 -0.996397730240849
 -0.683131735494675 0.155965505474591 -0.713446419194945
 -0.160892791379741 0.660546684732804 -0.733342748631591
 -0.778455122046096 0.066233860542977 0.624196041863269
 -0.299355276461218 0.536426401698166 -0.789071057646893
 -0.0659152031695139 0.563653357736453 -0.823377239364524
 -0.456699000031643 -0.0387947640924729 -0.888774993825269
 -0.432803218752452 0.483755862670847 -0.760698126176936
 -0.467248679173198 0.1737304200072 -0.866888927703558
 -0.519539459618903 0.42773571107664 -0.739676220632149
 0.255819008086892 0.625597466296068 -0.737010478395917
 -0.341566049939758 0.129886008706046 -0.930839544857739
 -0.0618744017623147 -0.938868129287814 -0.33867121846144
 0.18192024193626 -0.971230556124018 -0.153675737918784
 -0.0959242668300851 -0.25665658408412 -0.961730696650254
 0.385699633721013 0.227002763961414 -0.89426256642071
 -0.958550505804376 0.119176382146139 -0.258800923029136
 -0.880789176112986 0.182116382202529 0.437085861788814
 0.476920576929159 0.498042618093938 -0.7242239390297
 -0.0512754024898045 0.418233735491561 -0.9068910494631
 -0.193756199651111 0.37111878798352 -0.90814612277012
 0.164181850075942 -0.166840303528817 -0.972218408190286
 0.190660575764019 -0.969120620085448 -0.156377007819342
 0.201478610677246 -0.96495086293527 0.168155290015047
 -0.986630728923666 0.0799824544341045 -0.141995111628012
 -0.155276070762337 -0.0824977175648546 -0.984420371815415
 -0.663502055195684 0.0930545019354885 -0.742365060075325
 -0.346324034189774 0.418645442656878 -0.839521087695329
 -0.074293125355453 -0.996932708013791 -0.0246111197877826
 0.325834212822003 -0.943274586189198 0.063758299885299
 -0.841521058971516 -0.359730430616009 -0.403033900058394
 -0.95982298680301 -0.228220383771122 0.163264480019111
 -0.761740486357297 0.0547003637743487 -0.645568975127447
 0.533626752358455 -0.710394177439347 -0.458892799930051
 -0.45792591615769 0.680527018586653 -0.572002475767982
 -0.859853830016934 0.50959979294649 -0.0309748613250204
 0.158646149797975 0.746747907955949 -0.645909406277453
 -0.0470021227204148 0.0629185406207172 -0.996911258691532
 -0.692089819156398 0.721109687360442 0.0318198211024146
 -0.390722796917644 0.614526796477698 -0.68534116495342
 -0.749402761073073 -0.599324850008864 -0.281434230074997
 0.379048598927025 -0.803601734744534 -0.458853366084454
 0.62327768112859 0.464702153518688 -0.628948996916333
 0.114359797495873 -0.989774513641464 -0.0852540254915106
 -0.26367968507151 0.930516223506092 -0.254190049908627
 -0.436495888784833 -0.414650269848352 -0.798458823477221
 -0.0410615622090502 -0.186485888591008 -0.981599185750159
 0.0805691486094583 -0.965502692633687 -0.247614948679289
 -0.824486461109708 -0.367904917027011 -0.429962844294873
 0.250018305239007 -0.94702690574096 0.201571046651345
 -0.508175510371998 0.328007846470738 -0.796346974196417
 -0.142043759930038 -0.168007460355168 -0.975498366748989
 -0.845916740804969 -0.477827425937768 0.236866668502736
 -0.935272661547715 0.351306006238878 -0.0430016109226521
 -0.990130281530963 0.106350637003175 0.0912774211096805
 0.561670913354271 -0.821679169211532 0.0967942559020243
 -0.702603164677938 -0.107295549540934 -0.703446130157282
 -0.400088692796038 0.489325846944958 -0.774912416604843
 0.399651481838874 -0.810988169407718 -0.427290161535123
 0.266231668387973 -0.814784743172548 -0.515020893790341
 0.439626304830361 -0.0763515944103262 -0.894929687814749
 -0.667819049710887 -0.604577869355078 -0.434169686561973
 -0.982368564742491 0.142534373214543 -0.120979152989743
 0.158400120374747 -0.959625389137069 0.232440345871352
 -0.99208130939515 0.122137931103044 0.0292745851323914
 -0.510903223266723 0.148584087110907 -0.8466998674342
 0.45622999202923 -0.0955420575262662 -0.88471798309781
 -0.917692875334396 -0.205426921153733 -0.340058181236367
 0.039506913646514 0.262503390639535 -0.964121970332009
 0.291634558567704 -0.626685998429262 -0.722643718316115
 -0.0130578804285287 -0.853672913631081 0.520645799264082
 -0.419438728749167 -0.644025470857379 -0.639767415325455
 -0.0532924685540303 0.0449321089095997 -0.997567550787591
 0.108423850159252 -0.239591819199581 -0.964800512483943
 0.0499400186854898 -0.422125556317359 -0.905160764305133
 0.0109674165621957 0.0929737531797967 -0.995608154342668
 -0.3545770715623 -0.565103809834348 0.744938107786821
 0.271773480307599 0.203588381494592 -0.940580111591728
 -0.903400190472347 0.122936813972922 -0.410797560392847
 -0.0794467941161384 -0.940299202207781 -0.330946547394106
 0.258236852390313 -0.518125610578429 -0.815389219778061
 0.0426776474466553 0.282928926786633 -0.958190920848128
 -0.949552741100957 -0.27732423203472 0.146426985880374
 0.314990827823166 -0.946075281851649 0.0756461463433494
 -0.653018464983544 0.68229919044432 -0.328686323277318
 0.25567641051733 -0.957016518367901 -0.136926829642531
 0.262030603478843 0.418842068001732 -0.869431587252583
 -0.336872174146308 0.654266927546565 -0.677090781066112
 -0.0455583438028997 -0.0479337750985551 -0.997810999395546
 0.0518039077441749 -0.982515889273877 0.17882640315903
 -0.330396973668217 0.508728472472377 -0.795005145320963
 -0.00910773003344604 -0.513323408597323 -0.858146914834321
 0.293446995429622 0.194343372504908 -0.936012561046456
 0.016668553629321 -0.357834653754726 -0.933636181760402
 -0.375046301389462 0.165345792186354 -0.91214091061653
 -0.119026441511112 -0.992552278015757 0.0259361066263395
 -0.813447103114712 -0.507933886084637 0.283384858101563
 -0.537611836563523 0.182785915540892 -0.823142042582368
 -0.930635997636693 -0.277703227946492 0.238322380591618
 -0.210237290515342 -0.77530719141123 0.59556615134072
 -0.0930478708603892 -0.932698471105858 -0.34844749349815
 0.186429049942943 -0.936359153987799 -0.297448725128594
 -0.765073815877113 -0.282948751645645 -0.578447975362871
 0.266540557632137 -0.938119860283475 -0.221104633327444
 -0.9828477400483 0.00547080689979252 0.184337706815004
 -0.911921483889602 0.0893103438402103 -0.400528238334988
 -0.976046277429284 0.115525898946096 0.184356803479378
 -0.96168551078309 0.274140650010706 -0.00280755437625936
 -0.813425618155675 0.00517296072372373 -0.581645944029019
 -0.710795784613371 -0.0870787650924329 0.697987565251587
 0.538446852005048 -0.841576923911614 -0.0426997506470437
 -0.321673664808058 -0.803307188375745 0.50122212089333
 0.435235833633468 -0.764473551671591 -0.475552266229489
 -0.977708303214451 0.15839907991237 -0.137826722040516
 0.124828492848714 -0.987135583235517 0.0999058941374007
 -0.0677169158396734 -0.836339987296718 -0.544012724996106
 -0.0242436288761174 -0.951802394381173 0.305752266564261
 0.307404625335257 -0.638341089179298 -0.705707482026283
 -0.715505922680151 -0.460675862467882 0.525194272959158
 0.398550611584669 -0.786644208598303 -0.471538226535492
 -0.225128296931335 -0.910973744411736 -0.345606838637862
 -0.348302051135114 -0.923710375479148 0.159514336055554
 -0.75934771953782 0.404087596593789 0.510004171661141
 -0.900830576885802 -0.0589316296100703 -0.430152687750634
 0.124594965305923 -0.84273058035182 -0.523718687427039
 -0.931789325227752 -0.0487565830032503 -0.359710229219935
 -0.92732565501269 -0.0811955712381383 0.365341496091805
 -0.927962579066173 -0.197291966883602 -0.316166620085132
 0.205382633328264 -0.978246853962097 0.0291730464711548
 -0.842432292282475 -0.207469929240945 0.497256534779033
 0.506176709658002 -0.824901459796609 -0.251640060851252
 0.260547723041549 -0.964217565478832 0.0489833690137652
 -0.948134381739347 0.31272312303692 -0.0569687851527566
 -0.842438137992614 -0.335420792991076 -0.421652552802392
 0.044147788260535 -0.993713171020217 0.102883946914223
 -0.317121231124445 -0.91317965004537 -0.256002053728349
 -0.193135303993107 -0.974449243215985 0.114662228947833
 0.290282261454788 -0.83630276083458 -0.465117083007228
 0.314318198790684 -0.933046594037169 -0.175008923385691
 -0.0844801199578938 -0.992393664421939 0.0895428620667039
 0.292839310835076 -0.822841425812089 0.487008342841441
 0.0249275186584417 -0.977809126942436 -0.20800944709701
 0.654677005926156 -0.738375201115249 0.161864388577535
 -0.362929812283075 -0.658392317163029 -0.65939480439026
 0.309716720531591 -0.94178924964947 0.130799702858398
 -0.528374867290798 -0.842083653421827 -0.108236409101465
 0.309473712134962 -0.855090662187229 -0.415987957683409
 -0.0804110395421163 -0.977525034227058 -0.194881687644439
 0.304876921678824 -0.839092833906425 -0.450525558336626
 0.170261041901405 -0.736934432884995 -0.65417032891986
 0.0536741611251088 -0.952306272357772 -0.30038616488707
 0.490555744250753 -0.854308974655071 -0.171788351195274
 0.402960680672434 -0.913565949664045 0.0549540303020651
 0.165928188467661 -0.9494961399373 0.266317322973946
 -0.0804149044265113 -0.922343459443875 0.377910023639463
 -0.101058628900539 -0.943183318693734 0.316531800713006
 0.398064188282076 -0.915764626759527 0.054037490534969
 0.103061271692657 -0.994674328589808 -0.00116375319885208
 -0.254108509662291 -0.961931540792189 0.10058119181226
 0.289620758013555 -0.932165250492208 0.217227443713849
 -0.395467916861958 -0.91693563103582 0.0532369727708751
 0.0786578996438513 -0.985504751121202 0.150310745927084
 -0.231765953726498 -0.97159958170527 -0.0477367313857181
 0.0795716198381464 -0.958212583877746 -0.274767176741814
 -0.419043994315007 -0.893176793039107 -0.163209519345227
 -0.117192739590067 -0.988997628871275 0.0902748684539136
 0.233856881493337 -0.946015627418318 0.224422351067216
 0.0538720267698212 -0.99444232398195 0.0904558953584018
 -0.360472760721178 -0.876387736970355 0.31938053050559
 -0.201495412036097 -0.794923144300718 -0.572273355646987
 -0.0386359398540234 -0.999253100691141 -0.00071057071136538
 0.0286741433166931 -0.999197751617449 -0.0279579446256064
 -0.377791355009442 -0.882872823394266 -0.278943130031853
 -0.507973431398076 -0.804386377918682 -0.30809989940363
 0.428750619254579 -0.79139627316406 -0.43573483371295
 0.223264051874152 -0.974750086102653 -0.00392845817180798
 -0.0167883078723899 -0.969500586686479 0.244513323018102
 0.43609744156577 -0.895296788952566 0.0908992912569445
 -0.379120706988387 -0.58076006394732 -0.720406300400357
 0.0884095682252285 -0.993713983435185 -0.0686750855231056
 0.363478938334598 -0.815934826768724 0.449592504222487
 -0.0414188195809275 -0.905350649708997 0.422640133513159
 0.460979269350348 -0.799128071266129 0.385865830235972
 0.439920361544757 -0.86716577453228 0.233438632145926
 -0.208616243139451 -0.643694258488101 -0.736299507461356
 -0.212516342635656 -0.51305428654829 0.831632192238366
 0.0606278497111079 -0.984879017406234 0.162288585280477
 0.080271979101428 -0.995496209681026 0.050435165131584
 -0.0269811026059075 -0.777489979783391 -0.628316282964711
 -0.00935571227948049 -0.995544659603578 0.0938259099744825
 0.22317673555739 -0.974772002523648 -0.00341874274895958
 0.36572396539467 -0.930196537317197 -0.031311069912974
 -0.042205000510956 -0.94369292413733 -0.32811949479573
 -0.46987586419159 -0.875973938474757 -0.109024453051733
 0.227277110139031 -0.927576544218501 -0.296558375067227
 -0.0769944954735395 -0.994618313210129 0.0693271858206612
 0.26672864181765 -0.96377133509389 -0.000803296615432543
 0.0464346307586379 -0.979943353903357 -0.193790733026503
 -0.227094380492264 -0.96505855138334 -0.130729242140867
 0.437701250270242 -0.895793488425494 -0.077276397472652
 0.0956631441110981 -0.921825493964367 -0.375614591750813
 0.309791935105077 -0.928115122343791 -0.206473428364575
 0.0355741766580525 -0.998718813776611 -0.0359890117083009
 -0.46317283585084 -0.854615713090174 0.234740084070157
 0.414961484738616 -0.908604338960486 -0.0473827120973649
 0.679518508795171 -0.668529767633734 0.302196204463875
 0.211961393999786 -0.972899819520727 -0.0924029687304757
 0.448891483430581 -0.828775716640863 0.334106641074247
 0.0939959132354945 -0.981564540792067 0.166420613370711
 -0.413297385156501 -0.825401440209614 -0.384574744260064
 0.568860636831889 -0.569150723925636 -0.59368765299452
 0.357087494185876 -0.841496279765058 -0.405428825612608
 0.643167877640057 -0.749701449368101 -0.155829451604482
 0.21546116069276 -0.872757811443806 -0.438030011296883
 0.0305489540525614 -0.934098171532435 0.355706855916576
 0.246682773242946 -0.968996614125683 -0.0138986041792312
 -0.0457152513549545 -0.982853063160111 -0.178633625139109
 0.332570238430906 -0.943069259456046 -0.00417233496208079
