 0.163162846551225 -0.131460925286827 -0.97780157017057
 -0.327337073875536 -0.919425829162923 -0.217960053070909
 -0.957257467901079 -0.0977013435035367 0.272236271692842
 0.0370703011614134 -0.925774379101289 -0.376254690032464
 0.51362323255837 -0.855695053133995 -0.0630646574421875
 0.288226777026061 0.661694514253333 -0.692160165577459
 0.153766996845652 -0.95577496862228 -0.250698863252606
 -0.979805455317822 -0.12876308655472 -0.152974956350175
 -0.86604035761048 0.0452625593211943 -0.497921077796078
 0.133636740209984 0.0642632830261809 -0.988944615294884
 0.0183076881165565 0.217732191467856 -0.97583683131681
 -0.895182512755975 0.318318765907397 -0.311963831440585
 0.554483668858012 0.352395714541171 -0.753899941200937
 -0.975377552411853 0.113045287783874 -0.18936576554627
 0.170160497894087 -0.804830423759137 0.568588949899771
 -0.300904216680528 0.075739441464708 -0.950641988022038
 0.00553790277395411 -0.999022275765574 -0.0438614199159082
 -0.0698703971669934 -0.356724569361027 -0.931593102815771
 -0.187837954336311 0.0355801331156366 -0.981555376450164
 -0.921806968601573 -0.387152341406837 0.0196208353742351
 0.157712222361161 -0.293904948290142 -0.942733650766998
 0.820684502071057 -0.482302433635374 -0.306367933324911
 -0.294039493574534 -0.294581115633528 -0.909264946278332
 -0.200149708372399 0.515954968567778 -0.832904895320388
 0.181617668727125 -0.066091931819239 -0.981145697108501
 -0.619105557696463 0.504486761123698 -0.601831717575829
 0.18848920514095 0.152415415017837 -0.970175943223843
 -0.931065937908032 0.337013867421812 0.13977793972165
 -0.881163256695072 -0.472355275006735 0.0207800198230544
 -0.386034453585548 0.489464832652658 -0.781921721300293
 -0.822688727496634 0.557106750887141 0.113204795684375
 -0.118138101855236 0.144663633815064 -0.982403085266665
 -0.213560027316009 -0.97318209344306 0.0854910973994842
 0.24463780250362 0.325772546431325 -0.913249469519611
 0.151563914882648 -0.978953228038689 0.136670980892348
 0.124863121385484 0.678084171752559 -0.724300391368471
 -0.494821609902288 0.403085471763201 -0.769853022873292
 -0.441861166502215 0.814707767517614 -0.375512933310914
 0.332226521804641 0.129585413054412 -0.934255403480819
 -0.205407875705658 -0.973339407730856 -0.102068613962551
 0.0782948540918808 -0.454093255919886 -0.887507313068917
 -0.448224387503405 0.643242679604584 -0.620752570338869
 -0.398399037408162 -0.059509745842993 -0.915279627841652
 0.110960721477523 -0.992458359948583 0.0520972365616084
 -0.520356670215491 0.77775772684974 -0.352593043164172
 0.132346346619506 -0.204953762460804 -0.969782655954225
 -0.338458423895469 -0.886844858681914 -0.314566514307629
 0.0630627838258887 -0.984269577532388 -0.165034796453183
 -0.898626863601654 0.0509596686211071 -0.435744044351132
 0.200517016823447 -0.203707173989902 -0.958277785002488
 -0.284447847363189 -0.0993517602140243 -0.953529574723733
 -0.0209339111867284 -0.124959094095942 -0.99194102453984
 -0.411150010389353 0.324924610166911 -0.851692237057915
 -0.265164845680895 0.653727072756443 -0.708751380217576
 -0.594745563819261 0.188410155271624 -0.781523721781899
 0.373380758683515 0.349860410390875 -0.859176642074289
 -0.596363239142692 0.365766055774461 -0.714539067820949
 0.247149695748843 -0.0674354593277228 -0.966627894650529
 -0.337519999690534 -0.934882922810194 -0.109882530216459
 -0.772255538330394 -0.0255770806669686 -0.634796972631871
 -0.45499148312634 0.520529503262583 -0.722517672113079
 -0.40712307335883 0.263173257326635 -0.874637433321345
 -0.951912118312245 -0.300145106237796 -0.0614510716895614
 0.119268643572837 0.482715829282787 -0.867617668573045
 0.0795145610668419 -0.912810375074684 -0.40056791401005
 -0.757572513672846 -0.0815040968906188 -0.647642624228402
 -0.994870850594394 -0.0906622362873984 -0.044859219219181
 -0.88031186708544 0.0984859172363483 -0.464059846113259
 -0.834031058982947 -0.337315869488277 -0.436589277059289
 -0.744470313461887 -0.0341367312940324 -0.666782300267875
 0.299123951538873 -0.952322148374164 -0.0600615295491873
 0.44592271018512 -0.0775770355098108 -0.89170328030274
 -0.839948826223088 0.460253126992536 0.287494397197667
 0.135746028726142 -0.0368599960020809 -0.990057754062766
 0.139166481894203 0.789884407547475 -0.597256488479251
 -0.562841148876038 0.162655650408792 -0.810402974156681
 -0.199658422917818 -0.889374561805409 -0.411277768632596
 -0.10305457020857 -0.989075766041217 0.105398693488616
 -0.0240017464126037 -0.914108204441412 -0.404759319524631
 0.028551435570152 0.159447848246808 -0.986793392365568
 -0.884378840341919 -0.103106315268088 -0.455239667106591
 -0.993904610714789 -0.0464522758504207 0.0999790521469362
 -0.300263614296608 0.412540841892521 -0.860030124879442
 0.123565259785735 -0.94614714590811 -0.299227680644724
 -0.367195177452196 -0.340847461133109 -0.865442493696123
 -0.788974081160527 -0.111594383434357 -0.604207408795033
 -0.0654038380019509 -0.640640566404912 -0.765050326874649
 -0.206921541912057 0.530252841618875 -0.82220155646158
 -0.57446221823267 0.336068011550547 -0.746358795376367
 0.332946948465189 -0.861068336926052 -0.384327527834167
 -0.780878566817522 0.466298253481964 0.41568570180448
 -0.399368544369334 0.403592627866015 -0.823175410529569
 -0.881600638193986 0.330260604421043 -0.337206535973732
 -0.499978760382147 0.525184779178498 -0.688623399897189
 -0.337511404959865 -0.335806933060826 -0.879386010367632
 -0.0323722875219065 -0.986336691350822 -0.161530078609874
 -0.363220943681858 0.0345128253060256 -0.931063591254785
 -0.947706326922337 -0.314600025759094 0.0536613613669097
 -0.0178018561905429 -0.726110810548687 -0.687347208272864
 -0.226180152190634 -0.970416834183523 0.0844612733046933
 0.273201550874537 -0.740725885138566 0.613747566745023
 -0.886736035613151 0.40857564829013 0.216252497718229
 -0.979123240857018 -0.0528367331411871 -0.196280306818124
 -0.344532993961796 0.225061021665639 -0.91139703345937
 -0.893742413626866 0.239812538858623 -0.379096879821774
 0.231479909371883 0.423484379260293 -0.875829910473323
 -0.098311772638991 -0.939907244020799 -0.326969674431445
 -0.916389016076894 0.400191100392271 -0.00884615060040141
 -0.835561563581672 -0.483765992709135 0.260398421199315
 -0.832631159669516 -0.366885131803452 0.41487426048016
 -0.169896822295733 0.172526283102395 -0.970242109688445
 -0.309576048761338 0.332574496717003 -0.8908180926355
 -0.939699751985511 -0.0651665133118988 0.335734570250278
 -0.988885602907309 -0.144804615825409 0.0337177638390292
 -0.578507128650251 -0.186853483794222 -0.79398695058219
 -0.112273571626411 0.500906763349393 -0.858188242488257
 -0.993230796919302 0.104912154964813 0.0498600420345453
 -0.973943922812084 0.191738563630946 -0.121117952567534
 -0.0501450966020543 -0.214922200169873 -0.975342974117778
 -0.408721544336954 -0.667878680595431 -0.622000616720693
 -0.416266606578066 0.725070626172142 -0.548629838151663
 -0.665873532244838 0.432407470638868 -0.607977152853197
 0.474240322608455 -0.877565535596528 -0.0705325963325341
 -0.860086797862202 -0.227687429938909 -0.45651849293425
 0.0555420651756789 -0.988589402978827 -0.140021681585342
 0.444975114666304 0.371884153061195 -0.814677435571691
 -0.45963678409168 -0.887923946857872 -0.01803028857777
 0.08319685311258 -0.97432448335097 -0.209213012919916
 0.390201169816414 -0.912071747973988 0.125968939114273
 -0.533769197946703 0.142975073637869 -0.833455800652668
 -0.846220686988009 -0.52528696358476 -0.0893540978436082
 0.0118317556874918 -0.541168160771916 -0.840831155062711
 0.34660048642915 -3.70477502783959e-06 -0.93801284788288
 0.0673061078926045 -0.959587491815618 -0.273242993306982
 -0.887403704185958 -0.149663486652796 -0.436022369334383
 -0.150471679141219 -0.985506300512781 -0.0783301054897393
 -0.62199012323493 -0.76721462089135 -0.156556737602505
 -0.386845721356195 -0.15575121999416 -0.908896003588274
 0.226095804654333 -0.82355718799539 -0.520225187028497
 0.371036286915063 -0.762605340769183 -0.529872784753663
 0.568977279791988 -0.711548626884212 -0.412266184230168
 -0.422140360611759 0.098014779908864 -0.901216188748289
 -0.474803734717653 -0.50831041308328 -0.718458027618367
 -0.676455277423841 -0.548822162085986 0.4911237034075
 -0.375267242993379 0.518394414883342 -0.768402060742881
 -0.141299674760945 0.573148872732295 -0.807177038572178
 -0.71798901725947 -0.353936304320823 -0.59935036796393
 0.095327404782673 -0.957022844109043 0.273897721331958
 -0.911722788465848 0.350214515293407 0.214735535647601
 0.0594908030961988 -0.955058857797274 0.290384955688025
 0.578476892568566 0.456533832585236 -0.675974366724991
 -0.793968167301762 -0.475937000458606 0.378283651386028
 -0.380028279236739 0.242525841061879 -0.892613983420376
 -0.690322662367346 0.305654281560127 -0.655766789328357
 -0.419346430488717 -0.719009962635973 -0.554232121828561
 -0.88236860011406 -0.406454661744887 0.23710812191615
 -0.337646215316714 -0.204720768338386 -0.918740681744985
 0.0785547456320054 -0.381100660630262 -0.921190229217543
 -0.660802744321479 -0.65952601906319 -0.358280844137476
 0.513554627699188 -0.848093933212857 -0.130377623909531
 0.410799027002129 0.408349018225114 -0.815165773771624
 -0.950049651005003 0.207002492540058 -0.233571463812418
 -0.973985267360758 0.218722840472333 0.0592707180647184
 0.541601602758692 -0.682747413024762 0.490432129756209
 -0.996275521171349 0.0700949817492819 -0.0502173221938885
 0.373902126142234 -0.891796633479542 -0.254746863731179
 -0.223596809277314 0.836120446659107 -0.500906244280884
 0.52428948960311 -0.557528369631525 -0.643647922507114
 -0.0903276191354753 0.437853401535534 -0.894497244257957
 -0.930405956024476 0.224792715627481 0.28950473570393
 -0.96472014271929 0.213558559457521 -0.153973335074946
 0.254932953309061 0.298496914150126 -0.91973299471095
 0.54158514170987 -0.304134794534577 -0.7837011937164
 -0.17890247736438 -0.980823134934336 0.0773296939762993
 -0.143238283336772 0.249582713506849 -0.957701030230882
 -0.770291305737264 0.321025856075258 -0.550993379303898
 -0.953727662860729 -0.134384102085895 0.268969251403909
 -0.302068102458383 -0.927685703615338 -0.219440417391387
 0.0789919162948911 -0.979220090172876 0.186784078983959
 -0.917159118425736 -0.125146879857847 0.378361480532008
 -0.831451237078549 -0.260503749030299 -0.490740906285292
 -0.950742158364689 0.183039629994176 -0.250171625408733
 0.149103721074831 -0.968644400016106 -0.198736274190387
 0.0302278542805929 0.288936851906079 -0.956870823275637
 -0.786857769722489 -0.553680497413093 0.272566977111572
 -0.222725680927258 -0.0951815631829168 -0.970223552118555
 -0.990244650995172 -0.00103536420420023 0.139335778594063
 0.123689309186454 -0.242867636948022 -0.962141499840986
 0.569963282356602 0.607581510069379 -0.553160524067925
 -0.119558802547143 -0.0293419449208082 -0.992393441635805
 0.359501994237896 -0.72787306307552 -0.583917049064365
 0.424819559110934 -0.376141663155174 -0.823435359597613
 -0.590793752350019 0.766663305882369 -0.251376445988284
 0.493240080611276 -0.651401475843648 -0.576533034740681
 -0.882649787912707 -0.282375478680786 0.375757156867904
 -0.942592889328306 -0.314217676605569 -0.113074739426252
 -0.14843735198549 0.297385557876356 -0.943148017281542
 -0.986131576863478 0.128158989792503 0.105450398046263
 -0.987597339419734 0.117765695567753 -0.103839954345649
 -0.300322793658998 0.0638526645215082 -0.951697986150207
 -0.674436077829108 0.609379073685301 -0.416885021890849
 -0.74898850298855 -0.649339949309829 0.131809910937223
 0.0412299485821928 -0.935668570085115 -0.350463148269239
 -0.103715730421036 -0.981899922503497 0.158478987411129
 -0.0876869185698365 0.265879677889403 -0.960009896405841
 0.0215970973114225 -0.243620675398095 -0.969630100557061
 -0.821430573446267 0.0376235347392333 -0.569066149618357
 0.104835902195325 -0.09377575129711 -0.990058352865908
 -0.912590271915173 -0.092832781240572 0.398197275647299
 0.0941198918873743 0.345585648256914 -0.933655185638658
 -0.482289790247982 -0.376398678962798 -0.791025026593734
 -0.342702514211583 -0.103850871511916 -0.933686233827658
 0.55435356363056 -0.791380031513696 -0.25770093560459
 0.111191346689962 0.0623455375559951 -0.991841478447099
 -0.884241040953295 0.188454043309813 0.427320553044218
 -0.958237300828968 -0.28559425303602 0.0147376366087686
 0.308850997676334 -0.937918775161374 0.157858900395641
 -0.329888255719568 -0.927218345967309 0.177312937034916
 -0.2332486127626 -0.939165915566149 -0.252115980618284
 -0.449808729275964 -0.00142174807520669 -0.893123779607034
 -0.174583368814796 -0.310979852665361 -0.93424417502573
 -0.485377737750714 -0.87381195165826 -0.029344928610955
 -0.920466788368781 -0.11018258061062 -0.374967585852492
 -0.593395977401693 0.736061368005712 -0.325722084810117
 -0.97235414717435 -0.232753366206336 0.0187958238037517
 -0.326318767104122 -0.186707099526972 -0.926637211222316
 -0.307925445144745 0.0181564166780924 -0.951237228437692
 -0.338995295211908 0.165023151641212 -0.926201678494804
 -0.975871292721579 0.0325479399977914 -0.215907043988413
 -0.998016439041688 0.0515930506274414 -0.036074153205628
 -0.55186102706191 -0.816845690786631 -0.167965842520097
 -0.646508713219979 0.119920954308144 -0.753422490007082
 -0.697456497665611 -0.42315157449546 -0.578357310722388
 0.0966144023924509 -0.772805305000012 -0.627246058428579
 -0.491199343957357 -0.0131417008945581 -0.870948046782046
 -0.205751890428582 0.0713520119868896 -0.975999513304432
 -0.933454665248522 -0.0996018769295166 0.344589399195459
 0.667480751957575 -0.693282768264318 -0.271713910195841
 -0.0961599402797958 -0.995237011765762 0.0160173748455512
 -0.925869925387487 -0.377776579411381 0.00705246844763026
 0.0563561582762849 0.908103765422716 -0.414935578914876
 0.0543947189512778 0.551835792888758 -0.832176947672217
 -0.576769999157551 -0.159277724892836 -0.801228415886981
 0.300252282679045 0.453064164703568 -0.839393489018995
 -0.319309039446459 -0.370575573115302 -0.87219004920834
 -0.895578662544544 -0.400844074711549 -0.193035973237032
 0.0146350857580114 0.0488031765222921 -0.998701188657643
 -0.93500612093575 0.238949438296312 -0.262043354715509
 -0.333847991813695 0.42754065408123 -0.840091963697878
 -0.496098719882989 -0.858329629603804 0.130982086846471
 -0.0898949813760073 -0.929560305272455 -0.357542348799675
 -0.177200242947316 -0.067843045592671 -0.981833690124821
 0.0329753698065655 -0.998949405293076 0.031823115038118
 -0.345789851977274 -0.383061505507839 -0.856558965435307
 -0.551074543904806 -0.830000752300065 0.0861138678810616
 -0.188663066709497 0.388820989774783 -0.901789601387334
 -0.335850697895802 -0.126005777135168 -0.93344890211059
 0.0846757374268542 -0.913211143782246 -0.398591804184607
 -0.455876010514479 0.115513118381543 -0.882515599023142
 0.054619282678997 0.591232987862234 -0.804649170771416
 0.33132003253629 -0.943486949749987 -0.00770789800251882
 -0.78532994451994 -0.145877125880068 -0.601645030217385
 -0.614220987977987 -0.274752736798663 -0.739759090210449
 0.839852601888305 0.00976492933002138 -0.542726683752167
 0.235699359853632 -0.929719677189946 -0.282961364165517
 0.601146077899029 -0.417364598736122 -0.681491147960449
 -0.107334731868123 0.224281108141709 -0.96859549857798
 -0.963870498092547 0.245596937883503 -0.1031300490113
 -0.992867981000651 0.0511777475636599 0.107675486801787
 -0.178828612049069 -0.947850360601283 0.263818159762785
 0.0513565594257267 -0.9907868746186 0.125315094411883
 -0.627830699961575 0.722169722595621 -0.290343768577737
 -0.797659817197311 0.493430200731836 -0.34679309830862
 0.5791485774311 -0.345406809258318 -0.738431487260342
 -0.661978617040634 0.566604471864985 -0.490656379805227
 0.416610166031526 0.0242337931356016 -0.908762176165715
 -0.837184441154487 0.365361245222313 0.406980800503477
 -0.538559152082777 -0.342370481422202 -0.769893819405384
 -0.790393475552196 0.197500605741708 -0.579889355425824
 -0.366173091733773 0.330456420129294 -0.869894143724086
 -0.17705431525702 -0.159737781403455 -0.971151692909594
 -0.43738786180354 -0.0838831601739158 -0.895352150712872
 -0.848060306045226 -0.268086765859728 -0.457081177999433
 -0.904507320421791 -0.2478583679621 -0.347034201102075
 0.0980767703944797 -0.148214454750188 -0.984079987862823
 -0.0445258464872647 -0.00437918187978631 -0.99899863451391
 0.293554597895317 -0.796121203313453 -0.529166068157491
 -0.0637744833287642 -0.974010834781952 0.217337776291917
 -0.232589157208199 0.174717453370928 -0.956752891522548
 -0.893111464757278 -0.408510995864872 -0.188336607638024
 -0.387168092017249 0.505345923544691 -0.77118504010418
 -0.912035679598455 -0.321430014257224 0.254703091999263
 -0.25618318312081 0.723878307951806 -0.64060157037188
 -0.0575127478405824 0.504313855847078 -0.861603051663861
 0.095074139731122 0.146862596945902 -0.984577211585101
 -0.2237265782921 -0.714268024772341 -0.663149762085102
 0.195676578082319 -0.939771917190083 0.280248854504118
 0.632394751197102 -0.652441670503362 0.417608363480831
 -0.43578754551359 -0.0278192983813872 -0.899619531698155
 0.168483204700437 0.0257490100105103 -0.985368153644794
 0.123996843530288 0.186354288849047 -0.974626524275884
 -0.568326329695867 -0.822659699939476 0.0153688343707716
 0.0636264764793306 0.152869328612872 -0.986196045348122
 -0.0113604228086945 -0.842360514774581 -0.538794676980304
 0.0958627466411677 0.0510066276773614 -0.994086846175622
 -0.742835831555811 0.598125678161015 -0.300733437584203
 -0.186647668304819 0.62589254403845 -0.757245779937697
 -0.74989305943197 0.25879725877306 -0.608838548604891
 -0.232928629315584 -0.970196219752277 -0.0668097958652461
 0.297394329494948 0.595936561544008 -0.745933125286278
 0.270673999432368 -0.072106176384716 -0.959966814717292
 -0.942014083414534 0.0612099014035228 -0.329943653702942
 -0.654196958805258 -0.424339334023476 -0.626069060639851
 -0.725184947180057 -0.672078539253259 -0.149723843988403
 -0.499059352276035 0.0270699329270886 -0.866144896444669
 -0.898533325857235 0.292550648448458 0.327187989413308
 -0.082185335085395 -0.23511855102625 -0.968485847940081
 0.0541423656048685 -0.049786103219662 -0.997291305573708
 -0.915115560009625 0.0855514112788488 0.394010745864205
 0.219789235957226 -0.974865288607848 -0.0364741117078306
 -0.747009566705619 -0.487926087047299 -0.451558236364917
 -0.768189134783748 -0.272571293960637 -0.579301599263131
 -0.507532504475061 -0.174287981121529 -0.843821341598952
 -0.923520192038535 0.165465473198905 -0.346022588968075
 -0.395932413919888 -0.31211016519027 -0.86361146842343
 -0.191965854315126 0.0999916890312376 -0.976294408926807
 0.146525912152068 -0.281654826682196 -0.948261944651701
 -0.144665119401286 0.533283829064578 -0.83347487117899
 -0.117345784394755 -0.975346249402837 -0.186894785001075
 0.58042243539411 -0.633663242180419 -0.511449598690398
 -0.0498107330891293 0.325147505333019 -0.944350565544829
 -0.0658859032254793 0.260974760302112 -0.96309460710847
 -0.993334108195365 -0.0805315174252763 -0.0824743850956193
 -0.605371439576398 0.129671393395425 -0.785309333880662
 -0.970152289981546 -0.102658709521569 -0.219694614414937
 -0.966759463975598 -0.255522917256307 -0.00917483353755475
 -0.67838929349637 0.351380170508847 0.645228596888475
 0.460460685729088 -0.21594330859032 -0.861013614510807
 0.220410996108857 -0.249854585266856 -0.942863552702844
 0.305705322286895 -0.573940778729629 -0.759694832440429
 -0.882759484112562 -0.294078566134456 0.366406181920591
 -0.426944332693716 0.365787500878075 -0.826993374206885
 -0.841210526990692 -0.279579096082519 -0.462817867323339
 0.44371296098976 -0.0537716045938217 -0.894554315169909
 0.333871370360652 -0.942602719635271 -0.0054791413279751
 0.0490998450964427 0.161731513379186 -0.985612562212751
 0.163811796921507 -0.939576391894008 -0.30060255984403
 0.254655521243412 -0.921341629746701 0.293734857985803
 0.250089802754264 0.182319001007923 -0.950902136094881
 -0.935278633253116 -0.0388884405386842 -0.351769196167961
 -0.118938239409941 -0.977238748905116 -0.175664802520107
 -0.236022809009975 0.0234988163098671 -0.971463349416269
 -0.9704544128641 -0.194139078298684 -0.143276832844436
 0.0172483962777235 0.328418129654901 -0.944374938750401
 -0.00361426589028958 -0.143571102114742 -0.989633404710872
 -0.00219717452034372 0.913600865201589 -0.406606236458609
 -0.176491735048995 -0.974731451454016 0.136927955530431
 -0.318242889269723 -0.166715980535008 -0.933234828573982
 -0.882448006014473 -0.0346858346857189 -0.469129416636002
 0.531625151887777 0.563832886572354 -0.632034155643336
 -0.237553244196819 0.00951649769868079 -0.971327901608472
 -0.0676872697286254 -0.151922264701079 -0.986072035403489
 -0.130189704477627 0.123777603147629 -0.983732558070056
 0.271714733799414 0.0608657642114769 -0.960451176366226
 0.182345476167482 0.217924689801969 -0.958779931421163
 0.458578898425343 -0.870820009604457 0.177138095257603
 -0.983983667361348 0.132803297165511 -0.118909321031117
 -0.186994898470213 0.314107632921944 -0.930789612579711
 0.282347880031454 -0.958274017102511 0.0446159476864566
 0.447003206044548 -0.29345216147517 -0.845028971521951
 0.427823321643686 -0.89739083983914 0.107967059932955
 -0.657534463988449 0.0798441006958817 -0.749181785851398
 -0.806506869665843 0.49390417653126 -0.324969742571182
 0.161876408694461 -0.985409558839316 0.0525740397562177
 -0.912193226050883 0.0203181963495837 -0.409256263536652
 -0.125553593970837 -0.992038864112776 -0.00975638923163303
 -0.960391487595506 -0.24408324634887 0.134430500281331
 0.377180955999692 0.396874854198861 -0.836794405177157
 -0.535965215430477 0.0574148232596394 -0.84228547768475
 -0.537379653315403 -0.15047815197249 -0.82980686547025
 -0.768429331686945 0.253778926100635 -0.58746286595015
 -0.469906963125879 -0.121334717935424 -0.874337081582009
 -0.441982555265257 -0.587165704916713 -0.67815031948002
 -0.694509508997854 0.495130153875576 -0.522017885359024
 -0.546670115765653 0.506945634961177 -0.666451729476769
 0.374465797394349 0.162715958437119 -0.912852060002991
 -0.0112182099398486 -0.787394344600928 -0.616347546321246
 -0.555270384301677 0.210546612871036 -0.804577481741816
 -0.22155938632641 0.469489059618783 -0.854687932071663
 -0.100173957627831 -0.939029487988724 0.328920657455278
 0.244067065830949 0.0607838346969375 -0.967851534490805
 -0.961886171966565 0.265040539746262 -0.067294163718092
 -0.912492402850242 0.405568465736401 0.0535894984191198
 -0.213512771002163 -0.885165351769032 -0.4133939968681
 -0.812928470324828 0.328564131991675 0.48082524195792
 -0.671460113586137 0.718238726041549 -0.18241285118408
 -0.887188862324789 0.411690720999243 -0.208342681200875
 0.519762037709613 -0.785641086699352 -0.335582340187639
 -0.971560169582929 -0.21499882054467 0.0992287460587475
 -0.511807277735446 0.0698347046015336 -0.856257218650008
 -0.95788308617534 -0.277515818089792 0.0737899988423906
 -0.880217061471501 0.0458323192003125 -0.472352964647409
 -0.0292208358813587 -0.998017562047441 0.0557412647441543
 0.181600652674211 0.25945065301353 -0.948528629825771
 -0.154748653125187 0.403989457545258 -0.901579376731871
 -0.650130394388012 -0.0432893928287756 -0.758588491055199
 0.209072889236094 0.173668787675097 -0.962355277002176
 -0.110032545800282 0.815822052819248 -0.567738687248365
 -0.554736386023004 0.0869173935884004 -0.827473811497341
 -0.346990531295734 0.00856711682158336 -0.937829502468583
 -0.676275135171503 0.447588859889973 0.585077904258194
 0.0351831490853923 -0.999315419533212 -0.0114384572209325
 0.118801706137646 0.364160060042507 -0.923728101385154
 -0.780109935728215 -0.620114441447497 0.0829853462147363
 -0.244813949713493 0.341398588233915 -0.907476244304813
 -0.616833308672808 -0.772981493900618 -0.148378837436226
 -0.917272702746075 0.397041439316924 0.0311269057578161
 0.346619588815383 0.412569527604581 -0.842402068813692
 0.572532470300595 -0.806365249673706 -0.148262114412819
 -0.956301142758971 -0.237623136598263 0.170362464501691
 0.324759911737949 -0.227073906946517 -0.918133127880703
 -0.746729097264418 0.317750438563201 -0.584320386510311
 -0.307740470757745 -0.949480658818902 0.0615002535492827
 -0.788127776319054 0.083700918883782 0.609794034385705
 -0.766921701743544 -0.195991398442823 0.611079761676996
 -0.122405659684019 -0.168889970571908 -0.978004617738352
 -0.100327239436551 -0.891003305433456 -0.442772576763395
 -0.0589595229227895 -0.957987739069184 0.280683569967732
 -0.43608441843635 0.408257619342414 -0.801970134260557
 -0.452373741180361 -0.73631100659969 -0.503193898860702
 0.288917258303867 0.245775601396239 -0.925268162000884
 -0.850828998457996 0.151751291921736 -0.503052244586034
 0.120949987717372 -0.917119183863507 -0.379820356301111
 0.236192824167074 0.615254118810625 -0.752113900349238
 -0.652506786342161 0.682135065052515 -0.330040371474805
 0.282512674423392 0.275975860391444 -0.918707740944499
 -0.720361546920574 -0.445510102075556 -0.531601345621722
 -0.982729614511339 -0.18391645525837 0.0204265084532742
 -0.842605421633121 0.345758350309373 -0.412876817738427
 -0.535695535867078 0.14140229641594 -0.832487647608289
 -0.207687222926097 -0.181820330435068 -0.961148992026589
 -0.711078172255233 0.297299446793735 -0.637166282753801
 -0.363628492799182 0.355789634097745 -0.860922792992025
 -0.937070744336837 -0.301725060351456 -0.175671306888509
 -0.834879791161693 -0.540569790244529 0.10373059425644
 0.422790927949608 -0.819029500312624 -0.387864033987638
 -0.208195979152559 -0.97683213335447 -0.0495319847256594
 0.776707905342553 -0.628842079902332 -0.0358115668812951
 -0.992102144329008 -0.113920684998752 -0.0524920255581752
 -0.959329121657582 -0.267368913338022 0.0905621362388131
 -0.110110441255343 -0.993064039489553 0.0412250433504477
 -0.594705352475057 0.746069449746771 -0.299509465446534
 -0.468707458249716 0.744700224460768 -0.475115664095779
 0.21744558281323 0.884351502786063 -0.413085751430675
 0.129588745463201 0.675430334960602 -0.725948083311943
 0.57232427410227 -0.196743646905295 -0.796075915146109
 -0.0875505901418502 0.50875712048559 -0.856446779736502
 -0.424500926821751 -0.809328227956898 -0.405939382863526
 0.0418738115670799 0.226072650724234 -0.973210018700673
 -0.792105280506278 0.438504867915695 -0.424597109514783
 -0.461218044822276 -0.453731676994044 -0.762499495358843
 -0.939534180449608 -0.322858791283756 -0.114182856233654
 0.221383871787375 -0.950549543036558 -0.217818152469949
 0.17233942505462 0.100505428585701 -0.979896821811688
 -0.200287755616388 0.248648140366022 -0.947659705402034
 0.146204654333524 -0.944811315503153 -0.293182156940726
 -0.528484777587025 -0.115720669728133 -0.841018767006103
 0.300801965595616 0.433352106710486 -0.849543482762005
 -0.81727253511197 0.155187429073876 -0.554961679045584
 -0.951461129902305 -0.176849575840197 -0.251884786777946
 -0.489202731870445 -0.263909113107572 -0.831283746472448
 -0.988345218720982 -0.108507139868025 0.106770451104386
 0.214422374370481 -0.338893078897064 -0.916064695556484
 0.102091000236285 -0.480207943897747 -0.871193295594183
 -0.856094919287194 0.515505958260501 -0.0368116308872113
 0.0123364659080395 0.483445156665974 -0.875287719612878
 -0.697987598469702 -0.635909981497262 -0.329289853798519
 -0.433842146002114 -0.132200128259862 -0.891237408573247
 -0.434152586817991 0.573455716962271 -0.69473741229513
 -0.0821906642384295 0.182009742929704 -0.979855677225329
 -0.988623075954543 -0.13975216519949 0.0556214528058374
 0.285400898285022 -0.619734742340211 -0.731078091857918
 0.386815677528177 -0.246455297995919 -0.888613199152567
 -0.282160967259521 -0.251546571811298 -0.925802090495131
 -0.93675930312404 -0.272577471755057 0.219507471176232
 -0.306170908859768 -0.912254880110427 -0.272122046667839
 0.251015179814017 -0.71425053923833 0.653328054426482
 -0.0863881285159705 0.492890078298364 -0.86579238964462
 0.227420817513868 -0.916457076724825 0.329220592129825
 0.243738367513301 0.27259707348356 -0.930742952554651
 0.00385900865589828 -0.999623406887929 0.027168961223477
 -0.0508234525670871 -0.994609707872043 -0.0903797857701048
 0.631854852174379 -0.547438455340984 -0.548698991613408
 -0.966457302545207 0.153491732443163 0.20591398793826
 -0.910393225369188 -0.40585135109734 0.0804291987673035
 -0.950490643538685 0.142915672890054 0.275939571261171
 -0.0602475194118946 0.364896632147903 -0.929096703390897
 -0.704133865695228 0.569853098699323 -0.423630670612827
 -0.957155449882463 0.284884376617972 0.0519070006770741
 -0.979031720116553 -0.0940093353619481 0.180718388301875
 0.027959138175946 -0.847644094374379 0.529828062549255
 0.260109055540449 -0.881204127189386 -0.394743670563884
 -0.0348255504991321 0.363946954466707 -0.930768389754853
 0.225403961747976 -0.959591765658493 0.168453843259017
 0.433632305865955 -0.829433567028941 0.352140570220222
 0.518110412235016 -0.344752408259182 -0.782756269686265
 0.0150815360608601 -0.961250725262832 -0.275262766192097
 -0.509407360641758 0.155017763696952 -0.846447655713213
 -0.964591483607626 -0.0443921815868273 -0.259985776467868
 -0.241930866731947 -0.36443725218817 -0.899252436716112
 -0.934052711106743 0.0217663453739477 0.356471259827781
 0.512835673074276 -0.842565393802822 0.164569528128234
 -0.240244639035199 -0.869954205657857 -0.430653217186467
 -0.192587170987658 -0.315134816847634 -0.929300935532392
 -0.0963810172149153 0.440200677155376 -0.892711635049397
 0.0657885963129666 0.185700524661583 -0.980401538011637
 -0.465952604104098 0.28346158574644 -0.838175220425135
 -0.398246085883281 0.104812158459135 -0.911270797577637
 -0.00893774486339551 -0.988597405047473 -0.15031728925895
 0.231092983778886 0.0497316614275061 -0.971659814286786
 -0.132206091941864 0.178314506171219 -0.975051529993351
 0.405938379850181 -0.90753152586385 0.107705902010251
 0.139120690090852 0.23199896169266 -0.962715905842514
 -0.0291440069004597 0.440644755644917 -0.897208351602022
 0.00318877233438961 -0.934201172413014 -0.356732394370276
 0.203268984810297 -0.880698471519645 -0.427845675538683
 0.0335876561173172 0.014411168504198 -0.999331870590991
 -0.148940371713359 -0.954084839285354 -0.259882444808659
 -0.617694441233329 0.172810562771225 -0.767196250423669
 -0.856831318241539 -0.184070627108447 0.481620282293395
 0.0780909422683645 0.612237803783189 -0.786807903083323
 0.563474069946771 -0.789443780414777 -0.2434655829107
 -0.396831536004664 -0.253020772367631 -0.882329428718473
 -0.934195773818405 0.109400814895789 -0.339572846205302
 -0.309008059903751 -0.873709546855085 -0.37569355417521
 -0.0918082173090084 -0.934810494399005 0.343075196999184
 -0.3760371229683 0.551629649229197 -0.744513809301746
 -0.940213796806396 -0.327811608873027 -0.0923989468715901
 0.0173445029380947 0.0110438266124729 -0.99978857870631
 -0.153679767773476 -0.0326481624161497 -0.987581199936461
 -0.893563701967543 0.184915984335081 0.409084330258993
 -0.377835254176845 0.275079953599653 -0.884065348166487
 0.774211744376143 -0.62895291914598 -0.0708124308846934
 -0.915660428602324 0.347966990580844 -0.201208729825323
 -0.185112925874993 -0.974745855116164 0.124914861437135
 0.131875679169275 0.0141590945357614 -0.991165135224989
 -0.324713436166597 0.517741791812499 -0.791520449125393
 -0.131487291891696 0.442851944436415 -0.886900923091116
 -0.0728848469252661 -0.683315382430046 -0.726476350078349
 -0.905611764309449 -0.281222930346178 -0.317460227102288
 0.0803495340836373 -0.886108001052287 -0.456460910531957
 -0.125249171233118 -0.275869853214009 -0.952999721507356
 -0.806348891646075 -0.503000882357579 -0.311113447617815
 -0.942617978610108 0.0476099020362159 0.330461258892923
 0.300361193053645 -0.940996848624175 0.155910501848855
 -0.835155121336731 0.547939778550599 -0.0477275851782873
 -0.536286506471469 0.411032485812161 -0.73718998811955
 -0.435893369788654 -0.851660089217726 0.29098464325106
 -0.349205178031785 0.414722958231336 -0.84027412881252
 -0.878685030676271 0.185732565740141 0.43979089450445
 -0.141074670844447 0.355126882256635 -0.924111916785414
 -0.21987352224039 -0.120337850678312 -0.968077701381314
 -0.34555850007468 0.146099434289833 -0.926954302178014
 0.103237996455444 0.53172602235224 -0.840600590792875
 -0.30675683300317 0.0204416561383261 -0.951568381200315
 -0.018446508737657 -0.148305708750141 -0.988769509576175
 0.402362582192832 -0.862094740967009 -0.308053583079539
 0.204659316377917 -0.463494687685895 -0.862141078192356
 -0.984642223555642 0.161528714362145 -0.0662432338274166
 0.0141512094015933 -0.259255266970435 -0.965705156774344
 0.0450381311248631 0.635232266555714 -0.771006831533463
 0.0706030497509328 -0.419397344902952 -0.90505307935735
 -0.843520688017163 -0.414774934675786 0.341225149207601
 -0.920272478198761 -0.346543486367228 -0.181676024632744
 -0.0188910359695566 -0.882074257281493 0.470731487582146
 0.504880641574807 0.235757860464887 -0.830369658039135
 0.314176647121775 0.315087527942922 -0.895551720526592
 -0.966230601054125 -0.251283366734422 -0.0570534415193154
 -0.719340474511078 0.565504499937089 -0.403427741090124
 -0.95169228777201 -0.301977156366379 -0.0556020361871191
 0.676759168782852 -0.626336304983751 0.386910662204656
 -0.224522953554108 -0.135207920084714 -0.965043139799308
 -0.855150539621385 -0.438414102595003 -0.276605548084404
 -0.255581481169348 0.90683942899991 -0.335142292906162
 -0.270314741182504 0.693392197247644 -0.66793502789981
 0.395771766661666 -0.899492311965808 -0.185143969461363
 -0.641801713736586 -0.251454726085913 -0.724472967731605
 -0.293000822256764 -0.290461811223464 -0.910923956418781
 -0.784492578812683 0.616478897589168 0.0672693289328088
 -0.200722209722774 -0.21517929880958 -0.955724052165595
 0.387958829493365 -0.84622041966162 -0.365238207155069
 -0.672439424447264 -0.739758647616497 -0.0241322134427138
 -0.120456234322685 -0.94954900563539 -0.28956343261821
 0.395487341294132 0.44016258184826 -0.806130674529119
 -0.180969231033356 -0.114520461576106 -0.976798444562434
 -0.182562464992536 -0.424351614914732 -0.886902843210635
 -0.33175195074368 -0.406918105440717 -0.851092414865918
 0.290939138108216 -0.939016629005413 -0.183308996964574
 0.27685206886151 -0.953952863949207 0.115442043165421
 -0.199407565254351 -0.0248025187158478 -0.979602704153414
 -0.139589490770215 0.920250435925258 -0.365587074779572
 0.0392412434902018 -0.690520370907145 -0.722247701395859
 -0.354049736090073 0.140185043028679 -0.924660444750178
 0.0437210475630394 -0.0733004234969803 -0.996351101728278
 -0.630184199360227 0.023996264113253 -0.776074773578756
 -0.961426525234509 0.272449589730473 -0.0378187470865393
 -0.0779139813090915 -0.961792846245378 0.262457486896034
 -0.00830473561357035 -0.949575662473825 0.313427970359676
 -0.933975753805231 -0.185995264479933 -0.305114819199249
 0.350140027242941 -0.930779932968691 -0.10512220367321
 -0.79304500725245 -0.430813098650483 0.430673531231176
 -0.716247005530454 -0.11143608236797 0.688892028270858
 -0.643618098410198 0.0219646463820673 -0.765031566478241
 -0.420826438156654 -0.891156888532258 0.169542056640494
 0.170610178234181 -0.808653006202029 -0.563003092925184
 0.188477838135309 -0.0666191077908156 -0.979815288209465
 -0.27966529071166 0.0780425698332973 -0.956920415951597
 -0.0290971932797911 -0.210668993087732 -0.977124315885466
 -0.0546743907412659 0.592978838197785 -0.803359700536862
 -0.193124290509842 -0.97905259012378 -0.0644905744042363
 -0.245521407791862 0.663580752432173 -0.706668113980993
 0.334511188422375 -0.941098349783663 0.0493574802306218
 -0.848201362312896 -0.509856264280732 -0.1435306195355
 0.109107603944299 0.280012160426335 -0.953776032816358
 -0.153622822881108 0.0817157127072652 -0.98474492666212
 -0.00689952719061897 0.633443973868576 -0.773757797049008
 -0.112828776242513 -0.969555102907955 0.217330553942058
 -0.718406354904772 0.675963144276127 0.16421369252523
 0.155051774558826 -0.0887000534238581 -0.983916280853592
 -0.295217898464399 -0.857161845904879 -0.422042607269934
 -0.451468507323264 -0.298862482339772 -0.840748121344921
 -0.671333514745071 0.480678715088928 -0.564144737492504
 -0.438230351185563 0.435060724210253 -0.786559804178569
 -0.426175826321501 0.182021846904841 -0.886138935104725
 -0.213061855579351 -0.569558543991814 -0.793856227955043
 0.214926129570775 -0.969288470820947 0.119526646239725
 -0.377175954713893 0.129669154793342 -0.917019197989248
 -0.664692385726958 -0.710800759447387 -0.230100657812233
 -0.958896527137118 -0.140356529300876 0.246612033216117
 -0.235700671862778 0.690341346298714 -0.684013171564637
 -0.106929492264092 -0.993720464757246 0.0329502899347902
 0.0568725864825677 0.020626659035958 -0.99816834744636
 -0.358460172229158 -0.929468365736615 -0.0871485055543085
 -0.111024279037152 -0.198630860457157 -0.973765572783476
 -0.595315001678188 0.143484755319271 -0.790577114371437
 0.425462137575481 0.00758692931021656 -0.90494442259917
 -0.160168739999656 0.537212629045907 -0.828099369593111
 0.337889593222682 0.642973807235083 -0.687324745663528
 -0.410620508987318 -0.399383285507092 -0.819685176672457
 -0.852500698505848 0.44534392803209 0.273699369403714
 -0.56191536094304 -0.139210004039637 -0.815396653115242
 -0.0246165381055246 -0.971595602516255 0.235363572421
 -0.771171798994309 -0.630058148635398 -0.0912183412149968
 -0.838536957498775 -0.242281188018871 0.488011881864429
 0.143829247505063 -0.989597491408483 0.0031547678464915
 -0.142520607309717 -0.989443952909452 0.0262400560782119
 0.132693475138581 0.918335380759993 -0.372897532976615
 -0.835979614826805 -0.498464373346298 -0.229502401073518
 -0.944021390113675 -0.20482630497727 -0.258591956172661
 -0.0896912488082022 -0.937064975293101 -0.337438456560846
 -0.826434099430309 0.0805506153906268 -0.55724166899022
 -0.323412783500251 -0.146171428855439 -0.934900040033682
 0.434192040847467 -0.429259564030418 -0.791968117005431
 -0.806453344081064 0.432546369057852 -0.403158334200518
 0.118994284779658 -0.980955233089875 0.153516093173868
 -0.996472447263127 0.0790633533131947 -0.0281362401238524
 -0.0620963493821304 0.0569222126562032 -0.996445635797425
 -0.585043093698233 -0.0198866857465267 -0.81075834762648
 -0.815402487887658 -0.292810250536315 0.499380556216878
 0.280970249908058 0.522476541974011 -0.805030422874492
 0.0654930100406219 0.0801195343746902 -0.994631351731586
 -0.856961359628683 0.0602753357179308 -0.511843835566523
 -0.953013637896531 0.261755583808918 0.152476294315124
 0.0052731776215067 0.222362861598741 -0.974949717359512
 -0.0816414509175211 -0.279650586303084 -0.95662438975411
 0.228560832780333 -0.960455587494851 0.159012610093289
 -0.195779025087324 0.338847652413912 -0.920246076758515
 -0.88015055092956 0.0769944400500233 0.468408864027758
 -0.924499407044002 -0.380480329371885 -0.0231422845965886
 0.159049271390716 -0.100684867112756 -0.982123152565181
 -0.857329703317721 -0.0592627125601623 0.511345001646794
 -0.427764498681245 -0.808401984769089 -0.404355987577012
 -0.846399385800904 -0.452721012355979 0.280449219444857
 0.343174852928597 -0.929579896655712 0.134581707713169
 -0.294500781232874 -0.270313356540947 -0.916624230057658
 -0.617037300344859 0.239271996053206 -0.74967585121027
 -0.325382724990793 0.467526558542587 -0.821915445368251
 -0.0961019640198127 -0.184181739033814 -0.978182753639633
 0.0587881427419442 -0.960989354336078 -0.270265453074716
 -0.264549406261597 0.691823398102823 -0.671858614206962
 0.0192565726700259 -0.999784811134523 -0.00771465058898667
 0.737662479064905 -0.642659772135274 0.206984260896467
 -0.889778024492687 0.253277683748618 -0.379664960254203
 0.0601323618515456 -0.137381582073782 -0.988691256138669
 -0.875773208216882 0.398301167317805 0.272722327437237
 0.421524655698968 -0.827491185767938 -0.370911447806937
 -0.819245346063928 -0.209290609907397 -0.533886227165662
 -0.651603388174644 0.350891478493317 0.672523750391091
 -0.118540490132128 -0.474273449904284 -0.872360502839923
 -0.176088716978953 0.981919695738078 -0.0694728355139421
 0.0679320368013493 -0.159519856968092 -0.984854635775707
 -0.596053429592277 -0.55198123951439 0.583126933261912
 0.136851094210814 -0.228051801760162 -0.96398348208216
 -0.800585332917022 -0.336104811096282 -0.49608132465965
 0.306854889070192 -0.948004469701228 -0.0844251294355788
 0.0977662485366216 -0.896604712319574 0.431904793320715
 0.402873759970785 -0.707343445860304 -0.580825260405808
 0.108349842543494 -0.282607896714587 -0.953096578702997
 -0.194064653436115 0.189257720928303 -0.962559310045748
 -0.495203022083359 0.423324487667138 -0.758663525590141
 0.255741445467666 -0.965536404012482 0.0483297589147022
 -0.267626937889529 0.227039530242728 -0.936391410588027
 -0.986786430258389 -0.0858160453202504 -0.137434156684205
 -0.432478860424559 0.261316281310729 -0.862946021723147
 -0.208196173834966 -0.15949567806841 -0.964995068317957
 0.0396699852671564 0.115548092436674 -0.992509410838582
 -0.929305696423002 0.199513360654749 0.310781823014165
 0.224522419798123 -0.960988365809558 0.16152722305132
 -0.174342884065304 0.175334197520436 -0.968949161698206
 -0.0997731118930289 0.428592777274521 -0.897971913486883
 -0.617128971032528 -0.41435457232294 0.668926095699223
 0.247656288992405 -0.100105592341838 -0.963662406086488
 -0.470474857408897 0.617461411392422 -0.630392587192581
 -0.305990223615273 -0.951483382006343 0.0323937774525693
 0.00101546974341162 0.836649521459739 -0.5477376626291
 -0.389516751201651 0.807371288596399 -0.443202327254158
 -0.918229474013201 0.000550924299687893 0.396048392921695
 -0.11535707361637 0.192509724715148 -0.974491021742512
 -0.225535569923254 -0.96309861519048 0.146883505260372
 -0.0838671042857064 -0.945308257082481 -0.315212004705425
 -0.02782554728078 -0.840908550278102 -0.540461422293678
 -0.891010572686954 -0.290695929152769 -0.348706231854372
 0.293711545637725 -0.884895461698673 -0.361515628741264
 -0.466600660846552 -0.830212377018976 0.305010216783084
 0.119071043243235 -0.183501104456449 -0.975781446495183
 -0.776488993302392 -0.437383239336743 -0.453608581518841
 0.687723019502123 -0.302593922815228 -0.659904513033647
 -0.946514831313917 0.245713408494311 -0.209128178371293
 -0.795281984855103 0.470487846185552 0.382318912894207
 -0.0507978535357016 -0.149775976725619 -0.987414165825087
 -0.135348363583507 0.375348467839249 -0.916948389041605
 0.427733880871606 0.325990696616181 -0.843074013876725
 0.106836986353254 -0.980837742823486 -0.162920780135265
 0.395952931048851 -0.911444411222149 -0.111760286532088
 -0.958729790932674 -0.170911510031412 0.227214532363083
 0.380138736792613 0.421515517131304 -0.823297764850146
 0.347939266991493 0.170312697783309 -0.921917486253078
 0.220436867062881 -0.491491965175152 -0.842521949748355
 0.410722940682549 -0.86770004626145 -0.280005885143434
 0.115446110339064 -0.243636286660358 -0.962971212150152
 0.47276367546564 0.845927877377646 0.2467803343777
 -0.173473583495759 -0.963093410919917 -0.205810586879733
 0.298402906552019 -0.92453950075009 0.237028304035788
 -0.19581129996162 -0.956059463269246 -0.218193119737225
 -0.092911675387888 -0.0676346732851292 -0.993374537395755
 0.371066232404734 -0.84198744042504 0.391620991949418
 -0.885776672813317 0.00739304824158645 -0.46405282968372
 -0.0850889473563712 -0.993338185381333 0.0777117783936646
 -0.309582572902312 -0.422219966089526 -0.851991156521325
 -0.00820536398389776 -0.0682458656292779 -0.997634789803565
 -0.364083881165281 0.192775653458602 -0.911197275516798
 0.233713314218871 -0.264864986076313 -0.935534406586752
 0.0663808196150078 0.497119488919728 -0.865139179856876
 -0.570298883497282 -0.0227961349816394 -0.821120892263528
 0.0908480192990325 0.123472650303452 -0.988180723358073
 -0.2754525598613 0.197268792609288 -0.940856477220799
 -0.912159593786141 -0.259686584031433 0.317061119562124
 0.0635571356776307 -0.78235594906601 0.619580228433314
 0.0526191469958374 -0.743171723171438 -0.667028496578539
 -0.95925771967408 0.260022993914983 -0.110510949146105
 0.604713853598556 -0.694729064855954 -0.389451770711542
 -0.846273993947728 0.316945167404617 -0.42821266682178
 -0.197053970794788 -0.112018191858227 -0.973972102930479
 -0.37683590727844 -0.150300574265236 -0.914004615065578
 -0.0929950175902866 0.109305044077092 -0.989648591189159
 -0.557141860014962 -0.0868077093375849 -0.825867646429275
 0.00228519407459789 -0.281166857489737 -0.959656176001274
 -0.424996932482222 0.696163722944447 -0.578561732433824
 0.0890313385087828 0.284051659539256 -0.954666473422173
 0.00580449040156431 -0.982031473443676 -0.188627922262905
 -0.0306871502413503 -0.999305301340929 -0.021147423530522
 0.661113985459399 0.223872781601602 -0.71610702823527
 -0.863150096394584 0.106012592125161 -0.493693469072586
 0.164271616911734 0.805787320886189 -0.568965402618
 -0.0491258643388252 -0.319656214463813 -0.94625924249522
 0.0913841339173725 -0.427684617208794 -0.899296841021439
 -0.854258232346689 -0.236982164876727 -0.462690313274712
 0.360157628197206 -0.895066379605118 0.262949917193275
 0.0876615343911712 -0.938184942947114 0.334849918942064
 -0.683908249531 0.585348487479579 -0.435472908949353
 -0.961082073957568 0.244251612222705 -0.129082907637023
 -0.187834198089435 -0.115358235708731 -0.975402886751043
 -0.917683605065306 -0.199874168823722 -0.343376058617035
 0.0818719650345698 0.463230304533787 -0.882448109694226
 0.0920331168642303 -0.995694751503167 -0.0110393491339483
 0.504975770613637 -0.849595396913389 0.152273217069659
 0.247653889330625 -0.963671326287584 -0.10002562666909
 -0.173928422673838 -0.507160389400006 -0.84411921149197
 -0.523301628428423 0.443974508110213 -0.727352762992247
 0.352893159700451 0.249119362715776 -0.901890215578768
 0.150294103100621 -0.93513043798076 -0.320846920719355
 0.462263210438097 -0.853960783700735 -0.238880104187625
 -0.738264812019968 0.368559193460564 -0.564915204476582
 -0.910991475474292 0.410271613737041 0.0420919775583905
 0.00758705968639033 0.129636388151766 -0.991532573036448
 -0.117424671468575 -0.986641488080218 0.112915988811816
 -0.791564228065382 -0.359578343229787 -0.494094614347676
 0.234074007483142 0.165134312235881 -0.958091862998097
 0.338479437604346 -0.752486853680789 -0.564973632443703
 -0.672375559112962 -0.0425241010252941 -0.738987691602182
 -0.198493648631822 -0.408041998527266 -0.891124008705131
 -0.401002847804315 -0.887079060139787 -0.228664507771412
 -0.216932633275576 -0.885124339521081 0.411697870054601
 0.33937414146671 0.432268482901263 -0.835445480443802
 -0.213938135253431 -0.960703314095408 0.176860443769614
 -0.0620365653166102 0.761109903289184 -0.645649424749103
 -0.59145279793849 -0.798288099070695 -0.113664852495517
 0.175728963148161 -0.353330800011653 -0.918845295615098
 -0.972471928226315 -0.18759849172262 -0.138221397457814
 -0.243528181260989 0.954361620369707 -0.172881238129021
 -0.522671294136879 -0.48723539683226 -0.699583008912445
 0.191894591999419 -0.0726318126239823 -0.978724213124581
 -0.889125390423859 -0.229478687847895 -0.395974206138769
 0.284260375881586 0.124955738368795 -0.950569356834297
 0.2713442992127 0.635316806282084 -0.723010945242395
 0.497164832115654 0.255445671925383 -0.829201205017216
 -0.925621950653875 0.0566771968556918 -0.374181372898622
 -0.954711886549308 -0.0547053645936558 0.292459461748353
 -0.213532518309747 -0.976317968533371 0.0347431711731869
 -0.0315765205592639 0.620750551004104 -0.783371991315411
 0.274522673285424 -0.940554237540852 -0.199987569854154
 0.143767330603176 -0.988799209211284 -0.0400883837835331
 -0.0566070030267207 0.746282392509118 -0.663218092213414
 -0.0789385866394342 -0.988772453056792 -0.126876852165489
 0.791629200144434 0.0491206651913149 -0.609024112601337
 0.188209202488928 -0.964359526181329 -0.185978494352989
 -0.990487767830543 -0.121218336120243 -0.0651160254185348
 -0.844825031324421 -0.0869954520922331 -0.527922776325248
 -0.942423720032439 -0.227947601625848 -0.244698636762127
 -0.367788033775663 0.0650862372644134 -0.927629098255436
 -0.525378424239052 0.307569598088015 -0.793333759319536
 0.407028900588001 -0.910941455890383 0.0671798930218932
 -0.378956909467764 0.47048557894428 -0.796890821111717
 -0.262911994001522 -0.0111696630010806 -0.964755161706112
 -0.574071395055731 0.0375249518327042 -0.817944931745848
 -0.93888493150664 -0.263051736645325 0.222033486748395
 -0.0383406032212825 0.790018843057521 -0.611882526109942
 0.266504738749709 0.559594469525914 -0.784747891937252
 -0.719402498058813 0.0232552994232961 -0.694204031128798
 -0.598545200611144 -0.291143121269851 -0.746310475447461
 -0.301098192517459 -0.944018452043983 0.134792583858316
 0.149449425205997 -0.0216829381673745 -0.988531597622467
 -0.785909701245876 0.562270633636569 -0.257289090397452
 -0.8938129101301 0.010021346962027 -0.448328065471959
 -0.983256805836779 -0.0892359565891239 -0.158880451369193
 -0.465792046228666 0.124352263405869 -0.876113168635165
 -0.129717705965169 -0.238748533953094 -0.962378540021744
 -0.572004180395541 -0.692402334311962 -0.439761554765047
 -0.16473238273029 -0.967314790364282 -0.192783138325181
 0.171485735879101 -0.969903458193317 -0.172858104162484
 0.12848039400324 -0.969939984404384 -0.206662079275314
 0.952662510404597 -0.161683541793261 0.257473442480573
 -0.629365194308422 0.492811309800879 -0.600863100152992
 0.693454618309582 -0.618411687860805 -0.369712965234197
 -0.950980620551295 -0.287083152929543 0.114974443420731
 -0.321455726031805 -0.409512206488369 -0.853795039185865
 -0.124976451767845 -0.951986248585939 -0.279469263080558
 -0.476169338547293 0.719306009179615 -0.505827664511867
 -0.337063207496739 0.289973156107535 -0.895714219429973
 0.159673162294484 -0.935291528563515 0.315807279587096
 0.158125287252385 -0.592793046785304 -0.789678920330502
 0.400692772053692 -0.175696178535465 -0.899208627222827
 -0.980260521588017 0.162667162788909 0.11237750649572
 0.106047499411624 -0.651399671011248 -0.751287159796425
 -0.878912571079903 -0.0449742687737755 -0.474857881419251
 -0.0370954662560328 -0.894609981368014 -0.445305409376497
 0.173367919400612 0.899702007345219 -0.400599379058038
 -0.920993271001926 -0.372881112949195 0.112832044982546
 -0.535218499836701 0.206467516301399 -0.819092377052114
 -0.357143459643624 -0.316694173103106 -0.878722567114515
 -0.292588394126915 -0.110137654647977 -0.949874585748496
 0.0816462744420413 -0.9828199329654 -0.16552602585582
 -0.563943383005249 0.0548837756666965 -0.823987640643452
 0.285920123773119 0.434856869319047 -0.853902328154457
 -0.0178809298565886 0.186409895311311 -0.982309331767489
 -0.203944656276092 0.432879072129329 -0.878078747088709
 -0.0849931031594706 0.505456935837565 -0.858655611074093
 -0.308972776425543 -0.32046527412439 -0.895453980675876
 0.267813598737993 0.066662726039532 -0.961161774774665
 -0.278831188441267 0.307365635152609 -0.909823903115138
 -0.232144996588925 0.17689641118499 -0.956460328643378
 -0.536679488235843 0.227065917056728 -0.812659951159217
 0.375175048375193 -0.082633150885128 -0.923263475640333
 -0.293712536023005 0.252638222794331 -0.921903939988466
 -0.0692463788884783 0.253907294189427 -0.964746611794121
 -0.0535668020928044 0.137313573641519 -0.989078146663521
 -0.0859226973165378 -0.83955171986595 -0.53644216813742
 -0.388675479944801 0.103816102500768 -0.915507284597577
 0.701304926611871 -0.607838366320757 0.372429752219706
 -0.931899471444533 -0.335306824338512 -0.138321034819083
 0.0591157222944748 -0.256191002567833 -0.964816822811922
 -0.98143161504283 0.164415376026254 0.0987905315329769
 -0.967628210409337 0.060052803478065 -0.245131204081506
 -0.984840242322727 0.151603402860675 -0.0842977184909274
 0.249951743832525 -0.880157597091891 0.403542723929584
 -0.432455457349291 0.421838713614637 -0.796890442347481
 0.0107565812150713 0.153369942787066 -0.98811029577171
 0.133776349453617 0.82678302017996 -0.546382398937748
 0.313363168417026 -0.301458023355558 0.900514622221207
 0.2857655056446 -0.500935473705866 -0.816946587584994
 0.159158438730963 -0.987187489278191 -0.0113777147680669
 -0.347257572926912 0.184275693254058 -0.9194860776111
 -0.05561843742587 -0.961003945655381 0.270883749702883
 0.523851670641367 0.107707798690586 -0.844972459472779
 -0.950898688496261 -0.278966496072299 0.134049909680069
 0.366353132554857 -0.623961434071268 -0.690259017368821
 0.10371136393571 -0.512231396808434 -0.85256257782891
 -0.135253302225251 -0.686604634240377 -0.714339289467409
 -0.960418162151882 -0.131235317914583 -0.245711711443836
 -0.917041926571956 -0.360940095236951 0.169576981219549
 0.30630037279792 0.164283318795355 -0.93765189318288
 0.09881764663844 -0.908223593386853 0.406650927858666
 -0.412259195274577 -0.0501085451664198 -0.90968757802493
 0.0912488343533677 0.429052136733028 -0.898658953215276
 -0.352627067425384 -0.413381473088439 -0.839505752824962
 -0.240604649040358 -0.91907478239669 0.312107268775724
 -0.840739236627925 0.124396117349975 0.526956489648382
 0.151908293106332 -0.919128969630934 -0.363491138366122
 0.0731373094925161 -0.614227357794991 -0.785732579760048
 -0.439652059168337 0.756079499819576 -0.48481940639956
 0.333441099901994 -0.830785200523236 -0.445660165919858
 -0.597737137674588 -0.400379894095722 -0.694554716813938
 -0.940332227469506 -0.145026665256719 -0.307802807568015
 0.0788674382033281 0.172335235033288 -0.981876007425207
 -0.178301565404722 0.189762172505486 -0.965504463822008
 0.496714838656798 -0.74603246528457 0.443519931682419
 -0.703643567395249 -0.708439842191739 0.0547605702913265
 -0.221468761992534 -0.8533214525259 0.472010684328843
 -0.605906226786748 -0.737437405245234 -0.298435449781393
 0.271712978179875 -0.848588439062858 0.453949026408787
 -0.124214490560516 -0.266162415051068 -0.955891379367433
 -0.409066522244561 -0.427386942575798 -0.806228864339681
 -0.942530808044504 0.312142524957244 0.119175165199345
 -0.031625605827895 -0.197582472647152 -0.979775988457901
 -0.749700390703862 -0.0384813575394506 -0.660657633953016
 -0.654605319452139 0.457231158034161 -0.602022876531866
 0.503214872540426 -0.772701497772637 -0.386920130510222
 0.397659277470788 -0.767343660285654 -0.503041555003983
 0.44693019000503 0.414307672546985 -0.79284459872712
 -0.421695755957971 -0.190021450633706 -0.886602807183745
 -0.933667767403469 -0.26329575005702 -0.242775303755824
 -0.65798152786524 -0.295242481510078 -0.692742510677594
 -0.986269259447656 -0.159967207317475 0.0410297508110786
 -0.607569201341283 0.388079269455804 -0.693003712977185
 -0.544559977219425 -0.835782878689592 0.0701527682997525
 -0.274873050984558 -0.256726622981379 -0.926572310667126
 -0.656876896362683 -0.606173988595179 -0.448403655845422
 -0.376204821501275 0.265102581287577 -0.887800965123297
 0.290765566418437 0.0430953425849759 -0.955823297912773
 -0.565151991982711 -0.598297942859699 -0.568016546878545
 0.286808218004487 -0.131196452432389 -0.94896182059883
 0.303516328405255 0.50657679621465 -0.807005444794702
 -0.970854148867554 -0.119236789292654 -0.207905771218204
 0.42890448458604 0.257835664939803 -0.865772321679917
 0.431609172304078 0.651406395831932 -0.624005793123944
 -0.740107533161864 -0.0039054380515393 -0.672477201777641
 -0.154744700732085 0.645751514162054 -0.747702520761266
 0.152105006744531 -0.370094588392936 -0.91645734356025
 -0.860979594869031 -0.366731780835543 -0.352451327340883
 -0.515729494179793 0.115926550433968 -0.848872265854843
 0.622700941658848 -0.739289086271668 0.256310718029477
 0.052718628823752 0.309886114441644 -0.94931098289823
 0.588581635094881 0.276401833239274 -0.759719478104257
 -0.566501691593855 0.450323922134348 -0.690133464320372
 0.150317968756267 -0.986147384486558 0.0701273437348853
 -0.744826873992598 -0.49294986139327 -0.449703637889189
 0.172934970819256 -0.943198059168339 -0.283673962585255
 0.0457875562536117 0.423037584634561 -0.90495453017203
 -0.723399379902425 0.536306654798304 0.434820088284615
 -0.976972438526533 0.213080657948029 0.011022139899097
 0.467126210417557 -0.363201222555412 -0.806150094880095
 -0.480403851844073 0.253531467209772 -0.839603438694625
 0.242103596237931 -0.957377570763885 0.157524714527285
 -0.837537690315517 0.134792647095998 0.529491793694485
 0.0565188034561494 -0.225249206436396 -0.972660485398507
 -0.378509603412098 0.540405209303791 -0.751460371464885
 0.852665603585933 -0.503699340300401 -0.138738397865832
 -0.0669745644137007 -0.839356241711503 0.539439994087883
 -0.789661979778229 0.34985116142402 -0.504021946489428
 0.34678942921168 -0.860760098532324 -0.372597832202041
 -0.93599103856558 0.110209921746496 -0.334327008890334
 0.464607936996725 -0.312461386827867 -0.828557388852005
 -0.473406102682882 0.191883602761869 -0.8596902610439
 -0.0179470192473353 0.772136735154451 -0.635202933498549
 -0.677076699727971 -0.410316949739034 -0.610906820589142
 -0.24638775324945 0.417060234111138 -0.874845035518778
 -0.279475468833919 -0.0684593964631677 -0.957709127739712
 -0.991804792867986 -0.0033256897419069 0.127719194453424
 0.550873649758965 -0.20262051825567 -0.809619137362155
 0.35382843579972 0.393718277420298 -0.848405183886047
 -0.00255722010754082 -0.207162923063493 -0.978303114547384
 0.52203038022221 -0.728956308845456 -0.442839679703008
 -0.982459905802099 -0.148371659047355 -0.112953018033452
 0.228444049217107 0.453248490250458 -0.861614253864786
 -0.988800095101073 -0.00995734494676188 0.14891347558136
 -0.558093959613126 0.201453891312388 -0.804951838260178
 -0.351177278906056 0.721928776046855 -0.596232640079045
 0.0936846793296987 -0.9557630984663 0.278819081967123
 0.144396014258144 0.712557344681877 -0.686594364677045
 -0.0629236781724186 -0.979223418673363 -0.192774757286593
 -0.415936861081035 -0.273799432025984 -0.867196862665165
 -0.514553267066608 0.703401988419813 -0.490367798736962
 -0.811928563193637 -0.32793416260582 0.482940154953319
 0.444593015570061 -0.895483332961673 0.0211341168297396
 0.269076072488978 0.70191412142037 -0.65948057845897
 -0.499422339937304 -0.814107016421345 -0.296322615041586
 -0.208954305744883 -0.828301327471485 -0.519860566901981
 -0.94923786354289 0.235633858585553 0.208384651797136
 0.156058917727912 0.629157734375081 -0.761450037411259
 -0.219959137655972 -0.07818460910692 -0.972370888427065
 0.337304216858975 0.569387635072349 -0.749682323598383
 -0.447501543412761 0.419216763884533 -0.789936499676637
 -0.92165467334467 -0.339406934382651 -0.188030837882778
 0.230025230431825 -0.277996644762206 -0.932634043377005
 -0.132619748511151 -0.757902075404823 -0.638745995213983
 -0.112340586869615 0.727170270283676 -0.677202326160621
 -0.381149626332963 -0.650262687422515 -0.657178362160754
 0.546494720081968 0.31913286874568 -0.774272389413883
 0.519529301886108 0.199466114405325 -0.83084449428625
 -0.536747917907472 0.65843113816526 -0.527607912105565
 -0.827463686463626 -0.205925395993356 -0.522396955263913
 -0.250862769584152 -0.580748107882873 -0.774467240125127
 0.453137138956448 -0.891337927393759 0.0135437250327621
 -0.998001708158169 -0.0191757986031467 -0.0602069702053557
 0.0719512959153822 -0.543640359884425 -0.836228539408235
 0.0380836623050496 -0.404316755878698 -0.913825801551455
 -0.654299125363192 0.601773460165784 -0.457997114826132
 -0.276353582685369 -0.285399563319478 -0.917701360244177
 0.0686795999068094 -0.0120448926916113 -0.997566054513027
 -0.688621191087836 0.185195934602163 -0.701072978363595
 -0.100233335593644 0.602314728219177 -0.791940810039508
 -0.607119455707102 0.185381721220773 -0.772683365900377
 0.373593045885349 0.303907539000423 -0.87639514136308
 -0.204914246655019 -0.13829615983496 -0.968960434534202
 -0.976474844591168 -0.200096765918082 -0.0803626912800839
 0.0932620872569124 -0.994179933092135 0.0539299890358028
 -0.283015799933899 -0.0300951923261376 -0.95864296606538
 -0.898762981118584 -0.364535801556429 -0.243595470307735
 0.302199377497554 -0.795862510641137 -0.5246698012999
 -0.946594346515475 0.276482633333124 -0.165880971211652
 -0.855298175115737 -0.482983388001662 0.187595518491583
 -0.0635648481046286 0.505853095282262 -0.860274465550844
 -0.254068124977406 -0.238710483856861 -0.937265540157798
 0.699552434808332 -0.322726314889208 -0.637553226508788
 -0.135594140368517 0.313179294748354 -0.939964338918582
 -0.219922893390337 -0.975414053907804 -0.0141895878011105
 0.169786691113528 -0.0316569576053293 -0.984972241515411
 -0.912220643081318 -0.134637682695111 -0.38694468950329
 -0.237343499081561 -0.8887727622327 -0.392111005401503
 -0.226856884270858 -0.508420014788895 -0.830689498321111
 -0.569383063743606 -0.421272564564982 -0.705926591839965
 -0.47583690211418 -0.111515592871061 -0.872435393099681
 -0.470003582305299 0.505070478850222 -0.723878749525218
 -0.0551740788510848 -0.998276636273522 -0.0199894595563844
 -0.21767864776213 0.00501676359455829 -0.97600760160538
 -0.670918571243416 0.45510668829543 -0.585445277570381
 -0.548264031290244 -0.444393770959876 0.708463639381325
 -0.93911892962837 0.145088685899665 -0.311456111254174
 -0.0614247565539025 -0.162713146098054 -0.984759580491181
 -0.0387169712271403 -0.457562738794914 -0.888334022879623
 -0.142425672725301 -0.0924667551157888 -0.985476954041596
 -0.973601496375931 -0.170751676526906 -0.151472740840715
 -0.338205842544257 -0.183168241841021 -0.923074321628437
 -0.493639442818874 -0.861545355504793 -0.118573609633811
 -0.6029323608269 -0.18425594129513 -0.776223109914376
 -0.966097442904895 0.031047165679339 -0.25630412465644
 -0.838009468120805 -0.354907791370303 -0.414464221573515
 -0.394830343498991 0.452363680653913 -0.799672495636628
 0.162031325444081 -0.970270695576721 -0.179779383912342
 -0.23482104854481 0.885945917305192 -0.399948630164647
 0.286946408649478 0.247384612262474 -0.925452652586242
 -0.731207486500369 -0.351045407804196 0.584895489250343
 -0.117051206936019 -0.0948093020140463 -0.988590011686559
 0.4007139157822 -0.80591865726985 -0.43580210596423
 -0.597149321320764 -0.519968892541119 -0.610774130784624
 0.165971868374201 -0.5084489321814 -0.844945573556055
 -0.943967836883113 0.223678332681869 -0.242678236393121
 -0.223634535234518 -0.788113343663619 0.573467481370821
 0.324004668465085 0.0816999584236483 -0.942521135893729
 -0.828751988733184 -0.458831822846191 -0.320380242078743
 -0.906159952616901 -0.277088324468743 -0.319524961022515
 0.214947471330642 0.469330452383609 -0.856461622627634
 0.117112946845836 -0.888218653951551 -0.444243379752113
 -0.222300062115902 0.476604028193909 -0.850547636933173
 0.200851159297034 -0.695122022695595 0.690263851996193
 0.00139544334775389 -0.21739077080472 -0.976083657022692
 -0.999914290947514 -0.0084882802255472 0.00996794149974613
 -0.98072029201222 0.192265506173604 0.0349525960591373
 -0.078599600633026 0.490355405499857 -0.867971012809414
 0.123748022661359 -0.991670988441506 -0.035708228335376
 -0.122169850190416 0.0632399944490027 -0.990492418348844
 -0.951176064022141 -0.308474322778611 -0.010377254821233
 0.0318027406864269 -0.855505591882485 -0.516815990409189
 0.324426989270087 -0.410340642050008 -0.852272072823658
 -0.921063264055519 0.369335017756114 -0.123426529832468
 -0.0169994225743903 0.018459424353697 -0.999685085056623
 -0.55310251287465 0.226696199947488 -0.801677268719225
 0.537014436645964 0.0979709046374981 -0.837864664894235
 -0.459542240687787 -0.88716528881992 -0.0419366109350418
 -0.717553988191716 0.41554467642599 -0.55896233855617
 -0.19737805988429 -0.23553999752828 -0.951610640462102
 -0.192212908798635 0.246360774452349 -0.949926611113936
 -0.847433352849249 -0.493080079560213 -0.196796208346538
 0.102113859707999 0.00932837961384544 -0.994728978661683
 0.255249236883366 -0.926953100630288 -0.274965045600991
 0.399907024478499 -0.91617691274787 0.0263483646652893
 0.604343177902283 -0.089420348265901 -0.791690169598546
 -0.89518738198234 -0.340350870213368 -0.287751344540049
 -0.960092074432595 0.278795266546049 0.0222802146137377
 -0.627756660958798 0.777510498603627 0.0374031974970087
 0.242443905655012 0.497565636103221 -0.832856164280448
 -0.8737976116485 0.0272283356889396 0.485526880422689
 0.499957384293027 0.793766896700789 -0.346376569058696
 -0.771274212247978 -0.536127154283525 0.343079821559225
 -0.307531966574924 -0.949873292591401 0.0562567112096939
 -0.999459411574605 0.0298981646686248 0.0136742226247553
 0.36955749347024 0.323957638931806 -0.870906830377236
 -0.0181524285809948 -0.308692147691008 -0.950988773482907
 -0.156408758628113 -0.98754536872877 0.0170424448589402
 -0.0305161450671651 -0.0537915577844014 -0.998085784490175
 0.00477313342348961 -0.00244951369904134 -0.999985608436421
 0.341113501996372 0.173929403771929 -0.923791178383574
 0.250989076650818 -0.910603653696144 -0.328337432037841
 -0.931667871347462 -0.249955629410033 0.263661071880403
 -0.860488510127661 -0.350024279048784 -0.370192555320414
 -0.670955314020427 0.0953715133925908 -0.735338861356421
 0.134882720036754 0.0356026435835927 -0.990221744663965
 -0.337018858499432 0.132230904257828 -0.932165906357284
 -0.619592576294612 -0.721440774095122 -0.309238174994029
 0.335710705465705 -0.918042345551697 -0.210942110565096
 -0.820311610652958 -0.549161306148193 0.159720760258519
 0.195861317872228 -0.969725956467267 0.145842084169823
 0.551073704678871 0.240614674031316 -0.799013360747058
 -0.688446471317614 -0.725166211221268 0.0132447058600092
 -0.10562355807764 0.300452555730895 -0.947930338017406
 -0.90451842081067 -0.397982127321287 0.153155648759665
 0.201188194463982 -0.00873024239557829 -0.979513702444247
 -0.756555801094695 -0.445870881446859 -0.478353924315213
 -0.00887417085488304 -0.840551432527721 -0.541659061003538
 -0.971983061236207 0.173091058565922 0.159023313116098
 0.385980709654084 0.309735989048586 -0.868954837067511
 0.308163062562998 -0.175681687951155 -0.934971374636907
 -0.944294974781384 0.0409526978893463 -0.326542305280969
 -0.63393105802908 -0.559031402329945 -0.53442988770759
 -0.39372304242114 0.625982932647649 -0.673147483023216
 0.1611564523577 -0.94776322382135 -0.275269812066712
 0.203728129556658 -0.976366364853437 -0.0721357803744478
 -0.00200151424396883 -0.0964589762998923 -0.995334948563501
 -0.874004408259329 -0.288810246661471 -0.390774789062193
 -0.147099316402249 0.189115801706333 -0.970874350603085
 -0.147980806765631 0.238637133169816 -0.959767679962961
 -0.948354890749519 -0.249930081057103 -0.195340614758575
 0.508850543716256 -0.719381134998595 -0.472823335684485
 -0.139920353522 0.482423793484262 -0.864690452214278
 -0.109742942835587 0.552812545749302 -0.826047683708368
 -0.00555038072922353 -0.613959229870211 -0.789318223108359
 -0.66661235464459 -0.679780586874923 0.305820735633116
 0.0936743214588393 -0.573124557337153 -0.814096654750724
 0.0500623202107538 -0.495368849866188 -0.867238990519549
 -0.0333158594153423 -0.989481070244984 0.140773808424215
 -0.777997648659697 0.0186664515633064 0.627989826562515
 -0.653346079759494 0.275648620497936 -0.705093425072512
 0.119833796625839 -0.800960790862614 -0.586601800787359
 0.0207036948065484 0.0427890155565287 -0.998869589670774
 -0.222517599572143 -0.795909765655694 -0.563039574820944
 -0.339045529045084 -0.216515486175656 -0.915515796412415
 -0.67931592371909 -0.299672143062581 -0.669870496778265
 0.342879525940481 -0.880871725273494 -0.326341285013908
 0.119792003649541 -0.968226125685989 -0.21951775645885
 -0.999349705096069 -0.0319888316512168 0.0166397588320794
 -0.879117518196901 -0.325879692410798 -0.347785588076281
 0.612496530515451 -0.788550726138084 0.0550976625060965
 -0.242477207500552 0.153344180624285 -0.957961568180791
 -0.0171084193390885 0.446166548707752 -0.894786406245609
 -0.558287648280592 -0.827576831556791 -0.0585789181169316
 -0.974488091190625 0.190329439978571 -0.11894395489093
 0.458664577875849 -0.883340046401441 0.0966290195824737
 -0.288068746017794 -0.209926724131981 -0.934316417528319
 0.070954577834187 -0.89832203910697 -0.43357001964973
 -0.983384027197425 0.0482910661156025 -0.174996651357653
 0.377386642313517 -0.919977880297483 -0.105924605105144
 -0.532403506614798 -0.845589621998215 -0.0390473726796438
 0.0179143474384981 -0.865351277966254 0.500845526962181
 0.74152104437645 -0.386662877302895 -0.548304988179667
 -0.601365476783366 -0.0513009021334725 -0.797325392028503
 0.231979427590262 0.649876811811272 -0.723771838803439
 0.14698217570594 0.131380593405796 -0.980375121930932
 -0.828978755744942 -0.304801727660489 -0.468924438837164
 -0.738182200977158 0.000820048923405513 -0.67460089362547
 -0.199778815221188 -0.973337663709456 -0.112704114358956
 -0.978919284438999 -0.0565784255409893 0.196254723043146
 -0.879092460759975 -0.230360898573455 0.417289230442629
 0.29934952233459 -0.9239849096476 -0.237995273527792
 0.179549426743334 -0.953309854152008 0.242821591570473
 -0.460156183944991 0.227113353618634 -0.858298206327661
 -0.12838864034505 -0.866877190244338 0.481705609334615
 0.307755810116692 -0.846751406147406 -0.43393365567424
 -0.5189710105048 -0.322706970051377 -0.791536039442227
 -0.0128328307014009 -0.929462174661816 -0.368694160964228
 -0.881721254736037 -0.46354635388274 0.0877063666373554
 -0.657288462237078 0.218336538366806 -0.721318954016888
 -0.969839673964162 -0.122751348254674 0.210578045642815
 -0.95207899933501 -0.294307153158536 -0.0832398860220487
 0.0811990613962679 -0.127104606985885 -0.988560130346824
 -0.525517343647576 -0.732940167864557 -0.432007212736397
 -0.562381413023702 0.0229946410995504 -0.826558160546593
 -0.144124867521376 0.60148162969228 -0.785778513135008
 0.615221834088198 -0.705913261734195 0.350982281274914
 -0.184957701730084 0.153483117706585 -0.970687169560715
 -0.787696217445456 -0.179908131102011 0.589209413863614
 -0.981025386809504 -0.189272176029813 -0.0420146857206262
 -0.18317096830361 -0.187050669125508 -0.965121983767035
 0.124405727156489 0.03071396076267 -0.991755951666001
 -0.699816491939786 -0.302717824018733 -0.647007570767495
 -0.958883016760052 -0.167759916227185 -0.228910398795227
 -0.043706122816943 0.952918961231298 -0.300058707845937
 -0.70372551576453 0.230873062745003 -0.671913705293089
 -0.818036955857135 -0.446990782956856 0.361959636981266
 -0.117355287794359 -0.217447588890162 -0.968991373807094
 -0.909824805388871 0.361821291384372 -0.203234289921873
 0.0413034345313611 -0.377892549996844 -0.924927698229865
 -0.349084424762881 -0.813307492651553 -0.465479308653793
 -0.834038122899144 -0.0227656116697778 -0.551236915015833
 -0.0884918001280158 -0.995829140273094 -0.022215415662435
 -0.799588459069431 -0.368494284630718 -0.474204869563218
 -0.379611065038013 0.925119125449829 -0.007074109671748
 0.768835673118513 -0.63905006266353 -0.0225105564156376
 0.191664628415342 -0.97978547092075 0.0573158022452204
 -0.852534673230933 0.521929249223752 -0.0278296558325256
 -0.955865466472233 0.292988010687971 0.0218914503614048
 -0.479874205375057 -0.235002133219621 -0.845277909564591
 -0.943769021391429 -0.0475256265557655 -0.32717174248756
 -0.436603131576306 0.106929896419565 -0.893276946276721
 -0.00990619272751496 -0.107148348925939 -0.994193692732
 -0.873543960616922 0.303500337250719 0.380537112721482
 -0.871362434185244 -0.149887638253284 0.467184336412961
 -0.787407410706178 0.352009415894713 -0.50604242972942
 -0.909456281390166 0.405222579216635 0.0931876254284233
 0.00922889149912599 -0.597805991270547 -0.801587689752492
 -0.670485253082856 -0.377064046566195 -0.63896183781627
 0.0309489053839279 -0.522252297315865 -0.852229255073914
 -0.344440699662906 -0.115670595323505 -0.931654934937412
 -0.880907735017137 0.454509437475189 0.131995203068005
 -0.786347302841813 -0.0964940882348747 -0.610202269947536
 -0.967528408547038 0.136573007354839 0.212688956733748
 -0.975456238199104 0.12125685551457 0.183798537396717
 -0.357105102906177 -0.722943121953364 -0.591463598118001
 -0.319773494536571 -0.261005589659752 -0.910835327794347
 -0.963890111755784 0.260481025385254 0.0553668481464271
 0.27759563558596 -0.783828599285851 -0.555475823096926
 -0.829209818205601 0.507365474415252 0.234502351294864
 0.145902678946628 0.0491738896215088 -0.988076078475584
 -0.917426902535344 0.358317349485171 0.173021835507334
 -0.138427854275908 -0.734282966974682 -0.664579757118306
 0.109071491632058 -0.143452393370329 -0.983628395558751
 -0.992651346068959 0.0923577450129856 0.0781879279914729
 0.352731076516226 0.648319653685773 -0.674731364547746
 0.661239770581847 -0.708267063676751 -0.247224052858089
 -0.754585428285116 -0.158026514885279 -0.63688967020433
 -0.0577883202296588 0.227934475848671 -0.971960073647383
 -0.162581139571247 -0.952413864024215 -0.257827858599839
 -0.270151914238717 0.474340652906679 -0.837865674337613
 -0.231307240252194 0.234398964027462 -0.944221418031685
 -0.262690316843338 -0.961694755564268 0.0783389721462445
 -0.991476939814603 0.120814325119248 0.0487583496629126
 -0.697931656859358 0.695245526565566 0.17182857778647
 -0.0197703727255292 -0.95270622943142 -0.303249027640419
 -0.16641664926412 -0.97431425511197 0.151714307609101
 -0.975099759803091 -0.145870225414123 -0.167039922681935
 -0.878859637795438 0.455271900118104 -0.14259464932782
 0.406769381212558 -0.881266116018819 -0.240642272398386
 -0.976355065655739 0.209674711643285 0.052605142958487
 0.376144018726329 0.217481671692906 -0.900676079206096
 -0.853602916122182 -0.337574260253206 0.396743847340078
 -0.844864676672113 -0.0128756835464835 -0.534825106819919
 0.745805894244403 -0.304627016193355 -0.592432231664888
 -0.318587879507698 0.282874461678925 -0.904700946147757
 0.170514209128458 0.577701116509233 -0.798239515727756
 -0.782499764017176 -0.113221536595813 -0.612270367537044
 -0.311834108557062 0.446252200139574 -0.838819684205737
 0.201342176788903 -0.919823977605119 0.336727156713864
 -0.564070920815983 0.00412322842242698 -0.825716050030024
 -0.79325733113536 -0.316209760044486 -0.520340459941963
 0.342331877237219 0.134197292145392 -0.929946220277327
 0.179582357427639 -0.951821288821146 -0.248568724998909
 0.314960606070029 -0.912045802719145 0.262625722971667
 -0.930403139634624 -0.319644183063564 0.179381141683457
 0.221796153256577 -0.955126259757106 -0.196316821294016
 -0.898477677582944 0.05946015065816 -0.434973968610614
 -0.51737459652503 0.0923345120481327 -0.850763107307431
 -0.473366030425472 -0.0874635391800189 -0.876512823952586
 -0.551970598636813 0.0467579394222712 -0.83255159199986
 0.147723447432243 -0.275911061690604 -0.949763585907302
 -0.629022514038848 0.363696743920698 -0.687062846684152
 -0.384902954416219 0.111926365795749 -0.916145296512197
 0.548845839990659 0.286862061420977 -0.78516138573051
 0.130463208598142 0.905536259478383 -0.403712068152757
 0.312209732782743 -0.946288824661026 -0.0840389378644337
 -0.881219056872752 0.0911093326020625 -0.463844869883353
 0.157928650470781 -0.868351865961093 0.470131447833865
 -0.244766304918556 -0.945560618149193 -0.214486767381655
 -0.642798593066539 0.0317206851456127 -0.765378185530246
 0.778702951301704 0.320604458394359 -0.53929073317801
 0.0328428584615626 0.422021207238358 -0.90599086490381
 -0.398083867038915 0.449653454986596 -0.799588022185151
 -0.172100281769356 -0.222869730306728 -0.959536646683135
 -0.999546899817886 0.00347062649641952 -0.0298989935645878
 0.14877943742839 -0.929266985394157 -0.338123570392463
 -0.159724919590512 -0.941903095678954 0.295476747667574
 -0.875915203157529 -0.480260955056365 0.046064866502059
 0.0704328594403555 -0.857132866478932 -0.510257250328366
 -0.533683760069324 -0.832030877158659 -0.151348153912955
 -0.883807554799159 0.280355657318057 -0.374546274163409
 -0.226530381495837 -0.12116893104923 -0.966437828526873
 -0.49609752376183 -0.294768887498929 -0.816699791771753
 -0.988115852907503 0.108981526754144 0.108397823129494
 -0.996877429943755 0.0687918990897894 -0.0387693730714619
 -0.705879626155657 0.494717870471862 -0.506940018162046
 -0.961102560737804 -0.173033699728925 0.215270078044666
 0.190090433070613 -0.0836483895377352 -0.978196592808813
 -0.146328500471719 -0.428309980045337 -0.891705405917931
 0.0569498443431816 0.868531446837202 -0.492351339070144
 -0.822691550388767 0.449977399842995 0.347417547843318
 -0.27283906872756 0.52608302671972 -0.805478424027172
 -0.621262462654261 0.284112800375187 -0.730282732343941
 -0.29845948714791 0.569296620044625 -0.766043923634391
 -0.358726442438573 0.686077807709699 -0.632939634770662
 0.181506519463253 0.412585356196173 -0.892652624062022
 -0.280392324544706 -0.548360948105839 -0.787832732836661
 0.538565322996422 -0.836645601233798 -0.0998575525531038
 -0.093588863694402 -0.6041870237777 -0.791327470072305
 -0.377017571179322 0.262306800640282 -0.888286492838828
 -0.478133768579967 0.302763831518159 -0.824452643678193
 -0.753449112488251 0.50386114091241 -0.422419679429251
 -0.837214749843567 0.401176817197749 0.37165659416652
 0.226220668664484 -0.710657235246257 -0.666176030085997
 0.348580848515533 -0.731466116086988 -0.586044975291835
 -0.943292745474152 0.329582949896628 0.0396720994311291
 -0.0480296307027836 -0.894102533525211 0.445279478662955
 -0.999673958771996 -0.0135277912576511 -0.0216558310118604
 -0.607732213736221 0.229446436675703 -0.760273562005213
 -0.293727924319746 -0.864800603515133 -0.407239269514465
 -0.279488899538818 -0.173562658850287 -0.944331487607715
 -0.157042108553349 0.868613279477746 -0.469945472215695
 -0.437585460520499 -0.115638846139494 -0.891709942753018
 -0.910067692133277 -0.389390003971084 -0.14195851697806
 -0.00642284134584066 -0.943698568564145 -0.330744249835172
 -0.970878604131506 0.0268710574680682 -0.238060249328201
 -0.219305068480618 -0.966175540050788 0.135683870619464
 -0.0922518195770521 -0.974811301369573 -0.203057943717754
 -0.165762386757397 0.352231670569036 -0.921116540609622
 0.432371601060423 0.519215950799503 -0.737203903293935
 -0.134352975961435 0.333517008293054 -0.933121472815602
 -0.0746469099220355 0.255300498179622 -0.963975878571828
 -0.978363642198792 0.184728312816896 0.0931667004210001
 -0.71391119740039 0.50195260218962 0.488235995581452
 0.0145096072082946 0.0960857430969228 -0.995267301418153
 -0.721525940036547 -0.691013656341387 0.0435940890956972
 -0.646458741330657 -0.422100518292722 -0.635548777210844
 -0.884592028485855 0.390847817416002 0.254430593208497
 0.156937913943098 0.20854521802567 -0.965338999111615
 0.0308914797938053 -0.983336143626679 0.179152854048048
 -0.727032949395431 -0.652822377256894 -0.212711152143084
 0.229732605104049 0.569485036861075 -0.78924630055734
 -0.525189437236968 -0.194343066912736 -0.828496727427254
 0.344939568628019 -0.881089856774523 0.323569711629143
 0.0729235841682642 0.259421916123439 -0.963006967943066
 0.294484112530578 -0.89188722632188 -0.343243766135587
 -0.909018570444531 0.239457138361534 -0.341094587284356
 -0.993840565068409 -0.102416776272084 0.0423288927629769
 0.0987661370105527 -0.0835186283488244 -0.991599661606812
 0.0466844136364001 0.691907042025648 -0.72047568364154
 -0.498534517269487 0.0729549679036415 -0.863794482356225
 0.0299863933431917 -0.845925405830874 -0.532457532563995
 -0.682861978624347 0.682161877570009 0.261447300501272
 -0.14715299985756 0.481467757393703 -0.864022449490289
 -0.124701036638678 0.465321200673378 -0.876313774663576
 -0.432350995471592 0.0418480995769318 -0.900733786019223
 -0.933524663816934 0.316718172955323 0.167991966966645
 -0.193770306223703 0.278169061015589 -0.940784269596212
 0.0745985993686012 -0.81180202156547 0.579148104334686
 0.550212142934151 0.30813333743271 -0.77609306409115
 -0.964057126212923 0.225319794612527 -0.140800737050091
 0.122299195075642 -0.975914712866357 -0.180647114825636
 -0.839934562879391 0.0302372614738153 -0.541844662333376
 -0.800659163723327 -0.581208848766719 0.145400060732888
 -0.455790429758861 -0.751638137039013 -0.476754858484688
 -0.0136835455565925 0.452381721170694 -0.891719428369508
 -0.827089326350148 -0.170523417243357 0.535579135524627
 -0.146297120758978 -0.738004035023826 -0.65874668632653
 -0.367357603949703 -0.868912591423884 0.331721719646702
 0.419815176059913 0.496092845190939 -0.760030990749814
 -0.973938090150597 -0.0794978691378793 -0.212425717266868
 -0.562819082581789 -0.579821714450586 -0.589102248963095
 -0.888656031498612 0.239564457295084 -0.39102343725415
 0.069450216594132 -0.958612448308957 -0.276113819578332
 -0.367628351156678 -0.283275446244068 -0.885778988789555
 -0.189530434429727 -0.225506553837788 -0.955628070224543
 -0.148996616334766 -0.987243351863882 0.0561299609955189
 0.0264588051597448 -0.0432407619457733 -0.998714257501047
 -0.979228397860745 0.157100491581631 0.128184165823586
 -0.188221267738677 -0.980697455784676 0.0529646541413175
 -0.602944003295255 -0.133161982445374 -0.786591644579009
 -0.24417981685757 -0.930300954416914 0.273708515122171
 0.203830201457176 -0.97597258349371 0.0770114617608301
 -0.00966765020154323 -0.621288399613809 -0.783522342403133
 -0.660894898511782 -0.313854250306793 -0.681698938451177
 -0.810386775516963 -0.557809242154742 -0.179226458520979
 0.814383603595504 -0.020498607239853 -0.579964786255189
 -0.507500650840971 0.325106200528342 -0.79796556803788
 -0.167451062995498 -0.914003039979571 0.369538339566792
 0.477334195528645 -0.844840592863417 0.241653550417146
 -0.938554174824869 -0.210791616184468 0.273281824249526
 -0.115736615996646 -0.711730613743274 -0.692852487314773
 0.0645019890363309 0.615867728702393 -0.785204708438069
 0.0018939118434469 -0.99999457847745 0.00269371743812763
 0.326114926752339 -0.94532963045605 0.000971767021609096
 0.265484319983717 -0.104851197555175 -0.958396735289739
 -0.923379686409699 0.19876971864946 0.328421305146209
 0.571467311308352 -0.754407065027872 -0.322947507099892
 0.254940248852087 -0.304487686501107 -0.917765067042999
 -0.123111304130416 -0.630173091929194 -0.766632559316201
 0.284291339046281 -0.91471213932226 -0.287193552712742
 -0.851076993467784 -0.516208815878202 0.0958979123832326
 0.0593535446710749 -0.996602739988706 -0.0570975952381729
 -0.683895358233446 0.118188319012298 -0.719943511836724
 0.362435336096578 -0.858471919088126 0.362858913747081
 -0.341322387800273 0.225763358402505 -0.912430782903088
 0.266407435511018 -0.963047029799438 -0.0395916241006108
 0.389824752072611 -0.920828224016415 -0.0105851087052339
 -0.168087421284775 0.0799053315081705 -0.98252824733053
 -0.895220825777858 -0.440231928173122 0.069105155455902
 -0.0217997524080811 0.54887736999955 -0.835618575366371
 0.0573162853303469 0.479927568190784 -0.87543381972963
 0.00557586420861603 -0.972365789383988 -0.233395975487971
 0.531196288165631 -0.846484558939086 -0.0359777002705444
 0.191669981387235 -0.897279466441566 -0.397683514037679
 -0.0215532477969817 -0.311029640181019 -0.950155787457124
 -0.153587045259726 0.318838515748918 -0.935282321228951
 -0.00878727042560004 0.27936835988151 -0.960143793072466
 0.301630304213496 0.138233478563681 -0.94335076455381
 -0.505552059795606 0.263712103031281 -0.821506568172914
 0.500661133078465 -0.0742833768330688 -0.862450236101112
 -0.0723192262407599 -0.276497288188316 -0.958289715660377
 0.00248569236453501 -0.914437117581803 0.404720371765684
 -0.947139699637288 -0.148909525136404 -0.284169566798838
 -0.508988111422075 -0.188624706126982 -0.839852262406609
 0.321799653897897 0.0940687937575432 -0.942123157974686
 -0.929835531736631 -0.147196613697694 -0.337252191743787
 -0.968680966738998 -0.231331874379687 0.0902371795524507
 -0.6998056085769 0.367750096230512 -0.612398544190598
 -0.506591647156321 -0.855612072093837 0.106267987271503
 -0.783343305828251 -0.441046245305187 -0.438008532698011
 -0.441344414036266 -0.873211033152714 -0.206682364461398
 -0.654802851561719 -0.676884574781093 -0.336244699601438
 -0.21417585050127 -0.610710303719249 -0.762339576562309
 -0.239482935999438 -0.969828393382476 -0.0456159046194922
 -0.857544146638598 0.343246141197216 -0.383145041882443
 -0.622395452459818 -0.473090331708175 -0.623545859421412
 -0.580848026615595 0.510868843950413 -0.633741740977772
 -0.214598492328441 -0.938770410032884 0.269550745383965
 -0.946662849473394 0.321062224506491 0.0273586809232114
 -0.722091104119218 0.191742214703519 -0.664694937886907
 -0.814874039196656 -0.559632307214419 -0.150970132692508
 -0.196805677463907 -0.15752587217366 -0.967705081579042
 -0.381860467868637 0.786726598559537 -0.485019424557499
 -0.055446394104369 -0.943119863202059 0.327796615318939
 -0.395634927913799 0.00506392206725575 -0.91839390269532
 -0.327196038853222 -0.0141857831903963 -0.944849996408973
 0.485693107728347 -0.846222683357573 0.219110418000351
 0.0307503110705046 0.169095821661154 -0.985119800565295
 -0.510886732133694 0.299179565840282 -0.805907149933152
 -0.48984193694179 0.525645061084115 -0.695522930298485
 -0.000380422983587382 0.346791011992387 -0.9379423485906
 -0.0946143376958334 -0.935536483930582 -0.340322809016943
 0.240102056816193 -0.926787858060804 -0.288817015537002
 0.126754684156512 -0.843669873990581 0.521684189682897
 -0.524152879448617 -0.0593474803640375 -0.849553786137266
 0.26356505847728 -0.957569474591936 -0.116594001902291
 -0.95589504732205 -0.111796059896437 0.271599520428162
 -0.208791513419712 0.50125400451179 -0.839732413858606
 -0.938291554281022 -0.345237268601155 -0.0204984763755212
 -0.963854546616702 0.172190025464874 0.203310127875415
 0.118126168642408 -0.992915560652237 0.0128412498036614
 0.563730702878562 0.330986506945899 -0.756740131651411
 -0.712531452809328 0.327703906405175 -0.620410411328031
 -0.844555212392337 -0.526302876227038 0.0986497627776251
 -0.753671895642705 -0.655673503023004 -0.0455074845698449
 -0.655994210472168 0.340392449267159 -0.673650188383334
 -0.44120640858839 -0.897404753066607 0.00127050934574237
 -0.833233171328882 0.546729112066582 0.082521271294745
 -0.691515185148948 0.186414404429444 -0.697894274607288
 -0.906984171177965 0.1446511320337 0.395544894081556
 0.00894069245912481 -0.913315278354229 -0.407155088809029
 -0.0738076812025024 0.0782092804468115 -0.994201053433108
 -0.163981279558429 -0.781878228560389 -0.601478657690902
 -0.534332826281137 0.314850430699387 -0.784447344980416
 -0.0500426672241738 -0.0650632262450951 -0.996625560603214
 -0.402622187705145 -0.89381967377371 -0.197438002275604
 -0.333149189072126 -0.92065583591398 0.203480833539956
 -0.0571966111396646 -0.0129836010020756 -0.998278505117263
 -0.980188266081476 -0.138164762528945 -0.141920616654208
 0.373451724282399 0.293489794852132 -0.879998607923988
 -0.937474379203325 -0.308030367850693 -0.162046539053161
 -0.669852327021489 -0.490465001210599 -0.557442322192514
 -0.194945118168232 -0.738567625600883 -0.645379162443791
 -0.416106105255768 -0.404884389311235 -0.814201658350647
 -0.62688755682386 0.255921676576738 -0.735877766043766
 0.10858565765338 -0.992889156562797 -0.0487880900630489
 0.618342429473963 0.684018081239618 -0.387003752500551
 -0.768421473847007 -0.450413034384691 -0.454594915267614
 -0.0077387782097062 -0.214912683302755 -0.976602605908581
 0.328866154265554 -0.797467078555196 0.505858983511438
 -0.829425286423569 -0.439883459750055 0.344319961779015
 0.271049610731284 -0.94136171290991 -0.200923453060461
 -0.518150503116517 -0.241568913234493 -0.820466036030015
 -0.531727732539922 -0.14042156957079 -0.835193032326796
 -0.174008303655984 0.529871667648151 -0.830034412589342
 -0.998241104523783 -0.0400930905425925 -0.0436719741926288
 -0.152424552171284 -0.22229064648729 -0.962992016778772
 -0.567624594982489 0.479399171599892 -0.669312149479077
 -0.159572606157954 -0.985201164506192 -0.062571949143387
 -0.320057484962961 0.348499576172596 -0.880971765567266
 -0.996580597344695 0.0383028309124534 0.0732120628051409
 0.38225160653326 0.185639843070293 -0.905219066285935
 -0.701015412841198 0.145552125665802 -0.698134635778265
 -0.950210221109148 -0.236391274089638 -0.203026356008233
 -0.370260310462435 -0.712290209040915 -0.596280102469227
 0.0115988492072024 -0.990840868531478 -0.134535645629159
 -0.259134423803779 0.698851297362938 -0.666675494205406
 0.0471172157607559 0.775393950546729 -0.629717547345229
 -0.984281746444415 -0.0948385654640104 -0.148980166858081
 -0.0968022971816729 -0.995298625280701 -0.00315622792231162
 0.198277453617054 0.13274866344209 -0.971114742829845
 -0.913854353270249 -0.383790245916632 0.132571747172114
 -0.666602317044488 -0.1413731932474 -0.731884534022925
 0.248820257876493 -0.958566803740715 0.138701701635509
 0.369465460472747 -0.475498408561249 -0.798371177444039
 -0.262651071632954 -0.96209862593672 -0.0733529041056731
 -0.419597669358288 0.0311688180151707 -0.90717490080614
 -0.672860026381762 -0.429864494749467 -0.602059715519416
 -0.480093160206163 0.135330807719333 -0.866715714640788
 -0.967867285301606 0.181130731656586 0.174426420282163
 -0.0876498148532498 -0.949094465681485 -0.302551161242139
 0.0393540692052909 -0.986773438124242 0.157255966657703
 0.388844640771703 0.268304307328832 -0.881369754423149
 0.322112917927306 0.748375518262411 -0.579808030101191
 -0.161232450792397 -0.354596622836928 -0.921013209397196
 -0.219202247753581 0.859420083372644 -0.461895545416423
 0.331126977712547 0.438975182686472 -0.835257872525805
 -0.985537992633935 -0.0628550722382529 -0.157366149374628
 0.428938994096833 -0.866653326710934 0.254800609583394
 -0.996659122727645 0.0797147382620226 0.0177807082979678
 0.295282246580959 0.19211780602218 -0.935894835685787
 -0.666015610385653 0.572887557125105 -0.477726965550256
 -0.316195967715018 -0.90272042086351 -0.291746382594147
 -0.899857008404447 0.00740475274169601 -0.436122154977516
 -0.148931959915537 -0.0399417087713405 -0.988040450192269
 0.592338226276472 -0.798636431007143 0.106373289691617
 -0.734710770942875 0.590421331498755 0.33406995430862
 -0.019160372851959 0.827344261657695 -0.561368286256231
 -0.946359236407639 0.119901979150225 0.300046181548458
 -0.467112787661454 0.605662791307465 -0.644188036856317
 -0.28878130208424 -0.869707678379283 -0.400267302854791
 -0.988281447023279 0.152055503956184 0.0133755443330028
 -0.954822500840439 0.289057265663015 0.0689919492131534
 -0.962909613033478 0.18965013603802 0.191932027104594
 0.38286506050138 0.368888619491331 -0.846956629265664
 0.248389741974556 -0.947652167968054 -0.200643725611493
 -0.644410494490164 0.75825164315501 0.0989422065837893
 -0.0638247074112617 0.617142371702521 -0.784258694419931
 -0.200825131687867 0.482603402110449 -0.852504089581963
 0.0524023269456409 0.488007066912892 -0.871265228718419
 -0.268286196545923 -0.148958472049324 -0.951753061643436
 0.182555879068318 -0.19559102517725 -0.963544239714869
 -0.261630870131057 0.766382502211829 -0.586691697655593
 -0.318368990200484 -0.888029326519995 0.331730464864427
 -0.683883892893833 -0.378847250881204 -0.62352031365476
 -0.947877458981519 -0.146765308854306 0.282821970277486
 0.0221572352722552 0.578548714155548 -0.815346823305305
 -0.751288735499192 0.402390043980617 -0.523113265380741
 -0.226641049920967 0.720944650161243 -0.654883688829249
 -0.744220181902926 -0.577005346401405 0.336453787424916
 -0.276056871723911 0.686032854557557 -0.673165303652541
 -0.539807316613482 -0.209597435444623 -0.815277238726551
 -0.70726681786194 -0.577150149089802 -0.408254030913432
 -0.786513237552997 0.469373096687446 0.401354984097545
 0.206345877346646 -0.970409452590237 -0.125406830856851
 0.307284333681553 -0.612285640093776 -0.728479672474695
 0.290159732671079 0.407859116249538 -0.865712579802554
 0.0093673773851757 -0.984232704572658 0.176630222472018
 0.130444493501548 0.755728373757339 -0.641762307410783
 -0.351469213972766 -0.936108944606663 -0.0130167375622567
 0.238121387260217 0.466130830291542 -0.852068221435929
 -0.70261506930196 0.46624854604508 -0.537535447854977
 -0.354180724718357 0.20993826672831 -0.911307817590243
 -0.517970165457633 -0.182416852818409 -0.835721843380691
 -0.910918518831765 -0.127855046266779 -0.392276100716656
 -0.168135430009572 0.350531255196016 -0.921335072764628
 0.234346398453479 0.557132293491467 -0.796671433579001
 -0.451730230649761 0.361322949522759 -0.815711667726585
 -0.242726654692029 0.125955469902444 -0.961883044191793
 0.0797071709858213 -0.319998861757 -0.944059052902763
 -0.775076655692816 0.391826531193537 0.495709740929992
 -0.885137476437491 -0.365912714269492 0.287470926080889
 -0.827849431991667 -0.327420156870518 -0.455479262783675
 -0.959403803978997 -0.215806496109175 -0.181581654215702
 0.0947603806134483 -0.987443447223291 0.126395841710786
 -0.0343947873018794 -0.887636923127615 -0.459257761292065
 0.208393954672957 -0.974361114146376 0.0848078940618008
 -0.0966439795568251 0.479712794636437 -0.872086908442914
 -0.976525598455649 -0.185449786327619 -0.109572497972244
 0.187692776050468 -0.49946439337862 -0.845758086905112
 -0.471862433594341 0.850139960677146 -0.233683313529841
 -0.525932456194337 0.0757792161538453 -0.847143766972585
 0.0541062815134839 -0.316627914088223 -0.947005424652322
 -0.96860667520186 0.124595373941883 -0.215121132264314
 -0.480001785831691 0.0318110601193036 -0.876690562315161
 -0.443728005546265 0.434669328814591 -0.783688733925534
 0.156622410269888 0.467058879417276 -0.870244462067257
 -0.743668265353123 0.330717822786786 0.581019132901701
 -0.38844603858279 0.223327890337185 -0.893999065159959
 -0.0131857979786461 -0.567065830193063 -0.823566924396019
 -0.715238069857882 0.511589347209396 0.476141620999294
 -0.17274076524596 0.439237216269604 -0.881607223124884
 -0.818422631822162 0.367872949188479 -0.441422574158432
 -0.76147150115671 0.165935461693901 -0.626599214393522
 0.417702463699054 0.631041889020979 -0.653690130046779
 0.061608021898789 0.447062541426981 -0.892378583164437
 -0.915043762618654 0.00271872243488825 0.403345411577992
 -0.804652198656263 0.105766526286928 -0.584250187090118
 0.499510327359338 0.45656596690589 -0.73623158769823
 -0.0528885931188789 0.710009363404885 -0.702203318559017
 -0.263064510219339 0.755763259756493 -0.599682381486482
 -0.382305568145004 0.643008965161053 -0.663612781136588
 -0.783213093869431 -0.0512391639165751 -0.6196384410869
 -0.697506746639808 -0.657378575790022 -0.285197732256471
 -0.766593782774059 0.632587662600831 -0.110303315169474
 -0.987774293856856 -0.00959322910217991 -0.155595354528929
 -0.288889564123786 -0.561626312030672 -0.775318454169121
 -0.352037784601569 -0.233265467379908 -0.906452767628216
 0.312220291401549 -0.347318273008386 -0.884244596744365
 -0.806470101302351 -0.426764550072253 -0.409240753722063
 -0.958676077809927 0.183527583144013 -0.217388601495783
 -0.0914352898405942 0.0610393837399451 -0.993938519931899
 -0.614054903001991 0.60966196649653 -0.501247306932217
 -0.0866451571114431 0.380327040762565 -0.920784425809822
 -0.984123525858547 -0.0960839322139724 -0.149227222121307
 -0.623175925426763 -0.429209891501552 -0.653781794642313
 0.00616591650935669 -0.0195978827384046 -0.999788929957604
 -0.90971732297341 0.393174155851503 -0.133523314265898
 -0.975513837484478 0.165223590825941 0.145168584448874
 -0.695373372714017 -0.718041783450192 -0.0295274404579973
 -0.965554153563661 -0.260196547962173 0.00171259000675581
 -0.779237410886884 0.394693609983755 -0.486832632135826
 -0.519694715639954 0.15905097981642 -0.8394165761738
 -0.336562456823451 -0.0686557248093776 -0.93915499472018
 -0.641607453994509 0.454772664997134 -0.617674427307856
 -0.892920260466503 -0.135222673249988 0.429427801949942
 -0.0719516196736524 -0.457033667460893 -0.886534371151838
 -0.606025566109325 -0.213433908174633 -0.766276046906841
 0.13434066525367 0.237824788272683 -0.961972949589673
 -0.998315483873805 0.0572823029678928 0.00921587893285143
 -0.539567152003517 0.670062786822517 -0.509787357821333
 -0.990629342502621 -0.0773122749729708 -0.112589155389535
 -0.940586298551332 0.0285717474927936 -0.338350513850226
 -0.757124639483921 -0.569474820378411 0.320094844134233
 -0.347563103879711 0.754794422866735 -0.556314001289535
 -0.164226017627181 0.5539664821615 -0.816180710244937
 0.342669724381852 -0.807223764658398 -0.480590526085137
 -0.600733702667278 -0.209737094116877 -0.771446284475511
 -0.832852067392382 -0.298997430617624 -0.465787473344115
 -0.389666598501009 -0.143856778848957 -0.909651124987957
 -0.498268455179409 0.320534959804669 -0.805596602597196
 -0.98168398349015 0.188473100088628 0.0278288896992522
 0.0415596728686909 0.590575245280446 -0.805911703136881
 0.281853865995445 0.377703583757085 -0.881985487998797
 0.216237778679283 0.864043700281582 -0.454609400557843
 -0.409750538818331 -0.285326740407744 -0.866425500055475
 -0.0149672027495307 -0.157967833841113 -0.987330819084162
 -0.209163232287684 0.784582315395491 -0.583679134994235
 0.193582375307011 -0.148300175174968 -0.969810766084585
 -0.947549555608546 0.195121473983551 -0.253135240645261
 -0.627068308178441 0.47743085031189 -0.615503956160066
 -0.699442841853618 0.677765017077368 0.226747199775101
 -0.851787585239862 0.267213094862906 -0.450616324121788
 0.16589709635342 0.27508423322532 -0.946998847967801
 -0.194764630888063 0.000415803912537926 -0.980849920050026
 0.126342414940644 -0.0328354271198519 -0.991443104223749
 0.334259223582381 -0.462391756988594 -0.821257958572765
 -0.102667028905957 0.198856400832459 -0.974636143914017
 0.723018424735192 -0.130824186438309 -0.678328378984836
 -0.60052967268305 0.190191083434148 -0.77665401821489
 -0.998561246585113 0.0146339681920667 0.0515876321741755
 0.841502187826639 0.248731057857857 -0.479590375987562
 0.0676751706039516 0.213350316825398 -0.974629013314414
 -0.811900631327183 0.416239100265212 -0.409343836231754
 0.155613826799438 0.4536701630834 -0.877478045330318
 0.397743580547785 0.447545857338848 -0.800938667884042
 0.165637041375605 -0.235414161499424 -0.957676638062065
 -0.858387617712051 0.339524322052935 0.38456980184763
 -0.949781553709215 -0.0179827652910139 -0.312396575503315
 -0.860561535610994 -0.48426254574097 -0.157872195839939
 -0.944507258237522 -0.328488513618683 -0.00115566311147341
 -0.841052548553201 -0.473341901929979 0.261874119472459
 0.47535160502996 0.358023672190521 -0.803654093342811
 -0.993963055661212 0.109425074125576 -0.0079747810777852
 -0.277278000728563 -0.152573688553688 -0.948598007521149
 -0.133873732302116 -0.353242644694529 -0.925903589888665
 -0.189346665738229 0.255156578934254 -0.948178759728556
 -0.099986447259916 -0.445180547249086 -0.889840991815585
 -0.943041886908299 0.266929990704578 -0.19854566124418
 -0.753281808457095 0.518242293469908 0.404958568629753
 -0.976131261537756 -0.0788161188700551 -0.20237534349562
 -0.770982584499516 -0.427801718884122 0.471774886697286
 0.620240587417352 -0.379695618524098 -0.686391179280285
 -0.443536447858638 0.582186895592682 -0.681420456121694
 -0.857403514458268 -0.464651384555322 -0.221265235013169
 -0.667927765158862 0.691181088189883 -0.27593695631165
 0.174670578216457 -0.471953389735229 -0.864147086451696
 -0.78392867741447 -0.330229223682219 -0.525741845921968
 -0.365906908591474 0.0627992314860558 -0.928530231478648
 -0.651308449820814 -0.364944715127934 -0.66529140840101
 0.16792679363848 0.0171544296992917 -0.985650200385508
 -0.544592405060185 -0.509601109348478 -0.666127481569079
 -0.198456811482694 0.649603878847246 -0.733913955830474
 -0.142533765740542 0.158763062119918 -0.976974112108467
 -0.92388830064746 -0.380335404643033 0.0421353521614505
 -0.391593436682296 -0.367659514143386 -0.843493368087265
 0.296803455558046 -0.0151759609557008 -0.95481799259224
 -0.62953863680883 0.428782569031527 0.647940285257526
 -0.266655008029804 0.397062136063086 -0.878200869276297
 -0.897198931396276 -0.188441541722838 -0.399404385121772
 -0.469491040023904 0.375095440765467 -0.799300677876751
 -0.134827817325413 0.224962897078463 -0.964993862474436
 0.242588974306499 -0.206512516358944 -0.947894071155642
 0.223197536335362 0.96172067198585 -0.158984932773234
 -0.306981633754286 0.522893951247883 -0.795200724525529
 -0.235638588930776 0.335753009200274 -0.912000204067781
 -0.932565642226851 -0.139409333385039 0.33299603706825
 -0.735347372762259 -0.648884511995363 0.195481793178244
 -0.832610687545066 -0.500505882969556 0.237177790061795
 -0.687582407820278 0.0143960762785075 -0.725963625427509
 -0.998219605099259 -0.00523404177606927 -0.0594156949144396
 -0.780912087050478 -0.393846638044333 -0.484831040672566
 -0.832000908791962 0.545343631782491 -0.101856816382766
 0.444400581838612 0.462190130893239 -0.767390647432189
 -0.165462629804847 0.552429206279554 -0.816972514952251
 -0.177201040520642 -0.0348665471034292 -0.983556869292003
 0.378245941576281 0.700182525147766 -0.605536488709616
 0.369772475017747 -0.260077184909834 -0.891979918276542
 -0.960564078987917 0.173283531347414 0.217461417087869
 -0.94585639865499 0.248036042850616 0.20936521814862
 0.363029365668079 0.389518056560281 -0.846454584296248
 -0.132456519054831 -0.332993058325249 -0.933579612923865
 0.683162077145494 0.174296523141121 -0.709161687044056
 -0.988768010851202 0.118171260813208 -0.0915061409697402
 -0.98312297626914 -0.0150114626084258 0.182329014482239
 0.0284468703249642 0.0667509415178984 -0.997364069623119
 -0.437500182944737 0.32847175701555 -0.837078189159435
 -0.723730529512999 0.675772650997305 -0.139805024283497
 -0.166718212255245 -0.101333174995854 -0.980783679180927
 -0.18677977369899 0.167493633864701 -0.968018181002687
 -0.953920924794579 -0.288425885312164 0.0827367990736215
 -0.891763461280181 0.159800433287129 0.423345899527605
 0.688001320158266 0.0950674450997402 -0.719455602759956
 0.173392011640532 -0.20596796489411 -0.963074455967257
 -0.509420339741247 0.31885270238899 -0.799264581748216
 -0.771007845934507 -0.426430334847461 -0.472973647288423
 -0.925290780630971 0.314733379850148 -0.211612548983823
 -0.703391350214534 -0.478494493976725 -0.525626890177179
 -0.638118658901254 -0.428121559562812 -0.639934768081537
 0.0460529895169139 0.468792334568768 -0.88210706221304
 -0.366695952275287 -0.115469651591866 -0.923147246188913
 0.0996107066922789 -0.540964792619613 -0.835125619447927
 -0.178568357804969 -0.214190156264274 -0.960331150463382
 -0.693089823551389 0.341244016604862 -0.634963792369994
 0.0844541429464844 0.57338566055617 -0.814921089436112
 -0.493176759317392 -0.484919055635459 -0.72223970643465
 -0.0768217050120344 0.117625032638429 -0.990082207362526
 -0.24659865357171 0.215634260746057 -0.944823247834811
 0.424055454198114 0.266602796836289 -0.865505586627781
 -0.15634342568414 -0.370542329699457 -0.915562731409622
 -0.671186789631928 0.739109050255987 -0.0567988138368895
 -0.859258788054175 0.434790061173535 0.269503131440777
 0.0683568948966009 -0.0270271686635644 -0.997294774414329
 0.652813869356195 -0.261240446296402 -0.711046750358265
 -0.0452812813191362 -0.199792179170361 -0.978791443926874
 -0.447505703207939 -0.211519112007805 -0.868906387853029
 0.0988504052054553 0.494401356478733 -0.863594752243612
 -0.679334664304472 0.279058480794566 -0.678697854844819
 0.217759963992664 0.323335005280711 -0.920888197579943
 0.486881737967436 -0.0138308946666463 -0.873358391261302
 0.227329662799559 -0.0406671373537296 -0.972968349100263
 -0.707322267109845 0.625051015649041 -0.33016123074445
 -0.220957988227014 0.490419033381255 -0.843010521367359
 0.168324716182738 0.481372446931623 -0.86020192818725
 -0.855304457807993 0.297430228430714 -0.424251745629206
 0.614802028654849 0.362843635338629 -0.700259210475757
 -0.687595232976685 0.193548154613226 -0.699822768587557
 -0.670903970903411 0.0298840217313556 -0.740941837846396
 -0.137638197583171 -0.797232885666203 -0.587771598989264
 -0.185015938916357 0.446321787883808 -0.875537528611481
 0.0770538914922386 -0.611466946012807 -0.787509283589516
 -0.249787558065431 0.224305229822529 -0.941962493791537
 -0.195063566426462 -0.183416609660758 -0.963487702232645
 -0.248251873041474 -0.281026213815105 -0.927035746171714
 -0.0396789167499977 -0.463419216294773 -0.885250367712031
 -0.428740456044052 0.648422176249044 -0.629070983832183
 0.363154920330982 -0.233562501194355 -0.901979524088676
 -0.00183662865734752 0.128618023968942 -0.991692508142267
 -0.535143151447394 0.168853444097001 -0.827713913061471
 -0.524256658786788 0.318368101291568 -0.78980801958306
 0.0539003916530733 -0.00999236056268291 -0.998496319727835
 -0.145141988356675 0.360261288065757 -0.921490969861926
 -0.0405780359915789 -0.286453527805656 -0.957234453727383
 -0.405998151317569 0.0720956975486614 -0.911025637137446
 -0.386527816186603 -0.191133398834564 -0.902255103152076
 -0.639102419347222 -0.205807980961924 -0.74107433672804
 -0.398641656288811 0.0309705466628073 -0.91658368691065
 -0.0763703992261528 -0.0867312116738995 -0.993300185766426
 0.316186577361576 -0.264547946168729 -0.911065547847288
 -0.107162421372425 0.267680536487564 -0.957529814591341
 -0.286643031268129 0.594632872144854 -0.751164109892226
 0.118225984314009 0.200373901374026 -0.972559980814107
 0.631558235934346 0.18314021254617 -0.753388251283521
 -0.27906373550593 0.461184075414255 -0.842278267622865
 -0.633577055582354 -0.00304198851449512 -0.773673613964876
 -0.342860607212332 -0.0354736713361975 -0.938716263129559
 -0.166694525558219 0.361709407671353 -0.917267267240557
 -0.559107001184606 0.263909147056052 -0.785971579210409
 0.707275762468668 -0.429686406595717 -0.561364932829995
 0.0960899512811575 0.508092254635242 -0.855925804052233
 0.0607902842448157 0.160794598292887 -0.985114023096445
 0.326932604412403 0.491790508487512 -0.807005060661777
 0.384162949053757 -0.0264489277048665 -0.922886386722431
 -0.101451895421008 0.570866692080547 -0.814750718188391
 -0.278820758368936 -0.244850514448487 -0.92860498075171
 0.238774396618508 -0.068876948874867 -0.968629316835474
 -0.173565649286776 -0.0301347564024086 -0.984361144013836
 0.261595117954929 -0.31567938645493 -0.912093481628712
 -0.162535587942664 0.422323493153559 -0.891753917727704
 -0.504798231177553 0.640910634057688 -0.578283931085575
 -0.23596694573753 0.481245109326467 -0.844229083406073
 0.0454277868652325 0.170504242458871 -0.984309209285402
 0.524765720325611 0.200392304288892 -0.827323312347072
 -0.459143179204567 0.231805274967412 -0.857586063020619
 -0.654438263607439 0.192449508421042 -0.731213885149195
 -0.0380624604844813 0.214780367599336 -0.975920408022991
 -0.266900245096147 -0.127704744042028 -0.955225500872321
 0.350866546774091 0.53150888988735 -0.770967552057505
 0.0302118872615815 -0.115041545883269 -0.992901145426311
 -0.0802493826670903 -0.646787601843618 -0.758436440766748
 -0.343981811354275 -0.387530686939185 -0.855275674936377
 -0.416964742783714 0.406853079117982 -0.812779782774848
 -0.0160822968661238 -0.120782123891 -0.992548758639035
 -0.715615767524991 -0.187010389698981 -0.672994195676496
 0.0293898729729316 0.259900809116342 -0.965187963449247
 -0.442141352061841 0.453453779530986 -0.77388028442776
 -0.838478087189069 -0.219077619251204 -0.498958409135456
 0.289237699375101 0.846100474340042 -0.447722615669294
 0.452389021321697 -0.577243037617263 -0.679804860904946
 0.0796993967080493 0.561667961932412 -0.823515091970429
 -0.00794890678369798 -0.0446352869811187 -0.998971724343115
 -0.440165798755751 -0.397667206380692 -0.805055813329168
 -0.382260305306088 0.271136007002571 -0.883381188782056
 -0.302014392297412 -0.513084247583904 -0.803449974625978
 -0.0837437167993724 0.229451248326374 -0.969710840682982
 -0.183514326225168 -0.0911822670286645 -0.978778977220923
 -0.823936655351658 0.258805776224959 -0.504130893876302
 -0.0319441345616715 0.25533529241733 -0.966324718049405
 -0.831110771976077 0.157767094394477 -0.533258313232578
 -0.327473829509701 -0.409320016475028 -0.851597331547683
 -0.619326151913408 -0.471682472981104 -0.627654970695334
 0.547567678074716 0.21496937147449 -0.808676577659899
 -0.26594665776468 -0.508141875120556 -0.819185088958998
 -0.306707422671097 0.903552219203761 -0.299205521423671
 -0.0661276112562053 -0.110268246407052 -0.99169957792865
 -0.885587923831781 0.132272241498228 -0.445239355057873
 0.374734980468868 -0.202754551645999 -0.904690160331054
 -0.436670811181943 -0.0230092145128934 -0.89932706993018
 0.119665205362093 0.127644652232162 -0.984574568726096
 0.377544190460094 0.239420714106719 -0.894504391216981
 -0.394809241220147 -0.200000871300647 -0.896730346607136
 0.191421513951249 -0.4233143320763 -0.885529660855811
 -0.89016027312524 -0.340490056855181 -0.302789050879246
 0.14308349646738 -0.232299964969671 -0.962062284529312
 0.306234712954971 -0.00235714526011753 -0.951953120929602
 -0.280266702192899 -0.623217635728733 -0.730102975037497
 -0.200188001854041 0.0893124436515522 -0.975678251947165
 -0.986101568646456 -0.121864880398284 -0.11292761946712
 -0.79180048388973 -0.512365909123506 -0.332465289737188
 -0.117379119066666 0.0512094672672347 -0.991765966783162
 0.405310255283602 0.108127859101198 -0.907762063014385
 -0.381511583714834 0.464956736874405 -0.798914353561447
 -0.589760789921549 0.641199728023281 -0.49096346040615
 -0.587750924354203 -0.459951117795873 -0.6655778092448
 -0.312799515634918 -0.319467763295648 -0.894481308487459
 -0.123783112314264 0.261202340265121 -0.957314513911608
 0.271132372885153 0.632459411261429 -0.725591020810286
 -0.37065572688344 -0.232338278361799 -0.899240377505583
 -0.415336270259895 -0.705319538580809 -0.574473786262484
 0.437865302229446 0.671484826564462 -0.597814440104294
 -0.158842576552781 0.729883949261387 -0.664859726923413
 0.654327833943954 0.463431719159679 -0.59756683927651
 -0.550409220753895 0.000660032951702769 -0.834894756281049
 -6.57785846010381e-06 -0.204614633235222 -0.978842608299592
 -0.0966994196632511 0.340164506557671 -0.935380847951874
 -0.00495015731796823 -0.441083472495394 -0.897452431181694
 -0.306011747871162 0.824825703354756 -0.475414944285693
 -0.647655875294037 0.0207682937103665 -0.761649883590535
 -0.181007505402375 -0.215693377555787 -0.959537727172093
 -0.577512123362551 -0.165569461921327 -0.799416350000649
 -0.381938878798694 0.0443272296479203 -0.923123929694024
 0.317927939448949 -0.38164316144272 -0.86791147166157
 0.536884555196415 -0.117704184624487 -0.835404512385127
 -0.492365285119277 0.527157929372381 -0.692590025562913
 0.397487942656612 -0.164295995151486 -0.90277913213576
 0.236962867999235 0.199146833823343 -0.950888604289543
 0.424973835693764 0.735163367025635 -0.528140192334631
 -0.36828866503089 -0.58740193682515 -0.720640287399912
 -0.0159784167941357 0.225088122804371 -0.974207384066225
 0.0715474601006547 0.422504807091888 -0.903532317594336
 -0.0167512556656157 0.31527235359716 -0.948853380924015
 -0.635620046561571 0.57010526991007 -0.520545039002228
 -0.176899171195893 0.150497145096342 -0.972654765344856
 -0.56940655123067 0.338899474578617 -0.748948146099536
 -0.0936050595355201 0.346086766364376 -0.933521313616782
 0.116815017715843 0.286824787564584 -0.950834261517
 0.567280680499568 0.134721487893097 -0.81243015098642
 0.082478101482471 -0.103215887727173 -0.99123349585077
 -0.201996794001486 0.149333568245075 -0.967934285273703
 -0.180244455514848 -0.419355681680978 -0.889748699632676
