 -0.0995849015016115 0.164873962817823 -0.981274387609124
 0.0231544673391156 -0.978571816313649 -0.20459978240176
 -0.975641351310189 0.171341367524394 -0.136989376918424
 -0.444989405380122 0.0499001581073524 -0.894144509193177
 -0.108695595422365 -0.529793537285647 -0.841132614625149
 -0.338052322452593 -0.250009360302802 -0.907312485886419
 0.202166515731263 0.19763298613975 -0.959202743275147
 0.418266630217701 -0.907804747682776 0.0307175215624569
 0.0709744469133684 0.329931386155551 -0.941333048561888
 0.151199341483742 0.645140648823011 -0.748954139030626
 0.697797166734109 -0.588599067218457 -0.408203689556344
 -0.785107804666395 0.532556081533414 -0.316211566951132
 0.12586012184286 -0.989980670564575 0.064011730473522
 0.387392301276935 0.345584376501165 -0.854692133829288
 -0.231234533201504 0.167737571975423 -0.958329117580632
 -0.905550188261211 0.405666479129064 0.124151376356098
 -0.979886708503452 -0.024178079117159 0.19808447437514
 0.00474985165548134 -0.996272579486177 0.0861300544131366
 -0.994411124479598 -0.0398854800696449 -0.0977530766310482
 -0.149363366280586 -0.824056446793662 -0.546462768458324
 -0.625384005656747 0.330125155745152 -0.707044713588158
 -0.332169916038482 0.558763861442585 -0.759898739323049
 -0.879811100782774 -0.414133153398922 0.233294145222869
 -0.534203115415433 -0.273214525957684 0.799988033839359
 -0.0701456697569565 -0.156295036972432 -0.985216446488859
 0.554304739365252 0.465672126501184 -0.689851959855943
 -0.992562969419276 -0.108352839002759 -0.0554834571528513
 -0.993793456983841 -0.00123607462662107 -0.11123415381808
 0.0327818569292169 -0.167873997373326 -0.985263249523787
 -0.964933925314192 0.261760968814603 0.0195886442355458
 0.310998248721613 -0.941576643028411 0.129280758798203
 -0.893638118212249 -0.0504031057844955 0.445948921520556
 -0.986868227807078 0.120554652385344 -0.107506635763406
 -0.293859309234815 -0.836772558530495 -0.462015575133964
 -0.950380131121575 -0.209269677324784 -0.23018212033457
 -0.292263183970195 0.479440516195628 -0.827477505872923
 -0.752134151827461 0.105473768818186 -0.650514797484326
 0.236193733062219 0.6605403536313 -0.712670303637503
 -0.830722221121141 0.363836668520033 0.421335341474936
 -0.530673159151159 -0.310245027522552 -0.788754728070812
 -0.886138478540009 0.370692608530996 0.278110745623546
 -0.366508946455004 -0.0389281180264111 -0.929599803031049
 0.321451679967125 0.287217739770678 -0.902316345528184
 -0.979519868880887 0.0918442488296785 -0.17917996658243
 0.0426973752366323 -0.914462789519622 0.40241115880638
 -0.17846537164559 -0.0905566441073591 -0.979770179854141
 -0.463401528900855 0.830535985775077 -0.308980580854154
 0.18601824189118 -0.188587592753724 -0.96427793376343
 -0.516378438268492 -0.272341139142075 -0.811901233169522
 -0.380268723372157 -0.512885262310725 -0.769639139941161
 0.742848942882211 -0.664465313997874 -0.081616754116349
 -0.284276629956668 -0.95523925479471 -0.0818826218420391
 -0.144999177048585 -0.364604242422753 -0.919803775303496
 -0.899761403881451 -0.261404771648621 -0.349423756268249
 -0.819081245672254 0.521929012357006 -0.238109258635672
 -0.952974487041435 -0.252670474328015 -0.167323813161694
 0.138244058235767 -0.987097911856047 -0.0807854737681088
 -0.690208078261299 -0.019707322193293 -0.723342539986979
 -0.151615631869197 0.357113000269354 -0.921674023292142
 -0.982896236628383 -0.178794411889676 0.044131012891017
 -0.909900356287252 0.325804925443429 -0.256773231052486
 -0.96128059332157 -0.146356849695249 0.233493668973298
 -0.939955979345872 -0.289546858178084 0.180680308310407
 -0.137331589206745 -0.918269699761245 -0.371376888223194
 -0.799776412152257 0.529859241239773 -0.282146903292726
 0.113138139282435 -0.983121283925584 -0.143778658124979
 -0.0588110657724653 0.021117562337188 -0.998045743993552
 -0.253956750493956 -0.85313761063266 0.455699666669339
 -0.113066254480137 0.523040618244771 -0.844774842051988
 0.261664881120675 0.354344762214841 -0.897759031967382
 -0.0110121895574452 -0.900392868363703 -0.434938402858306
 -0.984089922262501 -0.101625017146449 0.145737369234415
 -0.205470818670029 -0.543055395825196 -0.814169871550285
 -0.350022714710029 0.173565532794467 -0.920521105142514
 -0.360674046869065 -0.118559030980378 -0.925125930934857
 -0.0477353621129292 -0.861401500178806 -0.505676567277594
 0.174195048056613 -0.0170159712759452 -0.984564138060132
 -0.244352328988998 -0.167580827608541 -0.955096123715142
 -0.146351374822462 -0.548232250921451 -0.823421322372195
 0.250263738467409 -0.170275480318656 -0.953086733729185
 -0.57475750567627 -0.221799040373371 -0.787692195821594
 -0.975316819057864 -0.0595905832771088 0.212617179097887
 -0.014444319931294 0.279655527091109 -0.959991743604661
 -0.933767759490348 -0.29252960510681 -0.206165471096471
 -0.23908593821815 0.0561252726176256 -0.969374988288817
 0.0908819548907506 -0.911605499832307 0.400893854967527
 -0.700026198907192 0.0799377248573133 0.709628974174664
 -0.957555671156719 0.171388655231951 -0.231760793693388
 -0.0295096331999108 0.232945647813815 -0.972041926417276
 -0.878020762452329 0.478608137371622 -0.00371369685056243
 -0.943773320107594 0.325609664303793 -0.0571862462928031
 0.517707965299013 -0.766428104550954 0.38021891486404
 -0.791118279174044 -0.571700428053742 -0.217463764613482
 -0.0281801446227531 -0.255002535750994 -0.966529661319095
 -0.152660821987864 -0.980931525387937 0.120283065849209
 0.66080745746834 0.408965311991486 -0.629349567205646
 0.0749393377247865 0.0921081041214686 -0.99292506908453
 -0.444406328312545 -0.0688637879169131 -0.893174559685562
 -0.998831078910104 -0.0323066545166856 0.035954914507152
 -0.882312704047625 -0.456429748300007 -0.11487461487622
 0.0645130103176229 -0.924971931420479 0.374519689180725
 -0.212558405941635 -0.97495237747439 0.0654735497784115
 -0.699839481467855 0.278821624264796 -0.657634550507456
 0.244893775487128 0.384900595149021 -0.889875592755296
 0.272883244075102 -0.41091014875024 -0.86987791370807
 0.467625608145079 0.19816434828046 -0.861427409406925
 0.203180321770813 0.76296747149414 -0.613676131430047
 -0.428530138912939 0.223859130194859 -0.875356504443566
 -0.334221145140195 0.169042178926726 -0.927211393310545
 -0.626393765401152 -0.0268077400596292 -0.779045695540038
 -0.151392485137092 0.707990926474334 -0.68980371372879
 -0.476204333753188 -0.110349714164483 -0.872383157275804
 0.196960649108426 -0.97994329073036 0.0302927327149763
 -0.24827426494567 0.337154106924811 -0.908122787705176
 0.115681314291417 -0.988777721220178 0.0945328066992722
 -0.274599612855336 0.829312641597624 -0.48665757479574
 -0.962326004963984 0.14215028917266 0.231779972081689
 0.221815020733397 -0.266497572820051 -0.937964359801621
 0.414513761238775 -0.842352090671766 -0.344414426359565
 -0.388850138750192 -0.639811466033706 -0.662900337551397
 -0.331042077163312 -0.291739874697472 -0.897384526643347
 -0.993959088728876 -0.0675435503439377 0.086505483873557
 0.524515901674824 -0.848246639207212 0.0732168557363368
 -0.24868124304171 -0.0293846846817387 -0.968139545553938
 -0.259621673899479 -0.15796532266795 -0.952703281864843
 0.243308303163968 -0.890926642857093 -0.383472015483346
 0.104258936188021 -0.0049661350117829 -0.994537787983939
 -0.943981181640858 0.295702286354276 -0.146491250772134
 -0.5231776258926 -0.554513322194981 -0.647147701281298
 -0.851340838093996 0.104055817727335 -0.514189813386563
 -0.263251374843587 0.258608244437812 -0.929419436826966
 0.0222017270131717 -0.417188247869876 -0.908548869988233
 0.699498723389329 -0.522124729372405 -0.487941905306863
 -0.2202930880063 -0.0335180986567974 -0.974857678042842
 0.076055544763024 -0.861509318667022 -0.50201319500655
 0.648506895845687 0.444605298989104 -0.617871292545139
 0.285302590398256 -0.880346849638424 -0.378935161002178
 -0.124659328141156 0.0890845065689839 -0.988192290294129
 0.412230880516197 0.0995203847734722 -0.905627624448029
 0.0198352725282286 -0.99310652526603 -0.115524852035233
 0.397073481707508 -0.917229481841404 -0.0319801151596943
 -0.599384383772412 -0.16220898223669 -0.783853689518333
 -0.64030841979349 0.0759819391748697 -0.764350621417154
 0.618942480124148 0.153284906989106 -0.770333657311629
 -0.678047091849261 -0.451250521199526 -0.580194026470383
 0.102082185451237 -0.986308503580055 0.129517424229994
 -0.0338348024786509 -0.589998048443073 -0.806695425160324
 -0.143806210614555 -0.968210706887474 -0.20466509437894
 -0.327520292663468 0.395808046853939 -0.857943149596351
 -0.970866904319227 -0.217737139866519 -0.100039952120885
 -0.895072970207056 -0.153544684788848 -0.418650699005521
 -0.266925374704856 0.239330976361864 -0.933526393891651
 0.57020235883233 -0.126018831738925 -0.81178108134472
 0.299647119139917 -0.212329576930388 -0.930122440731171
 -0.63295326873662 -0.462677448980264 -0.620725170909594
 0.953204391584235 0.259998791618354 -0.154279020678524
 -0.87506965673518 0.459578490861502 -0.151791655234533
 -0.547991865708096 0.245648089109488 -0.799601107699719
 -0.652657496104454 0.75755064340841 0.0124585492802494
 -0.786421920116042 0.294135143628496 0.543162112857333
 -0.518842724729953 -0.0241589616342576 -0.854528274293807
 -0.407427452276286 -0.00674984062955388 -0.913212631747464
 -0.437732103476681 0.185434156125233 -0.879775414141588
 0.0855985019857882 -0.995671218962499 0.0362176778317078
 -0.564972374808057 -0.156808316260865 -0.810072445930101
 0.290744517865278 -0.243865784964509 -0.925201115571599
 -0.154750422347907 -0.0277125905626479 -0.987564842988779
 0.376354682424894 -0.38211976278612 -0.844003341169415
 -0.886674724702212 -0.0409663110179985 -0.460575394409899
 0.0354036325303187 -0.857894773858582 -0.51260427211426
 0.315421326850151 0.149207466207462 -0.93714807719807
 0.065041520075819 0.208036425908919 -0.97595617020503
 -0.948525793194438 -0.283447008125656 -0.141267877557059
 -0.391768761919558 -0.415347199736557 -0.820977430173947
 -0.170972889837448 -0.286797053852291 -0.942611118564956
 -0.890947726466142 -0.332830393875848 0.308927301508397
 0.224726961212139 -0.220338764173747 -0.949183134019323
 -0.946870096398315 -0.319255645704714 0.0388954140267405
 -0.583015126692411 0.367300155837659 -0.724695768974446
 -0.189254137698462 -0.767517053529383 0.612454442310272
 -0.5203485891173 0.0597564894656674 -0.851860615224331
 -0.183624110960494 0.34301103196045 -0.921208780802374
 -0.848037686005889 -0.387749920154132 -0.361223037103451
 0.054478543720091 -0.241923002208535 -0.968764857577187
 -0.00737398774366858 -0.126074175065287 -0.991993410606322
 -0.79137512516782 0.174316971676864 -0.585951367138114
 0.193250132329148 -0.832264614432486 -0.519605617673935
 -0.089531266217186 -0.987848371022224 -0.127042308851366
 0.141292812630194 -0.21143899947626 -0.967124547615004
 0.351976216938069 0.127504316683461 -0.927283878829482
 0.572345744183116 -0.818520415893783 0.0494436839297411
 -0.476380433565885 0.327352137175877 -0.816028345587312
 0.470459037102367 -0.8823486985146 -0.0113608379226929
 -0.663470024417646 0.213461257922533 -0.717106559770149
 0.0545762409070788 -0.666142988707822 -0.743824544179515
 -0.142857239327085 0.388380444900155 -0.910358412489829
 0.00828212052877766 -0.3610610594362 -0.932505398289123
 -0.128892591231656 0.0762284037106683 -0.988724395569014
 0.494472107405146 -0.864100683869155 -0.0939539415627264
 -0.397103173514385 -0.86843001860105 -0.296881074468185
 -0.0394887493809579 0.324418756110439 -0.945088942563653
 0.150305942276835 -0.279271458968829 -0.948375229496055
 -0.339752625516826 -0.199746925103541 -0.919058931389116
 -0.537205859819093 -0.556005030363036 -0.634246222209505
 -0.237109262356367 -0.971148854763404 -0.0254774330839867
 -0.491918134822166 -0.557895420265087 -0.668407995673543
 -0.875012252046981 -0.472016197142295 -0.107490782874607
 0.397671322989691 0.626369032596363 -0.670462045067373
 -0.882327807731256 0.427874650184717 0.196012559376848
 -0.853609762458417 -0.165335235657952 0.493978373297469
 -0.901081055916736 -0.13459646186057 -0.41223382093491
 -0.655736788950176 0.436244308352726 -0.616198155666798
 -0.617191213331344 -0.751869112471584 -0.231878942333657
 -0.972804445338429 0.21379496326751 0.0891247710304768
 -0.317383840338654 -0.417958215261818 -0.851221726806267
 -0.361667600855005 0.720790736005202 -0.591318240358661
 0.100585372703022 -0.888268191619345 0.448176530571931
 -0.945504970355776 0.307919988737251 0.105856655759445
 0.157956852435562 -0.952105775041353 0.261809522175102
 0.533168264505363 -0.775239403441273 0.338726245036252
 -0.73444023760198 -0.678500027449229 0.0153378662969425
 -0.593945009897515 -0.346084259076585 -0.726260979839377
 -0.148393042899774 0.266927562852633 -0.952223283168659
 -0.945175396331797 0.0672021627333478 -0.31957368398069
 0.0425972965601524 -0.988422955843467 -0.145621189005685
 -0.172337437186508 0.154264448594755 -0.972883491299828
 -0.167448355137016 -0.279589016188393 -0.945405220203863
 -0.830930850387599 0.111361244255338 0.545117047203667
 -0.0563948063296466 -0.985385441277505 -0.160733188661762
 -0.931395243841312 0.0432097211871277 0.361435775407906
 0.604694889880575 -0.792124331500474 0.0829646526976792
 -0.309801254092141 0.487936747865345 -0.816052028393734
 -0.630149743834616 -0.738593770951668 -0.23956323143705
 -0.494278819906412 0.643220523590459 -0.584769874586525
 0.178376697125357 -0.974663035282933 -0.134958221593607
 -0.999107677234518 -0.0150657580518245 0.0394572201931479
 -0.242881878252777 -0.968585589795022 -0.053388654767019
 -0.941460253032632 0.33437922663559 0.0429316288337344
 0.233154004634328 -0.809761501430012 -0.538447324187602
 -0.454500841406376 0.499404602908813 -0.737579845002822
 -0.560231244740214 0.713929881912945 -0.420053658630179
 -0.456086340891146 0.176276682588027 0.872302574126825
 0.10058083689328 0.221247077309801 -0.970017126669276
 -0.870293836128666 0.34830137046639 0.348245307402246
 -0.117753296654636 -0.992666422796162 -0.0273410713037689
 -0.476650326201436 0.151184656754166 -0.865995188262723
 -0.277504118098469 0.172899204429659 -0.945038268826179
 -0.443314335744775 0.424021892284882 -0.789732761499938
 0.238098463750255 -0.0868871637125328 -0.967346753931474
 -0.524058082109952 -0.774646622766993 -0.353957252236665
 0.134228695054175 -0.990514558486896 -0.029386507951139
 -0.583067134901908 -0.290262945408605 -0.758801778279415
 0.342351347636526 -0.261771248586139 -0.902369862187955
 -0.591349102947132 0.240248883630531 -0.769796539585562
 0.295774168677048 -0.904309393243906 0.307802148196273
 -0.198363912421145 -0.971318679380563 -0.131117433377016
 -0.00821585787691061 -0.922865277098314 0.385035297090538
 0.418714896124585 -0.843355695272197 0.336792231227693
 -0.937030297139081 0.153835854448695 -0.313542265300046
 -0.405766883355532 0.792490078061216 -0.455316057861421
 -0.92479887358747 -0.0886653671194312 -0.369980399595604
 -0.768706325326377 -0.633012201195612 -0.0915758622165523
 -0.830930274697173 -0.541982528389404 0.125737096802451
 0.231098290824412 0.801076349439809 -0.552150579413103
 0.459202518883305 -0.396286072887424 -0.7950411279215
 -0.959257831351815 -0.231029461614273 -0.162633947429284
 -0.202212026937351 -0.150705024538176 -0.967676749612615
 -0.195803530980473 -0.975648465356117 0.0988486181179705
 -0.812785281483519 0.0157328214487245 0.582350894678645
 -0.57078737630717 -0.423061856302746 -0.703719004141605
 0.695319109565692 -0.690266870863044 0.200157395221149
 -0.875674801194905 0.23530316481526 0.421694276911824
 -0.190002826024684 0.279583771063212 -0.941133274866375
 -0.0538054346056573 0.367977135718782 -0.928276792123501
 -0.999263615789549 -0.00014167892489407 0.0383693378399892
 0.259624893770428 -0.959047879780799 -0.113234618481487
 -0.74630993948625 -0.292121517534943 0.598068970284458
 -0.762245613156448 0.377988712334082 -0.525458046443075
 0.445630289115954 0.595615219714835 -0.66832339138061
 -0.343665126983678 0.424264392592432 -0.83779114681015
 -0.787171360965417 -0.571536544243403 0.23174819755537
 -0.783048157558969 -0.283552655189968 0.553564336530294
 -0.056444603052429 0.480929401643782 -0.874940522218972
 0.0446158917112263 -0.997887189406672 0.0472290104158921
 -0.0726598779408653 -0.325426723361861 -0.942771440943976
 0.529981104675594 -0.719333294048603 -0.449087564690922
 0.250507289558292 -0.96720448900859 -0.0419711129205557
 0.00574651406810362 -0.73083120419248 -0.682534049373827
 0.0592976160993689 -0.620687430105927 -0.781812577817364
 -0.230360878233305 -0.972894204032594 0.0202665621003114
 -0.576733188995381 0.312732998437796 -0.754703186954529
 -0.557691500204459 0.462063852590608 -0.689548538341446
 -0.898156499558993 0.270127769310734 -0.346909052270394
 -0.91219871792985 0.127098915678029 -0.389537372585234
 -0.422500774273624 0.192913173029692 -0.885594491519569
 -0.898122809021292 -0.220210077737968 0.380634919021288
 0.234658161203577 -0.956399771965077 -0.173882211757571
 -0.969916159410945 0.0304883541083111 -0.241522470957234
 -0.248178267311233 -0.968596190719687 0.0151316541628989
 -0.926459300242335 0.37319533156245 -0.0489735591362854
 0.320640334494115 0.882446729807761 -0.344205672450486
 -0.14969027197811 0.458675302745511 -0.875905125642289
 -0.00907808134274946 -0.987020729442909 0.160336109748001
 0.499947636356672 -0.802269712913365 0.326214145375831
 -0.168441948104246 -0.693763479757676 -0.700228208710108
 -0.927500474838665 0.331047369319927 0.173639017621057
 0.104919430893003 -0.983261662845426 -0.148957763810872
 -0.988174509256818 -0.150187277840718 0.0309017933111026
 -0.927016911326572 -0.26753658808066 -0.262799962238774
 -0.113267761576469 -0.902498898520283 0.415531168935775
 0.451523737928828 -0.769287751180651 -0.452020652150094
 -0.196062500741396 -0.163960584846394 -0.966786647828702
 0.310482533445689 -0.281961563055837 -0.907798586352863
 -0.841373522411226 -0.466467393156698 0.272944622418029
 0.689387033146295 -0.72435310276272 0.0076224043300373
 0.0424199396685509 0.362837599039544 -0.930886365482778
 -0.0597751357538339 -0.42553766995897 -0.902964353998264
 -0.630445272452822 -0.625517659772812 0.459637265410706
 -0.194624758059829 0.392582779852493 -0.89888818243063
 -0.852427392392708 -0.424124953919261 -0.305754090997248
 -0.927546868993779 0.164923418449638 -0.335346197036321
 -0.387655585084729 0.378891330499523 -0.840335948906696
 -0.145841574230571 -0.982682275574446 -0.11430564508272
 -0.0248805025026947 -0.990424268796765 -0.135796643454865
 -0.568282060759322 -0.216508210335824 -0.793838582002863
 0.384850085790485 0.10137488238363 -0.917394977470861
 -0.0131329769488602 0.0027905709402044 -0.999909864752963
 0.00136224675117836 -0.996173516074618 0.0873868992202067
 -0.961595033231377 0.194849338520614 -0.193309925619007
 -0.405441191697019 0.45907945313764 -0.790483077479933
 0.525646069564984 -0.817264713428717 0.236166461918625
 -0.95545746437549 0.194644687572021 -0.221843366745887
 -0.845452559619663 -0.46577498187086 0.261273105573001
 -0.995207892326157 0.055712452644669 0.0803577853853917
 -0.956628833703103 0.0373717530874815 0.288902451701278
 -0.857263914714051 -0.166479657262442 -0.48721976996723
 0.144327291624116 0.521005934836464 -0.841262413731666
 0.18524084675304 -0.86401518653856 0.468149106722371
 -0.958068597432206 -0.149368699810829 -0.244527205298529
 0.40029789565644 0.351905460934954 -0.846123006008691
 -0.981312405237987 0.0660792050939893 -0.180719401227932
 0.734351127933823 -0.311880524047085 -0.602875575572968
 0.0351859676175025 0.725766358046354 -0.687040858472734
 -0.758346856315389 0.415249945294803 -0.502471420529795
 -0.378108248483657 -0.827182812938085 -0.415695497219368
 -0.836054694741923 -0.394991912245337 0.380780693655498
 -0.927126313975705 -0.232998990385529 0.293510252654224
 0.0972836051503013 -0.82066248640477 0.563071028891473
 -0.17199831109692 -0.0993602875291787 -0.980073524916333
 -0.261386945965927 0.27923616646801 -0.923961053191559
 0.0472637405300491 -0.9765516731518 -0.21003087510061
 -0.343552264481613 -0.084450021523972 -0.935328838128151
 0.0817830170558601 -0.928077539021677 -0.363295499125311
 -0.39181615159516 -0.876633872566917 -0.279272549344701
 -0.13410865584926 0.325957420341931 -0.935824037172768
 -0.401939754426309 -0.333973090448493 -0.852588065051348
 -0.426278117214949 0.140773053139468 -0.893571437711318
 -0.708399671179482 -0.6199172050848 -0.337450092180535
 -0.313414000891812 -0.0897831713272812 -0.945362706156427
 0.0510179798485938 -0.467691193122825 -0.882418332542744
 -0.413696327680788 -0.501689191209675 -0.759712645601488
 -0.363165522042867 -0.307866853919753 -0.879391155207332
 -0.552209429493314 0.166227499851532 0.816965828093059
 -0.826085973943721 -0.398929726786324 -0.398041501277998
 -0.562835714532812 -0.826541574852635 -0.00670697297329171
 -0.366400342824962 -0.930226241755136 0.0207347034670329
 0.274461439835206 0.237752502554355 -0.93174281085111
 -0.49814829413021 0.107730326154283 -0.860373438619449
 -0.930891589993678 -0.362378162153795 -0.0460751046996034
 -0.708085007348457 0.340548686685562 0.618580806657525
 0.201060339492957 -0.979563593497921 0.00546865398581008
 -0.319259703113539 0.418250463414218 -0.850376264850829
 -0.897037586830276 -0.433952119257996 -0.0837205232019586
 -0.965983922242534 -0.252333103031045 0.056595645447798
 -0.463385369430074 -0.0540581132227219 -0.884506483748397
 0.485368723360237 -0.140099462637443 -0.863011786102805
 -0.669600310070229 -0.39180890894542 -0.630968464841828
 -0.684826429121476 0.38678098610894 0.617586618023191
 -0.209871791211838 0.294676905608797 -0.932265709202242
 -0.678735554955292 0.574150681696963 -0.457896321394313
 -0.461719642280241 -0.857546992823868 -0.226777703999639
 0.510656694530591 -0.855503891859243 -0.0856903223519346
 0.102455091150033 -0.966654857607608 0.234694142579343
 0.684975465588529 -0.373159132252192 -0.625748250943275
 -0.134463428211635 -0.098548900476413 -0.986005933394148
 -0.598814278950215 0.40418427091813 -0.691416324993642
 -0.292547715584142 0.370825869666073 -0.881421583859223
 -0.565274416230266 -0.788366104576699 -0.242783276833667
 0.310060136028338 -0.948139583270782 0.0699574347814206
 -0.127021840413608 -0.306500634526752 -0.943357203339561
 -0.837326447481351 0.389544822063506 -0.383587345922375
 -0.994891386330929 -0.0905446655915407 -0.0446407094190766
 -0.25919223163823 -0.799008178242981 -0.542591299376636
 -0.982741551962443 0.0739428912744537 -0.169562645875864
 -0.927653210652239 -0.127271564672073 -0.351086128453567
 0.00439641752513846 -0.978891965702396 -0.204331081816362
 -0.317868175852169 -0.136374357070861 -0.938276002844538
 0.327311032807796 0.0699864240272272 -0.942321276558147
 -0.990866708557285 -0.12909398858127 -0.0389603386154493
 -0.726106767597805 -0.446908700458253 -0.522533803216005
 -0.847998004278498 -0.0294464222800634 -0.529180775307066
 -0.670968809290319 0.66525005914549 -0.327480099802193
 -0.424384353007415 -0.0467823453320191 -0.904272820053613
 -0.236648833613464 0.454574916903727 -0.858696089703078
 -0.0786191790725646 -0.373270539829177 -0.92438527074894
 -0.375328853500378 -0.359066577303674 -0.854517082797949
 -0.54072258731453 0.361781807918812 -0.759429395682624
 0.0602966194122442 -0.20893381714762 -0.976069145982793
 -0.955551579240856 0.175263921546667 -0.237073273935276
 -0.380141956456392 -0.404055928565402 -0.832004146343429
 -0.212343731220035 -0.526623208025187 -0.82315134488186
 -0.77086973842749 -0.21755436254816 -0.598690191762816
 0.0866171447520829 -0.995734320350748 0.0317904625734072
 -0.346205853714748 0.255264880940117 -0.902763173491404
 -0.942926672577538 0.317294587201625 -0.101061541025275
 -0.945401736670332 0.218326272512282 0.241969409288889
 0.111720661453649 0.709870512184643 -0.695415235478108
 -0.00443984467021769 -0.404401390159987 -0.914570830179913
 -0.959835339487946 -0.280540034791466 -0.00366195975717243
 -0.187000279466709 0.339270225794032 -0.921914643212179
 -0.0586378156623139 -0.232185616707171 -0.970902387456465
 -0.0393778166265507 0.614643785015679 -0.787821302770702
 -0.545083802709783 -0.43040662688163 -0.719467708489978
 -0.275417363913888 -0.838929741832043 0.469406182239164
 -0.853562295159816 0.222698789799763 -0.47099538989594
 -0.57095930749798 0.270519024762565 -0.775128974057181
 0.223075770709496 -0.535164189918319 -0.814761615659104
 -0.99135106183925 0.121162216349535 -0.0504260797550231
 -0.31599504573805 -0.531145354385196 -0.78614994980858
 -0.782609205924728 0.433114041479857 -0.447140982101675
 -0.879403892148739 0.312402341848813 -0.359240269570418
 -0.289016264298169 -0.830234119254592 -0.476634982136941
 -0.084601563443452 -0.992033564387265 -0.093338001864311
 0.159753186545091 -0.95988912300537 -0.230416559571291
 -0.274981853887883 -0.922401258493172 -0.271221124477052
 -0.955491506895481 0.280408553442206 -0.0916898217200413
 -0.920140703268096 -0.00899940054089947 0.391484478592954
 0.0695701931172799 -0.952931813937895 0.295094808857523
 -0.987953215642299 0.0250113200440753 -0.152718294816611
 0.428139952955389 -0.0508646010848529 -0.902279875116273
 -0.579805012011316 0.405500441330641 -0.706679234254986
 -0.203639762053027 -0.96202828337294 0.18174825804255
 -0.127393866595398 0.675550620430193 -0.726224594729658
 0.0033437991365488 -0.164082953259886 -0.986440876817688
 -0.475523170636278 -0.798878436514431 -0.368335387738241
 -0.867347244594353 -0.409347367129128 -0.283096256278734
 -0.0333921215682185 -0.991547280700833 0.125375262121192
 -0.454420329264693 0.0457807506844527 -0.889610188350907
 -0.135973608775121 -0.950986714083593 0.277732690465419
 0.00205676126451511 0.672692924764156 -0.739918913601583
 -0.370887413281464 0.253806172945438 -0.893322424012839
 0.307106800136226 -0.942279975670954 0.133393630881066
 0.189004771527107 0.168788406751782 -0.967361189053076
 -0.0408942811112435 0.0461491397228823 -0.99809714691268
 -0.536979820895379 0.0461900017172492 -0.842329600389614
 -0.619497842725985 0.413374726956612 0.667340810958986
 -0.986529946613877 0.127147457379264 0.102918358498416
 -0.040296584767757 -0.0792572507518119 -0.996039393527846
 -0.0692223050401491 0.253994382234564 -0.964725414964388
 -0.905040093517077 0.418695374426522 -0.0748105110290947
 -0.742321254373014 -0.626375439617067 0.237934789281856
 -0.208185774314171 -0.60604890883968 -0.767700073900897
 -0.736363486427348 -0.205492332405637 -0.644625253289888
 -0.244638778354572 -0.873608728343576 -0.420665731771799
 -0.163963970240894 0.167983700527611 -0.972058276452545
 -0.072429393214341 -0.37738245916002 -0.923220700871107
 0.239754910232856 -0.961859659065851 0.131695023751696
 -0.718591958325274 -0.15184011434239 -0.678653208278526
 -0.575816044935076 0.721075853454835 -0.385338157933663
 -0.984861327552787 -0.0958069128454313 0.14446176290628
 -0.998050932498823 -0.0357606081786287 -0.0511421063403241
 -0.0822870274562449 0.409097420306817 -0.908772879112665
 0.159516555982492 0.133568609341223 -0.978117526152219
 -0.791059531572672 -0.600963323194212 0.114314923275105
 -0.0945005170614475 -0.197068731822163 -0.975824557598918
 -0.206971892716006 -0.881835978707737 -0.423707378130382
 -0.00274983029219333 0.280878039172156 -0.959739530051862
 -0.959194008708093 0.248471507800551 0.134939851303537
 -0.917854305290339 0.366474792790773 0.152445729717002
 -0.99733704929835 0.0648524228128971 -0.0333612552545291
 -0.156933409468131 -0.69231552664898 -0.704323162016879
 -0.990331839306608 -0.0209277756239877 -0.137130872756731
 -0.104111194218735 0.00785843380281146 -0.994534616922164
 -0.952366870051301 -0.295759053725701 0.0743231253915422
 -0.419640018835558 -0.707173831127186 0.569040795690951
 0.0759356496550836 -0.216161669930707 -0.97340017955835
 -0.151809520988144 -0.974197111745486 -0.167014540696621
 -0.100791942858881 0.0608101210441901 -0.993047387305018
 -0.165245729047572 -0.136145521922761 -0.976810240472486
 -0.201516373166903 -0.977643298225281 -0.0600394268864427
 -0.989676026253744 -0.0832011566394145 -0.116700173917877
 -0.946538733672712 0.153075932094835 0.283958068507581
 -0.920066514954152 0.364721022329016 0.143025116435533
 0.000735585089142255 -0.277086441617303 -0.960844713149028
 -0.254955823715515 0.453746785294429 -0.853880192291936
 -0.365664355179944 0.333777278159274 -0.868839633036743
 0.0998813326765706 0.185797852636072 -0.97749827485197
 -0.778703486288523 -0.544806835315812 -0.311137256906449
 -0.361988068857335 -0.0615663689084259 -0.930147418544162
 -0.299287574674616 -0.951542375781656 0.0706686262579672
 -0.401435908799482 -0.387509527970724 0.829870819379884
 -0.909093269522973 -0.411932868927382 -0.0621348437294799
 0.514343986497859 -0.27857424205818 -0.811077465606832
 0.0827879141288631 -0.22600805886353 -0.970601111993455
 -0.397754063127744 0.649075310274726 -0.648454275070447
 0.605981546581055 -0.627436787871189 -0.488988182300062
 -0.798569746021401 0.2896010812967 -0.527652892014341
 -0.607809742281273 -0.000819322073789248 -0.794082266455631
 -0.912015230235077 -0.18292388136779 -0.367106351681092
 -0.89161927463064 -0.384517332267117 0.239084692720614
 -0.0423529861356375 -0.30474238630591 -0.951492670783109
 -0.471964033000516 -0.552379139026141 -0.687115156522273
 0.543485649628519 -0.0933758096158338 -0.834208790906962
 -0.145583883452246 -0.97164635541732 0.186302691561882
 0.143027230097715 -0.981775398518673 -0.12514103369429
 -0.495569919027428 0.271888976932002 -0.824916262161208
 -0.768805758465118 0.474496841928005 -0.428707887437617
 -0.727596658030495 0.0105667038403676 0.685923791680099
 0.0948851924055248 0.840949003587965 0.53273030102161
 -0.071891669975323 0.225670323754216 -0.971547473242984
 -0.329576853081382 0.197616183932672 -0.923215544583637
 -0.180033715400541 0.0554159741780525 -0.982098228857467
 -0.388061445448895 0.49001746234004 -0.780571073738927
 0.306948016209208 -0.8925307178626 -0.330411611504353
 -0.569831566295964 -0.319709889452363 -0.757018872049467
 -0.257249764528009 0.692127818410505 -0.674375000747061
 0.00129593112517845 -0.882001679297659 -0.471244478247362
 -0.601224753833095 0.15455308729385 -0.783991159762834
 -0.990030892190426 -0.0689877648894548 -0.122798700335904
 -0.972195444409912 0.211281807092563 -0.100975323026541
 0.756809860530154 0.296840647115526 -0.582343940660814
 -0.267934970654693 -0.0798383616416721 -0.960123266831214
 0.0848698640811642 0.381509633784771 -0.920460485572442
 -0.796052413889769 -0.524390686684274 0.30218365617463
 -0.236767695560856 -0.186204276771684 -0.953555989782842
 -0.913137909996899 -0.33366428967374 0.234195002344227
 -0.180715296302609 0.317392264995834 -0.930915749035902
 -0.980576153908596 0.0186761685302094 0.195247553415802
 0.0836612392864356 0.146034992331775 -0.985735551786439
 0.803611016624345 -0.456088185226881 0.382351802998805
 -0.437283168777702 -0.209266829040346 -0.874637538965216
 0.450127813616879 -0.0665274833332744 -0.890482478979698
 -0.306362500982653 0.786945670031714 -0.535591757227452
 0.149752368608486 -0.917393624751669 -0.368731833940525
 0.206802023209565 0.226948804916092 -0.951696991244371
 -0.892458591743798 0.383538875037851 0.23751966941156
 0.389276125537826 -0.798630380280257 -0.458970166546444
 0.224569027024912 -0.251637586637967 -0.941407072998766
 -0.0171541861694186 -0.0391771932411456 -0.999085022121046
 -0.0868407066765548 -0.224463482397167 -0.970605397024998
 0.374208469293066 0.249361717354545 -0.893189092761064
 -0.265009924586916 0.116721846406458 -0.957155029471143
 -0.137682315016371 -0.869083203024264 -0.475118897069796
 -0.925312567401197 -0.297187597712471 0.235533828515768
 0.302780981429325 -0.491097312311604 -0.816790736434378
 -0.0967770931608977 0.12247662300747 -0.987741702600439
 -0.968443971200652 -0.0862857434815198 0.233818402006669
 -0.898371229440254 -0.337596220441939 -0.280994530297877
 -0.996025832177868 -0.0349123645256197 0.0819369784506131
 -0.391857308233527 -0.904177562601775 -0.170031718427735
 -0.038606081520865 -0.894713018953202 -0.444969868850973
 -0.407962340815075 -0.0760665474891904 -0.909824493421539
 0.19181564350234 -0.344324659943919 -0.919046945189574
 -0.0175175210574925 -0.364967573100934 -0.930855416829496
 -0.441715005784783 -0.121004779102412 -0.888957646403318
 -0.766717274194698 0.198070105308814 -0.610665910981126
 -0.680789633726722 -0.337694384280819 -0.649990751807619
 0.108850240632389 0.152201065156726 -0.982337243964327
 -0.125779431114786 -0.976865874494413 0.172952588753988
 -0.946028263965155 0.256170014935884 -0.198513090819785
 0.0481858515426239 0.644651438094597 -0.762956517157879
 -0.929099040901501 -0.191120114338806 0.316619762634982
 -0.629850239562147 0.0668434602070489 -0.773835013133326
 -0.562762792771027 -0.262160397803123 -0.78394512875345
 0.210422663542554 -0.360484836446363 -0.908720521040378
 -0.094351360141778 0.64195158601145 -0.76091785499933
 0.342828450726262 0.6372462112836 -0.690207157002395
 -0.632426513808251 -0.340023018958238 -0.69600362873398
 -0.346264290310456 0.354543713498653 -0.868561912861934
 -0.610776057770146 -0.116855497131798 -0.783133066627147
 -0.0604693695461309 -0.994577755160647 -0.0846081809655688
 -0.98630719649474 0.0314700812114999 0.161888072850435
 0.123119253233193 -0.98082278622499 -0.15109040838236
 -0.0454904102764021 0.687807458012895 -0.724466371389815
 -0.8442192690591 0.213945453533253 -0.491448032513885
 0.0143946313004989 0.688302670558868 -0.725280792721863
 -0.57881699742854 -0.761146562854853 -0.292620562062977
 -0.544954037147422 0.0507872737527202 -0.836926370848412
 0.345531625001663 -0.93139958881396 0.114467034909168
 -0.95444337033525 0.1781599490332 0.239367678234919
 0.0480132347781781 -0.217695740981342 -0.974835008421795
 0.108204158347597 -0.882051235851157 -0.458560222271552
 0.535237681472676 0.608298895201115 -0.586082825570633
 0.48366024482911 0.0320969978514894 -0.874667108276496
 0.460566012035124 -0.859397378622809 -0.222070020881494
 -0.906995151148696 0.347546907627958 0.237846468947927
 -0.280392590191804 -0.940447789115063 0.192192485061515
 -0.0843990268200891 -0.853252117107112 0.514623774153559
 0.305342154241515 -0.907456126718202 -0.288599284345525
 0.0952853238336207 0.00763798912097091 -0.99542069909366
 0.243435207637978 -0.844269742682501 0.477438897947243
 -0.181788258213684 0.181451649449606 -0.966451410101746
 -0.865284862606789 -0.476040202754005 0.157059962770516
 -0.864290489996755 0.423523017653542 -0.271348857412016
 -0.854103266242247 -0.166709467489148 -0.49266171359647
 -0.989777576427895 0.00627297275415984 0.142481574294181
 -0.664604926338528 -0.106859841004709 -0.739514209645094
 0.531157731399525 -0.345781570982907 -0.773502792201232
 -0.965970656058042 0.0453567874718605 0.254643777589455
 -0.0854701601751745 -0.0361029763288314 -0.995686409880054
 -0.24458749568709 -0.0351902132903261 -0.968988444638066
 -0.311804007243742 -0.924503667806327 -0.219251520586275
 0.348488980932619 -0.914466627268219 0.205684753400033
 -0.81193498869642 -0.364246319529103 -0.456164655404216
 0.0774697246790146 -0.995675776568339 0.0512658727926494
 -0.272815705226403 -0.78808321071244 -0.551811964327517
 0.501697079296766 -0.376034115206498 -0.779036831495123
 -0.962713073154589 -0.25810840196173 0.0810159960378779
 -0.82523213076807 -0.549164786916424 -0.131946834592688
 -0.838018400409011 0.545241435764743 -0.020903045259573
 -0.108332200568958 0.0616108358222804 -0.992203728691425
 -0.766507215068151 4.90719662731696e-05 -0.64223569415006
 -0.320066502215223 -0.934100921734063 -0.158154678006334
 -0.0249627532749194 0.035662368470394 -0.999052078934836
 -0.767171889733269 0.462558354286573 0.444395162533058
 0.0340524309909889 -0.0192863591880987 -0.999233940723028
 0.453408775584962 0.417468592774079 -0.787489972170932
 0.253442456707303 0.109744986575745 -0.961105071810391
 -0.396486658469947 0.482187286360389 -0.781212999461568
 0.243900954683037 0.116803952077994 -0.962740443257509
 -0.933398476217102 0.133922482359707 0.332914483485184
 -0.0127742123026327 0.0462386188704766 -0.99884874211514
 -0.00655902076909377 -0.167945920752157 -0.985774389477258
 0.407024390236764 -0.912532218555839 -0.0402006946451059
 -0.0554549237528748 -0.993767228528343 0.0967028796606347
 -0.401826273695768 0.409406186163938 -0.819098419299215
 -0.926768025166331 0.326445415750861 0.185834383429297
 -0.879294549732101 0.238201513414131 -0.412433187096577
 -0.187278524067225 0.60919748390954 -0.770587555065282
 -0.321025917267449 0.521771385232598 -0.79037774639412
 -0.113161474057213 -0.971816661817326 -0.206801490815295
 -0.131312201406578 -0.249167185102397 -0.959516972038487
 0.152134531213907 -0.980421912840803 -0.125011828375979
 0.231340957425639 -0.967354059125762 -0.103476981548072
 -0.886547954202183 0.0185523120712126 -0.462264574261035
 0.0317511574214915 0.590331215386858 -0.806536372485625
 -0.991398838995455 -0.118525498928871 0.0554981814308025
 -0.251892365083979 0.254569875648214 -0.933672541539512
 -0.982519880313511 0.182156791143492 -0.0383873446467713
 0.263014517953278 -0.777793652398754 -0.570841832414208
 0.391226174244929 -0.867699678757701 0.306658357247048
 0.037436482712531 -0.994421278599054 0.0986145548665984
 -0.718481125954769 0.234841154550612 0.654701843418898
 -0.988028161924999 -0.152582677653484 0.0227788876638235
 -0.577935385551429 0.773802040819786 0.259270306341963
 -0.160366072633373 -0.44473223799075 -0.881190081219646
 -0.271902184210808 0.937062920012954 -0.219048593143596
 -0.536694795367212 0.279942927959314 -0.795984078805168
 -0.0444001044671547 -0.947116636127285 -0.317802939404661
 -0.936341587240763 0.275485451680391 -0.217651551604621
 0.386842419462988 -0.486340429295834 -0.783470439350691
 0.0271379648272507 0.246446813983588 -0.968776289316772
 -0.420294884231673 -0.907063709171753 -0.0242412415578609
 -0.324237135617179 -0.491198880073768 -0.808451569422092
 -0.734434667754775 0.618088405527833 -0.280307762561072
 -0.220131034972914 0.170829723415636 -0.96039550865229
 -0.122982179049253 0.657875442725522 -0.743017688547854
 -0.714392078124131 -0.520080446004688 -0.468145584617702
 -0.980443227785061 -0.00225864895819804 -0.196789165340206
 -0.0730696104700341 0.133473675778191 -0.988355001960336
 0.415838226968703 0.223423581937072 -0.881567054753031
 -0.189455889922536 -0.924087803492734 0.331915949013655
 -0.34318003971269 0.412614426954152 -0.843787174003074
 0.345187395053381 0.296305967798731 -0.890532669666374
 -0.526987552530304 -0.134754908014438 -0.839121704071668
 0.14140064584786 -0.732325163197993 0.666112387439868
 -0.327535610461734 -0.900606776269921 0.285705894962215
 -0.299498463097884 0.444739519446821 -0.844101552210524
 0.148515170272073 -0.791897917757058 -0.592318269219423
 0.147525784797858 -0.566263049679059 -0.810914484633212
 0.282546340623646 -0.303526067930554 -0.909966752956834
 0.387883733708489 -0.906817226077367 0.165011295412502
 0.0534188394922748 -0.992046568179385 -0.113973830991173
 -0.571521039705218 0.762625773082559 0.302928426207406
 -0.0705204767115078 -0.950440538821368 0.302802979723335
 -0.960626179380247 -0.258155171871565 -0.102729015985124
 -0.441329964868088 -0.0929474203547225 -0.89251814500263
 0.0831389165354424 0.049997671480289 -0.995282951428317
 -0.0747906834105038 -0.822987470432111 -0.56311453292092
 0.181616307668468 0.510048047114889 -0.840753534885914
 0.0286936210214941 -0.742007523832331 -0.669777209741335
 -0.267468175251897 -0.628085334698309 -0.730732226991758
 -0.999577308469014 0.0288069922682464 -0.00391938646979662
 0.618068828486784 0.430897130888969 -0.657509380803521
 -0.0374358955619673 -0.174150738971771 -0.984007151314999
 -0.37116085413771 -0.877375956235222 0.304057645482063
 0.0869148478139804 0.381245897399441 -0.920378930085629
 0.174421668626181 -0.712916172229016 -0.679211022354604
 -0.992170572216515 0.104263032359818 -0.068751550605707
 -0.0388815944838149 -0.0902989208613496 -0.995155428313423
 0.62021798313403 0.619078499966377 -0.481737962253897
 0.134445648585907 0.0843170275888205 -0.987327203329728
 -0.0668434534609647 -0.857052000906342 -0.510875543035529
 -0.176800693105389 -0.726632445433481 -0.663887644229664
 -0.229747453844671 0.146102496276777 -0.962221475562454
 -0.207411194317457 -0.395550282405356 -0.894718151464946
 0.579687679854265 -0.355966170963966 -0.73297358680544
 -0.751527149242604 0.334113944629546 -0.568836370105998
 -0.0782117416437873 0.185647761305922 -0.979498765793579
 -0.86711073834394 -0.487587075085907 -0.101871544887656
 0.217424826828462 -0.93455018780068 -0.281677814462422
 -0.940039249240791 -0.298599979176098 -0.164815843664509
 -0.487042172059718 -0.36068162275752 -0.79542359132751
 -0.999324000127689 0.0289811922953478 0.0226193117033781
 0.771696640148648 0.332039940649943 -0.542433197174059
 -0.265430354627121 -0.947925139750868 -0.176024589960657
 0.312792358843949 -0.353887896747706 -0.881433092630589
 0.0343646829021071 -0.94624160450124 0.321630058421096
 0.323214858219915 -0.444828929910093 -0.835260066411008
 -0.888675216475128 0.435881623250418 0.142350167318007
 -0.983615942995384 0.0695846365501042 0.1663059080174
 -0.19728926328864 0.136148418198195 -0.970845278514118
 -0.014041594466776 -0.623075731954461 0.782035463309845
 -0.0870823036435682 -0.253550068395606 -0.96339453766809
 0.822057201076002 -0.34223832481758 -0.455076792624218
 -0.221203658750765 -0.479565164264843 -0.849167942505433
 0.789362180001991 0.228113792768031 -0.569974952372021
 -0.354638649443522 -0.226240455244793 -0.90721920434452
 -0.918007083451546 -0.39601161328699 0.0209235961206966
 -0.115926063967354 -0.432150283493924 -0.894319450850287
 -0.607666911886117 0.603820746797432 -0.515888970550623
 -0.992969112026642 0.11650743575764 0.0209370478864835
 -0.110408214845088 -0.915114804758953 -0.387782052454344
 -0.254699315292361 -0.960294146554303 0.113856975557698
 -0.167831897776832 0.19875134154725 -0.965572554664742
 -0.208824953825145 -0.950298439118958 -0.230922097833877
 0.0298006340347737 -0.102319281513398 -0.994305127635228
 -0.554964006808197 -0.181991815586881 -0.811722816118151
 -0.122358583482488 -0.775614463048143 0.619233866773047
 0.440024214505327 -0.869163391304371 0.225684934954141
 -0.939194561116746 0.264670342737994 0.218776566486623
 -0.459780863912195 0.376457526984854 -0.804289305882282
 -0.992085318379137 0.0449263799689964 -0.117253321656348
 -0.317516058073837 0.288519018344997 -0.903294154148299
 0.140311278734735 0.184959232605816 -0.97267817253894
 0.0545420603916778 -0.954776934666784 0.292277554178438
 0.215648106209279 0.0525329270536127 -0.975057016724423
 -0.707186983796313 -0.636396904571706 0.308034981456043
 -0.42422448705434 -0.0299248379175146 -0.905062477765537
 -0.243779956156299 -0.434773835919284 -0.866915823235719
 0.698586972454537 -0.71426455007321 -0.0424546160684541
 -0.146568882142421 -0.879554712707657 0.452659993970388
 -0.33416578811026 -0.922265455118524 0.194318440585731
 -0.800575047812468 -0.173189648818987 -0.573659252833963
 -0.995015760144686 -0.0978826022833132 -0.0190429313379105
 0.251355421062303 -0.934957526387722 0.250349507995411
 -0.636612954736792 0.0832805385970995 0.766673527488897
 -0.180853488958219 0.425320272645505 -0.886788972195974
 -0.88724407434754 -0.375875864157677 0.267423423205403
 -0.479504417162712 0.350598931666423 -0.804460007107756
 -0.475283629068743 -0.413778484526968 -0.776461742574489
 0.369252629929972 0.277753196512898 -0.886851541756943
 -0.709234901420086 -0.226950341511279 -0.667442429798672
 -0.365637692468019 -0.111824844457274 -0.924015303990561
 -0.448626840592983 0.350078001325623 -0.822301253122854
 -0.811693475340287 0.153201049772378 -0.563633870911471
 -0.558051270818055 0.774773553196085 -0.297161101771861
 0.0456833785397329 0.81243057696923 -0.581265504335703
 0.141610205738257 -0.965765148786483 -0.217357371672071
 -0.979979024837876 0.187645849969705 -0.0665593409443929
 -0.746572141305497 -0.63525927077424 0.197675736300402
 -0.588364628925829 -0.282900823775877 -0.757492037803634
 0.241236543622718 0.0917368448802612 -0.966120738475466
 -0.959058976121557 -0.252987977446474 -0.127290862155195
 0.0875224243011887 0.326486346311971 -0.941141057927186
 -0.227187440969083 -0.820741422969981 0.524184493558452
 -0.839711949927264 -0.493480492824788 0.226629310440544
 -0.870102436086533 -0.418258589154038 0.260732628021799
 0.0292845182280695 -0.874876853055135 -0.483459314710653
 0.123688333592033 -0.790996090199479 -0.599188101869826
 0.206396341754261 0.384550371323892 -0.899734161864
 -0.11688552777931 0.507258284085181 -0.853830666246364
 -0.0507240831297227 0.424482011840498 -0.90401442964949
 -0.998449713527098 0.0422659866767229 -0.03621817123903
 -0.978949368941186 0.190161121202551 -0.0741409538152995
 -0.350107182842356 0.935043090730917 0.0558514010438624
 0.175690206515454 -0.984445478148032 -0.000227790364564989
 -0.194602560015279 -0.97728186500022 0.0839642779829165
 -0.926822521913187 -0.204778003129899 0.314747489757442
 -0.861362077644668 -0.503867226096357 -0.0646002295787269
 -0.0945833515721702 0.133950119909712 -0.98646406674625
 0.362798636566319 -0.931011047961823 0.0399446852365576
 -0.991394717006293 -0.0101380177291158 -0.130513354445195
 0.120434952730044 -0.859946537128066 -0.495971143759755
 -0.40705086320258 0.149439765987334 -0.901097858785429
 -0.78143429033083 -0.0370767387914494 -0.622885033802983
 -0.0451606173422288 0.165670412119313 -0.985146604922073
 -0.362527996704714 0.00669835149425371 -0.931948809588019
 -0.115430949820421 -0.988005312395016 -0.102572893606369
 -0.839269256941617 -0.193624820764981 -0.508071395707724
 -0.956923138562636 0.284101590636637 -0.0598698010783955
 -0.13574948393495 0.305286928344962 -0.942534863542507
 -0.846061174615941 -0.500707522836487 0.182954817871634
 -0.100914918830006 0.469989274725526 -0.876884405609147
 0.237728847462658 -0.780911738454248 0.577634704487568
 -0.0629214167691128 -0.994666236517931 -0.0817311032779024
 -0.617191664298646 -0.408523323175161 -0.672445643856952
 -0.587509059051394 0.368894519634462 -0.720242972139406
 -0.994096880063824 0.108482694407488 -0.00170236936718161
 -0.899052390129443 -0.437268437814528 0.0223855554717324
 0.583879928546834 -0.736815116076186 0.340863189214943
 0.271535683050479 -0.402758533353139 -0.874101788490069
 -0.965991268008023 -0.258398268009949 0.0095501424968319
 -0.261164999322942 0.336431070338849 -0.904769019164176
 -0.693233054773922 0.520386723676315 0.498623695375829
 -0.729733794184638 0.0315657968184624 -0.68300233535187
 -0.525729694636227 0.0412919848486677 -0.849648904056821
 0.0018531391175804 -0.884655955629971 -0.466240716844673
 -0.845449514786092 -0.530142353722359 -0.0645306341025624
 -0.541677687207074 0.268556592307623 0.796531631456098
 -0.154597573810328 0.280230331095015 -0.947402001109528
 0.390869583339473 0.0739965910019189 -0.917466878606591
 0.226124083312265 -0.939712013319465 -0.256533099169025
 0.832678852059109 0.269422220814794 -0.483794994046806
 0.0381710554671863 -0.652215190548106 -0.757072199821668
 -0.320413617480441 0.321332323010981 -0.891112031072112
 -0.46948665304258 -0.03576312756492 -0.882214985885896
 -0.492946521549344 0.0558193793508939 -0.868267196075772
 -0.94203787769299 0.233821400648212 0.24060795828608
 0.217683385465879 0.196269800925839 -0.956081643447172
 -0.371083053500526 -0.0664760403854908 -0.926217201016798
 -0.549992581347202 -0.326859202798401 -0.768551378899964
 -0.190492549995629 -0.045735436217685 -0.98062268904515
 -0.527093140843053 0.322334256956746 -0.786303661232954
 -0.926313722288733 -0.359620978114187 0.112319366094136
 -0.979052631730573 -0.0550864114734466 0.19601385556235
 0.402067288540844 0.290683308089886 -0.868242540931585
 0.385062555601568 0.000637325609186078 -0.922890254629258
 -0.573416721050399 0.153361349594527 -0.804781684974474
 -0.70559239377936 -0.174150186662655 -0.686885060491255
 0.0682260097494697 0.956631542531345 -0.283198346442498
 -0.34959810674427 0.114214544305495 -0.929911932190307
 -0.743181354010268 -0.440594131728401 0.503545714049838
 0.454010652578215 -0.387938292091824 -0.80210860167086
 -0.841132852181309 -0.179510702495766 0.510168043560955
 -0.659317145721069 -0.653271324142944 0.37220623102085
 0.352531902396604 0.18173933734311 -0.917982609342203
 -0.0313865338595796 -0.614456245606263 -0.788326333270517
 -0.133447795489546 0.0236942938127264 -0.990772560338495
 -0.395536894820508 0.171963213786377 -0.902207968231278
 -0.536003905186625 -0.285237369610979 -0.794568723649564
 -0.849765619616878 0.2785696686797 -0.447545898661607
 -0.133669988512049 0.234159162314546 -0.962965119241263
 -0.912797300770138 -0.40790431595303 0.020375395300239
 0.173447049561161 -0.926363007449837 0.334316765100138
 -0.0251638193471971 0.362787745331305 -0.931531982292229
 -0.355333283504172 -0.491389103020392 -0.795157221602721
 -0.542944732308177 -0.139352060525256 -0.828125606949917
 -0.749016600793706 -0.234456008167855 -0.619680975962177
 0.462843191932388 -0.821032972228629 0.334187130505146
 0.0439929412937587 -0.408238826310528 -0.91181449967026
 0.705904693564806 -0.670883121861215 -0.227188028744753
 -0.933637506085889 -0.356141337175935 -0.0385273303546825
 -0.989857252214713 0.0644778976776959 0.126590761704808
 0.252019104403335 0.197393226090989 -0.947376527738118
 -0.87339267161353 0.446986699289195 0.193360109201281
 -0.948428411553609 -0.302755824693373 -0.0939279445752625
 0.138326353592757 0.0223988809599967 -0.990133379920843
 0.137026843468177 -0.984703276931284 0.107624813913612
 -0.111088862350445 -0.23917399703308 -0.964600986835958
 0.496401113484468 -0.868083690536525 -0.00407930825841221
 0.0568215015621552 0.313522088942776 -0.947879326024774
 -0.160481294814787 0.418429930114802 -0.893958694570779
 0.277083650769765 0.0817008850471252 -0.957365978013954
 -0.712720909879557 0.470481661114017 -0.52026523156545
 -0.984602827067737 0.0350251461430945 -0.171261531196807
 -0.0635268688935035 0.491760259903732 -0.868410147170104
 -0.353930613911153 0.247776518232005 -0.901853600951562
 -0.411406164425681 -0.852364760200709 0.32283011544857
 -0.967376231071924 0.103141396688987 -0.231398098190377
 0.141615945650989 0.835690278501557 -0.530628572878777
 -0.209481933690306 0.210555101285093 -0.954873744942332
 -0.115818335846957 -0.993011069570874 0.0226964488709413
 -0.347248843391165 -0.921719022675208 0.172778135197012
 0.318236111918209 -0.905315753901981 0.28129906293493
 -0.176662428377142 0.0986923614341715 -0.97931108652687
 -0.28677190941909 0.256967722691411 -0.922891901287967
 -0.705246897845931 -0.445516183961554 -0.551490836648285
 -0.110138138329732 -0.117168633751114 -0.986985867046818
 -0.940687109474573 -0.135270466863377 -0.311142512143449
 -0.180004165109843 -0.530034577851157 -0.828650618068468
 -0.354792911649161 -0.178784606559406 -0.917691698938652
 0.0146796944681708 0.381245046876667 -0.924357463756489
 -0.386330811579669 0.0663005709162724 -0.919974313945977
 -0.256536108069407 -0.18093922994704 -0.949447323616626
 -0.913970484335492 0.014672045348437 0.405515332446062
 -0.976495010742791 0.127234997495236 -0.173979163714575
 0.497688479002462 0.675771515979635 -0.543726986693507
 -0.939753896098765 -0.341389004705577 0.0177809514179438
 -0.994162817565151 0.0534651410260729 0.093711103216116
 -0.878897461369051 0.422753859360822 -0.220948923497189
 -0.851787089964007 -0.110608795047206 0.512078556306406
 -0.961545271602404 -0.122580650023345 -0.245773625311817
 -0.0681854435816071 -0.962272297889824 0.263406093318695
 0.492896456217758 -0.85848121197903 0.141644244948363
 -0.890940351169858 -0.442635751536363 0.101483408097919
 0.057417946740873 0.130359865552949 -0.989802750473588
 -0.00586186779458058 -0.772295192744653 0.635236785592159
 0.672873441032106 -0.683441032408944 0.283107201556956
 -0.0763968676577604 -0.972804927356418 -0.218664336193988
 -0.362750836007664 0.365029865663139 -0.85741765094363
 -0.959817815683779 -0.176245271539727 -0.218374368816277
 0.267454975754926 0.0263641413347145 -0.963209617889904
 0.0125348872211741 -0.776202124474373 -0.630359531191385
 -0.957377969481614 -0.120514219972568 -0.262495231072234
 -0.190399573356917 -0.122552744907513 -0.974027118298632
 -0.659204175911339 -0.129580001697705 -0.740715112321246
 -0.000551771595766522 -0.998887301864859 -0.0471577535644771
 -0.992665658465108 -0.106982769329204 -0.0562990015070285
 -0.947564819393553 -0.15719077132045 -0.278230074685223
 -0.681148065049514 0.480144306130028 -0.552719421379615
 -0.433520585765082 0.0552527026802778 -0.899448186703617
 0.00811756132953516 0.718297513871855 -0.695688713983182
 -0.740028171046352 0.353400126623094 0.572247024073147
 -0.806000710766034 -0.386899621097543 0.44796376799829
 -0.50653277474359 0.113588509931369 -0.854705913470903
 -0.0738545166009763 0.360830375675532 -0.929702613940334
 0.306013228940126 0.544528067945212 -0.780925788364997
 0.297451137585585 -0.30016597118681 -0.906324009662395
 -0.064780783921486 -0.432744910619737 -0.899185905342846
 0.139463873934395 0.548475488539464 -0.824454041374416
 0.0771095014943559 0.493697728527736 -0.866208218401237
 -0.390303234220715 0.426131567136725 -0.816134347302237
 -0.95883134549803 0.17259987271662 0.225503292278945
 -0.987200960471004 0.0921430346937923 -0.130168831916653
 -0.739162036493364 0.515485126684346 -0.433491139441405
 0.20512858184318 -0.978265563586638 0.030310922313969
 -0.935292915882436 0.353505948727772 -0.0161463839359812
 -0.680033295534553 -0.070829442654462 -0.729751948964628
 -0.90603974576161 0.418129933594281 -0.0652636018978328
 0.100592860404306 -0.987896240984517 0.118076642416444
 -0.183849233669052 0.357843510769944 -0.915503949242789
 0.142405372982742 -0.980153513541064 -0.137912289658152
 -0.827419079687312 0.446327760788319 -0.340836025852736
 -0.776969311347387 0.152715715620728 -0.610734475387477
 -0.169474575346393 -0.49063897610326 -0.854723208670213
 -0.978744908295865 -0.201035511174326 -0.0405355119838901
 -0.512772044960928 -0.485135703507519 -0.708313616337321
 0.774338362368639 -0.048973238644678 -0.630873776964065
 0.473542106380296 -0.716207976432333 -0.512644133858581
 -0.055598790596448 0.140998204255639 -0.988447409264093
 0.802516387248182 -0.581402858109163 -0.133933434140334
 -0.991573171995321 0.128963009727491 -0.0122958001433522
 -0.262197220200954 -0.960307729209038 -0.0951928723186395
 -0.0512215260592718 -0.872863814075449 -0.485268088118125
 -0.959259608183348 -0.025599616927705 -0.281363934648853
 -0.807970257899974 0.326661565040222 -0.490383813226459
 0.0571131724469399 0.713164129876923 -0.698666593870022
 -0.988733237878596 -0.123726034893993 0.0842523151226025
 -0.958409746923943 0.0123461843315526 0.285128617879082
 -0.991758468846162 0.115725979801643 0.0549785146295006
 -0.0162899569492512 -0.966525663163947 0.256052298853347
 -0.263141709362243 -0.362995706857717 -0.893862717421856
 -0.913381225569323 -0.350637066425946 0.206853533751997
 -0.929865153189797 -0.135662420116036 -0.341974421048672
 -0.121887430025397 -0.233281255189634 -0.964740022171234
 -0.346416680000993 0.293146351495394 -0.891100836281747
 -0.947254985230897 -0.209204061288365 -0.242779022355036
 -0.0752392689042665 0.852105248501748 -0.517934067126817
 -0.989355608124547 -0.0736843265250534 -0.125483467823684
 -0.174440204598478 0.0330095513932876 -0.984114314770624
 -0.0314539176910126 -0.885104367012554 -0.464328451160591
 -0.341899218960021 -0.0504357855767875 -0.938382201241999
 -0.033228050595683 -0.94859661011654 -0.3147385707679
 -0.954287941295967 0.137088135654798 -0.265596250274352
 -0.0170050650149245 -0.991651084483764 0.127823919537826
 -0.013443112999917 -0.933242215329717 0.35899617022937
 -0.41479767986411 -0.905323128190914 0.0912848198879172
 -0.945637819503098 -0.279778950210139 -0.165809690141251
 -0.983829969011423 -0.170054665416459 -0.0562139025960587
 -0.877322674507088 0.140372792780009 0.458912196223712
 -0.285861891652129 0.0428443054961376 -0.957312563579743
 0.33950589026346 -0.223796546917565 -0.913592281088336
 -0.798935730185078 0.144278891184176 0.583853834955549
 -0.824096976079359 0.513955712921348 -0.238146381816659
 -0.96848220565995 -0.238343775347542 0.072349582397677
 -0.173632759225362 0.425661306699974 -0.888067630815502
 -0.451084787312457 -0.223715436723899 -0.863987220985768
 0.0541101845729942 -0.290689884457799 -0.955286071812726
 0.307287916061755 -0.561390043248658 -0.768384900934222
 -0.717691743850489 0.641861924247555 0.270058939881779
 0.188321422542962 0.593473451407069 -0.782511536200187
 -0.943467046243613 0.0843000512981122 0.320567362661093
 -0.0530457630215369 -0.814352582995126 0.577941188698841
 0.111310451935871 -0.916332683271936 -0.384635407701222
 -0.507027128167962 -0.733348203469087 -0.452906065062515
 0.359659589388441 -0.841352660982749 -0.403448484466338
 -0.793403320331887 -0.461498821338377 -0.396900502884068
 -0.0757275068224776 0.923171154723232 -0.376855892613379
 0.216846281935166 -0.940807676257813 -0.260496845096573
 0.562525450035005 -0.82667180811387 0.0133730973472966
 0.275256966666488 -0.961362280479743 -0.00402094172439852
 0.302599327935204 -0.880981136867379 0.363738756825586
 -0.0082807662492014 0.00509478356581435 -0.999952734928378
 -0.0434771399396186 0.502655316300988 -0.863392941421822
 -0.313774279314315 -0.269586353894662 -0.910422374194837
 0.637490962999144 -0.556542621630182 0.532790373790132
 -0.979771431198971 0.117997745290594 -0.161630673798803
 -0.0122371582298801 0.697695232586581 -0.716290174708835
 0.0120736663342156 -0.999859675842983 -0.0116127173570288
 0.519819335848942 0.105943259084839 -0.847681475515448
 -0.15270120181025 -0.920861806479536 -0.358742074940968
 -0.995123924308537 0.0315558796359593 -0.0934483907254606
 -0.219143045104947 -0.97053946173875 -0.100147286483399
 0.517250836293186 0.305256002350651 -0.799543835810707
 0.287193014083856 -0.886460083301046 -0.362916923517398
 0.251482437103961 0.334140237872453 -0.908353942724307
 -0.918690431609651 -0.00377535165114388 -0.394960298750118
 -0.30873118166665 0.398660268926443 -0.863571101558065
 0.317411640098475 -0.0215894963463296 -0.948042058337871
 -0.229864800554285 -0.963217827934983 0.139189042005299
 0.172480507565941 -0.0978101634140631 -0.980144706889095
 -0.979111629190347 -0.180731937552853 -0.0931471112413932
 -0.455379523851493 -0.876395726972125 0.156716364818063
 -0.741873216055461 0.0217497779613928 -0.670187345790831
 -0.897151481716276 -0.409596976132596 0.165376951227564
 -0.708324357715873 0.580227021968345 0.402011451633087
 -0.979418410072677 0.201684179761369 0.00794163992467726
 0.360093992209805 -0.931947344434888 -0.0425025172803482
 -0.914986698319337 0.403324021886187 0.0113611297074123
 -0.959599373391513 -0.0411743081942409 -0.278341011946392
 -0.163249985487722 -0.461937343770927 -0.87175875829734
 0.0200861454949146 0.237493166080674 -0.971181518988152
 0.532819905864982 0.00258018188958012 -0.846224728175352
 0.273848640140078 -0.95692390424738 0.0964549831443782
 0.161581813138689 -0.901037470663707 -0.402520551180637
 0.737144661047388 0.284047016541666 -0.613135418225949
 -0.651995951800786 -0.155471061333955 -0.742111870221115
 0.149593252025785 -0.711676612243504 0.686395118378591
 -0.0355193426185549 -0.973114336818854 -0.227567273081056
 -0.992125424021962 0.069292162152532 0.104334746242414
 -0.547944091747225 0.139151074475506 -0.824860140139903
 -0.867362351117453 0.459068456182088 -0.192194444255288
 0.178170410418372 -0.100963115579946 -0.978806290408751
 -0.00971636922191817 0.22412286030028 -0.974512460494972
 -0.160634326787759 0.157663628133874 -0.974340183622285
 -0.225378347634828 -0.96531784144499 -0.131780368057538
 -0.306902601908569 -0.549841377043287 -0.776843132834997
 0.0532190337141725 -0.95035848109472 -0.30657216419934
 -0.84905881711884 0.136181035083206 -0.510444757791108
 -0.301971790860741 0.337101054634476 -0.89172636861802
 -0.246492548266142 0.0171380361854109 -0.96899314309492
 0.29092221678922 -0.925778304397563 0.241451433802366
 -0.493214567015221 0.643911913791854 -0.58490754667802
 -0.335469080201738 -0.865204312087789 0.372668746440182
 -0.107384501911759 -0.802761170263394 -0.586551849597722
 -0.946283033734213 0.287258414244234 0.148428513139024
 0.303985433582838 0.550382249881476 -0.7776067355578
 -0.959489808841124 0.163649566655715 -0.229342813411319
 0.215313220731674 -0.786344990913558 -0.579052477970098
 -0.510482368698759 0.0521742623213763 -0.858303907482032
 0.630990630142279 0.290409402995787 -0.719383905383127
 -0.963524040344926 0.155786586238362 0.217605062499901
 -0.940592842817996 0.277789017244009 -0.195239253067022
 -0.633335676022017 -0.0427059911995786 0.77269794861472
 0.865158094724729 -0.463664304101977 -0.191093914696167
 0.122161816579081 0.34509190357236 -0.930584799284248
 -0.976552733129361 -0.00979561896049234 -0.215055353959757
 0.136405911756919 -0.931639421403641 0.33681065262912
 -0.942011485182126 0.299395948384353 0.151579773967369
 -0.839917101988858 0.290333463598155 0.458525617279708
 -0.889722381410188 -0.233085563268343 -0.392511406475867
 0.315831646369593 -0.314675381281478 -0.895114392447596
 -0.994926855059747 -0.0547451991609368 0.0844009256451001
 -0.476787887375285 -0.138043546839976 -0.868111334811412
 0.189411786879624 -0.949921854561559 0.248539021518546
 -0.191475767129308 -0.920999821185596 -0.339258544444119
 -0.752634485739367 -0.282397222268307 0.5948051275258
 -0.959229495092258 -0.281408107640632 0.0262345706877472
 -0.953041782574922 0.00432102796960797 -0.30280800746298
 -0.179063827967031 0.129498184166156 -0.975277583978768
 -0.951856069822887 0.278461131128682 -0.128177302171103
 -0.051070810252851 -0.652594853129332 -0.755983948248389
 -0.467794787575032 0.553945564594513 -0.688703381858763
 0.054269031608785 -0.954566013205483 -0.29301637947602
 -0.292635036207648 0.864057911143573 -0.409595729682273
 0.432139967705832 -0.10265622532579 -0.895944611967204
 0.0301479582729936 -0.104696454508751 -0.994047158350783
 -0.919236591578273 -0.261798405079152 -0.294050478322296
 -0.495428284909971 0.244285312382682 -0.83359192694343
 0.150804599879066 0.0362404291503442 -0.987899085914302
 -0.225787297145818 -0.973754177764382 -0.028686194135835
 0.0530804233962334 0.0847623600847086 -0.994986337074508
 -0.42423909483665 0.292283483709031 -0.857083167238216
 0.445818093102031 -0.73586509743544 -0.509655556468483
 -0.986821629263306 0.089594690751164 -0.134743695241436
 0.589971652232787 -0.640513693464746 -0.491605185129149
 -0.210144047312696 0.153376931302378 -0.965564599767051
 0.302613713672051 -0.951191054165105 0.0605022212310132
 0.502589625673019 0.0579608663418323 -0.86257997086575
 -0.992588881624569 -0.106656170144807 0.0582389341019358
 0.0226681925771636 0.041495518986069 -0.998881511966941
 -0.998746608575407 0.0221907018940203 0.0448640681233135
 0.395069304989715 0.290499984424596 -0.871510185427717
 -0.977420495601751 -0.0885259763798714 0.191865385840223
 -0.949550691408682 -0.301919396712584 -0.0848419845006241
 -0.346567164677582 -0.0221263773809082 -0.937764162138509
 -0.713240798811674 0.339279083136213 -0.613332916658429
 0.0473004555579707 -0.898181232934169 0.437073380233645
 -0.869059006811787 0.492034919974826 -0.0513622449341629
 -0.151484945089794 -0.562510136995691 -0.81279435110502
 0.414576320713437 0.607282618760029 -0.677742056578807
 -0.849118331708041 -0.453280477354706 -0.271173132161804
 -0.479039058683175 0.232417669473068 -0.846465360881735
 0.164399970217818 -0.240933541830764 -0.9565164286165
 -0.875955408484698 0.0648422403549897 -0.47801423222761
 0.184875468237146 -0.977797875434295 -0.0986528055367683
 0.0431518701811155 -0.995680192844723 -0.0822123450375115
 -0.162578112035913 -0.970558743195006 0.177719114038332
 0.712385344439792 -0.655945933704694 0.249483572773192
 0.628800445043799 -0.692173542581321 -0.354267959690323
 -0.0292411716481461 0.528938962731717 -0.848155957112216
 -0.692522694283522 0.0363057263799156 -0.720481930470375
 0.101535483217808 0.431384201460118 -0.896436398401104
 -0.22848104200501 0.375024990166319 -0.898416757521284
 -0.0706295988655832 -0.814987506280988 -0.575158086416233
 0.293175095861645 -0.616180669938538 -0.73100598161753
 0.359433863611806 0.14110611700207 -0.922440437878613
 -0.823964917183458 0.255932433014671 -0.505549606845903
 0.205195545967107 0.281346916540798 -0.937410635990571
 -0.994625488157126 0.0151000431095102 -0.102431084180001
 -0.788786637548833 0.558403070208364 0.256907865987555
 -0.374559532922152 0.665649084798947 -0.645458327240003
 0.104572008054619 -0.138869668284862 -0.984774040255874
 -0.542852961368057 0.126447294909232 -0.830254023744581
 -0.939268086906366 0.134840843604183 0.315584232520205
 -0.451308255393351 -0.892210261555183 -0.0167841529259683
 -0.371438374758369 0.417576194233402 -0.829254879856857
 -0.527520057479469 -0.225086709370765 -0.819181641775192
 -0.357531374469839 0.66075089681849 -0.659984521502792
 -0.948479842212247 -0.188183763194889 0.254897744569938
 -0.541013559371174 -0.800753706370486 0.257094983051911
 -0.589127408867996 -0.621386508961124 -0.516534318900099
 0.306758524985469 -0.782309509627289 -0.542117181516552
 -0.299336906981461 -0.945809015212813 0.125867878590772
 0.759185666625038 0.126220467340224 -0.638518219955791
 -0.337997119546249 -0.463808347171059 -0.818925982169872
 -0.251893049687593 0.0997157560602823 -0.962604103207757
 0.116974622225439 -0.97573304174888 -0.18509988923469
 -0.501033644697564 -0.865005590513406 0.0270298957014047
 -0.995163979137005 0.0083030393858043 0.0978760142484377
 -0.261201566164066 -0.423087739278794 -0.867623482108108
 -0.88055470806559 0.437504621790166 0.182244648798717
 0.011421552991252 0.271825818356507 -0.962278687596314
 -0.834718036787945 0.52965096650486 -0.150717128228169
 -0.779605114845193 -0.572003641156791 -0.255005292907005
 -0.52584250819489 -0.33782161803369 -0.780619120291328
 -0.93231485780739 0.101350978155703 -0.347155563311994
 -0.972164623162062 0.233498593743304 -0.0193481831722036
 0.954019490444658 -0.211301664823418 -0.212599196363878
 -0.866218561255972 -0.103597353805304 -0.488807725409668
 -0.970755914551979 0.200795334062684 0.131583388697079
 -0.760334559614786 -0.0432767167178765 -0.648088329817403
 0.0460349151064946 0.485752583832715 -0.87288327621222
 -0.420851857563385 0.298242764861466 -0.856700045052664
 -0.714046195145423 -0.63259063180167 -0.299945201253675
 0.02084709512989 -0.993321591465039 0.113479577695762
 0.00110432417913312 -0.977073607914 -0.212898908372089
 0.143602316885655 -0.969138050958799 -0.200374181891912
 -0.986511192618886 0.00166711837297511 -0.16368533090657
 0.342030691838784 0.487449737454338 -0.803372739950753
 -0.230908108417248 0.220965463378642 -0.947552483750125
 0.462529167879171 0.446866393480732 -0.765752698485957
 -0.0573747424477329 -0.446128045859741 -0.893128157447981
 -0.26586866800417 -0.253508524524366 -0.93007917908486
 0.829168574151775 -0.091423293544838 -0.55147190049587
 -0.187417495064983 -0.283693614525503 -0.940421509548257
 -0.115723678504259 -0.183341461961576 -0.976214084388888
 0.183347746625336 0.463585084230365 -0.866875119891289
 -0.915155596760812 0.391807798648375 0.0947464122575369
 0.170702434767394 0.373741317034254 -0.911689698694674
 0.246609335134993 0.895139712749247 -0.371360647462103
 0.0225179128430791 -0.133943876685845 -0.990733052592654
 0.0222578555154855 0.526413975999957 -0.849937005747937
 -0.526932878012695 -0.48867997538072 -0.695365820076855
 0.118380884632615 -0.980277572157751 -0.158246161653626
 -0.785868224006205 0.456473160317597 -0.417185076922699
 -0.873761465906237 -0.407878291127883 0.264907909138216
 0.0613191455544735 0.029932819666775 -0.997669278215615
 -0.687379328321254 -0.521709373727502 -0.505300888937947
 -0.65241091793523 0.477727030899379 -0.588333985170816
 -0.941991177361713 0.314443923991575 -0.117378194045886
 -0.442718514293373 0.774052986926975 -0.452595062424788
 -0.0742646649971909 -0.805585496045603 -0.587806743831521
 -0.180522762269484 0.0470667785937731 -0.982444019094931
 0.559191737714687 -0.829030906511239 0.00351518431694176
 -0.218692110195014 0.196762931124892 -0.955750024783465
 -0.156552045408092 0.22709264686477 -0.961207775051001
 -0.607014377773716 -0.295629479295247 -0.73765625880054
 -0.891716969725068 0.160035887041025 0.423354887491964
 0.341619877975598 -0.917551624267131 0.203457307012274
 -0.402226688217028 -0.874511618805312 -0.271003911153462
 -0.334158519717278 0.488056692340183 -0.806311818567927
 -0.143106968619375 -0.519885942174705 -0.842163287410282
 -0.734755588220971 0.0606783704187054 -0.675612581988661
 -0.0705832965604694 -0.655272535831757 -0.752087695705279
 -0.0170748955618195 -0.897289025947077 0.441113196194014
 -0.854849796033834 -0.389736554320884 -0.342545244379479
 -0.189022363303216 -0.949515273043651 -0.250382292561011
 -0.977416109543713 -0.184445958197637 -0.103137952805876
 -0.986873761179203 0.116162347333024 0.112189520714263
 -0.389318908212786 0.0972776036995011 -0.915951884940736
 0.0451813234682995 0.0926905728929751 -0.994669344911376
 -0.630870936115347 0.172907126516824 -0.756376220914328
 -0.424538353167618 0.262723991977205 -0.866454436614695
 -0.626669645623851 0.767281635701071 0.136249942273626
 -0.956637405374543 -0.136152803491765 0.257502016962186
 0.247232759224057 -0.962360103817199 -0.112867149106411
 -0.923887032496145 -0.14658516235943 -0.353476366057941
 -0.192186181745413 0.51813315765944 -0.833428162759081
 -0.140186293526539 0.38548958185973 -0.912000869179905
 0.300688240816849 0.0606055657610297 -0.951794908177836
 -0.556789131416301 0.0196268535240578 -0.8304219709024
 -0.293641888740527 -0.955100088126646 -0.0394748380284208
 -0.502100129920176 -0.164550135264835 -0.849010431336663
 0.0863812471531857 0.246971149337792 -0.965165028135101
 -0.184346819606119 0.355932461356708 -0.916148641353392
 -0.901886662295733 0.0789390651828391 -0.424698801930406
 -0.786277793875247 0.589425988237356 0.185321977242558
 -0.785388714997749 0.112550738177567 -0.608684563374059
 0.20297027784264 0.161398461156277 -0.965791697546043
 0.712971104395356 0.172902624851821 -0.679541673936645
 -0.951192187699454 0.0823335250482633 0.297413201981105
 0.13541971719993 -0.964427800458351 0.227025368398686
 -0.946005554773875 0.0919458888979961 0.310836683568286
 -0.507015968236855 -0.857155343030491 -0.0906616008413985
 0.329255155869761 0.0746104248193967 -0.941288652243003
 -0.94372576272382 0.11393409361019 0.31048463260614
 -0.899130441716235 0.43695854014454 0.0251333040788657
 0.864476067994034 -0.394766884010719 -0.311191637345933
 0.0713201074775358 -0.987472369162772 -0.140754262491245
 -0.952157789957126 -0.268159305489161 0.146581478719286
 -0.100272292581422 -0.0558867363606474 -0.993389218805711
 -0.136360021199829 0.274428310865524 -0.951890249353295
 -0.950790266897691 -0.0256353816987127 -0.308772886727087
 -0.928561463779378 0.00250106354152806 -0.371170247548291
 0.177166409757759 -0.863002058897535 0.473116803328904
 0.00122345990049069 0.112889748403371 -0.993606767212913
 -0.546809716243711 0.433489960275485 -0.716299929192954
 -0.563813192695097 -0.070518347149385 -0.822886290114424
 -0.947065547590922 0.252703871266892 0.198009095783588
 0.602857852749685 -0.738095662978069 -0.302947522965617
 0.185656417016528 -0.978282729139592 -0.092166136339641
 -0.729786015331643 0.285830450391256 0.621058230325864
 0.489922590864282 -0.340637372362021 -0.802459989975281
 0.41289299731946 -0.910369037206428 -0.0273420712528321
 0.156491175859138 -0.941072051676367 -0.299823123577649
 0.279270764007217 0.256098172508232 -0.925430476269703
 0.12699472751503 -0.160840506056662 -0.978776108614641
 -0.735567043214879 0.244393849718575 -0.63183286647329
 -0.064258845514293 -0.615209795416489 -0.785740229590399
 -0.243592164189551 0.53330329329919 -0.810092868072352
 -0.663466960122033 -0.133481546302406 -0.736202600934789
 0.0818114012026374 -0.295165166761108 -0.95193719276229
 -0.9651440215785 -0.0967272400205406 -0.243188936116116
 -0.100752577623453 -0.0729589807105703 -0.99223278782547
 -0.360303342607875 0.0572192815232308 -0.931078651418642
 -0.988893700682925 -0.134248882070726 0.0637690082437368
 0.43077215125931 0.5102919160912 -0.74433696272011
 0.00420663118661336 0.41854596578689 -0.908185872372819
 0.137032182807311 -0.0729768953749727 -0.987874766160415
 -0.141861338383316 0.0167891920535093 -0.989744150627971
 -0.920630580111459 -0.107799920868045 -0.375257927330631
 -0.561952215938147 -0.360821428101959 -0.744323588249539
 0.117747749763938 0.339551488431846 -0.933188220097772
 -0.105433487404667 -0.983141718485863 0.149385879876093
 -0.971369368954107 0.236650611251247 -0.0209293395049037
 0.340651566569161 -0.803418276045539 -0.488339619435071
 -0.631995452077927 0.111076447295208 -0.766970515345337
 -0.332385516003987 0.237579625756012 -0.912729856078126
 0.568415817736532 -0.269800330091617 -0.77724593278406
 -0.929644897058145 0.366175836029214 0.0409343679816587
 -0.935074748828382 0.350318096885656 0.0539670742022463
 -0.339849153804666 -0.0869582383625208 -0.936451182624668
 0.0103863171120567 0.0222252783333163 -0.999699035420088
 -0.950700551240838 -0.242844012947294 -0.192860693885565
 0.0316080436434722 -0.937271259528621 -0.347164971791028
 -0.424843501727285 0.587914479099936 -0.688378213124696
 0.188679859662462 -0.0453666687827103 -0.980990201745825
 -0.618614421797925 -0.666020423986478 -0.416812898044783
 0.0788595516735377 -0.991480619976861 -0.103669432911288
 0.0476242337488431 0.731218808461348 -0.680478498199761
 -0.176929409623666 0.081225925497742 -0.980866113716473
 -0.978411015621883 -0.14497101485517 0.147293208810245
 0.0690382298343394 -0.992508170597868 0.100803046173289
 0.715089598802699 -0.368441526753583 -0.594051939688512
 -0.564991377631339 0.0294479009781578 -0.824571139641828
 0.196392936322989 0.227971756405767 -0.953655437169895
 -0.967796344074303 0.209930438972091 -0.138922450271358
 -0.440010877957385 -0.805263857207845 -0.397417346820587
 -0.0167509891458263 -0.213174358876721 -0.976870563114754
 -0.25411075493596 0.450849876251487 -0.855664720150302
 0.0334906220682633 0.0528997129897065 -0.99803807472415
 0.322184624155708 -0.31846634306514 -0.891502246936239
 -0.901250443162862 0.433194375402041 0.00950114828745727
 -0.346874776786398 0.670627689312808 -0.655695349652833
 -0.0143009967620253 -0.974458455081821 0.224112027368376
 -0.915925365278356 -0.00985889663401189 -0.40122752572184
 0.244233363225847 0.526007778923745 -0.8146569098701
 -0.318493246731437 0.126560911409927 -0.939438336182613
 0.476880019028137 0.582885450296206 -0.657898167868488
 -0.626123810619283 0.268123047402776 -0.732174163179115
 0.0568302340600428 -0.998326063374827 0.0107422382770503
 -0.694269709227192 0.575888473366477 0.431673530684034
 0.464860103352056 -0.82645612608845 -0.317608809642283
 0.215039768915868 -0.956401722430281 0.197619946151706
 0.46881759319705 -0.875797480491549 -0.114842663995483
 0.0710156767963077 -0.207740497513638 -0.975602715936128
 0.18387813442545 -0.803507202116472 -0.566184605784346
 -0.844692613511576 0.349196422298641 0.405655330709228
 -0.439426205152812 0.245167161532426 -0.864174561724153
 0.475321291116377 -0.83016801049619 0.29136016296031
 -0.494884358504687 -0.0710150795915458 -0.866052152112106
 -0.827336482157113 0.41081679799122 0.383071669247589
 0.0850837412301319 -0.96859808068516 0.233620450884138
 -0.868469211359271 -0.495450132183892 -0.0170409929279394
 -0.59284423799336 -0.243310270348474 -0.767682109874279
 0.253102499084285 0.397804566201706 -0.881867706669409
 -0.962285365381803 -0.0840432343812363 -0.258734633025328
 -0.0844125690592503 -0.972938850328442 -0.215091868061967
 -0.994717421903556 0.0923715352507776 0.0447744350824976
 -0.739506309083961 0.664761861287192 0.105934350439341
 -0.685731761259478 -0.157798716556338 -0.710543113859494
 -0.388182706560975 0.225282755992269 -0.893622888124249
 -0.511117770823275 0.264548941806036 -0.817785107309954
 -0.411808717760438 0.545451657383467 -0.729997307826634
 -0.669816594872359 -0.0589431995467785 -0.740183374888134
 -0.0213850047707239 -0.973176927854091 -0.229061888282248
 -0.414016824715069 -0.807502726236237 -0.42015403838818
 -0.198518686654258 -0.125638498257342 -0.972010956113514
 0.0819671678330246 -0.219920812597957 -0.972068011809712
 -0.319026295645882 0.142549758949223 -0.936964134270883
 -0.0819271667477476 0.404159417595861 -0.911012131926497
 -0.343190258315558 -0.151167212189285 -0.927021531873031
 -0.342961347132508 -0.91011963270259 -0.232507566634635
 -0.189710576532596 0.0468241981256084 -0.980722892371522
 0.112331415747195 -0.853909096095084 -0.508154414171822
 -0.987533052508856 0.149879713721369 -0.0481096831972747
 -0.925244065426728 -0.337973476389416 -0.172329186877539
 -0.0911593573899366 0.357435071459393 -0.929478424306381
 -0.872446186603505 -0.118651036569576 0.474088159525174
 0.337784023909362 0.0850856560747859 -0.937369929281883
 -0.986257397675378 -0.0448473405092912 -0.159012771750682
 0.331323252917916 0.0206274909194729 -0.943291794035259
 -0.249851574064307 0.246548564792939 -0.936369583089995
 -0.20808386088935 0.0519866859467128 -0.976728463454229
 -0.868984028210985 0.377821821543392 0.319558179178446
 0.468798501855139 -0.882347491233946 0.0411201820465279
 -0.952297145442134 -0.208018610450847 0.223289956085943
 -0.873495142084459 0.344358506443273 -0.344127092503641
 -0.691829165819459 0.157538111960238 -0.704665983712536
 0.334956480437432 -0.938499009045414 -0.0838079127155883
 -0.980239202534502 0.188082319737522 -0.0612874115677673
 0.319381845837872 -0.857997166584773 -0.402288576374839
 0.0508646431687287 -0.910646628392275 0.410043298046804
 0.197306869323479 -0.301808796380985 -0.932727961275328
 0.358911562341976 -0.4178528679638 -0.834614564425801
 -0.951607659708014 -0.258134932056508 -0.166760963169497
 0.287996312797137 -0.957535159656386 -0.0135846176638289
 0.449309650688604 -0.0529016997388308 -0.891808414382163
 0.510851150251742 -0.766123451935273 -0.389981997893817
 -0.612103394861212 0.379465685820085 -0.693783271118922
 -0.566926594158324 0.523064635048122 -0.636394236615966
 -0.926316126694024 0.139476074023119 -0.349978368191062
 -0.890136739579117 -0.334459712862158 0.309504903553437
 -0.007647041870095 -0.125926332323679 -0.99201012171154
 -0.982353339378708 -0.161243677580259 -0.0947754876109556
 -0.877680788926657 -0.372516843139462 0.301508929099108
 0.0182894300629245 0.930981059536235 -0.364609055747061
 0.53044102692986 -0.844022776503607 -0.0791066981534299
 -0.576427535216259 0.661343896833837 -0.479953692313273
 -0.00277434515727362 0.471344701665855 -0.881944712110954
 -0.354415045499749 0.262833695650364 -0.897389783736244
 0.479065975141273 -0.0211417450035998 -0.877524254981106
 0.64464252941318 -0.747972808562181 0.158027487872775
 -0.654010635546052 0.75466624889283 0.0524303478404797
 -0.663219480070159 -0.367704603353991 -0.651869040473431
 -0.794933525200376 -0.00935950977952421 -0.606624340172063
 -0.119724141407239 0.310890484597486 -0.942874984582283
 -0.944307804439198 0.328707828558753 0.0152948984766416
 0.419068800363207 0.369153252260242 -0.829522282345586
 0.228566682608178 -0.418440211985049 -0.879013686238957
 0.570609124024516 -0.334073760536131 -0.750199940083457
 -0.113901440593997 -0.676559467576854 -0.727525771820309
 0.337423876020157 -0.274152624279265 -0.900547314965919
 -0.912463267404115 -0.0179702895413255 -0.408763812405168
 0.246463727831424 -0.944565748422547 -0.216912834499003
 -0.681298723872388 0.49100218926655 -0.542907818128742
 -0.846967492010112 0.484222521751085 0.21948716797827
 0.532363994734676 -0.793531038049733 -0.294783087645564
 -0.946978500200537 0.319710341526779 -0.0318907146168371
 -0.985966238769714 0.166777622453608 0.00746998360273015
 -0.858526102203198 0.509506541727784 0.0577582528508016
 -0.175899253563784 -0.612494379326611 -0.770655622109522
 0.235616581659949 -0.154832516955614 -0.95943301910038
 -0.786598963248211 0.236495721425717 0.570378685404854
 -0.391109847434935 0.0916030898539485 -0.915773968383373
 -0.367571055508788 0.367659094536944 -0.854235511645606
 -0.525072827240057 0.804197007992795 -0.278506191007614
 0.427853101509078 -0.0864129244822569 -0.899708024867782
 -0.958839020151787 -0.246204028724842 -0.141461336322045
 -0.0861323598950965 0.588727085116662 -0.803729827634225
 -0.324816063003721 -0.904928097689079 -0.274953929281956
 0.268128971589361 -0.86014553118937 -0.433885376302761
 -0.87886021192937 0.258493606287068 -0.400981026229631
 0.175631909991262 0.179960020602475 -0.967867668215846
 0.210128219907912 0.409697086306466 -0.887690502748748
 0.230780328538226 -0.971191514827804 0.0593926046428672
 0.310893493853981 0.0413213681280249 -0.9495460915697
 -0.98694164488537 0.0830434756416961 0.13802163143619
 0.618812902508599 0.285241258355259 -0.731920771819458
 0.473999923895577 -0.3743178869901 -0.797000747569445
 -0.16047700458507 -0.0344233251854228 -0.986439134302052
 -0.99166876909063 0.116686331367857 -0.0545651214805299
 -0.158704183025006 -0.0788035296864954 -0.984176298230818
 0.185971607215908 -0.00310739036371426 -0.98255020504535
 0.112095569234027 0.486017259490162 -0.866730527231949
 -0.834337892075915 0.550187152401271 0.0342692161990704
 -0.825511783391056 -0.138250972280803 -0.547190062177605
 -0.46705774722038 0.626588835320613 -0.623893814853923
 -0.700176242671616 -0.312246092938601 0.642071340773622
 0.227836367848168 0.558385361735552 -0.797681877245065
 -0.315126534709421 -0.947744415723821 -0.0497573068638765
 -0.413345177580712 -0.462231889696679 -0.784530078657413
 -0.478519831705288 -0.851626012921478 -0.213896948973588
 -0.71004983670536 0.147979245025851 -0.688426737159642
 0.016926393465953 -0.29532935838274 -0.955245553395291
 -0.99250406352243 -0.116593729505 -0.0366276689345439
 0.253321394282691 -0.460276058975649 -0.85086674675446
 -0.290536663058891 0.143211915317108 -0.946086039813404
 -0.0712922635959227 0.0408328201887763 -0.996619332517085
 -0.0768147813460525 -0.333802330004094 -0.939508112711432
 -0.86959323045382 0.198592214053712 -0.452071616081053
 -0.214097096241712 -0.127645968916803 -0.96843633760829
 0.0554967940812485 0.120475708716125 -0.991163815651102
 0.225218492397776 -0.882295585290199 -0.41331722787648
 -0.456966346955976 0.455947015671348 -0.763736915861805
 -0.528219747858085 0.130101572119562 -0.839081330327853
 -0.959906927036126 -0.276202802332449 0.047861293461046
 0.00680567605719928 -0.308840719388471 -0.95108942419786
 -0.0117659908155426 0.604908685547808 -0.796207914811798
 -0.101322041683457 -0.373708144873711 -0.921995697562708
 -0.309206355688768 -0.877460248725699 -0.366680980564721
 0.232393728201804 -0.925895571898193 -0.297843155086337
 -0.55435502439408 0.57995757420136 -0.596941972938337
 0.134270796854183 0.18817078805825 -0.972914748389436
 -0.901246155240843 0.334565512206592 0.275356651827296
 0.544630530267075 -0.838549923859137 0.0145468449101371
 0.0352972752623938 -0.0321185436229243 -0.998860601642989
 -0.220859535956262 -0.601417645711986 -0.767800677782611
 -0.307221188167831 0.124104594376147 -0.943511097547601
 -0.747562272732099 -0.427704551270825 -0.508152993900303
 -0.819035775259781 -0.161397296406696 0.550573620469796
 -0.016859888279223 -0.216495878499116 -0.976137940436754
 0.166825349143717 -0.962023742517425 0.216054672978495
 0.148574472991044 -0.118237631406516 -0.981807256285474
 -0.412762239680105 -0.902382379103647 -0.123828007241922
 -0.323249763107024 0.275463802567333 -0.905333797075089
 0.0607349761908266 -0.996940078568057 0.0492112020968386
 -0.934407020927415 0.117522612701408 -0.336261735476084
 -0.582802670290014 0.212342935022088 -0.784379707443426
 -0.0339343025606125 -0.0283880570352651 -0.999020811258448
 -0.108165491213497 -0.206098398818294 -0.972534665970874
 -0.879731306451901 -0.425163622272819 0.212858457065459
 0.519704705378652 0.0527449218832287 -0.852716243789703
 -0.217171523795678 0.340569344763846 -0.914794540134225
 0.327838262921474 0.0343891722331986 -0.944107757725645
 0.0897744042953229 -0.262248302364706 -0.960815478768036
 -0.418188179971367 -0.0270659852830011 -0.907957090711283
 -0.293993564020534 -0.953779186743696 -0.0622338111402361
 -0.242799955397768 -0.95963241615392 -0.141964106468609
 0.401145462821096 0.51507954539634 -0.75747962320603
 0.249636636831629 -0.944432193167819 0.213844293960857
 -0.322116604878218 -0.519396440723571 -0.791497460656329
 -0.979185464022521 0.19913889497631 -0.0392368137673649
 0.00285203670223266 -0.974418526606907 -0.224722942513385
 -0.00543798057701424 -0.984960208406843 -0.172695733075236
 -0.929414216939402 -0.368735535613632 -0.0149438323948543
 -0.199498352393801 -0.119211539296655 -0.972619666822896
 -0.855874368413673 -0.09527906574075 -0.50833155039213
 -0.775872654620802 0.00387770061783105 -0.630877632548173
 -0.798854844015225 -0.335908129736796 -0.498995657867018
 -0.323582861495903 0.188002476665045 -0.927334459897794
 0.424104480750208 -0.83798687243337 -0.343385193386283
 -0.284977291973376 0.224501914215741 -0.931872756106213
 0.110889788909378 -0.452878752215895 -0.884649247163534
 -0.00864127004332392 0.166029242678094 -0.986082967618738
 -0.7520068000615 0.0122619400665912 0.659041286633142
 0.417146692250391 -0.210562882681908 -0.884110801642669
 0.140262380451312 -0.265779356126194 -0.953775549323465
 -0.735322886518417 0.517028424562003 0.4381573470309
 -0.179406884540062 -0.0326651940981297 -0.983232502958563
 0.292537413514152 -0.937310016256376 -0.189398508758445
 -0.905488920193837 -0.354636501746408 -0.233072450185062
 -0.967191037135471 0.142601246226061 0.210253138524938
 -0.0437027688766432 0.452858921473801 -0.890510452063366
 -0.940575707199505 -0.202006357529665 -0.272966610675645
 0.0544330143602489 -0.92190513729448 -0.383572632988465
 -0.0184902628008405 0.299251891103219 -0.953994976848779
 0.300999243113168 0.507762563775554 -0.80720296981204
 -0.757762145562039 -0.645517140277122 -0.0954156819483092
 0.430740389161832 0.3898421334218 -0.813932324062543
 -0.714911443702038 -0.689645184039668 -0.115287240381408
 -0.972561367345995 -0.156925614886974 0.171751966912853
 -0.992952771742625 0.099973782881281 0.0636398917743033
 -0.229315284354829 -0.74059731489942 0.631609149336069
 -0.160051129686961 0.504165675670603 -0.848646338212528
 0.213534806108521 -0.903385365031177 -0.371884079825534
 -0.646260244831922 -0.246424486935951 -0.722234496675517
 -0.37174516862396 -0.0183015945741642 -0.928154395152437
 -0.313890984130225 -0.0108814048206632 -0.949396674267868
 -0.850041670075265 -0.330667673623891 0.409985425052914
 0.292069618222181 -0.374220377784904 -0.880144560263865
 -0.417949555184196 -0.0861752797108112 -0.904373811257323
 0.655515467388388 0.0894506696807169 -0.749865354385876
 0.403108332720827 0.0406023416616602 -0.914251126300988
 0.332040657091741 -0.942481691583058 -0.0384351800935476
 -0.926724897260729 -0.0550662362042962 -0.371683567604736
 -0.956199587295274 0.200599830161522 -0.213171427249329
 0.313631959509449 -0.949210305647451 0.0251950317907267
 -0.975488454591389 -0.105682317211324 -0.193011716711056
 -0.661593339901591 0.0911276180698676 -0.744305051590253
 0.0355638983968523 -0.961980099653429 0.270794196764993
 -0.452926612274291 -0.873893300028431 0.176544566778909
 0.329480907910648 0.224439432435995 -0.917098289438042
 -0.350349874489819 0.376652666841834 0.857547511223666
 0.201940477419056 0.190158792016826 -0.960759947852982
 -0.867734001463415 0.145410942947901 -0.475282400658064
 -0.535019068891242 0.786925876373141 0.3074122005014
 -0.057736457627448 -0.997968390147523 0.0269368470128782
 -0.406432590895243 -0.347232621798163 -0.845128425398977
 -0.674164040908028 0.516986518440928 -0.527473018927875
 -0.212284789761007 -0.0683761652632242 -0.974812734867585
 0.30170029601569 0.926655989763894 -0.22424452728828
 -0.396992533591167 -0.0895196839603578 -0.913445758902248
 0.0334189395799581 -0.207840426200511 -0.977591699900394
 0.267208907012157 -0.86762912319312 -0.419307887596342
 0.0179308664112427 -0.404759836604803 -0.914247208746844
 -0.385761530545826 0.555067437091458 -0.7369451688095
 -0.980661215957309 -0.00129764055442589 -0.195708700997484
 -0.996641778232946 -0.0638022823438349 -0.0513267439877994
 -0.804208168564914 0.0174848807658455 -0.594090481793869
 -0.9753649261465 0.15893173931228 -0.152983538599442
 -0.791876854239111 0.124900946672661 -0.597771529299148
 -0.376093662536364 0.75482309146812 -0.537397113489171
 -0.151483659279598 -0.380711089313988 -0.912201604605374
 -0.968670342282326 0.193418741047254 0.155778556272476
 0.260238138445292 -0.951102556466324 -0.166373190093094
 -0.222491099166503 -0.0761878288859508 -0.971953252744867
 0.590599899081587 -0.7725836492897 -0.233037044383568
 -0.376524144813294 -0.924756916859359 0.0552649354780239
 -0.949296825893389 -0.309670647594379 -0.054218321324211
 -0.565333072518282 0.558132140167284 -0.60736070932299
 0.139317327891514 -0.417311863408356 -0.898020874371979
 -0.0287517635762049 -0.0411770897422663 -0.998738095484304
 0.0505486719268982 0.459762845434515 -0.886601916151993
 -0.644834206387946 -0.035521485111443 -0.763496607960707
 -0.522157842084051 0.347849702985461 -0.778685926470392
 -0.62125863348517 0.778722665538369 0.0873425468884225
 -0.559287695554069 0.718047159869085 0.414253002168674
 -0.845533239025159 0.243542126595007 0.475142898796989
 0.0761111307909285 0.578366653509852 -0.812218634283615
 0.0180371811329008 0.0645212423467387 -0.997753310885418
 -0.982995845457773 0.173803159811412 -0.059259003133087
 0.219965126801563 -0.843124016850747 -0.490670189843069
 -0.210234347084885 0.166855997242421 -0.963307113796026
 0.419251841648693 -0.874950054132845 0.242260801714001
 0.0646094165547013 0.125040944247744 -0.99004564821734
 -0.568676959125663 -0.19091942925666 -0.800097673844825
 -0.70367076066124 0.336639438534186 -0.625716668320271
 -0.410048990149761 -0.0994497111452459 -0.90662538053503
 -0.0522143826362812 0.274400039998797 -0.96019699869067
 0.283793641083343 -0.915361767677088 -0.285611630638068
 0.0938956232039163 -0.239293682284623 -0.96639647431156
 0.247473813329937 -0.163522163624569 -0.954995923404639
 0.356352659068291 -0.849894581100152 -0.388190653405715
 -0.0433142257605885 0.0256364565764844 -0.998732521719886
 -0.74088450219496 0.19037796048314 -0.644085698156391
 0.478335258815421 -0.748498115702407 0.459288526923905
 -0.295544497486045 0.192960919539156 -0.935638569927686
 -0.975725212721061 0.214280382871162 -0.0452131261585448
 -0.0476808015793702 -0.106403793439145 -0.993179124781884
 0.354357981659622 0.129310777653989 -0.926125878926099
 0.347018823762373 -0.00637096042158038 -0.937836524570186
 -0.218030989621235 0.216157876507202 -0.951702821257078
 -0.204241756478478 -0.199716771832424 -0.958331109773351
 -0.981708703627589 0.00137887383594722 0.190384137807706
 -0.19110031190556 -0.981263059444283 -0.0245658087520901
 0.00500041711291058 0.433353413824312 -0.901210194436077
 0.114869946802697 0.542141915299391 -0.832398365566064
 0.0194467633301108 0.462161026495 -0.886582770521214
 0.62316232905785 -0.232263563716549 -0.746808106954447
 0.0554328627576255 0.423044490236267 -0.904411718747182
 0.132868162623167 -0.511302498664127 -0.849067609923358
 0.125583118221855 0.326156907546045 -0.936936791932987
 -0.19321521598908 -0.0654704635777447 -0.978969610717926
 0.391188842522808 -0.0768889350222293 -0.917092896688669
 -0.0243301611020279 -0.965542774014585 0.259104602060577
 0.296902203258315 -0.926777854626928 0.23006931536706
 -0.371551873667719 -0.3042663936068 -0.877138054638789
 -0.499539668077981 0.32771955318174 -0.801910228441377
 -0.122464226109674 0.872188266876558 -0.473592800247454
 -0.359173934404774 -0.900854318902318 -0.243835151196941
 0.569420148445739 0.769988222760909 -0.287886837756661
 -0.0458492125430249 0.135290056583441 -0.989744638934121
 -0.170507802064396 0.00155523102788215 -0.985355098779937
 0.577486442248458 -0.816196586133073 -0.0182357287744474
 0.163871521619614 0.56542532087051 -0.808356561747694
 -0.0599858477428227 0.0763953137845996 -0.995271547921635
 -0.339492631654654 -0.347143816294159 -0.874205881849879
 0.0642598446239291 -0.339467092294244 -0.938420356566395
 -0.618602347497036 0.0211199762344227 -0.785420322041016
 -0.248250189561629 -0.484119156058271 -0.839047368221868
 -0.0969638193001221 0.212801138415859 -0.97227243776405
 0.462206881049452 -0.0475964062891693 -0.885493862891716
 -0.137451332059131 -0.281167276827782 -0.949764230615378
 -0.606719609808866 -0.418933704652268 -0.675563369477434
 -0.602761360661691 0.322794353600254 -0.729714017528142
 0.393584389727432 0.625233608102127 -0.673924523565125
 -0.019095353291731 -0.952278689041498 -0.304632017161806
 -0.232683185503834 -0.199161915252002 -0.951941734927586
 0.343493101330431 -0.910963295252167 -0.228382057179884
 0.481907165953536 0.739001664970938 -0.470788723922751
 0.287462257718668 0.172491534032441 -0.942131689879086
 0.273727672008277 -0.255529418002306 -0.927242081719942
 -0.363952614302756 0.119717803460805 -0.923691583850751
 -0.591133823578479 -0.708880424595131 -0.384771810619378
 0.305656069083135 -0.842016870559216 -0.444501920272916
 -0.105590526820039 -0.992004003867299 0.0691281198725634
 -0.291885265234925 0.241671170702571 -0.925417763601924
 -0.575435337576883 0.0997813846307245 -0.811737548440969
 -0.724864606784086 -0.672563392344268 0.149096563039268
 -0.302578899548119 -0.124409008843633 -0.944970056703806
 -0.219435522319077 0.777125188267684 -0.589851246760123
 -0.12679528776187 -0.200200228970569 -0.971515734984008
 -0.581652123202415 0.181487649173024 -0.792933188088235
 0.17879584548954 0.316596685168791 -0.931557075318423
 0.289546070201867 0.401569421910528 -0.86885273356139
 -0.149113228271369 -0.0286503165956111 -0.988404980012475
 0.3083960671951 0.200570952638411 -0.929872657247387
 -0.345975382847044 -0.933076531601756 -0.0983321953272592
 -0.244611108559967 -0.967995356817626 -0.0561283773913044
 0.271590883676892 -0.862587717557083 -0.426826453518603
 0.269995701177134 -0.391891360274867 -0.879501838024107
 -0.703986271023261 -0.181081205788703 -0.686740800536034
 -0.0684403520273363 0.58740990660901 -0.806390426426287
 -0.32642789845666 -0.672376333625608 -0.664345462157569
 0.324990061724534 -0.92917877457945 -0.176091637085114
 -0.60104884034209 0.429720942024094 -0.673854734723556
 0.21774748063505 -0.934068786438009 -0.283022149096698
 -0.0629287814511142 -0.966352082130427 -0.24940653926324
 0.128981926018781 -0.991563845843319 -0.0128375378049473
 -0.569351143349348 0.248364383375483 -0.783680042260428
 0.163555140911171 -0.951167725744169 -0.261781728514792
 -0.23106194383627 -0.949040609411828 0.214318220872214
 0.425996980327121 -0.444962607971568 -0.787740344440549
 -0.145381051627979 -0.0851745049895632 -0.985702619215007
 0.643991028442567 0.532542280647985 -0.549248827588852
 -0.278405211960126 -0.890758673425257 0.35922071720756
 -0.0172640529473775 0.395231670799396 -0.918419228279193
 -0.246939576676274 0.0428076679569033 -0.96808488730846
 -0.583763488833943 -0.00631773446353682 -0.811899178060719
 -0.0619787446085077 -0.531093445436249 -0.845043423399891
 0.465143198624609 0.324311995645289 -0.823688979077563
 -0.888698781821201 -0.0418073775842993 -0.456581447683803
 -0.237258711766134 -0.183655643894462 -0.953928146223176
 -0.185868048503472 -0.967412353748702 -0.171948848091249
 -0.0439514532477729 -0.95994695287156 -0.276713059738813
 -0.201168431524014 -0.97861900862032 -0.0428497155784139
 -0.149665778740768 -0.883589889935994 -0.443699291273738
 0.565075821252312 0.1468251955827 -0.811869249434986
 -0.177077800532684 -0.756494028738122 -0.629571470956295
 -0.49747196446187 0.841779908239058 -0.209590626363612
 0.767984316051591 0.179784836488394 -0.614717417084966
 0.305035123584547 -0.751571752445354 0.584887574073839
 -0.291619952473042 -0.911171329447442 -0.291074924568576
 -0.200382214445588 0.554465976345417 -0.807721764724219
 0.854448226860545 0.352009764150181 -0.382109085939872
 -0.23496355395982 0.530603282678001 -0.814403023522076
 -0.268694407440734 -0.0302995798500168 -0.962748799464837
 -0.385728277226158 0.499420422568081 -0.775753142223774
 0.0396858466963482 0.0337495604604491 -0.998642078394817
 -0.393885030548528 -0.214351489891187 -0.893816548007036
 0.564930303449119 -0.308903743441843 -0.765135432150742
 -0.289424556008519 0.327018833093798 -0.899606641361235
 0.584932468872599 -0.80115715652017 0.126495918571004
 -0.244627880227475 0.134832571839067 -0.960196530813705
 -0.948356525725937 0.257405697682189 -0.185370458578964
 0.158203114520435 0.221796125761462 -0.962173712566104
 -0.0488941615672076 -0.998168494999032 -0.035623258638245
 -0.0572517647014166 -0.992813242537784 0.105090917210698
 0.0103357489168225 -0.997784919262492 -0.0657147410150217
 0.179324266843046 -0.958450865620237 -0.221843966591438
 -0.487288970513365 0.0697436535767498 -0.870451194497309
 0.390024305762684 -0.0935455626266121 -0.916040538746625
 -0.32622946494123 0.448656331494466 -0.832034754330663
 -0.114261448859814 -0.917151079986659 -0.381809137899764
 0.0190049533604856 0.376338651886609 -0.926287229127086
 -0.479422978001169 -0.537888683135824 -0.693418612901976
 -0.3921304394928 -0.917287248716621 0.0694105306497162
 -0.663722517271656 0.280512689706224 -0.693386653304169
 0.285798931654286 0.769036154624695 -0.571753761286563
 -0.241016774844721 -0.929470863646622 -0.279275541133576
 0.167363966274691 -0.462547354886245 -0.870654493631396
 -0.246471335275613 -0.964844294782172 -0.0912544120234665
 -0.516492617417575 -0.593796200516186 -0.616961464279321
 -0.146907114356309 0.065044209326441 -0.987009397414534
 -0.346866858117134 -0.901319489699559 0.259435079023007
 0.0620315430600105 0.187207071848531 -0.98035993385873
 -0.189633353738169 0.328720069141735 -0.925193118918136
 0.439628567568899 0.0844047460558166 -0.894204988478912
 -0.205809444922318 0.309719890662274 -0.928286626914832
 -0.372202588543532 0.470282734709737 -0.80018709219496
 0.109440138395687 0.2132063045557 -0.970858345901005
 -0.672825292649372 0.739098795843899 -0.0322350050936123
 -0.0951939150576821 -0.984412467935854 -0.147885805635402
 -0.415020144934752 -0.234323660683297 -0.879119275947421
 -0.550733301742191 -0.135654977221331 -0.823583971133014
 -0.177604769687102 0.30181460603636 -0.936677366742417
 -0.354637352969632 -0.934754503941123 -0.0215954912071329
 -0.288002984010407 0.367022441454046 -0.88450483812708
 -0.0607128254889755 -0.967204485005112 0.246636244309592
 0.420591080692547 0.453090399356758 -0.786010326174287
 -0.585735111836723 -0.433558125010944 -0.684793203090259
 -0.357481756533932 0.0730514224887011 -0.931058689566771
 0.0404586339664658 -0.975893445548794 -0.214464640144875
 -0.579349246739661 -0.241657177185459 -0.778431923174367
 -0.442026693264642 -0.775548629455107 -0.450706917843326
 -0.320602802016269 -0.36624301772041 -0.873544443809452
 0.107911358384086 -0.915116596023346 -0.388480056649432
 0.117909681724249 0.199627052788088 -0.972751945128268
 -0.0697834829709191 -0.931086114700192 -0.358062721484587
 -0.00126058900144946 -0.182039696769671 -0.983290374058129
 0.476577835080699 0.33276584189019 -0.81372013713617
 -0.498799068339852 0.401057428054801 -0.768343952162938
 0.253822095541786 0.132992148950737 -0.958064419615008
 -0.0854219668450758 -0.0968579156085938 -0.991625751866236
 0.0562614165604022 0.886080695883806 -0.460103959327331
 0.019141297919986 -0.933648618543701 0.357678441907502
 -0.103567060414921 -0.952038715749093 0.28791691112512
 0.459892079824907 0.500222854431384 -0.733673204375654
 -0.224597866456664 0.396838457912581 -0.889985975566289
 0.148345881499654 -0.292098321187402 -0.944813246203498
 0.240571016611225 0.185294606672626 -0.952780926921125
 -0.532313802473684 0.494272958430415 -0.687267239333037
 0.0947713042812032 0.454168521735075 -0.885860798178707
 0.0444483783685759 -0.0135510603823344 -0.998919771764939
 -0.123137199651834 -0.985759274111235 0.114524598080915
 0.0106782931470053 -0.823864591118495 0.566686076727337
 -0.432679794476124 -0.492758322320442 -0.754968496850062
 0.131611457761802 0.467876179301127 -0.873939531677331
 -0.231973284713167 -0.331120300737745 -0.914629838578826
 -0.800804489109044 -0.131437997577014 -0.584325442724983
 0.302640535965296 -0.952549871883185 -0.0325184188724941
 0.153026637383877 -0.914302928445609 0.375010670897198
 0.467386217662525 0.519248644827047 -0.715493513866054
 0.347083639532262 -0.895616285812401 -0.278216490806419
 0.671120819300555 0.291405468361583 -0.68167418823828
 -0.185854044434292 -0.939582385932314 -0.287477328172425
 0.692084945826961 -0.684634687883149 -0.228678315340207
 -0.260591617503399 0.304370350370854 -0.916215421558754
 -0.238620440850552 0.452717920179142 -0.859131404359636
 0.0646111400943978 0.132323888533837 -0.98909847290297
 0.199657764415864 0.422180933938381 -0.884251115988765
 0.128442402085908 -0.99163674119629 -0.012614390829675
 -0.356619943930818 -0.6974970743 0.621546496196158
 -0.133909835741831 -0.193446661379646 -0.971929290171186
 0.829606209541998 -0.552786875530977 -0.0786142946928792
 0.2072918875896 0.294852047618695 -0.932787405229404
 -0.51668972785753 0.765085610985197 -0.384286004155654
 0.214238194707304 0.536472991690077 -0.816271232566513
 -0.238336797074523 -0.545963767546234 -0.803193087424798
 -0.0574957484695968 -0.978158284695139 -0.199751367930698
 -0.196417096853348 -0.858825706757532 -0.473115978884806
 -0.0309923792607578 0.161493295484864 -0.986387037597918
 -0.161087167925986 -0.982639237443158 -0.0920383255318939
 -0.0819105646858612 0.722286739740023 -0.686725946057502
 0.101222511695147 0.724118362675927 -0.682207153261868
 0.396673032580908 -0.834400633381566 -0.382656619223433
 -0.421766488737783 0.204690498430094 -0.883297701134924
 0.366475351822302 0.0835325114515971 -0.926670457086719
 -0.557588168353394 0.141542554314185 -0.817961576011076
 0.195553233609837 0.424066352196423 -0.884266171330531
 -0.320059092638406 -0.377297366027911 -0.869027545482812
 0.488167590587336 -0.773320250599273 -0.404559258345712
 0.174639517300832 -0.88007528500714 -0.441552411064116
 0.569162249451366 0.194162014126818 -0.798971492651445
 -0.706149077947209 0.201156630313983 -0.678888422198398
 0.174064269903089 -0.244756699953879 -0.953832159119618
 -0.403241810801701 0.451091102192217 -0.796186447727148
 -0.585842892381337 0.566882814193497 -0.57916489915941
 0.0597280773703524 -0.94013524839018 0.335526856612069
 0.238339065484315 -0.189411960154851 -0.9525322037676
 -0.239649946095815 -0.938906567789648 -0.247027043656632
 0.152299024181255 0.121967114196127 -0.980779807239172
 -0.273126451595982 -0.114727178717044 -0.955112357737149
 -0.0135101509281087 0.679981049774224 -0.733105209209322
 -0.0960537084741937 -0.141176465822498 -0.98531360012243
 -0.0757625749506372 -0.0970964989262715 -0.992387173502918
 -0.447209182806365 -0.640712105549963 -0.624092897424251
 -0.308502884048566 -0.263526981950856 -0.913990973870962
 -0.978770714971123 0.152262409033909 -0.137200751856928
 -0.157625542750748 -0.393612133426056 -0.905662010184992
 -0.228680879621751 0.10806851907823 -0.967484496247697
 0.0142557205454631 0.177861885001953 -0.98395219614333
 0.561427912315106 -0.133500161486316 -0.816686234827445
 -0.29623029431033 -0.164690369679712 -0.94081065835139
 0.387204091034644 0.398679874505186 -0.83134069403017
 -0.177804489503779 -0.983869821914569 -0.0196401893599603
 0.00694164375713919 -0.992740121650772 -0.120078576135629
 -0.329622195907128 -0.467680186380118 -0.820136849088505
 -0.252453015214361 -0.961691548688045 -0.1068496153066
 -0.415509444873197 -0.237802453741397 -0.87795324147459
 -0.141143896334194 -0.267360008562172 -0.953203559765299
 0.25137690153481 -0.552076224561918 -0.794997796002113
 -0.281186539360739 0.244579068763852 -0.927962935253849
 0.00570489145055836 -0.152265276390705 -0.988323196034172
 0.1482203962273 0.418667613866126 -0.895962132705321
 0.117231601623301 -0.901183467864985 -0.417283008074466
 -0.393643901121354 -0.791130150256301 -0.468142675330294
 0.023628749752504 -0.966656606690551 -0.254983699335161
 0.292862199780189 -0.486093159479568 -0.823374260131491
 -0.46244396654803 -0.75481140321456 0.465193855699525
 -0.108720354119861 -0.982727748677961 0.149753319089754
 0.38230318681385 0.211571300325993 -0.899489776612466
 -0.27877579048328 -0.873454685195389 -0.399200415268629
 -0.442765906588046 -0.319858371403655 -0.837644897439403
 -0.0221444139118401 -0.638017400510896 0.769703463405109
 -0.182094408883995 0.235820387530088 -0.954583873254911
 -0.811739319427276 -0.0749639977808679 -0.579188808880534
 -0.6074593055875 -0.0816383929107343 -0.790144521501038
 -0.444289322796844 0.0295646877520347 -0.895395402538368
 0.727106759827092 0.0692762139215111 -0.683020179788598
 0.475805284536125 -0.879513661670773 0.00806536682162015
 0.482722516913722 -0.862509483877687 -0.151843214815567
 -0.182153422870494 -0.817220535697826 0.546782156411785
 0.0419058667764762 -0.997710185779351 -0.0530875081525387
 0.246572548851341 -0.968352628425501 -0.0386673657543096
 -0.138463733097118 -0.932849338270653 -0.332595710592928
 -0.0541810185839573 -0.997995299312683 -0.0327077937958728
 -0.851131495008509 0.0539303148295639 -0.522174970050235
 -0.121787716018358 0.364459003781554 -0.923221201440689
 -0.510888866005359 -0.546008685637512 -0.663978223890028
 -0.750423550310337 0.321674790711902 -0.577399189608094
 -0.342385363251369 -0.304841161598772 -0.888731753245229
 -0.118194174112927 -0.960294584780009 0.25271416194577
 0.0285331346446536 -0.98454603342116 0.172785903076642
 0.415759348593754 -0.868295152551305 -0.270569200229448
 -0.221717870459413 -0.0967046016877279 -0.970303769925357
 0.477889459131367 -0.876988108889906 0.0501350348243192
 0.0782827220032669 -0.99443398976446 0.0705184758548929
 0.0706415009580502 -0.383375099249235 -0.920887241532878
 -0.00802647881179718 -0.961536597279173 -0.274559552248092
 0.232236115020023 -0.970304126448382 0.0676482747573711
 0.88621292018101 0.0360295215941872 -0.461875019543102
 0.171471210840404 -0.982061396904516 -0.0784412937353583
 0.0382446870453797 0.102926105570365 -0.993953500272985
 -0.330780964751072 -0.0877411676653815 -0.939619838474617
 -0.102322631226097 -0.963401806290516 0.247764078863624
 0.822682209501831 -0.542833563451573 0.168895543338638
 -0.0450579880661504 -0.962055921593124 -0.269106264213666
 -0.0699306024513214 -0.235095763381054 -0.969453295874059
 0.0181084398581372 -0.632093006931435 0.774680911727068
 -0.439275707346534 0.296190189970925 -0.848120406723119
 -0.0862030285278242 0.886828177080435 -0.453987689490392
 0.104852461482218 -0.931554782115252 -0.348154634091412
 -0.268915731695602 -0.692537093485466 -0.669385317581228
 0.202865955468396 0.363233952605321 -0.909343994199451
 -0.370890740459656 0.354906178769259 -0.858185098281653
 0.259422625739855 -0.210321002316702 -0.942584201670459
 -0.143557286332677 0.251930205043894 -0.957038388638272
 0.339277800839292 -0.935537064817846 -0.0982902549069012
 0.316783545599626 -0.132847407023201 -0.939148418347463
 0.0784627096974925 -0.481347452903068 -0.87301101526307
 -0.087510298582093 0.141167905855859 -0.986110323441726
 -0.133835663917639 0.779556580977897 -0.611865632404514
 0.370969738057763 -0.0618070900586617 -0.926585849807688
 -0.40242499369001 -0.417010046303284 -0.814958125142469
 0.388144436984834 0.595807613065532 -0.703105386304841
 -0.142503234896489 -0.871037844340148 -0.470091375980568
 -0.254933245260227 -0.392576339230576 -0.883681423555689
 0.720694124351916 -0.691940229119311 -0.042646200896922
 0.00442863642187675 -0.999847127333486 0.0169147610807537
 -0.311830244107596 -0.950032216987517 0.0141663525856241
 0.170244775554849 0.340158000532354 -0.924829309153916
 0.108449823274121 -0.975192175182965 -0.192973721769905
 -0.133232215069018 -0.963484166737182 -0.232265876345538
 -0.483389113764519 0.229073893044042 -0.844902429999819
 -0.435970680401054 0.814957696144623 -0.38180298496121
 -0.157867491663897 -0.978093086925699 0.135689971567194
 -0.526159451639871 0.847646269846416 -0.0682058110829797
 0.0256345507068587 -0.897550658194271 -0.440165520895366
 -0.115231686312628 -0.888625826392217 -0.44392093793636
 -0.724361742054139 0.258748671445474 -0.639022058831692
 -0.243623881252534 0.905642075602295 -0.347073242100595
 0.24144716371258 -0.248714382232769 -0.938000225589377
 -0.210223949935643 -0.0950530489200226 -0.973021484225536
 0.549507167252329 -0.228738964039628 -0.803567271277519
 -0.0539789918888234 -0.0568081111391888 -0.996924825121465
 0.298955453340573 0.387671724319069 -0.871972632071335
 -0.322679442973242 -0.94643873791692 0.0114757332099842
 0.0614339113644496 -0.797780781503667 -0.599809719159221
 0.176000290111426 -0.981326909000539 0.0775976517179616
 -0.790246585000103 -0.255239673852575 -0.557102363832094
 -0.330912854730442 0.127364834907376 -0.935026674166661
 0.0045630329826189 -0.967128142647467 -0.254248568195104
 -0.662448462681645 0.207630409116004 -0.719758047889043
 -0.334732210828386 -0.241224958065363 -0.910914302577529
 -0.24322844448621 0.249337091257078 -0.937374492247511
 -0.397017795306633 0.337239278236025 -0.853607954171413
 -0.598776250894294 0.629659106144466 -0.494971121798359
 -0.264335383935141 -0.0761261581652485 -0.961421662353653
 -0.402392914883587 -0.351992144700109 -0.845092581981943
 0.210932421571985 -0.874490068760038 -0.436777555707529
 0.0435219719372513 -0.201838911164039 -0.978451272112622
 -0.0944750530937372 -0.862421195750139 0.497296838381098
 -0.258111070654062 -0.47633545772304 -0.840525553996781
 -0.0137869297705592 -0.999248848285968 -0.0362168436872755
 -0.612825111994722 -0.646022668613291 -0.455082513118684
 0.167724123642126 0.316241577682939 -0.93373437491242
 0.761395442051563 0.351452253450068 -0.544755260982374
 -0.513155544104775 -0.36212852571975 -0.778160856388043
 -0.794613153160548 -0.54706314663305 -0.263271438671569
 0.19196504604725 -0.0111832426710243 -0.981338043784831
 -0.388367538962789 -0.317078163152203 -0.865235281950529
 0.189565015142739 -0.98146683499856 -0.0280705687837526
 -0.903084368477528 -0.371974499561423 -0.214647606759483
 0.212945774326714 0.254797646043489 -0.943256198902023
 -0.418243995947556 -0.892530774246321 -0.168703221300256
 -0.0142778307323351 0.0771006030688038 -0.996921080405067
 0.0725542108328141 -0.996973615453114 -0.0279194659829505
 0.336295376866573 0.392651698417449 -0.855996532252358
 0.0540434442407932 0.122897552430397 -0.990946768369124
 0.605964162213389 0.434906690399777 -0.666080779454368
 0.207488479236844 -0.652768326902439 -0.728589076487544
 0.127116532003128 -0.0902461308474077 -0.987773771244494
 0.236861693849298 0.0565002808261712 -0.969899095913284
 -0.656651232800581 0.499403281021165 -0.565159730843213
 0.25250024821447 -0.967011955434012 -0.033637816506431
 0.0783622699927631 -0.866119657662687 -0.493655844948534
 -0.0987689791165547 0.454473858473439 -0.885267304676129
 -0.551122547354856 0.0963298514963241 -0.828845279595529
 0.682167646643098 -0.56700228773327 -0.461687889789904
 -0.325707248490326 -0.0247460699278407 -0.945146771831755
 -0.638290510484981 -0.232647749138268 -0.733798507116034
 0.0529391890055223 0.0725368567399677 -0.995959761577607
 0.0471616075318722 -0.919268641429292 0.390795275892318
 0.0509442575514478 -0.950351796479274 0.30697906370166
 -0.183616326172089 -0.956405696271175 0.227097311527712
 -0.138459761510694 -0.989852100601039 0.0319642515650156
 -0.326285327838977 -0.0287669225589995 -0.944833503323996
 0.201721454880614 -0.85551390005982 0.476869396633172
 -0.776061434977297 -0.131907800134577 -0.616708181723442
 0.445409328892241 -0.859714298537094 -0.250003709225755
 0.110183817675079 -0.99389858610415 -0.00501267021819865
 0.0380009705759875 -0.261704383647891 -0.964399679497438
 -0.293941965790691 -0.945957909364474 -0.136973553863135
 -0.0184309154329575 -0.102774111072868 -0.994533952889234
 -0.289534871763621 0.478596522315583 -0.828923957224215
 0.789064312010346 -0.54803505904065 -0.277551951126182
 -0.185561814132566 -0.417593042052037 -0.889484606030682
 0.622720449483767 -0.742714870887124 -0.246158205952711
 0.445764700793857 0.754620090767873 -0.481500103983011
 -0.203361753385011 -0.602101748234086 -0.772086447254212
 0.653821607989985 -0.142958180536562 -0.743021038425606
 0.0608321721969846 -0.920577389304387 -0.385793619863414
 -0.776727178515743 -0.388375215650091 -0.495842295517151
 -0.0358060362669309 -0.207630249026232 -0.977551843871289
 -0.63104437093051 0.362326232817359 -0.685931995848931
 -0.385175644246279 -0.922824057913443 -0.00595661108603319
 0.738068378517773 -0.1284522818913 -0.662385899539735
 -0.461994530115799 -0.588010996972493 0.663930810839877
 0.250992572395855 0.297380986381623 -0.921177115185134
 -0.452025164073793 -0.234540525204114 -0.860618378307737
 0.369796116108629 -0.814466852779861 -0.447095714846209
 0.0832042413817281 -0.989835503193715 0.115337465003081
 -0.0998199966999997 0.269713084181384 -0.957753005988589
 0.006921072609486 -0.167570603585129 -0.985835783266184
 -0.0652742521886659 -0.973903886459756 -0.217371782758923
 0.0732582216941169 0.0787030588052932 -0.994202726554754
 -0.17132962671422 0.587522135986358 -0.790862755941885
 -0.292697488644349 0.128348317264419 -0.947552051127896
 -0.256239686387018 -0.118941837106758 -0.959267461402685
 -0.184253539557173 -0.982679377423073 -0.0197958164281233
 -0.197527720835674 -0.13039740213244 -0.971585980250114
 -0.404144435648218 -0.109823178124698 -0.908078270129384
 0.158765045662569 -0.980073943313637 0.119368027182406
 -0.660094598417772 0.7501032494399 0.0402521591890756
 0.614330204455894 0.758318905210251 -0.21806154611464
 0.0952271057249696 0.334045533953213 -0.937734173196839
 -0.602529278461648 -0.0608174087765075 -0.795776169149465
 -0.323325851695806 0.0731845729917606 -0.943453449779689
 -0.724828991741403 -0.0129439645124661 -0.688807220137711
 0.489044181319367 -0.277150255966016 -0.827057146958807
 0.163374936692847 0.415869417686201 -0.894629117284894
 -0.0750235549459645 -0.0152996053702432 -0.997064385222331
 -0.291637958778202 0.753219306285043 -0.589582884452358
 0.467597735935683 0.0523521123450626 -0.882389717574289
 -0.011051427836192 0.816205723914062 -0.577655677884936
 -0.457167506858049 0.121651497345462 -0.881021443477287
 -0.386435409673465 -0.0055641927561634 -0.922299687688049
 -0.132842674487355 -0.403054897780477 -0.905483060697557
 -0.512012567950251 0.273139112975788 -0.814394348717984
 -0.418743677890392 0.492745485578488 -0.762794611064373
 -0.354149218839064 -0.655938410482877 -0.666575676460578
 -0.406162538728372 0.551840929576461 -0.728356767372907
 -0.300543898990164 0.0743024698725946 -0.950869343154264
 -0.503867448780366 0.0129561670951875 -0.863683814711013
 0.242959863379416 0.448765737623319 -0.859988265921143
 -0.0800461537259548 0.858107984179073 -0.50719158191142
 0.187303376766358 0.447566504992235 -0.874415043706909
 0.361770724326746 0.126666514041543 -0.923621966629565
 0.356379514533847 0.18163755679781 -0.91651592434673
 -0.116298988992073 0.566791778599732 -0.81561119712224
 -0.516097895997191 -0.00483929823895775 -0.856515932682999
 0.618928836884427 -0.656291263507665 -0.43151926065519
 0.173742239320721 0.636623314044313 -0.751348381439035
 -0.438497077935425 -0.0355565493376358 -0.898028977506458
 -0.515943699161614 0.657670924712246 -0.548881639411967
 0.304806459616328 0.423797505337075 -0.852929479292533
