Format: x y z  (R = removed from domain due to fracture isolation)
-237.7019825 -179.447335 390.115017
455.8527114 -258.1362136 225.1178046
199.0898303 76.0841647 498.4131675
228.9812541 259.1986626 -94.02918297 R
119.1486973 -186.734475 302.9895713
-484.5771123 -419.3845451 -379.0021394
-168.1289987 499.7252625 127.0722788
-57.14840158 354.6811769 247.8119124
302.9765618 434.2535835 -87.28982741
-403.938474 343.1616814 -310.331745
174.7610723 417.2250424 247.921799
-211.6572155 340.0317813 -215.3031244
-289.2718601 336.8491523 -160.735262
-444.8700443 -73.70629128 -400.4482121
-163.0295849 526.0338589 -182.8574911 R
-376.7051941 -103.4876343 -280.1430452
174.2660441 75.87864559 -429.5464169
295.9687313 -134.6294461 -75.73531269
246.345743 -413.8219374 -480.8423394
93.17328091 -404.6137683 327.8057943
-324.3429195 378.7180547 -231.2626548
-41.52305409 -465.8260265 -430.4198082
200.1441324 526.1448716 -146.8467521
-10.61359703 463.9033919 19.70769707
-373.9244862 159.3457874 -399.409933
269.4664531 392.9320296 -131.001062 R
18.76249035 36.66708088 444.0967017
11.87250662 -109.9809741 -324.8394735
-393.5166554 -464.8178366 -75.196362
421.1615578 -387.8098094 330.4710333
121.9646653 153.5531796 333.0437688
373.8603315 150.8432774 -316.0791436
295.8258127 414.9349801 -410.3134592
-20.93736183 274.2879014 13.16495364
-213.5514629 -453.1299153 -374.6757613
-88.55536344 58.81252642 -20.70491466
426.2225702 -134.8830115 13.61718148
-143.3523742 -344.3179935 140.1843421
-190.9215079 62.5645078 -504.1604689
-60.88269379 -147.2579268 153.3475125
196.6806773 -231.4202925 66.0858216
70.79606006 463.454768 133.3604348
-355.86571 185.6739759 265.3013149
177.7426668 200.1426349 334.582245
129.3141421 -121.0678351 225.8412128
388.4334334 -40.08022002 -243.6772446
-115.5680457 451.0520945 75.81815548
-250.951438 -422.8447193 -3.903678555 R
-279.820643 229.4068983 346.5750274
527.230947 101.2626769 250.425122
-508.5750931 -458.3278233 -172.0834237
44.31129125 387.4829716 -59.02179719
-518.3402841 -370.4568337 1.486699567
-434.6553568 -175.2650716 356.3352421
-169.3071798 123.3983686 -252.3713623
-216.9289891 30.52081959 129.6040179
254.4012838 62.30817001 -504.1153585
-244.8531167 -410.9734318 13.00585991 R
217.8031146 -435.4690482 -474.0981742
-190.6474872 243.508962 -1.184258376
-503.0436292 71.59994371 490.0466082 R
230.144864 -212.9426246 -104.0363863
-379.3046009 -25.30157556 348.9298726 R
-468.4472309 238.1460596 -181.5770604
-431.1766835 210.7026856 -165.3462244
-404.9595038 -112.3647175 -157.5908473
-128.7976705 -284.5012819 415.476865
-435.9867144 107.9009389 -183.94424
171.4005006 -297.041944 0.8796318078
-248.7690396 458.1424818 -413.9795909
-197.6654562 -69.55233979 134.3242487
-248.6890603 -493.4831418 -38.58312818
-326.9398459 446.7528007 -339.6329766
-24.62255542 -222.690253 -533.9761577 R
-137.8038666 -375.4839165 365.2785551
-293.764525 458.409354 -229.6090912
410.3724581 -110.7973956 529.3163036
-193.860592 -234.4013811 255.5743442 R
-82.12623303 533.3313462 483.6727854
-153.6186814 -136.5402212 -288.9951413
173.2235004 11.07502133 -234.5773173 R
-257.9679706 56.66584293 523.4959735
-72.76443927 337.1406735 -402.2945562
467.1308084 453.5399378 -68.87539693 R
10.3133826 511.2289423 152.5067793
-112.3278006 -295.1048557 -301.9256614
510.5607495 -419.9977465 -289.905887
-498.7901941 -347.402889 -40.6290428
40.5611485 86.29091527 14.80653644
175.7387332 481.7253718 6.884918972
-171.8720744 190.0073915 -263.8390294
-367.9369117 324.9280481 448.0697201 R
-4.980227609 207.0985017 -113.3129155
34.56895866 -470.9885464 333.6645157
-302.1739447 -441.0365821 -436.4375849 R
-24.95927254 458.0081351 53.55065418
287.4734106 520.1876877 379.0869474 R
-290.8039837 457.861854 280.5693173
204.7044887 -217.551944 488.7877393 R
459.0714419 70.09030689 161.1025293 R
-493.5964886 -183.0095427 488.4558881
35.49031551 -43.84640795 203.1626238 R
189.3636979 399.3095897 274.7140122
-157.8296497 -194.9171773 -228.3315147
-424.9592076 -162.0618556 404.5224817
41.91032272 61.40917962 444.9777176
171.1832382 100.9060926 -494.364742 R
431.029011 292.6381704 -491.1075478
-202.4503142 11.13323729 520.6864365
-265.4354914 235.3099173 -315.313425
-295.6965597 -88.7098765 178.0420374
-218.6438068 311.837019 430.7964523
255.3132195 -84.80262196 -395.4229784
142.2732466 224.6522807 529.5749969
232.8391059 -384.1601097 103.4423557 R
189.9873502 -360.2684627 -268.8578353 R
445.8760189 379.8680869 119.3086963
422.1161767 75.88190477 -220.5720591
-467.9880248 -66.81096818 -319.0405861
-330.1585554 -89.37038962 -492.3760717 R
-160.6038821 131.8539232 458.4256629
93.79610049 154.3371705 -517.3634869
538.9473801 159.6272194 482.7560659
416.920524 -117.3029606 12.78093168
141.0784235 360.4314665 -370.9174955 R
24.11396996 -51.56947174 56.03257684 R
-420.5918723 -264.7505216 -439.5346967 R
341.3200402 193.469481 262.9898277
-394.3572974 -177.7491722 21.99306833 R
51.3292735 -416.6796462 -462.6740646 R
187.6256438 510.5304962 308.1936644
56.01894913 80.58432526 539.8878857 R
481.6565124 -445.9619772 207.6776644 R
432.1701867 -498.2091638 -319.9613725
-410.7314129 151.7127171 246.2052013 R
236.0415782 431.5057085 385.2253811 R
-334.1645183 -444.3270953 314.2704519
212.1132404 429.6863298 58.22203382
-451.6907297 -46.56786042 -72.18743439
387.1280258 462.4365992 76.0168884
234.1770983 399.176803 -212.1391529
115.3918167 436.0542629 394.1371893
-68.44741866 246.9670258 222.7862425
332.6734267 52.18321487 211.9817329
-400.9635869 381.5334779 314.4969368
2.726859598 352.9474777 -311.8283777
7.031877452 -101.2067842 -487.676148
-16.91190928 -349.8453548 -44.09881585
379.2229397 178.8347682 203.7942187
-128.5274136 358.3306464 442.7389766
-70.95065334 424.1517789 145.1023626
482.4239468 349.695268 -321.4045252 R
380.9787848 509.9771971 436.0439895 R
315.245237 -175.5328309 -379.9966939 R
491.9116087 121.7881337 399.9327026 R
-357.6082311 374.9458848 419.5301136
170.4393796 -379.6198065 27.00322964
-502.5413846 75.68005569 -173.6225772 R
70.99136009 133.3827972 -364.3356296
-190.1183209 -173.5126352 38.88129679 R
231.6684801 -458.8125411 286.171658 R
79.58953145 158.7937449 22.0025237
401.8885233 142.943332 -7.117760492
16.09146386 43.73089153 543.7484848 R
474.7461024 210.5182586 -115.7525851 R
292.6325565 168.1542091 344.858193
-385.0087216 -236.7666425 -159.5582426
-230.165552 -254.0780691 -306.2348817 R
-502.9953046 -361.3992692 504.7828262 R
-281.9411781 152.1366889 -301.0699606
221.5489799 79.12710923 30.11521938 R
-39.07526706 160.789662 -266.3642896
412.3791195 356.0675921 430.931998
-186.4095872 -162.3833716 88.08353945
-383.9158375 -356.8438221 68.06317506
-328.7117299 326.3104765 284.6058514
70.12788159 230.5727638 207.5003051
541.6465848 -279.3885039 137.4068844
108.7750979 -374.6776706 -333.8962246 R
-213.155362 -116.3973264 269.822488 R
-50.61811051 -435.4336667 -61.33266619
486.4772913 175.9716157 188.1012408 R
-369.4321772 -249.0586261 -51.83793378
111.5620709 -119.5729497 -381.0417385
119.2810407 -430.4697107 -112.00165
-304.1504457 -164.5991469 -482.1813057 R
88.30055331 -423.2777611 -491.0086045 R
96.2916026 -421.0618549 139.1713369
389.1911851 -101.1001814 -506.0764902 R
258.5989211 28.22541603 -487.0697954
-93.34120324 -300.6594024 -158.1988782
243.7009494 -516.1494451 -266.7019938 R
-397.4557948 29.64070747 -148.7671377
-416.702703 521.5346692 -296.1922123
-316.3380566 291.2424398 -485.9099669
404.9225673 -290.5284701 397.8459079
-430.2618297 81.57110334 -500.6447756 R
-331.9806828 278.5091046 -396.1472149
-517.2748085 -46.87485323 1.200543991 R
-136.9276088 -287.0821424 486.007506
464.2249444 -531.5887123 182.4764898 R
-529.4302213 -303.109305 -30.10906607 R
-118.7427128 373.0863159 -37.32929466
511.2299503 -249.6976928 -332.8161534
97.58659923 448.0014841 304.5442412
339.3899238 228.0830603 185.4298391
348.4718763 -169.9919953 223.6903364
-425.1998862 159.8933462 543.5517596 R
-287.7560353 -259.723746 -229.8594545 R
-139.9768611 303.81946 -210.3082824
-90.78409292 255.5469563 335.417166
-114.4210332 -185.8610922 -163.3817671
-92.08594097 -492.409595 -61.73125483 R
-141.792243 -156.5475367 181.5933802
457.4812011 225.60713 -381.1718802
83.61004547 101.2521523 -204.1878493
384.5869382 304.0158967 -27.47976677
146.3952307 324.9914992 -168.628983 R
69.46010517 469.7236904 -112.0098801
150.4644164 459.0843201 163.9243174
-422.7297745 -168.6541016 -80.70359971
-169.5825114 -339.7421511 335.5560965
516.4813434 236.2581178 -353.3970702
-50.58493274 279.7604359 220.1647372
36.10152873 -234.4813598 61.24113181
-428.0122537 351.7091368 229.4067548
-262.7804341 146.4618614 466.0451692
407.6789861 -208.2184825 -33.26282769
-111.8795063 186.1499476 330.8899781
-18.09178562 -336.7773857 406.0032041
148.7473966 -513.9291883 87.99092452
485.7034805 289.6650859 -477.5732576
-21.36274091 356.4809362 -9.072028122
-74.97292976 -444.3274985 429.4850394
-305.5064704 -70.72796274 340.7755877
-213.6424282 -515.1973384 -79.78568151 R
58.22461787 153.0117448 374.4949052 R
170.8050816 -28.80941905 -518.306305 R
-316.6656367 437.6941222 -45.9985324
476.2016153 30.12109549 243.7335276
47.84351928 -206.0785029 181.5708304
522.2764418 26.06290198 -276.0631309
-357.8857718 52.30802861 -433.3730058 R
-4.454733511 324.5372391 -468.0397901 R
-335.2246693 115.2763616 31.19450478
51.62427768 -290.6576342 482.2346194
134.5772337 224.9796939 501.6822365
57.5934057 -515.5284253 173.6562532
-244.1987107 70.14468597 -76.5222893
23.49555026 -464.2644051 -291.179947
-0.5178504156 -214.7240527 395.0207505
432.805591 497.1327398 291.582645
322.040106 439.5969464 -37.34183055
-420.64538 -233.5382068 260.989469
-543.0686619 -24.63812387 314.4152999 R
-321.9721978 -500.2719277 -396.871261
148.5037172 -464.0593849 -268.813242 R
352.181826 271.8014213 228.0804885
-208.3240464 520.9339231 429.5397958
-22.2964074 403.4883692 2.103388261
332.6574797 516.6436087 -272.3958727 R
32.67917156 -304.5385806 -340.4484635
310.7325281 267.4896755 521.6182595 R
211.6738978 -134.5461724 -335.3435472
177.9446332 167.8333502 -399.1187576 R
67.09008282 35.86200133 138.1698088
186.2154555 407.0768057 -211.2091533
70.00692271 192.3443585 8.094847783
-271.0330441 342.0083168 388.1729455
98.88380471 -515.2451952 -414.6682662 R
-241.8360612 83.97516384 -314.4475338
425.8663893 279.0748432 -331.9977813
27.71073134 -92.19665503 340.0853518 R
47.42574385 366.8438131 -54.76615515
-369.8575905 178.2781509 102.9082661
-19.9481653 468.1638732 -281.3824995
167.2776869 -365.4587821 403.4757896
121.6326189 490.8256441 -279.6160126
159.9328894 -12.15314593 -323.0286098
-239.75216 -122.5391685 211.1418739
-543.4843919 294.8247617 -90.30769474 R
-329.5923333 5.089388383 -229.7995899
-485.0966977 285.0370704 112.8262245
-297.8721842 467.7177643 467.4794859 R
-458.7115711 258.2473865 36.00602115
276.9007788 -506.1505393 -294.5995268 R
-481.20052 363.3584212 216.5046525 R
-220.3517607 -285.1281956 -105.9095513
-367.5435337 236.5586992 -139.1869206
-131.553848 -455.0852104 -509.8146403 R
205.8640103 521.5180174 -110.6165174 R
-465.8780665 -351.9427427 -532.0025678 R
141.0929679 -161.4940844 104.2099092
243.7211417 -151.6905863 200.8058068
295.9602296 -186.1338799 384.4648797
-198.6249501 262.6299896 147.9332862
274.6992977 185.9407855 -99.81401493 R
-131.3287597 349.1108614 455.5919701
-417.9530829 76.88319721 384.7337681 R
-10.41192137 150.93744 -415.4372856
420.9873301 -248.2806994 -298.8852314
359.0076066 -83.06906251 372.4564969
-171.0174021 -522.9952802 -455.9279807 R
-325.8519783 -83.71527457 -520.4614692 R
-531.0212227 -256.5644489 47.7047734
400.4786091 -19.16274084 -208.561111
-57.59933658 -417.0568038 -452.2139648
-387.8945898 -123.2203893 315.5847966
-468.4367772 388.3750645 -319.3288125
-440.1421136 -233.8797251 317.0414124
-354.6989172 356.4889438 -516.9038318
500.9535816 243.5486185 36.39883264 R
-51.82543593 290.3576926 -313.4812698
-175.9258527 138.899166 -177.4580603
524.6910184 -174.7108424 -301.7060307
51.58015241 -457.5429748 -382.7991234
262.7355215 229.8759713 230.5724794
-75.43208955 417.0736148 -111.3231478
-262.4054783 128.6932826 -452.6451977
126.3455724 -253.8990187 327.2470824
-248.5922377 -1.186148081 -526.2915675
108.4361352 235.1673264 367.2997617
301.9332414 49.07955331 49.46433593
350.2908404 -410.4910737 306.6260627
-55.23690752 -374.5683861 -198.6412798
285.6616074 275.6360836 510.8985909 R
-213.2823005 -479.7084112 -21.65219449
427.1316547 -192.5660833 -297.4350621
-371.3270327 468.5554671 326.674112 R
-287.3704193 412.8809773 -97.37694596
-251.185447 80.3526657 277.7796719
-247.7401973 406.5381067 -131.1410709
244.4635244 17.50787413 547.1213317
-471.3401804 -61.73135039 48.81920367
502.9793398 -465.8497386 -69.06079864
-506.4042199 -243.4488436 268.4206071
-32.78188706 -118.4930463 391.6092198
-77.87591349 121.8282589 504.5692805
286.1012613 351.8710337 235.7746662
479.4479588 446.8160674 -473.7181436
-203.5220275 70.23288329 36.30670475
386.0924269 -139.6646794 258.8580513
-532.7728635 215.7584621 514.1328734 R
58.06346015 -54.63598777 -211.702783
-236.1442471 -422.5797585 347.0521976
-139.2412611 310.8775567 -159.3659034
122.405513 -87.20528794 -373.825123
-433.9076326 -84.37684458 183.4294449
-35.48168004 424.1880118 400.9941107
-230.6109257 301.0970951 -462.2123167 R
-282.9243104 435.2894093 417.1012954 R
-142.5064459 57.41052478 3.677737418
-412.7434918 -304.1062667 -276.5409179
146.5130613 -491.2506996 296.8037774
202.2770348 202.9777866 149.237766
309.9150614 141.4765597 -489.3777173 R
358.8150268 205.7498854 86.63358817 R
-13.16327691 70.82763313 43.48647059
282.6456205 145.3410955 440.1115692
45.57520559 -253.3196334 -434.6031704
136.8306313 -219.8920537 292.3559015
-17.56568627 -470.3547445 -431.2702815
-226.3564452 -370.2963197 373.9985404
-257.6209533 359.7597382 -499.4645337 R
97.70248679 164.6855166 259.7892811
-420.7421286 -15.90104867 380.7304917 R
229.0783162 -13.45370204 -260.5021801
-117.0137511 83.68734632 46.06029423
82.32003313 -59.36221359 -259.5758142
188.2060147 325.7005167 234.7223084 R
153.7949672 168.2954169 402.4464719
136.5133754 -466.6913239 108.4236466
92.45804124 362.4017947 252.085761
-57.66990776 -17.03691044 -261.2814688
-208.592571 361.9324175 464.0328585
499.2691929 153.0894244 -46.6045314
259.2044826 510.3674717 469.329278
290.6080965 -289.5347461 -110.0620404
77.8646291 108.4710555 -232.5169613
402.6340316 -186.1355392 423.5851403
-184.0145067 -315.0086794 35.32951297
-35.57443044 -370.9403236 -114.4507018
403.7723959 -165.8277708 -304.8826279
512.8622479 164.0072525 -145.4467465
-251.3116786 471.3599133 468.2544905 R
-447.8161828 89.25956633 202.2678443
-345.1959976 479.2009871 -252.2783162
242.937958 523.5528223 -342.0392673 R
45.81890112 68.78293595 -256.4176019
-457.9138153 287.7241391 517.9017863 R
-462.9680761 471.7259631 -296.9529636
131.2014588 -99.95834317 299.3610935
-64.84876876 -54.76397809 -116.4930732 R
-146.424646 136.7749974 68.68052217
-20.00198076 -490.8665249 -321.4056554
-504.6164162 462.9141359 271.0746418 R
-201.6757141 -302.4657217 80.86819404
-483.5635733 -161.214726 -281.0840401
-319.6509539 -47.16621752 -123.098509
360.5615073 -149.5510518 -415.1607877
-309.2886885 -479.9786975 -329.5001372
-118.6082614 310.5875291 -206.7424945
-505.2960523 -120.7863526 177.9293633
146.1006583 -495.4650124 246.5832769
-243.1489031 181.6934549 270.0853143
29.87945416 121.2975998 121.9797295 R
125.9485625 329.2781633 -173.9214976 R
518.95404 185.7814706 1.221357474
180.0552241 313.252371 -453.8419686
-543.8295517 242.933511 -490.4570002 R
-5.149272654 66.69430772 -192.02292
-356.4025761 472.3937847 192.48122
149.6933708 -270.4101255 521.1552313
-505.8772731 -390.3241738 148.6170221
64.57937061 244.0613791 -326.5279342
50.08298476 -376.7491339 -162.7665781
135.2426621 -208.0013894 -509.4700448
458.9692636 -19.15886301 92.59214378 R
505.0514755 89.79597634 28.90843877
-515.23501 350.4430646 -495.8316633 R
414.5089697 273.8254364 318.5107319
-431.0109352 491.8689749 -60.68471693 R
-4.510529433 242.5579742 304.3761182
64.18416529 -443.6488226 208.3445084
-492.5700104 -454.3194868 -441.3931315 R
484.3473586 -40.41491201 106.162612 R
356.6824497 374.833323 -364.6392554
325.6628802 521.038966 -351.7170526 R
-424.8313351 -493.2904751 -342.3030273
-342.2274353 -446.2943294 0.3284457486 R
209.4078204 106.707201 -352.4627365
-208.1866605 -507.9495517 296.1609053 R
-319.1834318 220.7247861 -172.4339914
-493.3248729 -223.362613 -91.61719655 R
-155.2722314 -253.329279 -366.9593335 R
359.9173309 -494.0470503 -27.30024007
318.8798377 -194.9355111 -77.55942341
-306.7475385 -304.9855921 311.5766603
-172.6936956 202.7060725 89.59572571
-364.6671861 -363.1226599 -101.7617756
486.4211683 162.973708 523.3579516
79.22824819 247.7420334 210.8105303
-422.6082825 433.3848135 515.1578578 R
385.9317914 -107.2424828 -221.1112146
-490.4321008 -105.3210255 -331.6516114
-474.0531876 -410.6919705 -86.29454232
402.2826308 495.7416754 -321.605287
-311.3938456 -188.0678228 -457.9302752
283.7665313 -17.45269143 -476.9203337
-379.5366913 107.4396242 430.0635985 R
-378.2013229 338.1219522 498.6755414 R
32.95599516 -20.2248489 -514.9556079 R
-503.7285803 -61.37098349 501.964065 R
-121.5713892 -198.6566716 -33.94429834
-402.2282596 -154.9524106 248.4752572
-412.8941578 109.8984242 156.2553419
231.2355334 80.16928689 -366.9128462
29.5404566 -210.3730402 -211.7636045
-259.5358537 -505.6942635 -248.0616843
459.0586738 485.6601336 167.1081296 R
399.2097167 110.1719628 365.1308936
336.1405444 -140.8743624 -354.5459802
-266.4800476 375.7906079 124.2696643 R
-31.18892693 392.5327131 61.99685289
84.82860039 284.7632756 -369.7869434
-65.94683122 -432.1552723 -18.35622017
-113.6371975 264.4162531 -126.8089924
100.8729004 80.23364204 46.54098
-179.4593591 293.1435362 -426.1486106
141.2500106 -43.36634597 369.7666388
243.0147562 -282.3757435 97.90716365 R
-79.82830812 517.7339451 14.83839653
-499.3230642 -141.7393396 252.3336063
8.536854713 455.7274652 -30.50281842
371.2506252 466.4438392 -441.5764045
-336.7255579 -140.6392975 -27.21827621
-203.27373 -291.4745587 -262.1592275
34.15719122 277.1649749 -213.8281641 R
345.3959177 -341.0539058 155.4166365
-544.6827492 -454.1004995 284.1444703
-490.5030018 63.36435943 -397.8841611 R
-215.897664 450.1210749 -407.1714567
-46.24204645 493.78539 -470.2841764 R
89.92594432 99.19467835 16.03117843
357.8981618 99.6336608 190.0597294
56.60579865 -507.1821441 -397.2472622 R
-383.1301016 -478.4120651 388.2360539 R
148.3139086 68.16812398 302.1097745
356.1431325 451.8863598 300.5247448
-232.5790214 -301.8941704 -233.7873809
-236.1988209 51.95620419 188.8608039
-113.5651625 442.9975843 -264.813954 R
-118.3290184 177.9075914 105.437251
432.3796035 -378.9695708 -447.0090811
-362.0086253 443.3374088 487.4683724 R
336.676998 469.5760075 270.5304717
-70.04072207 -485.618586 95.03304715
-312.7142892 151.288646 148.2227811
-91.86539087 515.2059507 -339.1495887 R
-184.17083 -142.9172722 -225.1115892
-6.967137963 40.6158521 41.17583635
-503.3714719 -464.0861171 134.481328 R
-501.5863037 179.8242768 -124.4109784
-486.1260819 231.9838692 107.4467722
228.4015018 426.8483277 -340.2267393
99.37381357 412.6230516 -446.4182445 R
-361.860356 436.1527729 -498.4549627
148.0420787 -20.99811009 -162.4342095
-423.9423222 540.3168198 369.2065923 R
505.9882154 75.99469297 -27.26856692
72.7722557 330.5575671 -218.1534953 R
70.639035 322.4946186 -284.4832323
405.5900262 528.9363482 149.5652453 R
-137.9640754 137.7066958 29.11460697
482.9054098 -356.6784792 433.609227
-491.3257612 314.9710379 -436.240644 R
-31.90776894 -151.5548271 250.8463696 R
490.3377491 -221.3568809 431.3516307
-400.5559854 131.6795124 -215.6774181
-288.5213152 430.5044499 -358.1992117
-415.1886015 -412.6674786 -420.3478945
-509.1242119 -407.3614828 -11.50395577
322.7441665 -200.7203827 241.5914689
-62.30530814 84.76655508 276.7830197
-461.1093878 -154.2067075 414.6501141
-216.7992566 256.2306667 389.772032
485.992741 -108.784172 -128.2031662
220.5030037 454.835916 100.9260078
-59.98829479 -477.6598663 26.19466998
-387.458912 222.9091093 -365.5983337
-429.5388895 -240.2067329 -24.91231154
-103.0372994 -272.1346507 -125.0837942
-312.993364 -62.40940847 54.3969437
-434.0131485 58.07982355 378.3879279 R
427.3378252 297.8642105 482.466947
-176.292211 188.34354 425.6601796
210.8564278 -328.349012 -167.8388134
-124.7218275 236.3181886 -249.0896273
433.8280919 380.3444212 433.5830431
405.1729717 -426.6167863 -454.4993409
82.69091859 417.9758887 -473.0358214 R
87.8525904 182.3473072 -445.9025197
-42.11853 305.5223549 -20.21253677 R
2.30396869 407.2472158 387.6963599
365.0678404 -64.36237102 -183.4881057
-358.5026772 -290.0008845 -214.1009826
-399.274336 361.0948496 -267.3429571
315.5480153 -387.0347065 483.2330341 R
523.0637866 135.6075671 -9.754857929
71.63149539 -264.6830771 -119.4328349
-212.8786789 -418.8292275 194.6469282 R
448.1745806 291.9068242 -245.4031256 R
-298.2107679 -192.7019795 -204.2691045
287.5536069 -199.2735695 -28.83539163 R
-156.9006906 -477.3169298 485.8449723 R
307.7908322 -5.394434198 -39.29330617 R
-198.0251501 366.4709816 316.6928678
-157.7437128 14.13584175 -134.9881861
94.94601686 495.6312097 368.2679666
0.03066248332 30.3647138 -102.4520029
383.7929839 532.9332467 -300.367537
61.03960426 378.7644098 -305.1627298
462.050197 519.3293275 -19.36250241 R
333.6444756 209.1897187 406.0353024
212.1687537 106.6181725 -62.71759702
507.3491639 -496.8235347 -5.209250436
266.6722752 -432.9288134 435.0140244
506.9529719 -173.1232709 396.4952461
-39.54429838 -3.697488149 -375.9061509
472.4364837 -297.2518046 -280.2610936
269.1496131 400.2297604 281.7645113
-351.8801716 531.3841228 346.5622467 R
-469.9737822 -538.7670923 -309.8319017 R
-259.0764743 -84.65974883 194.9620883
408.6149701 -198.3925425 61.87027495
-41.26296384 -442.0424922 471.4436309
-188.6205307 -476.8330245 -397.9208716
-426.4768037 -441.3258193 270.1273431
315.1020213 421.1596564 -346.6273534
189.3902409 295.0692769 12.6782008
205.3443451 427.3453804 482.6445923
170.4820224 -224.3789153 300.1867998
-366.4673012 -62.69617535 63.02646148
415.0119823 -261.3404424 454.2656703
477.5804978 461.3784868 269.2208195
-310.1056998 -512.1073144 11.85650687 R
174.7426236 269.411973 -368.7306224
-145.6228966 65.4075024 63.82843439
321.2359092 292.4987758 123.2884463 R
-162.9511311 238.1908962 -403.1603838
-306.2898028 -315.0275787 -62.16086526
-45.84773264 313.1207602 -370.8151297
-325.0053604 -509.5566136 -3.022991947 R
-174.9092715 260.3592962 -331.6276084
-84.4357189 127.5839015 -517.418703
57.18058709 -2.597687676 -94.34977438
-36.80810792 157.4954332 359.8859119 R
492.3895223 213.8614628 197.562475 R
213.0277901 -454.2793235 319.7396314 R
9.080713777 434.5832026 -79.81713547
-126.6439872 -4.389281396 -411.4228353
200.0324991 282.7053695 252.6894816
-497.6735988 -65.9573758 338.1466288
-56.39789008 346.9566852 -219.2215905 R
-269.4069902 268.4627527 267.17977
-100.3212633 -229.5803218 -313.6653775
-30.17280625 -526.6144042 412.4777683 R
-217.2998184 -398.4749599 -447.434
291.4654203 164.3367411 -93.32585231 R
-450.6183385 474.5344961 -111.3736812 R
-104.0546562 -46.03391478 -494.7310771
-385.801833 234.3276551 355.2063963 R
449.8377235 300.2801278 -511.716892 R
403.6819858 207.5408994 -485.0958525
75.93333341 -158.3142153 -195.4566196
-481.4099274 -491.7206923 -48.84352957 R
-438.3117296 0.5180503101 265.3970237
472.7010909 -94.9843088 -441.4752862
22.00847731 21.83796879 32.77024603
21.37636105 -466.0377993 -497.2200838 R
155.7199437 -289.3974926 -138.0994042
49.62281722 -22.73164743 37.32376044
-211.9373766 -501.7531773 -339.0202918
-89.84381598 -322.6866023 52.70736031
-410.574381 -141.433283 358.7120654
-261.0641237 -328.4417867 -118.342224
-387.783828 286.1743668 -351.0584814
-238.6589752 227.6035512 263.0537512
221.2239717 494.2810814 34.77087467
34.60347365 379.4405335 -33.98495236
120.4193126 457.5223864 198.1900935
-312.3332598 269.5503055 109.5459927
316.4276235 409.1451261 286.9022072
467.8169927 205.1654167 -98.6314195 R
171.0093923 -199.2663235 257.4111701
492.1993578 133.4009359 -29.10389477
525.055868 -367.4336802 392.4840189
47.06030258 403.4937826 290.8221878
55.7002008 245.7597534 494.9497862
-126.5002925 238.3589787 134.1897385
371.1605343 421.7839842 -519.7780832
285.5079403 -42.11244351 9.265271195
-226.5752105 354.2137454 -266.9534473
437.1387875 -455.5515706 444.7232745 R
-214.2399275 -274.9991304 291.743793
-328.7903252 40.10566511 -88.80224645
-307.2612197 -441.0271994 497.1083906 R
-162.9248376 244.7693943 -20.03803079
66.88273024 -6.521021314 463.8352163
288.2472343 216.6100419 100.9772581 R
-401.1460167 39.09047375 441.4088086 R
-473.5868218 8.006945438 -449.9239231 R
-230.0094849 -431.7085399 282.3733569
137.3250668 108.2213257 -289.8254803
272.8638686 88.65179949 -43.02963418
-388.8643632 -468.6393865 -161.3248694
62.24495961 199.2441949 -532.39108
10.93293074 300.1457845 371.1293455
-30.72272875 511.0904258 248.8400735 R
-8.488437428 -400.2513501 -146.3564512
365.150813 343.615049 33.20840729 R
138.1079798 -459.435482 519.5757006 R
-22.60078632 61.94506443 299.1500114
244.477234 405.3948217 271.3377532
63.29846783 97.05988893 273.5954585
-120.2496793 -198.2642857 213.3204846
52.30386265 -189.0752527 -211.9825535
-342.2560925 287.1060928 -370.1255301
-159.0769364 -467.0364252 -349.903175
53.23341267 204.5424836 -221.585617
-490.0036717 225.9066616 -170.3627929
111.2813836 -519.4670438 -475.4611869 R
-314.4808334 -18.61575734 258.0272573
399.8991719 62.49437565 -215.9754928
355.7142837 -354.4058745 355.0990112
338.6557363 -457.5025506 288.1635576
-206.0047056 234.8831285 364.8633179
252.2158172 499.6483332 -88.84343666
334.0336577 60.62775317 107.0193534
381.1705785 379.7688386 -345.6090381
-144.1766422 181.8414359 293.9262818
442.223491 401.2534984 241.7488062
206.1295922 -44.13846951 316.3497514 R
43.41854155 66.34378616 386.7998971
38.63929498 -6.423169837 -541.9730516
327.7181366 -167.9550026 -273.0662792
-152.2737969 484.9663832 322.3019358
459.9383826 511.4606987 -282.6295677
-257.3740794 126.5726065 -479.8017597
35.56680396 197.8306154 -231.659298
175.0901741 350.8866475 139.7412964
-359.1068527 456.7750776 351.0386291
486.469158 -497.5897639 -146.5402665 R
338.2868602 -277.9299217 -143.0204263
228.6725155 199.5394762 69.13319282 R
-192.6325217 261.0464931 -55.54478375
323.4018432 -508.6432111 -149.0467607
-524.8628958 326.6869057 -332.1547745 R
269.2880902 -199.4090804 -329.8912523
59.60782873 -335.0087261 444.6546806
383.3226155 445.2202498 -387.1454871
435.9884085 389.6454647 -526.0397808
98.03801816 -451.518769 -369.8283787
-381.7429839 114.1393021 -282.9282116
140.3867738 183.1584402 -310.9185536
248.7346155 -491.9415244 -343.4425868
59.47382784 6.979300118 -2.595653963
-260.1572333 -319.0381151 -365.2027861 R
357.9857075 417.9296093 -413.6171141
-74.08775691 441.8216658 168.3056432
-261.9217884 -109.2774353 -103.1382999 R
-220.4109879 205.4376081 -258.2159783
330.7111242 431.1491236 -416.4970523
262.6832457 236.9216362 -469.8501253
99.82474778 -288.3965344 123.3439731
-429.9241385 -346.0803812 -484.5805052 R
395.541894 286.6832296 -75.23839284
-106.653686 302.5697419 67.04585869
260.4595329 260.6113424 202.4647562
89.22289334 -391.4229486 135.5302474 R
447.1214225 -350.3547419 -262.9625714
365.6984749 -68.1005482 346.6357302
487.5559139 47.88067761 -375.5380051
456.7958935 339.7244986 373.5556063
391.3902979 64.07780354 -230.6410503
313.2306898 284.6793548 -439.1765683
-291.0855244 306.7944201 -330.6043721
-82.40653743 -425.0825646 -418.7600079
-214.7356957 410.2315882 -456.7873434
-400.7314509 -111.8461263 -134.3492141
124.8991715 -93.03713768 94.17267541 R
394.3586318 38.1498229 186.9216256
-240.8501499 11.5518599 263.7485631
-259.914554 304.0684483 -401.0321802
225.8517399 -479.8791463 47.44014654
-105.8524681 166.2017442 344.9809844
-365.8968703 -186.427921 -470.8206495 R
420.3066871 -242.3290806 -418.5919792
-403.5641747 -430.3166175 -261.4617606
-449.0858705 21.50075424 205.353553
-300.625706 -1.110064408 414.7385233
488.4666075 208.6479494 424.8637127 R
267.4455079 -334.979079 -531.0173397
259.0334984 -387.6426334 -430.7567051
-170.2179111 -228.4173007 146.6162837
288.3220086 488.5405471 436.0168793
-122.4771748 481.1618608 1.939692629 R
-290.1405739 -527.4138049 186.2513475 R
225.4002279 -395.4762626 -97.33152248
311.6258795 -283.911 197.2824754 R
42.49380773 184.8064474 181.305175
-481.9995578 -27.2644942 -355.2186843 R
-221.1978104 61.44419702 -36.94173105
383.8021125 364.1969579 -46.19091989 R
387.5419232 16.41098539 -309.3776268
-432.4849433 120.6532982 -129.498003
86.51988417 381.8092586 -106.0084702
-494.7859002 330.6024235 -280.7396104
416.5241986 -283.8300767 90.28644685
278.2409374 339.5569667 -415.6446181
171.8651903 -177.3234465 461.2195165 R
433.8009012 -281.1124989 533.4145159
-245.7050044 -405.8388803 -320.4186098
-53.19891369 491.7127747 -456.8245831 R
190.5811091 260.6071509 -26.17327423
515.9134655 -284.502346 319.871507
-408.6645563 326.8106308 50.4834532
38.98968504 -484.4675308 -110.185517
492.1562224 222.837765 -374.6354823
-516.9909117 -295.6605105 100.405607
396.8392548 -212.5843991 -210.2130004
-152.9242719 332.5579888 51.20464103
393.1403442 -433.8871767 -33.22548746
-4.102086337 484.1590789 -97.48064252
-524.3411286 38.06907046 -256.3802859 R
-412.6572665 492.5372951 176.7118034 R
-428.3962946 -157.5358355 -55.6743537
-30.52302216 -149.5561443 475.7439571
490.155536 199.2860117 -247.4254975 R
83.66706083 -122.3599204 -527.5589813 R
-129.8183869 -225.9423893 158.1543756
-541.7309354 168.4968851 485.9342535 R
172.3873144 245.8250521 65.28452626
-204.5001014 339.9060338 -417.5170802 R
-482.3021171 82.28022833 247.6404528 R
46.05302612 459.0891311 -117.1885201
-20.95921388 148.1642814 -143.6256956
-505.3874213 -460.2741561 -235.8831751
-192.8422151 -201.868298 498.4581129 R
-343.9698466 298.5473806 -39.45159311
104.2003385 -371.2902801 328.0664189
-116.9443093 -460.6963183 -58.71019371
-501.0044248 -455.2438642 -459.5944098 R
-411.8608361 52.40025597 -101.9858755
-362.8245728 -71.38387352 291.0697761
-124.6470144 -176.1411849 -84.63664697
437.5674624 -343.3525098 412.1036168
-177.9419077 -113.2181313 152.0086395
284.1420356 84.55980891 -472.4911166 R
404.5450929 290.4522776 -46.35589319
-346.1854837 -68.70894765 100.8191628
167.5497948 299.7798079 -48.8912712
-476.3944571 -429.3703312 182.5582167 R
-309.8026646 288.9493332 -365.4052839
-359.7247338 -38.00698027 457.5393379 R
13.62840089 466.96903 -331.108555
-232.941067 -77.5111894 324.2104646
-231.5094716 -32.93124528 408.6214384
155.7961458 496.6284228 301.5195097
-82.90656234 193.8529476 -92.94056929
-164.3446381 60.18560025 131.0505096
-160.7405249 -485.0664562 310.3586637
514.0304777 311.1978099 410.7154345
-19.79669946 -260.07932 142.9385391
-154.3145982 190.3977966 -108.303588
-389.841877 -527.6853888 -485.4222058 R
150.9312833 -198.2925813 -442.3571081
398.547072 115.9277604 24.03184659
-101.9387279 300.2513876 -66.33498606
481.9809159 339.6221642 368.627491
503.0295431 -384.3384204 -506.7659725
-59.37435565 182.3020859 14.6588703
355.6875819 -93.99679782 453.509295
-416.896915 -243.7292718 -52.54110178
408.2590431 307.8903543 -462.941327
-104.1997413 -195.3326047 522.0188538 R
-392.851917 221.2121473 -181.8517449
483.9879391 502.2754258 -387.9873545 R
336.0791335 38.3195915 311.093136
86.27240715 -481.3276994 39.69444789
-204.681678 -443.4007629 295.5464361
343.8622558 48.25796226 423.0432011
-339.5166792 344.938737 419.3127329
-337.0656967 185.9734361 270.6365419
-55.76305581 36.24790368 -338.2086043
-371.6552385 -270.9653675 248.7204894
-297.4082908 116.6572511 -12.7627722
-7.036715007 259.7931466 32.70715357
-409.1207343 -427.862714 -218.0891327
151.0097448 215.9861304 508.0048004 R
29.34049076 340.9528591 -412.678867
-365.2797392 -332.6789417 48.46921998
512.4424131 313.4878955 -104.1086597 R
456.6315935 314.3066593 435.697716
-463.8278129 -114.3388971 -480.6377316
507.0695349 -439.8572801 -149.4487681 R
-91.84825716 127.0276558 -506.2651386
-495.1301395 -98.00980243 -164.9822013
201.7546596 379.7461991 287.7547138
10.50407669 -120.6357236 -486.1699764
489.7938069 -473.9846029 -321.1062898
115.6326004 47.89285953 246.0906242
-5.575991654 -18.75837193 -69.25856138 R
-29.07694227 -289.447864 421.8627748
22.48044663 -499.5823086 -295.540354 R
485.736772 -328.4736176 381.3449955
73.27430835 254.5429406 -397.2406215
5.273402654 308.1640367 212.4250349
-383.3446649 -414.6564044 -339.6888035
-483.1657234 -438.9795218 -197.9770736
343.3496885 -39.76237993 -460.3137414 R
4.299397677 424.8170024 246.3044789
-139.3374347 -121.5912196 -72.1274176
108.7413476 -517.9871201 -370.3486679 R
102.3180677 -56.13364838 -514.8942588
-318.7073742 -449.6642114 76.38475327 R
326.2201103 -521.7019405 -399.1456013 R
287.7439647 397.036495 307.665613
-181.5334242 -150.7957719 -261.5945949
461.1120783 -459.5062165 -145.9115413
406.1044492 -174.8690848 163.2858186
-202.6360203 -504.9865886 -349.5490217
-185.4123316 -85.77268588 95.83869315
-478.1869884 -87.23903683 -19.43182923
464.5310669 1.464730323 275.944416
382.4147926 -306.9121987 -350.5465006
-138.1262994 502.1704141 233.1460621
461.8582392 104.8292392 497.0385899 R
-112.9728614 278.9178754 -363.5351805
-484.8478542 -104.8291152 258.198812
402.6030911 -422.8226391 8.977623232
270.0115548 -378.5924838 459.9875971 R
165.5109312 -245.7522004 -290.0196047
-54.08371324 -329.8911155 -160.5277725
-186.5974239 273.5844691 -77.4000195
268.5525283 -463.4371268 -426.7209195
-459.6700843 -176.2035555 446.4761195
-45.31590135 122.7855658 178.8276435
-268.7557196 238.6246004 107.7312052
-46.77551953 199.2584837 108.2009447
405.5552941 -349.0319207 345.8005403
-526.8472909 425.073942 -155.7918284 R
371.2226559 -158.4983072 90.31023014
-80.49473469 271.9290588 -68.9034507
-22.25266232 125.8099903 306.9865645
234.7388783 -465.4277929 -23.55731943
24.03770722 -313.1984771 356.7826866
322.3633443 473.7125118 386.7100558 R
-168.7867076 -137.0126371 -281.5687822
-375.1243842 -457.2360737 95.50418419 R
332.4717999 223.6420518 436.4666672
194.2189866 520.3719518 -235.7618511 R
76.8616707 322.5645128 453.7365401
-161.9780174 -76.37301566 -97.95552985
-342.4554809 196.5295547 306.7827126
-210.4468173 -188.0398835 185.7339608
180.6217809 33.13418105 158.1469255 R
-230.1384021 -311.778063 -387.6456382 R
-190.2850111 204.1011579 179.3047921
270.239224 309.5755297 -0.7717499892
201.5945005 -302.5590516 59.25042796
5.379823147 -341.4958677 185.5483504
-494.6473895 53.44980671 484.0355889 R
-239.3145331 -122.6082839 337.901355
-114.3123351 164.8560951 -457.925225 R
328.5765715 -14.92253606 -39.90917058 R
139.594011 -394.9868496 -474.1444255
-251.7997027 -184.3172123 36.38341668 R
-340.8957125 -222.5380965 446.4650857
-107.7847367 338.1423966 -344.7763189
449.2094684 -71.30850597 -157.0267196
219.5024987 -98.97359526 112.2175149
-193.8093924 -244.9600641 -104.9305087
393.122149 279.8913695 -427.9925372
-131.6753001 19.45173847 136.8140856
-372.7323947 -308.7982037 32.10428388
-360.6660024 -448.8646863 127.4475183 R
-358.1980008 37.21651193 228.3112544
346.2280627 157.4633644 76.50206453 R
-474.4991269 -40.10778156 275.0152672
75.54924199 440.2760451 -34.09217087
292.8387226 -411.9652191 -372.5567563
10.62231518 -497.1773238 -282.7255072 R
453.6477912 239.1742553 390.8239013
322.1004945 257.7025322 -4.116101042
28.02728719 -214.0030725 -512.6760879 R
-177.0292581 265.5372485 263.4734705
265.079215 -141.9701896 189.5389915
-443.2799421 -398.412769 -166.2430453
-61.47632674 -96.46287909 116.33334
-33.2012434 -50.83099769 173.589834 R
307.1559334 184.955056 -156.9024072
-90.90403133 389.2310818 505.0185032
138.8729499 -83.99646042 -300.4861199 R
-375.5964862 235.1597322 496.3164587 R
513.7615531 -424.4419386 -435.0166186
79.50425464 84.46130868 411.9263876
389.1079292 -106.6837689 -81.32098021
-408.080138 98.95801698 -257.2554436
246.9086534 -480.4114117 421.523061
-278.7275694 -129.3585324 -163.1553621
55.57597511 -526.8208667 -379.9230336
-244.2284494 -319.1097061 272.9956362 R
109.0748011 243.0723645 -16.45892571
-73.71717363 -289.1154905 -256.5094234 R
-240.8607428 513.9552157 -498.017135 R
-321.4896475 503.4481177 90.7471841 R
-409.3120704 70.80614482 -225.117338
124.2696398 -147.0075684 347.8780771
22.62437666 -385.7790026 -136.1066558
429.8688885 426.8425654 474.6875806
292.4795439 297.245896 -226.5052948 R
-62.74824878 290.2702468 162.7900806
-343.3080522 -275.8064583 454.6909894 R
-303.9571041 -33.24414178 -208.7804875
458.0938624 364.8972516 404.7715743
383.1262026 -361.8337247 468.2123013
-420.6492568 373.4830457 399.4770828
192.1120269 -329.9000473 3.616173574
-475.3280442 -89.7388674 25.00793374
-461.7562526 -206.0841422 253.8070006
-199.4294489 -104.3767782 364.1846107 R
418.9590975 -445.4219197 118.4065147
-287.0990312 -118.3896236 87.62643256
-138.5077758 -44.17734038 -327.1080912
299.0407711 -465.7949444 333.0084559
519.0321598 97.3876982 -301.921301
168.5224443 -446.7702028 512.3898487 R
85.43615763 -361.2030128 316.0962019
-270.89129 -127.2207578 382.9337328
-102.6439307 -229.9250507 -302.4236005
-473.5208524 373.3580822 -391.0129259
510.0799657 41.8706788 526.8155338 R
137.1929891 166.6181475 -421.5056378
-244.5762489 -383.2638245 356.5859792
-257.3877009 -257.5827487 -380.5512542 R
396.3742102 -113.5480449 -194.4638969
-61.87532255 387.5462343 457.6676131
-322.8118905 310.8470032 -484.0869123
-183.809971 152.238104 -144.9622889
111.0275501 77.36425075 -297.0433631
-151.5405198 -308.3464516 -158.1729234
-58.78380245 36.63503132 166.0665803
191.5418725 425.6183981 -157.5686037
-200.661571 122.6894871 142.8373269
387.1367527 -49.01676568 79.22276621
-447.5013039 424.8670256 -338.9715179
44.88090529 -70.8498483 -40.55724569
-359.3625554 260.6535059 203.2562391
295.1808055 111.5874432 183.0244745
-287.7653297 -313.7131599 425.6676297
255.8446965 -254.1074472 18.98946707
-308.8551411 -131.593297 -354.7748643
-160.1831143 -170.7072977 135.2057433
-341.8490714 194.5272968 -243.3844729
-182.4123096 506.516634 -218.6172134
-43.28789234 -14.21128987 421.8830834
-182.1730955 -425.9806031 -398.0126327
412.6466064 205.0084479 -312.2144782
497.1944135 -510.0826304 -229.9712105
47.34099968 -203.8842643 -298.7755111
189.9314908 -91.14136705 230.545294
525.0664499 -538.3315241 -429.8060702 R
-22.12891375 439.9567183 -4.746681089
129.5847026 98.78901166 294.2115475
-353.3026285 206.1785215 -254.6019712
-254.6777019 21.5246042 -164.3447181
-100.4056644 -117.7320867 170.8670351
31.96920918 -508.7828335 -274.4567578 R
446.8261773 -128.8042273 -296.1206356
449.3646799 174.9280252 95.50029101 R
-82.89378149 264.0485701 511.4053211
179.9165073 172.2819926 118.1043106
20.01404992 -290.5784616 -408.7660658
-487.3482447 -116.5800863 -301.4401343
-115.3647661 297.4111161 36.77655142
-470.7189051 -99.1366813 155.0072456
311.8344071 -487.9776053 322.8472402
-225.6251189 347.8634362 292.1290026
-429.9048403 -145.7518544 117.9852881
326.7555686 133.1580436 -24.98717185
-138.7255317 385.7647003 130.7745166
-89.81375348 68.12264351 237.4680033
-168.6363314 296.1275247 -533.7482558 R
-360.1993025 -372.0264696 184.9892248
-316.4283133 -366.8158225 -335.8129069
341.5240678 -273.7953989 371.8139618
509.39715 -365.8993559 -240.0415974
353.4668355 60.23349512 494.3847971
164.6410335 195.8310781 -199.0527708
-276.6301597 -6.727725171 -377.9722477
-155.1457041 116.2010395 -214.2306
116.8740629 -126.7231664 -464.8101187
31.3506568 -327.8309165 -461.8501432
380.4625877 -3.002842646 299.5988183
-444.798064 186.5523862 -143.5830902
-204.38323 -2.027723638 -51.93635882
368.3279504 432.1943549 466.4859468
514.1039527 34.69114652 -434.4803365
425.0443742 -414.2018767 -161.7910315
353.4061578 90.09860363 211.6895984
484.1350789 -402.9656245 -66.76148516
441.392234 -462.8360272 22.17315256
-313.1665602 -482.0076512 161.3616393
-310.3102482 -225.9010245 305.4422946
-425.9428225 401.2547634 426.4010732
442.5626443 140.1852084 424.0636708
-383.5431739 -173.0452633 289.3708568
208.4345597 -101.173717 -329.2190816
-331.0570088 -243.6805802 1.462053486
-108.3548898 29.81539206 423.3373722
469.8898313 -155.5800821 -61.83179099
-327.5707044 -318.1457381 -15.85541282
430.4093614 444.4833064 53.73000388
-268.0128488 -170.2507766 -6.462835303 R
-141.0340592 -459.2244549 289.5310201
-341.3742854 -209.1452342 360.1279899
373.2038089 401.0225969 237.0297967
-331.6021366 82.46216323 189.5867395 R
358.0936174 -183.0963207 -121.1566122
221.2931305 -465.0104685 -110.6415497
271.2801998 291.4409009 -188.7703081 R
-507.8195459 111.0731708 -279.9727843 R
-40.93913919 417.2626075 -321.0248912
-147.3059575 -262.4516918 -171.4777261
-456.6813339 -293.1860031 -312.8566333
-171.4521669 -82.41581944 -231.9333822
-91.28269517 225.8669008 311.3658381
-274.7638452 -222.0568493 -41.93728215 R
-376.3014618 -472.5400514 205.7544762
215.3913222 228.9478576 -295.2746424
-268.2153382 -484.1783393 -361.0335005
45.12221337 -127.3557265 3.597208619
-328.1835259 -180.2701805 -464.488275
-82.17536683 -340.9287571 -63.06372338
120.449871 -514.9958123 -403.0054656 R
138.8501785 -104.0348499 274.7998706
453.2017939 -118.6989131 -422.2325467
-116.7173689 372.4481384 469.2555336
182.556067 407.2621223 -2.133761092
377.5512671 171.3583393 300.8123385
-257.0620701 371.2210669 -156.2485337
48.43865788 513.6025189 -282.8829788
-384.9874008 -484.4928924 -171.7165162
-344.3833395 -478.0961922 441.3052324 R
-273.8562705 -83.37491145 334.8469131
-66.28436284 502.3929342 278.0705174 R
477.6882799 30.4105494 333.8668341
-131.8570923 -127.4620118 -47.21468802
214.3040769 -40.61624451 22.82884337 R
-10.16059345 401.5467735 -528.5837754 R
-0.6808126458 -245.402168 434.6960045
-124.5453863 499.5797343 -136.130985 R
-11.72204615 -503.2623353 46.899235
-509.6190119 -213.9299155 313.4077068
397.2964831 -20.23215668 86.31783802
71.47475279 410.6540625 -361.3285526
316.710242 -193.293994 71.2559803
137.3004898 364.7354886 418.057606
-193.4990147 -500.6449788 426.3481048 R
-154.9773285 -461.2200732 -285.8523709
91.29087703 172.3161479 -225.8794293
-15.29036152 -107.7042297 -197.3422527
-258.6737816 -398.891665 -286.2904637
370.7384829 -22.44690461 170.563144
178.4556523 -434.192998 105.939139
-485.0197105 -338.7534192 -281.4544965
319.6658983 -223.273556 -546.0848075 R
-28.52537971 473.3856776 -357.9095177
400.0702644 -165.1374933 -178.7229998
31.13034397 97.82818062 -359.3244667
427.0636862 -277.4914304 0.7027659018
434.4704518 228.1564664 445.3875657
-128.5222155 -244.727618 -99.62218814
-489.3493548 -230.5082425 217.6481374 R
-191.6444989 18.89993309 -149.2234316
7.982090858 -306.905869 -310.3422175
-155.4241326 167.4528264 374.0757937
35.49451751 -481.6363021 -95.48790356
-191.0371986 212.945763 -254.8869588
473.1540807 -473.0237076 379.0454576
-239.1314016 264.0992885 476.5152316
-434.178889 222.7886493 -388.413497
-10.95158595 -156.136427 4.157156824
-531.5682615 164.1735576 -407.3276063 R
266.1719563 -26.66702784 82.25950227
-104.552496 -501.5840027 -530.0953684
-497.2285061 -87.17942317 327.1258425
-208.4615283 397.2354056 -537.3922436
190.0517491 59.81990078 419.2770897 R
156.0727629 -144.500359 16.92748074 R
108.5550165 124.28713 494.7310272
287.8024568 225.9745834 -263.1328075 R
-26.16215712 -409.7004677 -492.9869911
-104.0576057 213.8081539 -383.7294625
504.7938786 290.2290173 394.7882316
-171.5571622 -362.7186724 -427.6123622
-431.6569181 298.8788266 -38.96132377 R
531.4525569 -367.2043461 -429.4019203
-6.824616782 278.8695024 -367.7197229
-452.5716993 -21.05398898 492.177403 R
-286.1455822 233.2427814 75.61835438
-484.278986 19.98840099 -83.38354776
-527.0656328 -308.7949246 -52.86687783
-98.06017516 536.5958215 29.96504076 R
-106.0881474 262.9746535 -308.659536
252.295093 413.5059009 442.8394248
168.6560134 -380.1990237 -39.43679942
355.2287915 -163.9875337 280.2353912
152.2707479 -381.2603111 -350.5342286 R
542.4491003 -30.7486089 -524.143549 R
372.574843 -309.2402308 344.3058135
148.3923233 437.80243 -132.2062561
498.0078653 485.9018241 -172.0859327 R
-527.9758782 -117.3561056 -129.5508539
-491.1205793 464.3481476 274.1582871 R
-196.7042842 12.38292995 351.8410003
-99.23598197 304.9361125 302.6803652
-159.5713754 229.8442177 261.318697
89.74841392 298.2345393 120.8583573
447.9238146 -32.29411596 478.9605973
489.8114378 -213.3467277 -237.9705926
-330.1806469 392.8761745 83.96639009 R
148.1965992 -477.9482421 526.3964325 R
-198.4398556 -40.59766756 -210.1698499
-127.2624147 -382.2467771 -96.31388782
-15.07978517 296.7198139 81.87496091
-225.7151679 220.5801533 -132.422482
198.3604861 201.4902988 -235.5754659
-407.8184213 155.6136605 -158.8524467
462.8329472 79.33856619 -314.1923048
294.4005552 -210.9090958 -0.2125927547 R
179.3335878 -234.1245275 -159.6035166 R
55.4093766 474.5049605 539.8967231 R
-211.8662205 494.5456302 181.1919569
-164.8537776 -379.3247087 336.2405514
-445.2523314 479.0086871 -216.8633647 R
38.4135968 -505.468401 -445.0300155 R
175.3737696 18.37604304 231.5775991 R
134.4747584 111.4997036 426.6213281
167.8809002 413.8835938 -280.8785603 R
259.9544434 463.8371459 -34.1437919
198.61268 397.2851704 83.52216399
34.71352897 495.4109506 -121.610186
-166.2605789 -205.7363576 331.1141728
42.13342068 -133.7174973 494.1326987 R
-39.88215536 117.7345044 -455.2854951
-368.7166152 -417.109268 -86.08536662
89.34843246 -405.3041494 -305.0772374 R
-459.5542984 477.6934809 260.6194782 R
351.1153483 101.8141016 -199.9800986
-59.96771608 177.5426824 -75.88757768
-514.2953687 142.2152881 318.9202713 R
76.86765833 -65.18451002 -90.12169361
-474.174265 -241.3007811 70.2136721
335.9083307 512.1417147 -480.0777454
-68.47071038 313.4248693 446.1004302
-112.6689956 -235.0052585 193.5918888
-479.176257 101.1580761 -36.53297799 R
-12.905049 340.7038765 -204.1672014
507.7467049 -395.8030587 26.08670056 R
119.5408814 -99.25600166 136.1327648
-303.3343659 -285.7750317 312.7099907
-285.0023461 31.03099355 -188.7246797
-251.7203108 -2.156191387 -471.2135609
-357.482583 -345.7379371 52.99666175
9.439407477 -39.77752319 274.8632089 R
-488.1741435 380.4792821 -43.1768039 R
62.59245561 520.1360715 297.6182982 R
75.23889556 272.5640154 56.32260536
-26.71191614 -103.2890941 -354.7083446
279.3720527 31.71902013 412.5469281 R
59.35280013 277.0886006 -403.9201933
-311.1836665 174.6406594 -14.76876948
126.7891785 387.5496928 -167.8078919
-268.0394717 309.1416094 462.0541103
-376.505206 -500.7362066 -131.0056433
-60.51106208 -492.5496611 -435.6865152
-471.7013072 465.2441752 -286.8526358
-125.5329856 367.5785488 316.7951309
-387.328395 -140.0494042 -370.1046538
251.2847169 -107.5242044 188.4747574
466.3439503 -524.7840884 -182.9935656
250.9142639 133.3647952 91.32651657
-458.9804635 -106.4644317 41.73428146
161.0818292 -174.1587242 366.1883042
216.3062769 -496.7593804 -191.3362425 R
-439.402 297.5974468 39.68821042
-349.5638269 -534.8037484 -96.29867238
-181.2333542 182.6679553 -271.6830868
373.2261617 -473.1792768 412.666441
186.1761132 -348.2723201 -13.881648
256.6522345 224.4280618 -152.8911524
89.01869253 353.3729012 163.7642493
350.8214811 469.4793291 255.0301444
-290.1277981 56.66290401 346.9211817 R
105.1765284 454.483606 243.0430848 R
60.46913809 -424.4525791 -436.0217427
61.21895679 -232.5736042 -342.609953
300.2545133 405.9681514 -483.5006751 R
429.8808268 152.5359735 251.1464264
-408.2727117 197.8694628 502.216012 R
363.7930038 6.451239127 212.7033502
-326.8393936 -234.7590274 -323.4533805 R
-71.80463312 201.6312134 -530.0270541
411.6367939 353.3878213 106.7315576
30.25267855 -144.5634674 -465.197653
168.3582599 -189.9201931 -328.6510977
417.4405198 300.0308225 120.6417821
234.7298002 91.91431454 -100.1697754
-155.8817802 -91.66804961 286.7404183
-63.3192944 -145.5525474 142.4805254
134.4596469 -216.0960912 -407.9026812
530.6379288 -475.029856 -233.1325502
-348.3237416 -140.4193051 527.5283141 R
-509.5230973 -486.1770499 -48.78416463 R
139.7090468 -195.1956609 -481.8419656
501.1286577 -202.0255719 -456.3611156 R
-482.2511936 -424.0692869 148.679157
267.639348 -251.3014041 232.0698715 R
4.298786414 -430.9810831 29.12399518
-129.4521609 -525.5167256 287.1954862
-52.04548295 13.67990563 -158.6273036
-105.6175562 86.82386302 477.6075084
427.6587987 -128.4260548 459.6097918
461.3519242 151.7700481 243.2435962
-449.1840137 -433.5293256 478.7754051 R
-421.909967 85.75542772 -103.6139531
295.237341 -493.9233703 234.6371476 R
-261.8337994 456.2876291 332.6146413
250.3999753 -125.375476 -56.18574339
-283.3690841 466.4106861 -171.3730084
-493.3922793 266.6892739 50.80117224
221.9108569 497.4605978 372.2837975 R
275.6406918 65.36655839 48.12491857
-29.77502979 -186.8303551 370.1091234
461.3601104 -9.15185768 -300.7599914 R
-161.3193725 -387.2444887 -128.5715518
-299.8418774 281.7035889 -68.15689022
168.1171625 -159.8274339 327.6921614
355.8714459 -408.4720253 149.478542
-483.1383596 136.6187676 -346.4652897 R
-134.8655217 -394.4462368 368.8187553
-226.0862818 45.39795743 -439.9557979
107.6499588 -113.2601051 -161.6677176
179.514024 189.737281 -16.46250929
266.5179168 186.8283688 239.7445702
172.7457641 -515.0714104 -302.6023581 R
-210.5686482 -513.7850472 -143.1346086 R
-304.8787786 -92.09097981 332.8398712
-381.5401342 208.2181574 -503.6171965 R
528.0136596 -21.29046454 382.7809341 R
-432.9540344 -100.431464 396.5241028 R
65.91636285 -59.61387101 -284.4312058
-218.1087023 -32.02852238 422.3927309
-17.42629401 245.9470429 495.2850207 R
337.9893674 18.80686388 469.7648846
65.05151047 311.4525484 -501.5326058
-106.7823871 229.7708618 -377.5564819
-214.5639422 97.07316931 -193.8766626
477.2287301 189.0572552 -422.8908277 R
-286.1893486 117.0026139 -392.1530906 R
-333.4220375 14.02884122 -189.6705905
221.6121993 -499.6924694 33.82046039
-477.2308228 145.8062655 -515.4936396 R
-389.7754463 -440.5590946 -503.680084 R
-312.5489619 -66.77552078 307.4285027
-404.1835732 267.7640128 -338.1712578
-78.92973552 -471.018182 -438.5642422
-142.9480735 85.66621457 -379.170998
466.9178935 -158.7428018 -332.4145104
83.1544975 403.048487 219.5372053
333.9908944 -244.9585304 -518.1504488
453.9765587 -125.9448528 -371.8231662
9.07687208 463.029162 330.6142258
-381.5824884 -239.25567 260.736516
-522.0671058 269.3296294 -425.5989783 R
-220.629783 500.5804988 -165.8384461
-175.5225613 126.4898107 -529.638044 R
492.728573 23.21726397 444.2104785
91.44475043 55.34471815 355.9956476
-326.6955237 484.1890122 212.9414094
496.476088 -208.4495984 152.6586897
-369.9697908 211.7376434 -272.4277365
-345.491098 185.4268973 -309.5862275
-473.1081158 174.0844101 -257.4334859
341.3454379 -137.6527062 217.6043169
-30.78576553 333.7489963 -482.9552496 R
342.3821181 -138.678198 -314.5369876
-99.77951633 138.4916647 357.2813277
-265.9241672 44.54502181 -182.1681483
460.5169573 -363.0188069 -172.5558893
135.9462744 -193.7723952 409.8373169
320.4480589 -276.8334175 455.7006314 R
511.1176841 195.4270213 117.1472049 R
496.2592063 -51.83188041 -80.19134289
-177.1146054 495.5591242 -61.35790999
392.405561 -287.3674553 -130.4584688 R
117.5942939 -175.3084178 110.9139975
-424.2282786 -17.05075109 -474.3610987 R
-95.6296708 -542.3890272 151.4069539 R
-170.303121 223.9855784 -128.6565412
422.1728547 -348.3671261 -327.1443141
476.1070244 -359.3987705 406.7862319
-448.6521473 -21.46322059 -193.6575343
-443.7641833 123.3985118 103.3984397
-130.7763729 124.4863955 -144.9065986
-163.9056114 294.0446545 -299.8123902
527.2880193 -126.154839 -412.0326851
-294.5275944 -467.8834617 439.7950637 R
-421.323172 356.4179474 439.3049147
10.31686295 74.33655235 -159.4195314
-9.032501975 -448.9417623 -485.665467
-167.7845685 87.27397624 -234.0036983
493.5912747 -424.5503749 34.58641063 R
174.9094296 309.5026127 -455.6716362
357.0085555 434.8668612 388.6799846 R
148.3491669 338.9723404 304.5083797 R
-33.86644271 283.7487976 252.5495032
488.8886644 91.22935792 -394.1611797
-516.3878211 -300.4548496 -271.3724056 R
-46.66808806 -382.0892729 -30.24584712
-109.4431639 122.3711641 249.1993878
-416.2965256 -255.5368479 148.7254066
-9.055812608 243.2965756 -165.8519851
78.90860442 -469.1483589 486.4296015 R
-499.9425199 -326.5665572 294.2298783
372.1064099 61.32665699 -245.2539367
386.6214607 -485.7466078 533.3462824 R
75.71216964 -254.9723687 139.2908373
466.5924626 -309.0200022 420.4464516
-417.1325376 -423.6303387 205.639881
32.83716771 256.0667727 -461.2510076
85.62646912 -394.0589964 -411.2494207
-505.1861268 -132.9507874 -227.3246406
216.0564251 -397.5837638 -355.9452564 R
248.1344999 -401.7691222 -457.2549888
-124.6531558 80.69505629 62.58543298
-421.7644998 -55.52969793 142.8437301
-451.9905303 -346.5367993 43.48254988 R
-172.4220905 309.0667452 -209.7496747
33.55241334 -473.8171834 41.61669229
276.6800767 -357.7550188 -232.5642772
-178.9988177 -59.6972087 454.9882455
-325.7443012 364.1920697 141.3948951
-455.0013898 161.2846021 -177.6495315
-497.3114637 18.51387168 27.99661992 R
438.2968271 -384.8409881 107.5872914
333.761311 -241.1069973 -151.2075486
430.7789383 356.4143325 489.2178731
458.4342322 -351.7674457 165.7976657 R
-50.74777381 341.3186416 487.3248549
-464.7247584 -54.36801772 -141.3709045
-412.6613014 -71.54606257 -436.0638899
18.76155328 43.46192199 81.19934712
-58.38695467 -475.5157246 -128.4328352
-60.12247296 519.4559076 -396.3143138 R
-410.5299903 -109.9036172 -188.7440158
-397.3774418 347.0873823 -402.6630859 R
263.933729 -128.7493775 -93.01881439
230.5550718 -16.37335823 379.6020773 R
237.3387382 333.5874535 -10.00015715
483.4239384 -54.37890463 318.7219736
-397.3206532 224.6172894 -1.850311176 R
110.5323197 484.0718263 -314.4134546
-292.8862089 179.0125018 190.4133147
-145.7039209 -34.73068615 437.9543652
-311.2946899 -216.8568807 -375.071088 R
154.7793102 -324.7431558 246.114399 R
30.64535858 147.597031 403.8012127 R
273.8769564 367.5471595 334.2296163
-176.7173059 217.7365182 283.2064705
-36.21283628 -219.8300283 -187.046328
506.7590238 442.9366205 -72.44826243 R
332.2126226 301.4851375 541.0393912 R
-355.4448097 461.0982343 -239.9940767
396.8799923 53.85787012 7.383932526 R
355.6392891 -186.9550559 470.3823883
328.3386251 -188.3677017 95.03305909
525.5887291 -182.9904844 118.9772303 R
-329.0241455 326.6163096 465.9567011 R
-346.0638835 -79.14331364 172.4477088
-491.9829832 -10.74461988 336.9885367 R
-134.1623958 326.3948824 -232.163085
-389.3101276 516.8342903 455.068047 R
-390.8674584 -416.1096852 286.6594899
493.1636465 -172.5173866 -369.2350604
-128.632206 -14.549183 393.470706
-306.5718294 -125.2960068 -309.2061659
205.2567149 380.4960253 54.55994104
-447.8887384 91.42106676 425.1032943 R
240.089295 -107.7584893 15.54875755 R
-456.3123408 347.257886 -305.0160938
137.9071758 -59.98515651 59.24043389 R
-379.3711856 -271.3836257 -128.4785451
292.5520161 -434.9900413 -307.4936495 R
388.7291745 -1.163519425 207.8350972
-94.99163766 499.9565405 364.8711075
-358.5252822 268.2748282 -250.9880732
-237.9948704 311.9845231 417.2936672
-375.7398328 -87.25224428 -383.7219681
383.3331076 18.65570098 118.9620679
-204.6901074 54.34207206 -21.12219891
-127.4861783 507.8462009 -475.4975519 R
-156.8915348 -1.607020571 -258.155169
514.136853 -432.0099174 -496.9063849 R
-452.5308025 206.1349915 -464.4478636 R
-153.2665584 262.3846023 55.13469406
244.8113256 168.063249 -465.2898868 R
-343.3737162 404.0203861 -501.1596749
296.1316848 -119.8237817 236.3245562 R
-103.7428909 181.3539794 26.92542941
333.8992642 -107.761277 -103.257977
378.7725466 -528.2999315 -220.198967 R
-41.77820487 -240.2544276 180.0463976
-240.3770368 -98.31853932 194.8793406
-405.7083994 -197.4770506 208.1373403
185.4529254 260.3080555 182.1565024
478.3224693 -386.1875464 253.4040389 R
259.7510091 359.6078986 467.1089159
-5.811907881 399.841826 -268.0367074
-232.4805683 -20.85181099 -288.280784
344.036176 219.2373638 113.4417341 R
545.7373825 -269.6125308 361.6365146
42.06835133 482.8241496 202.6662018
-163.2827968 -150.0631452 394.7760164
-370.5771827 288.519441 -360.0508161
-411.4180959 -190.3915198 -256.0657181 R
-2.277785185 -105.5788958 34.66595705
-89.84563782 -199.2602578 -245.040596
151.7545551 306.9411472 -483.5674738
239.8506737 414.0171109 -467.0698694
-310.5852512 -229.6825041 211.7285497
118.885933 -320.048794 508.670678 R
285.1327185 -83.91950671 -208.5218284 R
487.6384783 491.3717456 211.9919729
-185.4595652 109.4821257 -507.9138516
350.2454502 197.5700723 -233.7745803
18.17582994 -492.272566 -79.13240068
-342.1314061 425.7359074 -232.785728
-103.698257 -74.66567652 -73.23489763 R
349.7518301 196.0990117 78.55905622 R
350.1579396 -258.760276 15.73844516
-213.6632982 -218.0455193 319.1845414
524.6367083 -289.9417065 260.4281476 R
-134.1503924 75.23431134 30.12490217
-499.3228152 -113.2711057 517.4403879 R
-220.6385991 -124.7883182 172.5963343
-401.2337189 -327.0478239 -24.77575115 R
380.8716637 123.5292628 269.6968555
3.200973296 398.5210796 448.4261311
-387.4948379 -293.7323104 -194.2703526
186.5982051 -502.5311875 188.5565995
-414.2103807 283.096683 -425.3456803
-153.7914635 265.6064136 12.47874049
-21.78544971 308.6479128 -345.7769732
371.0962562 -483.8942301 -503.1013351
373.0424603 -161.874398 -279.7565804
-11.00728079 -214.6052279 -111.7507434
-302.4720402 -335.3263817 -221.9133625
305.4969078 -220.0877181 363.4474385
-78.90599923 434.8839618 448.3102575
97.10547673 -48.49479685 220.9892494
268.846051 432.4097251 -276.4195662 R
513.652816 348.8914853 327.6464929 R
455.3389508 67.54950561 431.9247451
-26.02731176 1.802161598 -136.8822088
96.3396804 482.6327869 114.8570232
-539.1252262 519.8462765 383.8629191 R
-145.0396984 -83.15316289 -109.1346427
94.01795865 84.80440189 294.9418781
-8.718175282 -272.0893288 -300.5688772
199.5782146 224.5023388 366.7132882
478.3880879 521.2149478 -279.13881
-459.4090319 514.0107314 165.8655893 R
101.3488962 175.9946811 -522.2197504
-14.29521485 -231.3808625 -67.69295628
20.70052985 -275.3120763 -257.228267 R
154.4504383 -519.1613397 -419.3719567 R
80.835137 -363.3426292 306.7408621
201.8137347 285.5363122 354.9478127
325.0637599 -390.1960125 -107.8541952
-303.6049508 4.244125648 271.0226809
216.1383533 492.5487259 509.0038297 R
-175.2853826 109.6505525 32.66601505
-513.8241901 185.6217067 -165.2870491
-495.0314197 -136.515872 26.62184462
-53.93105151 339.6345811 -25.77318696 R
430.5546394 295.4804927 -454.5620175
34.97393325 100.1272141 -245.4948967
314.5051725 187.2025173 -346.5442
168.0433239 135.2343938 444.8565321
249.3739805 -292.1849474 -2.275505469
-166.7643564 488.3602066 408.7227004
410.9851836 215.780269 -482.1182369
356.7758666 -29.17136051 -174.1411542
-336.8746065 120.9978953 33.81117372
211.1276675 71.78479261 401.1641888 R
-9.13677962 527.8967513 -7.937900591
310.0185347 203.852334 -366.051062
-347.5632272 213.1130947 268.7645404
-307.5665823 441.9950016 -122.3960418
-448.4724659 -39.12643693 -128.386162
537.3165943 -490.738007 490.0074618 R
164.6935283 -359.0564573 196.9850693 R
-182.3798758 76.50589932 208.1946005
-390.5129113 -481.5018108 -145.2932591
198.0814943 -452.5457617 144.6216388
167.1893603 -411.3223644 -499.6196615 R
-500.7551148 -470.1408061 522.8101905 R
376.0110867 70.18683317 -170.0316649
17.75863831 -458.7596623 305.0279872
167.370085 -275.0680276 -302.7523684
-181.8694075 -304.2848637 106.5498057
85.88303164 243.9588344 430.3447746
509.8774411 183.354817 -311.4291919
54.92624066 -235.8822295 243.9112108
-58.94325634 488.6580662 -126.976253
123.8321005 254.0944725 -362.0113795
-256.6596909 -437.4746863 470.9987932 R
-96.10255016 -188.2904923 -239.4547084
172.3653189 -44.16791106 280.4023561
-353.9827582 -316.2493693 278.5176114
491.4698633 467.7120425 -293.6792219
316.8369281 -464.1299567 331.6957461
180.9335671 -129.8580399 245.8523358
462.9079547 -110.9441651 -333.6690173
-531.0443632 -421.5043797 183.0202218
-370.6204012 321.2041215 120.4103793
371.3726905 183.4890797 -194.4084463
-181.9870112 -425.4663026 -454.0056403
372.9641687 47.86922841 349.9659806
424.3994497 -150.4638708 348.5278835
-438.312744 78.14844323 -198.0400296
55.55254795 198.8498095 -14.45233538
-60.06071119 -112.1079704 448.3556959
141.0788567 128.4243807 -519.5100668 R
400.9291982 -507.0501106 -55.41991551
256.9807729 -323.5431146 23.14166287
242.730137 -142.4055858 477.8266426 R
-148.0689393 -61.91904642 -96.62654039
137.9982081 477.6479768 -105.2127689
-302.5016122 -520.297584 -77.54536043 R
42.31793664 -275.3284552 185.7981528
521.0011126 80.35835852 -105.4651768
58.99627079 460.8598678 -88.30896927
392.0003868 244.517647 351.7349003
321.8659195 -175.9848117 -147.0121695
-219.9128529 485.92557 -193.0892874
-156.5476682 301.6309445 185.1809043
291.6914974 102.7113392 -6.323388286
-226.7595038 478.7317587 417.6529103
-517.5629098 310.5714379 -301.562559 R
-144.5018242 -92.40340107 435.2433328
202.5086197 -383.2978737 -256.8088209 R
50.27141561 79.52925108 126.5447659 R
517.4733405 187.3754792 -147.386649
51.8487189 -374.5072807 -10.33782224
156.3354105 -257.3066579 -421.6375643
-348.1873361 -179.779556 -54.32270936
266.6199918 497.3677125 475.7334041
-288.315734 -497.8034502 189.9360804 R
104.5748492 502.2322327 141.7199773
111.2982216 -2.856986592 129.5763227
6.70346607 -251.0224223 214.0603859
-346.1180324 -299.3488683 -0.243445713
76.49365649 -151.6970268 -187.7141575
-49.24803629 464.931172 157.1276216
296.7147466 391.903288 255.1465455
188.1901956 -94.30003654 144.3736115
-207.1280419 -75.6850669 -2.25582377
-216.1858304 -242.4642713 -412.242445 R
-274.9387563 317.6579328 -375.9951294
80.0590062 208.260143 -6.876289457
462.0340996 -298.9438886 -248.0034478
276.6142007 203.3391761 -173.8546465
-519.2271322 318.7548221 384.9306608 R
204.951053 34.35084969 207.3494781 R
318.7328946 498.8521194 213.2458347
429.7337428 154.637762 -261.0587039
-203.914173 -96.48582204 397.5233847
204.0436005 -200.0369851 -210.9459276 R
-355.8875338 -418.6133337 -139.5724779
74.90962474 24.43106413 57.27508226 R
-248.1488639 287.6206573 183.4771875
-490.2598311 -252.92481 -215.3172804
-398.6881553 -185.0612386 203.3430961
-435.6853709 337.1505629 -287.5706099
460.0286504 69.41895124 500.1114594 R
-111.1387442 -34.3988575 -9.965055257
126.4445004 -135.9127749 358.1307207
-494.6180371 139.0272518 272.1887853 R
362.5665155 -448.2133983 156.1960716
15.28556965 -88.77911247 -108.5393628
-494.2888165 453.8104091 -3.395592826 R
-126.2779564 91.83513156 -129.4655491
105.7698143 63.72840414 199.0215985
259.3341807 -155.8237064 -463.9580367
-265.5532477 -449.255378 279.1100897
-150.6769778 140.4244199 142.9016338
185.2139267 193.6483237 440.404719
419.4998293 -195.0773651 152.914288
525.4905353 424.4798862 385.495797
-117.3007626 24.65859931 -312.7198849
350.3278114 -506.8551211 -154.4470023
-184.7997896 -483.4224565 -98.97751434
-42.38756641 88.63113031 15.90965784
-350.6120285 -248.124606 261.0555083
333.3160947 -482.5884622 302.0139766
-230.8152289 -380.2990036 -229.5060275
-362.8675769 247.8394162 -270.0538513
11.25528906 -535.2477729 -21.01772277 R
-250.1531689 4.399183738 -432.001426
-386.8833561 -490.6262034 -322.9394479
473.6537145 512.0387838 234.2800942 R
-405.5902672 331.3779892 -255.3707318
14.87800829 -91.81390294 -6.404443592
-203.2151981 -99.22459412 -50.04906395
-310.9693247 258.8404792 360.6138441
465.2899443 -261.564545 508.6398182
146.5004253 -475.99351 -92.15865407
-307.8261826 -39.38182658 369.027895
249.6151585 -352.1198514 -459.3213798
-228.1354301 210.7966123 47.17544095
227.5437961 -16.32780694 -65.41189449
-203.1315019 -285.1150051 153.4937881
-8.301050271 242.6880711 503.0974665 R
172.1977656 247.6550964 165.9831498
289.3198207 -105.2568138 237.9243189 R
-410.6348356 -443.1946386 292.8464355
215.7980121 323.5702733 -187.4543623
360.6354425 522.1521812 116.3880547 R
-307.5563802 352.8558908 -222.5894447
-211.7775659 435.0431663 79.21962193
520.8511162 -429.3946223 0.9942714672 R
412.8370831 -148.4151221 298.1160553
488.958194 298.4918326 454.2816855
-123.6206038 -91.6250515 143.3778269
114.4389025 -34.47280843 479.4502085
-201.8899654 -148.4620657 -138.05791
373.253692 -254.4934011 -198.0621086
-410.3310026 417.0132679 16.77843332
-521.3837382 303.0558096 65.21736497
345.6009265 -226.8388685 -417.6577059
109.5806186 74.1465409 -255.4184514
39.55640892 333.4958789 -147.6313085 R
402.8271101 -191.9563981 -513.7626486
-321.7352579 510.3793545 131.8805184 R
263.1381865 347.2577043 -0.8166182818
-215.8628743 495.8443582 -481.4308716 R
199.1627684 -548.9001999 378.6388121
-242.4697703 -30.32162619 416.5208002
71.57441637 -471.0821138 -339.7914382
267.8943404 422.0429724 381.150219 R
394.7539455 420.1967313 334.3552516 R
-348.895167 -356.4741864 -193.8349393
412.3051796 -318.4287727 -161.6654144 R
-221.4184869 -472.0298283 271.7220131
-452.3488173 372.0296316 114.155351
87.75424714 404.0185364 -422.2878586 R
499.7035536 -258.6671324 -209.116676
-504.9895641 -17.01302414 213.3379989 R
-521.3691457 -111.7524928 124.9405812 R
-314.5468285 -50.07348637 -3.676930159
-379.969586 67.21640125 -65.0500076
453.2381555 -257.0843831 -506.9542982
-34.15876998 96.72844033 126.2762473
-332.1948877 76.0911317 -502.8956332
-424.1376207 391.8134801 -195.7372565
-254.9023926 92.48001948 193.3197297
-447.7871378 3.920876794 413.7260985 R
334.9481192 -290.2086785 302.3252658
48.63613436 -418.8095083 458.5451061
-203.5717289 143.0602195 367.6347141
-446.8512707 -211.5077896 -495.926582 R
-495.6620055 -101.5183802 511.8846077 R
-285.6432817 243.3374733 210.5156348
-391.207985 20.68414832 171.9582983
253.1074303 450.2897079 -37.78101844
-396.3967981 88.74614244 256.9749562 R
-267.6615473 374.3882771 -390.3059716
-18.17886997 307.3763908 311.049492
-385.7253781 185.8174334 176.4691789
281.4706852 -268.0095053 -424.3676383 R
-309.6593026 -512.7579364 6.867501692 R
-285.2887789 -244.3487396 -0.772736023 R
-301.5929178 494.1189064 -201.0372922
-419.9719747 117.0084376 81.23518402
289.6774307 -394.5634686 -90.2759362
536.5323225 -467.8877612 451.5186542 R
-200.0769045 -123.8519668 -437.2613621
420.964771 313.4153869 107.7112632
-44.1279465 136.9072652 535.5788797
386.5251357 205.3651864 176.7109544
508.991085 -403.0666833 434.9461166
124.11567 21.44128048 93.41858831
-15.01579818 379.1814893 -134.6372293
491.3931734 137.0640392 -189.1176317
-509.5303279 485.3545558 -401.3927476 R
-282.0778244 -357.7945571 132.9040277 R
-10.90868068 -378.7735825 248.573659 R
212.3682689 76.58222156 -150.9138006
404.5132218 150.1001913 -485.9301553
24.88618458 -267.2897205 -165.8348645
-232.8364039 420.127739 -474.7448667
437.1067149 -158.2727277 75.5840519
159.668471 486.4835456 337.1648304
134.508932 517.1626984 102.5739532 R
339.881005 -233.1486876 134.527368 R
40.09974253 -419.2424126 36.57624995
-119.387474 381.143402 -239.510696
-271.4410738 234.6815337 -323.3952772
507.9369833 -176.1513046 53.60411236 R
-189.2336928 17.79886881 17.44865432
-218.8297231 -252.8418864 -533.6536875 R
430.6171637 -516.6999275 216.6404055 R
422.7132548 -434.000021 -459.1931341
217.8562543 -284.1496934 241.872291
-113.5535962 -79.02233821 89.3188184
314.0251952 -29.33104511 39.33839063
-453.9948138 203.8653157 425.1174843 R
-307.0676998 -470.8429916 244.2649893
-142.6990485 -249.9875167 237.1752003
463.3984444 506.7377226 -7.63008417 R
175.6344001 -467.0968906 218.1236742
-12.42582732 -277.737445 279.458216
-242.1110512 351.078838 515.3466148 R
-41.654426 398.9050756 -152.301821
142.5995799 132.3991734 -301.545033
-477.8606486 -135.2981435 143.1413173
306.7940577 524.781792 -349.4777906 R
457.0002166 -154.1570987 -435.0294227
71.67133188 43.78487945 -157.8943081
-173.7436491 86.16076709 293.1134718
-407.6367878 399.3689339 -345.746972
394.7397783 349.1995257 -162.2319966
-376.3825832 338.2585005 -173.8605517
29.60698795 446.4376546 488.4102238 R
-80.30119605 -402.5104829 -85.53489754
-464.06099 513.6790047 421.5643802 R
260.0044255 -209.3533247 222.6074515
516.1839514 -445.8429005 106.2927444 R
112.5227175 61.85857417 140.2980204
-115.8125667 298.6551442 -252.2641411
-48.47390293 400.0438914 76.83028829
-275.1015209 321.2071439 375.6465348
-121.7392242 -483.4399227 -303.0309608
-279.3513356 -14.17834444 437.4392704
-351.2705191 -382.7092229 -327.4432423
395.4379189 144.0926603 -23.23104955
-539.0464058 -475.9000676 -154.8199792 R
-488.6402245 236.5955293 -437.6621049 R
74.44117546 -292.6635879 -387.5947367
355.6299462 -515.890802 -421.2608976
-110.0528631 -416.8210528 223.7506609
-359.5723428 -293.5841984 -87.3618901
-471.4155615 -393.5142615 238.0475438
-69.95888878 37.45450739 -139.9677543
-260.311932 271.1146098 -316.5062949
-133.3173523 -201.9777449 -289.0265033
-44.11731298 -164.0492675 -260.4616259
383.1048222 -191.7538047 242.494903
-16.229554 370.033954 351.7275106
103.83892 97.20385992 446.3021587
7.715381928 -328.2069496 189.5605245
316.9798443 -254.9604449 340.0824605
-482.6329089 132.8317319 -172.3129998 R
-100.6851239 396.769946 462.9737681
418.2389236 372.6718506 107.0520161
-515.3223974 277.8474416 -443.4266325 R
482.4261085 82.47961683 -333.4084768
46.38764011 257.7572289 -496.2629954
453.5940024 413.653993 164.4581035 R
-72.89709496 526.6052411 176.994763
-187.9417918 -452.5787739 -21.57549717 R
336.8684627 -529.1934542 -31.0550015 R
362.3480195 -75.74680502 55.89988462
-82.19546084 241.3481031 206.180982
-150.182663 -145.0367659 409.8567988
-355.0513454 285.2336378 -97.27109136
-519.9658048 -34.52517051 91.52770676
-377.6253852 310.6877602 37.3907752
408.2955622 -135.8854556 -443.6168771
-160.0910395 232.1892479 425.1846079
493.4461052 306.1236177 -94.58238465 R
384.8633676 25.33480644 -360.1310472 R
315.4011648 164.0150924 225.3642914 R
431.2486806 -139.9533269 416.4566707
-290.6015395 453.6308454 204.9018296
161.2419453 481.4290885 -301.1573101
116.6549357 -187.4347935 212.2140457
474.7340426 -60.88276629 418.2636902
-406.8754443 -458.7071717 513.5689572 R
-450.683173 -106.6458061 -404.6608825 R
-506.4504306 237.7072995 -161.0078041
215.0247404 276.5384427 -11.69575311
-10.16292928 424.596637 209.4344321
518.6255287 -180.9920033 -79.88763331
333.1992528 -172.2148122 30.17253987 R
-393.1322894 -300.7823108 375.4752421
425.7862238 546.2430403 -470.6488456 R
204.8443069 281.0051248 31.4597624
239.4253864 30.42644158 -523.6790272
237.4214487 381.9433241 109.501227
-515.322012 -452.5737695 16.27668553
-33.97536449 -202.1444891 -79.87883424
466.5097435 -422.6741334 22.11193466
-255.1774554 120.7671368 -193.4312285 R
-133.3678666 23.46828057 456.3166802
-522.4462042 -328.9317447 189.8648557
-26.41779038 -226.9609724 -493.2005723 R
-355.3920506 -82.26879798 -121.4464301
-24.22821089 153.3334397 -246.6505141
228.2104785 200.271976 464.5176624
-112.6202368 -124.9530012 305.2381859
295.4141003 237.0787181 327.8457291
-253.3734249 166.4237929 -92.63233339 R
309.0641355 341.1402838 30.53731659 R
45.97427363 -259.1455721 481.3120159
-526.1928467 -11.47545956 -11.32832925 R
28.77426422 393.7595369 -365.8234022
-286.0327805 252.8651076 -307.9790683
389.6318253 117.9955633 13.21352393
-440.9878673 56.26980563 -100.273159
-429.4340952 54.29343154 385.25371 R
-78.25321517 107.7790332 1.226513554
-495.925624 -245.098787 -205.9040166
254.9813721 182.7094578 24.06049193 R
433.5584854 426.7306881 -374.2820646
-325.776311 215.1724686 -74.34110162
-235.4472265 -317.0023448 192.3471733 R
-375.1932322 291.1546132 -170.3219376
-332.0845555 -377.3762555 -219.8435349 R
-273.4226751 499.6740032 -368.3759962
434.2590089 -440.4846936 -102.5133902
-52.1901442 -123.9423796 -356.7875989 R
476.7919094 540.6978894 -82.49710096 R
384.0584394 206.5983025 299.0865502
-83.84769611 -485.4419175 345.5648979
-155.1077105 27.22078486 508.7332959
-241.8751083 187.6420145 -1.639051683
523.6183282 -504.3813416 -210.3867411 R
401.0788488 -220.1981392 -50.23200132
244.6033013 -470.6634866 -41.14270814
315.1504585 186.3543542 -22.20082167
395.6730264 515.1949434 121.2851036 R
-82.90005065 -214.2954973 109.9665995
358.6147114 -145.6785461 333.673757
-258.4649011 -79.22536619 80.0023554
212.6861677 -192.2226444 190.5270871
121.6012263 10.31927618 -143.2986621
-475.2755863 -402.7712387 -447.1775335 R
301.9453299 80.24143183 -234.2880991
-514.4164764 -376.5413949 495.5606091 R
-319.0867222 8.66922524 -394.7311503 R
-513.55035 -255.5212331 -196.5180036
-410.1892597 -212.1722431 526.5389187 R
223.5903494 -86.97673855 88.13726365
-104.9283811 -457.8822006 247.2367416
301.4006284 -135.8079178 -284.5154534
-254.2454285 49.75491238 91.70146202
283.2743467 -79.43145867 490.1287172
-187.8433796 -391.1298898 391.7078753
372.7994309 -501.7369695 80.48154115
195.3228498 413.5164749 -382.0157428 R
256.0344819 393.0650318 -36.96190775
-59.78629023 319.9347916 308.5620121
225.5197574 49.88173393 -16.70980874 R
-228.2290711 116.5000627 469.0690455
492.6619125 324.8512312 -214.6169836 R
-202.3706069 -187.0712933 -62.50143471
351.4376959 -461.858576 -421.9122903
-121.5242762 194.0236354 23.84417959
-524.5931138 156.1611565 88.64269544
98.2581788 -84.01186448 -133.5311158
-186.152837 -351.0264934 -323.5245085
-430.9234939 -76.68147702 82.7148313
165.3132755 4.787013771 407.4664714 R
387.2345231 -68.43615947 -164.8935721
-523.8796444 305.8810485 265.3246933 R
-416.7537664 411.0933006 307.7512019 R
-525.2544381 -425.2419186 -428.7267178
61.080153 -183.9634071 119.0682564
-479.6320725 -393.714323 -317.7549654
-53.01108157 -535.5106057 -134.8507619
-476.9323399 -2.265769303 -68.81362041
168.7522299 -173.4365478 293.1758325
-58.99498794 395.5086147 460.0844926
326.9165602 492.2091207 -21.25547431 R
406.7749246 179.1754659 -48.27305931
105.2162656 410.3276754 43.645197
-300.0616466 -322.4717961 411.0899513
-271.2600018 -31.95899943 312.2057082
-330.098631 -186.4918028 442.1196809
-63.99657453 -385.6699428 66.94271589
-234.7418013 -135.8608088 -426.0814622
-91.38114967 -253.5382557 -21.7298315
179.6428563 271.1358132 162.2310527
-162.2518302 -13.40669607 -430.2450358 R
-405.0254932 -87.53195369 504.0166212 R
-177.701086 -249.1825385 -162.5436921
511.6705291 -496.1754283 -55.76891832
218.8062668 -311.5805084 -353.8209836 R
196.3128806 205.0752016 209.6061288
197.4210182 -225.3689747 346.9800493 R
469.2403261 94.921408 -480.8158757 R
60.86842079 -426.3637259 -4.92890771
28.41828017 -70.7514742 -219.4010536
-154.9939238 438.0325139 447.662763
30.58705347 217.8194676 -448.2261679
420.9678235 13.96728909 -390.7675327 R
167.4203384 -137.3991244 -457.0412648
-351.4082668 176.1540746 -82.07986048
452.8777055 -267.256911 -370.3305558
16.33797271 58.19307109 29.82175234
-502.9950459 -263.0782661 -200.0805174
103.0418723 207.9927739 -176.6641756
106.8902022 448.7209224 57.09557713
-120.4172212 349.5521214 404.3251805
358.3555155 -32.76591036 -48.98983654 R
-326.7092068 -0.4797148916 80.63744574
-75.83599276 -203.7947063 -32.49052989
273.7352774 341.5965803 -463.3411619
-516.7857561 -213.147046 -62.0966402 R
-240.4214651 -463.8502253 -252.3299764 R
-495.5761031 -134.9326655 234.9192612
-167.4418851 -408.1029289 24.07238477
400.3291375 426.0557075 -240.5910482
-305.4697086 322.4912166 -352.1648864
-232.7027977 135.5393529 446.793874
456.6989998 -19.60239256 474.9614615
-406.3142608 493.7288602 274.2005461 R
291.7177296 -325.8208746 -420.7606049
-281.2782172 -13.09232751 -171.9062198
258.6609473 11.74681865 -122.0737123 R
-20.10822875 -368.1685319 -150.8366281
-369.8526254 68.9376941 446.1651811 R
504.7027034 -194.9897809 -137.9370822 R
77.01215984 -246.2029816 -354.4202058
-426.1151444 -453.2156111 512.8440032 R
-17.06393279 -78.91446293 219.9766653 R
134.6025055 -322.9502481 447.0948084
308.5735001 -280.2721786 -521.6401424
-285.895061 267.1971399 295.5973684
130.535939 298.3883096 -10.93079986
114.7407988 -48.57011433 -93.58251423
-219.7500903 -398.3921989 -433.6815381
110.0190644 -538.1307666 -282.0391825 R
276.4986768 -3.334954598 -323.6304939 R
356.0988884 -480.3553609 189.4235155
176.5351574 -426.3589424 -66.40341643
445.43261 -275.7264898 156.2167601
-82.05910658 -210.1115195 -356.8276661
539.6472776 -31.38854215 452.2583619
-460.3908069 413.59137 -510.8644261 R
-440.8663396 -377.2806084 26.42850737
-292.9856694 -281.2393582 178.5681761 R
273.9418015 -97.23321495 405.1109286 R
455.0314383 -167.9880472 50.61433715
-36.08751762 466.4876494 266.2755049 R
-361.8522677 435.4615141 -396.4992565
-521.2229153 -291.3504891 119.2233539
430.0388929 -520.3143047 -392.8041065
476.1469781 -347.794849 150.1979782 R
399.7702106 455.700776 -368.6525188
61.89407882 397.742164 -37.04192296
101.5250053 -386.7668253 487.5669364
239.382549 -22.76616208 -123.0039009 R
2.660052051 316.1155687 -399.5384913
-17.93022452 -34.77257626 -226.3056745
-5.794182091 119.2771607 -267.729304
509.8125611 410.6421463 -51.58530763 R
418.326979 -516.7286221 201.7428617 R
-40.54582571 -115.3041724 -289.5394498
34.98470337 -224.7809437 53.43004596
-154.6023023 291.6539035 -126.3190003
224.9352723 502.6304824 -404.9225395 R
-398.3750332 -176.2961641 515.374041
-186.6472335 338.1629015 -137.2525568
388.6970301 -68.89957452 -294.0779463
-121.4992563 -292.9985412 133.105613
346.46161 23.78425886 -163.286789
160.4909333 -443.4398113 144.1817791
282.6826237 -268.4884386 192.9680086 R
-194.7003099 -35.02034531 493.3230953
223.1986438 -341.159537 248.4270435
-269.1276494 -88.62299566 11.42661404
146.6194799 124.0765888 287.502766
204.1216277 -475.4364225 128.9849317
-104.70929 300.6265549 -342.1742465
148.5439322 338.840614 515.6123878 R
159.2150174 233.6479152 331.0600869
-422.2713786 190.3859036 -108.5416863
-224.9396172 -8.824470124 -131.9876415
262.9653925 400.5061735 -48.72805271
-109.2423832 -474.278344 335.9133887
-239.1138643 -339.6386057 -503.2255434 R
195.8563903 167.676797 -280.4502845
-395.5578291 55.28518042 -211.3786092
101.2100315 437.3576536 385.173275
-323.4120588 151.2972934 -220.4940233
186.0787768 -422.7331161 -297.6607911 R
-475.9416885 -342.5097453 133.4292589
241.299299 176.2633872 17.92210385 R
376.1318807 418.5568422 517.7766401
-475.8990258 -224.1889676 510.3014551
287.0712093 302.3650578 368.1262996
-100.1152966 -372.1425509 -248.3642899 R
-426.4809087 471.0788975 11.07806572
-8.319703166 -446.0642745 -96.185426
123.5214654 133.4226893 -122.3195751
325.6875613 19.40951428 317.1046447
326.1500641 -197.9406718 503.5017497
394.6734894 263.0588879 -114.0756492
464.9961341 -480.5695443 173.4472299 R
-192.7607519 24.70651479 61.70733101 R
-416.0703605 -513.2091229 87.09542298 R
381.7540466 -299.2388647 0.1079604845
304.5170612 -132.8959945 -173.8167195
76.74588674 331.7621394 -99.57815189
50.97545207 -114.9178556 48.74735188
141.962628 -513.3882721 -421.5057088 R
-477.4295253 -217.7835121 115.1796698
97.3716241 298.5057418 52.26323394
-504.7123706 -475.9234141 -117.4315539 R
474.8266451 -109.8786151 -29.83283192
-193.8542641 -485.3573563 166.775949 R
90.74209904 127.480323 497.5268825
-27.08097227 317.6718832 -90.20367562
428.968632 -167.2099249 87.87182878
53.20351822 276.7803475 -332.938038
17.62628232 -361.5686049 353.8137881
233.4345545 -248.9136031 -250.3793376
-391.0946002 304.1212268 109.7609379
526.7851232 428.2533743 -312.6921609 R
3.48576757 -450.6636296 -12.06179564
472.3793444 -105.1438453 -76.31235331
-273.8616904 479.164383 197.6353364
-124.4256044 68.76881028 -468.4774784
-241.2337965 435.2143217 498.1205594 R
-103.0527271 35.14870782 -473.643272
-76.836545 -234.2035558 436.9678929
-161.1071516 -478.5019403 495.6068039 R
305.6305484 280.8901985 -346.8946926
467.7650156 -139.6283809 -468.1331147
349.1927581 -231.0802943 495.1377377
-83.59677994 276.3472331 -448.1448115 R
439.428436 89.78840743 -378.1527284
-159.5191424 150.4408543 -375.4470912
64.65213998 -199.5597513 -220.5215435
-31.81270446 371.3753286 -314.2026977
-489.7328829 149.3477208 66.79735962
216.884003 367.4822463 164.2424573
-348.712965 -524.9464471 -68.44999586 R
-139.125037 502.288956 -4.625494488
122.7229081 -418.122009 479.3663262
208.7286862 -110.0528345 -415.3267387
69.81901671 -9.516515465 -67.0386358
-481.4891591 77.55974064 -367.2457279 R
-146.9157186 -57.56028894 -197.5231755
-315.429523 -249.3007413 -375.736301 R
-122.4034407 -16.13466818 187.6034069
-287.8580496 -495.0914325 262.4637451
-12.70599485 -168.4501704 296.4529227 R
-492.2281486 152.9195272 514.861 R
-10.22103215 -357.897352 447.8170121 R
189.2096983 -420.7597443 -33.42130012
96.31289346 -143.6141989 -366.2016493
158.9583784 -70.76840753 338.7532686
118.4161557 -89.71596515 352.7893436 R
110.0315019 -9.780297522 301.1802143 R
111.6463081 234.4510495 127.3875882
-264.9855533 -119.8103116 -369.2192046
-35.54810847 299.4702639 99.41462724
128.6835295 -226.6271184 -51.09959863
68.78532179 367.2377021 102.9099863
266.5118113 -90.79011102 -248.3498844
243.6436122 284.9808116 -228.7369908 R
-456.0102361 148.3216964 530.4788035 R
380.4832458 -501.4379322 384.6325835
-304.9484938 -450.1809656 263.5712407
-234.4960862 -226.7821276 411.5270451
-306.6802302 353.4119455 -185.7037738
366.0338634 299.9581718 -64.11533136 R
-334.2143699 64.55397178 441.8770766 R
-383.7911192 347.0695888 34.88005744
285.7431302 224.0844387 410.5759374
478.7824064 -345.7211555 -460.9956355
174.0092282 -391.3725154 -375.0663082 R
-81.26020536 203.9467396 -138.2997986
-404.4583091 -378.6177855 -35.60904294
-332.8530164 458.732074 383.3538891
-48.69348731 291.3805281 386.3327377
362.4465667 -464.5840916 503.0517075
-132.0935815 -515.6033794 264.6580012
177.8247657 426.1278938 102.7622234
-286.7745862 -85.39753651 305.1885347
-444.3280291 -365.522176 -120.382584
-9.070055215 -109.4195034 215.4748147 R
301.73539 126.6347871 369.2689435 R
-219.7833394 199.8012232 465.7854527
-378.6702959 -485.7396432 -333.2281622
-70.39165123 -424.0747749 455.7966003
276.5206179 236.0103172 107.0611111 R
-381.5170188 201.6617667 172.0165272
-383.8160621 -517.225086 -66.87939633
512.7712536 185.3669295 224.2471289 R
256.5776023 98.21571015 456.6959352
21.86134396 -71.05290138 -486.076188
83.63613622 477.3537725 -201.4468973 R
194.4400637 89.57503373 -427.7153443
51.69793589 -99.0029103 -167.0655298
-305.9832968 261.5587724 275.5773141
26.05109138 -278.3100117 -393.4415537
402.4163493 201.7527207 -22.09425985
-312.52095 509.1351057 241.8590223
-251.2940409 -165.1922586 57.24830094 R
227.3375018 171.3216461 257.0276832
513.4388716 -141.4331126 399.5796842
448.4520975 -372.3476141 511.1177097 R
116.4823991 -333.3859903 -83.50292433 R
-435.5929546 -391.5535747 -259.229651
514.2241027 -107.8309837 390.4928779
90.88106593 79.19727815 185.0135026
-349.9554643 25.85006788 10.33399686
266.9360806 -168.4702664 -477.6771317
298.1594478 -497.5292912 -110.5522241
101.4946336 -465.2094762 230.0328791
92.53845583 51.59943565 499.2494455
282.0460288 -46.89412566 -371.6865842 R
-422.8163667 -425.0760961 380.3605739 R
-262.7075627 17.66089778 66.06223415
115.5249642 490.2766297 -248.1175319
403.7853909 61.97273866 -58.00163607 R
391.925433 -104.0027333 -416.2036633
-119.1857965 -332.2725124 147.8086922
208.3865445 -116.5321597 -520.1860772 R
8.7605363 491.4721794 -226.5860682 R
318.4298672 -226.3210971 391.7873748
-76.71559823 209.0253728 318.1746072
492.6403647 383.3189037 -128.2747568 R
540.4664566 20.03994356 -381.6764615
-284.2870557 -225.4339849 271.1480437
-262.895817 -363.8424665 284.3636514
380.147891 -195.7007431 -340.2582495
205.015375 -60.93500824 -239.2519307 R
-186.4792665 499.0022437 139.9383754
-48.0894392 -244.1810697 538.3971322 R
530.0878294 -122.9458389 49.26625121
-299.9132774 -283.0989246 -366.1809571 R
-224.8432129 252.5906893 -507.475456 R
-424.1858986 510.2556605 -265.6269119
251.8450248 -494.2874008 -170.6469762 R
-392.4168986 -127.4780736 -239.0985873
-458.6420836 -59.40370661 320.4877939
-91.16843998 67.40632118 -189.3897542
433.7749729 -497.013854 -94.89418344
-53.95021689 18.50878766 -182.76504
-422.7888278 -435.587001 -194.3631686
97.89451067 537.2068452 -208.2223378 R
533.4666022 -336.4670414 -371.4859416 R
-137.0357121 468.0021161 -380.5297099
146.2357279 -193.0346204 239.9602329
-375.6257852 503.9782491 -171.9097242 R
-41.08116601 29.75413474 -232.1528328
228.3273268 99.13234844 -470.2723054 R
401.8531965 246.8076834 -442.306125
-136.4576473 -20.18738258 168.8769366
-101.0522982 267.5126037 243.3930552
434.9247749 -71.25560655 318.3859819
219.8782809 10.97929874 -360.3743334 R
339.6317974 -173.9652744 214.8790965
-123.0394168 436.1887335 434.1650253
463.390064 23.549541 -96.98468181
214.9959792 363.7540829 -490.3839795
1.298264769 147.0675481 -86.39682831 R
-108.8651866 -46.98919513 -37.05271955
54.42960381 145.5052169 -335.4126742
-364.1594608 -200.5855672 -194.6464023
421.8725227 -159.4515124 -365.4402439
-184.5817963 165.8566294 71.44701865 R
324.175738 115.0739648 -19.1708873
423.9537749 -57.15470198 268.6417462
311.8457759 -208.7072064 486.1500919
438.9523431 -142.8706147 272.919565
-182.5264289 -17.70736338 -285.3912569
416.6627051 23.40952962 263.843909
523.2690139 -364.694584 -152.6552889
201.333649 -449.62722 -209.0106715 R
510.9736708 -24.39973784 -512.6504135 R
509.4019037 10.93849376 304.062429
488.1184714 -197.5127492 -56.14085567
379.6859392 -482.2535312 -80.34891755
-114.3088 301.7453988 29.34824112
-234.3243664 -340.8001959 326.2551132
58.76947588 200.1902183 -70.89116784 R
68.27257554 -149.4373652 -460.5597834
115.9713672 -423.0742958 479.9034801
165.0180413 97.16080622 -193.9830518
-335.6395393 103.1218868 -32.92614583
63.44112036 327.6002605 -314.6639447
-334.9547264 -71.72941525 163.2300741
384.3052662 485.5480246 -75.34080217
-136.7757726 8.942834291 -538.7904578
450.0815826 307.0974403 211.1037463
252.009837 -254.112692 -292.9000744
453.2083397 24.63459389 -15.61518598
-190.1839997 -104.7518523 529.20454 R
-290.3343904 -498.09528 47.6266173 R
483.5975638 -64.80368145 147.3689472
43.49920342 433.5435093 130.3287103
23.25431742 113.9627344 362.1334092 R
-304.9788352 373.8357999 357.2723896
521.9153172 235.1222412 -435.508947
-368.9209062 -252.8420636 -219.6740698
-145.9423606 -58.4823027 -310.4929319
255.7731693 546.6048107 -436.1556536
-285.182145 455.6736508 -459.382721
-296.0704164 130.3388609 207.3774931
-71.18373904 -334.6670773 91.8510126
183.5973839 -71.84908678 429.4248494
487.9193733 -298.9575327 329.2863235
-519.4377006 -254.0235254 139.7401602
146.7470504 180.1266522 172.8404836
-80.40847528 -469.5999243 278.96204
489.310699 -247.7379358 319.8745535
463.9072606 107.0387481 -170.135699
-46.73667982 -196.9336559 7.103392758
-209.5916196 103.9173605 -427.3352309
388.7579459 497.8635129 -317.7812382
328.0402769 40.80325756 -19.39812944 R
-390.4605627 -439.7106827 -467.8552434 R
545.7329523 77.97895495 -220.7570542 R
505.7976289 -416.4159304 -232.9761414
510.2629177 -64.19698407 -423.2709051
-97.51697007 367.9249612 190.8007295
-446.5591186 29.9770326 -106.8962079
418.2184178 -459.7212927 -188.7229451
132.6901943 177.0699138 142.8306537
-219.339584 -216.5599212 370.7767678
481.4074831 -400.6338634 329.5471649
352.1768158 514.3293248 358.4385663 R
278.4489945 -321.7898775 -458.6818038
-270.997109 422.4225834 42.55615154
-249.5060146 -269.8683727 211.6552463
367.4153733 3.491498783 -230.6363926
181.0274124 238.3948097 96.18402375
276.7805236 -193.1338558 418.8947295
64.9719819 147.4899255 -374.463922
323.7750619 -341.8751615 -322.2212038
459.5156257 -45.44101165 453.8718215
-323.6190552 -114.0123746 -357.8849294
-326.6211743 -253.5928143 176.3607331 R
-526.3732329 -160.1597929 342.5912817 R
476.3007368 305.17109 337.5571835
10.05723421 -303.8595566 -74.0334447
-1.746534971 -94.86602687 -146.013646
69.03987015 -115.0210759 528.6664102 R
370.7251386 82.82104371 250.4407786
-95.90692128 441.4497648 432.0443662
-8.771407972 -18.06812556 21.49580864
-281.448436 -168.3857206 -224.4978393
325.5229449 350.6427002 -311.1994579
323.4067956 -335.5857062 2.282891981
-244.5769802 -46.8365539 476.0927446
446.6477973 -449.5666946 -343.0186702
-30.43618253 261.7144241 -294.9159771
363.1808249 -515.7816427 66.97214636
-381.2960106 -225.7490318 247.1033847
-354.8312724 -291.480499 -60.5166497
318.5841144 -343.6094406 -294.0281063
-221.424468 473.0700832 -45.39160698 R
24.21220406 87.87606748 -274.2165099
-354.3360572 271.7176483 -292.366241
157.6301067 350.3190689 279.3475865 R
-460.7509798 313.8910475 282.2144173
384.805756 -486.650967 -176.0170722
325.7323209 -258.7929073 -287.4350719
332.4358234 -438.0913366 -479.6139831
-235.3672761 -56.39980572 32.54736233
432.8961621 27.43689645 364.9493257
308.4183652 426.2197659 -5.340318313
301.5658885 75.13742421 86.14342603
-181.563157 -182.7482991 -13.37013432
54.60092001 -236.5414271 424.3704612
-476.5498472 -209.9637747 -516.5180122 R
126.6158286 -402.3414217 -146.176372
-364.6573948 -523.3850152 287.2098106 R
-343.5146319 390.8836943 -239.984777
-433.9779475 -247.2370976 -265.8157409
71.49776694 -154.2432387 -308.1816816
179.2311418 100.4198984 511.4559787
-132.4477819 47.0929606 -375.3430195
439.7887136 -458.5198183 77.93138079
273.5806015 -444.6004408 -536.4058899 R
317.7586717 316.4870302 -329.5873904 R
-137.8564661 304.1808047 230.5737967
32.79727584 478.039831 -300.8868811 R
40.92181963 -369.4129318 -377.058402 R
465.7148984 -518.692956 -210.3308103
452.5366773 -458.7921027 -40.23327821
-233.244936 321.6420584 28.2701561
-136.1148489 -149.6214879 106.285494
59.40583396 285.8534834 107.2439442
-363.9283395 -79.75536463 -271.1625029
-399.1728595 -355.5981868 137.8531521 R
-223.8959709 -75.70129766 -480.1622405
-520.1723936 302.1384901 -193.6952945
-189.4243373 396.2555179 -26.32978728
-429.7977241 384.4998571 -419.4336312
282.5222463 102.1737167 -164.0601066
307.5901003 -527.8699718 445.5818801 R
35.46605904 431.407739 -391.156271 R
-455.0586386 -512.8781481 301.0053255
545.8615739 -491.6794836 -471.3092647
-207.2366958 208.4817889 196.1240822
176.8752553 463.8645361 -37.33067315 R
-278.5793951 85.90672931 432.4670282
-99.18722581 -409.3665067 -316.5876254
-149.2990671 436.1997107 466.421174
418.1941898 482.4851297 -355.7018713
464.3502616 45.49248819 -18.40328292
371.5946972 -4.494618879 -383.9041251 R
-208.3532828 267.3314804 413.704707
234.1774455 -172.4810587 368.8684504
-538.7175155 481.7634521 -414.555205 R
-89.42547538 -6.455198514 237.2077913
-125.0957324 -274.153921 92.23762252
535.1008716 -444.727806 -373.8166127
-193.3621725 208.7286037 -392.4219059
521.1455982 472.1288301 -463.9321116
348.9917645 -89.64343378 -299.2737313
-463.8971836 -35.51545475 -364.0857934 R
453.9157128 241.6575403 17.22202309 R
50.22838887 -546.0189668 -116.2339349
264.0897559 453.0815067 66.89041047
-273.1092328 -437.465664 -310.8692493
-327.2314808 137.9003706 -295.9779732
-197.1378696 -452.1764034 -313.1295483
-207.7966653 248.38674 378.3910113
-15.84352685 -270.4231631 -478.0427905 R
243.0293271 -463.8160286 -9.455192624
-129.7219973 421.7049099 -351.8720093
12.52167174 129.7977882 -193.3704202
-63.69271019 -58.74524564 -240.5841907
-307.610037 449.1161583 344.8780125
520.3177799 155.7405366 200.7373867 R
-132.8675623 -372.0733815 -314.0152838
313.2153546 15.52082836 466.460999
74.46512038 -468.4149668 525.8799015 R
-16.21516906 -491.0650117 -410.6061744
-353.9892736 -327.8729223 468.2221648
-508.4877971 100.6281076 -226.881457
368.3356311 138.2005697 72.76784457 R
-383.0157716 419.9863558 440.3235453 R
-243.6092146 -199.4292317 179.4168598
250.765645 131.4795523 -2.658908947
-473.3815359 -458.5519399 306.1060266
6.555559073 183.7568986 -489.7446319 R
353.0983594 -139.0643987 326.7960176
-52.12356916 169.4839639 -315.0430093
446.211361 -325.4895801 232.7499262 R
24.50883687 240.486482 222.4219277
3.896106243 -319.0453958 188.1027589
381.0266837 -370.6310742 -300.3641514
463.7109347 512.6933298 -157.6962379 R
-100.3331379 213.7678571 113.174173
-475.9708484 -501.9278561 -98.16923934 R
43.57786931 211.0725381 387.6312836
-393.9373637 -148.1778011 -13.02532971
148.2471955 -464.2920124 -10.7908901
-291.7930872 301.5964692 85.93166638
-258.0036541 -47.22408806 117.0017589
378.2783548 -145.7144819 331.4817952
-415.7650697 -283.2687387 97.56540692 R
39.89924667 -130.3447648 289.9429821 R
78.26990915 -268.2743657 -220.8503774
357.3961384 -73.18608925 49.72025631
463.0812413 438.8936773 381.9459819
-183.3498041 210.5644255 283.0285038
12.72813421 392.6399807 -168.2567221
-116.7575644 222.0234621 -488.5990452
215.340296 260.9054458 -489.2034488 R
202.7240281 -402.6705814 7.37270198
130.2819816 49.8251508 196.8417285
-112.2203818 301.6983147 -241.4786151
377.105961 224.9603077 154.8519397
96.8783462 -525.9267171 238.3074856 R
-391.9856168 -350.0972202 -495.6693079 R
-83.62206652 21.92742819 452.7024951
255.4762353 473.1749329 401.977802 R
230.7956727 348.6007846 -206.6827735
131.3854772 -493.3000181 -484.0779653 R
288.6319685 54.20519465 -333.5433372
-319.8203347 17.03098119 -320.2690098 R
213.6683972 283.0063579 -462.7435854
230.238238 384.4084009 83.77768284
314.8572767 364.0537732 272.6568733
383.8139985 -115.1947637 -80.34167387
-215.7702622 536.1804219 157.7339612
441.3632334 166.073913 357.5862658
-408.1902904 401.6547282 -142.5605637 R
20.66871134 78.57305785 -26.05999022
-453.9458343 177.2798617 115.7407746
-349.8309983 425.8920566 -294.5829548
-96.71202687 304.3848606 -398.3400689
308.7890804 -294.6748616 509.1901296
-515.4066177 -79.49477488 370.1436455
-422.0448278 318.5411895 -470.187936
62.89217731 -143.4768271 -122.9040009 R
227.1641102 -379.4372998 -463.549713
448.2152317 110.706675 76.18021265
343.6428893 -487.8808343 -162.3623728
88.34046797 -262.0184459 94.54821041
-135.1803142 -169.0186652 286.155412
-120.7528692 309.5017891 284.3408997
-171.1539877 369.0198415 353.8626825
-185.6762254 290.5903167 -181.704564
-501.7436371 184.6739274 -63.82581967
509.7908297 360.2864108 120.7441298
-469.0589734 -200.1191159 144.0197816
-337.801503 349.0125044 -264.1268145
-433.7847375 -45.91884499 -217.4449206
138.262346 -111.2974202 -170.1277507
148.5561946 256.3754175 15.94385414
-321.9578265 -64.50654899 -424.8026499
195.4624418 395.9594259 46.26887265
-295.1738098 -483.3475034 -154.0868608 R
-329.921596 353.261263 97.82448675
32.59895552 332.8442302 -427.2857957
304.3228811 -278.9279318 -477.1652336
339.7553381 -334.1532446 -281.6259335
-267.2259469 268.9358539 263.0794818
134.4694942 -427.7572454 164.5439588
-190.5408281 16.45665746 -25.13429977
-111.4283089 -172.6596797 141.9726914
-394.2545527 -93.96323896 -47.45057736
371.7871095 -123.7433085 202.4828478
520.158611 -3.859419122 -467.2828969 R
-59.59052266 236.2252361 -92.07284241
449.678641 -427.643 300.3672356
-294.6287532 194.8948815 60.43528156
-288.2129241 313.9572012 423.8336782
234.8476773 -297.6421184 -97.89903901
-261.8926725 459.6234283 186.9850558
-533.3973269 -173.4918938 423.4149999 R
43.29572239 396.2704866 -327.9557004
-469.5781807 -194.5787135 411.9496092
302.0868398 442.0420302 -359.952048
65.67441141 -154.917725 176.3343979
-264.6222045 -318.3211732 -109.4457081
151.2293272 -392.8210438 87.14010367
-214.8339692 498.092424 416.369862
-288.8429197 -157.6171052 430.9158636
66.17746297 -217.1073203 -116.077839
-345.0109416 -472.3665259 205.073355
-99.77378832 -140.7362594 452.408582
-105.12604 -453.5849674 42.08863565
233.5563529 81.27386092 490.2707083
296.1827283 439.0334653 332.287282
-364.5095963 -374.0811808 -74.01512407
-477.8530719 191.9088675 316.1986565 R
289.0747645 279.2227365 482.9217719 R
-152.7534403 425.7801084 -160.1365221
-515.0760525 -20.43977968 510.7152356 R
-210.4535061 73.64077568 171.3156289
-300.1577674 -127.1673174 387.2215894
377.6035908 8.523834744 59.07345343
-457.6176025 -82.87837815 297.347145
-368.8185689 426.6094259 -466.8030604
424.4026774 -380.5303528 -514.2602275
383.1419224 -401.4559969 -211.1666586 R
337.3069649 -484.4885865 -277.9741525
74.02514768 55.63493945 -418.4607277
519.1051913 -160.3398575 -479.3810309 R
38.38991322 -122.0379822 89.11229334
-405.6826553 61.87294775 -221.8880263
408.2652855 -440.6593303 -313.6518884
11.85332134 -138.6071825 444.7775207
364.6590583 502.6798977 45.28520635 R
-406.6200063 476.1491497 -312.6744916
-246.8653785 340.2328709 -395.8882338
-145.0231037 311.0076672 466.5573473
-419.781085 -323.2861234 -119.7227182
-351.6918189 -468.4455372 81.32529616 R
-213.4153395 416.7516169 -265.9756692
-334.245661 304.8934672 362.5857966
429.6207633 410.6649813 -364.2767683
523.298706 106.0401029 11.09915925
485.7355678 87.59133477 457.113864
276.9483447 463.7283841 -224.0530228 R
410.1541454 466.0147373 -477.5263702
-41.33669766 -15.56120037 224.8931573
402.5264609 -343.1665851 -81.83131087
-56.85282405 239.0043378 -231.6804968 R
-258.0902968 182.1502657 -19.38227261
95.03539772 -42.03858967 -323.4903253
-231.5284769 272.7573906 197.8221658
288.5220795 -115.9959793 455.1429025
221.7064295 -416.2709451 245.9789803
-308.9407315 283.6776696 122.5564535
-45.15847592 -184.048514 414.6251636
544.6655707 -117.0758855 18.79626575
-215.3168474 -450.2983643 406.3822531
16.99305886 -366.4701637 -292.9507367
147.6879529 270.6248357 -490.0974782
-13.26441136 -65.66381988 -246.0049531
381.4701769 -244.3043074 255.5221877
98.57325119 513.21028 161.6006095
-203.4993299 137.1666042 -408.006844
149.9541808 -463.4600049 -48.69684515
-178.2144133 -85.40771818 -255.5198638
134.9554878 -515.8113281 339.919683
406.0182695 -393.537683 403.9572559
-17.58166597 -208.206687 36.51729444
-317.0692715 -434.3461916 152.2601959 R
-180.8834717 167.65869 -422.9037265
-393.4552467 -380.2675653 158.9387611 R
297.0229392 455.6268831 250.5579954
519.3744871 229.0415538 313.6342177
-460.6725263 301.1720898 64.85373571
-453.0153476 -105.1036677 -327.6447479
95.23335814 -433.2576927 -333.4494141
370.240367 -279.3929808 -17.04755808
-436.9322432 243.4443743 442.6847591 R
87.6842008 -39.12541646 -146.958111
-156.3174892 -391.2388485 -393.4600219
25.87486889 -390.6521975 40.47325183
512.4203421 -256.3660778 -514.7681366
-8.080592387 -389.6450084 243.8649913 R
-270.8769108 53.3563581 69.01284637 R
87.6359128 -484.6458074 -360.0614076
-247.6000061 341.9265737 -123.6108251 R
139.719557 242.3050316 -234.2383139 R
-456.5819857 201.8177467 215.8884118
-208.3083536 194.1965982 328.6234908
-39.78244355 32.86603721 126.897236
-235.3286323 481.4941185 501.8728894 R
329.3118111 -291.4209055 -254.3226198
-360.7643213 -274.1216317 -264.8599136
480.5247281 -59.76549131 39.29588507 R
198.7050246 103.1353757 515.3383022
-267.8785972 -23.1416155 507.0584023
-204.3207624 388.1813959 -516.9404282 R
330.243226 -75.70138552 405.0346209
-128.5055182 5.620681671 -298.9257984
78.06903594 -341.6030382 -472.6141243 R
194.4260672 -311.765744 -128.4385874
257.3826146 -260.3500115 -135.4976194
393.8952917 97.68300129 368.0553919
456.1327907 -238.2423996 219.6098114
392.1499461 -202.9030323 194.7437864
43.58615932 191.4504187 -235.0248907
-379.325611 483.1175877 -160.9537178 R
-42.95882197 -391.1235631 -107.2525909
-230.4079848 35.01621869 -425.2700005
388.7002176 -405.1294524 -353.903844
355.4084119 -149.3897502 169.7093668
432.3151955 391.971265 -220.895624
234.284874 -215.4755722 -24.41454619
-129.2523725 -155.4578549 -483.2731875
523.1044904 -238.7673974 75.37089043
440.5736843 -210.9379909 -37.27259963
124.4296132 398.7712141 156.7884018
175.7042737 455.8480494 -465.6236451
182.7949462 350.1352337 25.43473955
39.79435401 -321.23522 -170.7235521
-119.6375817 -49.64935011 -188.6884921
-212.590362 107.2999607 220.0620807
-284.4308723 499.4511925 -321.7229029 R
32.56629769 -297.5509691 -30.0090591
-58.06380226 -446.5865009 -357.4023558
-41.38174707 -307.0517747 157.6976067 R
408.8209579 -505.5966348 -107.1166489
-368.9020753 106.8937567 -256.5049282 R
-175.8687524 341.118598 -349.6099376
424.2859049 336.653283 -440.8777738
-67.95432195 482.7701918 313.5868533
-147.3552244 305.7205087 8.780241232
269.4334624 -81.08647354 88.28599902
418.1057523 -420.7204182 501.4144678 R
44.91725433 520.8745671 347.5391977
44.33244143 -182.4252559 176.6306918
-112.4168817 -384.0102741 -339.1223635 R
337.557431 410.3098568 -10.10298027
-408.0582526 500.2944146 -265.7260771
116.180525 285.3378886 -449.4457701
-209.5913419 -53.81237155 76.98370432
-185.4597725 68.28095906 -204.2272124
-387.0082898 -68.29980133 -299.2887121
-81.72118763 -451.7339793 -484.9676248
-385.1232264 64.66752762 -488.097218 R
-193.853219 -439.4986634 -337.034086
284.8828411 364.4898142 -315.3239667
410.9530623 -322.7528013 118.380489
-165.9763659 13.2365525 -110.0550249
-238.3361051 309.2515788 -282.4281043
-448.0379559 -234.1087181 -319.0446826
509.211795 -482.4636812 408.2111011
-247.6253838 -216.621559 397.5895695
-95.98434601 507.5759767 -180.4765615 R
-240.9653506 -381.0305882 -431.4913089
-493.0883374 -347.0524927 311.262128 R
125.1752575 481.2515315 -442.3565525
-449.5668594 -300.460371 229.9173069
-434.5267673 -81.93448313 -448.2225618
421.2177338 289.3651004 322.8090169
370.6177798 283.4998254 267.3721749
239.834132 323.8483718 109.0048952
218.3219852 -304.5251588 -241.0228092 R
-120.1002322 469.1035597 -310.470929
456.8566454 -335.4185337 -209.612584
-327.2835676 -271.2567659 66.38842673 R
128.7840544 -405.961995 -7.904409641 R
172.4948239 378.6476948 -296.704999 R
