 -0.0163551722309724 0.154124725019358 -0.987916027544347
 0.02501617097458 -0.231044690456742 -0.972621479405796
 -0.636660810641721 -0.152622286988488 0.755889839664107
 -0.292007028645792 -0.043031461448042 -0.95544763778404
 -0.785617241083114 0.158739891027257 -0.598002673497043
 -0.980615177643374 -0.0162193542147854 -0.195271108780355
 -0.357611974828139 -0.342017061782343 -0.868986769122115
 0.256851833785494 -0.944920720795138 -0.202859475728951
 -0.221542449353159 0.164512788468071 -0.961173493998385
 -0.169753534404722 -0.9784041791745 -0.117936422410456
 0.174073256169965 -0.982149174870785 0.0712846392080496
 -0.59202570574565 -0.205355667596719 -0.779316760709194
 -0.631022586954761 0.338405840687397 -0.698063021325136
 0.565767846459987 -0.597392746526942 -0.568356094635243
 -0.358467466467153 -0.0669912701388336 -0.931135460182785
 0.459967852729366 -0.737621756753823 -0.494311357768502
 0.0414063078376691 0.0315362726656057 -0.99864457199627
 -0.438708812790575 0.162824040566234 -0.883755005300434
 -0.264790121617508 -0.120087086470963 -0.956799499977242
 0.248938243167715 0.919007498524472 -0.305704054183722
 -0.337464811995454 -0.862744553548005 -0.376549247759341
 0.0805812501615123 0.0336340853250915 -0.996180410581714
 -0.951353820589472 0.30212329375584 -0.0603939021751069
 -0.151238764938379 -0.0188130093442389 -0.988318221353491
 0.43270430882701 -0.901526227320626 -0.00417643096174543
 0.0713381044195458 -0.977452460829066 -0.198739934781687
 0.271600307746943 -0.925052883739721 -0.26553801068132
 0.00615259143741553 0.481202475448182 -0.876587886775277
 -0.812012898226399 -0.024171381722627 0.583138746285636
 -0.194746499440728 -0.0520166278411934 -0.979473364305336
 -0.266150479961891 -0.960705937183303 -0.0787910164727388
 -0.254856879911201 -0.952312546183469 -0.167775996922939
 -0.959631661602393 0.215575962156711 0.180649048130454
 -0.278285824411518 -0.483930527821937 -0.829679603325033
 -0.773565224130815 -0.506949834499401 -0.380261369739908
 -0.204692281644498 -0.853311563084087 -0.479541912810717
 -0.843701362216639 0.52863751261949 -0.0933294789724349
 -0.0832232680698416 0.659070008870084 -0.747462782391045
 -0.169898525184893 -0.427778332483017 -0.887772600049161
 -0.00807594350024875 -0.668228076691968 -0.743912640474091
 0.167233523264175 0.196276190091297 -0.966182490992202
 -0.49949789002357 -0.0356608118140784 -0.865580824858524
 -0.463940246242434 -0.822056625605785 -0.330124752501445
 -0.967263466482845 -0.190104536782374 0.168112020695575
 -0.217096166260509 -0.30615634830748 -0.926896728328469
 0.471360562031778 -0.877606797462803 0.0873242784577677
 -0.253739233866358 -0.935827209182774 0.244629997649704
 -0.520565655861121 0.303492236712187 -0.798062566590687
 0.0131699040428902 -0.992542894782382 -0.121182323977182
 -0.991661691111186 0.073086128105133 0.106139098644674
 0.252352465869875 0.476463365450045 -0.842200032268707
 -0.568189593842895 -0.416921034500394 -0.709462780165223
 0.351700305322737 -0.170267998915434 -0.920497530567697
 -0.96580704858028 -0.102142179651273 -0.238293348729534
 0.463970994223324 -0.885645101411064 0.0190701564232208
 0.3078536124574 -0.738696272012139 0.599628193977148
 -0.998900927932576 0.0233054458737498 0.04066684605504
 -0.41697193219777 0.128264860578758 -0.89982361232631
 -0.3496941846291 -0.825578308880917 -0.4428706731563
 -0.207199197134035 -0.866025360651983 -0.455047873761227
 0.514457502795983 0.017633129553024 -0.857334561626375
 0.393308075284543 -0.919399034548508 -0.00376472937141083
 -0.923823474240471 0.0533037439403786 -0.379089566361572
 -0.892045671132145 0.409140538674293 -0.191985781316511
 0.44633232681065 0.192305620772293 -0.873959954610721
 -0.99538125705939 -0.0452697965904775 0.0846569466229802
 -0.520704274503743 0.344162817737893 -0.781293167383566
 0.181576582673472 -0.982207653825146 0.0479381830269496
 0.0977706408806769 -0.0166758337419023 -0.995069253042618
 -0.969657226886758 -0.1876226727894 0.156724583271557
 0.500327439669014 -0.25843436087727 -0.826368038002563
 -0.564737191928496 -0.651085873221693 -0.507108558144963
 0.347637480208943 0.181032384902074 -0.919986661843879
 -0.384306879499899 0.584583138362081 -0.714542354736086
 -0.470729918099019 0.303134586741873 -0.82856669407316
 -0.997723847138731 0.0601231631945383 -0.0305340809289084
 -0.162323049507851 -0.939880407758395 0.30045972560459
 -0.500783325424694 0.182590341062796 -0.846095046863624
 0.0600283810569222 -0.735684681625119 -0.674658908404708
 0.535280095483306 -0.736185630416156 -0.41413275280778
 -0.113652480655353 -0.921175211840302 0.372181867817146
 -0.700069503487623 0.389147453062202 -0.598721095387322
 0.310760924179739 -0.927671756999617 0.207009080158812
 0.0439366914115104 -0.882384264071886 0.468473668060571
 -0.708759471096077 0.608544663412414 -0.356838065183469
 -0.045563068412241 0.027818936691001 -0.998574040098301
 -0.210507183297621 -0.0692198153140518 -0.975138627554047
 0.143952472540814 -0.147699394601966 -0.978500165806628
 -0.519462595508723 -0.146641709135269 -0.841816382003361
 -0.990191987194425 0.0286670316778139 0.136740739323504
 -0.244543721852524 -0.172679995296135 -0.954138348106312
 -0.422632247221193 -0.886794879502595 0.187020922082913
 -0.0193641120762187 0.2133879338153 -0.976775624627036
 -0.980170024060674 0.189498208236446 -0.0579409441420694
 -0.259354769488149 0.224649004534837 -0.93929118398144
 0.137881023219905 -0.412236224978192 -0.900583210065323
 -0.00808715349948604 -0.94010550939645 0.340787659915552
 0.135970987763203 -0.980223559492272 0.143783392305926
 0.601536902299591 -0.430532619734504 -0.672900452159424
 0.411733734032579 -0.792461140414912 -0.449978525256358
 -0.476549429462874 -0.672434756287546 -0.566332181511097
 -0.0608362641179847 0.0197081304619411 -0.997953174533686
 -0.228282378200125 -0.968461884369619 0.0998435492485214
 -0.986744466384899 0.156284422520658 0.0437096938466131
 -0.000314168173392596 0.488865457398748 -0.872359138119543
 0.366890540933306 0.292089461091687 -0.883218589983722
 -0.062054434260156 -0.478799406527969 -0.875728482748573
 -0.252968720548659 0.245976400327489 -0.93568287197421
 0.0190957226071545 -0.0649640641091309 -0.997704878083963
 0.798183100142985 0.420631585588336 -0.431245646762464
 -0.89805546148197 0.428210096837422 0.100660325197627
 0.118447502991066 -0.942894870675815 -0.311318890991888
 0.253587924853605 -0.741095937228297 -0.621667094345643
 -0.862646111526994 -0.283396012737585 -0.418961079614556
 -0.117566368824272 -0.205669878220364 -0.97153386462557
 -0.914496591466732 0.359672716773612 -0.18528767094553
 -0.308786769065301 0.327952077716802 -0.892803542763718
 -0.981767813131555 -0.0600857794029321 -0.180337628387496
 -0.306220639039491 -0.0260498987280711 -0.951604078912287
 0.0946685878291327 -0.873176811572081 -0.478121442952784
 -0.463585406286426 -0.845690304219473 0.264379425121214
 0.494420470325444 -0.419784384154527 -0.761136958334813
 -0.843213647189128 0.534283465072527 0.0594299936404376
 -0.234540671185285 0.539782798594032 -0.808470904796178
 -0.289541650011893 -0.490850060067072 -0.821724924436726
 -0.141844910025583 -0.989556704059221 -0.0256427563121611
 -0.894776584379119 0.0309861387989849 -0.445437676054875
 0.114690346534085 0.351479079784359 -0.929144004385667
 -0.787643943029882 -0.438061444110423 0.433265726999299
 0.453509784060447 0.221386738183807 -0.863317315891313
 -0.0587551173466793 -0.975734198716502 0.210927972636735
 -0.390022559420258 -0.919798012809787 -0.0430583182955156
 -0.114734484136655 -0.98617833325796 -0.119533648661986
 -0.597343281258898 -0.311702794249179 -0.738933266535015
 0.0260299138638866 -0.993525206502277 -0.110589817021493
 -0.743850544485293 -0.127077291419262 -0.656153739206352
 -0.0845915624384593 -0.964881164292873 -0.248693800399308
 -0.3511078267154 0.494350397654905 -0.795198703694634
 -0.800447832862021 -0.173712365238057 0.573678726318045
 -0.9392325737721 -0.326319097028899 0.106574008462107
 -0.992482590612728 -0.0133991021525462 -0.121650200954021
 -0.877921506519204 0.423684331915276 -0.223036802524959
 -0.388707375649875 0.203374920786948 -0.898635197235391
 0.158619400135473 -0.986629590492653 0.0374424500395396
 0.68278265831772 0.565440185554084 -0.462693460145214
 0.0512441962475936 0.475022028169623 -0.878480566150758
 -0.0706410860647261 -0.179848872400843 -0.981154534237977
 -0.993572133753219 0.0458765368807456 -0.10348796255075
 -0.132253800678016 -0.940074603252273 0.314274835973708
 -0.470995380685048 0.436688671621997 -0.766463538239336
 -0.613166685377481 0.0266958717354938 -0.789502340956298
 -0.949525519492405 -0.000659720549408527 -0.313689101821335
 0.237876382370784 0.441415385574593 -0.865197829451867
 -0.176308282018159 -0.975589264845906 -0.130923550246812
 -0.920541941621658 -0.390548241205924 0.00863741896556461
 0.513478441556037 -0.625476381470769 -0.587468455561162
 -0.667339216000857 -0.327896645508709 -0.668686892836623
 -0.813241057715771 -0.476216589016796 -0.334449910136844
 -0.234482533724886 -0.306038929685258 -0.922690692970867
 -0.3846689808783 -0.29229035593383 -0.875554751559333
 -0.294042976496687 0.260104488333537 -0.919719730745034
 0.0163019361842314 -0.256994269360071 -0.966275422637215
 -0.946969817245905 -0.245616857244457 0.207172692849742
 -0.347522270553373 0.032557835885694 -0.937106322031747
 -0.396731827728543 -0.370713303045395 -0.839747285683224
 -0.224798923829183 0.579672358388076 -0.783227553630519
 0.39323756263312 -0.0173036449089961 -0.91927406316464
 -0.149211190437554 -0.223441068742461 -0.963229001560603
 -0.430686019715163 0.441027213621622 -0.787403676183353
 -0.262764736023611 0.898314729973876 -0.352115519985139
 -0.830413761774492 -0.291146080321134 -0.475023098563825
 0.222251569445457 0.0601391323140297 -0.97313284018347
 -0.327947219411925 0.392725300776737 -0.859195821340984
 -0.899813998613014 -0.000196521805456578 0.436273686209974
 0.0881582707818798 -0.181058476311159 -0.979513117548015
 -0.924417375360502 0.365484409246848 0.108966337595994
 -0.227947767489339 0.281399523340649 -0.932123448669907
 -0.298021276481092 -0.075332150840045 -0.951582043659081
 -0.00975886842104753 -0.277676689516585 -0.960625015594665
 -0.375865145303229 0.143513720838289 -0.915493967471841
 -0.238979933198776 -0.249230279827716 -0.938494996867488
 -0.977193131740013 -0.17312558805968 -0.122967939070054
 -0.44392883675841 0.318402492903735 -0.837584049756806
 0.0878338408718577 -0.961374337879366 -0.260853596610641
 0.405210588758217 0.304989862033665 -0.861850081403318
 -0.469220495161192 -0.1706437502269 -0.866436862921463
 0.0286142550712031 -0.676763716416084 -0.735644001232532
 0.362386689758611 -0.927698307669375 -0.0897314718099109
 0.368002881271869 -0.717880581532976 -0.590949532560505
 -0.988239605118179 0.001918016418609 0.152901288709033
 -0.288895967579115 0.309381322664474 -0.90599244870082
 0.334644122905535 -0.398244315399172 -0.854057829574221
 -0.19729189614756 0.159240084878335 -0.967325438041635
 -0.192056918191683 -0.883094264049977 0.428087211881812
 -0.521812396878123 -0.343422003245532 -0.780879728352026
 -0.0866374566872753 -0.900661433100852 -0.425796822467572
 -0.982107510814453 0.184250565050999 0.0389431185221141
 -0.251346057337915 0.484831260039284 -0.837713440711921
 -0.416649201175256 0.031292908445294 -0.908528589005902
 -0.620318495496744 -0.259162388839938 0.740297116268484
 -0.455754956133784 0.43299089514798 -0.777692937269231
 -0.553422239564487 -0.787466231954531 -0.271331454657879
 -0.73188486273418 -0.300444204368115 0.611619021746529
 -0.186336776570782 0.0603535127454505 -0.980630439664452
 0.388685251977343 -0.852598817269429 -0.349283597791364
 0.0865124535535802 -0.102118605754058 -0.991003221861053
 -0.373093242136727 0.166539734597948 -0.912724465253316
 -0.920689324688862 0.0102444463157809 -0.390161785319437
 0.097450135062548 -0.289781027039531 -0.952118914602691
 -0.947989184280472 0.170174344506665 -0.268992934775196
 -0.923598296839851 -0.364376859660522 -0.119145668064191
 0.121831150662855 -0.953563464393378 -0.275452155740819
 -0.110235714442392 0.0935604128817615 -0.989492059797738
 -0.301402035086452 0.194227916815769 -0.933505398792718
 -0.159081522637964 -0.165564832242663 -0.973283800070486
 -0.201390963060904 -0.965538434826671 -0.16485512084817
 -0.514087750986094 -0.728477477938703 0.452807186804855
 -0.522587063515611 0.711153389136365 -0.470280361237838
 0.184552628480204 -0.982275335054704 0.0327947170168651
 -0.171125443343972 0.416409479189608 -0.892927336506935
 0.296981755909209 0.399147922382997 -0.867457648945711
 -0.179888498740268 0.112204973372781 -0.977266684161179
 -0.865887514112815 0.496129339562521 0.063988212420626
 -0.272397056723766 -0.0765148548441506 -0.959137800566951
 0.191278871292161 0.159376562714024 -0.968509940400541
 -0.894120707483856 -0.40927805700165 -0.181768073394428
 0.431643578782817 -0.377200329882062 -0.819392294345282
 -0.195424716369329 0.157566351532712 -0.967978318505449
 -0.993524996480698 0.0724458550900337 -0.0875195946534408
 -0.920161504562406 -0.000983898289728181 -0.391537785488967
 -0.910159148216653 0.260009624058803 -0.322498558623659
 0.226318307846367 0.147995694919264 -0.962744669068036
 0.481362768844786 -0.8289190215648 0.284926552743222
 -0.142061712375133 0.307846299558649 -0.940770495777313
 -0.977235369451729 0.113967166344397 0.178948365982962
 -0.955105546715502 0.215883990216608 -0.202897751100002
 -0.120808750051363 -0.791481907018529 -0.599134072452352
 0.403393972480191 -0.537333608181296 -0.740638843489538
 -0.518847739008648 0.103460129058236 -0.848582951408327
 -0.874566217871131 -0.0112722600591578 -0.484775068162282
 -0.827426278060836 -0.495902075262313 -0.263527771069622
 -0.950104467674983 -0.191544552912341 -0.246195419847018
 -0.885009872333675 -0.393191225545658 -0.249315434792625
 -0.444650900652266 -0.865978278125088 0.228838804324432
 0.418563775021195 0.450696321299721 -0.788465086232045
 -0.228622178359092 0.00915807487368841 -0.973472151233384
 -0.103593727028107 0.766516448042896 -0.633814542749004
 -0.346218693335998 0.467589408923936 -0.813322052477909
 0.182381049515131 -0.169787123918761 -0.968457270781295
 -0.17256526433358 -0.232984470443106 -0.957047264286267
 -0.640016185265218 0.407650478064885 -0.651306663816691
 -0.80800128346516 -0.17085640945119 0.563863470414693
 0.249917597808826 -0.968014283047675 -0.022125598775226
 -0.76865553658665 0.637153551199722 -0.0566040481615329
 -0.0423408052587599 -0.279515970732249 -0.959207004934622
 -0.882240504453002 -0.190597149127995 0.430493227643355
 -0.386916454731212 -0.918917266936976 -0.0767249215268932
 0.314063941304107 -0.854998684936526 0.412723987101964
 -0.432785193225136 -0.070602393884754 -0.898728144937514
 -0.869513820845637 0.480630754601997 0.113753211335487
 -0.71959532838694 0.0109737239538416 -0.694306949948131
 0.261460916137059 -0.236781737442416 -0.935720363221043
 0.707226549197369 -0.672639435379433 0.217685089252386
 0.806049780338549 -0.437306512775531 -0.398806676850177
 0.101216229779844 -0.952682317271016 -0.286621138767329
 0.26384052258922 0.489489613144462 -0.831136629720729
 -0.681610938207953 0.167705067647238 -0.712236996512193
 -0.103429132665052 -0.485531959354413 -0.868078988895377
 -0.35968493853371 -0.932961281593156 0.0144911020994601
 -0.214388386513929 -0.893599653517817 -0.394356791447532
 -0.0856636703846286 -0.367241417594886 -0.92617248759566
 0.179667220482408 0.0554260772824054 -0.982164772246088
 0.620018496065418 0.132302682414534 -0.773351837628059
 -0.973867718857556 0.215586670560486 -0.0714426598316803
 -0.127687494979992 0.97773489341302 -0.166524418114476
 -0.99161931527134 -0.0740627587713603 -0.105857646601337
 -0.745438296405458 -0.583599784986374 0.32207613574431
 -0.110429530349781 0.868199595205128 -0.483771414732598
 -0.949126607617736 -0.0198093026022349 0.314271020366913
 -0.509558589859013 -0.13877594474442 -0.849170937244785
 0.066467123301934 0.253173438106225 -0.965134877495078
 -0.512146010888161 -0.0367312130157093 -0.85811262752726
 -0.957024712492736 0.12878515138704 0.259842422364811
 -0.960137080184697 0.259625181865015 0.103593205356157
 0.324799033132566 -0.723037073107724 -0.609690888063751
 -0.948084658664892 -0.290340745536644 0.129760284700296
 0.397698355097182 0.554873195670658 -0.730720025098004
 -0.647082769823911 0.22139474431651 -0.729567170441518
 -0.109309705129657 -0.968274192937059 0.224714208844378
 -0.882973031015608 -0.375194096849515 -0.282113481046879
 -0.00174042766794843 0.723082751396997 -0.690759224001882
 0.334955883592319 -0.851690176937826 -0.403024066966854
 -0.166009988672536 -0.986121634205712 -0.00219230755167314
 -0.115929894237376 0.272765885065994 -0.955070171016913
 -0.993106897762031 -0.0526486236089655 0.104722547951984
 -0.151714949650663 -0.787695112338931 -0.597092106839352
 -0.975157393304108 -0.145835391555902 -0.166733610451146
 -0.284773447384481 -0.139095138843351 -0.94844959065567
 0.511610402863741 -0.842250308297378 0.169909428386337
 0.314954373472855 -0.948493092789394 0.0341261712052833
 -0.116400422145522 0.391665745619486 -0.912715117346413
 -0.0719224856529679 -0.42115264077972 -0.904133623543427
 -0.0320411501309283 0.494124833580733 -0.868800330074235
 0.563340752970439 0.32996547589136 -0.757476059530918
 -0.0340638196539437 0.817830815775698 -0.574449660943619
 0.333440524848122 -0.138029693486357 -0.93261204158271
 0.24651269306612 -0.968122197799372 -0.0443948452571119
 -0.411523207646443 0.0169972372004018 -0.911240771418803
 0.0685178357825648 -0.726367566417472 -0.683882639519701
 -0.239639092647699 -0.884864859694442 0.399483773579008
 0.0772740110048153 -0.18402370048689 -0.979879586930118
 -0.817883785177577 -0.433662447095856 -0.378157369255755
 -0.291160509297654 -0.884283095012627 -0.365060222018807
 -0.870125058495294 -0.422756736579508 0.253296514494783
 -0.992616720924028 -0.100186101430792 -0.0683724390535322
 -0.246688407154994 0.683969922795502 -0.686534758396432
 -0.474477844836498 -0.630485073068401 -0.614295814243631
 0.0930665175791689 -0.354415175014536 -0.930445327262759
 -0.898808049024191 -0.437849474387393 -0.0207828965260266
 -0.507085700947559 -0.830928863547171 -0.228957016967659
 0.652794359749483 -0.109941711469576 -0.749514738986768
 -0.62843383759552 0.141192445017836 -0.764941569817495
 -0.242186390631178 -0.0301377133495683 -0.96976155338676
 -0.976097820540338 0.146411253005428 0.160613790596522
 0.342566852242062 -0.889508563958873 0.302361482978222
 0.426043617418761 -0.739688200641969 0.520910934697845
 -0.714199885572057 0.268737301441605 -0.646296206288374
 0.336555198900942 -0.931808384433963 -0.135881318772358
 -0.358392734548242 0.604096799659304 -0.711773632880861
 -0.393617591344369 -0.160323909488121 -0.905185857065112
 -0.094679528163997 -0.239858589028118 -0.966179923314537
 0.0679871255987052 -0.684317055477491 -0.726008208173601
 0.108492483058256 -0.976978074431567 0.183693285668916
 -0.995717024819222 0.0486103494652939 0.0786424847650304
 -0.33092486730972 -0.52459644211707 -0.784402514729623
 -0.168784440530201 -0.78023925368289 0.602277776152561
 -0.252132786527417 -0.257541085166447 -0.932792392448185
 0.35467802912759 -0.366187600066672 -0.860296540276421
 -0.298987215144651 0.140817327697989 -0.943809898973328
 -0.969366497481805 -0.0438046361544656 0.24168108616777
 -0.95077317154277 0.0259620997462704 -0.308798228057201
 -0.409280418245369 0.172902725951944 -0.895876211649401
 -0.952351878821973 -0.17845148609212 -0.247347864384903
 0.296333668871367 0.624792623316974 -0.722371465758393
 -0.210430230387654 0.492864003687407 -0.844277319373332
 -0.209661383777882 0.225042923574419 -0.9515239286016
 -0.475263588252211 0.0357399768063657 -0.879117270754882
 -0.0931982935082007 -0.825581462597609 0.556533311404046
 -0.0779726447959461 -0.940698345949909 0.330161912689261
 -0.197084242238474 0.701367430320811 -0.685012064964165
 -0.711795311091069 -0.618783973264283 0.332345948583753
 -0.0770826997075106 0.34174616502485 -0.936625760961447
 -0.785804434529343 0.212596744906578 0.580787409237792
 -0.671901502997397 -0.0430770275076436 -0.739386732347115
 0.367405942650429 0.382039264952204 -0.847973391882039
 -0.844229803485909 -0.426005275916979 -0.325262269249051
 -0.480713064938573 -0.183954847784407 -0.85736547817951
 -0.918555711965638 0.0819733809257501 0.386698550339798
 0.219418597116806 -0.969088740998798 -0.112794021599804
 -0.84816012761974 0.40495540668992 -0.341519423325625
 0.186630991988278 -0.147746934753819 -0.971256771456612
 0.254976792349342 -0.943574500253835 0.211314925724534
 -0.123940571220453 0.018747788965042 -0.992112521448283
 -0.611685575326186 -0.345024925906154 -0.7118978560449
 0.344106801061697 0.314294553577652 -0.884765190914804
 0.764612169513555 -0.453030407447551 -0.458401221813032
 0.307756264327296 -0.93444128473191 -0.179180264415155
 -0.0742701252410447 -0.550153397939192 -0.831754282966214
 -0.0901654621164197 0.0609161258539981 -0.994062078067699
 -0.745840767444748 0.022835808729736 -0.66573273575594
 -0.609618339876655 0.141793720042345 -0.779910264480847
 0.692670414216172 -0.685254626370167 0.225019542057751
 0.370442517791983 0.0751045052784003 -0.92581404952551
 -0.47808674154506 -0.281374120913436 -0.832022638898136
 -0.457414105940022 -0.885352690748628 -0.0832042587326755
 0.286736941133954 -0.846998331432646 0.44763350314678
 -0.217349940462601 -0.342629622479195 -0.913982464372631
 -0.0764008445887614 0.240162996427164 -0.967721368004887
 -0.996996744784015 0.06315969488463 -0.0448145493356575
 0.089353723858075 0.194488827567332 -0.97682649840398
 -0.99316570576517 0.0428314232958371 -0.108569563278228
 0.146448260819113 0.350731546771968 -0.924954209137944
 -0.254947487787316 -0.653194681324636 -0.712978601894997
 -0.33076853006486 0.2877788663332 -0.898763319017143
 -0.786459426037213 -0.366467731296366 0.497174992448044
 -0.70054545450699 0.456314908911323 -0.548646306899852
 -0.0387516202186685 -0.157044527748071 -0.986830952207527
 -0.705998592502947 -0.398844221719481 -0.585225831781919
 -0.289236526312028 0.0522511452579334 -0.955830554892543
 -0.40099477556638 0.63601425962304 -0.659309526341479
 -0.709678503863521 0.213237466547056 -0.671480605836555
 0.225405414417886 -0.155036853399067 -0.961850286291592
 -0.371632667329104 -0.0544910624664991 -0.926779307432534
 0.157354953461852 -0.880532748381971 0.447103452959056
 -0.976183079885162 0.0237323243236724 0.215646403466683
 -0.945237557940997 -0.325621226094813 0.022288476265801
 -0.993009275285624 -0.0275956237500384 0.114765241892164
 -0.446606563311788 -0.206167985493133 -0.870653397951525
 -0.994189138750995 0.104382483944996 0.0263107095120534
 -0.158324038053915 0.188890264253249 -0.969151157995821
 0.199048639339288 0.269516645422698 -0.942199775534506
 -0.23615261471768 0.119841682975792 -0.964297627075548
 -0.234472223583963 0.313274571238317 -0.920261821104755
 0.303782308811249 0.188016853373826 -0.934005338154291
 0.0855222208467714 -0.952724079551829 0.291552358905836
 -0.689627251827099 0.0658304170489767 -0.721166145717171
 -0.485878202248904 0.640095490166168 -0.595147154952711
 -0.37562501034988 -0.587204119821948 -0.717005699603416
 0.558372485587184 -0.829102325795777 0.0284517257688163
 0.145145287599931 0.383481339406154 -0.912071766811579
 0.228311421901759 0.049122780391697 -0.972348110028392
 -0.966454183063196 0.197628303562878 0.16404074393427
 0.127289380161317 0.136252000689693 -0.982462623210778
 -0.837810068215902 -0.494136576906268 0.232170913250178
 0.230403425898109 -0.955918493795384 0.182027730179714
 -0.994280251152982 0.0927157653634314 0.0530148000112752
 0.415448659958834 0.285050216191092 -0.863799042131803
 -0.512430494308416 -0.379364231167359 -0.770388063649503
 -0.933202378634162 -0.196945499669328 -0.300575765276479
 -0.676979736638171 -0.44255324313843 -0.58808593178971
 -0.935938503026515 0.0519794716869631 -0.348306263331037
 -0.952517459393015 -0.299662778048363 -0.0539695192105097
 0.338453728877174 -0.842114624058606 -0.41987144860751
 -0.998246599315366 -0.0326820963199024 0.0493518746902625
 -0.946670733486936 -0.313087002157385 0.0760989582018558
 -0.916481277679788 -0.0954521104155518 -0.388524081981593
 0.129499194565741 -0.20138341157175 -0.970914352633922
 -0.959267066578127 0.281213183723609 -0.0269414230995228
 -0.827283490412395 -0.464620482135347 -0.315800307269327
 0.117253315729825 0.170539055063692 -0.978349677082967
 -0.954141470900318 -0.083073357659713 -0.287598454021086
 0.366368932342926 0.2094800091188 -0.906582556193032
 -0.451186650480878 0.0615984970459536 -0.890301202733955
 0.285672416994373 -0.907251363908071 -0.308684681925648
 -0.989409244446342 0.144500105589165 0.0137501450479524
 -0.239233330729885 -0.884257073714845 0.40106962120453
 -0.635609754693065 0.0963225298576245 -0.765977943534178
 -0.202377687351897 0.862048304474731 -0.464667614983375
 0.38198590321303 0.634340558991874 -0.672085429811123
 0.776402771854878 -0.289960413894948 -0.559572778313896
 -0.494122169428484 0.315713777942435 -0.810042031067897
 -0.382637325278571 -0.526828117138484 0.758973525424952
 0.240008856545014 -0.916002047614476 -0.321459169329546
 -0.546466595696121 0.401279064108515 -0.735084602271389
 -0.00412792884859142 0.15397326416575 -0.988066391557554
 -0.255881032178397 -0.966517041041155 -0.0192277598374848
 -0.276155853414307 -0.0421034239004179 -0.960190213614406
 -0.48046174275336 0.14494717894645 -0.86495481330869
 0.444193941485736 0.363608123690052 -0.818828965495217
 -0.8544531344531 0.140510823167614 0.500166521866499
 -0.315677525488476 -0.294673234087036 -0.901950877273346
 -0.291829758838119 0.015821255366244 -0.956339416595971
 0.401390710268252 -0.819613128337449 -0.408802907973083
 0.0549049000107634 0.653854339424004 -0.754625705082466
 0.0387038652458122 0.640814885548002 -0.766719174975515
 0.222964604981487 -0.903553287182015 -0.365893758006371
 -0.117379101161908 -0.954852091095362 -0.272909565133283
 -0.127836346794528 -0.975709899571119 -0.177899017189936
 0.219672435552086 -0.974636751841089 0.0427460292806886
 0.389254254753968 -0.888615976241716 -0.242575291247719
 0.533480297591861 0.690310138296326 -0.48874398722297
 -0.455554182214879 -0.864978534500653 -0.210434127269402
 -0.149570745180101 0.246838167334026 -0.957444260170507
 -0.82517344442758 -0.252928487298649 -0.50509005823154
 0.153332213636805 -0.944161346332655 -0.291630904316647
 -0.275542383175499 -0.583132919185386 -0.764220121193035
 -0.418277214524925 0.0370237913076914 -0.907564549046774
 -0.935026328550094 0.31172784797899 -0.168971931729854
 -0.908747803345861 0.416962932466204 -0.017870166850239
 -0.903262587892034 -0.41236171614906 -0.118636050040398
 0.0574000448852674 -0.959241950550932 -0.276694985770275
 0.230211553564976 0.0930005707582431 -0.968686499567245
 -0.285674343341525 0.00535986116763299 -0.958311766308153
 -0.575856467522001 0.163339554883926 -0.801067736601221
 0.0748861961067542 0.642685327597254 -0.762461557931855
 0.0165729798311399 -0.129777473483862 -0.991404631679549
 0.380366243120209 -0.123757594218034 -0.916518182562672
 -0.964299782465238 -0.221248344822402 -0.145516663825287
 -0.113931919386854 -0.987825203458628 -0.105928679576151
 0.0259754401449763 -0.889240560855955 -0.456701764215841
 -0.486995948703209 0.597303005476434 -0.637231563558712
 0.698340096680392 -0.70673140630938 0.113365906269862
 -0.504798919640037 -0.218970391688738 -0.835003004961019
 0.114242895271007 -0.871749560336668 0.476446497450579
 0.015572906077913 0.599204807123814 -0.800444303943755
 -0.477673218340021 -0.578900314970737 -0.660834867275833
 -0.612498831511417 0.293268653234726 -0.734056318293793
 -0.890051418743345 -0.355686223090698 -0.285124153127078
 -0.820531725762871 0.105462519082134 -0.561787632549396
 -0.973034607160341 -0.1297832520039 -0.190682880111492
 -0.977778983671165 -0.147162164491396 0.149303571401328
 0.136017430261213 -0.293043953280323 -0.94637439742999
 -0.785012499397837 -0.031273441472633 -0.618690025495497
 -0.0720224812785985 0.24552092152234 -0.966712076724655
 -0.88056338945136 0.214453560422465 0.422631976523381
 -0.243995645700717 0.789735861966584 -0.562835138564559
 -0.428315933307294 -0.431366854288591 -0.794020212775636
 -0.0913069835925141 -0.978066654426816 0.187212858120302
 -0.871521833630597 0.232243373796084 0.431871171569687
 0.145323639115505 -0.383275391278862 -0.912129932824409
 -0.885822783328768 -0.339640698857128 0.31616798100933
 -0.449083530798211 0.534517339396612 -0.715971505194292
 -0.150754219873256 -0.947338315337274 -0.282530142611974
 -0.503919444243572 -0.861901475355746 0.0564892953827354
 -0.968521076014401 0.0869709098713178 -0.233244477216635
 -0.221572307110972 -0.207884265342631 -0.952727581706584
 -0.284475033748174 0.635718109372009 -0.717590719414942
 0.195127927763544 -0.270826272914262 -0.942644271030209
 -0.24114219688626 -0.477296863872985 -0.845007777844608
 -0.823828386598537 -0.0708845102397602 0.562389700868109
 0.0470839268588566 0.489981092888771 -0.870460586381184
 -0.0011794185181124 -0.968289434101388 0.249828302599153
 -0.934421654938261 0.0738761342420722 0.34842285741881
 -0.163114290611668 -0.610155790603831 -0.775308738110739
 -0.361116589171239 -0.928517752697892 -0.0863110187066914
 0.201878314067024 -0.969382526798693 0.13979507518807
 -0.982223055511072 0.090504935631998 -0.164458888019897
 -0.0250920179100723 -0.287441890417783 -0.95746934690895
 -0.575339705147091 -0.788586755190542 -0.21706025250909
 0.15431788406851 0.0861186068862622 -0.984260928923112
 -0.930432935521311 0.344564120103062 0.124780285441241
 -0.962306338577322 -0.222549078942285 0.15632791879843
 -0.850598454527974 -0.0284367685638007 0.525046302099416
 -0.536750081611175 0.470233918600279 -0.700556501424562
 0.291421620176527 0.113940395719497 -0.949784725881067
 -0.366628553026073 -0.433045300847015 -0.823441116000607
 0.0982363697604013 -0.90275176389845 -0.418794542030499
 -0.793819081941072 0.396442185694795 -0.46117768652415
 -0.423371385980244 0.0668023586990859 -0.903489963643983
 0.541964394819058 0.763009861739744 -0.352264879935979
 -0.891715258443272 -0.191646633037828 -0.410018860425607
 -0.144907692677831 -0.983389605707024 0.10930070443584
 -0.840373834738229 0.476763429548746 0.257814759337555
 0.167889951193577 -0.0158405482507261 -0.985678467513283
 -0.273225366984922 -0.188941183158533 -0.943212133161257
 0.176566677762235 -0.974387901089656 0.139256692887998
 0.228750434157645 -0.229861008212593 -0.945958326659362
 -0.918135462837556 0.393814588148402 -0.0440152478303864
 0.29682931993138 -0.0381951737605359 -0.954166381471532
 -0.219741116575662 -0.814802754732741 -0.536479554657975
 -0.0635217610298198 -0.0236030711010544 -0.997701298440705
 -0.226034635634518 0.525384737170205 -0.820292156150579
 0.0511319845854476 -0.98680766987378 0.153610360427396
 -0.357183770160657 -0.433300656397114 -0.827448062116076
 -0.112517310048291 -0.871390984520423 -0.477511892036235
 -0.711801409519533 -0.38570190242152 -0.587003233274253
 -0.932103354994012 0.354011233015909 -0.0765466035004955
 0.653079717767949 -0.061377199669714 -0.754797801799158
 -0.997862499593748 0.00605455448514866 -0.0650674594133124
 -0.141903600366534 -0.867959552294762 -0.475930229953185
 0.535240118759357 -0.811820085217719 -0.233379871684694
 -0.0103706745755358 -0.977251335435281 -0.211830773257353
 -0.488468404921775 -0.403783308411268 -0.773535815099487
 -0.122724719715706 -0.990408604751832 -0.0634778607408184
 -0.0554974074363344 0.0719388020142102 -0.995863869478457
 -0.0435650226753766 -0.64531544055252 -0.762672977745902
 -0.199576237059517 -0.963903523704505 -0.176236552937247
 -0.217853008200455 -0.123971358816154 -0.96807601406671
 -0.957826642493291 0.108572317276831 -0.266045437568787
 -0.38372320382413 -0.625041509546798 -0.67976438137814
 -0.249075335991541 0.346743448684955 -0.904284500472481
 0.0469423352358782 -0.123872721911131 -0.991187149800143
 -0.994722332749264 0.0995550001388717 -0.0248250413335307
 0.149245373756655 -0.307715206660489 -0.939700574652441
 -0.231474521463726 -0.245579478162741 -0.941334300776539
 -0.142306296536548 -0.299906818341527 -0.943294661427867
 -0.105556019983587 0.0305028431991979 -0.993945422647536
 0.080740996818855 -0.950135746442535 -0.30120251453928
 -0.921744079688637 -0.381582993214719 -0.0691539648049377
 -0.868350583156244 -0.0781580333605768 0.489753597795276
 0.198916954474948 -0.954706456944126 -0.22128629937618
 0.33334380021515 -0.0561497179778972 -0.941131829250889
 -0.0167767754653897 0.041633966043606 -0.998992068375152
 0.00119011294101606 -0.910708605668486 0.413047720236475
 0.0547397655359449 -0.997802265548221 -0.0373389466362828
 -0.933166922812043 0.217683879821877 -0.286030107917324
 -0.054146222235485 0.0405072957359988 -0.997711053166087
 -0.897138832487155 -0.413363862177573 0.155795483532819
 0.108890439778835 -0.911624015072039 -0.396338904561119
 0.374022862222093 -0.0909912798690053 -0.922945006770714
 -0.9423845407174 0.332808715418924 0.0339077625044719
 -0.315286751832773 0.330751656934446 -0.889492892357133
 -0.0828376624059352 0.257519334963087 -0.962715801162155
 0.344962394160018 0.487483740766555 -0.80209759325386
 -0.949095863271702 0.0657240742411177 0.308054197156427
 0.0984709730957185 -0.313639517332492 -0.944422427002358
 -0.674164062858388 0.169630320580571 -0.7188382089803
 -0.138787839078854 -0.96711656363916 -0.213127867860131
 0.144532470882984 -0.960705588476707 -0.236970751634213
 -0.946031063459512 -0.105244166074837 -0.306510835822938
 -0.568424003848214 -0.256787590462301 -0.781635647366298
 0.193077500420906 -0.971455209288995 0.137825451845767
 -0.212554247224917 -0.195361394586596 -0.957420815259324
 -0.789060332640413 -0.0380840676722589 -0.613134076073852
 -0.681145882134848 -0.171470295165105 -0.711785238064636
 -0.0362851260325858 -0.977912132241197 0.205842782832617
 -0.986487035512509 0.160226771527131 0.034215646300121
 0.538770689707757 0.544252856051964 -0.643051298568869
 -0.972126285613559 -0.231622152463164 0.0363546875590563
 0.645171014277676 -0.131506182122835 -0.752635693014483
 -0.999239516515328 0.0314549011301513 0.023042956171152
 -0.826745552491628 -0.549190363099132 -0.121990723066782
 0.215238894695078 -0.771529535752661 -0.598677203233699
 0.0124692837069324 0.0485601496868797 -0.998742423663992
 -0.228131547174645 -0.0382399825758566 -0.972879078260141
 -0.115713220777042 -0.992922168656744 -0.0267585038332048
 -0.194116140026233 -0.684172023115392 0.703013205400516
 0.357341040873715 -0.680272664421071 -0.639950375067276
 0.539251183705435 -0.595864167445782 0.59510843955235
 -0.0406018871433702 -0.759292212197119 -0.649481965305583
 -0.968908356713444 -0.233116961207324 -0.0829040330039241
 -0.87205270587436 -0.403984005036126 -0.276262559627936
 -0.852853283809648 -0.218466192017658 0.474250776742014
 -0.990919105135181 0.116840664304791 0.0665401100307794
 -0.132653307335632 0.215056768600552 -0.967550353383227
 -0.207594676193607 -0.977078479655783 -0.0471391027663392
 -0.124179072105385 -0.935576080686337 0.330570650994063
 0.064092365181311 -0.90820232585856 0.413594854937254
 -0.710218249419703 -0.263240476812683 -0.652912313835972
 -0.821294795436976 0.0816275855016502 -0.564634214579056
 -0.238892662246169 -0.0911375064714475 -0.966759665500741
 -0.127050638949235 0.535914896840619 -0.8346576295026
 -0.777102783613018 0.444574687016913 -0.445493671520385
 -0.552537311484211 0.0736812126384606 -0.830225028725301
 -0.411767557484818 0.759646985312882 -0.503372562132697
 0.596646052843619 -0.778814976575058 0.193547719925915
 0.176400177679789 0.0118112717003014 -0.984247667599655
 0.0219892997682825 -0.998163725942238 0.0564415353158353
 -0.937221172220259 -0.0282658989395873 0.347588137454691
 -0.269930857924382 0.0651964737840671 -0.96066994943442
 -0.374327425825968 -0.0308109826307288 -0.926784582103001
 0.380301264029805 0.526090414353628 -0.760657494870431
 -0.769178868440457 -0.424518959505369 -0.477647905224274
 -0.0160162459109263 -0.987785950866016 -0.154991596993651
 -0.177023133454 0.322171596791311 -0.929982942017253
 -0.40106022552625 -0.131806445873005 -0.906519584083631
 -0.196786239308959 0.349182430483264 -0.916158723290041
 -0.350597447690029 0.0434843793649438 -0.935516188221499
 -0.892612795406796 0.0780283323757827 -0.444020243708235
 0.311562287716319 -0.950210967061496 -0.00529706985327631
 -0.108474376704164 -0.0153045081818086 -0.993981429216842
 0.532950741445012 0.157692840316773 -0.831322124874612
 -0.565663121394473 0.199115549092762 0.800236359586185
 -0.872548259234903 0.170204361019103 -0.457919218636016
 -0.0779589268063773 0.556541764290402 -0.827153958058429
 0.481578564440739 0.514679374751924 -0.709356911206316
 -0.125580182720806 -0.103827164110771 -0.986635463431416
 -0.359949060055773 -0.138210997431825 -0.922677838876531
 -0.00960333118890331 0.145933035013309 -0.9892478583863
 -0.895433867936623 0.228110265852434 0.382313869438176
 -0.839623079396485 0.236212528864577 -0.489118314676689
 0.256070173013968 -0.214347691927817 -0.942593832707288
 -0.543798206939447 -0.367525112545465 0.754459277746577
 0.227881094599039 -0.713125281212438 -0.66296496138184
 0.459459977644002 0.217373233323381 -0.861188368696368
 0.0494849346863026 -0.578814494988974 -0.813956400324828
 -0.514417281805627 0.259193828627455 -0.817430987534209
 -0.403034223865377 0.198275952572167 -0.893448409828364
 0.34562466344346 0.193514949258564 -0.918202350483296
 -0.770144293751358 0.388888234194174 -0.505612211193083
 -0.845552402532794 -0.182549611216 0.501713836779401
 -0.529875368272435 0.24315876408793 -0.8124690206681
 -0.527651913598994 -0.108553191073272 -0.84249609066341
 0.50844213675315 0.602326995122698 -0.615376945067292
 -0.874825279728443 -0.0240995132341976 0.48383875765582
 -0.334205808964294 0.0359985464189908 -0.94181239209847
 0.149369618181302 0.0265275131210113 -0.988425519810161
 0.0244792045894575 -0.9956844571973 -0.0895166478281331
 -0.157377604358206 -0.0457162405041423 -0.986479759042546
 -0.118204260144946 -0.227980177552005 -0.966464066340256
 -0.394253522067662 0.288151156854105 -0.872658622338016
 -0.253569692820224 0.119575358474676 -0.959897986521854
 -0.863853463475246 0.0181789067076561 -0.503415058369073
 0.211104087126713 -0.972491916285212 0.0984608407353614
 -0.975220499635452 0.135939316625185 0.17454363146863
 -0.728127091860272 -0.0970250033935786 0.678540409125042
 -0.989594878500223 0.108853910262752 -0.0940893334371029
 0.619910382011598 0.777195075823659 0.108069109322192
 -0.509329628670075 -0.599223294249226 -0.617668821447148
 -0.41554760618479 -0.743453605099948 -0.524019965323823
 -0.0748908461214142 -0.961171789931352 -0.265593959659063
 -0.0872971223207019 -0.996062484358577 0.0154512034464555
 -0.361509735150012 -0.874557944058807 -0.323201351908376
 0.134682647354689 0.867953481769111 -0.478034871098763
 -0.586287824379974 0.151696162793105 -0.795773121673285
 0.0977385325841678 -0.0749749293231758 -0.992383967636156
 -0.899365105009914 0.0992886778175212 0.425774783597801
 -0.496993012228048 -0.836603959158336 0.230416495323336
 -0.354737001058574 -0.450309260897646 -0.819379783512984
 0.589331293138755 -0.788137013286994 0.177563158381629
 -0.92765931468587 -0.254517794587227 -0.273256085229581
 -0.989656766094428 0.068953105614563 0.125797275604942
 -0.982465225891612 -0.178880496060263 -0.0525723125131285
 -0.437055528194981 0.0236444198751022 0.899123688200337
 -0.961507692456937 -0.194266610672287 0.194328179438901
 0.192937855008453 -0.844483497675221 -0.499622463725323
 0.21370541546447 -0.976331536563603 0.0332674933307549
 0.24107158996123 -0.137538138544906 -0.96071210513825
 -0.140379079117537 -0.0940500072909001 -0.985620774068148
 -0.848139199203665 -0.508066484731506 -0.150094456482364
 -0.497186666348922 0.587669890147707 -0.638317725759381
 -0.430668015294009 0.670698110557548 -0.60389494541456
 0.0858637061673771 -0.912056510159524 -0.400974246353594
 -0.339585625386455 -0.445025834242191 -0.828633579990536
 0.447844617316348 -0.878359950850873 0.167089782697882
 -0.51304842399192 0.318398867793941 -0.797121995447964
 -0.973701897581636 0.122173869026833 -0.192297062829717
 -0.0900385508622799 -0.977938249475355 -0.18849360618254
 -0.983727988889631 -0.0983552048429858 -0.150351247269374
 -0.448157471939569 -0.865230810174878 0.224789958558782
 0.0590672620648587 0.822762096396019 -0.565308403693231
 -0.962820069402681 0.0215927228238229 0.269279164207836
 0.280470937051005 -0.946599476031787 -0.159014104550754
 0.107069869154294 -0.340216187543488 -0.934231763992563
 -0.452693095351146 0.133645638458628 -0.881593900127708
 0.00178287914408194 -0.984629664504374 0.174646056697428
 -0.824304297131035 -0.406316091630608 0.394245684076996
 -0.272739530324295 0.613253413995312 -0.741305199510686
 0.130035133518542 -0.0522132237456164 -0.990133649219592
 -0.323172588991272 0.494486116671725 -0.806872330758464
 -0.125330806221393 -0.989267449351534 0.0751139312338678
 -0.256039412823067 0.0296533863921995 -0.966211413592643
 0.220562726943265 -0.113658080202276 -0.96872799293098
 -0.129476917787899 0.50435134508486 -0.853736170295741
 -0.953682287248155 0.247252730018452 -0.171336459889744
 -0.0705016193849526 -0.000565644727174462 -0.997511504550269
 0.558332069902587 0.772252668896024 -0.303135473181975
 0.271399039706909 -0.359338164087855 -0.892871012563482
 -0.545185967954924 -0.803785657811148 -0.238119458764196
 -0.0275449724438749 0.10176935543753 -0.994426605027689
 -0.95750544313309 -0.0580797814089737 -0.282506752772374
 -0.106498204036145 -0.876162104338886 0.470104349541174
 0.146350609897289 -0.971564455098326 -0.186129010560375
 0.239306500102562 -0.945897372584356 0.219113120434797
 -0.974128647736253 0.0969322456494702 -0.204150722293334
 0.00169542672570302 0.38478911649557 -0.923002958475636
 -0.441523591269444 -0.832753912463596 0.334032692455555
 -0.129136985766377 0.0724135133149048 -0.988979232338357
 -0.986135315215751 0.113893652601378 0.120687099482292
 0.197084998883114 -0.952886180834517 -0.230576298846719
 -0.827305161444578 0.559395767727938 -0.0514056893274651
 -0.363063215324592 -0.785001685575008 -0.501953638618713
 0.266448779079429 0.0955260624246748 -0.959103654212994
 0.336002313454057 -0.374874853657253 -0.864043569184434
 -0.3049592764158 -0.925650161145314 -0.223990220544574
 -0.089005386387008 -0.857082811949208 -0.507431862081341
 0.0138385201568866 -0.242396725352141 -0.970078513780419
 0.0477516736349376 0.275444325987984 -0.960130304149436
 0.136939486052346 0.597053137730299 -0.790427180634702
 -0.00183369283972677 -0.00157162965604516 -0.999997083771145
 -0.848257652886965 0.472779808356011 -0.238617281707655
 0.0110199073797712 -0.182777680607201 -0.983092508929446
 -0.269821126571453 -0.2511599010234 -0.929578003060329
 -0.167012287643889 -0.570408408826572 -0.804202177885569
 -0.199709765606106 0.926122005973375 -0.320021936081584
 -0.831261353625047 0.408876418037286 -0.376596118862705
 -0.418879771832796 -0.252074513055868 -0.872352094407386
 -0.147002417750891 -0.949852906093726 0.2759886699861
 -0.888309802292237 -0.0840171896582461 0.451493972267024
 0.576452858669158 -0.000119266826902278 -0.817130398105211
 -0.431993383216571 -0.156445533412287 -0.888204093625134
 0.218349990194173 -0.90312196003571 -0.369721526399886
 -0.383900250982455 -0.890070904830246 -0.245752683953349
 0.266282897685256 0.585182285454026 -0.76593414285508
 -0.059213030179306 -0.84681233082218 -0.528585559228108
 -0.370474198604214 -0.887659175331999 -0.273514271323236
 -0.301648115519655 -0.922063620242423 -0.242501741496588
 -0.0792906820436219 -0.995242722438313 -0.0566119349133451
 -0.59476603980958 0.104864948767805 0.7970299244126
 -0.36415429050813 0.236568541233988 -0.900792416710389
 -0.227933957178936 -0.927997743565802 -0.294730892682682
 -0.633305191495064 0.406286456041245 -0.658677348982676
 -0.426506871841037 0.25724280041612 -0.867132071778253
 -0.0481303531495659 0.141618334345638 -0.988750583556271
 0.127760941357119 -0.901134422243652 -0.414287213067387
 -0.0907859376865689 -0.0133930716874519 -0.99578036692292
 -0.20547124763447 -0.208007891610064 -0.956302401661457
 -0.291980872788597 0.32235485465956 -0.900463501538526
 0.144947038057828 0.293349216019474 -0.94495322297933
 -0.944414122509292 0.298861888447117 0.136980060004467
 -0.277787041916626 -0.447981565069746 -0.849792255025234
 -0.046552026942498 -0.989286943517475 0.138362755730711
 -0.190551967731928 -0.959651414218575 -0.206782762293618
 -0.311171801226831 0.695701798482231 -0.647434257442282
 -0.93173637110122 0.189878706501234 -0.309537415484053
 -0.543861661494889 0.151030865536985 -0.825472089662132
 0.746608012933283 0.207008655384835 -0.632237211511295
 0.995557863140869 0.0513168972733007 0.0789374258044136
 -0.474090766488947 -0.245686293990818 0.845503512751414
 -0.626031236343318 -0.124437375414478 0.769805320014361
 0.784718556764529 -0.619844709853229 -0.00305325013080172
 -0.216963438705443 -0.975191906452237 -0.0439045766994936
 -0.304095306393831 -0.941673031961884 0.144145570535324
 -0.993141317705492 -0.11658448660161 0.00885327905569101
 0.332352760415449 0.304805647110901 -0.892544206262937
 0.00150470343108605 0.476847264803197 -0.87898488150667
 -0.954816443753512 -0.10123556294489 -0.279422474996424
 -0.932631098469585 0.136658902969392 -0.333951461153591
 -0.00925765267035018 -0.999715209528088 -0.0219953564473494
 0.0309742911303887 0.320798957463562 -0.94664070384664
 -0.898152547998252 -0.378936848278526 -0.222999698522184
 -0.631316302415988 -0.666995466256949 -0.395672559443385
 0.577389776067309 -0.430121034531933 0.693986269421898
 -0.199450156308133 0.638298004037936 -0.743502046527008
 0.383762224163717 0.805030213231337 -0.452385798947784
 0.0654303043086432 -0.713529666501639 -0.697563108471297
 -0.118538247964356 0.39233240249781 -0.912153479256555
 -0.640172034872789 0.354996967182219 -0.68129062745517
 -0.260519245419632 0.0317317963655524 -0.96494705340003
 0.188185298367081 0.0208842075920522 -0.981911474294778
 -0.978595756452477 0.180872836673584 0.098159881860441
 -0.716206804625856 -0.309397568546027 -0.625556518298249
 -0.237511485815188 -0.905955678731368 -0.350474824031981
 0.135224697598704 -0.284139760338033 -0.949199071720145
 -0.787516306908876 -0.0797603315979164 -0.611110755801267
 -0.948228938215193 0.221590508066872 -0.227507203107843
 -0.344036875411948 -0.861034294763797 0.374511110112096
 -0.482839231007732 -0.195504117832482 -0.853606710909893
 0.644967269552226 0.411171477533049 -0.644170192782649
 -0.213977790687712 -0.443797570579992 -0.87020527546074
 0.540649524629321 -0.206359008067532 -0.815545247860273
 0.0301840124825052 -0.982692814058556 -0.182766951575311
 -0.190480508432019 -0.947549967542278 0.256644179591333
 0.647662048201516 -0.761922623359706 -0.00279057916572154
 0.176433004509626 -0.984275812410447 0.0085158689199513
 -0.980311440077724 0.0953753667024884 0.17289597993911
 -0.499462627413083 -0.662456208372336 0.558291013546312
 -0.250044276935734 0.167137191994858 -0.953699648014908
 -0.113809661271405 -0.90405654773156 -0.411981940751026
 -0.316736159115772 -0.481234573345302 -0.817368638330193
 -0.603477873405107 0.264801219061133 -0.752126831521245
 -0.950285392373465 -0.30792639913429 0.0462493865667272
 -0.621076750598681 -0.748035234325716 0.233895186083543
 0.0795394127980356 0.761840554585394 -0.642862700116255
 -0.66122617186065 0.562364337289189 -0.496514150646083
 -0.58109236912867 0.686716410563839 -0.436751908985806
 0.733234880085853 -0.677666648359131 -0.0559868227995262
 -0.591771079528737 -0.516880746635706 -0.618580053987121
 -0.624718928168763 0.343851203952566 -0.701065339556908
 0.553622318444716 -0.178531116356962 -0.813405783734192
 -0.00460367464896049 0.281282951867259 -0.959613832314107
 -0.831164229668813 0.486646866260147 -0.268962545493283
 0.104594696750092 0.251599118868995 -0.96216310093253
 -0.589199672468555 0.664773914424525 -0.459259609222976
 -0.985158348915316 0.171006157030028 0.0148297613018277
 -0.13554698227054 -0.977205039431502 -0.163393165423239
 -0.999465147837145 0.0285933740552907 -0.0158693799188136
 -0.795947713057843 0.309471892946878 -0.520282986031511
 -0.153946181745725 -0.852545004816298 -0.499467304123793
 -0.925344557798167 -0.37861808705469 -0.0196416269275985
 -0.971453789039475 0.0517512640860617 -0.231515317908649
 -0.368085550794941 -0.734042591268355 -0.570696505596472
 -0.209057315816588 -0.975375256577402 0.0702719542928064
 -0.0804090503245954 0.523088049586153 -0.848477033870718
 -0.558156001621095 -0.264870674123081 0.786323981475789
 -0.836972994619047 0.251548930272898 -0.48600343821519
 0.339628875627268 -0.915080989765359 -0.217437368017111
 0.232710691844298 -0.945185551959692 -0.229063323707661
 -0.979938109882219 -0.191480280197646 0.0552865543861628
 -0.256278847308108 0.0628616025626182 -0.96455667088341
 -0.0244124711752024 0.110521540759034 -0.993573862518217
 0.0395070192978648 0.705707021480598 -0.707401438547576
 0.120661468609008 -0.320014579251044 -0.939697546586078
 -0.236361654292195 -0.838016954908134 -0.491793403439652
 0.101673193611788 -0.86655682358229 0.488612150077904
 0.11252510546296 -0.88724165727282 -0.447370475378438
 -0.795619655757397 0.193772318651614 -0.573970079269693
 -0.688689015021462 0.390160162450899 -0.611132136468911
 0.2985269686526 -0.95423522212957 -0.0177985907987318
 -0.901784484094531 0.203081110879256 0.381500729554228
 0.124655819382113 -0.944023825623504 -0.305417653958211
 -0.492278880948656 -0.366666415328116 -0.789441095486148
 -0.414490247072878 0.111573893400556 -0.90318829786092
 -0.621835189930103 0.0307874151048486 -0.782542734702556
 -0.267257748678632 0.150229275428935 -0.951842665872531
 -0.893293658774192 0.37956329099504 -0.240744984003473
 -0.293390242462688 -0.397033048745367 -0.86964758599771
 -0.302969549174709 -0.932772418063118 -0.195307624975467
 -0.923410657277077 -0.381527154871818 -0.0418304688299262
 0.228779605245933 -0.972615434869546 -0.0409769212733012
 -0.358227460085912 0.248965122764488 -0.899827458175877
 -0.2412874498056 -0.516478692587875 -0.821602170560077
 -0.277630133523522 0.333491052631055 -0.900946850138643
 -0.694308189112803 -0.0786731195234147 0.715364717326312
 -0.361966022496487 -0.574084725736365 -0.734443548704919
 -0.162717395835329 0.228930159557378 -0.959746857842005
 -0.446842857109399 0.719835696315821 -0.531194909011585
 -0.939232279956898 0.293434035674768 -0.178154963429554
 0.212552894502405 -0.977092512135738 0.0105588714796219
 -0.42565087882023 -0.223441104722924 -0.876866809772023
 0.245729000586356 0.247703483935212 -0.937155399236001
 0.0926081936062466 -0.981404217477755 -0.168135315724756
 0.511338405239318 0.560689565300199 -0.65127586066949
 0.260678289839164 -0.217578764937894 -0.940588278820563
 -0.788333144131073 0.547025689381348 -0.281591457649691
 -0.429359322464397 0.87152049834853 -0.236859859772068
 -0.414159697977399 0.668256664739517 -0.617984445275515
 -0.902276272885411 -0.14576936659362 0.405769416234032
 0.285463463346988 -0.900789028310239 0.327245683806277
 -0.927356726096914 -0.220673025439799 -0.302180274680627
 0.360994646243529 -0.119811130464593 -0.924839531162193
 0.0985401425497936 0.0713904692468471 -0.99256901080327
 -0.675551171930613 -0.181598328415672 -0.714599651007337
 -0.392790451352277 -0.782483370391718 -0.483151566681607
 -0.999858720724466 0.0148351577351798 -0.00790295427081529
 -0.927425564231825 0.00163607425338763 0.374004205952712
 0.20145259633021 -0.493515130573362 -0.84608490550711
 -0.356251927198038 -0.0841850359896803 -0.930589836653668
 -0.621863464608324 -0.57898490575462 -0.527316138851872
 0.0721551135693421 -0.333882120897049 -0.939849120301277
 0.291079755846526 0.0190455578421248 -0.956509196224903
 -0.992081879796072 0.0893356786452095 0.0882761593030183
 -0.906076414237926 0.215229962589868 0.364282300922385
 -0.831102464931797 0.228704777213974 -0.506915000432812
 -0.950577691556652 0.197783372390143 0.239340322388034
 0.00706559962399408 -0.994051323302614 0.108683227511308
 0.109921503395699 -0.686215506001263 -0.719044882058596
 0.00469130164795171 -0.927601890669073 -0.373540793108343
 0.399017047866272 -0.863075317181537 -0.309655279922812
 -0.480054009325931 -0.559117608505533 -0.67597015317923
 -0.377658381427557 -0.145250344981016 -0.914481538479817
 0.0761633695514125 -0.841256504672326 -0.535244462358161
 -0.957209980914413 -0.0974021831366603 -0.272510306517095
 -0.399584017296392 0.830328616102705 -0.388441761918365
 -0.998605637372043 0.0115609224692445 0.0515085049330335
 0.137972701995553 -0.871810509964761 -0.470010604368699
 -0.031949129041267 -0.979871438711251 0.19705637962636
 -0.962366148979754 0.156069085584221 -0.222472101223465
 0.490144806599334 -0.850604314719153 0.190342765412458
 -0.351742728868001 -0.647745346183368 -0.67579806095185
 -0.306412202642563 0.179713281919122 -0.93478056161518
 -0.374216885462582 -0.383086416958281 -0.844515553306599
 -0.455199387170167 0.670391229023778 -0.585977062663627
 -0.945059916625619 0.310134996902482 0.103334590935836
 -0.509270161883274 0.844001984272256 -0.168239569542596
 0.306103502779214 -0.52711533547636 -0.792748427114138
 -0.341099249329084 0.451785675521375 -0.82434277184969
 -0.00964013105846016 -0.908462023365906 -0.417856219261003
 -0.980186958490821 -0.192128510987102 -0.0481680565353453
 -0.425615863183178 0.39604771193652 -0.813632193854622
 -0.93720572449935 0.326253569597348 0.123304656402897
 -0.256439768236385 -0.234351263341207 -0.937719643943353
 -0.912066870703114 0.155304900340985 0.379492307294768
 -0.118296633935341 -0.834939127334754 -0.537477962380829
 -0.0975626380416815 0.0626237061550719 -0.993257168655606
 -0.0269395890634738 -0.654749204464262 -0.755365962824979
 -0.0533399876231605 0.692983607979269 -0.718977443868997
 0.0459184489261023 0.333192091268029 -0.941740158623736
 -0.469741316133729 0.073273735343255 -0.879757952863058
 -0.764597317270172 0.393601205254342 -0.510361669451758
 -0.246131660694001 0.600870732777587 -0.7605087560938
 -0.276064786739848 0.43141378107178 -0.858877396968643
 -0.727860140263222 -0.592106140648397 -0.345875605416838
 -0.43137252006513 0.617534929652245 -0.657699292680216
 -0.552790054932257 -0.822669698608758 -0.132807086252838
 -0.53360508852368 0.243274869393135 -0.809989473649743
 0.596264119642768 -0.707335728777777 -0.379664676288229
 -0.171412405770166 -0.959886998896516 -0.221889018424806
 0.318797343825969 0.577231848710145 -0.751778987737869
 -0.130022209356715 -0.97638694726566 -0.172518851964777
 0.296629346278326 -0.459384185501235 -0.837243812182485
 -0.633494153649017 -0.0992922551344513 -0.767350119152158
 -0.424394685517189 -0.0830010933803457 -0.901665109340732
 -0.430290811459849 0.413402667672185 -0.802463738703965
 -0.243444387005634 0.265053218215982 -0.932996046052073
 -0.525444849604709 -0.0599222980882963 -0.848714927532032
 0.755770437175952 0.514902061587513 -0.404582393665122
 -0.472485008530167 0.625813615913533 -0.62057653424173
 -0.0625623058694496 -0.670149734996269 -0.739584539162851
 0.0437728113959232 -0.910477244935938 0.411236096952056
 -0.0836631455817194 0.375436349822423 -0.923064475160532
 -0.969377302449299 0.0589036659065387 -0.238407222287602
 0.0691671192286675 -0.927247007410144 -0.368006653291134
 0.13401644323277 -0.0359983936958319 -0.990325051987759
 0.057636521236715 -0.913384938905689 0.402996259039685
 0.180415871034463 -0.983539092903762 -0.010048194311471
 -0.734871941743859 0.418141405459875 -0.533967222100431
 0.454673460333675 0.361166891668115 -0.814144041819993
 0.249278867654646 -0.968360977570688 -0.0117074018961941
 0.0765426026002199 -0.969215312087631 -0.234014761931937
 0.170040969104324 0.00670005561694401 -0.985414216500245
 0.0459420497381105 -0.998420748955922 -0.0323316581720845
 -0.303350985681544 -0.849312003268517 -0.43202696743381
 0.0596568236446877 -0.142182475446166 -0.988041095839959
 0.393043933287929 -0.0950655717811274 -0.914592260828551
 -0.0729027495598996 0.268236825414499 -0.960590544716196
 0.102476402309399 0.332716836095977 -0.937442314997571
 -0.954711691817165 -0.193399817558547 -0.226101959469457
 -0.983065230232673 0.0291691432360391 0.180919634618406
 -0.731340017284239 0.206088274693844 -0.650130296288678
 -0.132132109825609 -0.439678608805168 -0.888382702731309
 -0.355265943138792 0.504372608118673 -0.787016125517941
 -0.250134834223415 -0.946063109602426 0.205905700157652
 -0.331465969913392 -0.0821746487973929 -0.939881714836712
 0.543574042191992 -0.426276711839086 -0.723059766270199
 0.233673997850672 -0.905335061616958 -0.354633457157532
 0.168095676721428 0.13239143178451 -0.976839982933547
 -0.907126714154147 -0.29686442527191 0.298316337929856
 0.250960411948287 -0.249220309815002 -0.935365227496971
 -0.287515840132662 -0.327702827553346 -0.899969720871959
 -0.934219003612295 0.26943496797604 0.233751259507627
 0.115995673082567 -0.14789348048991 -0.982177439292261
 -0.851134896786722 0.363431732927281 0.378796466421387
 -0.824758387492156 -0.456445908806015 -0.333812424267865
 -0.972595012605106 -0.152081742237898 0.175869511665779
 -0.719262405166941 0.281294013214924 -0.635244260613907
 0.363496356953478 -0.388747390603977 -0.846608448327885
 -0.517233561652458 0.494163488920487 -0.698764544691733
 -0.967909642113067 0.156501112276207 0.196617208201276
 0.235764593102723 0.835454658715584 -0.49641773726322
 -0.880621469053745 -0.463155721546233 0.0999630223663348
 -0.199747525598071 -0.0503076430973346 -0.978555091481026
 -0.85881558801166 0.475047919919446 0.191742691042958
 -0.189252411115001 -0.141407426912344 -0.971693091722479
 -0.873159254867691 0.112680849931367 0.474231949258635
 0.187231174470012 -0.980836843624917 0.0538848169198913
 -0.248918941713796 0.219564356120083 -0.943308461733307
 0.350079668428496 -0.431914691884125 -0.831200291558922
 -0.147715253567716 0.496422337159943 -0.855420988187738
 0.755199797922022 0.0617772494874453 -0.652577073351725
 0.55754638918022 -0.643707226806048 0.524197510552812
 -0.85129878082644 0.522948990954584 0.0425997490954881
 -0.195939178794402 0.39292167979024 -0.898454446126342
 -0.502399751875895 0.226664671125489 -0.834396558105685
 -0.686866330866253 -0.725602025824286 -0.041428777945095
 0.390253288994835 0.0869171362187303 -0.91659575705992
 -0.985859267429151 0.144003672136389 -0.0856997504972603
 -0.433097373523695 0.300509709338493 -0.849776782243532
 -0.7641269592395 0.279255490651169 -0.581486337848595
 0.508874791576295 -0.847651724595356 -0.15010996065785
 -0.847166527702856 -0.162257517277302 0.5059460173051
 -0.120490440645784 0.282526886636469 -0.951662026162907
 0.268297882495111 -0.902051839288508 0.338110522588191
 -0.939647528831991 -0.32284926484227 0.113273446803472
 -0.900996277880396 0.427000547496322 0.0766566349607933
 -0.0620418708961931 -0.975379909090962 -0.211624287824925
 -0.371065904974363 -0.448541211126871 -0.813093399362211
 -0.10211900079629 -0.0468859418467959 -0.993666653427349
 0.162946699830751 -0.97423064074704 0.155958429217143
 -0.497534752918313 0.470339069224423 -0.728862352985539
 -0.355526103137281 -0.0312694931256374 -0.934143141487259
 0.289884785849304 0.464654835840237 -0.836697492803334
 -0.382858108803192 0.394786408826404 -0.835202586160744
 0.227960011038584 0.31939636887712 -0.919793559944513
 -0.931013021139373 0.35964195978082 -0.0622287331861118
 -0.802600376712742 -0.434110968695448 -0.409121378271612
 0.121836745999993 -0.991175843179884 0.0522135539949081
 -0.937259204555182 0.244761211268086 -0.248268268079446
 0.447363260010864 -0.894095860871673 0.0214174033111744
 -0.982180898524917 0.136433707999595 0.129253726809977
 -0.484620227962841 -0.137056856698283 0.863920512941573
 0.215036465964462 0.662566110521498 -0.71747157957227
 0.048809911287081 -0.655657977218064 -0.753478738565638
 -0.508679370191002 -0.786398015464856 0.350461780533944
 -0.933046554887909 -0.337154802029736 0.125502055282351
 -0.991290769593689 -0.0825003786558186 -0.102646469203764
 -0.492652442265141 0.724073785371424 -0.482711844134872
 0.326880077670277 -0.923609082223976 -0.200239052274173
 0.0166332910932892 -0.998593772522045 -0.0503369755507387
 -0.0640052515185282 0.496682939957494 -0.86556882160417
 -0.839008460095542 0.54394099706266 -0.0138922857221544
 -0.0530222531575577 0.352526432034903 -0.934298536543238
 -0.0288717749840048 0.221452236232295 -0.974743724102386
 -0.37821124133772 0.193443046048302 -0.905282301197441
 -0.0284724681558785 -0.151497354776874 -0.988047503945394
 -0.0304058321777629 0.230098123078348 -0.972692314725165
 -0.800925078619891 0.420178516880424 -0.426578284011139
 -0.979884322614332 0.188689630812341 0.064984132821444
 0.29366371495614 0.167273715555271 -0.941159458647945
 0.394047166980976 -0.0866050755339016 -0.915000760155987
 0.270210143497924 -0.959507906038563 -0.0795679370118586
 -0.82686614718877 0.562333682985804 -0.00855591098716978
 -0.414998198380003 0.443350475297578 -0.794491567856301
 -0.939173170541566 0.326750286151127 -0.105773372051095
 -0.953965043104037 -0.085126244924935 0.28758341217896
 0.589518079544207 -0.8076447189305 -0.0133582137348099
 -0.986690775420984 0.124533362251862 -0.104559817259708
 0.570948621687966 -0.699573434348813 0.429668106037694
 0.198335056905937 -0.976621092058281 0.0829122894932314
 0.152187607621751 -0.986427346840936 -0.0616443143421953
 -0.888424894577362 0.103556334804796 0.447188206706081
 -0.981157709721273 -0.0862484588583941 -0.172889421304653
 0.264147721162958 -0.958857566111221 0.104010332735179
 -0.0363235035184822 -0.89072054016114 -0.453097696338427
 0.366698604092567 0.104646613985522 -0.924435622386939
 -0.115573891583672 -0.992651914160175 -0.0358448447945544
 0.149488950017901 -0.942158113377012 -0.299985238337515
 -0.941223517866453 -0.202835607777931 0.270103694222155
 0.162189023951693 -0.984328443673752 -0.0692259740589165
 0.349099664025039 0.151224813828014 -0.92480294131252
 -0.232234959318357 -0.893254827684767 0.384919129802947
 -0.398296825236993 0.241810479770307 -0.884809205919212
 -0.101106696781868 -0.994357183958501 -0.0321127167330678
 -0.88024647823147 0.0239269818619672 -0.473913111340118
 -0.87467908244825 0.0178578057305088 0.484373411225244
 -0.0470647728334003 0.204342163375084 -0.977767450585941
 -0.0586361209809633 -0.968821090884036 -0.240722867992577
 -0.99376442720919 -0.0477482767197297 -0.100758946421079
 0.20443067579173 0.495314240766977 -0.844317417615419
 -0.075761854868338 -0.997105911465932 0.00632002109193123
 0.00511521601553925 0.505724128509273 -0.862680091580101
 -0.870174204600544 -0.463948811545509 0.165976968020625
 -0.950592158468155 -0.135381873698169 -0.279367672669596
 -0.348540697577296 0.203733645273119 -0.914883590363309
 0.590232183214843 -0.0501186563174836 -0.805676169553481
 -0.494048249339058 -0.264579081185831 -0.828199394544498
 -0.735107982282882 -0.463646354318771 0.494619361237409
 0.164592270791046 -0.984667855831596 -0.0577806030416359
 -0.144298341048203 -0.124986948733019 -0.981609011479187
 -0.530937082349904 0.36358546167704 -0.765448513384712
 -0.979494622345734 0.201462611803372 0.00176092054117206
 -0.0208054993567081 -0.831006977193974 -0.555872768762288
 -0.765992818693204 0.1916839066449 -0.613605966108373
 -0.162227149947274 0.470534565190378 -0.867340518355442
 0.0804898029834015 0.268079567419591 -0.960028508507856
 0.125154848334896 0.15888795075184 -0.979331855421925
 0.257015673837869 -0.906102064946119 -0.336038675306943
 0.170159186304408 -0.357860817097272 -0.918140232700155
 0.193338114222694 0.149666527330227 -0.96964957803617
 -0.30986781169955 0.798471481374411 -0.516163959129544
 0.132912031419763 -0.942248691446966 -0.307411443135014
 -0.534367050840006 -0.232663182890654 -0.812600577346426
 -0.627616979715697 -0.651163092216915 0.42671249584123
 0.132715418628823 0.889342080680121 -0.437558317472915
 0.215494807934428 -0.954250842977779 -0.207285591466224
 -0.358750908593005 -0.047917340976909 -0.932202614251535
 0.207715813705843 0.0283628999217411 -0.977777933195748
 -0.472918384549618 -0.748751701862526 -0.464455692733925
 -0.025922795147757 -0.230005243881963 -0.972844076138888
 -0.179099763999942 -0.978514720969091 -0.102138217048994
 -0.793282099931034 0.0882597432448322 -0.602423213074799
 -0.187000630931643 0.70851282243332 -0.68047067863262
 0.321835159627737 0.0388285711150088 -0.945999192437581
 -0.322775977655087 -0.904322698352521 -0.279313668647308
 0.150978954628943 0.356034964449154 -0.922195456152784
 -0.943186449940947 -0.16514187682526 -0.288318367722945
 -0.884466719251267 -0.438381236916284 -0.159813997061111
 -0.68582162603609 -0.68220980002675 -0.253453123888178
 -0.125793615063873 -0.934259250383679 0.333669925947319
 -0.0359108813668471 -0.999217313407438 -0.0165882243256443
 0.37762480468635 -0.890888114912932 -0.252423995674892
 0.715113428601476 -0.113325960197136 -0.689760836072358
 -0.923590127122864 0.199022243892464 0.327675790251858
 0.175248784565863 -0.329227184173585 -0.927845528474067
 0.00249354582699256 0.392390474340277 -0.919795356520254
 -0.241117165088111 0.0867922095739057 -0.966607275503941
 -0.727442113623381 0.583282973296605 -0.36139859489132
 -0.597704100168764 0.0705096894923859 -0.798610162926277
 -0.0759590956712365 0.717793382242469 -0.692100336796425
 -0.538821322755383 -0.0625611168622246 -0.840093857138053
 0.169849400177058 0.0874574545277509 -0.981581568137371
 -0.0329845197275003 -0.332078020997036 -0.942675028537957
 -0.434858943750624 -0.209211100362029 -0.875858672689493
 0.17806350796372 -0.808574940363345 -0.560802953761896
 -0.832816638419866 -0.552537404244482 -0.0334494197528713
 -0.652055632914321 -0.61972704947243 -0.436762905632909
 -0.961888215610827 -0.273266027934721 0.00983558060305606
 0.0733487996782651 0.389574721344662 -0.918069436412621
 0.439273707982536 -0.890737817809291 0.116725101840245
 -0.9980503271088 -0.0153498570457617 0.0604973259466211
 -0.863858647668048 0.190867926710351 0.466173434895665
 -0.0498570043613528 -0.0556603063049559 -0.997204196450331
 -0.271961232945762 -0.0949123238751569 -0.957616174963246
 -0.945456385086285 -0.295280606285313 -0.137555761243767
 -0.965019644721746 0.0203815379135141 -0.261384158306115
 -0.74788536290378 -0.436631289466858 -0.500020600588406
 -0.0571028813856347 0.264334891090807 -0.962738971003807
 0.135661704727814 -0.150764011786316 -0.979217092692136
 -0.315934060420445 0.146000152360112 -0.937480466450941
 -0.960036019244355 0.269260561519502 0.0763517633303543
 -0.325326501034341 0.348903839480841 -0.878879274144226
 -0.144711674080298 -0.65786686939069 -0.739100611245161
 -0.117561301910276 0.23649615772258 -0.964494120083486
 -0.6277393828154 -0.263142213947611 -0.732597735801368
 0.166734079630561 -0.762894080636875 -0.624653798850986
 -0.599792591932899 0.228606562063213 -0.766803681814356
 -0.983672911780322 -0.161316860003917 -0.0797776491763115
 0.199301278066347 0.036053768354445 -0.979274796136695
 -0.342120311523661 -0.937975319005198 -0.0561782287016079
 -0.277949609856201 -0.933274114740624 -0.22747184690834
 0.284276683752089 0.156579671156171 -0.945869744550242
 -0.922549532609756 0.251751860687068 -0.29244377326611
 0.304695388707793 -0.949169249902646 -0.0789838916454188
 -0.218695617006707 0.209192186633177 -0.953105899758094
 -0.0328695413958299 -0.946680675006916 0.320492266391683
 0.101177797915398 0.175908558379651 -0.979193153722892
 -0.296233437987613 0.133759877849648 -0.945702937129671
 0.389776640516926 -0.821101031535669 -0.416973939855238
 -0.996882491121555 -0.0266500058886864 0.0742635582329238
 -0.431134926815643 -0.70377727109636 -0.56464168068593
 0.284086400891162 -0.958651373110058 -0.0168065958155215
 -0.85280989011359 -0.31526463607257 -0.416321390954725
 -0.0616911421985872 0.0783948359683703 -0.99501178519037
 0.56185088564267 -0.825250058627607 -0.057322971291429
 -0.237635380250846 0.37729582165679 -0.89508507361779
 -0.837973377258862 -0.346734877689333 -0.421397132879592
 -0.365965732048731 -0.811828773062786 -0.454975962214937
 -0.823079775182227 0.0595995794228735 0.564789849252438
 -0.134376478592523 -0.111718333561191 -0.984612601964541
 -0.880540335996895 0.184709937494921 0.436498517377893
 -0.854080681736775 -0.277721820853224 0.439791745381852
 -0.0191359239479776 0.0669109970402701 -0.997575428170589
 -0.233017901356232 0.164315304115437 -0.958490030454667
 0.069424430756732 -0.997294225897978 0.0241759261385365
 -0.956847701012223 -0.183662734325418 -0.225189868972241
 0.287384207177772 0.385522955254657 -0.876802354260366
 -0.905728091753946 -0.0532814877218996 -0.42049697605797
 0.369851200241824 -0.596014095662143 -0.712725253833285
 -0.263369192897294 0.702749096066056 -0.660893619435813
 -0.998841557823724 0.0442341252284243 0.01894424792787
 -0.0763727644537311 -0.0300658485277105 -0.996625930628942
 -0.948632789346888 0.200589432511575 0.244662442031112
 -0.267468065614515 -0.0944498691240672 -0.958926512355809
 -0.820802041682153 0.363638060614477 0.44051262098032
 -0.137233462128139 -0.978821125984801 -0.151908459929563
 -0.0205689078369666 0.0680273093350404 -0.99747140571298
 -0.977912832077502 0.203384404099304 0.0481796329098687
 -0.301006131043068 0.4368957502116 -0.847654064180386
 -0.95851178029857 0.128269033368643 0.254562805821155
 -0.299475345228424 -0.358499577689612 -0.884190347378146
 0.494444493963185 0.281019234153667 -0.822528317096242
 -0.983103811438858 -0.034609000340427 -0.179747358895276
 -0.323872721926718 0.374988213888556 -0.86861401061487
 0.353237991858621 -0.830858213969172 -0.42999715044131
 -0.2758414617277 0.534003475622143 -0.799219479251724
 0.0772445842737167 0.287318346653639 -0.954715372179898
 0.0435506179157302 -0.471475199821396 -0.880803314953193
 -0.993346633827659 -0.0838693984401488 0.0789201436171211
 0.0673829428370286 -0.0857174113928643 -0.994038261033612
 -0.40358675629605 -0.89523684351606 -0.188861653476387
 0.592687555424029 -0.503777559459871 0.628434270413498
 -0.0787282044410868 0.55079605069822 -0.830918516077676
 0.198245792849426 0.386923248689271 -0.900549279740561
 -0.149024679548248 -0.977134955500113 -0.151653960137331
 -0.745115077403791 -0.138205831159487 -0.652458940975643
 -0.883829482389916 0.390287047898139 -0.257917557179285
 0.254573289055466 -0.750825590894235 -0.60946974704066
 -0.420628761838379 -0.689286867434485 -0.589877155937291
 0.0419252777170354 -0.660571194910158 -0.749591867314017
 -0.290366713782497 -0.796984147206727 -0.529625755253952
 0.287812956446123 0.855900105585006 -0.429649521542056
 -0.995138961284716 0.0780630819919455 0.0600383457724826
 0.909560650688524 0.111074542607188 -0.400452080408721
 0.238284741543259 -0.832344490738036 -0.500422851881988
 -0.430971456683288 -0.240142694578511 -0.86982474658109
 0.107819054006192 0.402731010058762 -0.908945974813828
 -0.916200709481672 -0.265184626530375 -0.300421992865412
 -0.864046649522459 -0.488571556815649 -0.121331040215381
 -0.990772316712171 -0.133168096258213 0.0252284477477302
 0.052774498306259 -0.995579425752903 -0.0776946545525716
 -0.604181679824923 0.169668464566121 -0.778573766508806
 0.261883857961813 0.766422404495117 -0.58652667699514
 -0.863770639039223 0.497038257335853 -0.0827843818501499
 -0.951820717012767 0.273753697895709 0.138189129651094
 -0.689332421023699 -0.463772194344232 0.55653945509617
 -0.12879152398509 -0.975497822225631 -0.178372481573388
 0.462024259691522 -0.877121253663413 0.13111784710109
 -0.900832412425931 -0.376351353799443 0.216473146639953
 -0.0691390231917588 -0.391124417810926 0.917737154780253
 -0.0505929600929456 -0.903146735444833 -0.426340622793999
 -0.851045920405511 -0.292531682772301 -0.436057399817435
 -0.0531174104324168 0.468820244536471 -0.881695026084256
 -0.677330841330433 0.205917765887236 -0.706272472261674
 -0.743642822596321 -0.0517777600162241 -0.666569138175988
 -0.384881453360888 -0.196313714440389 -0.901846545916448
 0.00033637384651636 -0.943761088657561 -0.330628030252324
 -0.900082895811669 -0.197493186972536 -0.388390553137832
 -0.65331883183006 0.241384185568951 -0.717571027100049
 -0.70228960951601 0.395275267322096 -0.59206990077971
 -0.474449532968094 0.391175716133746 -0.788593177610362
 -0.29744326305366 -0.00587188270217749 -0.954721439089708
 0.287035713041621 -0.947350701723647 -0.141905417029799
 -0.654969932602635 -0.259699708220633 -0.709626978726583
 -0.987923984872045 0.152655354272978 -0.0265055263356656
 -0.00895530287535929 0.364962064997843 -0.930979319675212
 -0.967005488258189 0.169125287079094 -0.190517775939559
 -0.292416224323416 0.221248640327253 -0.930344984887746
 -0.201904407171043 -0.42764041821939 -0.881111958306125
 0.372607876366481 -0.0321593705669743 -0.927431477444235
 -0.71725339791792 -0.104193418866174 0.688978442797869
 -0.0784205377343987 -0.114126336448466 -0.990366295160684
 -0.282374416367476 0.375890519361484 -0.88259334148592
 0.557796900553907 -0.601115119004406 0.572296454153591
 -0.119255271955793 0.249163728641629 -0.961090847131607
 0.0217153347859778 -0.991780534258323 -0.12609447292173
 0.17051968523067 -0.984251336140771 -0.0466084139822541
 -0.850280461447504 0.431117017487402 0.301929220370249
 -0.989709441131574 0.143088659082462 -0.000926162517984736
 -0.994936494699814 0.0609452602131503 0.0799190013200761
 -0.99061492313469 -0.0746988689665813 -0.114464636626186
 0.05880751418263 0.487029459043545 -0.87140345552414
 0.345048506993484 -0.926379305772965 0.150873820317399
 -0.924644147771667 -0.156425953833983 -0.347223445289539
 0.621904530897338 0.0525265714051819 -0.781329452757144
 0.11760566370161 0.0587213496470085 -0.991322707780336
 0.223270798512602 -0.969327471596301 -0.102734625809739
 -0.864005701151328 -0.501284681769767 -0.0469874047057933
 -0.98413014462928 0.129235325288446 0.121598063839612
 -0.993425138125471 0.0542977569524028 0.100788136853135
 -0.0919197189361504 -0.980916985258626 0.171326102219798
 -0.218380042053183 0.0548498943805259 -0.974321120739613
 -0.717971491837847 -0.696054530557451 -0.00500273910795396
 -0.0922438567825535 -0.161711396047679 -0.98251742746589
 -0.681745367390514 -0.177212825880883 -0.709801992378779
 -0.000797054575737556 0.274428376720326 -0.961607212303782
 -0.972077192354461 0.0513331319064775 -0.228977819172381
 -0.891356138936598 -0.0499619193989257 0.450541940544956
 -0.0129262451659485 0.460390230559005 -0.887622525509429
 0.468872401027661 0.108780650068341 -0.876541751273301
 -0.352488356674839 0.243377358637885 -0.903614641155796
 0.31854510915496 -0.917187249458346 -0.239367004544253
 0.741567904516907 0.0385032534070595 -0.669772007826152
 -0.0760265356176703 -0.996920848299189 0.0192038566022768
 0.38822354492788 -0.920754474314618 0.0386481201773431
 -0.93707480824435 -0.344072656803218 0.0592014408117691
 0.0269754491023874 0.280822024142379 -0.9593806939387
 -0.80501882408781 0.496451024890829 -0.324778497978431
 -0.110717272566157 -0.277664203858923 -0.954276833759943
 -0.114853825610785 0.561965544047105 -0.819147926840085
 -0.99323535169982 -0.0784219026818901 0.0856360981916303
 -0.151186187346131 -0.291571125284348 -0.944525815240727
 -0.927212108404079 0.0515320037213057 -0.370974606437326
 -0.938027588829013 0.14929148890938 -0.312755965466447
 0.102770881763244 -0.687654349581759 -0.718727793648537
 -0.912801022296442 0.380972693185897 -0.14715332392187
 -0.959970824312267 0.273384899859101 -0.0609648505145004
 -0.052392228669004 0.384694543615627 -0.921555837965047
 0.162701189293314 -0.93608225777563 0.311894741347493
 -0.260915863441367 0.31070240196672 -0.913995038070096
 -0.948488599136349 0.311053437275801 -0.060126004916972
 -0.401104292062402 -0.0372361134829926 -0.915275269381732
 0.185946063341446 -0.972922531933484 -0.137280036363476
 -0.203718561088102 -0.308015315095542 -0.929314432006082
 -0.142335536392227 -0.98138044513748 0.128969054356843
 -0.938766490515569 -0.344467450160653 -0.00772347492390644
 0.613783792366824 0.045687278337954 -0.788151082487279
 -0.932230194588585 0.00986691105346998 0.361731265394066
 -0.974429109882753 0.222986592176442 0.0276566361411148
 -0.939116903469346 0.215759235726444 -0.267408664438697
 -0.974657285230948 0.081455243492654 -0.208346393426404
 -0.816406065862832 -0.204173899030509 -0.540179742842189
 -0.94976275762729 0.06506590824914 -0.306132539609758
 -0.968660716815203 -0.24754506672803 -0.0204415174992605
 0.243916768005395 0.286536819514882 -0.926499466458615
 0.151899252770587 -0.0638642577162589 -0.986330560002116
 0.217922509603341 -0.975547308518949 0.0285872112948649
 -0.678192472307679 -0.228715631699045 -0.698386805661236
 -0.538675730979965 -0.0990062755823301 0.836675692397309
 -0.224308036944254 -0.166478052385777 -0.960193190267487
 -0.262625984262886 -0.308206669632553 -0.914350174268021
 0.6221531742374 0.273868319456803 -0.733431367875846
 -0.952539580925281 0.0997081447746912 0.287622378538736
 -0.0640277348079242 -0.959089746306149 0.275766763236204
 0.0690782471678636 0.635299217469418 -0.769170397279408
 0.275425765358511 0.596006686284091 -0.754265654581551
 0.214260837918443 0.572330166262395 -0.791536780017547
 -0.733937320475554 -0.409397411065064 -0.541968421060108
 0.11172435411369 -0.957288510880492 -0.266676537464564
 -0.854228770909451 0.0350471563061783 -0.518714665095733
 0.295539755081754 -0.942215580173549 0.157753141472488
 -0.608981724507327 0.179078647049591 -0.772704404922717
 -0.0364937506233588 0.0235472169097024 -0.999056422201093
 0.0746305609299883 0.575453809318561 -0.814421999160161
 0.106501494340907 -0.991778567798387 0.0709415545285994
 -0.927982175695897 0.0693066626498285 0.366122476915924
 -0.990713060010261 0.0469496815283275 0.127606269945853
 -0.85216695438198 -0.289151754556067 -0.436122396462837
 0.514608282943371 0.11959626837344 -0.849043607665251
 0.484803253273916 0.449419210475785 -0.750325381997936
 -0.654905613065024 -0.726380149391071 -0.208495842995806
 0.0695427706316416 -0.0606293336805064 -0.995734847713151
 -0.41177781280596 -0.812619587885014 -0.412417795768235
 0.200650296255247 -0.529943114941891 -0.823953732644235
 -0.105170966002021 0.0575807975376652 -0.992785737037518
 0.0931302401184781 -0.994972208766756 -0.0368383245720718
 0.604206426385984 0.756181093376727 -0.251246389692383
 0.183789328753045 -0.823959575176014 0.536015019483846
 -0.581017152709711 0.219655377223067 -0.783690362014292
 -0.0335008900178847 -0.856933004994445 -0.514337938829327
 -0.6584153651098 -0.0429850439650187 -0.751426305756362
 -0.427814669414639 0.36227743044073 -0.828087961527582
 -0.0829683153989071 -0.961252566235115 0.262887357144221
 0.365624190832637 -0.775542355818084 0.514638713477829
 -0.24133060690145 -0.968830220345652 0.0559244339942119
 0.173187363334963 0.29660295795259 -0.939166025000297
 0.148720794189277 0.0931004600553103 -0.984486886511547
 -0.0383627377845394 -0.70556721902708 0.707603843816629
 -0.137368896282583 -0.947324029520897 -0.289321567509918
 -0.862340315783459 0.17648559243084 0.474575616144381
 0.211228141001218 -0.975209880072935 0.0659421129271767
 -0.781110561690099 -0.251386362582603 -0.571551561211818
 -0.960812317751203 0.187898178969862 -0.203798833159984
 -0.969640691979597 0.145786006967543 0.196324651100639
 0.336498034609702 -0.11269156078974 -0.93491694007039
 -0.856077514246303 0.378129672435079 0.352348180676461
 -0.627519258991868 -0.745533453525472 -0.224498216626949
 -0.280068598769106 -0.957548606610256 0.0682806411969564
 0.0485160395567697 0.207412066189958 -0.977049859886658
 -0.229336409420655 -0.119983852986158 -0.96592374768231
 -0.205339867364113 0.620045305090905 -0.757218171008604
 -0.947297491301587 0.0993818684954298 -0.304550007696726
 0.702058179151138 -0.309230391529598 -0.641475547500792
 -0.213407482055754 0.00154812622801785 -0.976962051416433
 -0.798269530914914 -0.559422117717661 0.22318747774275
 -0.150806655912929 -0.970347301472706 -0.188900680403743
 -0.516126638200057 -0.845157159481264 -0.139006003891449
 -0.992704370955727 0.118377053823079 -0.0229108056069893
 0.562117748423762 0.703696401626699 -0.434551505859359
 -0.751653173878882 0.554870069378583 0.356562354021859
 -0.761309736761746 0.410194428360799 -0.502143421398228
 -0.339519584565292 0.81561745912686 -0.468502520872681
 -0.93071675611921 -0.0287223967222472 -0.364611222818861
 0.190030565353571 -0.96286283698777 0.191790357889193
 -0.781757854942985 -0.325791349360395 0.531709180771666
 0.428634846157308 0.00919565178550949 -0.903431020414918
 -0.319471306459482 0.670843356713255 -0.66925875048651
 -0.573610194176047 0.0468116135573472 -0.817789715008372
 -0.992042561364334 0.0265306661987999 -0.123075912317316
 -0.417256819535547 -0.737443771878424 -0.531105855615246
 0.418109556857748 -0.779659389127209 -0.466171251162065
 -0.933168744227572 0.264523728497416 0.243358360979364
 0.829836915598569 -0.556104747179883 -0.0460239467435314
 -0.891352513761684 -0.172313289722123 -0.419283706332438
 -0.0313091719748602 0.993876645737071 0.105966734443771
 -0.233553505128481 -0.63453262072364 0.736763946919086
 -0.9300410263968 0.199176533990515 -0.308791835264976
 -0.245376695926533 0.172663913481862 -0.953927381972709
 -0.992720256102589 -0.120442608230209 0.000266920052311321
 0.178932157090738 -0.820612969493883 -0.542750069053231
 -0.299308730531649 -0.447529493650468 -0.84269308537598
 -0.144103641186517 -0.981606848262334 0.125228335616488
 -0.94085921137593 -0.182631930335739 0.285358585626761
 0.545656081578728 -0.834379500590652 -0.0779120634449023
 -0.723373767609602 -0.498175172616298 0.478071009080253
 0.18381213608095 -0.973322567685293 0.137318162905956
 -0.0674924750991667 -0.00709878408747918 -0.997694528936321
 -0.962876141549392 -0.180866325827809 0.200391886603487
 -0.746406206483415 0.6654400108635 0.00820773202674674
 -0.163510631691398 -0.806362444298553 -0.568369494034244
 -0.426094958322479 -0.487259940404308 -0.762247228246423
 -0.0246020702489755 -0.9669650234133 -0.253719099861993
 0.514206155157096 0.218151140966337 -0.829458925862903
 0.144608936574414 -0.967376986956874 -0.208014472018313
 -0.839161272438661 -0.190016942454216 -0.509609576459743
 0.263518889366946 -0.425238270649245 -0.865869625360568
 -0.33967887465695 -0.375961065758279 -0.86213197316054
 -0.637179032666464 0.0679305478444426 -0.767716302418923
 -0.0765431978945923 0.21074148333433 -0.974540489696614
 -0.226797523191106 0.514236194617469 -0.827117899467618
 -0.602660262396045 0.204939172508571 0.771233131874035
 -0.492242462302043 -0.214536529899663 -0.843606208870841
 -0.600983236159942 -0.783063894866542 0.160093992426837
 -0.876308884167218 0.34750767648316 -0.333648249380812
 -0.0867905083830078 -0.276097680667374 -0.957202945244485
 -0.807683818477833 -0.560512829950832 0.182954138596473
 -0.854930979291821 0.203966571188607 -0.476959808039095
 0.261438591610028 -0.238099442162036 -0.935392173614411
 -0.968621499622231 -0.0683622219754049 -0.238953964344946
 -0.489844304855331 -0.870158326828862 -0.0536380765053372
 -0.711140194966546 -0.667315514456384 0.221290820570477
 0.124387118528547 0.724325592686927 -0.678144734199786
 0.273644763549563 -0.948190197569314 -0.161412182363566
 -0.175248055247571 0.229130952889269 -0.957490013295178
 0.454614209106593 -0.888919162830782 0.0561127688731257
 0.0597201326776302 0.430935899117818 -0.900404218451071
 -0.353004204785783 -0.244871109461031 -0.903009507787643
 -0.688553542738349 0.25991427178357 -0.677007082758877
 0.159896666920855 -0.986562940654627 0.0335651610229514
 -0.88761202736932 0.359532847089917 -0.287890640231223
 0.528155193265572 -0.848330690875938 0.0372442041740666
 -0.380556786148544 0.121490061047095 -0.916742437974301
 -0.33926475800257 0.56815171193179 -0.749735324102068
 -0.482038658609578 -0.793130293806459 -0.37226746923732
 -0.0915058898592372 -0.985446509930801 -0.143254487490872
 -0.849029958025263 -0.0170519204586996 0.528069467385013
 -0.0237537409811147 -0.914447462248502 -0.404006928872114
 0.0130972270353344 -0.981043159822863 0.19334627280803
 -0.0104494137080977 -0.581034371155108 -0.813811937298505
 0.0832653982720834 -0.242194311347156 -0.966648224020335
 -0.0740304393196477 0.712576303185786 -0.697677938731202
 0.147741784410221 -0.988982514702209 0.00927096287230086
 -0.975579774294825 -0.0811024449493986 -0.204123730639255
 -0.374088082558795 -0.228998069452631 -0.89867568714996
 -0.719217157838335 -0.680586071506381 -0.139747197261549
 0.884945450504349 0.104381862346254 -0.453845762836652
 -0.98796662864343 -0.138513109187405 -0.0688190327611011
 -0.282530633500054 0.167403965531149 -0.944538169402647
 0.133198648201326 0.10659618242922 -0.98534023261453
 -0.836353562774698 -0.506394051420596 -0.20994709504993
 0.0477119522537296 -0.892208995508459 0.449095399604498
 -0.368821962479568 -0.383326886672839 -0.846776746224428
 0.226944700937535 0.353838234081069 -0.907355832525897
 0.322679707215512 -0.898376384792909 -0.297989392089274
 -0.213052434928661 -0.975290057457742 -0.0584633542917597
 0.322995352923331 -0.934301662246728 0.15084563604206
 -0.913052478150769 0.17326647731797 -0.369207123415246
 0.631301674019162 -0.772249947928255 0.0713317201910353
 -0.190039639077045 0.407531405367294 -0.893198236238084
 -0.726398658277293 -0.0243354406213446 -0.686842613400416
 0.625655771650998 -0.723743586416195 0.291118663986385
 -0.726993878885462 -0.600956358974677 0.332161639373015
 -0.373644980715005 -0.590632447461531 0.715222161563863
 -0.870380845374216 -0.287185514756884 -0.399952077278626
 0.325816132365203 -0.93970087636067 -0.103952445173599
 0.226277170461286 0.276758976072336 -0.933918150209871
 -0.64396413038187 0.463354120753273 -0.608780056804165
 -0.810298774568543 0.101798823002657 -0.577107351857513
 -0.50703157503999 -0.766660182536769 -0.39389230307935
 -0.386186651105832 0.199789720868209 -0.900524257276319
 0.00845449906678077 -0.393624469362022 -0.919232450778908
 0.711950057235593 -0.698628255364487 -0.0710329276364691
 -0.100027030343912 0.371766062737203 -0.922921766888969
 -0.482133530007671 -0.875697422743109 0.0264817492514865
 -0.546063297610677 0.327310085786835 -0.771156911882898
 -0.909880262075018 -0.359617189692096 -0.206865621997123
 -0.198399370539392 0.801209438544317 -0.564536203761171
 -0.303424116345737 0.493056522511512 -0.815370511625643
 0.018849716987142 -0.999822016133032 0.000790079226402695
 0.466468083571804 0.553547387118831 -0.68992232694903
 -0.962355367264618 -0.146902503020639 0.228674007493753
 0.385181874526935 0.452067520604264 -0.804530844872109
 -0.356548614005046 -0.765332569231695 -0.535853659429786
 0.154947379179927 0.205274459269439 -0.966361064021576
 -0.620351472772637 0.387098519153564 -0.682142790548972
 -0.00478943609578435 0.192010158108012 -0.981381251341812
 -0.718790878072002 -0.168241283730665 -0.674562483428435
 0.475987740239252 -0.860443046812253 0.181861030279655
 -0.414131429766485 0.082938264000065 -0.906430583797912
 -0.020840518507767 -0.113692965928843 -0.993297328238947
 -0.961091853576784 0.13662373092561 -0.240075832053765
 -0.956462441653437 0.205737658480607 0.207006312921282
 -0.929301098069199 0.16294452543815 -0.331434082069295
 0.0402100071635047 -0.922486048432058 -0.383930522063715
 -0.519461265466013 -0.377817079649192 -0.766429545363307
 0.42015387186032 -0.892833653231218 -0.162230674098888
 -0.966125518007772 0.240500826949825 0.0935993359520482
 -0.686524491247686 0.586400072933205 -0.429905893633756
 0.024814942983382 0.0937651405448182 -0.995285043102398
 -0.229492184519079 0.455524035296673 -0.860134402585838
 0.17973542679757 -0.4226819029903 -0.888276525209573
 -0.457012702466975 -0.0957552001833424 -0.884290863586004
 0.429588362678504 -0.786216698219834 -0.444203942003563
 -0.980072745552406 0.0499116982028707 0.192266054746733
 0.389818737135085 -0.0413973831811519 -0.919960656139251
 -0.161511493345554 -0.0803624089352595 -0.983593371646745
 0.55502465519586 0.442264945810747 -0.704520652523214
 -0.0538198569822019 0.834851786899248 -0.547837491328905
 0.391356551047276 -0.839040174337436 -0.377957187787435
 -0.864563385396312 0.0698821798924536 -0.497641069010132
 -0.493608419682965 -0.869564407213666 0.0144384807106447
 0.730990331834551 -0.614879816012197 -0.295932334538182
 0.227436623672941 0.421750410417039 -0.877723859494153
 -0.690017675135605 -0.536586758458297 -0.485747113885066
 -0.803848064066451 0.0474802070264389 -0.592936691255774
 0.239682162751791 -0.882134027489282 0.405452855957585
 0.313377536587104 -0.915630337549131 0.251824551071302
 -0.43004293696964 -0.878252908430512 0.209128910473594
 -0.881529790293315 0.0573308840447624 0.468634610928461
 -0.261669755657223 0.801018762694455 -0.53842165705489
 0.30233179023881 -0.902972552485191 -0.30534580080521
 -0.815154397563216 0.539228669593918 -0.211555548311368
 0.0379888774298773 -0.684646373778485 -0.727884735424221
 -0.260060112668009 0.394278797988634 -0.88142666584109
 -0.559507773905604 0.126860488279451 -0.819058891321433
 0.0452347899549463 -0.952900733634991 -0.29988998918875
 -0.270354567495725 0.416550935108933 -0.867982561054122
 0.232490688995107 -0.920064013235393 -0.315325690484876
 -0.520490083670959 -0.496715956997487 -0.694523815908619
 -0.902285412418174 0.409339629396891 0.135359160541801
 0.0120384947511068 -0.998043769796461 0.0613490685715543
 -0.6826313053164 -0.387543230681816 -0.619535911271275
 0.0478384370144235 -0.0739159665036371 -0.996116415806833
 -0.929175108585251 -0.298117319588921 0.218539885024917
 0.0173001310016094 -0.984221578137595 0.176092562579083
 0.193655026794375 0.490098874076505 -0.849882829704314
 0.178306084184476 0.730456973080561 -0.65927198546638
 0.25730359715275 -0.4832487457215 -0.836818683258717
 -0.505704977511612 0.266708790620305 -0.820444328840071
 -0.136271572130268 0.726249024143343 -0.673789591460114
 -0.328188189919695 0.902691558507758 -0.278281264543752
 -0.406571602333611 0.837273650717425 -0.365612316518734
 -0.530462350552942 0.202433508630219 -0.823183071515387
 -0.99569374581902 0.0417369170556283 -0.0827767738655025
 0.189334458090004 -0.215519048283186 -0.957968685713095
 -0.0511362443530696 -0.188719903760424 -0.980698670559984
 -0.507104726384689 0.264505761295618 -0.820293544238729
 -0.360497954266437 0.122431531968807 -0.924690080486151
 -0.332195824827012 -0.938729534752968 -0.0918302485566558
 -0.557770064188471 -0.00624628567768827 -0.829972011221114
 -0.790992853542125 -0.0594855197786308 -0.608926743198189
 -0.835737895186046 -0.546944814348739 -0.0489238245338701
 0.00115091489354933 -0.287790853909093 -0.957692591493316
 -0.418806212551208 0.581397938835371 -0.697551283452689
 -0.0240673499720043 0.477692729389075 -0.878197255150653
 0.666007860830571 0.14164363376574 -0.732373272536296
 -0.944628935662585 -0.179317513823035 -0.274811577531402
 0.199343424242442 -0.779639752034386 -0.593653144739467
 -0.367100885049701 -0.907454550123567 -0.204360416068672
 -0.988924580837777 -0.0156515597925156 -0.147591334741875
 -0.457733494138653 0.618981708383086 -0.638233259107339
 -0.200649498642846 -0.96323953135935 -0.178631978998705
 -0.381947185075183 -0.312942998622957 -0.869587849171098
 -0.91292259840064 0.2387867711655 -0.330988228258619
 -0.425907185469714 -0.179005796215747 -0.886882176101445
 -0.607075922079165 0.530891535779073 -0.591280814900897
 -0.525541854099232 -0.319182250673063 -0.788624403911786
 -0.0946964943937209 0.545772571875704 -0.832565236926044
 -0.321760700873401 0.370329014834485 -0.87139340836684
 -0.350641288837048 -0.194169408479556 -0.916159880901469
 -0.470454517594238 0.0219135873557138 -0.882152107952124
 0.195434667923262 -0.959541602372255 -0.202694854129574
 -0.165886542535915 0.434863295426064 -0.885085063311242
 -0.058084072459147 -0.964866504324436 0.256239866842192
 0.182886201461946 -0.983133382292492 -0.00117895587074839
 0.336165231595158 0.15913230407054 -0.928261734031828
 0.271406779174644 -0.445670479565632 -0.853062825272433
 0.666654719955983 -0.658306871131696 -0.349576240298459
 -0.792583184951908 0.476436006465773 0.38055305369217
 0.168438878968647 -0.985675990839435 0.00843712833156399
 -0.922779972981321 0.315573542888846 -0.221111873252376
 -0.389252268684013 0.260008698822548 -0.883673100111662
 -0.60844325128638 -0.756359423029843 0.24024411159906
 -0.120120662334607 0.279464448295184 -0.952612538558759
 -0.959982161304706 -0.280021576517703 -0.00470814839248978
 -0.223791469110548 0.172000498873467 -0.959339984958733
 -0.936844497741965 -0.195204550520999 -0.29020263697372
 -0.0356223945226127 -0.27663094626295 -0.960315762954113
 -0.703251082076151 -0.0790309169464129 -0.706535228934363
 -0.463587535503613 -0.0356854591405473 -0.885332222915
 -0.679119530686743 0.732529545204407 -0.0468735366965513
 0.0306972609868006 -0.998149344275933 0.0524934728269492
 -0.138353209371672 0.239093136510665 -0.961089413910096
 0.602251843928648 -0.742839415871711 0.292373594416318
 -0.206104643123242 -0.0311697546626556 -0.978033395379376
 -0.989614198782294 -0.122443687885517 -0.0753079070581012
 -0.115404311916224 -0.0645956139388328 -0.99121604680867
 -0.00153961663359817 -0.357432514064241 -0.933937699994137
 -0.939029253151491 -0.00912367498465516 -0.343716191472742
 0.296739290060111 -0.605282775133432 -0.738632896546987
 0.0124076208908197 -0.279359451860482 -0.960106425142568
 0.0245944963310846 0.638438289953666 -0.769279962478719
 0.67279143294495 -0.296285241751882 -0.677913521974528
 -0.966081547714622 -0.0877274522368515 0.242879264840272
 0.123649403645375 -0.981153053644751 -0.148490775140152
 -0.0140949246088579 0.644060869202011 -0.76484438277536
 -0.0911020526244643 -0.333103635726027 -0.938478760480871
 -0.929004079189788 -0.332356557965242 -0.162759144831344
 -0.893309517198249 -0.329675802348392 -0.305470083361652
 -0.950635444269092 0.308635252516413 0.0321952326196856
 0.0203744068310943 -0.140446944098199 -0.989878547822792
 -0.651056299366227 -0.731948996524977 0.200938700955373
 -0.942295505618746 -0.287076140209201 -0.172239570985587
 -0.0351094030455313 -0.368268081849563 -0.929056483594313
 -0.0708930863500059 -0.383148880688755 -0.920962054340311
 -0.830480874253122 -0.408884751633769 0.378305137925936
 -0.443167052559881 0.16734938241728 -0.880679934896863
 0.202784591247682 -0.297586270437917 -0.932909867671771
 0.555863211960778 -0.82635189566568 -0.0903251577268684
 0.0409539450813792 -0.944778231096077 0.325141305326221
 -0.592210538152739 0.406557914891639 -0.69569917373805
 0.893688950806643 -0.0206306409292663 -0.44821248963072
 -0.96212879156447 0.272595266233574 9.62794851760906e-05
 0.0633781191702454 0.646841867309212 -0.759986060863207
 0.256819719134102 -0.170111235341714 -0.95137048486612
 -0.182887365833895 -0.780852967784227 -0.597344836857995
 0.448226457092366 -0.821425170949831 0.352638244795524
 -0.346935358247513 -0.532185167569726 -0.772278968130334
 -0.104402457261425 -0.303495464134592 -0.947095892804686
 0.270889376765658 0.789440522275667 -0.550819940946799
 -0.398234730849115 0.0902547020419435 -0.912832508133257
 -0.983381211684775 -0.0204014026198306 -0.180402813937385
 0.174629088993385 -0.950915936768145 -0.255467341313332
 -0.139815492103684 0.171789636073998 -0.975161498986382
 0.592330457182315 -0.790023987876508 -0.158135157614896
 0.410964384722575 -0.84885970880511 -0.332483787961005
 -0.996845085944852 0.00834190945007259 -0.0789321681846344
 -0.879561365814366 -0.391366485488253 -0.270562521061843
 0.173394301641165 -0.959919177603847 0.220203516381386
 -0.231894049358995 -0.952200233423767 -0.198846335997455
 0.161190823787296 0.51958237017306 -0.83907787417624
 -0.982735855181743 0.0980877863576024 -0.156872639767657
 0.140438247968807 0.756763903670669 -0.63842422620745
 0.251522241888373 0.389820528504756 -0.885876129823871
 -0.818201312449586 0.302081200586913 -0.489176410467373
 -0.958009735184518 0.0239876548213884 0.28573053688372
 0.417352260806206 -0.833245210392231 -0.362656186709059
 -0.151776409199905 0.540036724625849 -0.827843135905449
 -0.972390369374352 0.21946497966374 0.0793227095427673
 -0.944131883307074 0.240211583666762 -0.225639938830306
 0.539612157458735 -0.841826445822394 -0.0121224847603268
 0.141332889592734 -0.346603816312228 -0.927302975751274
 -0.248724534880068 -0.309739843311772 -0.917713100709526
 -0.777377817365067 -0.517990273783065 0.35688906586623
 -0.357569099786091 0.260785277276831 -0.896735957812449
 -0.945997252288752 -0.0537511815723385 -0.319687361560806
 -0.337787600266439 -0.207008433518976 -0.918175933881007
 -0.369927264314565 0.0268019949627557 -0.928674039791551
 -0.956887163962411 -0.0459569093919811 -0.286801181871888
 -0.485852851367606 -0.873265179420146 0.0368094176844279
 -0.130177951143851 -0.66739329528824 -0.733239313212469
 0.177215521187275 0.192256903929987 -0.965210827716711
 0.191371919118949 -0.929415392056562 0.315537347363317
 0.414732373122297 -0.83451149721635 -0.362750078839514
 -0.805683625135849 0.380453923508826 0.454013995681518
 -0.0219902004666616 -0.904028842379772 -0.426905473411767
 0.101299925030772 -0.87524493413213 0.472953095417298
 -0.199421494345597 -0.127602709135627 -0.971570180797156
 -0.309037354816921 -0.29533968525542 -0.904030078947039
 0.032556123552364 -0.992241005077717 0.119991194100254
 -0.654791588532908 0.346195367856177 -0.671860657325221
 -0.529230110160238 -0.444631862837406 -0.722646522893123
 -0.0329257701260098 0.351038267212434 -0.935782041190202
 0.695285195296219 -0.682463440696643 0.225437683882706
 0.0320645122476895 -0.116432437971376 -0.992680892554279
 -0.266208067347027 0.678424124205969 -0.68474372766366
 -0.137245876809991 -0.111285130957669 -0.984265812129219
 -0.9444994055788 -0.277358574539049 0.17604855577641
 -0.62499269205687 0.664208795870791 0.410135112326878
 0.198415594770763 0.521009047378871 -0.83016915402894
 -0.99053969122405 0.116267992850547 -0.0728894639043935
 0.3294460441148 -0.93896870052237 -0.0990105219481297
 -0.306324678559493 0.170640658721255 -0.936507852020793
 -0.935780290164038 0.351213891432586 -0.0310491707665248
 0.0827085123668917 0.876412154065216 -0.474405984562615
 -0.965656903229852 -0.00114633329279562 -0.259818073206069
 -0.0130881483467992 0.627611999828732 -0.778416262705137
 -0.00544571633189407 0.464240074041283 -0.885692665560564
 -0.0871381230773294 0.234411886667548 -0.968224155294383
 -0.107550887346248 0.247817877430688 -0.962818314250816
 -0.906324321521299 0.0642441379336931 -0.417670821293651
 -0.927701351988352 0.17356017572793 0.33052544065514
 -0.898105905154256 -0.350349119574524 -0.265821890634333
 -0.923839357144939 -0.292301188516 0.247145417481609
 0.432334850192964 0.369347262354313 -0.822599037867174
 -0.134609380365608 -0.985283081004301 0.105344980916316
 0.570858824291982 -0.793294339208763 -0.211670248517138
 -0.0878984092268945 0.130736354475716 -0.98751297473693
 0.409060116304985 0.128453664172408 -0.903420985703362
 -0.957270335940223 -0.248494975476587 -0.14793157570912
 -0.0755853653536578 -0.534040391062571 -0.842073460725423
 0.390602552778723 -0.899555289556294 -0.195524747267544
 -0.0434093035239275 0.826024243601446 -0.561960480238804
 -0.125195851931698 0.506908324801934 -0.852859864752465
 -0.228452085297135 0.293276781049989 -0.928330961683573
 0.203771178794193 -0.965772920416861 -0.160499136702704
 -0.245249713933443 0.44874108442431 -0.859350927715365
 0.398708991993637 -0.0098761519191199 -0.91702431883058
 -0.962123133760526 0.0990837694198709 0.253971419888881
 0.415989260173552 -0.895818883265985 -0.156401610619409
 -0.122043813219439 -0.982893170841829 -0.137935935735956
 -0.0601668116908266 0.800457689479743 -0.596361838252342
 0.376423299392137 -0.218594271119736 -0.900289977900659
 -0.241947469333665 0.161118486592847 -0.95681882055124
 -0.998869432087402 0.0447495645355102 0.0160416369262112
 -0.378355761855025 -0.50047723363841 -0.778697281413482
 -0.199150084621494 0.0433376934473365 -0.979010259456926
 -0.437307714136317 -0.221143403348487 -0.871698088969064
 -0.998752878667723 0.0117631485343798 0.0485212910946804
 -0.0254876758988756 0.425910863931077 -0.90440605612897
 -0.971730569168358 -0.220684303256337 -0.0838936185892858
 0.187717887746089 -0.379349734719199 -0.906010912400408
 -0.859661397536639 0.185542823425562 -0.475979140573012
 -0.990153787527347 -0.12478774047505 -0.0634310402908663
 -0.575999657880826 -0.0589269638987145 -0.815323253100788
 -0.475731185090041 -0.878695781428644 0.0396681639646975
 -0.0774127723327836 0.0939393325955241 -0.992563682829097
 0.0226539049582835 -0.961654140646328 -0.27332785143105
 0.4028445937979 -0.906881737464053 -0.123619365400349
 -0.32399457870631 0.491731787951362 -0.808224821251536
 -0.824771789521664 0.166752902599232 -0.540319317333707
 0.146976760171923 0.326323645294577 -0.933761591891113
 -0.366796819163661 -0.676491739561344 -0.638607093412442
 0.297924241268686 -0.274557564411644 -0.914253405948714
 -0.859046195946874 0.491231332524822 0.143984065698579
 0.14881647989284 -0.93365975550484 0.325780779455982
 -0.720666413963014 -0.227099590548957 -0.65503106472761
 -0.219018954121051 0.0148655797806383 -0.975607355585999
 -0.886635768924549 0.25983410617162 -0.382574503245536
 0.113003277425263 -0.993589326881774 0.00324172759055132
 -0.541514188745486 -0.190078207084305 -0.818921643735794
 -0.244580457504243 0.372473441373781 -0.895234011461913
 -0.962739424872515 0.260296489515643 -0.0733385119972608
 0.11470841362815 -0.330233827524454 -0.936903196174217
 -0.182783346393747 0.202291200955585 -0.962116686424807
 -0.416501160583823 -0.896503637854418 0.151023211944801
 -0.41076543285397 -0.334112618916267 -0.848316283619031
 -0.640343548639372 -0.33137228534204 -0.692930406478984
 0.409266975905528 -0.836156383340784 0.365161669718503
 -0.440442917864935 -0.897780073626824 0.00098767466097812
 -0.180695738513733 0.0968679466462723 -0.978757197161539
 -0.934173213056991 -0.199676966986027 0.295718644765661
 -0.921725995778853 -0.366767165255836 0.126107236888613
 0.161677548469491 -0.0435953200320259 -0.985880225175554
 -0.701997140309337 0.636476700968503 -0.319526875429539
 -0.521094732620444 -0.3889109041772 -0.75974244862802
 0.454607648448513 0.754440519765782 -0.473446288513967
 0.105883172547699 -0.669108551660685 -0.735583101944148
 -0.0625954697700923 0.136324380093952 -0.98868471746875
 -0.0747561136730693 -0.981122921483189 0.178351721070452
 -0.335184151212782 0.283553001234677 -0.898470522758857
 -0.252812951620449 -0.0674261473734223 -0.965162849545782
 -0.430978667555131 -0.750678531367192 -0.500738585148779
 -0.212792569142269 0.185634836840011 -0.959301323812917
 -0.502409141992654 -0.0558277320402307 -0.862825775216208
 -0.889218266435177 0.0171727077923195 -0.457160773410293
 -0.946443369361012 0.322196767377054 0.0208372667197993
 0.163560473739866 -0.866451202634564 -0.47170995843114
 0.252773170649871 -0.959138224242807 0.127120379939511
 -0.127748135422011 0.0828201791354426 -0.988342669231767
 -0.980790016993236 -0.164842001979417 0.104297923995767
 0.118591164586682 -0.796356877061862 -0.593086722190147
 0.801753341918853 0.00468830934258804 -0.597636677654123
 -0.36486560686418 0.0876030176285565 -0.926929770926581
 -0.373370033514059 0.291979938008 -0.880535367759044
 -0.480228008867201 0.853948989737689 -0.20038009488326
 0.555900733199056 -0.827794895244229 -0.0756966725579675
 0.705100944639139 -0.149793079742018 -0.693105108284735
 -0.0830794411703487 0.383514713443828 -0.919790340798881
 -0.336651867148457 -0.3804227303949 -0.861361751266184
 -0.970949426998668 0.0394650754076996 0.236007877059267
 0.498475631235368 0.582870949646018 -0.64170359288635
 -0.970622469189509 0.0630382554253833 -0.232202929906977
 0.404161523250732 -0.909793243238532 -0.0944971834562371
 0.144934496338333 -0.939077285185438 -0.311653403992162
 0.567854853926694 -0.0964676428997036 -0.817456334457853
 -0.328447507308252 -0.938390767892475 0.107447669482253
 0.309533863537987 0.215340319027256 -0.926184287452819
 0.525663187367521 -0.375327024616778 -0.763418520890694
 0.432730789910218 -0.897825016249312 0.0815739153197981
 -0.995152721651998 0.09659374954948 0.0184582809761323
 -0.141346724588492 -0.952995481960798 0.267993870844862
 0.106806450384902 0.751573648529554 -0.650945030699331
 0.194029045999951 -0.304172011544392 -0.932647906072483
 0.150573155372134 -0.95093562237833 -0.270276093972842
 0.192711187305341 0.270754381082696 -0.9431619497265
 0.39290153765056 0.169687359203117 -0.90378901400631
 -0.648629907381837 0.0433437793098353 -0.75986877817487
 -0.970757315566507 0.0814870273225479 -0.225809872796216
 -0.464903362821915 0.790796226405213 -0.398128360632787
 0.557190468794191 -0.168308587791703 -0.813148818335532
 -0.307154505808458 -0.851549432286992 -0.424876068910998
 0.169502087236316 0.486011972425503 -0.857357221397012
 -0.0868650109314749 -0.298678231238005 -0.950392436870376
 0.014618784827302 -0.967395007857712 -0.252850133284819
 0.439103905369551 0.16354924324821 -0.883424815885396
 -0.977561059173703 -0.0735151507178207 -0.197407948680201
 -0.294724567097803 -0.914785004138256 -0.276235091457954
 -0.876239865891898 0.026814461741994 -0.481128550455317
 0.130533741213614 -0.987864250670382 -0.084173420105296
 0.289731193123155 -0.109842598961441 -0.950784118075617
 -0.195609513150931 0.494076387409827 -0.847127760003714
 -0.991400381097468 -0.088727709884751 -0.0961908408238632
 -0.359822399980444 0.434591083891162 -0.825626083814349
 -0.969626109912679 0.169538930169929 0.176300193228601
 -0.959209128731154 0.231976236872555 0.161570024711479
 0.277838272681864 -0.350694081652397 -0.894326313672554
 0.284457860605997 0.295357965567221 -0.912056685582344
 -0.595701139741228 0.415703238631281 -0.687263391650149
 0.0938046023660678 -0.191123604528399 -0.97707341810481
 -0.144868704145983 -0.463646941380762 -0.874096431926895
 0.152077329332385 -0.986073211909492 -0.0673209228815732
 0.239948789907109 0.755116060089709 -0.610101888225818
 -0.379506915769085 0.316612028616161 -0.869328087789067
 -0.978950237597468 -0.193816079149389 -0.0639668646333232
 -0.908904328456603 -0.356158156620971 0.216896955223453
 0.271468338176902 -0.544176663664868 -0.793836696109499
 -0.69827034452778 -0.16873662618431 -0.695662617176597
 -0.483018606755785 0.482456134439188 -0.730704525694002
 -0.998247846230994 -0.0543725064750117 0.0233424085048179
 -0.987204649633432 0.148331254479333 -0.0585219504691988
 -0.820873020225079 -0.50378932697215 -0.269005201985957
 -0.915443518598585 -0.386045634443708 0.113718654506623
 0.320445823896706 -0.884033059565063 0.340294025135903
 -0.374097155355295 -0.146362628279546 -0.915767055204641
 -0.267223303106988 -0.453204562602145 -0.850410095608695
 -0.784688621485475 0.335054826017226 -0.521538139423946
 -0.229409424153427 -0.188492428859163 -0.954904141980946
 -0.521896459444569 -0.0959223621043623 -0.847598363653177
 -0.865762050299631 -0.0328878173608979 -0.499374071944284
 0.133474206399341 0.549311175383327 -0.824889003942381
 0.16177779359011 -0.986511780436452 -0.0249489992027348
 0.454734011287097 -0.647490773480525 -0.611533054900827
 -0.867221261044202 -0.494647572134406 -0.0570181004106737
 -0.958598694579913 -0.160342701389689 0.235326923365651
 -0.982309197325328 0.171378916748848 -0.0754844867774911
 -0.967821205730293 -0.123117627409724 -0.219463353569023
 -0.979628989489866 0.0387214094072537 0.197047444552268
 -0.670289083273762 -0.590673145571476 -0.44924133819665
 -0.640500749963916 0.710780136164942 0.290775492999336
 -0.911920075922517 -0.243943508822456 0.32998990838033
 -0.984639098315819 -0.133815564988285 0.112157213921699
 0.462570682459983 -0.754327140736131 -0.465852904335004
 -0.0575868789308076 -0.993613318789375 0.0970377457455244
 -0.103572942927707 -0.864075663806403 -0.492590999421242
 0.151027203867957 -0.9364804662307 0.316536127574968
 -0.199915651531716 -0.843297436516609 -0.49888191572472
 -0.729318431428492 -0.673255753635299 0.121742826382707
 0.180884248341711 -0.957892339276101 -0.222986894363804
 -0.987085378993468 0.143137489834473 0.0719313115493415
 -0.815959965132183 0.367735518100528 0.446071657952871
 -0.316709523456246 -0.936753132721366 -0.14895853815349
 0.157001114332605 -0.987432903220742 -0.0180807006329152
 -0.116794738950162 -0.991942095350058 -0.0490904107346926
 0.578953707782692 -0.797595393982311 -0.169275490673858
 0.259914301365339 -0.964674372647686 0.0429873318846539
 0.021812239535716 -0.95610454465375 -0.29221280926558
 -0.914897519092345 -0.194611592020306 -0.353679032188784
 -0.807991358981837 0.501089501060796 -0.309934308745138
 -0.970753767294292 0.208570116430836 -0.118893354801547
 -0.998970204808197 -0.0453356911413512 0.00179025534642851
 -0.950547572286148 0.0774096242239712 0.300777430832855
 -0.904759388277659 0.321411147022456 0.279473297281057
 0.118104515628136 -0.923401178741807 -0.365214439044358
 -0.998907431331264 -0.0351331521121727 -0.0308156657211711
 -0.979527771859413 -0.119923935616374 -0.161689807416586
 -0.630093541596443 0.687404104982567 0.361189320566885
 -0.936723293817079 -0.346432131202567 0.0503413278622026
 -0.068322383034361 -0.968098234109031 -0.241076463163625
 -0.89109414113653 0.290815683266187 0.348392695099325
 -0.970642503020016 0.0831533806421351 0.225695916265274
 0.121251663093475 -0.93858285403953 0.323048386933098
