Format: x y z  (R = removed from domain due to fracture isolation)
328.9772566 -497.057238 337.2198481 R
105.5282338 13.53850994 -182.9752432
243.7196162 194.3981632 231.1617068 R
89.71469591 -414.2026703 145.6439215
-345.0046443 3.183199918 -325.3067255
-178.3513889 230.7568192 -90.87648995
468.9231591 -340.4347584 -41.55143587
-200.3576741 -276.7325646 242.0450716
-219.882907 298.7996579 -481.6631611
-463.0706502 -343.397158 295.9462509 R
-47.13118543 -495.7992629 523.9530302
-321.0651654 -410.9985863 -75.45357213
-360.1360917 361.5749899 -135.0040355 R
464.6696032 11.50615534 -413.9971185 R
-15.02505158 76.1043988 -42.48384578
60.85752818 -423.0829095 -513.4762399 R
-315.0895489 412.5520427 270.2216357
426.4022558 -516.712779 129.3922917
-321.819444 149.1414773 483.4247725
324.2298354 -59.95165062 -476.4767214
-102.5066447 -412.4586942 -3.71954463 R
-162.7131887 -374.729676 -371.4559385
431.0058136 -224.6585202 -389.6032962
169.1412087 -502.8705929 -134.0831354
-82.75524686 206.1698374 -24.81040338
427.8545692 -89.47335681 325.410013
143.6818214 -162.5031153 87.46912452
68.75110101 -139.3090518 481.946208
523.3378766 -12.83000594 -343.7401791 R
-413.7392202 142.8568331 467.5214668
-210.6198348 -519.5892001 -259.4742327 R
-240.2337863 118.893154 447.9636147
78.6242188 -426.668069 -45.84842253
63.35520932 89.07178806 375.0368895
317.8153856 -227.4556558 -336.2606184
-229.3686602 504.397888 -294.3035992 R
-239.9941005 -96.82670935 -324.2635024
-418.8649763 -412.5293569 -133.2636049
-193.5592151 -498.7912951 -389.6510098
-213.8470243 -460.8415267 489.0139982
416.3265061 221.5558433 178.7257818
473.9702801 54.91794062 -439.0048154 R
-443.7275415 97.20674256 -234.5117261
-182.6510018 -405.2922291 59.89140806
-74.20385992 392.8227761 42.34238415
8.331828464 143.8664763 -215.9717671
-348.2131587 -336.4240131 485.2999367
-203.4283837 -18.56793497 242.7246855
-266.8553002 85.74528065 -443.8960816
-62.53675535 -92.10601956 -68.48940049
192.9093181 -507.8105746 -129.2015732
-213.5592364 165.2042495 -473.7133883
24.15453382 419.3878864 -482.0953043 R
-74.15266738 47.23514455 233.2033618 R
455.0909776 221.1985967 54.34219485
-214.951929 432.1832214 347.9412551
15.37935614 -246.4342658 -232.6137064
-452.5320009 -286.6742691 301.8814038
348.8240708 383.3659878 -295.9212633
-15.10180904 7.652828673 -394.8626872
213.0548219 162.0254912 -358.4242585
50.14921063 -499.0714864 356.1833405 R
-252.2216652 -137.5736656 -110.9173456
-517.9347645 -56.17966914 -326.9012845 R
69.08836887 111.6433004 433.0322087
-325.7898353 -284.6252612 452.6893535 R
275.7870663 -187.0464058 -380.902052
28.90564151 8.757867058 333.9883745 R
513.2407975 439.779176 257.8767358 R
-52.57599269 126.0487029 -27.86563932
-100.3564183 -6.016257731 147.0919465
73.64833762 -175.7064149 122.1254149
71.0679988 121.6425015 364.7107857
220.7082317 433.2388555 -302.8186327 R
412.1870978 346.8774718 -466.4554862 R
-237.4240459 191.8217249 -52.4433825
-327.9895136 -427.3035819 344.0519134
-13.71208058 155.2105625 -284.0715775
389.9315503 441.8868341 153.2620175
-374.1431364 -353.5780609 460.7575155
-259.3156215 292.9595455 -276.7206981
-258.0584541 -178.8663234 -18.69412783
-126.1214347 253.4137546 -87.12523091
-399.1050945 293.7862861 297.6826516
-410.213272 -273.2739859 -298.1647889
-260.6173369 205.7058859 188.8067891
398.3203816 115.3219291 422.132819
492.7007128 -391.1337573 487.5807298 R
-307.8173061 -419.0844216 21.13854157
-77.98686499 -498.867542 32.39351312
61.57342229 295.1177768 -499.6266853
63.71715646 35.61710067 336.7258729 R
207.0011816 -99.02936748 -428.7534038
-104.9607061 157.097326 91.14438649 R
289.1810628 -294.0696837 -164.4976563
96.57586617 384.9726415 -167.8047733
-491.124285 -537.0704532 262.6745187 R
-169.5598361 -228.7416504 -420.5691079
-144.8653569 347.0228039 210.8610027
-405.4636577 164.8419955 -508.6643056
-134.3480263 -5.810916126 -315.9224252
132.3562768 14.2433931 -73.50043649 R
-6.223376995 326.6044625 184.2741704
97.07940863 81.06338296 -116.2354054
-470.328075 423.543762 26.5709095
80.61394123 -94.65885054 -407.0259413
5.457864311 -19.12098806 -357.1052336
-334.7477438 110.5315022 -401.1543466
-90.83322021 450.2599745 73.30644448
348.8754863 -11.58141161 17.10117936
373.8283556 116.0953769 262.6419712
443.6650662 -102.092228 268.8392449 R
499.2318099 222.1254831 -233.2054202
-144.4242853 100.9748717 -126.260493
-254.6208927 146.5006515 24.54240647
428.0843799 155.1574823 -409.2362393 R
499.3500032 362.9432582 -507.3793265 R
29.44110941 -428.8106478 143.9347047
-73.64937618 84.64711135 300.5870758
-174.396251 450.1629447 -526.7494541
-178.8511798 415.688161 391.9588836
-28.02413434 -454.2134234 -340.8730762
-330.476152 250.4566764 -502.0282586
389.0421963 -344.6223945 -399.6451538
161.4286816 -345.190912 407.0100699 R
511.9628858 13.51410068 -180.2044339
497.2692915 -19.75750039 -245.3584305 R
-497.3819375 -126.5157632 -517.1911066
135.870659 135.8505401 -260.7459208 R
101.1858872 66.81263979 67.38160261
-284.5455995 -212.386547 328.4825658 R
239.7011687 63.1238463 320.0576008
71.8687467 -213.4788423 447.678385 R
-76.91026667 -326.9309377 172.3681759
-110.3260249 348.255561 -127.5541306
295.2603481 -281.2512315 434.2344909 R
444.5629624 -244.5427963 274.6897675
162.5300744 9.492444116 -369.7582001 R
167.37261 139.7075973 -411.5490323
523.3803347 266.6122254 271.6986245 R
-322.1380134 105.9293416 195.4015203
-74.81792545 -449.0718699 -31.93109374 R
-228.1728438 150.6617272 -389.9535302
-479.947905 118.5267097 70.99770036
457.5345148 151.793234 14.67824858
-93.0911074 -355.8658448 182.3280003
328.0209307 6.371986186 110.4717329
9.090591395 396.3024343 386.4434013 R
402.9344439 -47.24484154 364.036473
48.90608202 206.6855806 -518.9095383 R
-68.89965747 329.7613736 433.7667483
-273.1976916 292.8774832 345.8638813
-138.4468083 21.38776657 186.9868068
-168.3234832 137.8511744 -53.23006891
411.1140814 -459.1356335 -489.6889305
-110.9678221 229.3680166 299.9653005
375.8411861 82.16150512 -166.3789976
-280.3449362 -227.0830602 -232.7520649
79.73455369 60.09043319 2.126511848
54.87835295 -17.68792532 -495.8341099
-86.29265556 531.2519238 100.3883187
-206.5582855 417.4013559 -275.3728969
-446.2213918 117.3137493 338.3758466 R
536.7870555 131.321973 -121.3227873
453.2276524 -383.4215393 -218.7061866
445.247199 -93.86243915 -274.7336409
-71.92638066 378.8257649 350.0483193
-286.4938929 468.6036926 -100.3564423
494.2035953 -40.29755101 229.2038721
-80.87955828 -324.7433032 -153.8184406
13.30985019 82.70010696 -252.8372308
-489.9867511 -212.6487098 -301.7720642
-435.1173138 448.371705 -20.41717005
-469.3270423 -353.0817079 -210.0121571
-401.1379606 479.5965111 -212.0935878
-66.07019207 -168.7531088 298.3524127 R
274.9646765 327.9104869 296.3688881
-393.8153955 129.9729958 529.4358738
-97.36400318 382.949716 151.3497364
-307.4080175 -482.0119689 -224.4581688
-469.2916107 415.9091925 234.5695765 R
381.2755847 -532.3606953 469.1676504 R
136.7303187 -272.3926721 6.396014736
-128.8413739 -346.3646484 -278.7038645
-351.9153177 -172.6500384 -401.9939649
512.8993614 303.6304661 134.1248631
5.145110653 443.3833328 330.4142266
-162.918404 0.8360622708 -431.5583108 R
406.275629 -326.2867278 203.3674997
124.5029399 -14.60811497 301.8561745
-537.8673617 -482.3446931 -414.2477878 R
-233.9606868 36.65258523 -131.8148162
-154.6139438 269.5539943 376.7196074
346.2743009 396.8610069 -289.2352117
-33.97725229 156.1953683 101.1022516 R
419.4955726 86.58739488 -468.0113347 R
485.68404 -284.510929 -5.837661078
102.2199306 330.2996433 -36.02796875
379.3911777 45.90801013 66.74905122 R
420.6272493 430.544964 -184.3137958
517.1246834 -6.336416403 -471.4818003 R
-106.2134926 301.1880122 79.17778983
-380.9806433 -439.4846218 444.55474 R
-433.990675 132.0488231 -388.2502095
-391.1966339 508.8602046 439.5770517 R
539.3740256 292.5673495 -391.7838393 R
177.9610776 -329.95293 31.18249083
-0.811602168 316.5666276 171.6714571
36.28620704 419.4337637 449.950912
-260.5658951 261.142297 -345.0837545
-357.509944 -36.67005811 432.720491
235.147754 485.2310743 -168.5689053 R
470.933955 -454.6593628 468.3170217 R
233.4902212 426.9358284 -2.475152604
360.6465713 300.6351615 -452.9298345 R
-331.9547657 202.1824393 114.7602363
325.4416254 516.7250042 517.518546 R
207.7275758 -178.8046726 -14.62386255
371.9493378 -520.8259793 252.6391516 R
-30.15384485 -13.85662632 490.5828493
168.3216543 -477.5413951 -248.7158505
240.2856869 430.9455457 -140.1643094
419.5327173 -428.6149019 416.1958137 R
-7.838147217 173.7364384 378.6828938 R
-299.6342853 -68.80147125 -176.4688002
-422.5660416 -482.2975287 182.4226303
229.878654 -465.3526665 339.7539688 R
-256.025361 160.2137279 357.4187011
167.5612148 147.8357123 134.5745689
510.0021534 -22.51958346 402.1986304
-303.645065 247.5953537 450.0580062
191.8413866 -10.04906691 -82.75626473
139.0900717 235.4729491 434.7334033
143.0126288 184.2364374 -294.8449018 R
-226.7899312 344.631107 261.9301207 R
82.73888092 -165.7604159 388.0228608 R
319.4551524 461.4901971 -142.2890147
-534.5054348 -166.181103 -147.2745862 R
271.7830867 -199.179543 -88.04268236
446.5917936 -26.56521572 288.65111
-394.6351823 266.0139075 -355.8361484
-511.5925397 240.6121961 -278.7675064
339.62496 -287.840402 -254.4563145
-66.96672946 -450.0966258 401.3221656 R
-483.3319787 136.7215126 -414.4545359
168.056789 281.3637938 -109.2854433
-405.9860636 -168.0050414 207.9626129
-399.9323226 316.4734456 -488.6001674
-113.4913223 405.8896392 114.5410005
300.6713414 -466.0295669 20.17202509
-415.0604328 -158.6447749 -500.2323465 R
422.3781927 103.6925698 -500.3543734 R
-470.3576382 198.5422836 520.9274258 R
385.0358184 23.19656337 443.4455052
332.6218227 -187.0770366 -504.3521106
292.0892225 177.4855981 -359.4175244
239.834841 -357.7396089 442.7014805 R
-124.3998265 187.5351791 447.4553164
530.4256091 -211.1857503 -210.2490798 R
-408.2047889 208.2412428 134.5892534
95.40475921 121.6747248 -64.65476553
-175.7780642 403.9420838 -139.2384459
221.158589 -456.2064994 383.3493633 R
412.4052163 -22.38572476 477.0401443
-84.54000196 -149.7811114 -365.922138
475.9710212 176.8401184 50.80219511
-500.7529365 516.7654113 -248.4447657 R
-54.34859976 33.34956217 89.34220553
209.9907495 426.0913981 3.960431106
313.2104964 -75.52856791 335.8058849
278.4413141 -47.56575492 464.8219198 R
289.2842479 -387.9304685 352.3008589 R
-417.4401015 -432.260284 -370.774589
421.9456913 -82.35412351 -464.522093 R
-473.49455 -347.9549369 -169.4992715
30.73471528 -148.8134374 508.6726725
-433.3501284 -363.2920194 -505.6148324 R
-391.1078197 319.8388993 198.7592473 R
380.4215308 182.1135786 -446.0518609 R
326.5534461 8.483813655 305.139363
-427.0062498 184.2169511 -407.588156
-367.8013495 105.0327786 -63.6440921
232.1921045 -160.6863237 86.07127874
373.8775254 -217.9962637 102.5039232
301.986499 -389.7578904 -417.3982335
204.1085807 20.1939414 280.6935896
-152.987477 30.69171194 382.9125657
-41.75383701 491.1534477 -457.815072
271.4490807 -134.0248419 -332.8091954
-68.37935747 -146.7903055 -167.3744191
171.4568444 -338.5306377 423.5213304 R
-394.764466 -527.5029243 302.6002075
446.20791 142.58086 113.3220707
-239.4377088 449.8106546 298.2387402
-121.3572665 437.2548585 322.250532
-399.3871842 -330.9386749 -271.55206
-2.128856732 219.2611347 -511.2422889 R
107.1479268 -258.2920473 -248.9746593
308.2429608 478.1417313 -10.95178843
-171.3192374 220.1958597 305.2208406
315.0459051 411.3682102 455.3399558 R
-104.055829 -478.4189982 -450.8359229 R
428.5042302 -381.2472713 218.4104071
125.7078091 -367.1743552 -106.3717511
-301.4387225 -298.2138816 218.9614871
-273.9896439 -34.96316686 -341.9218117
412.7987312 252.4666681 394.0794847 R
248.635012 259.7019502 242.8321015
-433.5929589 -430.2188018 -407.5966683
527.0287077 -396.5977019 370.0830806 R
300.7960526 -162.8903098 -365.7310734
-238.2564469 -380.9910996 248.3062298
28.4496904 70.66213395 66.78215441
-334.8989537 41.76347618 64.92323221
-99.36183088 -142.2667538 95.6444355
-420.1865237 547.6150935 -153.1405459
84.25772281 -174.3533139 -164.2769098 R
169.9523035 0.2452223291 -80.05369608
-61.09922291 -389.2526853 179.8715868
-87.97249301 201.1306353 -112.6391142
-265.16307 451.0741347 -296.8156578
37.85747789 -143.6398141 494.1364871
466.1375861 511.0706693 -174.4435295
385.1273843 -299.7785998 -56.69664511
169.9514729 252.6557072 -520.141378
356.377188 238.1205284 -269.8222016
112.9219309 175.1270662 -315.5251521
410.3068662 -444.695235 -214.0458424
173.9567454 -348.2123696 -158.715356
-325.8287377 309.3433559 -437.7125526
-124.706085 325.3291613 -136.4078097
-34.36462366 134.417256 -142.957114
169.8595232 289.6266679 -303.0889101 R
519.0861162 56.11694892 -248.8565659 R
-149.3093268 94.27742743 451.0299851
294.8270158 -26.03872532 -29.16554701
442.145352 446.2608472 -322.0535992
229.667875 -90.9420868 -124.5587129
-263.9243037 151.4599724 193.6392916
-348.9766992 130.2843434 281.4572373 R
213.5742318 -118.2588381 -12.8491011
208.9408552 -469.8119459 185.8377819 R
505.9244515 -455.6035131 -122.6624762 R
-110.3765427 70.49933094 -290.623201
206.46327 370.4323491 -323.042184
74.94975604 -541.3567115 167.2519299
232.3546659 250.1532554 -323.5777182 R
-319.3976687 -4.272807088 -305.0787746
-184.6744344 -45.59975908 112.2398828 R
186.1098189 38.64477121 240.1045711
-505.9400661 -472.7390772 -370.9695774
-127.6254346 -33.67064082 504.5207567
-195.2057559 247.3855249 241.656066
62.81282501 8.185839207 -167.3821985
-207.5378281 -349.4298166 -278.692374
-46.1606236 -471.7100074 -292.0617097
-303.7980829 -377.773724 91.83506987
-26.34884338 512.103006 -295.8674193 R
-519.8904806 -44.7838774 -139.530671
387.9291426 -406.0970493 -175.769403
429.6213316 75.45817881 -447.1714999 R
448.9121429 -289.8364543 164.3795529
504.0384191 -488.7747305 -472.090249
315.5318091 252.3247291 -472.8919201 R
-452.5928101 230.8883043 -287.7515004
328.4048592 -318.6050547 514.6079307 R
-248.0197959 432.7915277 -430.2224106
277.0511225 -247.9752801 161.295786
211.6696558 -143.7337391 -253.2091124
-7.095943403 -280.8398257 -9.816271998
286.9058127 -446.5375378 -244.9395499
215.5024211 -281.0174379 -5.467822823 R
320.9927521 267.5230874 282.444903
169.8432364 13.16347149 513.7656894
243.0442697 142.8819203 124.4881067
308.1975467 485.7748804 -440.3158234
418.633243 438.4814945 -29.04473117
-260.9734014 -374.1247303 -453.7663974
-506.0693523 64.9213787 -37.84021101 R
-286.7061287 258.5703227 -84.43705102
497.3482824 -251.7919827 -481.4058889
-112.3563432 -349.8170988 -330.7875449
-358.2762127 428.8817226 194.9815718
449.6953725 -97.73756561 -208.6185168
-56.9520369 115.4346282 120.3998537 R
-529.0193619 429.0420511 77.6692688
-522.6869319 -50.72354561 -392.2629342
411.8753373 191.2844881 -87.27206964
-299.6724824 -100.064943 -327.1140822
9.619712723 12.91264616 -207.9756267
-491.6658786 64.49211295 316.3440253 R
67.9651176 104.1267964 525.3770089 R
-291.5063326 -413.4897303 -58.72285761
538.0226926 101.0910892 47.57727001
251.311365 -289.1976171 459.474008 R
200.2346793 171.4964365 -74.35613696
-51.24736834 139.087498 -164.0496401
-5.528208544 125.5586801 -426.0690624
425.330607 245.2698628 -39.12197761
503.2380873 -343.9951601 342.5580243 R
-189.7905199 147.3618743 -209.7692812 R
-48.53771239 -127.1712002 490.8575808
-171.91205 58.35469471 213.2257768
-7.581223019 -45.72341564 410.3390983
34.45078785 -356.6272764 510.3585458 R
355.1982054 101.7497229 428.7429014
354.292967 -13.60865018 -59.09532672
77.31572591 -282.9222829 -379.3587122
-286.2097507 103.8045636 -283.8640393
-46.5406345 -477.9948094 63.28527136
-248.4127773 426.174942 -486.9340553
42.35993482 -327.8391856 -435.8183027
-525.5599776 114.5677691 -456.8116482 R
176.4374551 396.0214077 -431.110613 R
172.6976723 507.9475748 -70.66171639 R
-284.4382496 44.85183424 -328.8842956
431.4142625 272.5772212 478.8072198 R
163.5826403 -13.51262096 -271.4251863
-369.1875095 416.3845907 -25.32377638
57.43067435 -445.0512812 462.5444177 R
-512.7313642 414.1522394 -131.8312822
324.4725413 -274.7174101 106.3593609
-218.1769183 58.89607878 -108.9148116
-67.44225035 255.4382327 179.8522942
-394.6095794 387.8589962 405.8812831 R
-456.5263038 388.382565 -228.1168094
-326.9568432 134.6192476 134.7598554
-310.6737531 -442.2570435 121.606724
125.8348525 184.302575 199.5461752
-199.7116494 121.7687184 21.36176241
-294.683257 -400.0325026 134.7061867
141.4851885 -223.1715331 -383.1855615
-152.7723777 335.6718384 147.5409255
400.8620141 344.3034942 292.5306249 R
14.75658474 -86.77213114 -217.7506713
-353.2833258 -35.59845908 -94.30976437
-30.7235428 419.7942031 40.00019654
227.8590307 447.1051972 -345.0820725 R
472.5704488 84.05147589 363.861958
-398.5703985 -377.2233774 181.2636781
-153.5363504 -95.94268024 -490.1591045 R
189.3328887 15.11439145 -55.05229153
492.3594728 376.0411648 -100.6487206
440.2132752 -268.3153649 -342.9954825
445.1710101 228.4412198 -9.668648092
142.0974456 43.06861546 -217.4044423
265.4123903 236.4073959 20.75013449
201.6036824 311.8187297 36.90446166
-376.4851252 470.9356446 324.2512936 R
-324.3587879 494.2605283 -41.08218943
134.1351989 233.5672929 493.6440971 R
-39.72790976 446.0931686 -533.8800338
530.0416744 -0.7745088629 498.916721 R
-54.33981445 -402.5195605 -183.732844
-127.0787576 -113.6140188 -253.451126
-133.752397 -292.8423716 248.1653377
450.6861444 -306.9514433 -25.17959689
370.6737583 -17.94019461 465.3406928
-140.6002448 238.9147044 493.5097326
-214.2029241 118.412856 50.72404364
314.3615112 -178.0068412 164.0716011
-309.0944625 219.1380814 83.7829203
356.3987855 -447.437679 481.6906087 R
345.0910294 301.7582256 119.5062304
-80.99625251 -86.67308864 -352.9371632
-523.3552768 6.880956592 -53.45075187
-395.5908373 -78.19511863 -366.5796201
370.892136 348.8792803 163.7198305 R
-217.5058169 -34.99472207 -17.63541893 R
-301.4348471 -245.2640197 256.0861986
-6.753231368 352.1277713 292.1627972
-178.1985628 -371.5897312 -273.6694043
-67.56827681 43.35419284 528.7265038
355.0235299 226.7794175 -94.73109079
78.31411218 162.3649795 260.9924826
-470.888963 -146.9128669 521.7673309 R
141.0079392 219.2630493 -28.96437299
-409.6198455 -402.467625 214.2470135
410.8974206 -382.503749 94.38713046
-46.24363348 -133.0677401 496.5507712
6.763233416 153.2933304 477.2912345
526.7651113 184.1772087 -140.0986418
-293.3261963 89.54436863 -411.493211
235.601342 287.8371871 86.25091822
31.92436854 -282.064481 -484.9919165
-463.4836027 222.3701302 216.0612951 R
-454.937049 94.32950456 -53.08502538
148.7355345 34.36609969 150.3933246
-258.1106469 -442.6438073 408.7661056
143.3580154 120.3674802 302.2423699 R
-58.39225426 -8.343707491 321.0708173
495.3151803 -102.0226823 -309.1327451
-225.8982788 -371.2730766 -75.85178511
-99.33213749 6.36385489 341.4084514
-2.448943556 -50.18981873 281.7551645
-285.5844867 -5.229967876 -379.1636544
-314.9117703 -356.8742231 -415.0751321
-316.960038 -36.31103872 193.6532638
516.6231944 215.3371428 368.1691076 R
503.7760817 309.3817108 257.3762238 R
-429.9897717 -282.0644086 -104.0372911 R
-145.8223719 228.5382796 -308.0942579 R
-80.28098074 188.2056711 41.87014257
218.4363238 213.5955749 -2.227861438
278.3618906 34.86814433 -291.5671119
517.6602876 194.6866657 -532.5784302 R
128.1742706 218.9643309 68.90184858
-313.4390187 -335.04533 -253.9626299
91.59889503 -458.1778448 -73.68287947
-219.1800198 -262.7667859 -190.4109879
36.94058349 -487.1619232 -236.053897 R
-390.0219037 -495.3344802 2.625459363 R
374.135333 -229.3002723 -477.9560111
-451.0095709 -405.8670715 105.9816305 R
-231.9459305 -177.9568543 -90.15223369
-446.2084507 -325.5000263 -507.5124668 R
-162.1734344 -484.6414767 348.8459453
502.1790857 -463.1467974 -236.0199001
-9.533493364 483.5047282 76.56528389
17.43159537 504.2398401 193.3448806
-352.4168428 476.8426432 444.2224459 R
-76.02283026 -274.1326287 484.6584882
364.0368989 249.0027416 404.6968384 R
-366.7587476 -229.8948356 -262.112628
258.2341321 264.4804276 -2.734994303
-259.7572399 -506.4498951 -71.47370393
-273.3600121 -427.9501056 -516.6847734 R
394.6236015 -176.2999241 -74.83761038
425.0310299 198.6190876 192.4859782
329.7419866 -50.20545392 150.651198 R
190.3019942 87.56617847 339.5719365
-262.9534615 92.36449272 164.3250715
287.8603407 -486.3573377 -284.6458711
-26.45687933 425.6807595 -378.8705276
-501.8616846 -139.1491618 -60.11770665 R
339.8055347 -382.1832544 -296.1664894
-70.30504595 224.2537471 148.5881646
-322.3698658 -10.27703142 -56.22758076
-507.3406364 273.6601603 265.3894965 R
276.6952409 242.3549492 427.2456986 R
-313.8474465 451.8570083 -75.57174649
270.924998 310.5715183 -74.89830887
-38.39727218 47.42362427 302.1110929
131.9954701 255.9135987 244.1997369
489.6099636 365.0416492 469.3832973 R
-378.1182862 6.553510856 299.9656347 R
-352.1598099 467.0612479 384.8115386 R
66.40508397 -121.0092658 -448.243068
-26.74974481 392.4634571 326.3804366
34.69354895 -206.8488082 237.0703589
150.4035517 -44.46345428 -223.1376457
-203.6393869 88.96360175 66.95471915
-91.99863915 -475.9188729 -188.1878282
-370.4274881 -193.4646121 -121.0419461 R
2.983111837 -199.2387234 -444.6351132
-230.8504767 -65.88780111 254.8355248
304.7169167 213.5898758 -79.9126874
40.43378801 448.2831067 413.8584022
-311.9382135 409.4209609 -467.4563901
487.1143468 -200.7429122 440.6774304 R
-80.74478399 378.4677246 299.0502235
415.6707368 101.0795945 44.11714339
30.50036405 -419.2717649 263.0921636
463.7154471 91.22841512 -255.0750312 R
-309.0101566 -110.5405291 -373.1001181
-439.1869262 -343.2756444 526.6756919
-176.3359119 312.3107331 -189.6580111
-29.01908317 -443.086477 -427.5441009 R
410.0610155 -368.6059436 32.72600829
-436.7913956 -118.994548 -314.0224172
-255.005297 376.6537389 2.723430649 R
51.90327216 -273.185152 -236.944369
350.1007891 -78.63870848 -26.29771718
9.660687282 -58.28969734 -307.5476521
-515.372944 -151.6664172 57.80277642 R
-313.3620037 362.1561649 -315.4893322
276.576892 76.81187662 -417.534603 R
254.8877484 101.9742678 45.68386131 R
408.6009564 426.651393 271.3035687 R
-141.7512918 27.5935192 -228.1890039
-69.27635385 415.522081 72.38925021
183.6652915 -159.8066771 -155.9057161
-84.03760894 -437.5758983 -389.1409275
162.4587068 6.869225288 30.37218752
-175.5047207 -362.9974912 -91.43629083
96.49072282 502.4714474 330.4602827 R
-389.6324493 365.2673041 -428.6176191
-383.8475899 67.63311895 179.3817934
-401.2076849 -374.8545745 77.69951234 R
-178.6756303 431.1716013 -428.7135399
-433.8330944 136.3347853 -466.8315747
-191.167232 -100.8409832 -522.4927106 R
86.49225432 -311.5846273 -87.7399705
89.75135134 436.1555045 277.0153853 R
-280.9318761 -417.2203455 358.9931046
315.5363276 477.0820068 -470.2389789
127.4823778 -119.4540851 502.5248372 R
123.3199777 -96.76880474 -349.1174555
-69.32547661 336.7898508 -368.5674283 R
-15.09712048 159.2984972 -377.5152325
-456.6893461 -295.0525917 445.4335921
507.6497791 -492.1679234 -66.29869328
-153.7339026 287.1631511 527.3880962
374.0617681 -61.4124235 -86.27600149
421.7096916 -412.1471764 -123.1446979 R
-303.6297931 415.7336374 -449.0412763
-13.89011982 -106.2276415 -197.3031093
469.3009518 390.5344478 -354.3854695 R
-353.2242642 -204.9075615 288.6418977
266.9335277 -414.2513563 45.7493801 R
-78.97566309 428.7608798 427.7458266
286.5592575 296.5947111 214.3661971
-308.991518 389.0255074 -125.7682589 R
-127.1911981 39.27652799 245.2908266 R
469.3599321 -488.0325925 -446.7863231 R
-330.9727067 -82.14181499 -67.75360199
-199.0185008 89.58306822 182.7336522 R
212.5354298 26.20041646 191.0247503
141.4896038 -255.916333 -524.5290131 R
486.9251405 94.69976859 -444.0838872 R
398.4514049 -396.7971727 202.6722859
515.284068 -212.9171173 -222.0213261 R
91.44640694 -272.7306428 440.6452863 R
490.3079596 195.6436587 157.8236965
-223.6775791 74.24670944 -353.7389771
231.2047165 -146.4613591 364.9499898 R
-279.0277953 0.2578525918 -458.9269616
-293.0052979 -469.8777294 -71.93999601
428.7566207 15.45765491 -75.39500254
-336.4732091 -300.2374146 349.7746997
155.8445748 67.33662648 210.5171925
117.0126323 482.4739538 -189.3346026 R
-393.1178792 64.71632758 143.0735981
239.5851635 252.7847745 76.77372666
-442.6579578 420.7427168 -316.8135932
210.3739207 161.2547126 -104.0708318
294.5779306 -245.7410007 345.8474886 R
-86.2290386 -12.48890233 477.6015225
453.3568503 -501.6804366 71.40510069
88.23879046 -96.35461851 208.5117533 R
113.7366568 -398.1995132 -21.69886653
114.8629443 -274.5522842 -277.3636611
342.7688798 -418.5842014 430.9374535 R
191.6704591 141.6347115 468.810986
413.5514544 281.2906928 -155.6952245
227.0002324 -371.9010179 165.2179515 R
-61.06554577 -105.8014327 -219.9046766
-429.1044607 -313.2944461 -65.68342925 R
-516.3537176 354.720002 -452.6215557 R
-154.1903052 258.7672028 191.7841073
-267.5340059 -417.9254014 161.9099187
30.49846778 -467.7264663 285.539493
192.6932252 -68.59898895 -182.2580483
-313.3438135 223.9038185 -53.70141626
162.1763134 -37.15556005 -435.5281781
-362.607585 -56.06790974 366.1254485 R
-412.8407258 316.0021168 501.7961894
207.0176767 87.88168376 -523.6438639
526.484429 101.2541845 -390.2006395 R
376.1984993 -344.7469436 483.8179239 R
69.01011894 5.428868629 176.685638
286.6985164 -474.0277938 376.8632458 R
-217.1765762 -213.7660483 32.82283631
-387.2016809 518.4709647 -357.3809525
-530.0691846 306.0920552 -179.030715
-239.3816294 400.0516716 399.0118412
-529.8418067 211.1283153 268.8441706 R
334.2679375 157.2695136 -291.1795828 R
140.1297844 183.8123913 -148.2238804
50.4920945 -497.6933541 -163.9111373
163.8410165 -410.4966084 -231.4285939
284.4220513 -269.6729924 -200.1085812
371.717844 178.6771887 295.3461775
454.5901694 136.2811071 358.8571079
-347.3517163 -134.1915424 -488.4133755
395.4472106 425.9738221 165.7491976
-54.55628546 -3.399105146 -431.2963237
-278.5613843 -53.63500074 320.2025286
-220.0430093 161.6962785 143.4403735 R
337.7921024 -398.2305417 454.8274648 R
-394.826225 428.7020652 375.0866878 R
256.2339608 -39.77424946 -263.7688233
-56.76948178 -322.6153624 -211.8890539 R
-259.7308845 221.4652732 -306.0900434
473.462577 -91.83678844 300.1822977
-151.7031455 -102.0833106 -331.9342589
-301.1782425 46.09833268 522.3893588
-235.621442 170.3600656 394.1059725
69.39700709 -370.9451292 129.8591457
91.46300331 -547.7318301 -381.8650918 R
-275.330579 -38.38954249 50.29110424
-375.4698308 48.18853656 -207.1595397
154.9529748 -229.7193286 389.6187705 R
469.6522908 117.8457008 180.0139775
-261.5029953 -273.9020229 -422.8484319
-317.4395793 22.12258865 153.8287021
-310.7421784 159.9852921 480.0272993
-171.89794 -441.6613369 -330.6017815 R
81.93881024 -193.7466245 -69.88384594
-80.49394336 23.66471952 460.9617105
371.5157532 -168.8732193 -213.534874
430.7695838 460.5263896 -82.18895588 R
-405.1074624 -132.2347444 -114.6941827 R
-123.1159871 152.7377893 -26.82858692
314.5851798 463.1506033 208.6728511 R
379.5047629 -118.2141509 386.7582556
37.95642275 35.45175987 -429.0138342
-462.5915666 300.7397538 -313.3025213
-292.8925024 -87.5840835 276.4439175
200.6336676 -69.57638945 386.0781836
-67.37668337 -421.7236835 213.9753978 R
-521.2035838 -301.2347485 -392.5892459
-411.3714704 338.3110653 -369.6917082
146.3080309 43.854831 180.3205385
-163.2557843 190.1548692 296.5180227
-69.19628142 259.3601866 1.393925517
-486.7449002 -288.9232096 240.9795542
-180.5861142 377.0462403 174.8619791
474.0794739 353.1851422 528.1211756 R
-130.4073028 -174.2096762 292.25763
-370.6402384 -274.4610476 339.3303943
-370.6689616 -225.1283132 -277.1911686
-1.938116435 140.0482833 -209.9198079
-473.2560186 183.0498476 299.6824862 R
209.1810418 -451.5464033 -445.0824872
-349.7514812 295.890387 -221.523748
52.34867257 48.51926095 -24.44581724
-51.49780943 228.4185864 -142.8369389
-230.7650039 -338.1449633 27.62578801
302.8491601 -213.9281711 -354.6656551
-334.2397026 -198.739178 -370.2810095
10.44385692 99.4989927 -69.20525624
-317.1959524 -288.579086 -498.7994992
-389.9488558 -478.662575 150.7019837
-199.600834 63.50378839 -91.93605381
-290.9048268 279.4168517 309.4372709
227.8702506 -353.6489412 204.6921686 R
-86.11428662 172.8438577 -363.4246262
120.4054425 -244.7595844 484.5412963 R
158.5693219 161.1848925 -466.8335204
-43.06712671 533.9111762 454.9765528
99.43072182 -446.9968969 454.6241364 R
208.2983145 -201.1968632 141.7802349
-321.704937 -88.98478683 -411.1275273
121.7969235 -219.4221946 233.1774138
-396.6947769 458.7281803 107.7727116
-63.68784245 -26.77478593 515.6230452
476.4968735 482.5722957 53.02740064
-17.8949517 289.9619145 -186.4330881 R
-59.70525548 457.6933092 -445.2205491
322.3521549 69.15839456 359.0742241
-117.2506376 -165.4981491 -130.5009172
133.4640731 115.1536767 -491.4059845
378.4780384 441.9284624 -227.0943862
60.24028137 124.5098412 -109.6840317
-168.105567 472.7855132 -13.47737942
-464.7389799 -240.5774554 348.4961878
-392.1332218 -370.2750687 -389.6673897
453.9495645 -545.4531218 375.9430404 R
-118.1291063 -70.35752507 492.7037711
29.31536526 -265.5697413 -278.2788055
317.0502066 -272.7209668 -414.331973
74.75707948 -417.039827 -349.5206551
50.57245783 -90.1150407 136.6718905
207.7036289 386.9705017 118.420384 R
180.9307331 484.9406667 173.6885226 R
-145.9968346 306.6421651 88.93761241
211.3265985 212.6693546 443.3371684
-155.0171839 -467.0818062 -303.4550213 R
-52.65496023 -417.2800409 -269.3877792 R
-308.3990759 -97.60619558 -26.02113548
-486.5487739 474.6712946 105.0270816
436.9726926 73.51570064 -216.6876502
38.12228358 -385.6505089 402.3429981 R
273.2755907 195.3482984 -257.6628714 R
201.7074405 174.7344188 -463.4261858
-219.6102071 -254.0135415 -340.7911287
-387.7513849 -324.4120624 286.6338538 R
511.0297777 -151.3043162 -109.7871858
365.7992229 517.8574142 210.7806249
-162.8799277 -96.52493836 417.792291
347.400135 -16.90763564 -267.8066468
-384.9076741 183.1776999 -349.2527336
268.2770367 298.455028 229.4600146
-14.47055516 -474.0641755 -274.1302478
368.3550602 260.3165106 -291.5325817
-10.07560164 -127.711861 -153.191607
-128.0188751 -241.591708 -162.6410728
486.6185515 222.5989507 -53.32796605
-494.3453531 481.1752773 158.5895524
529.1639647 -306.1543101 -464.0050798 R
208.2185292 59.62309986 151.3401053
305.0982544 368.2135234 -129.0763461
164.8503298 -86.82673471 -204.3024842
-88.38436394 460.976191 330.3379534
35.1175315 -225.8912174 290.8958161
-336.8848014 -106.9703553 -313.2302866
-149.6288995 411.0879378 -361.5337338 R
-139.1067652 4.155968447 391.6391001
-0.3246315712 -111.872883 104.8205529
256.3309895 -292.5640103 -426.5600179
-164.612417 -80.72507688 250.7883152
10.19989312 -309.8436366 -338.3971789
-518.3988365 395.2405861 -22.13240736 R
486.6069451 -166.1034343 -456.7795312
454.2679309 270.3714496 72.99668529
380.1472663 197.2043232 445.1103155
315.3326046 526.6703899 396.7331498 R
-94.18319169 -148.9195243 -224.6356873
329.8471231 183.5573871 238.4917299
18.50477389 320.5181422 288.3318361
-250.3712608 -123.9487989 -467.0506129
488.2627645 38.12463863 499.2373396
-460.3644913 -539.4895631 109.7151486 R
-62.42808391 119.7735786 547.5182737
94.08614186 -73.80165331 -124.9202527
411.2063418 -64.50505318 402.0373652
66.60420958 -64.81796008 -74.07724208
-99.6338609 174.9432493 -513.6573238
347.6018571 -308.2460212 294.6506233 R
-52.44371308 266.8622425 -286.7545442
-99.69385876 471.7730725 -106.3975507
486.1417224 369.8395167 -306.4357098
-364.5428081 -127.0531589 444.1686682 R
-272.8484857 -450.5996404 -132.6265319
-85.07979998 126.2018855 -295.082328
86.46269356 404.2624563 -2.34440815
71.73825277 -163.2008743 289.8785877
-420.8783134 426.1355681 -150.8404611
175.710739 491.9449316 324.8540882 R
-158.1499545 -291.8610606 138.3089086 R
415.6112508 -185.5325104 484.7392424 R
472.6225034 -41.46036992 204.9196871
-265.5746134 -469.5021852 90.3090765
230.0948867 292.2901943 -352.6478357 R
-255.6242337 208.0894468 -260.6820742
258.6479569 -350.7190753 381.9207538 R
-428.8307831 282.7212273 -243.1428611
304.7728108 98.71838263 -207.4242083
-227.8982162 381.4688661 319.2761194 R
177.4859059 318.2545045 -204.2221657
181.6147317 -307.8175438 -445.2328007
140.8730404 342.363917 -213.9284558
470.7089717 -484.6545873 -380.6826418
-94.21416255 -42.15132988 -505.6363857 R
-154.0836506 177.7001846 -21.62106437
389.366546 458.1901255 218.8490209
502.5593439 -225.6480083 38.98117852 R
152.8268035 -486.7739057 47.09820108 R
391.7873849 128.4098834 -380.6711682 R
515.2748619 390.9631804 -187.6730685 R
-139.0295668 233.6961412 -539.2521008 R
40.31913702 132.4853456 -441.0039503
-103.0890454 269.6159996 -147.0041015
-480.7258131 413.3934061 -237.3960489
-48.16138591 379.8174698 -113.8678964 R
461.1322297 45.98813388 -192.6680772
-540.3468158 -260.76301 -217.8496755 R
532.6363271 481.3380913 -437.8835906 R
256.707898 113.4015674 -497.9349501
456.1376034 361.7278642 -284.3013883
385.9039781 -211.2444152 -392.7051933
-59.82578659 -391.8729454 338.5759454
-523.7650834 86.5365139 -317.388189
-402.0357716 -384.9804525 329.1045087
-307.0898937 176.4676473 234.3715049
353.9720731 200.0308522 -127.4718985
84.08099612 289.4574795 387.2915265 R
-172.7604068 80.92919664 349.5570388
192.1428118 284.156006 -200.5183643
-348.7080861 -176.7928074 -81.45849915
402.9099826 186.9750145 37.32961191
487.1716206 -384.7446725 -104.8618423
11.27987958 -103.2943219 -202.0553403
-17.8391266 222.5933266 182.1862656 R
281.7500114 40.67323128 -520.7107461 R
287.5355675 439.5144801 -32.23863146 R
-234.4525415 276.3385897 -320.8570812
511.1448414 415.831667 332.5260514 R
-213.6678461 -160.4317343 114.0922674
-130.7758792 233.9184489 12.21796533
-525.3879008 -93.42977948 -359.2776274
-61.71272617 528.4467406 358.2375645 R
426.8828523 91.8608889 -313.8051197
219.6723977 -43.81809149 -331.6699968
-453.1634712 261.881512 -325.4414051
-340.6285987 -81.6682369 460.2619948
-151.7948567 -4.29391908 -78.46714212 R
238.4750667 -7.465339604 475.7245295
524.502586 -8.318515213 -288.1887981 R
431.5570893 172.8682039 -237.3935202
73.33397436 -425.091867 -373.5571247
-492.4617476 -69.18979509 46.58948745 R
-91.35467162 -396.3805624 130.8399621
419.2496291 -515.8591664 -308.3639018 R
-15.32493237 -2.388737743 58.90793777
40.96071416 -60.78598592 42.10349518
122.6706939 166.0842546 -46.14805743
-137.0079861 -221.5523135 434.0408176
-363.4192812 -380.2794314 251.9404146 R
-465.6970991 121.4158434 523.8444784
-322.5441275 438.0705356 365.6512715 R
-312.5264709 -249.5367832 356.4593011 R
-157.6449182 228.4118528 333.8055983
38.9491143 -479.9501388 -137.1774202
-357.9432874 288.804044 95.04206005
-267.3047912 438.7065986 140.5445998
-248.5704459 6.802204388 308.0374023 R
381.5402793 480.2429003 -311.0876989
-160.5213027 -365.4855185 -290.2000167
-330.6650526 -23.01905724 94.34056969
-508.2410885 36.07045147 -46.28249659
-485.4637137 -523.4098149 46.46685121 R
38.0254259 312.2326899 293.8545653
-507.8462497 531.5107218 65.96032637
-241.9662528 316.7498043 -252.9360012
290.0799635 370.8228404 369.163464 R
-56.30496502 407.297425 -299.6156066 R
396.3303645 424.4971696 -184.5308009
-21.76917848 236.4821136 344.7253127
-132.348864 -443.7540377 -393.6720593 R
-117.5407495 376.5275115 471.5714875
-511.187775 175.3087008 85.29537514
-435.5156252 -309.0119717 387.8807254
-461.1151546 -106.5714789 192.3539664
-343.8048356 -335.3383209 334.1228913
463.1641482 -88.8505439 385.9015903
-154.3571681 44.13926877 406.2205947
-55.65273712 205.0990977 516.4724815
311.6381584 -106.5010058 250.7387452 R
180.6239698 -384.6073653 -118.2047679
498.7572613 -207.7610146 -213.4496084 R
305.4414554 73.63524807 -101.8880912
-434.1142125 218.6114939 259.0434286
-458.6962721 -244.6307292 441.3370179
81.77062523 -361.2026972 -235.6892509
159.5214815 -93.55453269 -527.646671
-204.6669348 -248.9337698 428.6774792
169.3735279 -83.98203603 342.5147965
274.7040545 -186.4763427 51.56782798
-31.76509157 -217.1572411 250.9306659 R
-250.6402903 234.1136844 -497.7953768 R
-50.1535968 -464.4988048 -67.8557604 R
-185.8030481 -284.7207632 366.6386715
-177.5058816 -435.7772553 -100.7410746 R
79.47847664 542.517477 272.7387672 R
-432.4848134 352.7408396 477.9004135
310.9838464 -493.1921621 -376.1461884
152.6077114 260.2537368 310.5585522
-489.5368161 222.7756256 240.7768207 R
-163.6486528 288.3564774 129.6418562
164.8050369 172.1279713 546.2367705 R
474.4393538 65.10207539 463.2558826
-459.2549367 -412.4812794 143.3945875 R
38.13627296 -370.591053 151.5127814
32.00903352 65.10406336 185.5869244 R
-249.5961863 -280.4104259 219.0384714 R
311.6948151 80.80332703 -22.41579859
-80.47913818 277.6787202 385.7895978 R
277.1431079 52.89659178 501.890931
-466.3976062 -460.1649818 -152.0007603
385.5898689 328.7070267 49.77133726
-466.0202817 -387.6181096 -197.1990508
-507.6091998 -487.0108395 455.5704157
-349.6458215 196.1841306 23.99758781
63.20885919 399.4538423 -55.64634909
-501.6909371 -490.6163005 -99.33964303 R
21.33044862 305.8220714 -411.1786578
427.2643237 -400.5146292 -239.4431854
-376.9181385 420.530491 -199.7637403 R
-48.5414228 166.5911758 -345.1635925
438.9484571 -272.0818761 117.8400626
401.3844256 311.4772633 -204.4455001
-523.8318159 57.44258598 502.2380269 R
-316.088285 110.8815746 435.3777043
489.1938623 -2.678213115 -264.3968184 R
-536.466856 81.98886018 -27.43318457
-173.8469235 -199.4512263 -101.0958957 R
-348.9429867 91.32246089 91.01693176
153.7936624 154.0145464 19.43547865
-35.38241918 108.5181997 322.4777359
-224.5770477 315.1746581 -284.6149285
-278.4572814 423.4522379 278.6010846
158.6207107 -49.38011383 -307.1429593
-403.4077917 -106.634281 385.7950085 R
190.8561242 -274.4322826 66.31411148 R
59.69033936 299.4333891 -474.0447307
-91.09331298 305.2180111 -190.6410258
463.0717621 -0.5115814807 95.28948797
-438.2652551 -505.7516278 159.1327007 R
380.9054701 230.2394833 259.9157701
227.5522984 159.7237664 -472.4604548
416.9465595 -162.3570027 299.3988895 R
-433.2055902 -202.4863692 -367.6449404
273.7742364 -285.5250585 -140.3457485
433.3984078 75.25674485 263.15972
-387.2819184 -285.9922397 -193.66298
-320.3284586 253.9568201 -315.9089847
154.4607448 338.4749131 -143.1729817
-94.32651335 -261.2006826 78.76041257
-180.6897015 -406.9869557 -208.3279153
453.4481902 209.940232 218.8633275
179.0398678 -11.43743282 443.7682599
-229.3480088 -196.8754289 -516.8424163
48.9777612 395.310106 -391.4194992
-78.24291084 41.79324219 523.2289007
-374.787403 62.55990929 -484.6881932
-383.5976269 -72.42352716 -403.5320207
-339.610023 -281.0818042 -506.2522837
-172.5618065 440.1335198 319.0827446
238.3311593 -73.39266393 312.1812304 R
-307.7024222 159.7888661 257.9186633
181.486281 228.8104436 444.745398
222.9460262 145.8734727 381.6683249
328.8621797 -113.2590737 219.9906152 R
434.4460689 -71.94652009 -317.6839298
222.9686376 125.5258572 374.6883578
-227.5340802 233.4595611 0.3284917279 R
422.4094033 409.5535906 456.1414122 R
45.10475387 -81.15714394 251.3900176
369.7591917 -244.2848739 -144.6445963
279.4501229 -38.77520917 236.6200412
-385.9934782 253.7700337 -224.8675242
-18.89333545 -100.1191204 54.92092524
435.5181465 166.9031616 476.2399575
-130.1710591 -222.9795786 428.6104399
-139.904398 -144.5879478 -263.7050658
167.5344675 497.4005448 58.75326374 R
-464.6111145 510.8900315 131.6268831
-161.2991153 -433.6598829 -286.0046442 R
-416.3286018 -230.7037887 -264.1135125
412.8218738 166.988536 -373.7987726 R
393.7868473 447.4785408 -144.3863898
156.8297134 198.0933053 465.6973691
-216.0830418 296.264795 -398.4184119 R
510.6258203 338.7389493 -342.6284281 R
246.3144763 -8.103835941 -307.9044145
89.58453058 -276.496282 -482.9476352
322.8625476 43.78988121 -72.52685284
107.6220828 -237.9654111 -388.7971797
-329.6227748 -141.9792676 211.6543707
-322.735533 -2.898231501 404.3567785
-291.5313572 405.7120547 138.9844563
-428.7576561 68.55824618 -546.7726163
-228.9410269 -286.7030905 -134.172728 R
-475.598864 47.77676241 -85.34812194
-334.6147898 -289.3407699 252.5909485
-311.6040192 -80.48412075 -266.4849106
-243.7702894 363.3233175 79.01865288
324.6575543 29.73466368 -46.16778514
-315.7484654 342.1728889 460.2524848
56.93393487 -75.06532415 -339.089812
427.5817632 -102.7546357 -136.8731529 R
204.5137747 -453.633702 44.466622 R
51.5461587 38.43665146 -290.1365638
-194.0247799 355.0833372 -153.7097081
243.2835286 288.6842423 -117.2898498
305.3456642 -314.7406322 150.4677617
-368.1542685 -405.7649975 -333.425632
-13.52584038 221.4765987 23.85912951 R
500.681625 538.3793359 30.24021673
467.4975929 186.3602195 224.6210233
-186.2504371 226.2845792 226.4871563
-97.66340378 153.5864554 156.271115 R
-301.7246924 92.03493985 -362.2953545
282.4329056 480.47946 294.9217092 R
415.1557421 293.1498909 72.3383152
4.979157827 -45.81569669 6.384458545
-189.160385 56.61406824 -77.74975772
102.7139856 -398.6643467 29.37006916
289.7515077 296.574374 -302.1361155
542.6708604 17.371777 -483.5457889 R
102.9558026 317.2956548 -186.3405677
-209.6875942 -507.6198584 -61.79418247 R
-412.3060997 -27.15979964 393.5282469
-414.8166249 -75.78567412 -242.3139373
156.5989324 356.4904536 -65.35804091
331.5203746 -235.9058899 316.3748953
426.1494242 -190.9762893 128.4301291
-383.7477004 -468.9210044 113.4657352
-512.2903139 12.24561858 -282.1959939
-128.853684 -369.5396629 -401.958866
375.5671402 -227.4745226 -184.2730861
344.9602764 -31.65727149 413.3319823
-61.18891002 -51.40131695 99.69353495
434.2605011 27.42403675 113.2399183
-373.2041614 264.881348 -183.5706987
402.8948869 -5.695601156 -304.1010811
486.8020263 527.8299039 -265.6003767 R
25.63508799 175.0724705 284.1232661
316.2477506 138.1418682 -21.02500725
-197.1501449 -75.01932139 415.0564759
-378.8774721 -335.3608759 349.9515738
475.9578185 284.3989341 -3.459859366
-490.4785695 533.1722735 297.2670692 R
-216.4391373 -473.4447778 -496.1253618 R
458.3173089 307.0623503 -426.2564403 R
-298.6850745 216.1572613 -473.1315704
-186.8833851 -69.99613869 -95.99276118
373.479055 451.4257032 -282.4010277
-463.5233275 186.6638979 -331.3424265
21.68997926 116.9453926 -448.0655299
181.4020914 418.3711061 -441.302565 R
-408.9709331 -177.6516527 92.35026591
364.8172016 -171.9054783 -468.5012496
329.8126871 -221.7991251 -240.7435588
-306.0332219 112.0156796 115.2325391
-475.7824372 207.3308616 70.92057444
32.34108071 459.4745027 -91.93356202
-381.3306136 383.6975856 -485.9754426
473.8055423 -485.2370649 478.0022278 R
139.2248103 340.8817358 -210.4897774
-35.21371542 -96.32942329 -0.6376209296 R
94.54104261 387.7260263 260.0871311 R
-11.29235326 252.3663595 262.0772306
17.98988134 -169.1397443 63.06822276
328.2284413 18.63972783 -479.7081056 R
-21.12611507 -159.993175 -144.496379
381.1078286 -89.86971065 -492.1630711
327.3124202 -168.9787403 -386.7854983
376.9081127 -251.5086216 -288.4835468
-234.6605533 -322.5574588 351.1788378
21.56889907 -154.4796292 506.1663792
-52.33431632 24.03414236 210.9263173 R
61.71706085 508.2077845 257.5673278 R
241.793062 215.4352068 -126.6636206
253.7008726 -78.90252823 456.0607657 R
452.1678399 184.8905658 43.25882539
358.0306522 -230.1676231 301.2796839
-516.1845909 -102.3651751 -90.47963559 R
274.3931016 -111.8346442 226.1000752
456.8329811 -38.03284017 -122.5663595
83.89696483 544.8513678 109.1870859 R
-494.1238024 -256.4294684 40.24429035 R
-343.2989338 -45.52579379 330.6857292
-213.8604387 514.8774806 8.566501411
-172.2816955 -206.5105049 294.2168642
44.2488625 -244.2799343 -2.573366651
-36.68702654 240.4618507 -229.01382
299.9663006 -160.455638 21.20966974
334.3177145 -228.8057176 -461.0129724
456.6921508 -130.0326723 375.1372203 R
-501.5201364 423.5409278 -312.6615538
-248.3051526 -59.77152318 255.1670263
-312.9867147 156.1385904 -283.8273728
390.2482926 460.5044064 367.1646792 R
231.6834875 460.5766852 162.6979973 R
475.124982 172.5858361 -390.5693624 R
-258.6675512 394.7579328 112.133171
-120.8379137 -141.8969569 241.4610131
-128.3436389 394.9424834 -402.1169001
-82.87590266 -295.856671 274.5392033
412.3209587 448.5829506 -284.8819963
516.8359624 -399.1765281 -429.4987277
296.4430998 276.7965381 -227.9029272
-131.5307588 438.9957886 112.7782756
353.6454782 -47.59682576 159.7247088 R
-107.3677213 -373.0702864 -409.5397941
489.6194054 -151.6875166 -140.4277118
-492.7076069 282.1941393 -462.7918814
273.3886406 -214.5858142 -453.6232485
227.5124464 296.1231274 182.7706509
-371.684999 -482.1241842 359.177199
304.4099068 -441.3301032 216.3342912 R
-285.3226501 -128.7415165 348.7718019
-514.8023748 -502.5432508 -282.5835674 R
46.27881392 -41.34905435 269.2198534
-17.46149485 466.297926 168.1364401
-145.7035671 50.97348243 6.3555331
-460.8612506 475.8196855 -426.8692117
-511.3694512 -424.3125219 -38.78027813 R
-371.0311403 -15.04413871 97.62009891
-114.4389037 124.0577861 -43.0204027
-253.8321669 182.8852397 -350.1685523
-432.2150726 -122.0247303 -390.9725992
-266.0092786 231.4055128 409.2809305
-100.3451626 315.6957507 -238.8197328
-352.5889604 107.6266079 -200.5635422
-334.3475288 -26.06759134 248.7601278
-78.40510751 36.0074452 -207.0632653
296.9772705 320.154293 -46.58498623
421.6456483 111.8943314 103.0102393
246.9025327 497.2736088 -294.9783147 R
-170.732966 -469.0210645 484.5335986
189.4616807 262.2813566 198.3728466
-453.702484 -22.90457063 -108.6089574
-502.8406042 280.7357064 450.0706531 R
228.7580118 211.9919771 -379.971868
295.1480231 -495.5725686 418.2518793 R
-139.3267463 287.885211 -517.3813919 R
420.3692917 441.3642954 148.2778801
-244.2689312 -228.6222879 207.0350041 R
313.9530712 231.3666897 -500.5997331 R
-476.2660969 -7.624301489 -364.0083235
-277.3916806 263.7147092 -21.86355383
-72.05703449 471.9328752 -57.81296403
-42.42216833 277.1615716 212.3166343
35.0045193 -347.5560402 -494.3040818
-215.7511092 394.8429288 -9.549474878 R
309.6402286 130.2202628 474.9937278 R
261.0301214 -242.9523403 370.4942163 R
523.9266448 313.1806937 65.34453479 R
-143.9862239 311.373028 -452.3266454 R
-181.8466899 197.9222033 -180.0600881
205.6816344 -431.1737455 67.20040987 R
-216.3411098 19.43707088 101.641666
-256.8221093 272.8932586 81.42656497
92.12729789 -51.22707998 -484.7959483
22.75450095 -169.3316477 282.2445422
-7.521287573 432.430744 -74.85756688
-460.7789844 426.1639434 -161.9491079
130.8042013 452.8085125 -499.5219317 R
-196.4711874 -166.3673678 257.5988908
490.8632619 -438.0076086 -99.97572594 R
-407.2036119 15.368325 503.861758 R
189.8859592 412.4363158 -364.0082974
170.5337049 -521.9463219 439.6437706 R
21.41612135 162.8023997 -291.4527369
-442.7091658 -155.1026871 80.02196943 R
-145.1150192 -80.61600889 0.4739273672
-279.4464534 -173.8024022 211.9655871 R
-354.6969616 462.3774073 -456.4131777
240.0393669 -148.0167417 -6.807013897
-22.17084979 -452.5289449 434.8311552 R
503.6113126 119.2281021 378.9683423
317.3599636 187.5522945 292.6000075
167.5854692 -58.45522117 -165.5973735
64.98456409 146.2023261 136.7331683
-62.68800684 114.1959737 -419.5188235
43.84727065 427.087597 -80.91617672
-283.6417363 -350.6490685 172.1146613 R
-372.5164684 517.4089166 196.4024389 R
59.39941301 -169.9341783 -265.5738687
449.1386077 160.6994835 275.4644133
199.1592197 -154.906326 -458.1661098
63.47914691 -73.1077862 -131.6162855
153.5300159 514.1523938 -249.3819853
416.3734959 63.67775055 -167.1014029
403.1633511 -201.5110303 11.52508279
-78.06280138 162.4143389 -430.2436558
224.9670394 -269.8742068 -508.7421764 R
-209.2777362 408.9739104 258.2704187
-278.8637059 269.7658476 337.7641655
-31.96575899 514.6879891 -292.0382502 R
-35.05828002 526.1044546 163.7442093
123.6800968 -195.6108942 334.5180202 R
-401.4617668 -429.281515 -109.894553
262.4348758 321.8560459 -314.6762675 R
-322.4186237 89.82496402 -244.6993848
-349.9294568 513.6484397 -87.79976667 R
53.19231202 -422.0503414 -293.0592224
-262.6457851 112.2085885 -378.1440476
303.0698583 429.0554837 -510.5135614
267.1131038 505.5066901 332.7010405 R
77.8941709 -76.68822448 322.4968663
178.9234496 -548.4719679 543.8381736 R
195.3928226 46.06918307 351.8682618
93.85952018 -39.09871651 204.8111091 R
51.7133745 356.2290724 -466.0032877
-166.0380222 145.0861736 -14.33748193
396.8917686 -222.2091935 -135.2096988
393.9513758 -79.67727014 462.6113698
462.8715191 233.2577936 -181.6515529
-419.9331257 -362.4910843 -209.2944016
-160.6727574 -440.8718896 212.4139287 R
-420.7860936 -62.83060342 239.0168301
-239.4928142 -229.9809936 -215.5116425
459.9469644 -445.117159 -371.3298133
-249.8968364 494.8735474 117.9468995
34.02786201 -356.0593451 452.0200475 R
-10.0192624 -505.9625882 70.90040522
-409.731186 -250.8766651 69.31808017
-280.1635702 499.5638319 -20.48975174 R
190.3949765 252.8580725 33.90387874
132.9299664 249.401458 105.3129825 R
-376.7193962 -128.7347972 73.54385037
-18.15042259 58.38964922 -254.5567405
100.8949735 214.2026115 -143.1390004
218.3739104 -11.56531006 -85.38948178
277.1892025 -211.1828768 -462.1996049
-422.8304518 205.9157305 165.0503784
72.50980038 141.8123284 -394.5407345
-212.5193549 390.5133245 -57.35940531 R
-48.13629673 -318.1580052 -336.441437
133.1744319 -347.0990954 523.4557169 R
315.6589324 97.08294855 -233.5789208
162.5108267 -476.8401561 -215.245624
401.8218013 -115.6402976 -502.3884701
334.200031 -532.8549454 165.0488353 R
182.5810535 173.9418265 423.5444789
415.0823168 -36.78770335 496.1992197
268.2380037 -329.5685353 -186.9831505
-347.8320047 -74.31793631 -299.2072098
155.4272085 -181.7581354 206.7457339
-204.7259907 173.1363311 -510.9846145
-233.202978 384.693191 172.3966447
-364.4279737 187.3140729 451.0893679
442.0281387 16.94666857 -145.7526018
-179.2266364 -304.5373578 -138.0300045
310.1516495 -468.4162399 55.9158982
343.4463481 -426.6460081 -445.7402859
-300.9732229 10.03588048 98.28151838
-307.1931308 -462.9471089 -428.7364719
247.7283326 144.4149606 527.6910392 R
-408.6469655 -235.7990723 376.3498937
-246.8435105 269.0362242 156.1845612
-379.9637927 95.78918677 529.6302605 R
445.3239467 505.1864732 -225.8659801
-443.911462 -477.4977463 -328.2011779 R
108.0420629 144.336865 151.4107289 R
-467.0712927 331.0695357 -445.9723811
307.3269334 -137.7855622 -421.5323918
-389.3792339 -54.73945646 -66.48312563
-426.9435357 503.4441315 340.8418103 R
402.5381343 -489.5426102 -241.7729956
-39.31815945 445.8904757 -73.54922951
503.7084293 -153.6517092 -94.61667756 R
356.4908066 -408.4481723 23.55738256 R
351.5929367 248.4545011 -328.9719566
16.15534329 382.3570981 477.5162867
332.6971979 352.6832773 166.4979102 R
374.567991 360.3344387 -152.4552387
-269.7904776 66.05552191 539.7945232
179.131446 167.6149964 428.1567849
530.3499479 -309.20598 429.4580574 R
155.9041898 -370.2142747 229.8342922 R
296.1258256 -273.1466321 84.09799413
273.8219194 399.3958876 -105.3636507
389.2726788 -224.0000465 242.2020477
-138.3304178 512.107957 -172.0818744
405.6975749 -103.8407723 136.4037553
-529.4353944 -277.2863972 523.0059659
42.36452762 383.6712075 519.182247
-300.7504341 -207.2625012 389.1972315 R
-287.9769186 -23.27571497 355.9224119
-68.91243852 -478.1957507 492.9542264
33.51641681 268.2412946 -407.179489
135.4947596 389.5330726 -232.7843172
-135.0385577 99.3350001 -142.0913097
-275.1487732 -327.2082933 359.7897239
-245.9587321 -347.7515382 -339.4949528
-74.2214107 548.1971977 513.8118584
59.94383669 -292.1667721 63.98996019
546.6648002 -334.7604291 462.4885373 R
-457.4155437 46.4945317 -271.8155053
-162.9461014 443.9265472 -130.0986554
-180.0318562 -254.6687546 225.344107
-333.5541283 -302.556941 -57.73762082
235.88795 328.9600206 490.6235981 R
440.677373 -370.8075073 332.8692831 R
-11.48841595 448.7733028 104.3996807
515.9423288 121.6970574 291.108266
-350.583816 64.00602168 387.3575291
-62.56414498 -225.6135316 -413.678787
-456.6998811 -435.6852872 521.4460411
14.94718159 -207.1554046 -468.3102117
228.8472515 -515.3359888 -76.32856316
423.8923458 491.8003595 471.0298424 R
-468.1860935 505.7662123 336.7098573 R
-195.3856556 -201.3206663 316.5648875
137.1054817 -143.5546923 486.5435352 R
298.0465324 5.98801286 -509.4581306
137.0679511 49.40248963 -134.246312 R
365.409076 -449.9432763 -432.3397741 R
-42.30447376 -268.1104243 -52.70687501
305.8262517 -54.997761 -495.4630096
-105.0881789 251.8425625 401.8148817 R
-203.6146299 -275.1343767 -354.4149271
-76.08757968 -15.24909115 215.4676651 R
-162.6345323 -400.2574269 -41.56045539 R
413.8807618 -398.5028862 -304.1623508
84.84051512 -293.5002415 -283.7172787
-415.9327454 521.4747199 -451.2993155
412.0655416 539.6490326 165.6895301
383.7816539 62.02630713 499.5748425
79.03564482 -246.9759191 -299.8683296
390.7437486 352.6115646 -183.4569069
245.7213978 -215.1957767 344.6769723 R
-292.7725442 -4.826896551 71.29898315
-44.40158003 -80.31965531 -277.0153331
0.6123034184 200.4361834 -272.5618806
124.302777 -156.9307598 -46.3591291
283.6291063 -494.7466691 25.9529229
-47.4661599 116.5493195 -442.4538854
122.4364083 275.0859829 250.8822601
163.0224546 -321.8291468 -201.8287871
267.3055836 92.91338899 366.8692301
406.9081571 -447.2140356 -216.0923857
-362.7384542 -164.6335606 248.6864836
-377.6818582 -255.2506694 232.0898647
80.66460944 -334.2890645 -507.2024916
360.9087559 170.184018 25.30143458
-114.0741135 187.0390891 -527.8064362
-491.0267588 445.6230456 -449.3685479
86.33380353 -325.6468322 -13.42102448
-172.4128002 430.8120992 -432.9548824
328.0916121 -92.44328257 -301.6039131
121.0851874 259.0534924 198.5821973
-234.3218198 -347.7352084 -72.07673131
-510.2202006 -155.297336 317.6346674
-154.5785687 56.17877963 -130.510265
-422.6394282 -266.9610106 320.5573746
158.1874799 405.0572918 -32.70147124
-37.76143873 -472.9447362 -317.8283636
239.1164515 204.326386 161.0407178
123.0609008 -411.2767699 344.7851174 R
-417.0778442 -47.22213467 452.1797417
-230.8774697 135.3998658 -390.5974858
-164.0519573 301.4447477 312.9857814
-316.3883218 -468.9425383 -258.1613633
111.7035123 -80.01050196 363.9473484 R
14.60659507 -479.2800545 420.2861853 R
354.4066836 -374.7306596 454.6454645 R
60.47396858 -86.96467876 369.8417031 R
-293.7206837 169.5235183 -344.8704931
-182.2550136 263.0242387 11.02613867
67.7513645 69.56148337 544.482885
470.2357897 -405.4319802 160.8456181
-279.0055534 227.0211634 362.1635024
214.718276 -116.3742369 -24.47315028
343.5195452 7.775865354 24.92304102
-349.0049021 157.6112877 45.24530328
353.2573171 -6.517848896 424.2783126
-277.5741542 540.8321018 -293.5983871
266.7437813 78.2412693 -200.4063523
186.3920995 406.2882633 -70.18397627
9.36172532 -68.17825404 -11.62000602
170.2735024 217.936739 -210.8048944 R
-437.0226572 -9.065446622 414.4113473
335.8372557 475.9112869 65.07902496 R
143.5925529 -228.1673431 368.1946536 R
-52.9537389 154.7682775 518.0788349
-268.5237519 396.9463544 256.7145347
-115.6472559 -5.657673667 416.8055791
-216.6802234 336.2780047 104.388376
405.662827 -337.6518049 -51.14716882
285.6339553 4.905225607 -114.0395007
-485.5860724 49.59699637 430.6476452 R
112.5198538 -246.3155795 -278.7248521
423.4073183 62.08324015 -106.1323085
-420.7318798 -154.643468 -185.3287813 R
-351.4522584 104.1413629 13.5836305
-53.1812394 -415.5478831 -370.5683364
514.7751459 -22.38999205 -418.6354599
256.7086049 -133.4595943 16.5936005
69.29039345 -488.5108668 65.37258721
-280.0184838 510.0415951 -459.9326257
-104.6042278 454.2182215 -9.516228123
184.6463049 -83.16259645 -211.8341688
160.5150892 350.5712239 297.9635736
40.56691288 -168.0753776 -392.0156774
35.22294544 -265.4356154 -144.9080209
222.3724305 -418.138506 -42.54609983
451.4209347 440.6520361 -403.9356878 R
-53.7663078 -415.3624026 -497.4591514 R
234.07633 87.35254312 532.7517578 R
262.1164487 7.415215224 501.5292642
158.2190413 -506.6151993 -319.2021755 R
-531.7384185 -207.1796033 -299.5545442
166.4908874 -511.997247 -23.859713
-472.7002897 -217.2716626 -5.853044972
-100.7787607 338.3793909 -266.510435
-166.334979 280.242584 -413.9685569 R
-491.2644633 -255.0552541 -393.3410388 R
355.5961179 506.3138211 53.0015147 R
-106.4391702 -228.4202725 165.3118947 R
161.242747 541.8185313 -206.4038576
-156.3802922 -330.7304055 -98.39111889
-499.9449274 -265.6287193 259.3458114
-249.9431696 244.141312 153.9204357
-161.4923063 5.440394414 417.7281167
-241.0089966 -366.552597 -233.1899516
118.6243414 224.9885989 -90.78441775
-174.7664782 96.70468074 -259.9606511
94.2717312 373.0477123 24.11079152
385.528477 259.063178 9.670676631
346.6445251 -313.2635537 -172.7584335
75.31180673 -448.6095882 435.5346061 R
-472.2685334 -433.7442298 -520.4056274 R
-283.6828553 8.321450116 -239.1386518
343.368688 -69.36663616 -339.8272107
-237.138283 -395.1919614 -426.1390563
-508.8969532 428.2159362 -287.5818549
-77.55729836 339.9245542 524.3225108 R
44.66456299 -273.4438181 107.2727457 R
-207.9149913 303.3094791 354.3858557
-365.7979264 -46.42240878 -506.7373068
300.6565273 32.58112141 34.84307788
118.3643195 -174.0139659 -231.9140956 R
13.58065553 -9.931074816 7.231294685
324.1105431 -102.8950187 155.7655969
-258.8627703 456.2244946 170.3709645
-93.9461109 523.6767963 6.625805157 R
282.6345767 313.3560306 486.8999683 R
-52.80394809 -250.8420215 -81.76431182
-157.9650793 -126.6640091 -365.9773712 R
302.7296232 -442.2044855 377.6991935 R
-151.0294644 -273.1293104 83.87558093 R
-58.32758578 117.7548124 -490.1789583
318.4710227 322.8468513 -365.9345489 R
-386.1274738 501.1000602 -235.0132453
113.3126967 86.53817749 -5.412244476 R
205.0305929 363.3164629 -141.3090025
-405.576913 372.6002031 51.02465544 R
407.0387884 -493.0665872 -161.2764304
-228.8052445 184.4815924 -352.5224229
-391.857293 -434.1609264 36.9813559 R
98.90607031 32.84354691 249.4476527
-241.9151351 85.61112019 405.375776
371.5002361 -340.1484938 326.6203052 R
512.7427879 -338.3580834 -253.368578
-160.2177681 -139.2420918 9.32976125
155.5044948 -46.37516132 -210.426567
-413.3721062 -208.5806124 -394.7106366
-269.7723395 478.9711574 -494.2320498
44.92345507 229.450365 -292.4945045
144.3090807 528.0140121 451.9849907 R
331.3045544 -540.761834 -239.8618052 R
323.142079 -526.3501975 448.8060584 R
-87.3806544 64.59175464 21.75916371
480.8284105 -183.9455598 119.1039843 R
-476.4358765 -116.5923388 -276.872762
285.9580899 457.6462633 56.68469537
451.0130627 -361.8929903 -440.2353715
483.0283812 -18.45779035 80.32398309
7.235876234 490.1017719 -528.9142337 R
-527.211466 474.7126902 -198.1679971 R
187.739041 -160.9775323 -335.5772994
206.4084805 190.8288012 -2.270544312
262.5646277 328.527289 -365.4149222 R
111.2478618 53.04840563 -313.8369151
138.5127147 -237.8164802 -220.4300856
-255.5542617 201.4014339 -527.1562501
-193.7837383 -97.42650302 -124.4087045 R
453.8671674 -264.2127826 -443.0092096
167.7920118 -153.1033038 140.9050001
-124.6119432 127.5130449 -248.1647313
166.863928 -317.4852422 -34.82310085
277.9179142 -172.2843065 -47.27491374
169.7698931 76.07619856 129.819092
-288.7390192 -350.1924586 -464.798648
-328.3423337 231.4859912 198.1518251 R
-69.3801203 66.62303852 -172.0555962
12.72099263 41.61402302 -430.3403274
12.02928762 -483.9603185 465.3424572 R
-467.2663571 -316.5131496 -366.3510626
396.1867538 252.2894649 290.0573056 R
82.87316842 -316.7231733 -155.629451
-223.6562611 -148.8858578 376.644753
137.295027 114.2694831 91.36829449
-407.4881584 -408.4974735 376.7306883
203.4938188 -340.5988328 -187.3426602
-214.5526571 386.1388126 -438.9578862
-453.2780835 -77.16973263 -500.5101186
-180.7173333 -265.52483 380.9254228
-364.9627057 462.8473965 115.4015149
332.6167672 -141.6982145 106.5762566
-430.296884 299.1722011 -388.0379406
114.7031415 -205.9406637 -321.8902932
477.7415411 192.2764276 293.3567715
220.803567 -393.9197831 -463.3405011
-260.6456934 -364.4263507 -396.9822231
-385.5986571 -203.0081958 -71.95308203
-312.9773644 -197.23537 165.0964639
-32.59808576 119.8990861 -156.2154001
354.3883977 386.4248351 -161.8155331
444.9647296 445.7253729 193.2733089
286.1859866 25.18416781 -75.58536226
337.1937954 -60.73955852 0.8306215956
212.4477601 -327.9070874 -213.3202437
-120.5386463 -481.9876708 59.12023572
-55.29233809 -388.3739829 465.8056997 R
523.2900703 -433.4701515 241.4100776 R
-476.7831223 225.3972682 -86.52736451 R
-416.7620845 -467.3064725 207.5686428
-80.54091249 109.0150183 388.0776076
438.939455 16.67472489 -422.0008625 R
-52.96175118 85.72100456 117.4245887 R
92.81026508 -210.7793307 172.6490836
242.0675461 -389.0044352 387.4936641 R
-136.3163161 -62.19435494 147.3754305
-254.4430171 -521.3740744 -224.8327088
-175.6777219 -60.09964657 491.5120044
-457.8252206 -36.19771032 140.1788524 R
-324.0039427 144.2831532 194.7618477
379.0674955 248.108355 -532.6144802 R
-20.13737305 113.3966854 475.9297943
-367.9948152 -230.3293084 256.0687489
285.5835527 193.4279407 536.4429251 R
519.8869647 493.5428982 263.3943686 R
527.2808107 -57.71031523 -140.6041571
88.42796333 -271.1999188 -327.1186098
36.49243212 254.5750689 -319.0291787
-150.5048607 484.3901066 -482.143606
467.1136278 -249.1185973 -201.8595772 R
-501.7578593 183.3729059 497.2281038 R
487.4605158 -337.3463694 306.0362054 R
-165.2515629 -112.3300739 -502.2408819 R
-318.2993637 58.49524336 431.3694162
386.0599488 15.26397207 392.0463746
-127.0082815 461.1531654 -82.95539231
-393.0389061 494.307752 332.9932299 R
-82.07761854 332.7869996 -20.70106545 R
230.8012355 -62.67947363 109.5696381
301.5042533 283.0969131 463.6845533 R
481.2579505 -106.0539206 311.4734136
-476.3698297 -103.5703088 14.27892698 R
18.46640355 155.2582202 288.026331
-159.279839 526.493015 74.06375613 R
308.5840345 463.3142477 -292.1560585
499.1724879 177.7678017 -167.6860768
-509.5663907 -92.17852298 217.1268383
171.9469666 -87.05987276 402.4485933
285.397314 508.7127142 -352.0999252 R
-112.6789739 125.9893849 -471.9459103
404.662315 266.388488 225.288653 R
-53.74037212 -506.3978313 -168.817617
-318.1655089 1.951445555 486.3510982
184.0082351 -41.84324489 193.283058
-86.57697039 474.1534712 -203.9845279
205.3130341 461.5464651 -224.2743045 R
193.7502551 9.185977475 162.1925965
-282.5707496 228.0766592 -521.6843992
238.7236909 -246.7125882 -89.24346717 R
-342.0233978 -86.19947424 128.0473578
486.3691192 153.5455936 369.9341247
19.97993675 -4.977976008 -382.3719828
-482.43092 531.550693 -318.9224979
471.0987351 -68.38761431 -277.9346783
-246.3501643 -94.24847397 -281.0937723
231.8505868 112.2212322 -32.30991931
337.2779415 -493.0182964 -282.8597431 R
-33.21060809 102.3858902 306.6372359
156.2315601 -451.7918132 -191.6528123
-354.6064465 -410.0517807 -228.2577028 R
157.8956677 220.2077834 342.6137273
-70.42345753 548.9539775 -273.5860828 R
111.0007312 517.2544326 392.7568158
-122.8975439 529.3154231 -416.8731213 R
325.2033472 -60.72399372 400.8901945 R
402.4512844 -14.97422539 104.9004887
419.7968419 365.4967976 88.7309109 R
-434.5633149 -54.4462893 -42.98559961
-226.0513489 -368.086424 154.6178482 R
-252.526812 289.6932875 90.87485967
-219.2409983 14.22059797 -128.4813338
-466.0625194 485.3666481 59.79397047
64.22946056 373.3965484 102.0815378
26.6165044 -354.660081 -319.3858555
-286.3880847 -459.5208975 -43.62077397
447.2385852 -473.6742176 -67.83245145
257.8160943 -284.1863959 -262.1260782
-104.078591 -116.8072378 -134.4834798 R
518.2868752 -518.0635118 -435.8756387 R
-55.833777 -282.6109136 -153.1203933
414.7021943 51.24589741 82.06759054
194.1367272 215.5514007 309.2569592
-365.3766886 279.8564142 359.1077868 R
-244.7136694 -195.1304203 439.5557529
135.593282 -318.0620843 46.48589345
-361.4265746 112.1471744 -15.40214549
-473.1757262 237.1090389 -454.3339667
-64.64366116 157.4838356 -214.8830602
78.81457465 -122.8175381 -306.6342532
-292.6370862 -514.6074725 -364.5319283
77.72916345 -227.7874224 128.1647608
-161.2668977 334.0473176 88.99975895
228.9239165 247.2601263 141.2141849
425.3607147 -516.102147 -318.0377433 R
-310.4574213 -236.8063091 463.1504776 R
297.6864594 -178.0159036 325.0647275 R
-160.5115487 44.29945838 453.6756993
255.7002606 -110.9505223 323.6867479 R
144.5271621 392.2828094 429.0508777
-120.4047665 298.6365645 -116.8064196
519.7916791 498.8518476 187.3954515 R
221.0547475 316.5013312 -383.9473864 R
439.6960151 -73.25604155 93.04863083
257.2907695 378.542099 149.4046082 R
48.85392416 -176.2560515 174.0263271
-365.1470734 24.61247689 99.45494821
172.7117267 -188.8221189 382.3018603 R
391.4384218 -312.8774146 520.1888374 R
202.2506332 -419.2575911 -355.9233316 R
-126.7956422 -369.1694809 269.2793959
-11.65780825 20.88407292 309.8032633
-126.6095412 176.9282811 368.3166009 R
-401.1920186 448.0757391 422.5022663 R
-63.12348379 298.8050506 424.5508548
-317.804696 -429.0403683 -462.8718324
298.2825502 147.3763108 491.2079313 R
125.0536632 443.4676258 58.15375667
-156.1122224 -219.1419252 -221.8415556
-429.1440552 46.59357993 -352.8780247
-72.25924017 -468.4711563 126.5987062
-307.1148605 -78.62971651 494.6592405
-427.7500737 175.9936665 -469.645442
473.6224389 60.98900399 394.0687534
-390.3599145 -447.0846383 -82.55336035
-324.56364 -387.8508116 339.1767219
133.0248327 125.5870435 -66.38842473
-340.9191576 -425.3103975 528.4872602 R
-27.66755686 -21.18466282 116.9003164 R
-436.286705 -489.623368 -37.36208913
126.7131732 82.74182314 259.649772
313.5642415 -284.3209919 -133.0793051
-228.4812621 -447.8814501 207.3583078
-286.9913868 470.8515702 194.8321262
-257.2271832 442.7370938 -519.1287409
-309.7721085 -179.3960178 395.8926419 R
386.8863092 359.1881515 -353.1589625 R
-144.2011418 283.0785827 -21.97894943
-30.96996354 494.6395281 90.53085487
254.8274028 37.27399669 347.0997808
364.0491155 95.96509953 248.5013349
77.33498348 -463.0034731 -86.73790097
358.8293318 -201.006438 -218.8650492
-459.7906546 -295.994794 351.1448723
-9.947566957 -198.3059385 479.0699943
50.31226483 416.9211118 4.066397073
305.6227163 370.4306733 -391.9444806 R
-346.8682179 -383.8142397 -163.4777755
-171.4054524 215.7758172 485.6554851
-498.5020739 -487.5749751 -59.20535343 R
167.2372564 -127.0040904 52.97783485 R
-56.37718947 -64.00713876 230.5434073
-306.5406887 -459.4686656 422.6277189
172.5442428 -194.8816222 -298.7748971 R
-387.7241962 510.8882111 -360.3922676
50.90888596 -177.7966921 -209.6936303
80.60787344 -159.4503163 146.0188517
-3.741724489 68.81875501 381.7356058
299.8025323 238.976157 -97.71328597
-174.6874599 -369.7284106 167.5461802
50.21082914 119.1312499 422.8535443
-302.3022416 36.56396728 140.7111654
308.3526024 -161.5951195 -423.1450574
-394.7869473 -339.7664802 -411.3142617
257.2983699 -455.4453474 -60.25842972
-301.6292746 -319.110122 -483.6456542
18.96777158 413.9043976 -59.97733254
-36.66852114 -380.4532564 25.00428912
-152.0065458 -241.9130956 41.05930949
520.5112382 -220.8163217 -402.5625529 R
-330.9198925 -93.85397312 -460.6551879
-2.51347861 283.6276786 430.2114348
-217.8648405 201.9146135 370.328104
467.250471 351.3390538 -505.0067981 R
335.3147214 388.2620733 217.9745795
-220.6619854 149.0528964 303.6400207 R
-373.5725318 443.5893831 6.218421085
-467.0472917 40.49071323 -418.3398197
-455.0066671 -29.84726122 280.34967
260.0001069 311.2021114 -7.50735926
-435.3554016 -428.3276726 221.9867727
-94.94736489 -150.2442375 373.1219979
-6.539858785 345.730927 -287.3891347
-164.9757557 451.6249792 166.2197253
-466.7810458 519.8259012 -303.7274641
-412.7347001 -218.1078145 460.4481315
97.45723228 -352.4358991 -387.3942752
407.3311937 21.06604117 -440.7264048 R
257.4608473 329.8223613 240.3542008
299.1689151 -156.6003334 -517.0361774
407.9304765 98.20039129 -138.5863573
-372.0558236 -281.3578645 -292.971359
-304.0130456 -476.03717 -395.4443087
446.4703149 -66.9082725 516.376796
33.03899312 352.1019753 501.9023364
323.6956884 220.31793 -49.46654603
379.0245309 259.8545369 312.4275762 R
-214.5358129 -172.0771821 93.89057575
-44.2437011 -516.558572 403.0294329 R
-251.2632227 -300.4943203 -507.6128833 R
420.1214316 441.5684818 -446.6746312 R
339.6194493 244.7430388 258.1555271
-322.9987155 14.39971316 -8.811477801
65.523019 501.966527 -127.5311877
-235.4928035 -63.01517691 -282.7268203 R
-188.8818839 -54.97002505 -9.186506025
-415.9763747 530.0449064 267.4461711 R
6.750276619 245.5796402 189.1111567
-313.1366949 -178.1080598 -361.2454352
-127.3469855 -109.9695857 -258.1582263
-430.1058944 -97.28627982 361.6525101 R
-148.2642119 229.2563127 30.85693003
62.29600232 -228.7759153 19.7155742
260.68114 -104.9403878 -153.0249668
-245.4866151 398.6362412 447.0844425
-361.8786856 -212.3348367 -500.6906971
502.2907883 -277.5437624 -108.1238831
-277.4757692 -293.7997589 432.7104996
-495.3538786 236.3533222 346.0670072 R
298.4565627 -385.86393 127.0208953 R
-7.891938532 198.9720736 -270.7636177
309.4816154 -44.6739681 325.6404885
210.4683181 -193.6031134 -165.5875783
453.5905925 216.1405685 511.552306
-155.1111625 -389.3147272 -200.5628728
340.8946952 -112.0232473 -30.61627604
-1.07361564 -158.784779 -283.4854457
-410.1786334 521.3723882 -520.6292385
296.8250131 -438.6883468 248.4083111 R
-509.5955988 279.1484354 312.1958151 R
153.722918 197.9039279 -161.7465134
-166.0981994 -271.9001722 -302.3729346
189.9385675 96.39350369 -243.8984892
13.38471237 -405.9587673 255.3245677
-43.46358666 59.34813734 347.2724221
-70.62520628 -193.673584 -394.6523401
354.8571317 -485.8958169 -100.1177293 R
387.7172075 -518.0520105 153.7078411 R
488.4765812 411.1367662 -246.6978695 R
254.9213202 -284.7390177 247.6631492 R
199.310514 -201.6115979 247.8143524 R
-321.5722888 -67.73855053 -80.55985821
-417.8562395 -548.1044154 414.0068565
67.01756626 130.2548578 -263.8770205
-380.6160742 7.004774494 -443.4322886
58.04488844 437.8093693 -204.4913195
12.51894877 -403.1685041 -362.9248103
496.1661236 -222.4567988 -15.77170539 R
23.13821634 -137.7184628 227.6981512
-80.07300232 -10.62000918 251.3365552 R
-91.72638223 -522.9475723 -454.2921001 R
419.882785 -334.6823966 -519.481261 R
-18.06977573 185.4060021 82.24333652 R
244.9999222 358.6264828 -116.9604449
29.70927444 -442.2108788 -376.4783742
-27.80890525 -52.8130728 -433.9656322
56.24260932 -7.010731949 28.55544242
396.3119562 -189.5644183 11.63280991
266.092855 -140.2187631 294.9880992 R
-490.3480364 -362.8344131 -208.0558188
-446.1331216 -487.1050601 -187.0402555
175.523276 -514.8840469 -487.3843562
260.199874 -220.9249834 501.3896101 R
308.065315 -180.0527426 -318.6916992
-295.0144432 313.2294056 68.46216401
-25.90840315 -61.14438714 72.69055841
520.2690014 -400.6993268 -150.9618879 R
-268.6106943 -456.9355207 366.7528576
-11.69929893 -193.6657379 -280.0570559
236.651838 -460.7639154 -310.2551058
-230.0878527 517.5432583 293.4550605 R
228.6463786 11.95510896 141.0119358
217.5983206 -494.9421689 445.4615197 R
498.8942886 281.3757264 139.6848671
15.80990057 248.1419459 -494.9284419 R
62.21638705 503.2810021 -437.7004701
19.81559199 426.7734736 -153.1363487 R
-452.2149159 -169.5600795 -39.69313228 R
-255.3452235 -357.8255435 -153.2712731
-92.54651319 -502.5031883 -62.85147826 R
434.1678614 518.0849845 56.56915727
-117.1007496 -353.4610925 322.3577157 R
243.1871558 152.7886137 219.8175898
-494.645725 484.2616162 -47.50964485
218.1522987 211.5938125 -279.7858937 R
196.5955751 -133.1787239 -135.8543553
-17.73689754 -425.6764599 -144.4477
333.7582688 135.891349 -59.18003802
131.9005896 476.5001362 -232.1889273
-514.0655377 -210.4795255 -358.2152274
-143.0751012 54.22956972 349.3159515
-285.8892428 -41.10439655 -229.4563281
309.2089723 506.8966604 -6.910014191
135.7455444 25.27292993 -497.8777385
51.54848887 -379.6351538 210.1689535
-212.0742556 -51.11353046 -425.3140807 R
-417.5155907 438.2708254 326.4620774 R
-381.9934981 131.9499563 -150.4316043 R
300.1992324 -176.2236617 394.4587177 R
82.34878518 -192.0003028 167.0453228
367.9029425 47.17644398 -243.5738225
-125.1461182 -455.4315287 31.09354074 R
-97.93430875 258.0990575 -465.7781557
512.7301656 -417.7743959 -467.2231516
235.4265938 20.4892079 -511.2850656
-87.23182402 -220.2395078 -477.2055605 R
212.2755424 437.0902239 -386.1575407
206.4113181 -464.203159 293.609142 R
-423.5346064 -421.3114075 -497.8695039 R
-117.5622299 -373.0497216 507.0213627 R
521.079875 119.3738814 -234.5267298
-141.8038461 482.5348192 -205.1063465
159.5702721 -335.9900332 -293.0168067 R
-165.491602 234.2088617 200.1951663
-378.3815548 96.06881216 -33.12059315
-36.06513959 141.9996642 19.54317673
158.7665396 6.74478973 -200.8210508
128.6774531 -487.4246936 -331.5439645 R
-175.4675641 -436.3961772 47.01771553
-170.0755887 419.9211433 460.0375679
-321.2278192 393.337147 420.8296871
-82.66909399 -243.3297168 483.576818
-327.4929983 133.2084624 -267.7289342
-71.65928458 -336.5141109 -319.5053117
11.75833548 40.00881901 86.36290766
20.57470908 -97.43572319 -52.32831017
427.7416138 231.0406925 -239.8253374
-297.2621691 -11.34709131 294.2193099
-322.2448681 -18.33921671 62.85725797
-82.88853904 -391.3157578 517.8147569 R
-227.2650401 213.2318798 497.6263395
-27.52845654 413.3800702 287.0861042
-325.8748787 -254.3926814 -385.1732931
-322.0293479 217.2488747 -136.053972
-255.612245 475.2257435 -168.2522595
-255.1382619 -358.4735131 -4.088969057
-518.7689868 370.4303008 -46.91066452 R
-379.0972826 -106.11998 217.8533254
254.0859355 -251.8950884 265.6507347 R
-157.8778757 257.8519267 285.5438434
248.8692701 -75.75578785 -143.7283611
-418.5058461 195.4478195 396.7384267 R
-388.6573635 8.345805967 -117.9952187
339.7713568 480.7058654 263.2845793
-412.8817977 -210.4035164 499.2889232
-172.3362067 -532.0659714 109.8983775
-79.16402028 119.3542464 482.1236611
-300.1738163 -265.2746085 -228.5793141
28.6612112 -142.4425863 -112.5225646
-509.1188114 -397.5709409 194.8897977 R
462.1831839 532.7571947 -187.8207738
-234.7494429 12.45638144 111.8192676
-336.665553 37.43132783 -189.7777138
-273.0526146 -175.0956045 -227.8137637
-46.30051413 107.3283252 434.4823639
-167.2039979 -201.9235234 344.1690629
-487.5238742 492.7032655 -361.4948245 R
-175.4111356 239.3962797 -268.4463969
-177.0596436 -214.0405273 170.57882
265.6492726 -447.8493552 -290.5669663
-467.5152864 -235.8594993 -303.9811723
199.7964176 -472.5537324 -121.3652788
-150.710218 -63.87115625 517.4607428
407.2954951 -238.9461505 -447.5570823
24.38761983 -40.05357995 226.2466385
-211.0451225 -322.6365973 227.0635545
-39.03521117 -124.6694499 -329.0821483
-108.4923415 -288.74331 112.3902482
93.22408371 -267.3615383 134.0562677
-489.8140815 -48.45832796 3.978027359 R
219.425003 -239.4813914 -158.0896503
-308.9140915 -396.9851446 260.1114801 R
196.3953075 -252.9453003 -204.7055808
-402.5396633 118.4697085 -84.46679175 R
-164.8719962 525.9294234 233.3268535 R
40.25944882 386.5209857 -401.0636759
472.827178 282.5960503 441.5686959 R
317.7163707 431.991387 44.62113257
-152.4427656 -106.4413821 -51.43370264
-504.9662651 -266.4264063 -369.3803308 R
271.9125523 -159.3827568 -530.6906929 R
38.77404175 -434.4653471 320.6503903
-426.572204 131.7220045 359.4081441 R
524.184854 -167.2627679 -523.1986154
-377.5273436 -8.692208834 485.6684469
4.669742103 521.8553245 -55.3853531 R
-323.5338078 379.5871887 -289.9000342
163.8793721 286.8782104 -431.3684687
377.4075846 348.2332408 136.0206902 R
106.2747232 -225.3300067 75.41479255
412.8562664 264.2662656 -296.8874118
253.0036517 290.1121651 -14.82461454
474.3250655 -62.82643996 -449.3572937
209.9535348 -499.1349333 475.1906782 R
-442.7730764 268.4447899 408.5346767
-327.3854504 256.4469552 -477.8687982
-519.0298316 101.1280779 -352.1901568
-500.4247761 344.8364513 196.4325163 R
498.1460826 36.12413289 302.5598052
257.4261563 275.6461679 212.3642445
480.3187422 493.8279666 397.185981 R
203.0657486 -9.184142088 381.7287381
9.72759932 -270.4615132 440.2203228 R
365.9647304 -71.22941108 -166.9852912
340.7044666 75.26653093 -160.5405211
-127.5572458 511.4992966 -230.3377198
72.36141773 194.6208852 -193.3575092
71.5136357 263.6066217 73.01205599
14.71881253 -193.0065202 -99.54309281
527.9605788 -367.0168982 193.5840569 R
449.2259665 -477.5730689 37.44855473
296.7559834 -41.09587993 -403.0422027 R
471.6762042 -525.3374887 176.2139571 R
18.93919865 156.3721846 -412.01579
-309.9945834 -315.6823211 -301.1324903
311.401953 -177.8132676 -406.0977342
-188.6122607 -134.0512883 387.6489313
-368.927894 -315.4575363 172.736822 R
-179.5052092 -163.0598569 -236.946948
-530.4981456 154.7772227 406.6397154 R
339.0022046 -391.1535939 -32.59938737 R
-213.1157916 -67.42809619 287.786659
411.447107 -264.1707796 -171.9767468
325.4225354 122.9649557 474.5516866 R
154.8632494 114.7757666 -425.0544894
41.31532375 -466.5657385 -106.9932797
-100.4771396 -204.793357 -380.0215073
448.4990668 -443.7303683 -183.9196599
-209.1470276 213.1353927 486.180213
402.4901554 -15.15911941 152.4406025
-455.0532432 -474.7461105 -148.1757766
446.8091136 522.3419114 245.9567771 R
-501.3943673 16.30296174 -125.3702614 R
-337.5041993 350.3339909 -179.3749172
234.6157899 -505.391636 -467.7663185
-272.980169 -184.3410614 -516.0499916
217.1925759 140.7988438 413.3742392
-488.3158374 -3.864935155 111.6456659 R
21.77166821 508.8053609 369.7835673 R
46.2720533 -469.7132043 228.7295786
-175.0707983 -206.868115 342.8170149
-40.39784201 -82.63241157 -276.5908124
-265.935351 -89.28029435 -278.9663303
203.8340301 192.443377 -231.8212426 R
-90.6106808 433.6425022 -10.13371219
24.80749272 168.3734427 16.30665806
306.5958471 39.41842141 -320.6317287 R
-23.20242221 -210.8851488 526.1757141
-56.49867423 -202.3950567 -372.3732721
-65.04214215 -534.4412932 -62.79307114 R
-282.121718 360.9828529 265.6479598
-321.6419541 -411.1910991 -432.7386257
-307.4143859 -292.1538262 -190.8964065
120.337342 465.181135 -348.5001988
241.9555427 -319.7295004 66.63694718 R
85.82650522 -322.4985144 -492.7838972
138.206853 288.3919132 -294.0346303 R
-341.0664036 431.4336564 391.7041173 R
-102.3376114 487.8188614 -408.6602116 R
103.7061912 0.3046236555 -25.29695238
61.47075506 514.8029331 504.5367347 R
89.08533847 -276.315775 33.91327638
409.1948124 518.0953009 390.5436766 R
-373.8892181 396.0398126 340.9506812
402.1320399 -87.07563894 -178.170531
156.8281285 126.7021539 240.153706
316.48561 421.9038088 463.9545142 R
251.3651704 129.5976262 103.5937712
292.5114986 212.8300072 -65.42779203
-388.2167671 -212.9481395 124.694198
-203.9686594 49.9272661 -257.9520491
313.0231899 250.2355985 189.0476919 R
-507.4133609 -403.7151881 -517.105056 R
-201.2047129 -466.7079124 476.2475407
383.6413086 314.6857246 -486.594816 R
-96.13549123 -328.18709 -352.6972103
-206.4535073 382.3248818 -464.1611362
-72.88102562 81.14436575 374.6102972
-184.5401535 384.2145579 273.7476492
-253.3354022 421.7374498 -424.0704364
236.9904828 -48.21732844 91.65609229
396.5088915 -417.6563058 -316.3250904
-285.4198397 -201.1667653 -372.8654723
85.86493482 -413.1512394 -66.17446646
209.2655004 -112.5735751 -518.0293143
113.2948798 60.96376958 -203.1209623
485.9278405 -135.1968809 -13.15615192 R
243.735673 -199.8515978 -401.7077229
31.53437423 48.43979151 -438.8493535
-470.049741 -56.62521509 -167.4931192
-328.1018669 317.0846698 56.47193373
-316.2583921 261.1532251 -94.17385919
491.2777578 -323.8613406 -160.447707 R
14.94301115 486.3344763 -174.8583525
-386.5479229 -510.2454951 -32.04602707
-195.5395134 477.8309566 154.5769783
476.1058297 262.9961447 -186.9707055
465.7251281 371.1819638 -138.3415274
127.738299 -446.3480341 -157.5798865
-78.79865396 272.6439421 -507.7135557 R
-89.53171386 -340.8412002 188.8296857
254.6462131 175.0221051 12.6083477
499.9253771 293.2081362 303.113774 R
494.8889092 57.24701657 124.2469742
-166.097231 218.7892374 -396.1378084 R
284.1251182 347.507505 248.7523886
-155.2420041 -538.4571757 -415.4436526 R
138.2937016 265.1645773 -513.6229102
-27.27754007 476.4316621 401.0282915
442.3533287 377.0246072 -7.915044838
243.1095624 -277.1044671 -356.7564569
-113.8266128 -340.5544233 0.03445686689 R
286.9684761 -32.13755995 -244.8667875
490.4015882 -4.225367274 508.3004321 R
-473.6674833 -9.282457362 -123.5838911
221.3377536 296.6469918 -136.8895891
332.1258793 -440.7730922 508.5838392 R
-87.36630107 293.8079054 466.5803319
-134.7547712 158.3445722 511.7028983 R
405.1453558 136.5661708 152.4694789
73.07453378 -327.7099993 458.8373704 R
-247.7778669 -239.8352368 -506.5908568 R
50.03658111 -361.2488241 -385.0683674
370.2361534 -330.3900989 508.3044841 R
218.5134983 -92.23119944 391.5314045
169.7141785 -507.2197047 81.70218458 R
502.0143028 429.8190684 415.5160982 R
540.9740272 325.9785319 49.05607905 R
-289.1038305 -349.8780316 362.5673394
254.6276271 184.4986975 131.6198891
-34.76575221 329.2302235 -265.4627263
-144.4963854 196.9173011 -280.7263758 R
516.1719826 260.5814739 440.3895737 R
277.3971049 383.7255482 58.87078433 R
462.3920308 -204.6932265 -296.9018287
423.9598676 -24.3013054 144.1592578
414.4333453 -369.5197435 151.4991465
-507.159303 283.7678648 -262.3559079
481.6786491 419.209121 -9.904850423
-456.456116 -42.82647 -76.24835351
175.5928868 -191.33938 313.9445655 R
-82.71064263 27.32498068 494.4160239
-511.318326 47.30039707 -315.9814857 R
-282.816481 84.8193808 35.79513
-479.4326787 -309.5704842 -68.53258757 R
-214.1227772 -287.3951429 411.9516181
-71.78602172 -280.4942385 283.8630794
371.3181709 -16.91116498 -296.5959975
-218.4094629 -259.186599 -259.1614581
139.7341491 -22.8765149 -329.1781228
467.3196076 430.8888478 284.2094566 R
-178.8983748 -221.8579621 -152.4028783
164.2348587 105.5723337 -192.5310818
235.8996665 494.2976051 -360.137596 R
-488.6505254 304.9779182 -156.3755622
128.0294628 237.6847476 -26.65940497
459.7926338 90.36432924 -162.388752
521.3066286 171.5755387 297.8250987 R
371.0090181 -412.7954862 -126.6798924
-277.0454351 -514.9369344 -243.4212246
-240.1602562 323.5030648 187.4434357
-414.9001214 57.50631663 234.2012688 R
-189.6432187 -348.0356603 -274.8508999
295.6399566 -10.47791819 -400.2428452 R
-337.8602893 -420.2433794 -397.1413485
-477.5810429 228.6461633 355.4573429 R
393.6547348 490.1997005 35.69874403
507.3127086 -445.0366691 -9.612087404 R
-176.4738037 258.2429966 451.6622323
121.067187 -391.0126517 -472.696621 R
46.37374571 -217.9811699 -369.2376841
-501.1911832 -73.02611771 83.26133291 R
-259.8700643 -283.5097892 283.181086 R
-215.207419 -256.7222539 -417.9133396
-301.0069037 -180.7104717 -249.7784758
-5.464877093 -234.5267018 383.0656411 R
-46.01308028 511.659048 482.7139544
-271.5596713 245.0258818 -344.6647467
60.52659471 -427.4769355 -398.4438343
-302.6388665 321.7033786 -133.0536408 R
-369.4994858 149.6583734 150.626531
109.3075851 43.12207365 -459.7958971
39.17675401 -369.8233915 -244.1568421
498.3743359 -507.8334813 -13.58160863
-336.9854127 351.8045571 -9.343465435 R
-240.519334 103.6124641 250.8024863 R
-391.1232313 13.717666 -134.0408609
-227.050382 302.2201705 -9.153028584 R
387.6877535 -194.0195293 206.3589664
-467.4113813 -172.8618537 -336.2398599
-235.1608103 -305.9182361 -249.3500688
-328.889938 11.63840136 -264.7302341
276.5527489 -314.2370056 -281.443176 R
-390.5048214 -502.2228067 -444.7504792
-447.929422 173.304709 219.1237273 R
216.5270617 276.2504073 -158.1525422
423.3990095 -130.7849172 -108.2871463
-372.0126906 -393.4479897 344.1258964
282.2705815 325.1967698 24.22920224
-254.9394889 -416.3306087 -534.583551 R
53.32783645 -415.0641976 -299.667563
349.770905 -428.2074441 144.1522117
312.7577056 -512.3622259 433.0519949 R
226.0270933 -477.7032294 -449.6033723
20.09059554 183.2293944 378.4266448 R
-269.3927255 55.03102685 -82.49955719
-88.13414459 311.3100379 212.2219184
-31.01172576 -502.2759014 64.05712731
-439.4521575 465.3223569 495.308088
-518.054478 482.2170003 352.960308 R
-303.8855164 362.4296951 -189.7384812
-129.9582275 -142.5357857 -430.4894212 R
534.6481225 330.1921198 219.1387423 R
-434.1801959 220.0320953 445.9636092
386.2332652 77.34024488 -443.2706069 R
529.3265344 -162.8850574 -66.6348522 R
-256.1876948 107.2976087 97.78047364
-528.2535535 -109.2860603 203.7653849
-157.1110567 -330.3918777 453.9967488
370.8340936 352.8664455 269.2907465 R
322.2305401 -497.3973239 -217.3038624 R
461.665815 -91.32874786 -340.5433637
323.8474512 132.534939 414.5787403 R
-269.7301529 251.8078544 -5.911041706
-344.3025699 -76.38203809 376.1263108 R
-4.97978391 -373.5813201 -126.4004607
-146.3892944 194.2973586 -476.8889578
-364.8205252 244.8107997 76.96598528
508.7608474 19.27973793 473.7378851
233.576486 -343.4787557 -293.5440724
-211.0070111 118.3082929 -455.1918925
-413.8814993 444.1263021 521.7407827
-103.915091 377.1810263 431.6196795
-131.4322691 -149.4192749 86.03362389
-418.7571481 -42.62688149 -54.16423561
375.3719827 -1.57315194 300.7100106
-26.74520934 291.150234 265.1458307
-453.4509183 268.5298829 -154.002331
-368.422026 -266.1601746 -231.5532193
-46.18807114 308.5637259 284.0546224
185.1090748 93.26288391 493.4644953 R
94.19077142 -68.17571672 -404.8029589
291.5529017 -308.1779259 -80.65084068 R
-36.87556392 -296.6269696 22.2491547
-112.2604852 167.5924822 498.5057665
308.8246977 386.564965 227.2212066
28.41669298 -149.4575066 486.5022195
-287.6526194 -171.0029143 142.5847794
370.9650137 -299.2662247 -18.86734756
509.3441516 170.2401892 464.8891856
179.332969 -457.1189985 301.9178946 R
-160.7448027 -121.0344689 -286.1888069
-335.6212984 -12.68431318 -375.7690061
-219.6828236 207.9550103 208.9885501 R
-147.8534651 522.4146913 -305.881344 R
-37.40149072 -140.2017668 343.661011 R
-25.13248907 -256.8689851 396.125363 R
279.8863587 -92.56287067 -514.8194742
-260.4851447 61.80408005 516.3513322
254.3872523 25.04486336 -37.41605364
-38.57890672 -434.5954718 -210.3271251 R
514.4697676 -73.55814963 -366.445805
-379.8274669 470.8701661 483.8992731
347.1142517 -392.5477784 -8.62945058 R
-388.1918361 -144.3185897 209.6408627
274.0042201 -477.8538376 -132.5462632 R
127.0880586 81.23281185 -424.7665395
-138.3054441 -179.8354904 -365.8504679
247.6246321 410.1202086 494.8881064 R
-40.10424257 -208.6008963 164.5344819
-357.9584242 147.4196827 8.274110226
-148.2717323 398.0587188 352.7655453
178.4491716 -348.8177093 454.2992456 R
502.8375964 146.4578062 130.6262329 R
-353.0552323 -454.0424895 -391.5055051
20.30866734 218.0024742 325.1107783
-307.4544557 367.4312454 -444.8991391
-23.7955075 -70.83015872 -303.5905859
-266.5957818 -453.3965596 -84.71996291
-400.9939571 366.8311662 -108.7607258 R
101.4846784 54.84923763 -453.5186011
-120.1576473 311.1046745 169.4031273 R
-250.7514573 -218.2394992 296.2311777 R
-313.6953854 -78.97230257 33.60706887 R
477.0899188 67.08685047 75.36738563 R
-424.8784848 -356.8136918 -5.088578432 R
-44.48260532 30.60981956 50.41480484
45.01937779 105.7267374 263.3628555
-449.8816258 -277.6949956 377.5077199
480.9683538 344.1397914 -24.82598702
203.2785258 -470.294247 -497.3447508
379.8887232 -475.6934091 211.7631342 R
-98.20488845 241.8242812 -23.20453176
373.0004667 172.0138549 195.0335775
-84.03201998 -114.8065023 303.5143331
-259.1772391 -409.3491943 189.411167
-177.2473069 540.3916542 522.1585098 R
-472.5129398 -349.7949999 9.619907417 R
-70.00331932 103.7349212 -130.2168241
-153.2804786 416.410945 513.6004252
524.1423332 -291.672322 -320.7189365
216.4940113 -480.2016675 -379.6326323 R
-527.1668771 -191.7091417 167.5716288
-109.0721024 -374.025638 -329.6769063
171.1892943 137.5996869 -427.919159
69.03683968 412.6431227 -110.370017
-414.1367209 -517.7269791 -513.548005 R
77.08012111 -35.12095858 278.4398409
510.1951157 -207.9047377 244.8839116 R
-226.6759171 419.4557121 -183.3890232
179.9341839 -517.8673454 475.1815528 R
103.8032681 -295.1495813 -436.6095857
211.5698249 -288.4618063 315.5107527 R
29.99524147 -62.46590274 1.547535821
-485.0807437 435.5378074 0.4052796075
200.2859289 34.46146354 -458.4745367
171.4303499 386.5944624 -435.633596 R
-483.1439044 -487.9014527 349.5871289
-480.2999876 -220.7959092 178.1302366
-139.4652381 -61.15113319 370.9843564
-364.4968067 -402.5066828 260.2739342 R
-485.0480513 -127.4069072 21.19261757 R
-363.3048296 177.1964364 -274.2024608
-445.8581544 500.1449562 -137.2673573
-391.6498727 -336.2883111 -307.8749734
-100.869636 -322.2245978 65.18944759
227.215859 -250.8970716 -23.83939302
455.5344944 41.49946524 141.6338794
75.0206079 340.9240392 -122.077796
436.0406799 -16.6018015 78.36523785
-268.2124051 -159.9717967 402.2492244
-442.5488816 -161.3669576 12.36579798 R
-323.9315558 -395.2446457 -307.1283218
-421.7328626 -247.7239517 3.118763272 R
-461.1153851 -276.9046586 399.6496807
-172.0600724 -291.919094 -497.1866857 R
-353.7112631 453.3143167 127.0844299
466.9542566 220.4352953 -177.8206586
-378.1188607 -60.59090664 -284.8080406
-405.2118007 -71.22628341 12.29421752
71.03201161 -116.5900589 -426.3837088
379.7561563 -379.1944902 239.1171495
-425.1909411 375.6358887 -370.9816327
304.7260512 -273.292451 373.2639818 R
-236.69147 417.5077226 -144.3845812
-359.6768142 193.590875 -165.3898492
-440.8969299 -121.2161808 491.1567945
436.6428288 327.8385892 -255.2710794
210.9825183 -488.3634053 350.6913232 R
9.205399012 44.86700982 -499.0050903
-235.3153619 322.8658595 -72.57074472
12.86705393 277.7993421 513.2089825
-125.105023 411.1821679 -34.09471832 R
452.494003 -304.6163773 492.6071971 R
-492.568073 229.0258742 -414.427457
180.1162864 -52.19560317 305.2329115
-257.9073493 131.4241984 388.7167405
-114.4873011 121.1257292 -124.4346753
273.0298814 449.0960805 -164.5504539
437.4805935 477.8401755 -146.6219739
-525.5190366 425.7242124 -264.8587949
428.1314194 460.910026 266.0692503 R
222.8855747 -144.8382447 320.8407036 R
370.7914493 -208.8285474 209.1467128
284.8421296 -57.14854785 94.41923969
-344.9213594 -374.2173532 60.36787558
85.09075628 270.0037553 -514.2051096 R
-3.453642069 504.8853794 230.8051402
78.74134283 344.9049778 -170.7553716
16.18469297 424.9735534 318.5774639 R
73.24812275 -276.7967193 138.3113717
59.75417973 508.5774806 494.6542157 R
-442.0055018 473.1230674 -42.89751573
2.388829709 -406.7535069 89.76511525
50.25968372 -371.0569632 -287.4316665
-25.32030794 -136.5073382 469.0659317
108.8250726 141.602873 415.2677056
479.2535342 -399.051819 -302.0444914
-296.3659079 -145.3564803 -13.82638708
-120.7971457 -47.04138448 71.41292668
481.6836039 135.4700661 414.1048552
-456.2916304 118.6192869 359.7383702 R
97.56049354 -526.8305171 490.5535937 R
455.0062935 414.8642932 123.3277703
107.035602 172.3279346 17.49790388
112.1176351 -456.6985926 303.2576504 R
439.2117862 251.6752027 446.6549188 R
-2.711891784 385.2023171 150.5203061
-438.0018886 -258.632053 -241.5372821
545.1669144 -194.7445238 101.6513645 R
185.1216966 75.83844164 424.7386225
-535.1661767 -402.1362398 -411.333931 R
-309.1417472 -501.7940659 367.0759382
-466.0449173 -320.0541953 -44.27130179 R
-21.325498 -443.9485836 297.5966458
-145.521249 -425.3769398 122.1741515
-103.4498876 219.4680795 260.9088841
462.1641803 314.2585992 -537.9172836 R
-93.36016186 312.9198665 -370.3876686 R
17.31398679 -312.9204091 370.4781379 R
508.0424917 469.2329034 -57.43241158 R
186.1114558 60.2009514 72.32841178
472.4795183 -283.6415308 390.3204747 R
32.4772606 473.4339753 -114.2116589
348.8445925 -277.2156985 -124.3679178
-340.4214496 -56.67983138 38.70279628
485.6930113 218.2822013 490.3912111
470.5693233 142.2664259 -135.4127774
27.02202982 320.7832185 401.7182938 R
-431.9751257 305.1140936 408.2162578
384.7575891 -366.7263538 480.4225092 R
516.3081812 -109.8139398 -497.4544806
168.0916591 372.7197013 25.42134413
445.3582529 -467.3079832 96.54119182
-297.0008921 -182.4100736 -481.3244606
-213.7816472 -446.759569 293.201883
-366.6245388 -80.54478663 383.0147078 R
424.5864705 130.618138 173.8672992
375.1416119 -48.66314777 -128.0936194
-120.2554486 -136.8699478 -185.8989831
-45.48590501 -166.8204565 249.2166035 R
23.91763027 190.332501 -442.4576619
354.3576635 168.5583654 116.1557044 R
-411.3919905 -5.057154976 -484.2535042
40.40812799 490.344022 -121.7484893
-36.96111448 -132.9549916 -359.8550595
-442.7103864 -48.44293342 294.8426481
203.9781352 -337.8481837 -200.9812427
437.1366943 -167.8436184 -442.4179195
-234.9949856 244.5684712 -467.6630153
219.2428877 -137.8792042 -2.912305603
233.570597 101.3779031 -131.7344868
-376.9954431 32.46799086 416.3899223
296.3129816 375.2993691 -157.9333534
-377.0349096 -335.387307 -8.307706569 R
-168.4110622 -9.177296038 258.3961651
-228.908765 -113.6185624 -210.9260428
-270.1187037 -486.1474821 -98.57798167
193.3908943 -468.9526969 75.85946901 R
-121.6544814 -99.99744129 498.6164231
-306.5150344 397.9989626 -292.6453572
503.604129 150.3301664 -301.1522297 R
160.7402105 -201.0807405 -351.6162925
443.9773094 334.978124 272.2752315 R
-437.1152204 -403.8346996 439.2382382
171.0298069 -255.1299183 -59.15210913
-270.2746694 -460.0773888 -120.295083
-530.1288894 -149.9700222 -309.7820077
-404.6159225 69.04565142 -119.2112106
-281.1141812 -85.62541149 220.9201798
380.4658272 -1.564857128 480.3338042
-416.1681251 11.82405348 473.444507
-427.8402422 -83.52977587 153.9358227 R
528.7022323 -445.4250067 458.9984254 R
-87.78188951 -374.1866051 376.5360639 R
-217.2248134 -130.2132304 -265.8634621
125.5373494 -132.4801593 444.176537
340.5817597 -402.3038911 57.19964397 R
-62.35399167 19.2399792 -284.7528996
498.8324772 -114.7143279 -148.8205813
-539.6199684 347.013351 -168.0979912 R
451.0507173 -504.8477159 477.4188767 R
484.0173389 352.4276822 236.5223899 R
381.8743666 -199.4935651 -264.55463
-521.5599049 125.4119318 106.751698
54.64018503 512.5868019 497.1470218 R
-540.5625875 -121.6389973 415.6970498 R
-463.9016072 120.531907 240.6210863 R
104.7927263 -119.6533884 385.5918079 R
-426.1489266 386.4349843 -224.9065746
462.199909 459.8421865 -440.5166367 R
-291.5113441 56.09955666 -360.5356645
-169.0391144 -185.6955525 -56.74835419
-18.95029919 487.7809187 -257.9925437 R
-228.4704861 489.1222867 -248.2249897
245.5360639 -460.8574182 -5.38792812
404.9913995 -182.4714142 -337.7772695 R
465.4159845 173.8628842 -105.150206
-502.9804854 242.5832872 93.43379137
-233.6646204 -333.9438762 517.0275669
527.8027557 457.6443771 125.6171726 R
46.88799154 -109.792764 376.0254851 R
-372.7688903 512.9901594 397.6025559 R
-340.6252592 416.1859217 -138.9150233 R
-241.30258 -141.6052232 -18.95625581 R
27.19080947 -183.1329505 232.8171239
19.97044122 402.1523995 199.3836714
-505.310057 471.4430585 -448.4555831 R
148.4165351 -340.5033711 -113.9094394
252.0654027 -380.9376963 -453.9845574
437.2912524 186.9529776 66.32460757
294.4565286 -446.4523327 134.8688924
-502.3042952 223.4500964 -428.3227707
-5.949626107 271.1364915 355.2241767
-259.595151 -50.10127195 180.392223
309.4347421 319.1639121 -283.6147813
419.7682518 16.06864761 199.1944395
348.0518456 -386.4858905 -272.9381171
-219.9571992 -206.7309053 17.45961634
109.3431032 479.7559698 176.671725 R
-432.0359653 -421.706466 274.3684957 R
-87.26591845 465.6404637 -111.6175633
192.0343069 306.1724341 -469.7388426 R
83.01998146 349.2431014 -297.588935
-284.2116142 434.5691061 222.8846638
-302.7036102 340.5202483 373.5565641
69.83937637 -212.9352664 294.5258438
-326.5234313 -61.75354601 -477.8864013
-0.8668149368 -396.9823803 -450.4121376 R
294.5564101 325.3106689 51.20956537
94.64492601 -234.5923068 -461.4209976 R
-336.3910394 -6.693239464 446.6877442
-286.220567 -378.8214865 -286.3592098
-378.7566167 49.75244723 -151.0117408
121.0971288 69.6096763 64.33388891
179.7995631 233.3129725 358.3245305
-132.8684333 239.6013164 125.8729883
86.5618999 -203.372143 397.4831748 R
257.8891271 -92.06162512 22.26308171
76.89265713 278.9462612 15.58086118 R
-133.7073958 57.95772192 -2.587961395
211.5583774 -293.3512199 130.8221077
-215.9903105 -219.7860414 -28.09530534
-65.394216 -144.8865663 475.9013043
211.0247772 206.3141514 400.5701284
14.77775277 25.47065675 -386.2373676
458.9594593 -133.7130675 -441.4586228
-382.707839 173.4937609 466.3117194
-433.6912294 -268.1964269 156.120062
-319.1297891 -260.4515027 -481.1669243
491.9399861 145.3471652 -223.5012997
-241.8448994 446.2229663 -332.8050618
-233.4978935 498.0142227 -104.5180328 R
110.1437034 338.1553579 -474.9841919
-350.0719271 503.9702581 201.5127975 R
-399.7181542 145.2862162 -124.7059763 R
-135.1797857 155.2384633 -142.14467
-410.9750188 107.4850063 -33.11674283
19.91687431 332.3228723 -98.59626798
182.6038669 423.9713692 476.4543275 R
1.03989927 -222.8012122 132.3509708
59.81140834 301.0907994 -107.7116314
504.5113189 -431.6878144 -501.9128589 R
-234.4574258 -188.3093623 443.977142
-115.6280929 -1.525846637 -302.2727978
-327.0657727 -162.1683599 -201.9835773
409.9511983 239.5014069 -76.40827631
53.83274965 420.5174836 28.51594011
-474.7522637 -262.0520306 271.8898548
512.324179 6.283962898 117.7367248
-236.6665494 -457.956599 -137.2020178
408.23884 -493.8193115 251.9127188 R
109.3540618 93.88370097 99.04763479
516.453799 -251.2447143 387.5319212 R
-520.1889593 -246.1754253 -112.8203548 R
-63.82313603 -169.006252 -13.20459358
-147.3745652 173.6855196 -75.23829081
307.9828054 -144.5558963 -250.9613908
334.9604696 441.4588345 140.8497292
-540.6829087 -65.44802029 -91.44569884 R
175.0517042 17.47984416 -23.48185856
-153.7617844 -489.8444076 322.8402795
-397.4656075 231.7242795 -164.7704921
-42.26650352 469.8663352 -73.28324859
208.4324733 -361.5099543 -42.68950481
353.80618 287.1890678 44.1615158
-304.5706743 -40.93455951 -99.93135283
422.9671241 315.2470542 34.1071566
388.7381712 -527.6042499 76.6111433 R
365.7937882 -35.41905878 -484.1889059
427.0435773 136.0006009 495.9479577
178.8577435 -535.9868264 -85.87103445 R
438.2986139 163.7135687 175.2915781
-396.9295136 -194.6145518 455.6319487
222.5373556 -72.29813291 -177.3831519
128.8617188 -348.5500036 -222.6122175
-418.3690585 379.437476 157.4007432
-458.7270833 209.6409273 31.08553894
430.195064 295.8699048 490.2057312 R
81.19985985 -122.9251202 173.1642521
439.8585974 -160.1315772 -378.52783
467.8931673 453.2807922 137.4905272
-452.35342 119.3331133 -362.8200615
-163.0119207 -372.2623758 -412.726575
208.0915299 203.7019033 -180.2388732
-475.8050839 -31.76866153 -110.5950002
-178.3541574 6.26569511 -448.1781113 R
141.3820461 513.8737856 483.7063792 R
285.6804862 -104.3734513 -229.4378421
495.300468 -48.71896652 333.8421635
132.3332158 -234.2900283 294.7803773 R
355.2641682 407.665802 56.96927769
-102.8157491 293.8817736 -83.13009925
-161.6656826 -413.4505756 -457.2545351 R
252.688915 -242.778704 136.2854548
217.8377148 209.2407972 32.59941084
52.68019489 -375.9672109 -337.7315829
211.8829688 -24.95719884 35.42960779
-85.32322581 -164.0548076 -175.743824
116.5221636 290.1618862 -481.6959689
300.1083427 -276.109702 -255.7407684
-94.08343 192.2471674 -154.1905963
524.5549325 423.9723952 -256.5930912 R
-249.5498562 -471.5251793 26.11654183
203.3531734 436.5002291 -443.8709566 R
263.0424493 446.1562675 380.8417438 R
-443.4533401 313.3391858 -156.1377126
-368.9834469 247.4361218 -365.6087047
141.4674776 -74.50111528 125.4649404
-357.5276562 -221.5097997 -398.0076133
396.1911596 -193.5985727 -356.1859647 R
-38.66189172 110.8823862 165.8943627 R
475.8162469 -78.42355823 -253.0260391
199.1068359 4.724916258 -148.7999649
366.727752 505.4820218 -444.1717328 R
-306.9581201 -459.6852677 526.2440763
-357.2771906 209.2263954 -14.66391891
-193.6866723 233.9967992 68.75124201 R
267.6597434 511.1885232 -321.8409198 R
412.5506311 -292.7809722 10.01326603
-59.48387722 -365.3657128 -64.36613302 R
170.8457789 306.2819143 235.0574978
195.7100941 -23.76220913 252.043288
438.2050738 17.77010441 155.992049
407.0150785 -164.6657653 -348.3968374 R
-454.5790965 468.8526979 344.4831411 R
-362.9368639 107.1206813 -358.8999579
-253.1026671 7.093087559 -234.2390108
-335.2085528 -384.0096483 447.8268885
-383.6348945 202.683857 411.9526227
320.9332967 -201.9447341 194.0321046
-30.0380833 -204.6510947 58.94827559 R
-126.3695256 404.6437767 -212.4388781 R
202.8369458 250.0769886 333.5486227
165.1078037 -353.4388011 227.6897753 R
-94.31646982 -98.92070595 330.6161396
348.4163046 500.2596118 -284.2154449
213.8341449 -497.6261633 349.0895598 R
-77.81537387 -399.9508667 -466.4614425
34.45003247 325.3015485 -93.93155448
-338.2864772 -59.89215839 -286.6968765
95.20099046 326.7590349 -256.3454009
-330.2253812 286.6381823 -502.5290978
433.6517932 149.1780626 -54.33968633
-389.7745084 538.8691905 215.5667037 R
-308.1835565 490.4026992 517.9867689 R
-401.8562696 106.929398 67.00636582
75.53860949 536.7939826 -20.03010588 R
-90.51587718 -99.73694425 74.96024581
340.2513712 321.8019414 -214.8985786
-51.36226001 255.5707353 -10.0852599
363.3007334 426.125959 -125.5466183
-244.9256214 -309.6772659 -42.75151324
16.29434414 -287.7335362 276.3517355 R
328.9588322 408.3306997 385.1602308 R
41.88946326 -398.1778155 469.8706716 R
197.782245 -9.411117879 -153.9270853
-478.1132603 538.2547977 305.6413748 R
10.80118169 -201.7792931 -23.8672335
-46.69607057 -130.1125549 -469.7489644
-77.49013722 -418.2561318 -364.5425374
283.9910927 188.3938417 -28.71456608
442.5037053 439.4343054 31.03055585
135.1322108 322.4776058 308.3700811
-73.52526309 113.4979683 519.5346375
510.7254762 -501.5116922 7.73163613 R
-289.3966021 251.9129364 -519.6014535
361.3566038 -143.4722368 223.5564141 R
-530.2527169 189.8801832 339.6726483 R
-309.5043891 68.21467309 -505.8641749
-111.8556367 -365.9927861 164.9215497
-0.9979467224 -270.4849103 102.3119124
141.4617063 -5.838930815 -264.7963021
69.351678 171.3318312 -330.4597418
-20.97799933 -8.873771761 419.1936761 R
515.4079309 -146.255462 -64.89648321 R
-193.3625423 -2.960004298 234.6675549
-449.1081335 236.1181274 -439.3845519
122.1000328 -51.49666731 288.4913854
347.2396123 126.1597092 299.0671815
272.7578557 460.7516681 230.7611091 R
232.022717 -85.56799707 -315.206514
-28.70860947 317.3786517 155.6854334
-325.5552186 474.2145406 -480.123816
-291.4621089 458.5110686 106.6570036
138.8315201 -250.3997501 -59.57600095
-437.4495503 -428.3202945 -441.7356925
-502.1371139 101.6138929 257.3189512 R
412.1926207 244.0595968 -87.72393817
-307.6838834 -488.9546064 -65.39514187
