 -0.986444935520268 -0.132630120674575 -0.0966211171342046
 -0.844332605145289 0.355923512190545 -0.400525786134322
 -0.867736784246863 -0.494859460223319 -0.0463356007018126
 -0.214293620909609 -0.245781411655125 -0.945341071636192
 0.0742280343783231 -0.251234152789661 -0.965075955241033
 -0.563844476659995 0.273207923820485 -0.77938234294967
 0.207354000987299 0.0511571365246402 -0.976927461819535
 0.0410946571986084 -0.955657480273046 -0.291599056150566
 -0.612075686167174 0.393698141180421 -0.685831705328693
 -0.716289353881251 0.536606277751301 -0.446075401915722
 -0.347278982857058 0.0796095781252455 -0.934376595991406
 -0.208090642807446 -0.859286299872851 -0.467252971340803
 -0.431043280127758 0.736026305044956 0.521983686467856
 -0.945112741423518 0.0126399214399405 0.326499829073332
 -0.555234654637705 -0.321732941798011 -0.766943539285224
 -0.881416172632847 0.389690603832988 0.266920894471647
 -0.365698665782509 -0.256152343984584 -0.894790736717863
 -0.125639564848307 0.143666165699066 -0.981618425141896
 -0.191975723398741 0.496830073180547 -0.846348155317268
 -0.428858546859108 0.494557224412902 -0.755971890063976
 -0.827193466191347 -0.318320850485778 0.463058101793237
 -0.416549251014661 -0.901994176767495 0.113548344579098
 -0.511063944187629 -0.783353524782948 0.353794997366436
 -0.969857473785405 -0.0256376323716749 0.242320433205636
 -0.96030637856539 0.104606382913927 0.258590726709779
 -0.147368237511562 -0.409462215925405 -0.900346209134127
 0.919018851868422 0.391597142338677 -0.0453434452002739
 -0.413858295731531 0.616416073917288 -0.669889942356645
 0.723000217182232 -0.690765032944357 -0.0106936998193333
 -0.830396145111434 0.39975351292886 -0.388122881424307
 0.425308443646342 0.140933448560647 -0.89400810445987
 -0.867806874331181 0.456716756362415 0.195757588157752
 -0.673969570385037 -0.692468839126957 0.257394493012522
 0.0412484924704715 0.358546600050811 -0.932600073697679
 0.432873929839252 -0.901358765464785 -0.0131353258551408
 0.0406907217461866 -0.967158250376998 0.250896759428015
 -0.250302985290056 -0.753828863640838 -0.607528155641243
 -0.791432631910735 -0.155722411263439 -0.591087912054669
 -0.82393294483027 0.230337119639991 -0.517763762481763
 0.240430742104727 -0.0088760129993196 -0.970625712952323
 -0.26356799831797 -0.954339947907411 0.140595782620739
 -0.306371073425161 -0.0262864962697225 -0.951549150323921
 0.497645909416807 -0.862531738643791 -0.0915835611495758
 0.059015959173977 -0.907954550450145 -0.414892336491831
 -0.616545119150582 0.238757648183614 -0.750244561116856
 -0.044283435093478 -0.485517763517133 -0.873104506165008
 0.0977754206358589 -0.127818745817923 -0.986966228063055
 -0.0481179398700304 -0.934334079162407 -0.353135232422937
 -0.565820814166796 0.0456451018495401 -0.823263828266959
 0.61465121143803 0.208644547846698 -0.760704503030979
 -0.2438170544595 -0.49312721491869 -0.835092087054613
 -0.121794522756073 -0.475736773779197 -0.871114582762097
 -0.188137384042912 0.425475939685874 -0.885197463549186
 -0.0365168522334555 -0.99471100005401 0.0960028430543128
 -0.918211823516812 -0.185075443058981 0.350191558336938
 -0.131580792260482 -0.125648690632477 -0.983310175707771
 -0.993699305914041 -0.109277634514001 0.0249015666370291
 0.553317361769715 -0.832948705774739 -0.00602915519691403
 -0.948341970914676 -0.0055923170715886 0.317200618207845
 -0.13523345524977 0.947324977390023 -0.290322751079212
 -0.187033922770719 -0.0408902820316033 -0.9815020614183
 -0.959867837616001 -0.221706193402158 0.171755926004046
 -0.115898311918212 0.318268106153389 -0.940889469544666
 -0.922298390204055 -0.208399941893795 0.325476794327448
 -0.305212497632364 0.0634897959304832 -0.950165447225755
 -0.195950693852593 -0.912871752549121 0.358145904592785
 -0.109753433848061 -0.939416677738028 -0.324731411086464
 -0.281806728302296 0.217934919321877 -0.934392497200038
 -0.971894530968165 -0.158175128051271 -0.174360688058216
 -0.902105139236886 -0.422834681933989 0.0861228745234409
 -0.027283676061171 0.450453540565933 -0.89238288240654
 -0.974955525427267 0.0834911640547169 0.206133328124373
 -0.995854779422427 -0.0613414590202328 -0.0671601348031553
 -0.541016349125247 -0.812588546137092 0.216797519971969
 0.539995205811794 -0.0242188773047398 -0.841319572862997
 0.212593233414955 -0.917796390865753 -0.335341470772663
 -0.967020793817515 0.0402171056359343 -0.25150222412299
 0.0566381255016423 -0.921991998125372 0.383044224773647
 -0.14132181687497 -0.989926690527014 -0.00856104300834419
 0.481298321171813 -0.203135180698423 -0.852694566887707
 0.121100502361248 0.337017157539487 -0.933677730189522
 0.0624516030567724 -0.576276985683717 -0.814864794335188
 -0.676777274296262 0.522025450725044 -0.519097245023932
 -0.539277633453956 -0.811155052197704 0.226289892285185
 -0.913057881147463 0.211251420949142 -0.348852609022026
 0.440567881292582 -0.755362194152663 -0.485106068420341
 -0.267451345551571 -0.469079239166904 -0.841685478753942
 -0.468353502879241 0.28879094081049 -0.835011849524626
 -0.281954526770921 0.207560381116039 -0.936707175708797
 -0.159643584022733 0.449701676699369 -0.878795953594549
 -0.0071867554184096 -0.96313341796947 -0.268928186951464
 -0.923685255075797 -0.381688160266377 -0.0334618867971862
 -0.161395163668825 -0.539897632244731 -0.826112672606374
 -0.934429177186833 -0.316835161056064 -0.162657903406246
 0.138807710031293 -0.175671515874804 -0.97461373792191
 0.0704803960899862 -0.659276024857711 -0.748590433291004
 -0.143524548415931 0.631093180613605 -0.762313650268055
 -0.305285561899551 -0.0813928467258083 -0.948776016875187
 -0.735305508849252 0.611712333170757 0.29177702120409
 -0.0450014162397514 0.461037408842204 -0.886238895662159
 -0.922254210166776 -0.0772613428325722 -0.378784710268726
 -0.119701144802063 0.436827710154577 -0.89154539288484
 0.197410636596632 -0.808671815865141 -0.554147033542442
 -0.332864107707434 0.279775189392911 -0.900515035521504
 0.42405272411401 0.414058914892189 -0.80544056402058
 -0.0912671947263582 -0.970929232164414 -0.221284263551214
 -0.948776977111884 -0.0405324661487485 -0.313335869140984
 -0.720095248719657 0.153995739616525 -0.676570872083135
 0.840249164659517 0.40936877479581 -0.355525733964731
 -0.619287569614974 0.661273457339265 -0.423320588607445
 -0.199234333548393 -0.676234167674649 -0.709234115652161
 -0.0866446753760155 0.333700423046535 -0.938688834432129
 0.171117140124308 0.172785485194537 -0.96998149490687
 0.432867516881569 -0.706107963556783 0.560390271712918
 -0.283798427255246 0.933524328162084 -0.219067983550719
 -0.295963775480222 0.506112078358381 -0.810096295352135
 -0.894806181571105 -0.319410323536524 -0.311927784335464
 0.262831964183014 -0.681483144507496 -0.683008112950259
 -0.174065037846742 -0.984366495589072 -0.0269065969810758
 -0.197254376615562 -0.93450617071753 0.296291963773681
 -0.0895516268125873 -0.994719158108666 0.0501428222859992
 -0.971468501212578 -0.135350183372799 0.194754406914805
 0.183556103279839 -0.466676044209671 -0.865170865615304
 -0.404623726510766 -0.372353036201448 -0.835244189669168
 0.362185788776479 -0.902513628725868 -0.233003442833847
 0.256010950835095 -0.962417110613911 -0.090618421140961
 0.0831243994162899 0.0219409433201345 -0.99629761077095
 0.0201566959748206 0.617639508525553 -0.786202992309042
 -0.248322410671074 0.379774886359188 -0.891126823773907
 -0.874807573056519 0.23067211086201 0.42603061790607
 -0.459028451056226 0.425466045034629 -0.779917640295124
 -0.0975114777058305 0.143705749613743 -0.98480463506402
 -0.93750213799986 0.0109938253996525 0.347805803644468
 0.467379009080445 -0.0267974684784032 -0.883650812003322
 -0.150449436140493 -0.982237486097213 -0.112136024855689
 -0.958441387089439 0.246580420983795 0.143485900009464
 -0.428960088399137 -0.798254083451782 0.422828169370443
 -0.57082493711528 0.0915291257810952 -0.815954232969647
 -0.524212732371854 0.276982548799447 -0.805283601521723
 0.312421885339355 0.261121524379495 -0.913349941187238
 -0.265844405587226 0.0343936619850028 -0.963402215086324
 -0.435781074929417 0.488329101739534 -0.756061864616661
 -0.22885994498384 0.80987829620994 -0.540111350473287
 0.349157178265816 0.464929436868357 -0.813590734705556
 -0.950239242790986 0.0498325252474902 -0.307509513490999
 -0.992116952498781 -0.106698198827752 0.0657224994309044
 0.299104477343693 -0.576328137598949 -0.760514555708623
 0.293815378634616 -0.559380457359322 -0.775090979951563
 -0.932717008144535 0.353838656755537 0.0695498936256882
 -0.312502151802221 -0.796632406141828 -0.517415900996156
 -0.970812984360275 0.238906787138367 -0.0211115242633037
 -0.783536250870644 -0.250621147427267 -0.568559569468156
 -0.886072388838564 -0.455694242785766 -0.0849616315158099
 -0.0395560905997292 0.666964265993637 -0.74403896644197
 -0.27860292883718 -0.938103806903092 -0.2057708811209
 0.223297421380533 -0.132007872825663 -0.965770253795823
 -0.657747134065107 0.409390442594217 -0.632272230247106
 0.131844219257731 -0.961687053278797 -0.240364542735123
 -0.104426588906601 -0.981616206101531 -0.159764550035887
 -0.177902687353088 -0.183076097560579 -0.966868024259019
 -0.127550934036955 0.430101015786705 -0.893724720171455
 -0.96779613397898 -0.0398521586369135 0.248560754157448
 0.319674131461418 -0.892241313157859 -0.318926149396263
 -0.958822362758286 0.274751242806031 -0.0719126640527171
 -0.264452545092954 -0.286271802265827 -0.92093067416681
 -0.469093920740693 -0.545657869033305 -0.69441225758634
 -0.897536125655153 -0.395183317617708 -0.195599204038765
 -0.190274055770445 0.162619595395695 -0.968168709933349
 0.218229688537923 0.319462445040715 -0.922127729357083
 -0.0275309454601139 -0.269286076770478 -0.962666637990346
 -0.496901571554445 -0.300673262164136 -0.814054308757284
 -0.282439111174238 -0.528546342394228 -0.800541636906407
 -0.775956000589584 0.00536303002516353 -0.630764237301043
 -0.899391510217648 0.263692406968857 0.348656314807848
 -0.228522899782182 -0.956275473839248 -0.182522607938481
 -0.958782746250426 -0.233527713613709 0.161865538231102
 -0.980698951132981 0.122622150217972 0.152293714652286
 0.0567537035116616 -0.712614626646232 -0.6992563271273
 -0.864468701929619 -0.111936196406954 -0.490065456156689
 -0.832973237538287 -0.464878398479396 0.300072758130784
 -0.988822834414961 0.134546312926741 0.0642393323236044
 0.46283686851221 -0.885026822342201 0.050095477646966
 -0.677109698504654 -0.640136337564453 -0.36297097063058
 -0.37887103522278 0.236408961580485 -0.894744400124223
 0.299418563553162 -0.911528011232704 -0.281895740545883
 -0.215986095785472 0.239196823199529 -0.946644012392516
 0.031849943246689 -0.927004213397947 -0.373696092376727
 0.0417961601394154 0.365961913083602 -0.929690786858615
 -0.99297373735792 0.0331549111153575 0.113595373085246
 -0.987954481541942 0.0174618881832018 -0.153756381533486
 -0.139484708470592 -0.197988999927368 -0.970229030698749
 -0.178845029239098 0.722522127671121 -0.667814518067751
 -0.257117148352483 0.941823798417825 -0.216468715423053
 0.168861364791974 -0.985483402669517 -0.0175585461670983
 -0.485532723880944 -0.259236117751537 -0.834897963402632
 -0.0910697123668877 -0.980272807333714 0.175418159526009
 -0.238935487800479 -0.969327383966323 0.0575695697617323
 -0.316934637441522 0.271491507711582 -0.908760032588528
 0.337016402867062 0.697704266020601 -0.632161926546672
 -0.18487690320948 -0.888851260432914 0.419242134674574
 0.247864626325275 -0.944192061677399 0.216943489605044
 -0.99435749389583 -0.0863639202863127 -0.0615990877041492
 0.610735232005395 0.151889555284073 -0.777130644990225
 -0.981825062246225 -0.118171971750556 0.148509030829046
 -0.786410652375532 -0.0548677072573679 -0.615262399737389
 -0.0722808304719059 0.0788178360079425 -0.994265171004857
 0.366020414815083 -0.928662080036209 0.0601314979142998
 -0.996209744236045 0.0858242267112161 0.0141544197541105
 0.138315534317882 0.437534273531173 -0.888500181458568
 -0.682032803663247 -0.189571544266691 -0.706324206247805
 -0.947772661002909 0.274222939126512 -0.162876525970696
 0.0737677064962096 0.800165163533154 -0.595226038195785
 0.357125040296754 -0.0493697449907505 -0.932750949542583
 0.0205202618161979 0.651783160974498 -0.758127713465935
 0.257927929706615 0.362399610297112 -0.895622524021008
 0.59818020643681 -0.713603363129415 0.364624026577519
 -0.127117481639489 -0.866751362400343 0.482268827148079
 -0.82582393030752 -0.458366648649215 -0.3285039596984
 0.0991183350218462 0.201361369983451 -0.974489176102477
 0.0567983525017782 -0.167573460287074 -0.984222069738583
 -0.163139150697085 -0.25154927385703 -0.953996111277103
 -0.740764818764088 0.284719051114448 -0.608442721391172
 -0.0190810070547855 0.0489222065834677 -0.998620314670586
 0.342272910400834 -0.78757911262272 -0.512414281774183
 -0.126877768007473 -0.986669450680016 -0.101908915607213
 0.106767089256881 -0.98389015553863 0.143390900986719
 -0.123454613331066 0.123897626274809 -0.984585362805453
 0.125376803319317 -0.967348419859194 0.220267318922602
 -0.4945070490074 -0.00254267857718656 -0.86916989896547
 -0.97312189932221 0.224685413641973 -0.0504998411489532
 0.305018309280393 0.456226547368929 -0.835955243107881
 -0.645423983905675 0.382918075532099 0.660909697636614
 0.850892145495952 -0.518932574832193 -0.0818018307333378
 -0.363238000664301 -0.908619956262933 -0.206077485315955
 -0.431090760886912 0.834321136955992 -0.343611694076911
 -0.772651289896253 0.359281696335419 -0.523380021494898
 -0.928851767210256 0.304826456287071 -0.210511819378038
 -0.818232505593525 -0.478579717078528 -0.318523187839092
 0.272349537377069 -0.153880024857234 -0.949814017289929
 0.000926074262158433 0.432437300833279 -0.901663531054955
 0.315241984200703 -0.0493746747677355 -0.947726032611104
 0.487935787489908 -0.766043323177586 -0.418445091142965
 -0.418003834574969 0.180219291079787 -0.890389690755301
 -0.274269443947867 0.09769678391421 -0.95667738058833
 -0.707725370151751 -0.26898744702393 -0.653276781913391
 0.214330230477025 -0.867237550944536 -0.449401360184178
 -0.927331428119955 0.0178798937223617 0.373813766227894
 0.0784317604564483 -0.806963900138034 -0.585369731730055
 -0.638773586134195 0.268992590082712 -0.720840684297061
 0.524645564052641 0.558453545402698 -0.642554799022654
 -0.96605320701154 0.0965783138789091 -0.239611832994588
 -0.405437937802683 -0.40039648646331 -0.821768052566017
 0.12085605430574 -0.965632192464181 -0.230104939135315
 -0.0268596447299415 -0.356077967138471 -0.934070147688874
 0.251888051991465 -0.957917231940991 0.137648051255564
 0.0340325586996939 -0.99901983287309 -0.0283047429695937
 -0.27183903970573 -0.292189025122339 -0.916912814879323
 -0.751507320925423 0.225487627103859 -0.619993610143334
 0.203457243617582 -0.962868439096078 -0.177452864198407
 0.455176761547739 0.338010692306001 -0.823749286879043
 0.0186859741270763 -0.985183510115714 -0.170482508683452
 -0.85918034022291 -0.334435006139258 -0.387249750991629
 -0.426978293220732 0.469303950754402 -0.772944589815221
 0.297199167134217 -0.0932006430188437 -0.950255910371307
 -0.885161491208959 -0.146619699501179 -0.441578756507733
 -0.99350152880519 0.102702997988621 0.0490592138736322
 0.432633888177593 0.293053719273507 -0.85261212542416
 -0.654379125887939 -0.477951607668276 -0.58596093754571
 0.671975808018855 0.253821598707759 -0.695717693800326
 -0.278508082310291 -0.558948704820276 -0.781031109154802
 -0.132513094662805 -0.986866743986358 0.0923813258004587
 -0.744574784709288 0.45432322551008 -0.489079540297112
 -0.0895450351567006 -0.457639358954009 -0.88461737707042
 0.226967707757953 -0.432801629503131 -0.872449659942931
 0.216949152001843 0.302970654691654 -0.927977288429729
 -0.42966018138271 -0.842589813652808 -0.324706843880297
 0.0445278068543561 -0.795597283905538 -0.604187252645132
 -0.173807297544727 0.00775235201824879 -0.984749168244576
 -0.307333839407808 0.174504087080427 -0.935464715928443
 0.230887731694013 0.187548961402128 -0.954733597623011
 -0.855393271527829 -0.164126069061698 -0.491289104783806
 -0.277340408650727 -0.298708882051093 -0.913156778167492
 -0.916131800877411 -0.329033901959239 0.228996102112219
 -0.806916172733926 0.563925894728886 0.175709633869796
 0.111738648688304 0.415448808928229 -0.902727401572273
 -0.560770867718546 0.432266065335032 -0.706174258011405
 -0.931938409163123 0.059128850630722 0.357763302407609
 -0.321631860382375 0.499158650774274 -0.804607722896181
 -0.138976980030966 -0.940172265726567 -0.311065121445729
 -0.187619899045404 -0.504090369867453 -0.843025309518692
 0.209076378996717 -0.00496043574249982 -0.977886732614195
 0.407096590416172 -0.88273122537884 0.234644304880173
 -0.121556299950303 -0.506826150237643 -0.853435011806806
 -0.211557195027578 -0.976920663894863 0.0294884670215873
 -0.0748653980881072 -0.6456507543856 -0.759954127254017
 -0.0968715341701126 -0.968355455857312 -0.230007862863223
 -0.554972820689903 0.381507512400812 -0.739227425274006
 -0.837852634382718 0.222039685861108 -0.498699650050649
 0.931806568349906 0.0814528574844606 0.353697541958646
 -0.139830279335705 0.825732583441664 -0.546455115836291
 -0.806469772713167 -0.117126153861611 -0.579558426546935
 0.304682006311889 0.39525231188391 -0.866570530874542
 0.11185358840228 -0.971770147293702 -0.207729525080838
 -0.140372224844979 0.103022240281881 -0.984724355593672
 -0.658922918757419 -0.309028857881275 -0.685800081753275
 -0.0961494455476605 -0.995132013398515 0.0216231364583232
 -0.98448365460484 -0.149873698329536 -0.0912677838282771
 -0.384721866515268 0.293012309949875 -0.875290164255744
 0.723913825891956 -0.569240724696199 0.389761170500368
 -0.261561029042112 0.398070667411605 -0.87927559492625
 -0.227467078605262 0.388831940573342 -0.892786900744381
 -0.410326266325838 -0.482558097203388 -0.773802324877965
 -0.729536006463798 0.312741314081095 -0.608251663162283
 -0.868470469008565 -0.228692431366097 -0.43983953471227
 0.179958574517715 -0.410426281126779 -0.893960390184036
 0.539227822593637 -0.634669049428161 0.553559891103826
 -0.973928884565077 0.140847617777541 -0.17783272020699
 0.227204626898758 -0.207087340714133 -0.951573901928665
 0.240595001663335 0.330887900806713 -0.912484105217372
 0.64376704823569 -0.00176584957796682 -0.765219490983584
 0.211548704379787 -0.908655414480762 0.35998956014033
 -0.504423833289478 -0.761943635647394 -0.406200064630695
 -0.0942415863772705 -0.991145677955576 -0.0935348516173345
 0.468860259818824 -0.276707756346559 -0.838810392365449
 0.0496260891759688 -0.996919613468148 0.0607333150389339
 0.291512579610099 0.374603293157599 -0.880166341485828
 -0.142023300181368 -0.958212456021116 0.24831083611388
 -0.701584539373613 0.687911707584665 -0.185894100712922
 -0.470872453521975 0.147920951061636 -0.869711748081637
 -0.0538863804731211 0.833934500606736 -0.549226280049761
 -0.997354806546727 0.0151360843145329 0.0710935215737963
 -0.112128097813231 0.0606944169103617 -0.991838433131474
 -0.882496950499458 0.427501696406911 0.196064866634412
 0.160830341165001 -0.948722040574284 0.272139837380188
 -0.2048275617056 0.176133042842847 -0.96282024344353
 -0.771906332894055 0.0236154754740867 -0.635297507122596
 -0.966827103968793 -0.255414025370952 0.00300444256438307
 0.181655734502424 0.0475297234236983 -0.982212868737552
 -0.954836409293147 0.0919972142643259 0.282531315177227
 -0.971307918847268 0.0928851192362576 0.218936706399487
 -0.389822518772075 0.196689804203688 -0.899639663854651
 -0.477986846719335 -0.454433150597919 -0.751677514630414
 -0.0913494178361391 -0.82562391006309 -0.556776834102438
 0.2126808552305 0.865372085609745 -0.453759856384259
 -0.26540862776629 -0.231964000552293 -0.935815667081392
 0.290123385695887 -0.956772316756875 -0.0203753517770357
 -0.505486254975113 -0.370571665556431 -0.779204906759428
 0.313318978881196 0.353537674800881 -0.881386595070081
 -0.96295739770463 -0.268795644416125 -0.0214930628075035
 0.188707855634174 -0.98071655154185 0.050836903464062
 0.423322732013046 0.217908193519671 -0.879382671968242
 -0.0909765789744737 0.632857428558154 -0.768904894767137
 -0.981889747249492 -0.111042460946641 -0.153499498739386
 0.0162613222408019 0.193296396043773 -0.981005643549246
 -0.913632448347577 0.0115480441838382 0.406377154872096
 -0.254723166017319 -0.96133242767121 -0.104671257763966
 0.206021620853822 -0.933416589851621 0.293749147284778
 -0.998776445015289 0.0482048347706105 0.0110411406729099
 0.747919970585568 -0.662610631972921 0.0395331252967619
 -0.155502762778422 -0.466707673505231 -0.87063358438531
 -0.442397829763178 0.452325554100318 -0.774393797320634
 0.128602477278842 -0.976020715050299 0.175627351601188
 0.148325897469036 -0.50291345093228 -0.851514820194805
 -0.803998933579022 -0.547241622286888 0.232620552919576
 0.229757274794689 -0.901351755785998 -0.367119336211561
 -0.636962863393195 0.479447690555604 -0.603662341610639
 0.237201713054796 0.339448784200414 -0.91022517556302
 0.294735747151595 0.201645054456526 -0.934061085456522
 -0.898683355008097 0.0782662251111316 -0.431558368518378
 -0.709565897882746 -0.704006989765937 -0.0298394859633282
 -0.864618446411735 0.425224565040479 -0.267617285336156
 -0.132141584596465 -0.964492311571928 -0.228677026696988
 0.0607913139997379 0.0152074292710339 -0.998034643806092
 -0.749768129522224 -0.0903433680876873 -0.655504254597419
 -0.677971680887172 -0.106256997858794 -0.727367754523844
 -0.358982193579697 0.219821273447988 -0.90708896610664
 -0.494259959508876 0.405564178197848 -0.768911431693526
 -0.726617109358603 0.507553391485072 -0.463051974598263
 -0.0129834817872334 -0.999824182919577 0.0135289485874055
 -0.278671247324511 0.602406196711008 -0.747963307976253
 -0.957691943690491 0.287719727267126 -0.0065954174742753
 0.108246751477524 0.320603805329708 -0.94100788562194
 -0.0663002164982644 -0.98241493388444 0.174542771185501
 -0.996786462195827 -0.0685535002089193 0.0414387064498043
 -0.997116614566763 0.0504635515329634 0.0566735116398929
 -0.14784547645158 -0.0180779788409513 -0.988845236512687
 -0.149377581583266 -0.986861423074898 0.0615700395234789
 -0.0774844895394859 0.475047965893149 -0.876541832419644
 -0.0291064486530525 -0.991680222948922 -0.125391985624215
 -0.820509998228508 -0.332970053557449 -0.464644257729506
 -0.13629491331769 0.0605385767403218 -0.988816857324945
 -0.868458267070559 -0.189304069376131 -0.458196691033926
 -0.276642292013066 -0.0589425257319046 -0.959163604881931
 0.165410593383331 0.574605302213761 -0.801541067110356
 -0.719900795525476 0.181895441128629 -0.669818552369526
 -0.709500247068506 -0.179466104411196 -0.681469967626746
 0.50478829291684 0.712794573954122 -0.486942167691056
 0.0292660577951038 -0.994521643621143 -0.100350377329805
 -0.951445752485708 -0.307247029290174 0.0187147821057834
 -0.882754672114117 -0.246106055872326 -0.400219937189122
 -0.235113539426093 -0.953315389916873 0.189503010335391
 -0.994111059892357 0.0310012710937775 0.103836996250202
 0.448364750231192 -0.518098350806929 -0.728383930109157
 -0.811893427808327 0.557386325382992 -0.173636246670133
 -0.0146503199890136 -0.983094256835051 0.182513151038929
 -0.202281782601181 -0.0412629256332526 -0.978457690140904
 -0.287732616242285 0.931112224670578 -0.224142737155093
 0.249944747449457 -0.873090621790716 -0.418617234909801
 -0.922353249977037 0.349153859789736 -0.165396688149206
 -0.977229915005634 0.194931161208945 -0.0838065367845089
 -0.41303985046601 -0.880237211715459 0.233624769745013
 -0.868283833389169 0.433759448158508 -0.24069882801592
 -0.413995330671295 0.212408275049571 -0.885150038622171
 0.159038716038842 -0.983005693098696 0.0916869354721188
 -0.237454381687611 0.262687003670155 -0.935206370123809
 -0.909383419962132 0.236563389297317 0.342139676655811
 -0.361597638790234 0.473389097184905 -0.80321224485673
 -0.450264882943702 -0.285215706664539 -0.846116738907547
 -0.942022546542535 -0.217261940968666 0.255716191923871
 0.0662512147197741 -0.976849724471951 -0.203409420497743
 -0.927552264819312 0.373282748580174 -0.0175152973425135
 -0.0178310054750086 0.788086030653553 -0.615306804393123
 -0.107188547036654 0.743656658836637 -0.659913167888094
 -0.762143656553581 0.175471749166683 0.623174704251964
 -0.887862140545571 -0.111717328263521 -0.446340741980269
 0.373300691921507 -0.0690150697397193 -0.925139726506081
 -0.129187630793487 0.598304060110154 -0.790786195950379
 0.147660755630567 -0.973864648346678 -0.172580265231029
 -0.0043571191728978 -0.484266110087806 -0.874909909723817
 -0.405340940100878 -0.912427271986054 -0.0563488741167464
 -0.0563818538238514 -0.896808651895222 -0.438811267454769
 -0.844252582850374 -0.444198395394285 -0.299875577331026
 -0.228694846684414 -0.40092481277065 -0.887106510856961
 -0.903233826224314 0.223819565407612 -0.366160425640092
 0.259632151035053 0.734292390273109 -0.627220720110485
 -0.782893807271416 0.578848270263652 -0.228061321904537
 0.738759892688992 -0.594223289228764 -0.318013369989844
 -0.781563106488989 -0.571995609499397 -0.248958095447194
 -0.990293818558062 0.133604453777094 0.0383145253998602
 -0.847716922880245 -0.27261963133452 0.455032477163421
 0.339039096697514 -0.909600762714107 -0.240164409062726
 -0.559349923852326 0.342365277877973 -0.754926274009546
 0.605372435385899 -0.793997769969858 0.0556035588594646
 -0.583308233510715 0.248731255116264 -0.773229763684054
 0.314396604751537 0.416558836588821 -0.853014367159472
 0.0173256663741282 -0.996371253580325 -0.0833315445882599
 -0.0523590714961916 0.197297862748022 -0.978944370731616
 -0.185787766931588 0.181987576583696 -0.965589678708181
 -0.283665576231395 -0.137371793591411 -0.949032576462362
 0.0825045572108102 0.00384161874221832 -0.996583283025
 -0.79130245564215 -0.609249538960514 -0.0515307963368009
 -0.388771067391602 -0.919090068691734 -0.0642689877889667
 0.0438292272453724 -0.944319602490981 0.326097358453499
 0.147797909174693 0.690294048077239 -0.708272479511048
 -0.349279304146697 -0.651981168759512 -0.672996674046596
 -0.764824650916812 -0.13159940303904 -0.630654303457722
 -0.296696876127612 0.630908629007403 -0.716885810670093
 -0.866776648871404 -0.304524462393316 -0.394921628649685
 -0.874820348878286 0.401273681876964 -0.271419950300967
 0.333766771241504 0.502720262036061 -0.7974158767879
 -0.78978798877045 -0.60400352651785 -0.106839471862831
 -0.256051132216776 0.17530412040574 -0.950634673814961
 0.0538936899160084 -0.968388677664765 -0.243554591740591
 -0.0837366179424807 0.183755624129095 -0.979398820407949
 -0.91505141520557 0.176714448613427 -0.362564354537972
 -0.501822047103939 -0.070104201525191 -0.862125300619885
 0.123735134480399 -0.94324273311995 -0.308192736630057
 0.217581690657727 0.300716375777289 -0.928562259210387
 -0.900399854230632 0.381016258031234 0.210015984194852
 0.274495750010218 -0.925056343307482 0.262531607493112
 0.564664593757889 0.0250870152984234 -0.824939111825627
 0.457753884469389 -0.861886571405023 0.218203848006583
 -0.94587420790294 -0.324405526635683 -0.00911247014875163
 -0.248590729663226 0.628982317786713 -0.736602941235751
 0.384916332270375 -0.0598856120649159 -0.921006585546017
 -0.499645343286787 -0.248975477555153 -0.829678095714243
 0.518031446838877 -0.848566231029909 -0.107604700834657
 -0.868439503844539 -0.479636694158761 -0.125544692355777
 0.091492687365037 -0.786739110019146 0.61046757565411
 0.618518677900517 -0.78577009587764 3.88926836745398e-05
 -0.377998481187018 -0.396452641092393 -0.836625634074867
 -0.206626589686165 -0.966043768991166 0.155128620273657
 0.40350188656711 -0.7853998030219 -0.469396822475339
 -0.512018352442372 -0.53295981523198 -0.673640142887947
 -0.955814245193761 -0.293746419843766 0.0114965000609031
 -0.678314925994394 0.00498112142392019 -0.73475441448322
 0.263041363997789 -0.940801966323606 -0.213777690575559
 0.0175118165154987 0.138979612957093 -0.990140395835169
 -0.125031070095714 -0.992041218010455 0.0148813063624628
 0.22849483638878 -0.131030392621258 -0.96468707151759
 0.307319377883772 -0.315906011210304 -0.897640346719289
 -0.610311511314713 -0.777116262501485 0.15365602400321
 -0.906146840998194 0.164799084700114 0.389537115344607
 -0.864035415226132 -0.418535938899113 0.279768599175896
 -0.972773976049763 0.0777209280265011 -0.218335175514698
 -0.30295337452587 0.484276674051758 -0.820789471078154
 0.554483334362294 -0.789731773094596 -0.262434674689414
 -0.538433811471337 -0.838252113671738 -0.0861534943534661
 -0.176104139636979 0.776793703697391 -0.604631188327901
 0.307697762759039 -0.940945157051534 -0.141224283373456
 0.294117822827493 -0.94330494809081 0.153852140715069
 0.0818902823867593 0.624215386102527 -0.776948604093919
 -0.351122775224212 0.235602171305581 -0.906203295952373
 0.170391814503258 -0.947150049718305 0.271796638810894
 0.160349231977117 -0.740388152005056 0.652773703648428
 0.649552315377843 0.45195967912874 -0.611403498541781
 -0.987525203754647 -0.155613555896979 -0.0240498060374961
 -0.955888601206682 0.23998000706051 0.169371125916935
 -0.242414009535125 0.294252424435013 -0.924473341257184
 -0.636100881810756 0.364851897419598 -0.679896139942637
 -0.149573003928412 -0.948664924095657 0.278680423220601
 -0.325227145134951 -0.938350381384098 0.117157440325778
 -0.804460379761762 -0.157791841134666 -0.572665026228155
 -0.701521585142317 0.243933628821302 -0.669599768749574
 -0.245216554628501 -0.861235566735371 -0.445131598435936
 -0.637265280513792 -0.170116275122841 -0.751633830525215
 -0.971482994821796 -0.0467224668356123 -0.232460323205637
 -0.579938072079503 -0.714494398870699 0.39136886250072
 -0.94592777695496 0.302569580121122 0.116928567811191
 -0.0240498369513715 -0.191214738771497 -0.98125354981226
 -0.474510438227292 0.163653653553532 -0.864903073004093
 -0.762004894112571 0.427633760238001 0.48628994278434
 -0.431010834805547 0.888963224508451 -0.154835544213086
 -0.823542872820135 0.257859401050243 0.505258019151769
 -0.613206838506967 -0.17020100328174 -0.771368259452111
 -0.947992063425022 0.313255632106462 -0.0564088347402314
 0.230484771915087 -0.0752213025736705 -0.970164174536645
 -0.177002868596608 0.816569121580129 -0.549440491946514
 -0.652376317588077 0.563583554391677 -0.506733379075687
 0.414139729986708 -0.126615207183239 -0.901363896190924
 -0.932037003073308 0.327958108971069 -0.154111984161672
 0.253259723540536 0.0967571113592476 -0.962547439783404
 0.000193908511446103 -0.983163821480482 -0.18272619552594
 -0.971442113972687 -0.185969580673248 0.147361915922985
 0.555030107497448 0.185871710667706 -0.81079793225244
 -0.0537779296915442 -0.0480404616683602 -0.997396635406789
 -0.110766185557528 0.202625828240798 -0.972971544222526
 -0.991375603064459 0.0698901974786427 -0.110859252861351
 0.11838303369874 -0.567935339106447 -0.814515136707924
 -0.0929977431075876 0.0798463478266531 -0.992459561148786
 -0.985283561240364 -0.169232404875929 0.0240145183048695
 -0.0670542037566661 0.582981886153224 -0.809713439542527
 -0.132097928619672 0.201258643215319 -0.970590076080279
 0.00727010063676151 0.0112191822940719 -0.999910633799533
 0.401838275980541 -0.90435752693311 0.143747916285472
 -0.702868739392146 -0.460761259353307 -0.541917518691222
 -0.943758252840074 0.198566677461717 -0.264370260804926
 0.268572367847077 0.221619660963221 -0.937418587987011
 0.212099330120625 -0.962006758811353 0.171921116107525
 0.455610211150511 -0.481568714637996 -0.748672764682472
 -0.11367710923163 0.452395837892136 -0.884542548832227
 0.110216319446197 -0.320985079449441 -0.940649212883618
 0.23218674501742 -0.154137996324569 -0.960380546204088
 0.450676443652297 -0.831648613364722 0.324424609155121
 -0.251962315535319 -0.103330558507432 -0.962204649348891
 0.317628482910284 -0.752106202593477 -0.577449917191553
 -0.81055256838699 -0.481055068475182 0.334051725000175
 -0.965114429217514 0.143869180740062 0.218759679441471
 0.469348783869327 -0.87060420545963 0.147512835090344
 -0.963037850842222 -0.215812505536581 0.161192618625103
 -0.508890126242242 -0.108040786690093 -0.854024606100165
 -0.528415620993451 0.0598769693483718 -0.846871702226352
 -0.0664988169688314 -0.977369859475321 -0.200813508337802
 -0.185038615556967 -0.145533148713715 -0.971895474512683
 -0.112175705232469 -0.947901740263858 -0.298159188958428
 0.112110811981297 -0.00381064353790334 -0.993688404296197
 -0.486701939503524 -0.852646410360637 -0.190040314098427
 -0.983028660925088 0.0756682876933174 0.167119603988848
 0.245454361560393 -0.958596147515398 0.144379992933984
 -0.418924269678321 0.288346778115461 -0.861021830051316
 -0.694960867288226 0.0184870116799537 -0.71880986591528
 -0.250132655336338 -0.0903595098334448 -0.963985899127706
 0.746662009500407 -0.275609540268903 -0.605421526609005
 -0.974311106653766 0.218694711513958 -0.0537632830744244
 -0.922633762640527 0.315541909665741 0.221766190570793
 0.395397984326419 -0.0164647366860244 -0.918362317626581
 -0.931806771717138 0.361487030068815 -0.0326077793496285
 -0.978376765686327 -0.206761253448063 -0.00535615886125176
 0.102509120632216 -0.970198876893731 -0.219558692520594
 -0.964158478269967 0.185098656195057 -0.190097123215805
 -0.778973812706406 0.215943105739792 -0.588700581111568
 0.194186300756941 0.373788822228154 -0.906958431779331
 -0.899325619604435 -0.423697110933712 -0.108139669453558
 -0.951030390643476 -0.290586728415429 0.105359144554876
 -0.940573972408869 0.338781981178868 -0.0233959751991794
 -0.530115806656006 -0.199933233499768 -0.824016949871651
 0.731267135123115 -0.0980896317457 -0.675001334245218
 -0.267735239203547 -0.954259933704945 -0.133063220365563
 -0.35945803984656 -0.666839555861729 0.652774788367168
 0.0222876282025101 -0.968281055928074 -0.24886755184218
 -0.937619618469989 0.3409944526445 0.067766026339679
 -0.28153045357578 0.862129671062197 -0.421275484669597
 0.108111161368802 0.535393140175832 -0.837655157114281
 -0.196241068194362 -0.155603028824683 -0.96813074559923
 -0.757616656136751 -0.598927672771787 -0.259427533489295
 0.630012105130113 0.590410707739968 -0.504479874301754
 -0.512815361096544 -0.850362836801759 0.117912896707217
 0.438576944312874 -0.895492259776384 -0.0757883671665241
 -0.76830819472168 -0.404020970853014 -0.496457020329556
 -0.199582229553176 -0.879841644329097 -0.431330052918706
 -0.364799884529221 0.484750226678892 -0.794945445915775
 0.505402264823158 -0.858929781804448 0.0825117000248181
 0.00682090305895827 -0.787214366498661 -0.616641724552898
 -0.190077217929059 -0.974894779324914 0.115977672288144
 -0.873265863627977 0.157031614465409 -0.461245925164083
 0.320123073569393 -0.0362997375880356 -0.946680276978202
 -0.0568455791323456 -0.988325003841431 -0.141358646410273
 -0.151902535696078 0.301897290827248 -0.94116079680375
 0.599641930354819 0.353530703052893 -0.717945399984758
 0.287715005859748 0.409258181330509 -0.865868244259581
 0.331101050811578 0.384209765820745 -0.861832321278006
 0.250564255803787 0.200193179561532 -0.947174875390252
 -0.673708812174741 0.501993039564414 -0.542327783381028
 -0.444307230742995 -0.807876225905819 -0.387204194612689
 -0.387761120886543 0.151805909514936 -0.909173404233293
 0.132880623106993 -0.762843581647506 -0.632781486725001
 -0.435415900509665 0.63213751600159 -0.640948636356063
 -0.371784191079855 0.665916344706685 -0.646785851047768
 -0.134369243914789 0.300928289311224 -0.944132973146256
 -0.319447711622535 0.862631931735434 -0.39219804931886
 -0.204801230378708 0.305098292927142 -0.930038433446872
 -0.938192287102517 0.13786067278977 -0.317473884468155
 0.0274097562264958 0.532636335533799 -0.845900253772707
 -0.928196611365028 -0.358309018034769 0.100327953459835
 -0.0632785520415374 -0.222426772992687 -0.972893702059781
 -0.966965594226398 0.250836966265452 -0.045369107740098
 -0.0657872285621926 -0.828102020232605 -0.556703767406674
 -0.893672662554691 -0.205396527228208 0.398950421487433
 -0.06634286222086 -0.970797466064275 -0.230544799367775
 0.315366079527302 -0.90362735039121 -0.289830722161301
 -0.97146439125933 -0.215561797746347 -0.0989446707382621
 -0.0329833835489523 -0.547501700196625 -0.836154282827917
 0.360210049810829 0.0886369647573896 -0.928650746240952
 -0.943508810335637 -0.0473796875670652 0.327942510243912
 -0.239205146606517 0.250543366593657 -0.938087905951714
 -0.646233009436734 0.236820089928353 0.725464776898692
 -0.979366058402738 0.0287958046320193 0.200032310600762
 -0.942597205211357 -0.094833380525958 0.32018297685192
 -0.120418924487555 0.445210233363385 -0.887292021114684
 -0.036272500155882 0.347662006827888 -0.936918051240794
 0.7723425757585 0.562775797773926 -0.294568068722065
 -0.0626222906646783 0.833556110250302 -0.548873992621526
 -0.765759363303249 0.137796195175488 -0.628191695351475
 0.011414932374835 0.580163022064997 -0.814420387237014
 -0.588001900383685 -0.616604607269373 -0.523500261164554
 -0.16361723147005 -0.985152277366011 0.0520037687734102
 -0.386664707610936 -0.200814629034682 -0.900091044647047
 -0.929962802032929 -0.358998543990903 -0.0793046798586036
 0.189384393593026 0.482926217351387 -0.854936149696621
 -0.788663162402845 0.614637019808407 0.015223342267198
 -0.122771812113474 0.321622573964095 -0.938874859641627
 0.145111467629807 -0.989414145845246 0.00151985645543764
 -0.997371425073445 0.0657105354665053 0.0305346684224776
 -0.886849396118804 -0.302038106012419 0.349672891600341
 -0.202712596847118 -0.956738796204132 0.208706681535033
 -0.499136146292817 0.511496367847672 -0.699453052851008
 -0.564065170712368 0.512341915161201 -0.64756176937662
 -0.357964881639411 -0.605060488029476 -0.711170126860244
 -0.0291837847302146 -0.0956139856903026 -0.994990589125965
 0.00860908961242045 -0.952967981645792 0.302948691256441
 0.399571472582508 -0.908269623056457 0.124052126669102
 -0.952109277431489 0.153020910590316 -0.264712154520715
 -0.934924153844049 0.354841418451401 0.00209626104941038
 -0.707928699901455 -0.475247570450888 0.522471724245786
 0.535019112484192 -0.833959262898564 -0.135153605583839
 -0.997559282617184 -0.059581499380187 0.0364077271454633
 -0.458501006083317 0.0021682625175489 -0.888691243378847
 -0.97427604285684 -0.153512582530606 -0.164985088174658
 0.187243665759789 -0.926928248464947 -0.325182766810516
 -0.974668038523696 0.153473476583186 -0.162690216871946
 -0.0186589670066703 0.243111488524681 -0.969818873345718
 -0.747015670699665 0.301101620387696 -0.592710217500115
 0.0749632764530857 -0.978689867327131 -0.191171783416439
 0.529315194031167 -0.724438051831451 -0.441604952900666
 -0.013665352284025 -0.315496704906439 -0.948828270731924
 -0.357165522264645 -0.13275088313485 -0.924559350573202
 -0.225616302409349 0.198245951986231 -0.953832179478238
 -0.0613891960909248 0.30673300611179 -0.949813786783986
 0.48086030621236 -0.643880212272212 -0.595140015587632
 0.0534967129322272 -0.526410933203651 -0.848545597542706
 -0.880114998505334 0.46960313600946 0.0697888533795839
 -0.880394208420413 0.264634579881977 -0.393541073981463
 -0.957057773240556 -0.289855997191295 0.00489076395552263
 0.144224269010875 -0.811676754325944 -0.566021383620071
 0.0519784428567717 0.0911532330724669 -0.994479426423001
 -0.388593388940198 -0.454317944984466 -0.801617354438553
 0.456193180500486 0.0946015651023909 -0.884838022434066
 -0.573478907039437 -0.533633657163044 0.621576272973517
 -0.0140404078778999 -0.105309146703302 -0.994340409803024
 0.754798848279988 0.116174041066896 -0.645586780237476
 -0.280045437746017 -0.149788667502692 -0.948228826753021
 -0.055199274142259 0.114810956262082 -0.991852551771862
 -0.179877443998295 -0.97914590825995 0.0944319621655619
 -0.780347432198386 0.058783097435531 0.6225772502407
 -0.950542029214282 0.267134129482367 0.15845885132391
 -0.888228876226871 0.18993793543375 0.418297793587193
 -0.218456697053028 0.175112800917181 -0.960006342930932
 -0.851869158543203 -0.198100545450662 -0.484845450236512
 -0.224740855189771 -0.800613868603728 -0.555435848148049
 -0.402058563555391 -0.842360804588991 0.358855383635196
 -0.372066062853008 0.0753953261009244 -0.925139119092473
 -0.666178649865584 -0.185901784705604 -0.72225101793389
 -0.301539757155323 -0.928847160938516 0.215213211655715
 0.359771966799275 -0.902404063279501 -0.237130846753492
 0.323463866914046 -0.136855110879854 -0.936291517331582
 -0.967655031802336 -0.0293009662481342 -0.250569736409936
 0.00858418917049658 0.153292892207609 -0.988143512297132
 0.341767490665871 -0.795094746172172 -0.501018290018801
 -0.381392765308862 0.218122545418981 -0.898310700008635
 -0.0411107685072659 0.265948787742328 -0.963110142720514
 0.24604158293608 -0.963828297039449 -0.102462448205887
 -0.0421900755214341 -0.472818820857355 -0.880149055655096
 -0.905982763045481 0.126634206871928 0.403929462548095
 -0.738041040663193 -0.48441288238664 -0.469722877529569
 -0.440980682575264 -0.847354243752249 0.29584932514797
 0.593716155942735 -0.411127088680611 -0.691719338406544
 -0.690136800686754 0.0642163737096859 -0.72082414893331
 -0.980766615375737 -0.0714293208004283 -0.181644428195338
 -0.0813853216300536 -0.987403827095815 0.135683866615416
 -0.329913443232184 -0.80167803695565 -0.498467095240619
 -0.940044568830057 -0.341046125221342 0.00193625530884836
 0.421617737522153 -0.905848984785049 0.0409402023761144
 0.588129858035876 -0.712262519023135 -0.383125794069674
 0.150667361245608 -0.237221413439395 -0.959700655027963
 0.591821157758637 0.308144515975511 -0.744845403089423
 -0.957037613410615 -0.15364269054791 -0.2459124440904
 -0.814398551633956 -0.533623311978822 -0.228037628494219
 0.4027198901502 -0.809633207553509 0.426978640336994
 -0.532729110749843 -0.111752629759426 -0.838874868083157
 -0.427801368934849 0.547813127370151 -0.718948375210907
 -0.307498143992756 -0.287610602103833 -0.907041913584197
 -0.241616263136084 -0.970162577277068 0.0201532885473412
 -0.332376854388431 -0.233753540435929 0.913720366961643
 0.482751416228991 -0.851666140807265 -0.20399964394911
 -0.703209693888304 0.228540239536854 -0.673249942691386
 -0.916817647436394 -0.319704499160359 0.239237193107217
 0.31100040257204 -0.933003371231146 -0.181062030451849
 -0.311436967163536 -0.398847512501822 -0.862512421507707
 -0.0515116116587663 -0.99187250400984 0.116342123298343
 -0.966434790467117 0.229159022179848 0.116146193774724
 -0.963325184858782 -0.0465626094406918 -0.264265986496307
 0.639904600049693 -0.317604106342092 -0.699749765609024
 -0.429518312591614 0.169014837745162 -0.887100898303248
 -0.27990651955444 0.216340185542501 -0.9353337716721
 -0.498140233822262 -0.42957623913212 -0.753206852212993
 0.453164539463702 -0.360041894260489 -0.815482516397482
 -0.83694507297284 -0.507591243494959 -0.2046315575705
 -0.721251095593283 0.510865239764882 -0.467775121084328
 0.402699801071405 -0.911000781144819 0.0889406935580114
 -0.276922433907413 -0.511419667261404 -0.813488715064339
 0.242758389603801 0.190656698480368 -0.951166855815285
 0.00805296618254429 0.494319759571599 -0.86924284583351
 -0.42406131335675 -0.170160768513764 -0.889503971532985
 -0.36415891465082 0.45558494819922 -0.812299599811948
 -0.198797103451395 0.386414599370036 -0.900646139753583
 0.300749613472084 0.216665290581502 -0.928765751873757
 -0.276087987098477 -0.358235426862757 -0.891876001650661
 -0.605427554789754 -0.746909079127147 0.274925996258516
 0.495181927948663 -0.0246240135997209 -0.86844027784718
 0.196433394786439 0.635513147422417 -0.746683976569692
 -0.967995795505275 -0.0299260708396113 -0.249175781664696
 -0.0943789176760914 0.42985201113718 -0.89795315491378
 -0.195751569632749 0.13496074795853 -0.971322253166677
 -0.0874661087209724 -0.986220122838651 -0.140426312111825
 -0.921717036529197 -0.229587415495235 -0.312613696465866
 -0.377571646654003 -0.496344692088218 -0.781717083271714
 0.158542210870832 -0.986211824913623 -0.0474405287990093
 0.185972621837707 0.0306745593882558 -0.982075992646774
 0.0650331746284543 -0.905626154154046 0.419060801208963
 0.239132637957988 -0.928950877634688 0.282605464216454
 0.176535443893134 -0.209348328928432 -0.961773629407839
 -0.026728623497166 -0.74482478758051 -0.666724543189761
 -0.515688078447721 -0.090692963386495 -0.851962788001373
 -0.918739086794548 0.27402111393192 -0.284307790106829
 -0.524495489069746 -0.849599624585743 -0.0555424148669503
 -0.897973266430725 -0.298547534258196 0.323285295929287
 -0.979481400601799 -0.0986221572730273 0.17575510225866
 -0.438023724703734 0.17006375478194 -0.882730726725957
 -0.42056630117809 0.0445168006512719 -0.906168991288686
 -0.940279860851893 0.282496487734268 -0.189919766465072
 -0.645144216289023 -0.129182519266054 -0.753060964932387
 -0.935699960275441 -0.347099582698067 0.0631463698985669
 0.413503045779396 -0.872369421999931 -0.260742828646676
 0.0524625209591978 -0.97195554367638 0.229238096771366
 0.345888714717125 -0.816868768102257 -0.461612838567599
 -0.0466152089206512 -0.967189227390954 0.249743910268444
 0.335533576026482 0.127683613096741 -0.933334942186053
 -0.462085182034922 -0.422610745614491 -0.779664955115283
 -0.280153950340482 0.919507638528924 -0.275716279525865
 0.0498045289513428 0.130015601650149 -0.990260295186818
 -0.996068721105614 -0.0885747499823389 -0.00127141676622835
 -0.289079126180467 0.629724121252149 -0.721027593036457
 -0.964197019304494 -0.253880031586303 0.0766096438189484
 0.0537988693651325 -0.113296265387208 -0.99210364272305
 -0.700836690566534 -0.158328430356275 -0.695528605663826
 0.421225284790605 -0.142907462776131 -0.895626438051023
 -0.989639578874559 0.123606222462384 0.0730411233043748
 -0.269168874703633 0.341955098180051 -0.900341506162773
 0.487086947397769 -0.778691241584165 0.395457021627932
 0.0308329025160568 0.533733882384021 -0.845090217028759
 0.121983637387428 -0.992454571296224 -0.0124062936834488
 -0.145183428613816 -0.402802505464432 -0.903699017177464
 -0.994692156962919 -0.0463727728850028 0.0918535726654771
 -0.33399991865955 0.418605211644053 -0.844519822810484
 0.426043192652277 -0.0303862101756063 -0.904192388944863
 -0.17076967667093 -0.985000960363684 -0.0247148864518162
 0.549053446662054 -0.701210789685508 -0.454800770818548
 -0.62045275393046 0.444593980874309 -0.646045333014985
 -0.232548576053263 -0.243517160964008 -0.941605305896069
 -0.814741961084612 -0.492583515230397 0.305870916190582
 -0.0107394595149813 0.472675718458005 -0.881170998835944
 -0.169561269737934 0.0185733910883907 -0.98534461227955
 -0.994121787994672 0.108255267475367 -0.00163330894574945
 -0.403814910859231 0.245440976825417 -0.881301449370609
 -0.0663208919352256 -0.993756877798589 -0.089715144323107
 -0.42420837986221 -0.284405274249578 -0.859744665836143
 -0.865428292538044 -0.0538724995692975 -0.498128120331349
 -0.371269282380364 -0.278243033980462 -0.885855481442722
 -0.194012250699213 -0.62986179304307 -0.752086011200311
 -0.233712642140231 -0.893727730143591 -0.382921852701328
 -0.999751500521091 -0.00098790993353552 -0.0222701872419022
 0.223635278463551 -0.930701823365667 -0.289450130783099
 -0.164539177046716 0.622582751037498 -0.765060505664337
 -0.324684033640142 -0.897902296756124 -0.297240212251378
 -0.943976944496323 0.226690234439638 -0.239831327955893
 0.00197036346478836 -0.118997176772025 -0.99289263749315
 0.278883810334675 -0.92277232054644 -0.265923042940154
 -0.482409595418229 0.353528956985275 -0.801435124524328
 -0.0439985477621382 -0.30893849578824 -0.950063752395029
 -0.563584950447609 0.0416941641288165 -0.825005212290544
 -0.752884987690453 -0.0403638930179167 0.656913199327571
 -0.761443715717188 0.462025606427743 0.454682094215154
 0.596289490590785 0.432866302450656 -0.676066274572012
 -0.474540531110406 0.347814992296651 -0.80860127100267
 -0.999044394319432 0.0207485512034053 -0.038468114093094
 0.194977458290131 -0.0737888556277214 -0.978028115927079
 -0.995948029016798 0.0894394780901582 0.00938633349694255
 -0.420267559369512 -0.874336869394731 -0.242714271023799
 0.138074209716187 -0.943026005207326 -0.302716808443076
 0.367959691328396 0.635666703925796 -0.678626190975286
 0.0460757110742959 0.289128102555619 -0.956180929093226
 -0.191541194841465 0.651084049678096 -0.734439603325879
 -0.994091943973922 0.0979637477924388 0.0467366135338145
 0.595363058037105 -0.769201467531728 -0.232103277598018
 -0.627717292082527 -0.77762276372214 -0.0356908750483958
 -0.986001467307685 0.138909089309423 0.0922245703395785
 -0.878794253707391 0.476887086881612 0.0173021968674512
 -0.689510637912179 -0.615259329547131 -0.382140075903004
 -0.392166035467674 -0.88241377890685 0.259907143843528
 0.218751713777135 0.0951857628437084 -0.97112684973253
 0.391023771579748 -0.023231837268799 -0.920087328353491
 -0.177140663664334 0.392282628962784 -0.902627012830109
 -0.575024560925665 0.0693154194766747 -0.815194533197456
 -0.969294876367568 -0.151252509303284 -0.19388171929566
 0.0919286583465128 0.117359063853285 -0.988825551806835
 0.15930015539665 -0.94545662500509 -0.284139456472676
 0.156081207300289 -0.927105454693748 -0.340755238558095
 -0.999646710554168 -0.00365210630243176 0.0263271000641569
 -0.200278384275092 -0.457333401291006 -0.866449495848292
 0.314761636342984 -0.626319713455897 -0.713196136292962
 -0.37559847650242 0.298812379714177 -0.877289545234988
 0.172589188242832 -0.704474943811646 -0.688424306400681
 -0.572250214405487 -0.386353292955083 -0.72336769705015
 -0.418534002503231 -0.511273183599957 -0.750619091470627
 -0.150180515319614 -0.557547360120881 -0.816447643171668
 -0.347469024003781 0.444731588247358 -0.82551746909005
 -0.20348469506982 -0.893553362654906 0.400195410968758
 -0.409904843151417 -0.908401712079174 0.0823671600374738
 -0.712066017513265 0.172238802714383 -0.680658344209717
 -0.234182544829666 -0.733929243344336 -0.637578545326857
 0.143140178340855 0.218002246461536 -0.96539417332107
 -0.336522563645225 -0.738018521709933 -0.584877103134267
 -0.175587451816861 -0.0390339502462778 -0.983689685567879
 -0.0334583433150545 -0.248407657163278 -0.968077566688364
 -0.592229939005957 -0.799766771987964 -0.0981672540562972
 -0.923945262637176 0.369961520736317 0.0972297527755355
 0.0825023778071569 -0.917454116109004 -0.389193142913401
 -0.95273212134425 -0.212562576886104 0.217068320734334
 -0.995334966462993 -0.0919597574742584 -0.0291840288751893
 0.308449860638803 0.415648807039551 -0.855625357664499
 -0.250800864751855 -0.0253048266386463 -0.967707906337708
 -0.159745864480392 -0.387596132216032 -0.907882424696383
 -0.636795023026345 0.237171005148372 -0.73364978904501
 0.0884912970653079 -0.983616998585575 -0.157056965580021
 0.498289624084142 0.132840021793124 -0.856773586859496
 0.504452247527556 -0.838795473096152 0.204817197221816
 -0.423290101114342 -0.904737597752033 -0.0477008334569857
 -0.389685152528498 -0.883181835818373 0.261027444494501
 -0.96942758852228 0.159378438430868 0.186570801507675
 -0.477552188729991 -0.374935044455117 -0.794586445566897
 -0.735746843544333 0.668063715195419 0.111209058326397
 -0.213287273787598 0.411658714995048 -0.886028013783357
 0.233941183011146 0.662815231198542 -0.711299860946541
 -0.91783837655972 -0.383803713263012 0.10132829910613
 0.537309254159906 -0.814232944042165 0.219826018092841
 -0.691661488314186 -0.685792110264071 -0.226480831600729
 -0.0934986504572647 -0.0734153760388873 -0.992908950973723
 -0.487359869171369 0.427358618302615 -0.761475521132325
 -0.196690445273676 -0.349744487371973 -0.915964880489945
 -0.116797116132987 -0.769940151674874 -0.627336111268823
 -0.0965712889382363 0.440471674383427 -0.892557387633237
 -0.914962868861137 0.150754169369142 -0.374320890444572
 -0.281536194143486 -0.54444538393461 -0.790137073740688
 -0.52219871759242 -0.819754317548361 -0.235183669087911
 0.629860499766139 0.127692314860284 -0.766139950374585
 -0.927053659365322 -0.242753194478481 -0.28573134099685
 -0.75721651632731 0.281086585227934 -0.589587549907587
 -0.12085441561897 0.332534572619373 -0.935315437827393
 -0.00938959692037235 -0.387709847517108 -0.921733643526119
 -0.945317867209521 0.322507367340158 0.0486120144178655
 -0.969752887060145 -0.23130556390351 0.0779555908565433
 0.808996461674593 -0.565401587174114 -0.160766197376752
 -0.91002494779988 -0.026928118210024 -0.413677979630886
 0.256848215384824 -0.362331905050626 -0.895960146901644
 0.71796946147676 0.160626621647812 -0.677287930502812
 -0.996673840670747 0.0796633760916806 0.0171756173775057
 0.589296953661953 -0.00426960869416603 -0.807905236303331
 -0.969672526215834 -0.049682560018315 -0.239304899933597
 0.4983632473322 -0.762922272824525 0.411805390125925
 -0.820032278658125 0.424972579506026 -0.383334538786628
 0.06399004639784 -0.917759528586859 -0.391947345507057
 -0.11845853287518 0.0324379800440331 -0.992429016826757
 0.285812793631951 0.383594989809133 -0.878160538164652
 -0.979337707218455 0.0301379069698689 0.199973402690395
 -0.582659994491951 -0.0344011755970981 -0.811987616861351
 -0.93989055516731 -0.264886006984909 0.215502082613781
 0.216309359284221 -0.820318862258348 -0.529421595053714
 0.429737127071516 -0.896431196047659 0.108337954424495
 -0.844172664521061 -0.398482182219991 -0.358586757882393
 -0.493113355126342 0.370127850715988 -0.787302097749273
 0.0969534284756562 0.294707910933325 -0.950656236470435
 0.120712731504532 -0.991729414363125 0.0436028111443198
 -0.343683107901554 0.452649173257071 -0.822794413746726
 0.13742077864049 0.0828618738437824 -0.987040748632466
 0.206935664241504 -0.969676845016008 -0.130017103123888
 -0.925900373237675 -0.0165954669846564 -0.377403085988835
 -0.771920729151172 -0.585711972008974 0.247143427491168
 0.354552060462619 0.364321246625969 -0.861140444804802
 -0.744265083990926 -0.0588028649642654 0.665290694226196
 -0.464463125431886 0.333312732056986 -0.820473416853192
 -0.0926852793701475 -0.461904272525385 -0.88207362618484
 -0.788547577315913 0.260270268164979 -0.557182291371984
 -0.956487596973584 -0.278985921565371 0.0854302780284556
 0.0624779901503955 -0.0945665881371445 -0.993556068450526
 0.171806740714463 0.113256142962569 -0.97859873795459
 -0.603681865553135 0.462633857010613 0.649259670355221
 -0.00697968369288377 -0.958709635403293 -0.284301106224426
 -0.310067129230206 -0.0630153634380584 -0.948623971519647
 -0.450676878135281 -0.0681896900362275 -0.890078939020018
 -0.740759253709676 -0.212135101662523 -0.63739660078017
 -0.439132018137612 -0.840423201877108 -0.317571901138968
 0.0754920576305307 -0.959746025800539 0.270533759806017
 -0.776277230270424 -0.0346722169427327 -0.629437446563164
 -0.219084904852843 0.00732202573413284 -0.975678324246659
 -0.833466155211596 0.475020105321162 -0.282294292640627
 -0.0158660065575338 0.809699444605606 -0.586630274739798
 0.118222572263241 -0.296178594527228 -0.947787773476393
 0.0314950115496963 0.612649748831808 -0.789726756228892
 0.592204661584504 0.220613913000922 -0.774998800120364
 -0.199290290872129 -0.482295357433704 -0.853038432992323
 -0.486271615315993 -0.129530134956143 -0.86415384063037
 -0.28074414373974 -0.194397003984987 -0.939889637456176
 0.115776381067055 -0.967250044044269 -0.225883115534067
 -0.157366235039545 -0.951520096140701 -0.264282755226047
 -0.917555388788428 0.265354475640511 -0.296106586827895
 -0.203682863585525 0.524444886313652 -0.826722959824548
 0.128588912332934 -0.353128845579031 -0.926695694413789
 -0.84303665594708 -0.459208683157567 -0.2800296092242
 -0.251374829398929 0.230434210727708 -0.940058918191279
 -0.346735918587028 -0.157816571722348 -0.924590791891967
 -0.109657111588848 -0.889946537122594 -0.44268553053098
 -0.884380986964601 -0.363809747255456 -0.29242561053615
 0.600334471239504 -0.420762383004404 -0.68011582814256
 0.173739262577594 -0.358035678207259 -0.917401287207328
 -0.917390427283671 0.396275373700967 -0.0368867473009312
 -0.363396122906727 0.200598504321048 -0.909782115630175
 -0.125898413504241 -0.954666825330917 0.269742177068592
 0.398835847971425 -0.886543336719839 -0.234458692503753
 -0.334541706255741 0.198117843183375 -0.921320338963525
 -0.148725332836469 0.0133341135303777 -0.988788641110445
 0.280011976225963 -0.0318777274007524 -0.959467093581533
 -0.373500358193498 -0.692022206176618 0.617740033175587
 -0.368695816240948 -0.273832972727911 -0.888301130323167
 0.453048263901461 -0.890699145275683 0.037447338771135
 -0.793406598483332 -0.190078042401853 -0.57825280568259
 -0.830181080468622 0.0909650814535062 -0.550022479166178
 -0.945416816884026 0.274359388499147 -0.175823685251019
 0.184697535992129 -0.977940997197009 0.0975613970777136
 -0.564483746285388 0.7396519046829 -0.366433022636567
 0.207121534124119 -0.913912131578624 -0.349092087930229
 0.337365151401965 -0.922844411894732 -0.185857327146915
 -0.881340152438071 -0.164218142134734 -0.443025888063275
 -0.848446371876623 0.146334621217898 0.508650108308658
 -0.891644623307416 -0.154988612057476 -0.425380295570297
 -0.971854209146883 -0.15266102605899 0.179426885627831
 -0.0821546421076406 -0.973988512633091 0.211179999145146
 0.0517311761572899 0.4540069876495 -0.889495104302891
 -0.885551391475476 -0.201690871964152 -0.418472848847077
 -0.118192687829755 0.350954404332924 -0.928903382824554
 0.08755988787021 -0.0137917577754785 -0.996063779812126
 -0.753129698795249 -0.479890818868417 -0.450000509731241
 0.174161830921424 0.0586364755296993 -0.982969694541776
 -0.0298312659199474 0.157018973412061 -0.987144942529837
 -0.643225944171334 -0.239699496929674 -0.72718947731424
 -0.932488958994737 0.190507351728762 0.306873410855689
 0.235711329782611 0.34322791988951 -0.909194568846753
 -0.990811499735977 -0.135245649145482 0.00108920987902118
 -0.803584306614772 -0.55496840666723 -0.215086795884107
 -0.478333871669005 -0.0370428472646823 -0.87739645239804
 -0.0877599638316202 -0.981897345783311 0.167856459786219
 0.369883279850528 -0.847814162120363 0.379996718137358
 -0.608989597187556 -0.227530508621318 -0.759843101017482
 0.0807010160951356 -0.996738308531784 -0.000300510251784149
 -0.21842392893704 -0.931505430193584 -0.290841229518055
 -0.126353559356551 0.0517712231345083 -0.990633392579257
 -0.64042163439015 0.233194524053416 -0.731765293080063
 -0.0411784183653159 -0.153157794381837 -0.98734341942458
 -0.479445975768469 -0.875771521043435 0.0561765008583524
 0.337399199541408 0.130600373169747 -0.932258184558731
 0.22423134672399 -0.973838814991826 -0.036854654545417
 -0.547611265941709 -0.788262537911069 0.280649376873921
 -0.695894188059759 0.687565709150187 -0.207327457480794
 0.276630349397726 -0.932864528732484 0.230736691544306
 -0.816760187665112 -0.159753349280596 0.554420114388794
 -0.985166198583895 -0.0573098447923172 -0.161750248400547
 -0.252224220904143 0.0296419585216096 -0.967214710746431
 0.00299076368651056 -0.381627420564603 -0.924311401642206
 0.201032874074068 -0.426744062468223 -0.881745591817525
 0.354110324628758 -0.923026243922238 -0.150427494235997
 -0.895552922789079 0.0163715177004156 0.444653725827326
 -0.833924136798093 0.229924801125243 0.501702222332205
 -0.0605596764191249 -0.616280318308678 -0.785194940672293
 -0.720454186836734 -0.284464386321444 -0.632475910675011
 -0.0516013495102807 -0.217694356471593 -0.974651972700582
 -0.243045575844376 -0.755904939048025 -0.60789519753431
 -0.495328570030137 -0.288654578004785 -0.81934616756825
 -0.254900463522 -0.390494600602334 -0.88461275177147
 0.754359069603106 0.124241745181606 -0.644597845840153
 -0.793418818397287 -0.401090803270919 -0.4578348459265
 0.149510722136266 0.0809612169133523 -0.985439914617934
 -0.924333776191794 0.275226396434859 -0.264305695921408
 0.538675482457255 0.760424782593127 -0.362743538354082
 -0.389382409100279 -0.0288981291275152 -0.920622744459528
 0.203937196677656 -0.0434264856822723 -0.978020327065111
 -0.843263346041052 -0.417467346065124 -0.338567488387458
 -0.978375652410979 0.178068448011369 -0.105226948032399
 -0.327832192281956 0.182105342417441 -0.927018715003442
 -0.526549870136711 -0.12960489252153 0.840207001930771
 -0.0781582168407324 -0.183345907976291 -0.979936513845987
 0.0294665839495776 -0.503592214667424 -0.863438823401347
 -0.233070771844833 -0.931619027115472 0.278861979531227
 -0.53128343154151 -0.286978100647918 -0.797108201637639
 -0.952113212242541 0.243740166135403 0.184583754662961
 -0.839609838106925 -0.528643018527671 -0.124867444580304
 0.110299199994368 0.124350345922241 -0.986088777925001
 -0.578047857975141 -0.81310683158509 -0.0686873665240404
 0.313425276027537 -0.937725267615722 0.149786243767862
 -0.427283212435899 0.425050901319655 -0.797972924138286
 -0.354555489034707 0.0177488480400865 -0.934866505758234
 -0.272479130967146 0.0351469179264381 -0.961519535603755
 -0.514943840985466 -0.303003572900531 -0.801886323265741
 -0.49250665896712 0.0120747871370907 -0.870224907933942
 -0.0844346243615018 -0.995328927715415 -0.0468093992891914
 -0.508495197075996 -0.41720280576922 -0.753242625857655
 0.339713702688238 -0.910030217330735 0.237570208045587
 -0.841269034273909 0.510557100839709 0.177757865519352
 0.656729411535345 0.26258031834588 -0.706935680555039
 -0.923948260822184 0.0745430111498055 0.375183889329461
 -0.0578496227201525 -0.636462121134653 -0.76913548189634
 0.531656654446019 -0.799458663370426 -0.279655229425875
 -0.486907808990082 0.25825833800989 -0.834400033792453
 -0.257863127225809 0.450395516523021 -0.854780958090017
 -0.518848746924671 -0.84948650779074 -0.0957530725156709
 0.672168344254375 0.0470542022208223 -0.738901630148218
 -0.190178753368297 -0.224809266875032 -0.955663557584148
 0.283596212265992 -0.916730821455929 0.281385481823636
 -0.100159787386348 -0.880773825330395 -0.462823384892752
 0.360449962330263 0.0740985301200167 -0.929830754756028
 -0.344914766049028 0.0454515802670006 -0.937532910362392
 -0.962836351649257 0.180327019183059 -0.201067963871177
 -0.00902517327118047 0.520719191173498 -0.853680309126926
 -0.217254427806595 0.148106810363267 -0.96481339456003
 -0.815636801683561 -0.412015248258873 -0.406177354048193
 0.112501242844275 -0.870075314891363 -0.479908758802326
 -0.330075515897017 -0.900671666619859 -0.282560971745081
 -0.911679930192027 0.406960221401455 -0.0567722034268421
 0.0808607533603225 -0.983062548133737 -0.164467519659067
 -0.37626531682545 0.0221934679680151 -0.926246112722637
 -0.367603427842709 0.0200254045168068 -0.929767015446466
 -0.0296782096153319 -0.466356090577365 -0.884099089839722
 -0.167336727122681 0.871409948491754 -0.46113243371668
 0.245773981122129 0.662759885841123 -0.707350326163239
 -0.202928796589892 -0.699762837343262 -0.684946621999033
 -0.416500338275881 0.226507876297808 -0.880466722932294
 -0.906390013916553 -0.385039811634496 0.17378574777243
 0.0308880554950455 -0.0693975056759983 -0.99711078333036
 -0.241891883223547 -0.461321740346964 -0.853622029187283
 -0.387911313084385 0.00568073420932811 -0.921679197139651
 0.281051935013086 -0.959545163086799 0.0168193288251247
 -0.842130118168966 -0.362236411819829 0.399501747210972
 -0.908291434620554 0.153558738485736 -0.389135430961517
 -0.113542779799921 0.679145906559272 -0.725168169984792
 -0.789287008385981 -0.3831867544096 -0.47978529535423
 -0.155437441458612 -0.614952766110589 -0.773092683477043
 -0.0349896965943567 -0.997369132534656 -0.0634864914710472
 0.160343011045782 -0.516375010414023 -0.841217550594785
 -0.147241544074419 -0.233223436563728 -0.961211088333872
 0.0952532481905679 -0.993441054452967 0.0632589127042367
 -0.497081700438448 0.079811588438227 -0.864025400923022
 -0.920745867373604 0.30199043745383 0.247040125082697
 -0.894132538783506 -0.35762822323605 -0.269497786695156
 0.0790801771001693 -0.987707371315334 -0.134834988927797
 -0.880673227086633 -0.47219080768287 -0.0380855383658313
 0.458669914208541 0.288797788413687 -0.84036762622515
 -0.438601628922715 -0.202545939847701 -0.875559109002672
 -0.939829594754599 0.172774446772409 0.294736023190066
 -0.812863248981437 0.519939952151424 -0.262518160537738
 0.0913212527929231 -0.334418681654642 -0.937989645011448
 0.0981837271755184 0.659394918317839 -0.745357831792579
 -0.992608744111584 -0.0105436353692938 0.120899598288927
 -0.0145050941077893 -0.935558405478402 0.352874017439135
 -0.626592239361354 0.445381377438686 -0.639544833614456
 0.451089196353651 -0.284828562283764 -0.845808032026406
 -0.818468753554335 -0.252291563324024 -0.516195570041755
 -0.250299166500462 0.758643584288347 -0.601506641083292
 -0.925050097570473 -0.00816443513548963 -0.379757368570746
 -0.359217988013012 0.456438439873056 -0.814018665445784
 -0.985020670235866 0.140644485982224 -0.0997667668659361
 0.107547371424373 0.240255155851153 -0.964733653910055
 -0.327296720593201 -0.597103217095075 -0.732355518053663
 -0.865063235089243 -0.501628354645252 -0.00588159101180854
 -0.964567943320121 0.0536119247814535 0.258330107111851
 -0.272695831751987 -0.55152143915116 -0.788328031660505
 -0.134576048129164 -0.931783055024916 -0.337149263143747
 -0.912283168373505 0.232994954251978 -0.336827510746253
 0.40623144158109 0.664869207230754 -0.626837262092243
 -0.401029695470162 -0.875844798857714 -0.268460558862937
 -0.912910386160447 -0.373253896980093 0.16515494309756
 0.239531928513649 -0.0760559502092822 -0.967904926973872
 -0.514882323901072 -0.829550147373416 -0.21620070658297
 -0.297549159440692 -0.953720597810918 -0.0433764801168013
 -0.342761894228382 0.246485604718101 -0.906509310780493
 -0.975741520087254 -0.182957817704895 0.120228627699384
 -0.84233717303622 0.0723499165782938 -0.534072632225677
 0.134079496556748 -0.852249624707655 -0.505661216417425
 -0.250285727796619 -0.713208098381484 -0.654745189264025
 -0.929269446016416 -0.0672454414019698 0.363230432798516
 -0.24212360339154 0.587107907805192 -0.772450946839543
 -0.846166577013468 -0.394035866199007 0.358800585414948
 -0.755867894220111 0.451122566654309 0.474502008786563
 0.306835320107149 -0.887298800741191 -0.34431515293113
 -0.0460861943666695 -0.928023668197199 -0.369659483788274
 0.488121823047922 -0.774576708253616 -0.402203939432927
 0.265553538305846 -0.963888099158727 -0.0200262476121335
 0.141213498247759 0.520124821723829 -0.842335395041302
 0.228936675166111 -0.963254712546844 -0.140457671631647
 0.200071324763638 -0.977213617300956 -0.0708873131731185
 0.297724680841777 -0.856008694017935 -0.422621734158777
 -0.866376795080246 0.449490801263474 -0.217598870691005
 -0.0244797590844613 -0.969045351437951 -0.245666131673997
 0.120364160697662 -0.31840423799437 -0.940282516080551
 -0.986231572612639 0.155123601864577 0.0573057878975766
 0.298368841666728 0.0201884880967343 -0.954237108516968
 0.288882853626307 0.554590652323883 -0.780369082701059
 -0.248571230366058 0.896538074671328 -0.366649456700718
 -0.77586593024271 -0.570424619636203 -0.269532579851689
 0.572995797260391 -0.816329755108846 0.0726742543536544
 0.322767077278477 0.234604733981738 -0.916941673509536
 0.0672519284094076 -0.899872564798389 -0.430936822803977
 -0.309294436295484 -0.945935629264621 -0.0976869334374034
 -0.880332299925847 0.47275119079048 -0.0390045293966153
 -0.487596917733027 -0.407037094729655 -0.772379472365296
 -0.718494055135783 -0.546188178889274 -0.43063298291719
 0.213111308380587 0.214680040937597 -0.953150591597858
 -0.477241947905675 -0.0497176729974577 -0.877364391886812
 -0.380875286300138 -0.276748454498689 -0.882238238356497
 0.0639350372096158 -0.992125840831763 0.107696921826359
 -0.52705469572558 0.187589256869367 -0.828868878907162
 0.0575966155198744 -0.468217784452306 -0.881733937309453
 -0.15224163668278 0.268613571887632 -0.951141016389219
 -0.682969745927245 -0.273757135583993 -0.677207026591515
 0.0234888728524612 0.654485677050824 -0.755709449052641
 0.499825295228421 -0.15799920384929 -0.851593169202767
 0.413971902055627 -0.910235214907335 0.00995579484740872
 -0.48309565697527 0.0177559817294755 -0.875387520658397
 -0.172260235007406 -0.971099938100598 0.165200852468163
 0.0487443983090999 0.165671583350516 -0.984975588582589
 0.345157727800032 -0.899216343601754 -0.268842166222881
 0.352361379193455 -0.92655186833757 0.131693180282978
 -0.241777225844414 0.593526154127945 -0.767639549156419
 -0.882618269918111 0.462504492957474 -0.0841105439342185
 0.0514806366121995 -0.805940334866844 -0.589754118839981
 -0.143583668719069 -0.890244760424002 0.432259177594628
 0.0602081976664745 -0.988720400236208 0.137138408516753
 -0.233822651308902 -0.567158191993156 -0.789720553733997
 -0.905421685042548 -0.16362223563678 0.391713334289164
 -0.668988152803697 0.30782370261368 -0.676534862011931
 -0.165156729562518 0.578625315642961 -0.798696437188308
 -0.779289278979743 0.120817531451877 -0.614907589610917
 -0.447552601464447 -0.142707366938347 -0.882797415234056
 -0.154940130292861 0.0781365662897755 -0.984829037464511
 0.309370074881382 -0.550865812148231 -0.775136771011515
 -0.339556288871365 0.324435335531738 -0.882860826940642
 -0.129127461142196 0.958674973989108 -0.253512116132453
 -0.919860174364173 0.389534412527464 0.0460456412225596
 -0.087876853502897 0.176501106615812 -0.980369837348041
 0.429025265578158 -0.901303304775749 -0.0599138906757392
 0.22867745126629 0.0789027649630837 -0.970299426447081
 -0.10180320896188 -0.222259918756144 -0.969657999069557
 -0.970681039210151 -0.2345636374909 0.052518759362148
 -0.467660895327893 0.104320804012299 -0.877730287065076
 -0.586950509742862 -0.721092373882956 -0.368123467657846
 0.0966867123516574 -0.964750760545128 -0.244760392388608
 -0.164987366616675 0.738688118813548 -0.653543443070617
 -0.657262696291631 -0.119523093669045 -0.744123630953376
 -0.078222740093842 0.0434145011568848 -0.99599015257256
 0.242264348475695 0.424092030522594 -0.872613279239361
 0.383350474740595 0.456480878542392 -0.802911963443893
 -0.859535981931873 -0.0639795791905069 -0.507054739856573
 0.190116950209599 -0.37593210342685 -0.906934726899387
 -0.297195960446068 0.309016520895047 -0.903428663984302
 -0.890341148170837 -0.296931643077028 0.345143794980313
 0.177829419079553 -0.214449883668107 -0.96041030039487
 -0.837368205499727 -0.338003336941062 0.429614050788465
 -0.86660771960037 -0.484745734856911 -0.118374967231592
 -0.0127159745306845 -0.822869488284811 -0.568088117497302
 -0.295822787247191 0.421177927950217 -0.857378581230523
 0.539389621309526 -0.824397908899268 -0.171542776665416
 -0.143779060568551 0.523251320668583 -0.839961687912376
 0.0220153710648771 0.377676282119994 -0.925675941872152
 0.366502933831946 0.546341318340853 -0.75311802751372
 -0.882857203382708 -0.292585975544431 -0.367364404032259
 0.197654924829343 -0.978576699139459 -0.0576209561880725
 0.0989315242662216 -0.132225007693451 -0.986270298065814
 -0.137049269971483 -0.979302064432624 -0.14894617886433
 0.190845438808626 -0.55302848803618 -0.811010178670009
 -0.892350802390876 0.343528787014206 -0.292742238095066
 -0.333885417670394 0.0162741852771278 -0.94247317137446
 0.198526817305388 -0.970662630003045 0.135650881037191
 -0.975915673951673 0.156022201982228 0.152465306952331
 0.227908701442332 0.576132385864055 -0.784938913397381
 -0.532814864718543 0.145044426329626 -0.833708842657717
 -0.857236656255886 -0.135670749384969 -0.496728057323671
 0.636355974736597 0.472671270285172 -0.60961704673019
 0.406384401498636 -0.230502935623894 -0.884149373628327
 -0.932550430606033 -0.328805239186252 -0.149120116215665
 -0.172564744336147 -0.473805685269123 -0.863556356944268
 -0.401813377162992 -0.0302952198262602 -0.915220306586644
 -0.561626902494109 -0.258666614919079 -0.785917810410973
 -0.262176602050349 0.468181045868077 -0.843842365390128
 -0.246600170672874 -0.494790315133179 -0.833289205423015
 -0.593924133451245 -0.800700890551311 -0.0783084131784395
 -0.137242089867638 -0.892789649027179 0.42905856401975
 0.400596799337835 -0.0657398325153552 -0.913893034649644
 -0.648916813706297 -0.760379587016802 0.0270157831169976
 -0.909900172593415 -0.0822044058489445 0.40660067827476
 -0.954695122756494 0.286889491517368 0.0790673272715621
 -0.0722903995147935 0.6503778094255 -0.756163211975351
 -0.973519472256192 -0.180624810765337 -0.140123213187576
 -0.302832160030537 0.221529061160533 -0.926939889050295
 -0.437368135540889 0.511252628364347 -0.739817453162626
 -0.885444486586112 0.237816803876712 0.399288403247731
 -0.489223793964806 -0.317267049137236 -0.812404886094632
 -0.347481277049512 -0.100293953975358 -0.932307827327449
 -0.432215015035217 -0.900948612383356 0.0384938777289531
 0.0672025972266631 -0.911507610954693 -0.405755697554156
 -0.413719025707396 0.358832619265294 -0.836705276139055
 -0.95607413222613 0.114004782635374 -0.270046594543078
 -0.489382762756047 0.289031688327268 0.822778946412673
 0.204602296043127 -0.976910126423478 0.0615183334067519
 -0.129949971717448 -0.848462770669658 -0.513053536814825
 -0.848665084818584 0.508336547734806 0.146155834802873
 0.262269473689333 0.319921352458101 -0.910420260875218
 -0.879106017488629 0.0449957416172658 0.474497621966217
 0.688767306622221 -0.721522662265437 -0.0707435167755199
 -0.998329428489157 -0.0128371364196499 -0.0563343602169747
 -0.390228473749438 0.499584871999228 -0.773392975106898
 -0.0961923452841773 -0.478831310273961 -0.872621114235755
 -0.974607974131181 -0.223854464366766 0.00533624802494742
 0.409370898605147 0.550610544418314 -0.727491234140029
 -0.468320108795829 -0.869034134245664 -0.159549206244823
 -0.0744096397235038 0.0443390222112657 -0.996241565397453
 -0.241856451514365 -0.693414025452527 -0.678735917840365
 0.159880526549065 -0.582074405963164 -0.797262568513676
 -0.990576119416116 0.126509423188381 -0.052481591887558
 0.100912284421492 -0.385425285217585 -0.917204481218763
 -0.982986995709211 0.183465722108979 -0.00876898384136056
 -0.266266499044012 -0.00151191045984888 -0.963898265178233
 0.0885604652030354 -0.979718057684618 -0.179748634069082
 -0.912755969276633 0.301935677201752 -0.275157023138777
 0.381522870579795 0.17087830090311 -0.908427710665532
 -0.936010903586123 -0.145779302888907 -0.320362268716392
 -0.979307509544804 0.161081257403952 -0.122513796212162
 0.128540380004065 -0.9756167897539 0.177902361588333
 0.000770914347090554 -0.58257343580825 0.812777704899464
 0.00592423734744482 -0.937065074095637 -0.349104497710914
 0.0425857829561089 0.498325783236176 -0.865943338130196
 0.633608028798859 0.172077836058029 -0.754274541648604
 0.265961870728143 -0.116995532844882 -0.956857527855181
 -0.958299062021766 0.28573498287198 0.00429270210382694
 -0.284471128317684 -0.922493563372246 -0.26092489856363
 0.107707392068434 0.134823113431301 -0.984998398871037
 -0.200227111810819 0.0183910941597478 -0.979576883838888
 0.118037958222915 -0.54306581793708 -0.831352246527846
 -0.155545689992493 0.242014455553935 -0.957723624866638
 -0.843647905153099 -0.500161833708893 0.195182868694322
 -0.3046301115882 -0.936298760538694 -0.174771639940427
 -0.0833977747472444 -0.840964238122573 -0.534625066159574
 0.108293751875159 -0.968755472715488 0.223126191623916
 -0.0557192368884351 0.13532521777593 -0.989233264743189
 0.0410665130251934 0.538689142176119 -0.841503148900531
 0.245426199451698 0.520699034527231 -0.817703183352679
 -0.93216664359233 0.0280480807573948 -0.360941343904569
 -0.888168449658005 -0.427872900228151 -0.167575613626942
 -0.938387498739525 0.342639337370121 -0.0450242900659443
 0.475265851646708 0.135034321774116 -0.869418255042723
 0.168927423580708 0.282184342534813 -0.944370437058774
 0.330944606446722 -0.943281439767667 0.0263778856935307
 0.050305359460911 0.821766540439954 -0.567599439589979
 -0.987999946155172 -0.0440348555877848 -0.148044040375628
 -0.69797121237579 -0.71111103533837 -0.0846007217147753
 -0.15041477230837 -0.953477873271094 0.261257232347455
 -0.729040231918133 -0.0120930158316459 -0.684364010752209
 -0.0204461317790493 0.581125843137508 -0.813556826615692
 -0.709130676157662 -0.386619511946072 -0.589626184217389
 -0.190968546549959 0.116446455702969 -0.974664679355322
 0.483728242952402 -0.138252379308515 -0.864229869065931
 0.0120459620881716 0.794968819850465 -0.60653068369451
 0.3779841539167 -0.915198416388025 0.139784970682573
 -0.029719973283204 -0.00929071210889794 -0.999515085357172
 -0.989957834536769 0.0745947106250743 0.120079619361628
 -0.383157625118361 -0.852040560985335 0.356675085686474
 -0.10555323826882 -0.174587874217009 -0.978967613390429
 -0.116192029379503 0.173260755059992 -0.977998017924737
 0.122416220169344 -0.979033666546636 0.162810776079785
 -0.454233205254133 0.555332228420937 -0.696619201085925
 -0.93765844512516 -0.138492145137929 -0.318773534065427
 0.643157247258883 -0.443125865136783 -0.624490370578405
 -0.0140867648883108 -0.35943553286731 -0.933063588812346
 0.245895664220858 -0.165942345378153 -0.954986104782568
 0.166810171044918 -0.184031551719117 -0.968662353355295
 -0.976121603214272 0.215787931433363 0.0249436241574827
 0.304855785548762 -0.776451832496844 0.551530145893895
 -0.698449609242224 -0.0413541505479863 -0.714463419344783
 0.0401139380719864 -0.983247776586914 0.177805179365641
 0.198444356653441 -0.980103912217533 -0.00401977216882105
 0.221281018636348 -0.057197822525884 -0.973531262923568
 -0.216228454833846 0.134596230040076 -0.967020739270449
 -0.406016270631767 0.0595082411017208 -0.911926289358549
 -0.689689032141694 -0.161445162597857 -0.705878529505753
 -0.954911451097275 -0.205637686713382 0.21414308853303
 -0.227106431594418 0.215764633017393 -0.949667463835273
 0.453965273136521 -0.884603827410881 0.106731435463527
 -0.0577848622356656 0.986410002797569 -0.153805773875058
 -0.940514707361483 0.0292738166321933 0.338489481219918
 -0.437210801255521 -0.118833355208807 -0.891473695043955
 -0.93653168200309 0.34221075121475 0.0761591121107611
 -0.0603498191992631 -0.100524798289754 -0.99310254468077
 -0.252029101372024 0.232843114983346 -0.939289846568386
 -0.154299271950646 0.103852590012746 -0.982550952481929
 0.0230811777970098 -0.890601115214459 0.454199199482194
 0.303076931151952 -0.0107594515734567 -0.952905351021471
 -0.182720791736415 0.143476355913813 -0.972639526012032
 -0.81200638346911 -0.0434335773036872 -0.582030203312527
 -0.940063699694191 -0.134449218203029 -0.313374613269588
 -0.52839474867239 -0.477485244177254 -0.702002016498835
 -0.045355083908403 -0.998935188045758 -0.00845023358536199
 0.206965033760876 0.0918356765283731 -0.974028584445516
 -0.427692591430933 -0.902300538837082 0.0541551922663371
 -0.957694792916197 0.0483248494985662 0.283699475752324
 -0.242052647753682 -0.927671873153501 -0.284315689815577
 -0.289526948712956 0.0938340252703282 -0.952559353358379
 0.331928259090696 -0.765742808340439 -0.550873472125785
 -0.283102945095621 0.135484746263574 -0.949471751032163
 -0.368666143714223 -0.407603628790741 -0.835430760910504
 -0.10423056296183 -0.0422899677666928 -0.993653636017577
 -0.894532857410645 -0.446993353092776 -0.00281234841790485
 0.00844617379216996 -0.441182336131018 -0.897377740104049
 -0.32128939920906 -0.107646448758892 -0.94084290082111
 -0.0788430827070823 0.361097152203085 -0.929189224528603
 0.150711897764067 -0.846448469970035 -0.510696496519939
 -0.998889837469891 -0.0462762012534979 0.00880941524287178
 0.0794424361506837 -0.988198697044582 0.130966539611597
 0.00899981141061105 0.755663777622629 -0.654897899358115
 -0.335399498725032 -0.245335982056357 -0.909569916039136
 -0.429320493829346 -0.882196926812261 0.193423100743239
 -0.880741312627733 0.468077071107202 -0.0721012880223378
 -0.837772151553277 -0.152771603132446 -0.524212418164751
 -0.597933504786171 0.650099135112244 -0.468878063445539
 -0.907360325244526 -0.0288691507075707 -0.419361195521918
 -0.393804433097892 0.113169369003068 -0.912201053711239
 -0.943060471401305 -0.210968345429927 -0.25715618698936
 -0.269207284285983 -0.0669985729776423 -0.960748993913772
 -0.49949474095323 0.319075384374528 -0.805416602042889
 -0.557435609634097 0.58766816978687 -0.586439820724354
 -0.946812829730248 0.317655761574014 -0.0513836802597277
 -0.0457176275258495 -0.18488923862549 -0.9816954048858
 0.124291925112313 0.0271210286825257 -0.991874975566516
 -0.848449127297618 0.324248835868657 0.418326153647762
 0.209670408141149 -0.683250233658264 0.699433655292518
 0.194426337073899 -0.941733216616875 -0.274475769736529
 -0.154910618399068 0.211194099971252 -0.965090541060553
 -0.531676992928275 0.352218730423762 -0.770234731188759
 -0.666764337794908 0.513669950444439 0.539970832411646
 -0.155914091397814 0.545433968919468 -0.82352448758513
 -0.560626686871234 0.0696508799666394 -0.825134215075133
 -0.0611417581054031 -0.0813537505040289 -0.994808148687328
 -0.170734351767943 0.809795156015851 -0.561321286269855
 -0.2245569041407 0.0568038724614047 -0.972803945754813
 -0.742957884000237 0.131794485885925 -0.656234558745541
 -0.395237253787115 -0.0877004131648411 -0.914382934415082
 0.0812214067372936 -0.940288434694554 -0.330546127896366
 -0.489919121234532 -0.857549918057385 -0.156803675621959
 -0.983646163014835 0.166553733630998 -0.0685571280011632
 -0.039766342690286 0.534017743331547 -0.844537558546759
 -0.545887488636033 0.779739463160578 -0.306615751944839
 -0.921989375122385 -0.197377442782429 0.333133212457274
 -0.611891634008476 0.274464207331863 -0.741793790162825
 -0.631448064452563 -0.209581117991392 -0.746558167111305
 -0.304237542942718 -0.158562236997395 -0.939306943689101
 -0.636428205053589 0.27936561821706 -0.718967308832931
 0.075206798429145 0.748253785038145 -0.659135957634028
 -0.274965494878396 -0.497568373424251 -0.822690519207694
 -0.0221938299629499 -0.978744383847123 -0.203879535508819
 -0.962878114070555 -0.0740694196588959 0.259575535278898
 -0.866637846121468 0.20142365745664 0.456472730715355
 0.147470773311064 -0.743351505000558 -0.652442266436229
 -0.908868938748258 -0.179108865850437 -0.37666598778279
 -0.378775814384666 -0.0835087372743427 -0.921713172975237
 0.0744421447454998 -0.126616408398868 -0.989154513819687
 0.183099727987515 0.265877239634525 -0.946458547985713
 -0.986657880970309 -0.136274709235013 -0.0890810279582111
 -0.643746747191213 -0.326109718650363 -0.692273484168297
 -0.835665777498586 -0.282433760327239 -0.471056131841099
 -0.404021449913438 -0.235990205816871 -0.88378464049131
 -0.165264060649516 -0.819369277874948 -0.548927842919559
 0.553640299320637 -0.832384934016945 -0.0248543877365844
 -0.0274906674003542 -0.99947006058938 -0.0174316147084394
 -0.493594329429561 0.14067043927001 -0.858240330834298
 -0.450646145317719 -0.191033827041281 -0.872023009235561
 -0.860807440851315 0.41665802110454 0.292244150025726
 0.00553122307191355 -0.888720508134786 -0.4584160381051
 -0.938374900914996 -0.306561612770144 0.159601136927467
 0.495523454524659 -0.860224060263379 -0.120295769501402
 -0.874094704193724 0.361833805844272 -0.324090643260084
 -0.369660129654801 0.797012097959817 -0.477622344796898
 -0.135430289252161 0.709765320200774 -0.691297205978275
 0.147213511929766 -0.987730856052311 0.052114661156652
 -0.473614719173008 -0.702815640039942 -0.530791177298493
 -0.364803067496219 0.0839919978178365 -0.927288556085924
 -0.177591883510722 -0.340507211606534 -0.923317909365489
 -0.88538975190896 -0.249746576175213 -0.392060754097307
 0.529626665311543 -0.834501528961628 0.15199603136819
 -0.207371744956299 0.391569324366675 -0.89647667209404
 0.171325456543879 -0.704367106622553 -0.688850177504662
 0.395509944262389 0.818811109466293 -0.416077217598056
 0.317683190904567 -0.320362576323527 -0.892437790497492
 -0.692883240662831 0.30700113140604 -0.652428632207374
 -0.509218768866928 0.19998137749515 -0.837080458551502
 -0.162421320790887 0.5654858450779 -0.808606872076337
 0.232983761001646 -0.277793437694409 -0.931959963240616
 -0.913025932532445 0.00898065231235994 0.407802641491326
 0.10342352913276 -0.258704619954078 -0.960403817795484
 -0.0166128113500346 0.343727821297539 -0.938922360669452
 -0.752123656408793 -0.63487695576886 0.176751963225115
 0.624195632987315 -0.642584498588992 -0.44437031171389
 -0.381170559966962 -0.899289290327477 0.214447607859765
 -0.0968239044833737 -0.827624997744362 -0.552867067774197
 0.251975886506527 -0.572530816116417 -0.780202933355367
 -0.77498481247489 -0.114696957065909 0.621484632531715
 -0.461460082229387 0.0192367340311554 -0.886952389123938
 -0.958043205878412 0.155022015360745 -0.241083782996092
 0.0482432685176204 0.429014767144549 -0.902008268595496
 -0.865975970594662 0.0402384975516725 -0.498464122748485
 0.245299343708482 0.195801860013798 -0.949468200410801
 0.666569201073842 0.142350701486439 -0.731725206594729
 -0.534510652646909 0.0468477453629265 -0.843862341239011
 -0.927929088820325 0.152656849425035 0.340063953462733
 0.323247250157906 0.217141531744231 -0.921065019668602
 -0.577534921265619 0.327505772027217 -0.747792340163746
 -0.304396727436823 -0.808871771952496 -0.503059726935263
 -0.100259875265486 0.784974556797744 -0.611361515465223
 -0.349665628710916 -0.201012700785287 -0.915056196209394
 -0.972618109558358 0.0380816777442841 -0.22926796282801
 -0.859888454422879 -0.0424423426561885 0.508714550116357
 0.799476336996876 -0.596271217873591 0.0727888818268415
 -0.796489892752949 0.125395568593745 -0.591506383836597
 -0.56808826636443 0.297694312310063 -0.76723778454746
 -0.497049471187984 -0.851694815218974 -0.166005315941578
 -0.881145806682644 0.471071318691197 0.0409130794750149
 -0.894637824710635 0.151290013959265 -0.420398018874054
 -0.191371162986574 0.10503978388241 -0.975880997754902
 -0.898250195083411 -0.280217070385955 -0.338563111541892
 -0.47702784068571 -0.205759317047891 -0.854463306794806
 0.365444777218261 -0.911144539638578 0.190435665490213
 -0.187731829126395 -0.450346138494529 -0.872894676278831
 -0.993068399555762 -0.0858952035104066 -0.0802319625689396
 0.535732251467032 -0.0593212632595775 -0.842301574534532
 -0.0193792497302564 0.155466341316908 -0.987651082820966
 -0.998310422011726 -0.0577562623018274 -0.00636517617139127
 -0.158266076071196 -0.866733418287156 0.472995804198397
 -0.667535568021512 -0.325595141115121 -0.669614866552724
 -0.841398994365158 -0.283179830641053 -0.460279171589815
 -0.527599626568446 -0.105544473115412 -0.842911026289031
 -0.766569584763194 -0.126178381380611 -0.629642825567125
 -0.122171738915371 -0.901311695282602 -0.415585483573713
 -0.809902509724318 0.359104849028885 -0.463790504588218
 -0.994825908919442 -0.0833945008193454 -0.0580238586763912
 -0.471978012498535 0.575291122678588 -0.66803957957979
 -0.894235622628019 -0.251287187024791 0.370401675023542
 -0.263920526926877 0.56156314305574 -0.784214761291827
 -0.956048679495289 -0.0700146699344848 -0.284725953206374
 -0.792244686637189 0.0320632455963817 -0.609360570415388
 -0.69522025642696 0.0138345151767161 -0.71866362176157
 -0.404429093578599 -0.91338242557786 0.0465795331953635
 -0.900986744024078 -0.150847576950811 -0.406777452203241
 -0.0206576465912973 0.685944885753324 -0.727360210175239
 -0.237916414974047 0.568779147005404 -0.787328433004742
 -0.911240592820738 0.259947526466635 -0.319480618316021
 -0.915242632020094 0.361456235006567 0.177989647754604
 0.0100912339929556 -0.0626212489124097 -0.997986345688732
 0.672902325428744 0.570105057732866 -0.471362581862406
 0.183939012878396 -0.00148797072730453 -0.982936531768169
 -0.779097256646589 -0.251546964691666 -0.574222595549992
 -0.921180063081265 -0.288771378102385 -0.260841681045126
 -0.131891987346242 -0.416708744988472 -0.899421105780819
 0.0303614156043141 -0.997615475302674 -0.0619802216769363
 0.0306534074969199 -0.508031302292876 -0.860792985856316
 -0.587063610665118 0.622927504261937 -0.517027698935782
 -0.761825923054062 -0.4280874471913 0.486171163809684
 0.404412729179493 0.600915861437469 -0.689456649797838
 -0.87025848026994 0.174403883621051 -0.460688032073928
 0.163998091707092 -0.944473855556976 -0.284734546702316
 -0.489171617690236 0.328185755911669 -0.808087395065041
 -0.581134668317854 -0.535017744792067 0.613219789338789
 -0.683804156389737 0.246810245049782 0.686656084690573
 -0.105251568139747 -0.990377780199091 0.0898552162762188
 -0.966152636667026 -0.081876828624811 0.244632924185802
 0.320686622565168 0.199588129320916 -0.925918284052066
 -0.333396980644436 0.256291994805754 -0.907282131806673
 0.501019085433114 0.271032609407962 -0.82190096767754
 -0.307522639542002 -0.268441689999745 -0.912890401548401
 0.407815721430608 -0.266473401717189 -0.873314527264549
 -0.858537220632677 0.466487633769913 -0.212845315494763
 -0.655980687463002 0.0625177363146938 -0.752184066782629
 -0.219514142232117 0.371568028150247 -0.902081338803012
 -0.29133303027629 0.154493298211226 -0.944064026577568
 0.368832808290964 -0.00566504778494886 -0.929478491823127
 0.0781988342187275 -0.889657724492326 -0.449882290802792
 -0.926142277719728 -0.166205580252275 -0.338579660513029
 0.0458021106831836 -0.971007007875152 -0.234622158617446
 0.0284789526978088 0.255340670884437 -0.966431627713788
 -0.177578405564442 -0.381712046345192 -0.90706219387215
 -0.994378789927574 0.0256986704174744 0.102715142413117
 0.0362147406330969 0.0407232022681283 -0.998513952510383
 -0.295176506499354 -0.204503797764099 -0.933300073240594
 -0.743227047385838 0.47049082616532 0.475659477492463
 0.0223989110055276 -0.11827292779971 -0.992728464050191
 -0.647720613569518 0.659130947763583 -0.38210522170916
 0.0870848517231894 0.163813793910337 -0.982639949078528
 0.339854463815219 -0.201405713506848 -0.918659176186505
 -0.0666553409484021 -0.996849900938889 0.0429806994030905
 0.116753284536195 -0.370294228737836 -0.921548075096173
 -0.139873507094472 -0.49165826732778 -0.859480977207372
 0.258865568240083 -0.0846156286965067 -0.962199985948885
 -0.397567772441935 0.424244990633306 -0.813606817964368
 0.0262228756475233 0.208290617833098 -0.977715387684719
 0.383553741122718 -0.894478839478772 0.229769739947359
 -0.989091560551377 0.109144274443506 -0.0989212424216522
 0.154208464103454 -0.411922670694966 -0.898075421646968
 0.414600260957879 0.629221996757505 -0.657408778774787
 0.3186553085214 -0.937270997518425 0.141357247999344
 0.24751339726782 -0.205855595805801 -0.946763218470374
 0.048772709833939 -0.232055425335725 -0.971479028259339
 0.325376702589732 0.212714639095296 -0.921348188106099
 -0.252902042980884 -0.440889102631578 -0.86119530644147
 -0.240134388139272 0.606119595405937 -0.758257549713764
 -0.300641814010372 -0.611366349936954 -0.732014812577805
 0.163308720337649 0.153768573224316 -0.974518079745182
 -0.169692536374991 0.676223694811979 -0.716886293406045
 0.24181446754083 0.16719038966109 -0.955810199199045
 -0.584894708922612 0.323331252949216 -0.743878404270902
 0.244608911890876 -0.960663895502602 -0.131496616311327
 -0.535689492441194 -0.784640478074483 0.312051418607804
 0.228279734222974 -0.00185269840909512 -0.97359382211048
 -0.552701157693687 -0.00409322316670236 -0.833369471367992
 0.50962750685658 -0.854559854364695 -0.10003629123142
 -0.18020578351685 -0.422759556095063 -0.888144263798052
 -0.840472767705606 0.231754787917408 -0.489791021786471
 -0.946157528545504 -0.0753980685299284 0.314803212243173
 -0.976867615870488 0.122905332412851 -0.174996972339513
 -0.14245144369766 0.0578184033959345 -0.98811164268882
 -0.736287348149244 -0.217924388310291 0.640616813653013
 -0.950724195241913 -0.235213052644974 0.201985951113063
 -0.0345078993724272 -0.986696735785625 0.158867103173989
 -0.440597300990364 0.00520719564601607 -0.897689759033437
 0.0904375889668034 -0.192004134013264 -0.977218222826247
 0.85164029545221 0.0341142077176773 -0.523015322905427
 -0.651945904404668 0.144186890699076 -0.744430438846043
 -0.203969654163664 -0.824189107056073 -0.528307387787137
 0.0685751749119232 -0.685682707715103 -0.724663142243542
 -0.134925951132297 -0.896532448680512 0.421929563048112
 -0.365239556375817 -0.195456364979178 -0.910163103980557
 -0.559418560346712 0.345519501869035 -0.753436890633705
 0.361022623815274 -0.774514221996518 0.519413500997678
 -0.049993127058951 -0.375720144323218 -0.925383736833865
 0.108681505603623 0.176589664696032 -0.97826602755195
 0.284583831446054 0.242299758217747 -0.927525131760377
 0.393940419382732 -0.718078813224228 -0.573736667797206
 -0.945918769006553 -0.156118372192499 -0.284367256035379
 -0.429422825131398 -0.714234473878274 -0.552689020679798
 -0.890578977100422 0.345476240358572 -0.295829770128821
 -0.395904406639257 -0.145183712001297 -0.906742185283746
 -0.855815576298506 -0.0950912180028661 0.508465691687833
 0.556435557730184 -0.677249806108077 -0.481364903394578
 -0.97352329214055 -0.193672041770496 0.121422979276053
 -0.190843035905692 0.971617164033441 0.139782052502861
 -0.131939653186064 -0.91325811735265 0.385423843329179
 -0.337389930935763 -0.887536968502269 -0.313761316999026
 -0.808467286748286 -0.0298501313064725 -0.587783647202651
 -0.908723873028752 0.311282410401934 -0.278072263201468
 -0.275162532844654 -0.92735765797775 -0.253561343087894
 -0.781335207685931 0.604854423519069 0.15383894038831
 -0.895159396352692 0.196847701417248 -0.399925790076396
 0.115045766555491 -0.980963498595448 0.156445153395812
 0.192717187999455 0.262712804360754 -0.945432212204816
 0.103800806011857 0.177656495291431 -0.978602862427887
 -0.302098673036748 -0.924448614625401 -0.232661020943804
 0.20686037024373 -0.964857438543969 0.16204601355479
 0.00887074116417665 -0.953324848489943 -0.301816240787047
 0.199773683437875 0.320529361346473 -0.925932721055091
 0.307234621966128 -0.332454040777127 -0.891673257329326
 -0.27506550778242 -0.854287989024404 -0.441056683700678
 -0.151344305597388 0.166611237544313 -0.974338543160024
 -0.699523937478235 0.480481823644434 0.528964533822699
 -0.448750618935336 -0.083250402707495 -0.889770898857786
 -0.981884052351855 0.0290938644190636 0.187235826673916
 0.317335145743639 -0.234949722796552 -0.918747534981012
 0.514134859865469 0.127043349080273 -0.848248391289711
 -0.994162598429532 -0.0966250759594678 -0.0480033600872673
 0.496898449129863 0.640106215833777 -0.585965838341536
 -0.140924253464249 -0.756084919633533 -0.639121231917934
 -0.948026981268851 0.215724747002214 -0.233896721475743
 0.376049290039783 -0.922901680223561 -0.0827007865809244
 -0.711187760240641 0.357944614903912 -0.605051751790862
 -0.891529272363659 0.198622740937038 0.407092819024585
 0.175797020223624 0.228728506053926 -0.957485602084352
 0.511401667631069 -0.856090487269371 0.0746820724876657
 0.207675198051061 -0.342012598652935 -0.916459706957769
 0.00675621494530232 0.199301996602766 -0.9799148267629
 -0.635431845957199 0.772109643734021 0.0085479352097399
 0.331081867291075 0.226682349532271 -0.915969382436763
 0.274820851774915 -0.930821867152324 -0.240923537789008
 0.3137019791343 -0.535711471119004 -0.783967019713671
 -0.232083605577934 0.226467001221724 -0.945965061394757
 0.237260138667878 0.548839038669685 -0.801550582453432
 -0.0469995873764117 0.154670275605146 -0.986847579229273
 -0.873637363400496 0.025512879637195 -0.485908273487134
 -0.335303300604888 -0.926919716718245 -0.168497879400414
 0.182753927444778 -0.928177616910148 0.324171734533577
 0.221973854241083 -0.325185098384803 -0.919229166107029
 -0.327244036499332 -0.922541343930539 -0.204520926348526
 -0.727924847191083 0.199421579155474 -0.656015587169219
 -0.143397365270155 0.461537342547938 -0.875454440315066
 0.0616314871797736 -0.0561196954428417 -0.996520014636642
 -0.727407375732114 0.0731099722247092 -0.682300111162105
 0.33043651422115 0.111082270431766 -0.937268605718286
 -0.99027954608108 -0.13529849508798 -0.0322604686943194
 -0.239010291688999 -0.276405358333712 -0.930845936957965
 -0.57914925994569 -0.237607720008707 -0.779826074260552
 0.0248737321800461 0.756268468939668 -0.653788421689377
 0.00843495352650986 -0.183152863180972 -0.983048259378764
 -0.986801975891481 -0.158089740062816 0.0350641478370804
 -0.397171721146362 0.39612091951032 -0.827854359804873
 -0.410599683810625 -0.850761053480105 -0.328045011448181
 0.600713642591255 0.349829882348085 -0.718861720375394
 -0.855620097514269 -0.352141472338276 -0.379355548514984
 -0.0981753951912859 0.780168877674149 -0.617817217377189
 -0.223246146614842 -0.769017398176531 0.598976960594832
 -0.161053446993963 -0.212003826686405 -0.963906719906903
 -0.10660828533229 0.343143532002552 -0.933213367855028
 -0.905046603925031 -0.296618103329944 0.30480870312495
 0.0911097361707663 -0.980516255824974 -0.174031284652693
 -0.986550715926517 0.0534093281098794 0.154483424922312
 -0.373532420426795 -0.875179769196976 0.30746366041929
 0.675863745048371 0.437627165667364 -0.593035127120763
 -0.335594622200855 -0.610941726173035 -0.717026120005804
 -0.0587585628498185 0.216339804646832 -0.974548367305181
 -0.295910437533835 -0.179885958955643 -0.938124754352609
 -0.370868337467036 0.887574975638951 -0.273253250454502
 -0.3477560817319 -0.300999438168046 -0.887955542716524
 -0.2987666995518 0.0875324740574911 -0.950303385884897
 -0.01330854220929 -0.162466271788198 -0.986624342511124
 0.104849260621661 0.329209404969314 -0.938417710951174
 -0.783984297240037 -0.01866609970697 0.620499958422864
 0.0872348964230835 -0.825790013471513 -0.557190206748801
 -0.173460101514148 -0.448075339588096 -0.877006318811737
 0.134313552901507 -0.074980754362801 -0.988098049781579
 -0.733595599209377 0.483216682524529 0.477848443076488
 -0.0297835836059094 -0.830505873263061 -0.556213028095486
 -0.972039956094585 0.206037885593766 -0.112635311761845
 -0.00845418214592445 -0.9648825616447 0.262545556119705
 -0.965571029730973 0.223437415153974 -0.133222776031653
 -0.930726690004489 0.338042523821083 -0.13955314615572
 -0.888876650499507 -0.453495944299669 0.0651131991268132
 0.204748335047706 -0.161429990509364 -0.965411040676115
 0.358717035220199 -0.877853100692014 -0.317326365510727
 0.0373017255847879 -0.97055128093792 0.237989059282479
 -0.383594823260438 0.465215696963714 -0.797765232926554
 -0.759299758131257 -0.596548981443474 0.259986903594331
 0.119717938065919 -0.983202064789003 0.13777269359306
 -0.53071710973793 -0.486592085623574 -0.69395064063658
 -0.00182982258086387 0.0549116309316438 -0.998489541526475
 0.677319008543654 -0.0988112966317063 -0.729023516989268
 -0.952474072047438 -0.255543219882224 0.165803512778217
 -0.254923700046621 -0.750592477782508 -0.609610399723345
 -0.930489730251941 -0.356563450321559 -0.083972422797338
 0.458494603032187 -0.88830861133371 -0.0262775573585752
 -0.0683312483144896 -0.954277767280939 -0.291006500575312
 0.16683877154431 -0.466041496307027 -0.868890181800608
 -0.0122102306361578 0.455795444595206 -0.89000079941204
 -0.670313998690174 0.133708056224716 -0.729932393349273
 -0.178505371419056 0.18324379681056 -0.96672516430731
 0.556542309097282 -0.785273349560587 0.271305039862075
 0.347079933836192 0.310824457804953 -0.884829744051657
 -0.902332257084613 -0.120607031236275 -0.413824167782599
 0.502103813920511 -0.855334506622944 0.127650467396565
 0.281044016939702 -0.132580151925332 -0.950492905737782
 -0.0825144775727608 -0.920547270514752 -0.381816819612146
 0.172197438759921 -0.983833531559613 0.0491896763911261
 -0.0436540694279853 -0.853536147547107 0.519201663183796
 -0.925860365243763 -0.368158259147465 0.0851004129966117
 -0.238487497757094 0.259691947905382 -0.935779784782012
 0.0396260596513553 -0.905358779738357 0.42279457819038
 -0.597958144352383 -0.456179331619031 -0.6590496756742
 -0.1128097280791 0.127501210306795 -0.985402154767799
 0.392393075647135 -0.486204969112108 -0.780789601746127
 -0.945764375245338 0.163299232946885 0.280825759209789
 0.510472229147953 -0.854367685251773 -0.0973342779612941
 -0.410360129318271 0.375562157565165 -0.830997972362683
 -0.365383167568121 -0.92356150728166 0.116315446633344
 -0.321182093156416 0.148736237498048 -0.935264451741104
 0.450589893911618 0.108623214800723 -0.886098044637879
 0.307754626250367 0.449878900845081 -0.83838896974848
 -0.966644000150243 0.0546145629564634 0.250233144260732
 0.470809160277212 -0.86581811313981 -0.16940404233101
 0.279908629003155 0.42139718457313 -0.862598152237421
 -0.19800936745101 0.593566681352343 -0.780045437900907
 -0.238314206661036 0.385263345337998 -0.891503501755599
 0.439447033646646 -0.875815513086816 -0.199583295031523
 -0.393207986733891 0.143110986129205 -0.908243758479962
 0.30010700638446 -0.941623854972579 -0.152578833609178
 0.00453668649623178 0.542616507907337 -0.839968299295921
 -0.897263657982554 0.323775704834022 0.30014533316878
 -0.309613266751684 -0.871709573013538 0.379818437372262
 -0.789404594997288 0.285916049218191 -0.543224077335153
 -0.4625775831552 -0.41931654943387 -0.781150184620837
 -0.0296420986330686 0.446466011606257 -0.894309480252239
 -0.941650921934404 0.0742026017491294 0.328310089875026
 -0.86513336423738 0.426611313452852 -0.263717745548805
 -0.800611203506991 0.428565917999372 -0.4187516623829
 0.135998904766353 -0.876880038163829 -0.461070164478418
 -0.635431292658516 -0.458937079705031 -0.620970071084062
 -0.889292695751622 -0.132379854667814 -0.437760294408871
 0.00979810744941494 -0.857363296730453 0.514618474707136
 -0.90385930209828 0.41964825022117 -0.0832688903295874
 0.274936445552082 0.276735327003016 -0.920775493644201
 -0.997407364407895 0.0555576290731837 0.0457372854098658
 -0.860383101739555 -0.0768295581492456 -0.503823517946129
 -0.198912297395508 0.219291519810533 -0.955167591202731
 -0.00100715681852621 0.0700909451414679 -0.997540096960678
 -0.218503571647583 0.623460082529609 -0.750702147771953
 0.291502492685981 -0.609146940438088 -0.73754071190191
 -0.764397675922086 0.46806715935898 0.443406503532063
 -0.866032638552449 0.491024138858539 -0.0942484165390231
 0.100673090088469 -0.994705243033339 -0.0206496589324127
 0.107806532834653 -0.904980292400335 -0.411568246886437
 -0.881950880430863 -0.43656111599067 -0.177699286752106
 0.0292621523467503 -0.890623940837091 0.453798107585131
 0.390419068460453 -0.877475218601993 -0.278586058017727
 0.185394664139379 -0.93947771736386 0.288115319074566
 0.00323753538319432 -0.792528760310811 0.609825944384831
 -0.934063833668878 -0.0427375719034062 -0.354539496501587
 -0.964925264150421 -0.19531722410398 0.175414983888369
 0.0050924150475429 -0.982816868397255 0.184513063230753
 0.380287939787644 -0.0750069229490492 -0.921821590310069
 -0.218568893278648 -0.596272603064407 -0.772454931841168
 -0.628148878458868 -0.147274958762132 0.764028188624267
 -0.0471751788321575 0.152792633725924 -0.987131659699581
 -0.884821876998584 0.398635164114338 0.241205828943328
 0.207215469072452 0.100644413226499 -0.973104542926081
 -0.855554408678011 0.135915462303501 -0.499553441483936
 -0.308614104940971 0.759143529340123 -0.573112934850109
 0.342073263065431 0.20383746610631 -0.917298299413625
 0.406340961595431 -0.900188701360422 0.156675859253227
 -0.00611930894984693 -0.999158556467548 0.0405553090933998
 -0.521315696231142 -0.828671961117467 -0.203795794168504
 -0.33966866671696 -0.0714684070636119 -0.937825923955247
 -0.119532393991984 -0.501697734236168 -0.856744647050007
 0.100955501626683 -0.980092596285833 0.170957566071235
 0.211126236240969 0.467579340847212 -0.858367795518686
 -0.923801890285052 0.114139729990713 0.365461611586514
 -0.304884253470731 -0.944587281992778 -0.121657135767255
 0.531851455400906 0.668677894760147 -0.519618997388544
 -0.895096666030936 -0.120897834056163 -0.429168582471775
 -0.945825331231546 -0.0495063801436257 -0.32087935602935
 -0.00547104519877675 -0.402995125291389 -0.915185771663771
 -0.00110269410112056 0.48729912474169 -0.873234417033423
 -0.955386086216119 -0.2834554499061 -0.0830086392080755
 -0.121794136794991 0.302694692884753 -0.945273564182226
 -0.914085663300483 0.404187716220884 -0.032858639726291
 -0.408131800871105 -0.168890756292909 -0.897164614525405
 0.00881490617328813 0.0211765487757264 -0.999736890992378
 0.173562577433894 -0.978052322900966 -0.115280897734744
 -0.126699067272724 -0.895671491629032 -0.426286201319309
 -0.991312784900406 0.0977368737359149 0.0880140102786544
 -0.998996723369876 -0.0173422890466065 0.0412891233483465
 0.160000330092341 0.427334615494528 -0.88982302778164
 -0.919748310060432 -0.117707846233142 0.374443465794417
 0.0567565904406227 -0.893889888227016 -0.44467916205625
 -0.904062415601879 -0.00910396468253811 -0.427303482928883
 -0.999373688076799 -0.0284114420843827 -0.0210955336140842
 -0.0655671508412653 0.170703360119011 -0.983138500708134
 0.176075605654718 -0.34277096193106 -0.922770528761176
 0.268566346092531 -0.0904476564767809 -0.959005390591922
 0.455633481927147 -0.877399752141925 -0.15022584693798
 -0.482038029211554 0.242230047539323 -0.841999965833098
 0.641662914014964 -0.307981926453024 -0.702435646700898
 -0.662553211584932 0.430109833117402 -0.61321185023955
 -0.925480812183619 -0.23482306050723 -0.297226170674734
 -0.0499294536628637 -0.970218342598458 0.23703041438269
 -0.746299610190385 -0.06337990111728 -0.662585752913571
 0.293252424860824 0.273504267899119 -0.916077742745786
 -0.988216722207569 -0.1281466414728 0.0837027372824239
 -0.853178313312008 0.200329760837321 0.481616810978333
 -0.935399347023274 0.0916254747182441 0.341515495945776
 -0.500889572328157 0.138500705364819 -0.85435776519346
 -0.965612248805368 0.0537939850437781 -0.254360358802528
 0.292078115888927 -0.448984511609621 -0.844454428938261
 0.0994945111529325 -0.308920051267707 -0.9458695703823
 0.0789115171956178 -0.984892870817851 -0.154139564895125
 -0.206487351136658 -0.958786393374701 -0.195170760361536
 0.0781311057336977 -0.117545493152099 -0.989989185474498
 -0.871468408562746 0.0506331400438455 0.487831013780812
 -0.337283335055599 -0.836374233024421 -0.432108891631016
 -0.214384907116052 -0.0200909985941152 -0.976542607046069
 0.689237163026939 0.331289581166938 -0.64435964066103
 -0.853967400865788 -0.128486620888767 -0.504213116163311
 -0.310178809158042 -0.211893134004883 -0.92676340352373
 -0.951040032141272 0.0434136513948041 0.306003451185276
 -0.499882941114118 -0.383756628602419 -0.776432801462435
 -0.0752110329941836 -0.803319853509973 0.590779581123674
 -0.72183420195055 0.679981622133067 0.128764818392667
 -0.172516790093306 0.265427279398739 -0.948570670264944
 -0.861837543322851 0.111442565343726 -0.494789453756689
 -0.664570050225534 0.382298763060465 -0.6420236008946
 -0.855451768087215 0.346769170165458 0.384647130626522
 -0.941691891494952 0.0719726779333186 -0.32868878156056
 -0.731490811898693 -0.147085022286668 -0.665798158849002
 -0.998335215739708 0.00291764157583803 -0.0576045517436419
 -0.972295377273238 -0.0139568158158658 -0.233338609375676
 -0.964837687506969 -0.187409473283629 -0.184298470123215
 -0.97288848093707 -0.0412658966207422 -0.227563462436406
 0.27706146695309 -0.95750769746288 -0.0800996431273975
 0.132596753197797 -0.342741446962008 -0.930024946749167
 0.402900094002325 -0.914861445841857 0.0264584422267148
 -0.384843410043695 -0.394402469458245 -0.834471234873425
 0.00245362287681675 -0.964056074352177 -0.265687533089998
 0.0487759561088466 0.283354723399886 -0.95777398525573
 -0.689894675565516 -0.232869066403455 -0.68543222461359
 -0.00970805772122496 0.848793870688451 -0.528634768717494
 -0.993858424294948 0.0804411262330927 -0.0759911683573437
 0.854556388714773 -0.328685309595082 -0.402118571771002
 -0.7495874439645 -0.638103939853685 0.175903455889792
 -0.971539122231239 0.186351530991429 0.146235566369146
 -0.574677705032966 0.373547965425874 -0.728153454200578
 0.297636704648395 -0.90789673871039 -0.295187912837029
 0.0261122129734908 0.119757194611823 -0.99245975569407
 -0.995735590977211 -0.0270445850354356 0.0881999052240115
 0.213234547387645 -0.973594178061585 0.0815193488993417
 -0.037757115855201 -0.895567217831225 -0.44332128140699
 -0.221490218514928 -0.929862504720187 -0.293764881185125
 -0.692258609352443 -0.150702049625989 -0.705738556418698
 -0.00482157916575493 0.344128430459802 -0.938910206422117
 -0.505400244150931 -0.232530751095595 -0.830963322299545
 -0.819212355489551 0.0737809569564377 -0.56872443854986
 -0.162284331673101 -0.979609537163952 0.118443870212192
 -0.270903885360955 0.271555137013704 -0.92350901049086
 0.646123517313712 -0.23767918446026 -0.72528132862253
 0.0879237459438224 0.4165084945962 -0.90487020551481
 -0.945517749779213 -0.237514100592589 -0.222672936999867
 0.186569421925073 0.189053279569601 -0.964080239547789
 -0.491234182377302 -0.827641359652826 0.271475151452437
 -0.381341194426261 0.237399473629397 -0.893431801176809
 0.174714794643822 0.458374713992023 -0.871416870450245
 -0.75539405383703 -0.183760233573948 -0.62897694710101
 -0.632813312593125 0.00283323335804009 -0.77429922135674
 -0.304794916124845 -0.926134011767462 0.222206776116203
 0.308365559382135 0.117871793339258 -0.943936926982905
 -0.0387810712392697 -0.94701098920375 0.318851399308313
 -0.201390216472314 -0.493828023576931 -0.845917173155467
 -0.233873332322997 -0.927204332214054 0.292566899617213
 -0.897871755115044 0.0619377056209187 -0.435878460111356
 -0.381364386998729 0.191565351408574 -0.904358292088259
 0.055789387046667 0.0722113441411105 -0.995827829531938
 -0.84090743650673 0.338798207568571 0.422007651324005
 -0.874182848539881 -0.242721680253518 0.420583562747771
 -0.779261990194067 -0.430969409866683 0.454990239893062
 -0.142225244407974 -0.156207290620713 -0.977430950098281
 -0.878488707362826 -0.427746039420263 -0.212816627161201
 -0.730579509111232 0.406006897406232 -0.549010000023092
 -0.489498100052746 0.85470529942778 0.172830729833618
 0.0174086001514799 0.161400287374255 -0.986735470060884
 0.0837855156314528 -0.687348850466904 -0.721478721191552
 0.473815609316164 0.341884024246772 -0.811550418848506
 -0.458025570929543 0.678032609299194 -0.574877688818754
 -0.442980997895154 -0.174675652819053 -0.879349902948793
 -0.912397645697939 -0.306219544719799 0.271588156141717
 -0.237644815011115 -0.929024008079546 0.283618289801889
 -0.142235556493814 -0.490133145454951 -0.859964270301581
 -0.939350179403644 0.337848560594165 -0.0589880543736797
 0.151812725865077 -0.920071652225214 -0.361138548256731
 -0.369582691913843 -0.92103998178184 -0.122857583392424
 0.115046116419637 -0.934215885327385 -0.337646369295939
 0.0440193843125983 -0.912216433250396 0.407337050503224
 -0.940564800455664 -0.00391308000772571 0.339591731272495
 0.133054312296778 -0.904483055410186 -0.40522457039904
 -0.919629779781999 -0.302430036505815 0.250633479721291
 -0.2822056028078 -0.956902503121869 0.0685390200031218
 -0.0755155591715819 -0.997012644526571 0.0162230384680601
 -0.876046412767095 -0.327916081066689 0.353572802200295
 -0.772492115366849 0.309958267448731 -0.554239843512023
 -0.515845775370934 -0.388774139138918 -0.763385750959993
 -0.960765379818857 0.27070279571982 -0.0604142477483637
 -0.919876076165373 -0.384989794379541 -0.0749056921882106
 -0.835231221974436 -0.406545499028789 -0.370283085028904
 -0.986754684923988 0.161836955592263 -0.0111351508830596
 -0.984044641820232 0.143959184391524 -0.104555708281365
 -0.947172959168814 -0.320467491507757 0.0128051671647605
 -0.917400265582992 -0.185554251163782 0.352060183183649
 -0.624481127846966 -0.732989531133291 0.269721464129164
 -0.981987294928633 0.140153318666644 -0.126720163610504
 -0.889983904029317 -0.0603861855798667 -0.451975839132856
 -0.99752175101676 0.0636446767055442 0.0299951892059873
 -0.869975103605061 -0.198623494003679 0.451322530721804
 -0.902521976398681 0.416853187309978 0.108108752406686
 -0.979888692484431 -0.0784215061539285 -0.183489012514923
 -0.943815797886719 0.010435293391505 -0.330307196880858
 -0.954175323009878 0.115340750080654 -0.276126717884793
 -0.919138676154293 0.392959363730222 -0.0276953507663866
 -0.765563116632075 -0.286575128652564 0.57601025172331
 -0.985229699463979 -0.152667473644002 0.0775569583291914
 -0.68850350946842 0.689608746380139 0.224505443955559
 -0.77487972226955 0.261751023651545 0.575367550034614
 -0.733297574021191 -0.205362064224626 -0.648152058171566
 -0.961144107953977 -0.228426158784959 -0.154995140982233
 -0.894075532500019 0.423366786524002 -0.146251517096912
 -0.70790943684214 -0.0167192128630905 0.706105301744069
 -0.977632167000809 0.116010362985356 0.175433582091083
 -0.999288780146621 0.0324817114934856 0.0191539106067797
 -0.486578622334388 -0.353513703587801 -0.798917583773699
 -0.828375697890299 0.158467082865934 0.53729124950321
 -0.947267529678292 0.251868948332433 -0.198106688637966
 -0.805648349717083 0.585043060246762 -0.0930341563902448
 -0.934179259714849 0.0881536774483243 0.345742736541135
 -0.937144200516092 -0.109952380709839 -0.331166455751927
 -0.914589978269878 -0.39409752669451 0.0906218025729664
 -0.872423781607262 0.201727193973348 -0.445177362966406
 -0.655213448336563 0.0630448207551783 0.752808533223991
 -0.968472234439867 -0.248156758835963 -0.0219032911472516
 -0.994514915142278 0.0939962510239153 -0.0458779724159341
 -0.842553662497045 0.276582478691564 -0.462174705380602
 -0.897789928045793 0.19814401802368 -0.393334708894297
 -0.551752812161478 -0.715715869569231 0.428158414980554
 -0.75919203843565 0.302188872574646 -0.576462777695132
 -0.994495606367266 0.0265716557807005 0.10135302671986
 -0.413797495620251 0.862678736965092 0.290786914091266
