 -0.534716936259245 0.303487175080718 -0.788652859399528
 -0.884513006601049 0.139354272873473 -0.445215821580365
 -0.0182493401806181 -0.986519771373846 -0.162621346297055
 -0.761827490329299 0.157041415910879 0.628455940116146
 -0.359463793704287 -0.300266027777753 -0.883530471222295
 0.52264836902519 -0.834138241692733 -0.176215992750559
 0.0501586727890347 -0.257269202574269 -0.965037131384509
 -0.967626355269061 0.119469616720298 0.222320145891951
 -0.448127641544437 -0.710697183523559 -0.542301696674002
 -0.165149770348821 0.171117260762326 -0.9713106796607
 -0.359108074785713 -0.921032044876669 -0.150802396976972
 -0.999472057801824 0.0216873275852981 -0.0241922610682742
 -0.462965153482526 -0.828587293238071 -0.31481163279858
 -0.17266590782415 -0.980831000194772 0.0903162960499647
 0.204792710801639 -0.504246957788611 -0.838924878140735
 -0.533391237657415 0.47905289632573 -0.69713851572856
 0.136336353569776 0.178672400843349 -0.974417042067805
 -0.465427683017606 0.089741834405465 -0.88052454539235
 -0.982577481240118 0.157936692916028 -0.0979668024923383
 0.189702433746788 -0.0497528760894197 -0.980580255742169
 0.445149296839169 0.143098356309501 -0.883948507519026
 0.068111771910278 -0.983046976060984 -0.170233455538555
 0.082343761425089 -0.0790509036807337 -0.993463869288475
 0.315816501929293 0.0485839383438736 -0.947575610726734
 -0.329798737578793 -0.0325275032477433 -0.943490728213003
 -0.995202910440444 -0.0972872589156499 0.0103129192544793
 -0.347770657581568 -0.925481486340664 -0.150131902558914
 -0.229425398012106 -0.0308278339710013 -0.972837926583685
 0.477801496222063 0.363457869410599 -0.79975252883093
 -0.629215533030867 -0.661666950880601 -0.407780160264143
 -0.305101208565554 -0.815561192292251 -0.49170437679431
 0.436394292486148 0.799800238011614 -0.412164531179091
 -0.958507319719873 0.13069685020043 0.253341767956079
 -0.921836834253562 0.00674827315524525 -0.38751943412272
 -0.933429484812706 0.327164420176611 0.147216979498931
 0.477624485289267 -0.877353583536789 0.0461035845387181
 -0.62085773002248 0.138131485118527 -0.77165754832716
 0.0629024474613268 -0.911400552067224 -0.406684540885113
 -0.588020503504376 -0.718573580746365 0.371327209495624
 -0.381162314684919 -0.0229357585399937 -0.924223588123691
 -0.951969534985642 -0.0985878540219607 -0.289886942614815
 -0.66658582912389 0.0481496308575778 -0.743871592050331
 -0.296754757732667 0.286434761394148 -0.910983941256982
 -0.259277606395685 -0.756777731403793 -0.600052154460804
 -0.893958854292335 0.382828757062948 0.232980062661965
 -0.878907430183615 0.163985201974456 0.44791805355604
 0.255736875547289 0.515990919977349 -0.817527994007692
 -0.591119712786 0.62926824432383 -0.504578003723311
 -0.999675882647319 0.00836718270316145 -0.0240441241661025
 -0.883529002696216 -0.389047996496682 0.260802909908127
 -0.459486561238724 0.443320394273048 -0.76963571127034
 -0.613768991146111 -0.0313594529760897 -0.78886260541144
 0.526946578232272 -0.840680992615033 0.12483097510275
 -0.980926261826707 0.154382507413245 -0.118108891551326
 0.182977535888512 0.141004471798274 -0.972952701981478
 -0.213669076526182 -0.916446818781025 -0.338335268753624
 0.0832167759835045 -0.995967887854012 -0.0335102157338669
 -0.203564204559545 -0.0102947160377408 -0.979007473640392
 0.60330314632282 0.508897559673515 -0.614042822118561
 -0.00862048135514305 -0.913935140968936 0.405768709246164
 -0.285144185605955 -0.00923509109817582 -0.958440142370678
 0.13881787598129 0.230845922366826 -0.96303673732348
 0.162930894580397 -0.984541795199861 0.0642726776777424
 0.455020634305942 -0.319805051800819 -0.831072169669093
 -0.863894429936926 0.205650658748805 0.459776272202183
 -0.187111348629758 -0.962795434353577 0.194972548841781
 -0.318263935175367 0.376931248550152 -0.869845331902812
 0.108624384952486 0.0277058103386419 -0.993696699736481
 -0.929738438411989 0.251931403696227 -0.268546092823719
 -0.529103777195041 -0.494581220944452 -0.68952056448451
 0.13769166128894 0.328323011369769 -0.934475792418711
 0.0331239190172271 -0.999414379855753 0.0085850641512881
 -0.960953751123991 -0.0549779449674424 -0.271192392533213
 0.491625751293025 0.662539748939147 -0.565106363210697
 -0.981155004118087 -0.0681345587160243 0.180810784530708
 -0.938450572187753 -0.316473258765344 -0.138402312288933
 -0.841402387409004 -0.438268620049009 0.316168687796191
 -0.825744893637501 0.481521695627303 0.293738365338612
 -0.97277973115015 -0.223211124488784 0.0622606502366757
 0.630894504557359 -0.769369664994465 -0.100211988831819
 -0.444066849716951 -0.293044101094176 -0.846717064783963
 -0.376995349491395 0.87102882096348 -0.314933801794648
 -0.116733439717812 -0.987274331978968 -0.107993969586876
 -0.469395979558995 0.340987176613368 -0.814490736447687
 0.670599666443864 0.188269492826056 -0.717530964792739
 -0.829383952318778 -0.525423886758521 0.189873639191047
 0.199435352309473 0.33585525640606 -0.920557867270502
 -0.806816652677445 -0.575584208955483 0.133228027694827
 0.0543153125303201 -0.903982885149604 -0.424104692477377
 -0.9948941241101 -0.100907324260235 -0.0018422056989146
 0.366922116053973 -0.828174879775744 -0.423667946933571
 -0.0349181946937838 -0.398662109324868 -0.916432890215085
 -0.990858684621904 -0.0456550884166948 0.126943609571395
 -0.541348916617196 0.581113236706834 -0.607658420991181
 0.0762726352107546 -0.404668493322052 -0.911277068531008
 0.0347331730891131 0.570430465806148 -0.820611168804899
 0.613354810268857 0.197944011968932 -0.764600578632856
 0.125092882549798 0.358159741646011 -0.925242330527222
 -0.487642444682653 -0.0474086206279532 -0.871755280359162
 0.0115133013646633 -0.701397229497088 -0.71267760617652
 -0.995395790233926 0.0952112070066825 0.011047481383053
 0.725832824408739 -0.629272938718164 0.277816989415402
 -0.626536826363864 0.0550900458275832 -0.77744240433656
 -0.717039949380746 0.126712035632564 -0.68541795352756
 -0.358563581306732 0.148276942440528 -0.921654005850883
 -0.448115962870185 -0.890200743821659 -0.0820653368986657
 -0.373172151144523 -0.805830673407953 0.459760232518054
 -0.881250468668375 -0.470902856496533 0.040596936031858
 -0.363631821629366 -0.136971099913269 -0.921417829264802
 -0.106967695466779 -0.799019218847717 0.591714627196685
 -0.164516918476788 -0.956568251734871 -0.240647799299714
 -0.477516488613972 0.122849290544303 -0.869991985546157
 -0.0991903966743802 0.633022980171344 -0.767752024928993
 0.330655842664267 -0.94074295734078 0.0752954309749714
 -0.977944343301652 0.187968851949868 -0.0910635607745942
 -0.62686330753874 0.457743337834766 -0.630486661500049
 -0.364198697057435 -0.875030323186683 -0.318874963842374
 0.634958792631263 -0.418485402696609 -0.649382244437054
 -0.308094183765438 0.331485310971579 -0.891737328219462
 -0.866088132659431 0.422280626609964 0.267526482532842
 -0.0354755037233791 0.0581256047791529 -0.997678757268406
 0.284667470085519 -0.923115136037044 -0.258501212945743
 0.327640475622298 0.623864253940408 -0.709538660954689
 -0.929012915887123 0.143578832578524 -0.341057357273366
 -0.771315091593864 0.629651193949225 0.0928030357147039
 -0.0495379841791986 -0.997995825340195 -0.0393741123964029
 -0.251638245246187 0.304559766734738 -0.918652024444459
 0.104377056122432 0.474542174831645 -0.874022399290354
 -0.725416940019415 0.679010892353088 0.112758463978235
 -0.96396870985044 -0.255853448139258 0.0728240310922819
 -0.42129117691897 0.243430014623903 -0.873644992105166
 -0.249817230717594 0.704912383318239 -0.663844773332736
 -0.0823457621657816 0.602167103801856 -0.794112054153708
 0.302967739616182 -0.796602473325333 0.523101374729434
 0.149503121011224 -0.396010503044847 -0.905993652453521
 0.149958773377374 -0.975012083764035 -0.163901808413662
 -0.0662532941106515 -0.0211449359788308 -0.997578765161899
 -0.247013072731331 -0.96284181230927 -0.109179606011505
 0.327271843563624 -0.86887734528444 -0.371409880404292
 -0.994584866275813 -0.0605676897739373 0.0844541220460655
 0.274242408753016 -0.109330196153975 -0.955425564578569
 -0.935756422690696 -0.0621062419507395 -0.347135034394209
 -0.385384824278269 -0.90964635797553 0.15499045337653
 -0.309429788351512 -0.94622029671722 0.0944476371388632
 -0.952315973715954 0.176530752620604 0.248859758869603
 -0.305609555283418 -0.306646146315982 -0.90142716881012
 -0.171502025620605 0.273064892799799 -0.946584713339627
 -0.321509788905848 0.271503353122702 -0.907147939908837
 0.0914048442218468 0.362952852372361 -0.927313529183926
 0.0617722521421918 -0.932560620837646 -0.35568929886656
 0.0528839093183355 -0.96974409934167 0.238326821669788
 0.22608212204968 0.565114334507593 -0.79343094407992
 -0.965092086729682 -0.236054543132649 0.113470334441139
 -0.824121244093435 0.225744665489128 0.519483898727468
 0.0311201432202231 0.126671024737683 -0.991456498378955
 0.245035038356609 -0.963678067018979 -0.106218704210415
 -0.438425077137897 0.702628485086137 -0.560443274276879
 0.0837731995377841 -0.308106900374023 -0.94765615545994
 0.119976041572221 -0.986290349869351 0.113300905571199
 0.038751095087991 -0.14518295784719 -0.988645670288513
 -0.764177545437333 0.537744535167701 -0.356179019520586
 -0.97386714015907 0.152400516625384 -0.168394999482499
 -0.862076392120885 -0.0116538924269948 -0.506644333767919
 -0.785154755631776 -0.44585420813464 -0.429820933409995
 -0.99085302102546 -0.0783312541670471 0.109884054099475
 -0.951406447359759 -0.097977344087449 0.291935287294723
 0.0455882457751311 -0.523407730383887 -0.850861950977674
 -0.0204562076620794 -0.139351712993674 -0.99003163770347
 -0.910456548838803 0.156178426808818 0.382984558012537
 0.180738428458911 -0.746669033632813 -0.640171051119968
 0.271446384149321 0.609048461916286 -0.745236091161496
 0.00487326126815215 -0.991123059135094 -0.132858319179888
 -0.981082494932459 -0.0792448549390613 -0.17662783218618
 -0.0555899292723456 -0.142180200502296 -0.988278579322967
 0.133737161203516 -0.119452980560452 -0.983791317886293
 0.205645070703253 -0.970477347046442 -0.126031042863071
 -0.307528746594737 -0.886329471691079 0.346188009078422
 -0.12232666296329 0.503399448077237 -0.85535091231833
 -0.979835229149305 -0.172379298288493 -0.101036138284754
 0.388912606527371 -0.849405132274573 -0.356732260595676
 0.0795036677121649 0.448500908662068 -0.890239350820673
 0.392830128534225 -0.91067681937584 0.127875802117864
 -0.124524225169863 -0.195127540594215 -0.972840665395674
 -0.429109976543537 0.435010406554511 -0.791600008981862
 -0.994015998350409 0.0168975398662485 0.107919730216064
 -0.881474243540259 -0.446870011937238 0.152677275343587
 -0.326269669923936 0.217377705568297 -0.919942952366933
 0.20931427467376 -0.96028691069847 0.184490063577922
 -0.658370051694326 -0.131728854050192 -0.741077852889043
 -0.0824019655926585 0.466150361995912 -0.880859668776785
 -0.525988829363941 -0.325975920187323 -0.785541501667722
 -0.246120583278163 0.458389211123238 -0.853992968128328
 -0.264699677011829 -0.244452785838686 -0.932832737678915
 -0.703442722260259 0.462435983542621 -0.539741880554071
 0.208934612647436 -0.392887983910989 -0.895536353107022
 -0.911170066280976 -0.344076928161208 -0.226671960817097
 -0.114569908775466 0.276432777824627 -0.954179571856022
 -0.463356440622653 0.0126463181471508 -0.886081756708052
 -0.667395888882633 -0.113086395536799 -0.736066705297186
 -0.659342207931796 0.701203241218193 -0.271259778339371
 -0.621417828398296 0.024551972177845 -0.783094555728058
 0.0400924684883757 -0.998602030201125 -0.0344467596255579
 -0.0381007691304628 -0.814314826985783 0.57917155829925
 -0.416545213961893 0.100175192744724 -0.903579003454595
 -0.504604205278747 0.373865094212004 -0.77820272894976
 -0.0538984189270517 -0.997922630507815 0.0352899979814014
 0.0909405599685779 0.671724473054055 -0.735197964396565
 0.590825706350327 -0.783460837163175 0.192650204638391
 -0.109064017073151 0.1603344866383 -0.981018803374482
 -0.426667825307626 0.264562302090571 -0.864847590711681
 -0.384578810320008 -0.249633248428526 -0.888697012446801
 0.214971509788751 -0.971728940287628 -0.0976223160277796
 0.314711064346976 -0.264605398620248 -0.911559613518838
 -0.0188461864018675 -0.588531220856714 -0.808254800997193
 -0.206441946965827 -0.924128657656242 0.321508859335836
 0.0933389332164707 -0.113819539972142 -0.98910715085199
 0.297201860263607 -0.948137011156663 -0.112726493473195
 -0.397157912228145 0.604354309382103 -0.690667402941432
 -0.770180657459059 0.491401279873005 0.406628254078715
 0.118947593395157 0.383704194085429 -0.915763376351529
 0.163925201649664 -0.974907767400281 0.150610004072494
 -0.478775834420304 -0.480962726803204 -0.734471616743063
 0.351516386415067 0.482728111267842 -0.80212829439777
 0.348175089538138 -0.93205601808802 0.100228170546081
 -0.906503880724473 -0.3187453887938 0.27686114092476
 -0.259623909153549 -0.527807852960129 -0.808711503658412
 0.198976006760622 -0.96104551726088 0.191833423798786
 -0.749763719872032 0.00344470259466387 -0.661696681560129
 -0.58711684260822 -0.139566108727374 -0.79738015677621
 -0.330719459685393 0.690042370885846 -0.643790466974809
 -0.979997414200586 0.198750811331883 -0.0101579109605671
 -0.332643296142947 0.364487240330533 -0.86976864117269
 -0.9946278507873 0.0950136956124664 -0.0410832822970326
 -0.907423619670509 0.213823392802715 -0.361748436284675
 -0.239033227978674 0.350957446800354 -0.905368425812096
 -0.136693281400231 0.292373558317749 -0.946484362901287
 0.322723867185363 0.3290652159252 -0.887448809350165
 -0.114197832849698 0.0975538991156933 -0.988656710764539
 -0.725599191035048 -0.461766703630351 0.510173818798695
 0.543386807299895 -0.293662911478625 -0.786443177905641
 0.08712170610121 0.382534816656373 -0.919824397573629
 -0.456896627115849 0.432239531400827 -0.777440968578679
 -0.317097363137231 0.437240654521661 0.841587709228744
 -0.942371672924271 -0.318560184335794 -0.102249885211942
 -0.934789248475776 -0.277543474005087 -0.221672463267952
 0.429639673261478 -0.177462227294127 -0.885390822769006
 0.213430601139687 -0.275829391324083 -0.937211569166182
 -0.614684268635062 -0.754794309006155 -0.229017032083862
 -0.0723074940457712 0.468931053466952 -0.880270011643698
 -0.515530399964197 -0.635829580196439 -0.574412005149592
 -0.40050999765757 0.201749834808371 -0.893805765214752
 0.0737556013858573 -0.0909494221453078 -0.993120493130438
 -0.269537326904065 -0.951912545460932 -0.145643864270006
 -0.605307557712934 0.204328193044723 -0.769319667045294
 -0.0604958065672455 -0.986914683369485 -0.149464594929664
 0.147942329049544 -0.0123701922022965 -0.98891862436718
 -0.456895753069841 0.275055240809439 -0.845926051927711
 0.498274536424157 -0.866181948136201 -0.0380961818856824
 -0.829719769927488 -0.277649798737027 0.484226902033298
 -0.366955215983823 0.355892773747092 -0.859467394993473
 0.396004304672322 0.688334199748905 -0.607763621926342
 0.477037028167258 -0.12405359672039 -0.870084121736563
 0.00780782733113543 -0.0673318299442148 -0.997700086453204
 0.239751478951366 0.770494670534178 -0.590641338731943
 -0.751986818384572 0.605676845158772 -0.260137241113929
 -0.362280507215152 0.489846164131674 -0.792971354827787
 0.0656771229630676 -0.971082526568911 -0.229532660229071
 0.0918256448021233 0.0182575396446941 -0.995607710497863
 0.157659650182205 -0.428197986558461 -0.889825780145588
 -0.381341672733693 0.587037357545062 -0.714118806280286
 0.147024035180886 -0.632258258581667 -0.760679582698528
 -0.917930728418383 -0.393195526938216 0.0529193293709872
 -0.953184803571617 0.269909732746158 0.136335858852452
 -0.783819427913113 0.239597077642204 0.572905179598924
 0.146700213740896 0.207241908328601 -0.967227914568586
 -0.741505305423859 0.46406457607604 -0.48457605312235
 -0.4478933545421 0.46453167123469 -0.763938393705232
 0.0628091502896436 -0.888563760547754 0.454433112879251
 -0.246251851123734 -0.42712802989505 -0.870012455023552
 -0.971349121761943 -0.134798117179785 0.195730302347609
 -0.0410369420337158 0.311043009905121 -0.949509460393989
 -0.492763418743989 -0.106879077520246 -0.863574591993163
 0.0599075394589904 -0.914286128768389 0.400614479840261
 -0.761075651244718 -0.164236737393798 -0.627527009118068
 0.0207224755218723 0.573239251087256 -0.819125961022581
 -0.177921556502741 -0.0872747180802153 -0.980166844631903
 -0.893582337191147 -0.443161173349966 -0.071545657416005
 -0.353318245335614 -0.406204354030836 -0.842712430357684
 0.0961475489595189 -0.995249580888782 -0.0152944620624993
 0.406233588409686 0.466810646907365 -0.785532998404088
 0.486953186125749 0.0427535300151673 -0.872381069368899
 -0.431902240232333 0.635358943412286 -0.640140193948415
 -0.510855231390692 0.429650005996091 -0.74459909005338
 -0.663007567046806 0.568322123379598 -0.48726884788172
 -0.318273507918027 -0.0146670382611753 -0.947885463622161
 0.575131557078796 -0.791169821106195 -0.208024052029835
 -0.207439961417453 0.0355519810465878 -0.977601513424968
 -0.801667965566802 0.593282827124501 -0.0731023940999494
 -0.770923710523494 -0.0442963634151869 0.635385288420244
 -0.681475298084124 -0.0105529186424809 -0.731765026500501
 0.886778471784999 -0.429871126963016 -0.169807997992463
 -0.811493139932671 -0.584357484745663 -0.00228338869575277
 -0.18633221993588 -0.981663706121824 0.0402078586464436
 -0.635258656365563 0.247122302309861 -0.731694613355663
 -0.934682616440101 0.0817518327112699 -0.345955263542896
 -0.0719542944142032 0.146619676748944 -0.986572475748938
 -0.532024420835268 0.252303914140503 -0.808265272385421
 -0.0304695523000445 -0.995029187651907 -0.0948078166789017
 -0.991650194814587 0.0864688453012297 0.0956714686647153
 -0.0492272055338952 -0.700512103098728 -0.711940640536499
 -0.971756010970708 5.91267682523183e-05 -0.235987820970327
 -0.196072599204066 0.504571952875257 -0.840810727936443
 -0.213528083879611 0.59470480529514 -0.775068998188917
 -0.480749556086772 -0.0484374318467901 -0.875519091464292
 -0.579179868891215 -0.369454109917028 -0.72667347559724
 -0.0477625053141272 0.268109353556647 -0.962203781753925
 -0.36382876507042 -0.930483492482321 0.0427679778015682
 -0.0879588526398342 0.0565704240062101 -0.994516479184755
 -0.946930678078454 0.0164905908171123 -0.321014565601596
 -0.106139770452608 -0.756751146672123 0.64502872117348
 -0.637328501921638 0.551051504560817 -0.538660022611277
 -0.187341752051981 -0.405731198746678 -0.894586643261388
 -0.969039725181456 -0.109948510433531 -0.221073146432793
 -0.0308341767553684 -0.995124003613094 -0.0936881581464031
 -0.982318617213925 0.158861888011687 0.0990607632328974
 -0.394829058925996 0.436347779239479 -0.808523734828105
 -0.251720979870555 0.0474930715991485 -0.966633827487475
 0.000998205821807791 0.215693645292075 -0.976460575223472
 -0.325013388579727 0.226298375070507 -0.918234906047669
 -0.137251191327788 0.195669354601979 -0.971017823805901
 0.143867196154652 -0.966155153248472 -0.214117840737337
 -0.9591726379891 -0.266654723171803 0.0942502474437046
 0.145962781945407 -0.965660665729609 -0.214928697361254
 -0.200818278918244 0.140678062546963 -0.969474961806826
 0.356153731651674 0.0337446322314711 -0.933817872620861
 -0.592702208414545 -0.100664233803492 -0.799106253368898
 -0.999790351417923 -0.0186487482232207 0.00845443086982369
 -0.0646566638287515 -0.99732306342745 -0.034150007001795
 -0.666833282817001 -0.672820658959546 0.320383728995004
 -0.54828033690473 -0.427009243441751 -0.719063125308856
 0.644436682781249 0.188626764420315 -0.741027196282446
 -0.97926274902333 -0.200554172933432 0.0286791229687743
 -0.492078082232383 -0.842281601746049 0.220047413860311
 0.361505471940746 -0.800231291252864 0.478480589216189
 -0.766777726473534 0.438554736346744 -0.468744772143558
 -0.639920849761305 0.650836664068713 0.408549804484936
 0.403580461272247 -0.0257174165307135 -0.914582651139997
 -0.00290659190936639 0.0240224980153566 -0.999707192788256
 -0.143296334486423 0.102651019368247 -0.984341875948298
 -0.932335545412682 -0.249037184963476 -0.262165808727042
 -0.144280743143444 -0.403736663160367 -0.9034266843403
 -0.331413657627667 -0.296832666316347 -0.895575432750017
 0.742720772786664 -0.161889148705121 -0.649736682974504
 0.00390900427696719 -0.957009505778089 0.290030214867246
 -0.425197598057055 -0.860801585940544 -0.279692031078389
 -0.148616576446547 -0.878859030505544 -0.453343046383379
 0.118652495898207 0.0460278386382188 -0.991868450595854
 -0.436016468694745 0.476152410926731 -0.7636547129401
 -0.659980469672244 -0.743295191392265 -0.109261329409541
 -0.497527768443607 -0.232059690629357 -0.835831573711194
 0.665301461825669 0.618545536004199 -0.41806146053171
 -0.499849853090336 0.0939164591074029 -0.861005123721281
 -0.907195983465032 -0.0650162633319043 0.415654102695102
 -0.941972487365302 0.311285879604245 -0.125654025824234
 0.0363902241971818 -0.0331912770878059 -0.998786308830953
 -0.66125386554168 0.155005225146905 -0.733973232129989
 0.0836457578622651 -0.34267793741125 -0.935721763348069
 -0.991205834532802 0.0336788149099244 -0.127971602374879
 0.12589611225836 0.77622058790814 -0.617763520957471
 -0.278732235989415 0.95198704172217 -0.126605738469517
 0.255615887121987 0.0480253684171987 -0.965584839482907
 0.369890646292012 0.542510908497229 -0.754229954289267
 -0.7321837241369 -0.658254076382498 0.17495303665511
 -0.432686278439663 0.0690818826065655 -0.898893919183775
 -0.649878473062821 0.356873207792133 -0.671043578174837
 0.237232290298759 0.724702433787672 -0.646936799774004
 0.160122727237788 -0.93826675520567 -0.30662062601488
 0.662839930434318 -0.605373733417477 -0.440642564342136
 -0.556131901161721 -0.495821857844907 -0.666991749419342
 -0.0192626710296652 0.146979971962073 -0.988951888287206
 -0.602281365954242 0.0714650010203553 -0.795078555775122
 -0.853858554050781 -0.456290709113483 0.250448314929497
 0.275762839133625 0.210293171963754 -0.937940103833068
 -0.75281757623533 -0.402156225668881 -0.521091227202036
 0.0408853708769848 -0.910583767234501 0.411297446256692
 -0.68588103506407 -0.236983911887514 -0.688044934031151
 0.338244829834519 -0.915230279879634 -0.218961114999134
 -0.84436640898574 -0.46802582280011 0.260762720818768
 -0.195234257975368 -0.800966168878059 -0.565983021676103
 -0.510318953513299 -0.247782640797463 -0.82351583385174
 0.226617745047806 -0.535490738506516 -0.813568722729183
 -0.0408035786101569 0.524320878319633 -0.850542582432375
 -0.279046956993177 0.18649653224859 -0.941993545228469
 -0.281722834571435 -0.956208332048846 -0.0793591217277478
 -0.990988617627376 0.125976682919007 -0.04551302114457
 0.0427582162720101 0.151252480297916 -0.987569958101685
 -0.709842921462236 -0.0249041671410189 -0.703919604293679
 -0.41432224712029 0.529825404119572 -0.740014943559064
 -0.9967503541883 0.0519215887515865 0.0615863625083526
 -0.603421937751219 0.604875185549072 -0.519622916110846
 -0.163143785898505 -0.0959597671029623 -0.981924553222012
 -0.949991997801859 -0.292731436183453 -0.108735966369944
 -0.665200677292256 -0.65387909712192 0.360486040335749
 -0.944000040416517 0.128098242737625 0.304063749732103
 0.0767505490313383 0.0525627400912538 -0.995663854710759
 -0.728171541079974 -0.421575418717536 -0.540407599034609
 -0.151386339877676 -0.948015637416751 0.279908069393779
 -0.912418332583222 0.166575318315759 0.373825426762354
 0.628222933708597 -0.281680388904557 -0.725253131030222
 -0.640189500017664 -0.727970418498342 0.245390451848645
 0.0150092286927302 -0.0549650847161039 -0.99837546169575
 -0.223913315845018 0.425566992730295 -0.876787067471791
 0.170760943980264 0.916631588926353 -0.361423892670807
 0.249222257938445 0.11369046812 -0.961749834211953
 -0.349345146726724 0.276033445301535 -0.895412477874554
 -0.855062949455047 -0.041386258105218 -0.516869935389247
 0.723973995530137 -0.417352918471105 -0.549252396662755
 -0.89088452917214 -0.325939911971582 0.316366764160985
 -0.968894307671777 -0.247471344537886 -0.00132445982878765
 0.12742179267431 -0.879598160684742 0.458334771178977
 -0.896808645966446 -0.205028680421767 -0.392042717984072
 -0.836079621434774 -0.461803669609672 0.296155765360943
 -0.581365807752755 0.258192314331666 -0.77158961008819
 0.286328350917934 -0.929825580702239 -0.231171938029599
 -0.990732875690112 -0.120079861534453 0.0634759472608949
 -0.205896359961452 -0.914808864775839 -0.347464285764977
 -0.288348243898263 -0.090409672980869 -0.953247806854168
 -0.464208004344702 -0.885046664426778 0.0346890543160663
 0.233161209421373 -0.932929924828116 -0.274367647111261
 -0.164787314664571 0.215247863666809 -0.962555711692842
 0.479146547042946 -0.868556591534225 -0.126601871073343
 0.503456249487955 0.216705782285433 -0.836403257272221
 -0.833838077982972 0.473900387489957 -0.283076813678783
 0.410115323232508 -0.900328907935893 -0.145647791555031
 -0.346558017560295 0.821416635212665 -0.452959437323677
 -0.278945536294324 -0.782229464091899 -0.557051571479673
 0.242342483507512 -0.535531819836559 -0.808996780358213
 0.0225953264451491 -0.401414939850649 -0.91561754968302
 -0.607605362358617 0.150026288767828 -0.779940918474987
 -0.357040057007489 0.128892368904188 -0.925153584509273
 -0.98627579845648 0.0503919848690565 0.157228169359022
 -0.638253178332567 -0.753554325374603 -0.157444463407272
 -0.192021943827452 -0.695245647492797 -0.692647863442203
 -0.110374309104477 0.344029272100915 -0.932449125597437
 0.092000992400235 0.212718161657035 -0.972772738669533
 0.0747158445386874 0.482437767449231 -0.872737843291714
 -0.64849254480195 -0.692296543789763 0.316516847565875
 0.515352180594728 0.746133421862051 -0.421541275246784
 -0.180475087748666 0.135913320071354 -0.974143886768938
 -0.977170454073257 -0.160737262335381 -0.138929608734752
 -0.818439961496171 -0.403661006769076 0.408917865885464
 0.425462247029057 -0.326884814624818 -0.843876883390394
 -0.758270472360655 0.589105903570223 -0.279249216873852
 -0.902773092995797 0.415913038366751 0.109622475247274
 0.265472243267603 0.253140599525097 -0.930292601779968
 -0.968170091748019 0.190699855704213 -0.162111808573664
 -0.928017016153439 0.16119617297952 0.335857427409942
 0.158399304268464 -0.984218404980553 0.0788910115590061
 -0.950278297091555 -0.30460094948459 -0.0647257263370594
 -0.802237958416204 -0.45775446657055 -0.383242881748523
 -0.311384375805084 0.0720518516749494 -0.947548574572665
 -0.818953973988649 -0.329812449652603 -0.46961488109125
 -0.081040526982553 0.737065336043737 -0.67094494810612
 -0.797475708054481 -0.515497082679626 0.313520737450969
 -0.0362722944685358 0.555344999499121 -0.830828653926493
 -0.939383712641123 0.336545124383158 0.065540977094531
 -0.999032895639219 0.00513331960418629 -0.0436683233083139
 -0.862254542583913 -0.0647977194319656 -0.502313009337627
 -0.82661730364274 -0.106356360153475 -0.552622979954065
 0.273239154064116 -0.941221725303219 0.198600172466083
 -0.169758253708174 -0.977639237868499 -0.124111465537446
 -0.980223688900432 0.0178505178145496 0.197085967872354
 0.0986176932938554 -0.381037730111594 -0.919284938852369
 -0.925028721104768 -0.29891366278215 0.234462123451606
 -0.353698350126009 0.279558286045777 -0.892605535396956
 0.184079936108369 -0.956773538555467 -0.22516432453297
 0.440410441048033 -0.886806322499964 -0.140047098470362
 -0.0610450089515518 0.527080845595399 -0.847619778608631
 -0.940186149842607 0.289101602883245 -0.180195079995189
 -0.813401373761108 0.576008932406874 0.0811906087613334
 -0.149268547090346 -0.95758724771655 -0.246466151550632
 -0.997299158607747 0.0714859864667061 -0.0168565114766525
 -0.700390314019663 0.23701444637752 -0.673258910253548
 -0.869448225719977 0.439034292047915 0.226514178802056
 0.140585622904202 0.42422766917117 -0.89457619426309
 0.0772189789762375 0.0838630152358766 -0.993480862403204
 0.621525931055665 0.293488863383456 -0.726340005848002
 -0.868180924935649 -0.493355191236041 -0.053502680851816
 -0.340953796727695 0.622952139422671 -0.704046263029417
 -0.642970122071857 -0.0547978530003889 -0.763928411194039
 -0.270640048181807 0.682638701634989 -0.678791843903744
 -0.211226128851725 0.108644405517044 -0.971380417570872
 -0.146980039690955 -0.986683170890171 -0.0696648276719592
 0.114786000209911 -0.912314204948828 -0.393073740670117
 0.485455710103199 0.15076372997731 -0.861163777252346
 -0.294095899892002 -0.926050554442343 -0.236512097542057
 -0.970386059567846 -0.0242851567874922 0.240335445900507
 0.189885466915061 0.154538845244551 -0.969567560701641
 0.00877309540767235 -0.247361707626372 -0.968883490620587
 -0.961759359855079 -0.264785380390148 0.0700545220724081
 -0.939953577339867 0.290526550234073 0.179113360906091
 -0.977633511971096 0.142111522535583 0.155038806218572
 -0.900429105893025 -0.286703961532585 0.327151744152787
 -0.0285230523943295 0.657874376451533 -0.75258736389247
 0.172487246377078 0.184577864764277 -0.967563518161115
 0.524341860331465 0.121913922898182 -0.842735195009508
 -0.96611056113509 -0.173527283376847 -0.19109857557578
 -0.309953121121093 0.305440179460822 -0.900352908296649
 -0.936272378965149 -0.245371865078177 -0.25136960877361
 -0.941231277400346 -0.319931735625797 0.108292968297939
 -0.443813843408009 0.153313442696143 -0.882906711203436
 -0.229347544096549 -0.941459248946713 0.247091453898295
 -0.807622935464668 0.154870147231166 -0.568999500534078
 0.0338902126750169 -0.999005896856862 -0.0289598261400035
 -0.368011143604193 -0.556552343404094 -0.744860582414284
 -0.879942044088113 -0.0574724475694709 -0.471591896470251
 -0.0148044552918499 -0.999425582652591 0.0304849609322509
 -0.981663817795142 -0.132946530180221 0.136606621160564
 -0.976379271787985 0.0699204513791846 -0.204437394088495
 -0.0907561962445443 0.146905047620712 -0.984978283936645
 -0.420783518684198 0.227923084666423 -0.87806167088644
 -0.976745517158933 0.213166920452182 0.0229795286040088
 0.238416446770558 -0.9702120563954 0.0429670051820143
 0.503365161983792 -0.177195249509437 -0.845709972302751
 -0.823582450762604 0.241801868705169 0.5130729023117
 -0.996306896616672 0.0186444573577849 0.083814986511298
 -0.756901857306264 0.0425437835716092 -0.652142319502223
 -0.517162342278487 -0.850170374345135 -0.0987595378425861
 -0.941592127730191 -0.175627033490787 -0.287331533430908
 -0.207473966525038 -0.955773666298837 -0.208449639059528
 -0.724581090911423 -0.409747145047367 0.554156584206255
 -0.95681675428932 -0.200350741995163 0.210621173895786
 -0.972149246995706 0.0524518200543008 0.228417705396655
 -0.154953502489802 0.105961722592782 -0.982222747349761
 0.108016853719157 -0.415359879335381 -0.903221196579837
 -0.0345647768254642 -0.925908777133103 -0.376162481689612
 -0.428382159448604 -0.869392376102368 -0.246263318099203
 -0.0472213952419972 -0.0686403262993094 -0.996523278923741
 -0.151271149938236 -0.988422653140375 0.0117344772063576
 0.728395283675788 0.343270695286031 -0.592963355087574
 0.0196244104308509 -0.514937270031455 -0.857003203289109
 -0.700245056735229 0.13826303859861 -0.700385745625477
 -0.998582347557899 0.0366322207411241 -0.0386183317781751
 -0.137678552328236 0.0226829071392994 -0.990217199382293
 0.278377348504149 0.0413408008079338 -0.959581674495902
 -0.0212615145424627 -0.808165856914101 -0.588571062589436
 0.0818662831893006 -0.994665067565347 -0.0627639629245383
 -0.539021110936706 -0.550869732853367 -0.637180335062704
 -0.834575533451893 0.0245285783234532 -0.550347188426468
 -0.619093482133533 0.562958921126264 -0.547540421799277
 -0.393189101971639 -0.843945321564784 -0.364909063054962
 0.254843374910419 0.567500608534016 -0.782941832818882
 -0.429147307333717 0.474068899678802 -0.768824600910735
 -0.387810383391126 -0.147370291297387 -0.909881917490919
 -0.405815771741552 0.0381416082999141 -0.913158681238975
 -0.464108219708354 0.0515744033221244 -0.884275772211989
 -0.937637687228329 -0.196523173749339 0.286730203621099
 -0.259891458993253 -0.0630200061339468 -0.96357921748512
 -0.0988466921669491 0.701210376851306 -0.70606893349283
 0.489284882238255 -0.867421207825364 0.0904475108993221
 -0.798639110263334 -0.564967933821151 -0.207332595873516
 0.375054920156089 0.431013186361278 -0.820707889598613
 -0.805465458971404 0.449132718872795 0.386659016760138
 0.286482886683431 -0.954992573988723 -0.0769203436284699
 0.192667214286886 -0.948719139223552 0.250621905287335
 0.312769708318292 0.0785339836645234 -0.946576739080499
 -0.112472791487252 -0.967362701629935 -0.227066674503985
 -0.339078524057594 -0.316489669528364 -0.885923271849629
 0.034914790917839 -0.2259986203147 -0.973501710831068
 0.452215750443928 0.20056132128867 -0.869066206599577
 0.499353574335248 0.184628468707145 -0.846497688326121
 -0.567899680414803 0.483484244619535 -0.666132823233807
 0.169081549326451 0.290027838660673 -0.941963525025882
 -0.927000339640782 0.0926058267231589 -0.363448113439586
 -0.971104468937885 0.235003408650612 -0.0415873578321704
 0.667138573767059 -0.702382465311082 -0.248163244288073
 -0.548013331680368 0.452451316161505 -0.7035404713336
 -0.414436147962416 0.189342780942254 -0.890164024529821
 0.185781700095033 0.878716548230175 -0.439707161388403
 -0.963622953735685 0.264531814193574 -0.038127710568166
 -0.870661662937914 0.092741411785787 -0.483060347399955
 -0.0452541702667551 0.561572330882662 -0.826189189750436
 -0.842508597093955 -0.496893922872867 -0.208028106838451
 -0.905872169246979 0.411687909828552 0.0995423421704136
 0.0132666084445558 0.219115852810793 -0.975608651123686
 0.226421932494058 -0.209566927929071 -0.951217541471996
 -0.892661733495186 -0.322397462140459 0.314983977304817
 -0.490483427700709 0.254818138916408 -0.833362900080236
 -0.043915973322255 0.329416462950295 -0.943162860392879
 -0.0857811195798512 -0.699408328778183 -0.709555909819189
 -0.872977251991121 0.476360127817657 -0.104841528659099
 0.55267925272659 -0.810535713726688 0.193849169147426
 -0.282562388287049 0.193070822082229 -0.939618089643878
 -0.980592438491232 -0.143383566073285 -0.133714705825229
 0.323902120009666 -0.120408210938753 -0.938397186372472
 0.106899137030866 -0.688122871343257 -0.717676451081104
 0.679035202480108 0.228722017106059 -0.697565360868596
 0.357240271515982 -0.902795236007094 -0.239458034423745
 0.742990542352495 0.0548985309801298 -0.667046629008024
 -0.52619989120905 0.0657603404007991 -0.847814397213184
 -0.678957975167975 0.585004924027299 -0.443604899454027
 -0.893160090882842 0.210846380306569 -0.397251628021548
 -0.446820509351901 0.271537669837383 -0.852419337111608
 -0.99101012137457 0.0667365820900584 -0.115953300703758
 -0.688495463151036 -0.277980169484995 -0.669851492939692
 -0.370425492766182 0.401858761104291 -0.837433275212214
 -0.964070912130625 0.232087012078762 -0.129239681243714
 -0.929904861721577 -0.122840427009877 0.346680223893152
 -0.845944917242614 0.503429411274346 0.175886397584783
 -0.913549485388346 0.405661268032999 -0.0294325222253792
 -0.994182314431255 0.10699457163078 -0.0123970687527272
 -0.983724545657532 -0.105290744532182 0.145601776729339
 0.253062120997785 -0.922865087450769 -0.290309478454609
 0.279832212571093 0.0315306761661251 -0.959531004849803
 -0.0173565039486245 -0.312807921532839 -0.949657809948924
 -0.413026111168781 0.266095291484119 -0.87097802919636
 0.158494786254029 -0.0956329064954071 -0.982717533132248
 -0.291802093102529 0.234779621961417 -0.92721630031651
 -0.133608225834996 0.348339018605803 -0.927797806693878
 0.107064550910297 -0.979293649457506 -0.171817141375871
 0.847526289864747 0.258760659655942 -0.46340275031825
 -0.352905457505616 0.099231532389175 -0.930382094111042
 0.10855550521407 -0.938606541643022 -0.327465207728461
 -0.141188069431794 0.267812968325472 -0.953069852134052
 0.457086257561107 0.236448601589207 -0.857417174982686
 0.102465011467511 -0.867780099095567 0.48627011119197
 -0.0874994608446652 -0.98356651323953 -0.157926433461045
 -0.263007040274835 0.421703765996698 -0.867751825414429
 -0.857830391407504 0.436653346663856 0.271036666200173
 0.0707275093983161 -0.991679886895477 -0.107557525730584
 0.479845132858347 -0.427415123801325 -0.766201644750293
 -0.625489621715507 -0.777872670002445 -0.0606369721330051
 0.325572740418142 0.245532936348926 -0.913080482687312
 -0.455047528553251 0.42906625331893 -0.780278089542718
 0.269506928436663 -0.851900096990497 -0.449034787374227
 0.402204536500749 -0.251253758730545 -0.880399375023626
 -0.64549243543822 -0.0316908830445712 -0.76310890685661
 -0.256620646032997 -0.904052608194701 0.341810950155149
 0.180200687839894 -0.213389728811207 -0.96020442393269
 0.179835982416682 -0.0729620471233293 -0.980987033098705
 -0.951443227442677 -0.212740242606355 -0.222480053328947
 0.344967797362385 -0.0491409554937254 -0.937327256232373
 -0.301766186602571 -0.0729515229600399 -0.950586789262902
 -0.0182487049822436 -0.0517004366653859 -0.998495893639568
 0.387943974637957 0.414139772875183 -0.823400097804826
 -0.122131791667931 0.496580932737309 -0.859355108616761
 -0.499323139165843 -0.420579599075956 0.75748874812414
 -0.348132922774396 0.170483410481535 -0.921812819845299
 -0.124506139033037 -0.950251495203762 -0.285517630289446
 -0.469462961793466 0.711489591892289 -0.522864311397374
 -0.0573251255479945 0.954816045438159 0.29161644218861
 0.0263039061575896 -0.960790411854501 -0.276025160101957
 0.200868554054494 -0.264132183813479 -0.943337698528994
 -0.21442194024144 -0.961088738775556 -0.174159891312288
 0.492504019771573 -0.675316744448823 -0.548987326972021
 0.247259149753829 -0.596224687234127 -0.763792534131869
 -0.922556306663192 0.186963786149315 -0.337541706615172
 -0.751090357979056 0.48988166920003 0.442582449191884
 -0.942631232204744 0.221937958734833 -0.249379033891747
 -0.980637725060744 0.132352904739766 -0.144334198285214
 -0.894732680944568 -0.207586947150956 0.395425200287351
 -0.992248286122187 -0.052418373499309 -0.112674987496204
 -0.966129254750432 0.131282362635304 -0.222169314659492
 -0.645962148582527 -0.670720040700872 0.36450998559829
 -0.930071639366757 0.253004833567127 0.266374360322655
 0.0105184876384862 -0.832398018906102 -0.554078423636036
 -0.837388789338875 -0.289813640904342 -0.463452337393331
 -0.979429693866709 -0.00602543417858729 0.20169573350749
 0.361499811655007 -0.39675224656356 -0.843744950219059
 -0.238448648903159 -0.153331228701704 -0.958974335496568
 -0.947440086109076 -0.219195924825752 -0.233045982100977
 0.0340111105634907 -0.99243318010925 -0.117981470479387
 -0.15718811444188 0.301743670685584 -0.940341775036819
 -0.99282223208761 0.066351827584633 -0.0995060322229511
 -0.764341307635616 0.618373101937022 0.182748658661731
 -0.929236529574414 -0.366771193456627 -0.0447030620304824
 -0.0739184233457464 -0.661560249305202 -0.746239976970758
 -0.200368378889244 0.00619625090106455 -0.979701035630803
 0.178634020665805 -0.924721629899175 -0.336124670111229
 -0.491602291188834 0.395130882023319 -0.776014673424004
 -0.0766645397664453 -0.996102707180005 -0.0436112954527125
 -0.866220326586265 0.494208896497124 0.073620054549551
 0.0674773901289859 0.996535873520126 -0.0486112601036148
 0.215232457959768 -0.0684354479729138 -0.974161987813805
 -0.874590386435879 0.242234060886749 -0.420017042154547
 -0.640214170340315 -0.16358931133294 -0.750576014347033
 0.0497370791938729 -0.17394320379728 -0.983498848400953
 -0.94304661699066 -0.332549084183547 0.00861305933779114
 -0.452315522227808 -0.505297839557772 -0.734904593597042
 -0.741154991610202 0.331746172268876 -0.583638377418954
 -0.265402556929792 0.0629274067294919 -0.962081921801584
 -0.691649478645771 0.320417723099453 -0.647266159638209
 -0.870858685117619 -0.154635783767865 -0.466575744047748
 -0.218916397320561 0.61067217294457 -0.761022409772106
 -0.90190429623334 -0.372821733252653 -0.21811142943535
 -0.183208784784018 0.225689209888495 -0.956817078504492
 0.0452622652878645 -0.778742115977425 -0.625709232906159
 -0.513303159016037 -0.523278250331263 -0.680220361114257
 -0.864123740068616 0.378012254568616 -0.332260285387493
 0.589135815070393 -0.647129385782993 -0.483882784832722
 -0.36904907060419 0.294849245867411 -0.881400423018734
 0.51107216695097 -0.858538697685597 -0.0414312049590408
 -0.0955676389006599 -0.433721040926513 -0.895964778912974
 -0.401490704148986 -0.482361808098092 -0.778544989432397
 -0.313507282258394 -0.113338774413799 -0.942797701622853
 -0.0678045956124607 0.735604143665466 -0.674009703666073
 0.0430658668139918 -0.332464391151556 -0.942132028821749
 0.262944353257537 -0.128067181018379 -0.956273530029971
 0.585287560299829 -0.809376031834046 0.0484655635564879
 0.0429642330005309 0.122238645664473 -0.99157036471891
 -0.0384279279858915 -0.138022680640586 -0.989683299838639
 -0.223226581265826 0.140321720945061 -0.964613761070921
 -0.134198111113815 -0.985335336905093 0.105380931954562
 -0.268582767116122 -0.0202212243550057 -0.963044339214884
 -0.158574647918849 0.121841318874425 -0.979800374592883
 -0.313743939614926 -0.889231300539062 0.33291505597752
 -0.262243538131133 0.305593250938981 -0.915336600212736
 -0.0131972540240976 0.0749968408378046 -0.997096437838674
 -0.400860610479103 -0.0470984076416952 0.91492759875519
 -0.329266729772495 0.672476188949452 -0.662841757858501
 -0.482810964011912 0.875439215045638 0.0223551736778428
 -0.530245908354701 -0.118356409983931 -0.839542159089592
 -0.818248321722541 -0.570541287994455 0.0703727411138331
 -0.977153748257135 -0.175106846863061 0.120449759023039
 0.095573761425571 -0.89729244937508 0.430966259028985
 0.0566272815241124 -0.927925995133371 0.368438188225559
 -0.499187885163437 0.534414317744729 -0.682065093884368
 -0.0481922566067384 -0.973579833746182 0.223203525343813
 -0.98803886104555 -0.080974054047879 0.131234186227764
 -0.374824904370483 -0.0721941480761098 -0.924280420677201
 -0.447977546083151 -0.242748557180372 -0.860458747524927
 0.217953026969979 0.660027316093532 -0.718930052261688
 0.00951224508903963 -0.153829785630602 -0.988051574689403
 -0.964559002557941 -0.2125411863184 -0.156371911489234
 -0.238961617931785 0.966267145236984 -0.0960476402156368
 0.473914829257967 0.191725399803319 -0.85944523134383
 0.311579474305437 0.177556389713235 -0.933483775790211
 -0.334747083447251 0.902681322470892 0.270390125902852
 0.47340577915294 -0.878651517646596 0.0621166547870278
 -0.63745083073847 0.400708418821116 -0.658095131023407
 -0.267122190993928 -0.963628427293403 0.0081233731076152
 -0.757142671808296 0.646929958057574 -0.090645484689644
 0.286816819647119 0.31903897679983 -0.903299642007031
 -0.100963777608901 0.0101171064766999 -0.994838660169316
 0.126817390187036 -0.366135494880343 -0.921879682461261
 0.266603525576438 -0.817100230827326 -0.511145549655031
 -0.0368611551537612 -0.937555088658518 -0.345878173597654
 -0.50965308611265 0.649964338487173 -0.563737607855626
 -0.583929297290847 0.603182434619798 -0.543320831858627
 -0.657436295379232 0.704178455990608 -0.268160809285613
 -0.205598764120262 -0.881050508005179 0.426003697796201
 -0.128328948497678 0.376082352292092 -0.917656659798166
 -0.164749010249168 -0.981190788739305 -0.100610137238059
 -0.537437260094603 -0.70947750541908 -0.455853990622355
 -0.801560096431124 -0.0488835433028914 -0.595912586713423
 -0.781406937762922 0.0496212962117299 0.622045757624181
 -0.758252106945044 -0.118952699643185 -0.641017938564124
 0.358393031708886 -0.159840262395826 -0.919785586612308
 0.586436143834679 -0.809860877001518 0.0147651314469038
 0.208244234020043 -0.968511879508765 -0.136451743293391
 -0.990664390550564 -0.132971216357509 0.0300453143682173
 -0.453386139602894 0.591366315159821 -0.666878466971517
 -0.997520386090982 -0.0556617799121653 0.0430679183373039
 -0.593417057016587 -0.0413495458158569 -0.80383232797804
 -0.973495872730546 0.131085338237884 0.187409764621942
 0.204259088315774 -0.827415205588035 -0.523127424632009
 0.529766311862646 -0.0123795836608568 -0.848053300638488
 -0.939252260332178 -0.26790375534563 -0.214552486195346
 -0.414417921099307 -0.209863705328719 -0.885559152093992
 0.108493199911604 -0.984234649201686 -0.139683144594382
 -0.148858822336326 -0.985054141103112 -0.0866567372352109
 0.274392254131132 0.302607448536488 -0.912763727896257
 -0.738636138414452 0.136953872292047 -0.660045674095665
 0.040843181750201 -0.93578041303896 -0.35020972727375
 -0.261779138002687 0.108959671809184 -0.958957492710603
 -0.340441219138779 -0.326162817333868 -0.881882981409742
 0.127130690732345 0.991062079755063 -0.0404195688433955
 0.0932555450907977 0.0562901305832043 -0.994049709274513
 0.376037895085616 -0.129989331375117 -0.917441156253756
 0.720579957292064 -0.499251619749869 -0.481157297903814
 -0.841573643800996 -0.443754583589873 -0.307954008907974
 -0.434711898575166 -0.430714798060115 -0.790892108930927
 -0.949826176597444 -0.263435950686834 -0.168617122902762
 -0.223741659257481 -0.880225420796379 -0.418500750891259
 0.777601865421614 -0.613083167998647 -0.139514759110171
 -0.331148082763401 -0.93252048291537 0.144036440616289
 -0.357198241052033 -0.309104871413462 -0.881398658416157
 -0.890822177544156 -0.11405729568661 0.439803116514817
 0.48169817728234 -0.701938482634667 -0.524642004227085
 -0.352353890250156 0.424257474613539 -0.83417763771281
 0.314861381896885 -0.811504016518429 0.49226369088573
 0.797904354950576 -0.586394919033293 0.139605298190448
 -0.170367740264192 0.549890045665011 -0.817677057740894
 -0.447800459520461 -0.771405980582695 -0.452114544750017
 -0.196643736832607 -0.977889067481217 -0.0711632803152275
 -0.536464588427696 0.32261041550716 -0.779825791551806
 -0.730765005608715 0.241055262389523 0.638650817780744
 -0.833266710707038 -0.547572424605397 0.0763611723275629
 -0.414475234989113 -0.19129227931595 -0.889728915712437
 -0.852242509010867 0.104708369207893 -0.512561082460116
 -0.144750238646517 -0.98373921639407 0.106322728238878
 0.364331052735138 -0.875692203944381 -0.316900691012089
 -0.0641664687203735 -0.627766349036689 -0.775752586401814
 -0.254667198338491 -0.963874269074091 0.0780449326177621
 -0.999767367109102 -0.00353423006586768 0.0212772385796678
 0.432545694861621 0.659316543150132 -0.614984485808575
 0.138893870258611 0.248394746311161 -0.958649332555757
 -0.823078011706267 0.520797036174874 -0.226523803952531
 0.10965741574141 -0.973812917466733 0.199157357252613
 0.264457472565726 -0.821281861734198 0.505527792302815
 -0.453748018343114 0.237869183839535 -0.858796243138738
 -0.68631975663477 0.00373657341968529 -0.727290333822656
 0.30511840423245 -0.419508048501365 -0.854936112607966
 -0.125505126819776 0.0128947939850463 -0.992009167009073
 -0.2081020096957 0.0110218392706873 -0.978045025865222
 -0.0439133019827253 -0.424820833992759 -0.904211745618619
 -0.933820757467885 -0.276574226669239 0.226904142898314
 -0.212664860303283 -0.971719551786083 0.10263902702598
 -0.410782614100532 0.63345333893336 -0.655739667358099
 0.112456659207348 -0.975917152183632 -0.186920335634493
 0.274258510935488 -0.939891391899672 -0.203436576387693
 0.279595894949861 -0.960112632270782 -0.00314147755935898
 0.313592931850791 -0.0675522020289402 -0.947151610405782
 0.213856367345546 0.606696761022864 -0.765626863628839
 -0.643283292455017 0.765602260030627 -0.00630754185311915
 0.130166400520909 -0.991052585982975 -0.0295208399590499
 -0.517400651587247 0.290415209858302 -0.80495687562754
 -0.638966560742691 -0.253753897191548 -0.726175387845636
 0.633328343099057 0.223528796793733 -0.740898162253997
 0.270648950117695 -0.657337944491992 -0.703317831802402
 0.00389375922332357 -0.938447782157879 0.345399187610611
 -0.199800169713527 0.0660313057318007 -0.977609205585647
 -0.24945913144069 0.0720741232833823 -0.965699467999123
 0.182280101793456 -0.267581972249299 -0.946136275922947
 -0.213285985843492 0.575184793416826 -0.789728777280411
 -0.664695520819601 0.208811599215566 -0.717340630827083
 -0.711811177966169 0.361245097924048 -0.602351082134215
 0.0921990904834164 -0.835117138653716 -0.542290228974173
 0.134726676250453 -0.943514483971539 -0.302703057867651
 -0.933504174583547 0.19228275342252 0.302650456420184
 -0.862573737140619 -0.46188633899633 0.20646442270724
 -0.988364753173121 0.124049150090062 0.0880166066544741
 0.841390184037108 -0.490644938718333 -0.226561475798702
 -0.859938885654424 -0.503560640948316 0.0832573950298019
 -0.00846912461424165 -0.106533946704919 -0.994272996780936
 -0.860403291896542 -0.485727221671634 0.154192222309524
 -0.745965314663803 0.574278169904775 0.337254107297978
 0.56498940975678 0.126156707362574 -0.815396499900582
 0.0218042279026296 -0.631422101555119 -0.775132701744216
 -0.0241271371755804 -0.936291620790035 -0.35039389562331
 -0.183176793048689 -0.974452564305985 0.129955617061701
 -0.407960061637335 -0.601131563669976 -0.687174964087423
 0.0992768446908867 -0.991299517430024 -0.0864255451311853
 -0.490384553729643 0.57781725330633 -0.652418739188957
 -0.687209444821315 -0.714032906798111 -0.13379158029495
 0.0833050783041628 -0.996094435642268 0.0292598566512088
 0.215189062541834 -0.876581459820863 0.430463252392921
 0.242280215476442 -0.256342270611901 -0.935729094068483
 -0.852164739822128 0.274844766852185 -0.445281495615811
 0.0971697267039974 -0.0115166863644033 -0.995201190788805
 -0.548985412045402 0.368311810742013 -0.750307555226042
 0.224876071027543 0.485980914278527 -0.844543251489361
 -0.984186392762242 0.171810570282832 0.0431076819225406
 -0.888570310425715 -0.440092836913092 0.129464660536126
 -0.809111766073205 -0.497579270057036 -0.312654793680516
 -0.0598515116527507 -0.648887183156917 -0.758527006828077
 -0.940890737510386 0.164457201382639 0.29610546935265
 -0.489252328476322 0.504320697707279 -0.711542544718544
 0.388429193144509 0.0860508786679494 -0.917451910561845
 0.125645620464018 -0.306102149336556 -0.943670838920941
 -0.231306900319459 -0.0594602424442823 -0.971062097619442
 -0.751608461150337 -0.0213675629684367 0.659263337658035
 -0.497183575166757 0.678690347512819 -0.540544082177698
 0.372140219175799 -0.924973850401418 -0.0770391676055994
 -0.763903043886192 -0.568415953882514 0.305541229481786
 -0.975570549522404 0.0942776243319765 0.198428406370847
 0.0532945654415708 -0.953740490003052 -0.295869510127578
 0.0445527131557296 -0.988859969244502 0.142024705513601
 -0.838634809688894 -0.142230651624684 -0.525796631518775
 0.376370673712428 -0.926284589646994 -0.0184925647694734
 -0.368478965743043 0.488917793242506 -0.790684920341735
 0.0767233127222617 -0.0923834025351777 -0.992763234724647
 0.138389285298178 -0.971754244334857 0.191159865902469
 -0.154921302339863 -0.848509564143987 -0.505994969972531
 0.303034046741423 -0.780944137816556 0.546165377999625
 -0.977143493879872 0.156607288253206 -0.143752390012178
 0.218531592819376 -0.950204497327834 0.222160654027183
 0.0831852704789112 -0.835227443832189 -0.543576423187115
 -0.241484032519619 -0.0686585726307649 -0.967972862451407
 -0.961175094830707 0.189927112108763 -0.200175246130004
 0.126017840352362 0.171290107316075 -0.977128038206137
 0.0106822133899436 0.220301388862722 -0.975373358454211
 -0.546458233280342 0.367652246983863 -0.752472740082884
 -0.11191803407354 -0.992258119337972 0.0538347309548856
 -0.405176496448715 -0.910368046284028 0.0840358675242063
 -0.868001658774792 0.061413133482497 0.492748969963481
 -0.0586358099586603 -0.934911803325293 -0.350002516838866
 0.449596993376985 -0.0922882518011218 -0.88845113660002
 -0.434458918964325 -0.032624880570608 -0.900100585990312
 -0.0425859431499693 -0.993250405072345 -0.107889157331269
 -0.278121408984994 -0.890301860947099 -0.360570489999299
 -0.957294822909442 -0.252713238852501 0.140437320322834
 -0.0633113415400709 0.173610647912532 -0.982777195992961
 0.721913090155364 -0.686195100782598 0.0893183851415468
 -0.129497843182811 0.225198388185165 -0.965668677430206
 0.521714075266854 -0.840553338021767 -0.145892116335722
 -0.344133187680774 -0.783377826332658 -0.517582389911972
 -0.707616116915797 -0.678829964244833 -0.19613594959713
 -0.958369372264123 -0.210532967519437 -0.19288342565791
 -0.174298400411552 0.621090072639537 -0.764112026657472
 -0.194050398109763 0.510581234241226 -0.837646253638222
 0.0956474556009448 -0.984112556060102 -0.14957954820736
 -0.126928936807985 -0.991806986793799 -0.0144203310572117
 -0.449575767936143 -0.80088567799366 -0.395555002078425
 -0.133559611619913 -0.884403761456466 -0.447204446383969
 0.784353169250743 0.0188040316199017 -0.620029446301667
 -0.581396667311964 0.033482084795567 -0.812931033505477
 -0.0729943534386843 -0.622346254696232 -0.779331100131158
 0.158653386883811 -0.0369577062422316 -0.986642402686814
 -0.975046097545578 -0.0660925008212525 0.211936049308116
 -0.599132567938866 -0.155323659321221 -0.785439193629937
 -0.528279368602489 -0.848901736918128 -0.0169336873226467
 0.381802492957978 -0.873972308888768 -0.300664696408989
 -0.313350719180723 -0.308122145284933 -0.898260580440851
 -0.155966339014361 -0.250800466813238 -0.9553918708785
 -0.230007033839862 -0.121464320367697 -0.965579195748232
 0.582983319408307 -0.0411135808784986 -0.811443234464999
 -0.0512479452867787 0.690996180566135 -0.721039476413668
 -0.468142916472468 -0.0178825952279547 -0.883471800650459
 0.0761917179055027 0.0335091683019466 -0.996529958286413
 -0.60516470431316 -0.215375535834926 -0.766413112634031
 0.499052177405191 0.463863338722435 -0.731968392224974
 0.0560310499423125 0.425202841893041 -0.903362089468251
 0.437686825358178 0.55963120097613 -0.703735150324249
 -0.85640884302646 -0.384827284300774 0.344197406794084
 -0.984487718249284 -0.102080048250384 -0.142701073456083
 -0.454961734529932 -0.835406935972939 -0.308391101430994
 -0.975480740390534 -0.0788923205792482 -0.205458820401454
 -0.0925359919293793 -0.19789735581745 -0.975845134618249
 0.295562352091066 -0.944733371753793 0.141851162565225
 -0.0805921777914938 0.455893513796406 -0.886378025989584
 -0.367858027724219 -0.884106314166587 0.288160539785759
 0.595133894417942 -0.175176766725798 -0.78430143957182
 0.520512864472685 -0.194344627629422 -0.831442435548019
 -0.152244440854916 0.242914878404961 -0.958026091543585
 0.20973108752623 -0.918587249379326 0.334978113020521
 0.140152450728349 -0.935562567593471 -0.324160411945613
 0.170808348691225 -0.907151751747967 -0.384577960000273
 -0.0909130706013399 0.0258407929361766 -0.995523514043875
 0.102635139065959 0.415953205438696 -0.90357565212559
 -0.500269814560423 -0.716556216828626 -0.486083635564836
 -0.74064867402668 0.214915431786715 -0.636593197295142
 0.094093003229419 0.43025752944235 -0.897788931264712
 -0.255445088060977 -0.931682235290083 0.25829444328207
 0.0263905707815297 0.17557198425469 -0.98411280660232
 -0.698922557610413 0.708971877297594 -0.0941601596453751
 -0.0124317721421881 -0.190122528921988 -0.981681656667635
 0.249221232067395 -0.147222156850183 -0.957190897375853
 -0.893070726978783 0.445258592609011 0.0645713738542959
 -0.798689426187996 -0.236317435157347 0.553397931272013
 -0.274717500234915 0.555972350993862 -0.784490305864283
 0.135458050849583 0.0470304684059836 -0.9896662323741
 -0.376503114481787 0.307426726178505 -0.873918882286383
 -0.623132364502015 0.534729698363061 -0.57076282815078
 -0.577545659160449 0.234396121848667 -0.781984315473928
 -0.931391011691049 0.111078783740239 -0.346658747392753
 0.0789653360709275 0.0210952361204389 -0.996654135953004
 -0.343866818085938 0.762679169282877 -0.547792019074241
 0.15457625463079 0.219357704655753 -0.963321534542064
 -0.629365247752017 -0.0558960003578139 -0.775096782386588
 -0.782125739306901 0.136149349418499 -0.608064702615233
 -0.944077295216635 0.212593571891465 0.252035778902266
 -0.903426619544137 0.349117297690447 -0.248872367996878
 -0.207579629785029 -0.537233832683881 -0.817490370780046
 -0.810599522163405 -0.584416036086957 -0.03723320336564
 0.029959233304807 -0.986965139073816 -0.158121025144639
 -0.157222824406877 -0.97323752798757 -0.167599813848848
 -0.803906529689016 -0.0484541042646461 0.592778619134727
 -0.0126927401554387 -0.999862525719379 0.0106688335543662
 -0.966595502051477 -0.135336073124102 0.217663232368721
 0.658881883031068 0.751606087424873 0.0310314930241649
 0.399672786787615 -0.546345245154513 -0.73604927593095
 0.610896321388848 -0.789720962663566 0.0560935436864567
 0.437072619105378 -0.827590654637294 0.352223272918445
 -0.979157062024101 0.135135420226029 0.151624094683742
 -0.873880027035886 -0.132348734792894 -0.467779339802945
 -0.436798638094073 -0.79296269801389 -0.424755352312005
 -0.0642388030169364 0.452431465301317 -0.889482515506772
 -0.0133610548343927 0.482093985529882 -0.876017620444718
 -0.967060713242527 -0.246674392208955 0.0628117913388708
 -0.333351117703425 -0.871284247133452 -0.360195492785475
 -0.982439270576188 0.186568460236432 0.00229984232811467
 0.247216813972838 -0.341578751773174 -0.906756749754971
 0.148546808626602 -0.978711233942406 -0.141626855510474
 0.472372669744879 -0.0960845091530491 -0.876146008367848
 -0.669315858778332 -0.363185409912057 -0.648160967055896
 -0.225611284337362 0.249990421933786 -0.941596695682931
 0.0410224131948428 0.558706675358772 -0.828350175061984
 0.537187115399206 -0.236597930460946 -0.809599544435814
 -0.71199170036526 0.391433063313193 -0.582964815024231
 0.382741383340906 -0.916256063888347 0.118253367250674
 0.470361296830603 -0.342530819305201 -0.813285244099474
 -0.050264118574982 0.100719895607971 -0.993644313128496
 -0.738540965995284 -0.367163060459789 -0.565463109831715
 0.154274294784568 0.22968585526081 -0.960959858611084
 -0.211968450762036 0.746566948119511 -0.630640284042386
 -0.853412071776195 -0.394112739978023 0.34112018986521
 -0.546924056769084 -0.798505596585415 0.251521148910025
 -0.627611834402947 0.452544616023517 -0.633487770857098
 0.0539775526565219 -0.95431050457175 -0.293901147791606
 -0.979596652503541 0.0876413814810952 0.180857365500943
 -0.851289729017374 0.266138803293408 -0.452190153200043
 -0.97771001911364 0.0920974198020467 -0.1886827596539
 -0.418442712374472 -0.56959225830029 -0.707439294742009
 -0.391617946579726 0.49706118643947 -0.774316189196678
 0.0723133535749165 -0.546952496559191 -0.834034618827311
 0.451727473116666 -0.862828005674648 0.226870277152256
 -0.965579385737661 -0.0964177151520389 -0.241578297956048
 -0.553468657794254 -0.0436425000899565 0.831725782349763
 0.149054474115853 -0.40815312835415 -0.900662971127806
 0.190807481605668 -0.975900121389946 -0.105884172728463
 -0.103971510777395 -0.991211971934181 -0.0817847885674236
 -0.456226659902623 0.0729074069474886 -0.886871887482228
 -0.463216436146182 0.397170523085763 -0.792266438059705
 -0.802458822525338 -0.513539098531972 -0.303870749546938
 0.170743316618197 -0.159933509176703 -0.972248935444336
 -0.44317915854092 -0.517157764065704 -0.732215870151367
 -0.914431760240476 -0.0645010585524427 -0.399567477792072
 -0.886535908263349 -0.0966787853340567 0.452445903756471
 0.2486891755748 -0.876325404199432 0.412562092183261
 -0.915847074496489 0.393951567754906 -0.077629236758286
 -0.0317587756153934 -0.986673633901846 -0.15958233089643
 -0.685682757141781 0.529612979833145 0.499348824120676
 0.0487316654839798 -0.99317279036004 0.105986005055432
 -0.0139709669128262 0.309015578901568 -0.950954354361791
 -0.82628746028621 0.142483083105352 0.54492898987167
 -0.952678055427302 -0.210937846018372 -0.218882954622747
 -0.243781736965375 0.523920051416716 -0.816136167833316
 -0.288177799911232 -0.16825619127609 -0.942678847612264
 -0.951367529812829 -0.230301101769878 -0.204600160658334
 -0.885071507869379 0.4364829029153 0.161651172035519
 0.0219417585074946 -0.981779812249558 -0.188751051633686
 0.18806870636787 0.140079934960308 -0.972115103013338
 -0.261767633425901 -0.929981759471671 0.258092295779201
 -0.24176189174115 0.798438208265392 -0.551405128089765
 -0.674178251961651 0.567246009804133 -0.472985886621601
 -0.545825101103322 0.022004918648364 -0.837610137570474
 0.259932236782432 0.803318767784642 -0.535830373911601
 -0.963259818483713 -0.152748406256636 -0.220903704090228
 -0.176713481101314 -0.981466806049103 -0.0741299819292342
 -0.165892606015359 -0.983994207526455 0.0650772066380904
 -0.829413131139837 -0.309532882586574 -0.465041129891171
 -0.937596957338398 -0.215108391638757 -0.273203816657759
 0.0293477104039938 0.623039054451714 -0.78163997372317
 -0.975243254595536 -0.220845394971883 0.0113095484268654
 0.281671532430693 -0.955401175527008 0.0887115641827905
 -0.211269104934849 -0.956351256262011 -0.201885214778351
 -0.894770008593322 0.25437744077728 -0.36698603426494
 0.481250435532384 -0.637184153552906 -0.601992003901179
 0.360576506438482 0.425170143411764 -0.830189696488603
 -0.124714077336062 -0.987242423460621 -0.0989888692420248
 -0.115195792627019 0.0814544344511549 -0.989997527506648
 -0.241042984084101 -0.930635172870036 -0.275347879674042
 -0.974432288868851 -0.090566907878201 -0.205619429060565
 -0.0244976613004566 0.262194423361652 -0.964704073251927
 0.427111921385049 -0.876772428525552 0.221010215121786
 0.493555807605725 -0.84342627991463 0.212213984289509
 -0.0422676678757043 0.634002022141411 -0.772175420596221
 0.263964606382511 -0.84242449559387 -0.469727214243266
 -0.259129749164336 -0.908271954932372 0.328471960723219
 -0.0951837186081046 -0.984137754764045 0.149709516597705
 0.706201502023231 0.30759383513484 -0.637703278278521
 -0.0405623407975367 -0.950129414179662 -0.309206715353397
 0.231715324517375 -0.0347363274612682 -0.97216325580548
 -0.124911979349498 -0.914645075506034 -0.3844754651048
 0.0917621345482923 0.0309521864375491 -0.995299790423909
 -0.867751613687695 0.244766337499731 -0.432546618261396
 -0.749105653797894 0.511438658861693 -0.421035886439364
 -0.519677446394855 -0.83418976019408 -0.184561089333223
 -0.816652650880213 -0.419851655273983 0.395983630184402
 0.759767465670387 -0.12312370767165 -0.638430850380825
 0.423771887817777 -0.904819980346627 -0.0414510586220292
 0.141652906197217 0.290323330518505 -0.94638618857342
 -0.695778740594825 0.371748284896108 -0.614569082213775
 -0.938217393243777 0.286461608001971 -0.194133639938514
 0.0185440685114414 -0.985453620452093 -0.168929806312876
 -0.997369143442689 -0.0275069103556678 0.0670683352341632
 -0.72058710653229 -0.605669032239092 0.337519251726453
 0.192077403451669 -0.384463380537337 -0.902936420856456
 -0.476327745293481 -0.314725451822171 -0.821011430516628
 -0.0691463787859841 -0.897916516298896 -0.434700710901696
 -0.566389990184207 0.552469412067723 -0.611538983016355
 -0.890722344030834 0.432445510687045 -0.140016378080702
 -0.619281440981202 0.420834912303215 -0.662863842310765
 -0.138549771888852 -0.925339314899793 -0.352917997572138
 -0.307275893358643 0.305907336783999 -0.901111661594926
 -0.621717939067651 -0.337070172975634 -0.707001062751428
 0.554645032169168 -0.524270020044571 -0.64615000918713
 0.0257407965374303 -0.990183070806949 -0.137385944262646
 -0.820523348802229 0.405978141541098 0.402396797528525
 -0.191746980873584 0.155688687536927 -0.969017093708307
 -0.69709089350052 -0.691649717875425 0.188904616040722
 -0.663340332143472 -0.737848189810955 -0.124738336306389
 0.192115602530572 0.833577170889325 -0.517919583947609
 -0.112397333551561 0.675555966893204 -0.728691275510753
 -0.955136983116205 0.180023808867109 -0.235169665825872
 -0.175673090689545 -0.983803720650576 0.0356258956612672
 0.193077251312335 -0.980422299214332 0.0386431136032964
 0.598145594230858 -0.295945684287264 -0.744740223201324
 -0.159214892731758 -0.980882617069507 0.11189240127591
 -0.824427849111435 0.336026074149893 0.455417609563907
 -0.317670156039316 0.122743582008073 -0.940223210220735
 -0.75301804193953 0.227835295818677 -0.617296449441249
 0.326795795120304 -0.892596472219649 -0.310605933737148
 -0.543096778521897 -0.312450506403183 -0.779371907504711
 0.241907325818191 0.560016266469448 -0.792377830965198
 -0.553786570737758 0.488521325211528 -0.674290255664493
 0.350388467490788 -0.930953129305256 -0.102733601544033
 -0.474297610048012 -0.261031970391686 -0.840775884249886
 -0.512215914935375 -0.710022507789799 -0.483221372580727
 -0.603391121084217 -0.510340113862844 -0.612757801402145
 -0.228544796485815 0.581542224425795 -0.780753429201022
 -0.964735449306102 0.0296139658601579 -0.261550235859552
 -0.585426012230192 0.790719571041267 0.178994257384337
 -0.993024907939019 -0.116008906428596 -0.0210586286814498
 0.0403622339957634 0.38506921877348 -0.922004656615168
 -0.76020600383617 -0.525259156185527 0.382347552071029
 -0.417329686911427 -0.876190298612247 -0.241094365426054
 -0.314944274196917 -0.949094177112538 0.00550882216563305
 -0.217480324932533 -0.974535001031173 -0.054624536907976
 -0.280511466071456 0.213433746994078 -0.935820149946832
 -0.866541748129863 -0.20839019627478 0.453518384241035
 -0.992942668165658 0.0151883520025717 0.117618755730157
 0.226473312281174 0.18778975382015 -0.955743086391192
 -0.450443064455324 0.491820509635244 -0.74512658789378
 -0.46895670431057 0.143988067341892 -0.871405213402648
 -0.441580387203618 0.825644876933645 -0.351165628771281
 -0.033574838214512 -0.987370834021757 0.154827537479771
 -0.924812419105863 0.192879593535354 0.327901588689653
 -0.713659939415127 0.154388641420555 -0.683266886563597
 -0.594014295278569 -0.793440726568713 0.132660583546201
 0.699038334053734 0.390644163185622 -0.598951204433538
 -0.989503148346874 0.0793897589849752 0.12075092372289
 -0.957166278572744 -0.100039401057309 -0.271707256802793
 -0.986379684758914 -0.164359335040794 0.00641299304949383
 -0.0876014169499342 -0.168637147979753 -0.981777726407367
 0.331295966129741 -0.322053729169581 -0.886862096582173
 0.165970034447278 -0.985592529774366 0.0325777979386951
 -0.922776595565643 0.262504328440438 0.282090113662844
 -0.167311913368541 0.4986087946184 -0.850526891740728
 -0.884334438363171 -0.385361719816433 -0.263531679357562
 -0.954840214501933 0.136439312212287 0.263940294106339
 0.135083326380429 -0.930389652581317 -0.340774983388769
 -0.0608876271494423 -0.997872885763023 0.0232894980428409
 -0.287900645937601 0.153702917030853 -0.945245275769691
 -0.308494506168903 -0.447261050176307 -0.839516940066602
 -0.927264079941775 0.0905460473948827 -0.363294287528577
 -0.8937470267408 0.365054128322022 0.260675536993841
 -0.131298136748592 0.330834081431505 -0.934510358342657
 -0.678525671053592 -0.730043621803178 0.0814814333806862
 -0.443451552134624 -0.891967872971484 0.0880001960004625
 -0.834575031339788 -0.0675900785764348 0.546732199840309
 -0.77250403516959 -0.429963788043123 0.467299322296008
 -0.98515695406921 -0.00840622724264243 0.171450025350308
 -0.945478769716783 -0.186310118296443 -0.26712999800697
 0.559721241319695 -0.268837573087543 -0.783861270450288
 -0.109260730190154 -0.987141329328959 -0.116679427359629
 -0.822493026396183 -0.355780382026434 0.443762933664782
 -0.990983497432593 -0.0611163013666646 0.119232988403059
 -0.445552150192129 0.745131475475289 -0.496248290390193
 0.117915603398043 -0.571480663617888 -0.812099600779445
 -0.594290018183811 0.00552588438813699 -0.804231831556557
 -0.318841537595119 0.552093150720896 -0.770411076524121
 -0.855419823949278 -0.508644891856642 -0.0976590947261467
 -0.538630505442175 -0.806350254706559 0.244287628302734
 -0.916362714343038 -0.393530373144883 0.0735745959846732
 -0.00944720530003834 -0.979383748120797 -0.201787572037718
 -0.974278950682532 -0.193142690287513 -0.116088015942415
 -0.748072210222869 0.130448568457784 -0.650669762075653
 -0.868035348819866 -0.231768051707528 0.439087922182871
 -0.97786130893012 0.15125245158679 -0.14460275373055
 -0.929736266391992 -0.330965639841959 0.161407001705256
 -0.247661845779972 0.582582431255956 -0.774119707110442
 -0.632195755082164 0.447572398396613 0.632461441867878
 0.437091231020058 -0.83294052095054 -0.339354305002918
 -0.802034739661639 0.0783496352396057 -0.592116214128365
 -0.513132628660311 0.381123798924991 -0.769051074569916
 -0.88204780186674 -0.330478715943546 -0.335820627017395
 -0.657545524368683 -0.689611397354743 -0.303430394029921
 -0.659473964417195 0.345418578330992 -0.667667653851573
 -0.0264457934574133 -0.992432263122149 0.119911730546507
 0.0782868656828166 -0.987731516454616 0.135120753638463
 -0.126675345237792 -0.0461379011840508 -0.990870653003316
 -0.866826303464411 -0.487797479585987 0.103275256144843
 -0.443914157840721 0.335769826362443 -0.830782067797024
 0.0759651732477204 -0.964470892875887 -0.253031992539743
 -0.1373770940546 -0.0234566489348979 -0.990241041186366
 -0.0082351099314615 -0.154144791230176 -0.988013950458708
 -0.962698196897011 -0.23516218564262 -0.133831715729227
 -0.455051634977111 -0.881455714780052 0.126348060476786
 -0.0942751167892768 0.00600349445740917 -0.995528081175347
 -0.811513376872661 -0.0208964106607275 -0.58396008354872
 -0.0105102739404243 -0.997769932680858 0.0659143048187104
 0.176162827064672 0.529602868598092 -0.829751444670785
 -0.466703943852456 -0.32763941815242 -0.821486360486471
 -0.156156047841838 -0.986934911781577 0.0396833545596812
 -0.120846218072466 -0.0982001677072405 -0.987802064504753
 -0.0489579409730544 -0.997510295233553 -0.0507575700634748
 -0.250313118565566 -0.154425469905721 -0.955769907937249
 -0.463372153371135 0.276069566389729 -0.842064036753491
 0.00662772651444864 0.869140844620356 -0.494520237658546
 -0.37726227104626 0.615525393956072 -0.691954961135651
 -0.18796669482516 -0.264909255118823 -0.945775664832256
 0.438901765568446 0.598866400907014 -0.669868848391669
 0.168800224632633 0.350083200195182 -0.921383870656022
 -0.723970766208989 0.0885273113510819 0.684126629228623
 0.287663904372178 -0.942354809275411 -0.170929492940386
 -0.962293453908125 -0.0832406327731254 -0.258963907950704
 -0.904970637611689 -0.349403204309987 -0.242787038119019
 -0.663622842077864 -0.745747751214584 -0.0588643782850789
 -0.0821517663626382 0.745406527944709 -0.661528680694127
 -0.737668176781679 -0.588027161014223 -0.331767567542619
 -0.909809408902463 -0.121839999011539 0.396739025195934
 0.352124267357407 -0.918532456979672 -0.179740440115449
 -0.583185436540651 0.421471841268338 -0.694446710428357
 -0.930987937037783 -0.194922475032788 -0.308653024960432
 -0.863463054398128 0.229618358260268 0.44911798365164
 -0.471983299285797 0.541516163583128 -0.69569534264181
 -0.631506938071339 -0.496467002404209 -0.595583329762966
 0.65038149035433 -0.757192644067427 -0.0605245138324966
 0.0708355109984033 -0.934160888405193 -0.349751004223885
 -0.813377158459267 -0.578442918675702 -0.0618173756371481
 0.584212407074467 -0.741059008907522 0.330949254021307
 -0.448129665535961 -0.709423167402132 0.543965598562771
 -0.000938788376747383 -0.0618311226946163 -0.998086184125753
 0.117392336231049 0.0579358661443613 -0.991394207572507
 -0.365912728770172 -0.0459601086539666 -0.929513605783413
 -0.387519882036747 -0.14665256351413 -0.910121621895096
 0.343556354984453 0.167550413099171 -0.924064873274649
 -0.61189124411293 -0.634327769687685 -0.472458872264008
 -0.0146551894490293 -0.411860949498996 -0.911128851315772
 -0.213402000030437 -0.125083417189744 -0.968924003793458
 -0.196912841665944 0.156754165184025 -0.967808588763554
 0.0306278661063314 0.44641495073482 -0.89430175308908
 -0.439337980239853 0.0245433951455043 -0.897986503725695
 -0.963556486930758 -0.25098641128375 0.0925457608135564
 -0.991416758390715 -0.125526286020333 -0.0365508235199863
 -0.359640718997917 -0.42026807062032 -0.833086611377073
 0.227740313882171 -0.901167435654458 0.368824622752899
 -0.838279474802177 0.254014844858962 0.482456195645432
 -0.294442740669902 -0.302507973218041 -0.906527660144085
 -0.909117368287776 0.112035993753861 0.401190162866804
 -0.631348540483614 0.337069178966516 -0.698414911796741
 -0.0368930109240537 -0.015138184835457 -0.999204554185401
 -0.385487768810795 -0.879101054446316 0.280322164961405
 -0.0383329873747429 -0.973111589996796 -0.227122027757845
 0.301079760229853 -0.938833552717266 -0.167160217373067
 -0.970667172971583 -0.235154492630925 0.0500759813767714
 -0.872924924158909 0.0342734088839227 0.486649165442251
 0.624414537734049 0.25554478483557 -0.738107951460839
 -0.10840202806866 -0.954748083664204 0.276956850520314
 -0.373195890416823 0.417019658691533 -0.828745697811332
 -0.301424562758953 0.762749135512008 -0.572151194389436
 0.678202379002578 0.285796524509553 -0.677024282942276
 -0.254961080536252 0.175360172050649 -0.950917271622592
 -0.951949180023402 0.034975971236993 0.304252263900865
 -0.481055952269064 -0.116689969795192 -0.868889303499417
 -0.440283461435471 0.136150806961986 -0.887475876489046
 -0.754446180598197 -0.228021708089415 -0.615481162360618
 0.0333042786033247 0.0618887693919285 -0.997527245367196
 -0.230003249743837 0.067970182259917 -0.970813349429656
 -0.927152133816858 -0.374674141177283 -0.00286508148438372
 -0.285078226926748 -0.88078533762783 -0.378084109097608
 0.0277622954626096 -0.994307730842696 0.102865890056398
 0.0144469958240151 -0.0759408605227221 -0.997007657951898
 0.539485704023364 -0.0372320794933917 -0.841171176046239
 -0.150707082335918 -0.358285473241957 -0.921367947672146
 -0.922236382975531 -0.189987356764739 -0.336726681725337
 0.0310679143369566 -0.798291460829226 -0.601469474093152
 -0.560904915727658 0.0773117392635001 -0.824262440297143
 0.0603036877396087 0.21448734222356 -0.974863398261971
 0.15649602918267 -0.956948933432804 0.244453945870948
 -0.63317216121774 -0.287774030368371 -0.718525658347982
 -0.795870224107152 0.102008997459036 -0.59681215706203
 -0.908551513169786 -0.399355864573801 0.122674534225336
 0.556248532873054 -0.819143410777852 -0.139970147730875
 -0.610500975297399 0.679203735766455 0.407395194475606
 0.0150535211806743 -0.996138380656941 0.0864969252761611
 -0.129842433120187 -0.0733018718520319 -0.988821408619584
 -0.876526056222656 -0.0299248324000228 -0.480423331207579
 -0.338749653030731 0.767222764909451 -0.544626387146507
 0.076853426868294 -0.896715756503474 0.435883473897558
 -0.140672461813354 -0.713066183952627 -0.686839046495326
 0.226132581484936 0.391317154340399 -0.892039763861394
 -0.949211120831789 -0.0038657254368268 -0.314616122053696
 -0.30198040363054 0.515800188467611 -0.801721897792441
 -0.119330942777021 -0.408494867231604 -0.904926554777448
 -0.264105163786536 -0.963611092590101 0.0412568139656886
 0.0692670565213452 0.547813467543069 -0.833728060976304
 -0.170814682023986 -0.095205215981174 -0.98069277108329
 -0.369393177237532 -0.926111699738371 -0.0765885123113598
 -0.838496709832619 0.439805060233747 0.321706040653051
 -0.987455301816523 0.142276122146297 -0.0684801575746703
 0.571275459772032 -0.806547889578563 -0.152068572948591
 -0.907402748213379 0.303575437351749 -0.290623822787296
 -0.907170256042635 -0.400545173261637 -0.128863069683855
 -0.925497895742181 -0.371050536118124 -0.0759943723130044
 -0.347301885401314 0.0826394916535721 -0.934104980618309
 -0.877177617563284 -0.47735892031391 -0.051844849722403
 0.705585993732966 -0.708184366201512 0.0249661554033862
 0.0576173815056526 -0.995962525531632 0.0688395604655118
 -0.977335364847953 0.200068203726879 -0.0691975322899455
 -0.943608611660626 0.120214458365891 -0.308465998125727
 -0.00364217855232751 -0.849990570512357 0.526785311655015
 -0.917805262849644 -0.133398707641567 -0.373949574521828
 0.585598565124403 -0.154559260306899 -0.795729700072596
 0.103174367734274 -0.0853773238985732 -0.990992311981557
 0.256562071261772 -0.778650069656073 -0.572608044489825
 0.336724320585717 0.764813407390513 -0.549251475921367
 -0.999402706055148 -0.00210488970573476 -0.0344934858919037
 -0.0222320060060373 -0.99643562864407 -0.0813742949440719
 -0.922541354659166 0.0973067073824393 0.37342851209036
 0.0485646031542053 -0.255095892329613 -0.965695379007807
 -0.806404899269875 -0.582052750633969 -0.104526235524742
 -0.907088436682723 -0.186783651002706 -0.377229950765568
 -0.528464012206891 -0.464284847151784 -0.710749863529667
 -0.886851306481914 -0.0323560865616854 0.460920648109558
 -0.508347853632812 0.253062545276558 -0.823129277747465
 -0.0993872479500078 -0.0396407709852504 -0.994258912064971
 -0.536166328790915 -0.652585049012214 -0.535404913758362
 -0.970707675323686 0.23281747773898 -0.0593517575725023
 -0.547578667089057 0.228045434673771 -0.805079426562015
 0.081544924475252 0.754878899232694 -0.650775132273477
 -0.302530045579267 0.849205566312069 -0.432811133944594
 -0.208035597333098 0.230010419965723 -0.950692588037507
 0.458482519715582 -0.876532611473597 -0.146575441798846
 0.776288708143205 -0.415103195773294 -0.474410348188308
 0.322199805619554 -0.191183824633142 -0.927165589556346
 0.0377857894998404 0.211699201731995 -0.976604158345596
 0.297681197068873 -0.561653519178881 -0.771965821332538
 -0.831216965998075 0.123228104216719 -0.542119165652819
 -0.980781896439008 -0.0610704384452751 -0.185303192540237
 -0.581500794662039 -0.61574253990147 0.531712281561282
 -0.991764549974595 0.105210077472044 0.0730336703994461
 0.427205886853677 -0.18132519295541 -0.885785699047601
 0.220633114936462 -0.975258550668495 0.0138487523416893
 -0.757179045389902 0.522790196540233 0.391625208105736
 -0.917213249534099 -0.381576581043004 -0.114538935208209
 0.0758873187576764 0.722992235487883 -0.686675572796939
 -0.808765372149393 -0.514119212955788 0.285622141441756
 -0.681035628618842 -0.235201448886494 -0.693448448692065
 0.645966107363564 0.323741794276296 -0.69131688737968
 -0.573481850351152 0.170565133502615 -0.801265313458067
 -0.954709633243166 -0.213534972197196 0.207201186872666
 -0.901324427985555 0.423915295298567 -0.0889387313179207
 -0.37915480560129 -0.284477826278885 -0.880519164893694
 -0.507545253285812 0.352178167625399 -0.786364008659512
 -0.999678967974947 -0.00778083625772649 0.0241126434816844
 -0.644607876975873 -0.441863536024911 -0.623888852659045
 0.0637045720907635 -0.924831075971836 -0.375005611173366
 -0.533671495056633 -0.137050261617108 -0.834513008379558
 0.546335215577137 0.2279099311254 -0.805962093100351
 -0.775237719833182 -0.534761169572779 -0.336209710247939
 -0.688680326101162 0.214190692041284 -0.692706110759876
 0.197898668329461 -0.945046497732201 -0.260236880932597
 -0.914363850593398 0.150666457999833 0.375816933042935
 -0.582117391152928 -0.305468617002127 -0.753543805590701
 0.323225724140214 -0.918333115745414 -0.228450037818675
 -0.518987762365833 -0.231420100887085 -0.82285869954684
 -0.732339169046256 0.129157050430492 0.668578939097497
 0.507528343885515 0.135681602059916 -0.850885117401451
 0.132575807053601 0.199260292192894 -0.970937171674506
 -0.239230072304432 0.0757511724635171 -0.968003477460499
 -0.276809182296842 0.683439997685225 -0.675489782424703
 0.159994450398593 -0.977175378528023 0.139749974741561
 0.0645144450277874 0.500809621822499 -0.863149818439859
 0.100802293749552 0.561411585674537 -0.821374414652192
 0.203784838880191 0.354387564031597 -0.912623248609373
 -0.58719288410201 0.165549912034699 -0.792336887621211
 0.206719780337979 -0.218539363315158 -0.953681015381361
 -0.536264306904985 0.455474975258153 -0.71060758513634
 -0.132630491300174 0.455915838578542 -0.880085166850743
 -0.982395075890898 0.0582442771677594 -0.177503574731668
 -0.688973059107227 0.0108543616370175 -0.724705668984232
 0.053546861221205 -0.167554450250076 -0.984407557800504
 -0.950341763984076 0.295282151121417 0.0982801244237298
 0.646836993433029 -0.128333628061459 -0.751752874178145
 0.514304023739839 -0.105608230747425 -0.851080649975906
 -0.0930376938016639 -0.896223583106427 -0.433736413753727
 -0.332218979603059 0.676907013271852 -0.656831367228213
 0.253845544843756 0.689535201448071 -0.678309402357762
 0.429439772590861 -0.881156975443162 0.197848089060698
 -0.975539570223708 0.0561844381496234 0.212522600768847
 -0.97181269087288 -0.117053815847711 -0.204642366224352
 -0.688528797544301 -0.118884917599343 -0.715398120852716
 -0.151121857203951 0.0571981587069732 -0.986858933645413
 -0.699448401234542 0.470753719218082 -0.537738663155985
 0.420207740267649 0.115715411955536 -0.900019665593545
 -0.837753646649428 -0.544358135828374 0.0429307288901974
 -0.0917552137740892 0.146908179189579 -0.984885256074267
 0.171842599102489 -0.881114006164556 -0.440577154734954
 -0.118366054769369 0.233270929501526 -0.965180890055242
 0.226896723400189 -0.958662654703364 -0.171708448794333
 0.229741727358947 0.492245687528481 -0.839590925284296
 0.357966079591817 -0.923019730238071 0.141049152613204
 -0.138982954409666 0.0438527743582489 -0.989323340756017
 0.171024053126726 -0.958655321337387 -0.227443945014191
 -0.0861982533240884 -0.250422148254274 -0.964291765384104
 -0.201722058658935 -0.975926317382369 0.0829218553270968
 0.170093385748711 0.137182622949091 -0.97583255125321
 0.112897705094811 -0.756887151541137 -0.643720395836787
 -0.938719755922467 -0.260826285105339 -0.225332795746677
 -0.922414514776399 -0.15913384395561 0.35189186213627
 0.0933481031710349 -0.984094674190034 -0.151141668196366
 -0.843114462209597 -0.516599725302629 -0.149274001186647
 0.16865396981538 -0.29516683547395 -0.940442649873881
 -0.44302532742544 0.14669273270862 -0.884426255506958
 0.375878463394101 -0.0606494260436786 -0.924682122611366
 -0.380218056243797 -0.920906710336626 0.0858199310368128
 -0.887029328432163 0.0930064864257231 -0.452248564380172
 0.0843324932366774 -0.837988555109025 -0.539131906021869
 -0.989818554086008 0.00652879277862913 -0.142185107700978
 -0.837324493670336 -0.376979740110189 -0.39594692554201
 0.109942748828079 -0.0478024749652032 -0.992787749404336
 0.465174203248437 -0.880627358831943 0.0900467406898123
 0.198605451636317 -0.965531817253407 -0.16823847494455
 -0.463267583151014 -0.885526306768331 0.0350186582075565
 0.165562032581708 -0.780932220628898 -0.602274090552658
 -0.891083274707015 0.367049215136849 0.266918472955406
 -0.9813288429381 -0.179297021936192 -0.0696152278067326
 -0.377453121215621 -0.807874156384272 0.452624003706152
 -0.979463430189742 0.0417255228640009 -0.197257115619867
 -0.522994158625683 -0.43480277420797 -0.73309184798664
 -0.933506995100598 -0.345028102760041 -0.0975720165009336
 0.064357988790528 -0.897183495173647 -0.436943732380769
 -0.179776041004057 0.546436277154405 -0.817977976531484
 -0.927642334258021 -0.359055708215812 0.102755525836678
 -0.711665179988147 -0.658890423619718 0.243713112603051
 0.00450216969217509 0.488751852283382 -0.872411231792454
 -0.0562201625799182 -0.894202160203932 0.444119116911341
 -0.96529923418105 0.123181999297125 -0.230268503140661
 -0.170800921560183 0.0271497649385633 -0.984931436932527
 -0.666423379764277 0.360245657401849 -0.652765612778942
 0.145584311715135 -0.136554630863352 -0.979876543740182
 -0.228617016959629 -0.944543205713483 -0.235737973387782
 -0.990570868233884 -0.135245842052908 0.0218613177500398
 -0.990771759887744 0.135461569792828 0.00463496690443465
 0.628237770789374 -0.755142536653051 0.187288688101535
 -0.271104672822704 -0.956124128469864 -0.111035612897115
 -0.924875689597626 -0.287214894455352 0.249223921793869
 0.31795666403519 0.633292173439663 -0.705581025011077
 -0.862956276100166 0.0599263719258567 0.501712363299071
 -0.368597516527628 0.358914506364828 -0.857505829677301
 -0.945862659803747 -0.317290978416148 -0.0683393283893273
 0.075766784499168 0.221153734986302 -0.972291324587577
 -0.564519904205124 -0.010311088518016 -0.825355050393351
 -0.219220256660115 -0.771149063028384 -0.597722010352906
 0.419120512815623 -0.859577893997238 -0.292341991319144
 -0.115964672913508 -0.987892447711187 -0.103056811474362
 -0.483644067115972 -0.544216707385805 -0.685504625619459
 0.0692730872892064 0.443873076891544 -0.893408042827159
 -0.515987478176038 -0.834740038373688 -0.192265417330903
 -0.245985637621125 0.053262673382962 -0.967808944837889
 -0.545182203685526 -0.593564710124179 0.591994340918723
 -0.433939993310863 0.121956505479481 -0.892649255293815
 0.220592671520993 -0.940166176003434 -0.25966600618932
 -0.997164716716259 -0.0681633192364355 0.0318792980922648
 -0.0847201734833247 -0.57472643079676 -0.813948414795786
 -0.853766141591168 -0.0635792874958761 -0.51676014714183
 -0.282385548076387 -0.266108162467001 -0.921653323167684
 -0.805316454964248 0.081705852675643 -0.587187841327085
 -0.271435225246087 0.35947570588724 -0.892804645693825
 0.256340432694675 -0.944913294255526 -0.203539796858199
 -0.974868014126529 0.026810108642654 0.221164131602678
 -0.918354109309407 0.36461160509456 -0.153896417583044
 -0.951173026085847 -0.038823750963222 -0.306206777860709
 -0.752045527029941 0.371328217374201 0.5445575086765
 0.0390192177066963 -0.995677873861919 0.0842797256246498
 -0.988154663588152 0.142692101620915 0.0564741087932649
 -0.115464781521144 0.539745273355481 -0.833872246881195
 -0.394142177159997 0.714349436502817 -0.578235961136702
 -0.224869208832401 0.420132770357663 -0.879159993511241
 -0.781665719744434 -0.0185100966641693 -0.623422873255304
 0.699493746614008 -0.123530735996763 -0.703881137488422
 -0.376304565688627 0.0698622897276346 -0.923858286922787
 0.168388612558416 -0.920173420655325 -0.353448937019381
 -0.414145658138824 -0.123558486322837 -0.901785270617329
 -0.0405516043516649 0.0850301465583226 -0.995552832129353
 0.287764729112197 -0.88112610505073 0.375244250691618
 0.00389509993655409 0.217362513800109 -0.976083175652046
 -0.0545914251556931 -0.980121760128526 0.190738332859524
 -0.277666029050156 0.473974051379297 -0.835613651713885
 -0.2928190798138 -0.257459429013828 -0.920853750010757
 -0.994627723797422 -0.0499144872853391 -0.0906875681259623
 -0.882413702614403 -0.464767634030976 -0.0730554843635227
 0.0858441017878861 0.364770676731815 -0.927131675429572
 0.175505620843664 0.24863704780543 -0.952563591321272
 -0.990179447399323 -0.139402738230999 -0.0105611799374205
 -0.498839253087368 -0.127864398231439 -0.857210648116406
 -0.0907188469239051 -0.761618771254357 -0.641643934036472
 -0.448228629269237 -0.889673300133342 -0.0870201984212256
 -0.763565802679607 -0.454994563198971 -0.458199969923204
 -0.168270481480451 0.129470270888071 -0.977201357970049
 -0.101442034930144 -0.893739348102566 -0.436966235769347
 -0.0708858484760226 -0.939590653999638 0.334879977607451
 0.276198709718844 0.0366867188442235 -0.960400102774927
 -0.282577961293628 -0.208948675693375 -0.936210524784421
 -0.420295909348904 0.605059955191912 -0.676205441569157
 -0.986467170282323 0.155455091279083 -0.0521175263284678
 -0.962723027138858 -0.255050001392805 0.0900770215211619
 0.154948827216315 -0.982902206284295 0.099469160174165
 0.352227944978725 -0.689737995935299 0.632611232700797
 -0.254783226429769 0.318282254655477 -0.913116593815633
 0.188738871868219 -0.0514539632608764 -0.980678401878343
 -0.0823895180721326 0.359343130724603 -0.92956144590494
 0.396396048922189 -0.747983546349931 -0.532344612810779
 0.0133834323810075 0.450903481810893 -0.892472371465087
 -0.233001504528932 -0.949165058047537 -0.211650635408614
 -0.993716888246602 -0.0573455443413388 0.0961157352241841
 -0.697856075649442 0.588491014200475 -0.408258770737943
 -0.721765639468293 0.269781232637274 -0.637395048772454
 -0.539122278506052 -0.694721767283493 -0.476139511993012
 -0.118476723355502 -0.988422144782386 0.0947888692132752
 -0.727967613524664 0.152229600427587 -0.668497795368737
 -0.0796822490156108 -0.996676505904054 -0.0169316795002904
 -0.90911664992684 0.30159866958485 0.287306733875919
 0.164098048235889 -0.218909842338438 -0.961847343133271
 0.191417306275667 -0.980030790665859 -0.0538429587320227
 0.0470886311585589 -0.991999762864471 -0.117128695427068
 -0.227733887049998 -0.230832228119732 -0.945967102573012
 -0.952319900258966 0.295359448737823 -0.0764827013908462
 -0.994105438329678 -0.107542764369351 -0.0137452288142941
 -0.916945643768776 0.398829180596022 0.0120818491370487
 -0.0423145210258126 -0.0456869358022231 -0.99805920926935
 -0.451450645384418 -0.756321265553564 -0.473466427588534
 0.115821853858997 -0.989225664069756 0.0895426362936444
 -0.566139433157228 0.577981952861531 -0.587726981166241
 -0.386573125038757 -0.863906013590813 -0.322843024826926
 -0.323103880954929 0.098105985094915 -0.941264626871965
 0.268027263273312 -0.26232897814373 -0.927008572435166
 -0.749451748731244 -0.268523377981616 -0.60515888145265
 -0.380582092733571 0.0925694658343218 -0.920102257733174
 0.603868743322446 -0.563272220659545 -0.563974242560273
 -0.544860964925461 -0.210058770595864 -0.811789284110261
 -0.535204263889632 0.170145838312642 -0.827409686684442
 -0.852509424056426 0.240922524677775 0.463879315121797
 -0.324258083503009 0.411900241767826 -0.851583751673646
 -0.913261618521298 -0.0113357303377639 -0.407215811767629
 -0.550293255752127 0.108570923595398 -0.827882653051365
 -0.688469792686229 -0.0890696991234036 -0.719774918468717
 -0.707793911477835 0.613011034979348 -0.351063028341713
 -0.566380663596197 0.0484765928333971 -0.822716818748466
 0.0592150736250403 0.17941702266032 -0.98198936197664
 0.166768845631685 0.172859815682384 -0.970725314519472
 0.0284680783936184 -0.39242933145279 -0.919341497120679
 -0.362269097687998 -0.270374284469541 -0.891997111630922
 -0.957058632311669 0.261274184156303 0.125596875005611
 -0.572233588898367 0.217159959596536 -0.790816206007771
 -0.511002649684469 0.745328416670674 -0.428207710484806
 -0.630785391236287 0.346724461348111 -0.694184368958093
 0.482914245316001 -0.162669985727583 -0.860425654786202
 0.67817447586665 -0.731356817498293 0.0720873482780676
 -0.370676881207909 0.0810464935088756 -0.925218955506152
 -0.990601388653787 0.0485857435971894 0.127860526810652
 -0.251108417177563 0.123205420468256 -0.960085926982486
 -0.645737255666594 0.009438900546479 -0.763501344989417
 0.0972765397910813 -0.95230419719589 -0.289229996385863
 0.0743535827251292 0.493759833459042 -0.866413741579874
 -0.0810297914717141 -0.907521009635542 -0.412116233560553
 -0.88033751284505 -0.425881064109731 0.208880785881696
 -0.890833058046995 -0.18668726431231 0.414203244837876
 0.384255351350054 -0.121775549525522 -0.915160390585499
 -0.79501328170815 -0.601433784606206 0.0789384864428829
 -0.802425537343118 0.170124364981695 -0.571988599063988
 -0.20091112867081 -0.14133366719672 -0.969360362761418
 -0.596452134342503 -0.054330718013249 0.800807732554099
 -0.863167087634806 -0.372461989343297 0.340902691861593
 -0.246459004518551 0.410661103619516 -0.87784703511815
 -0.876113857162075 -0.326341287661708 -0.354860357402585
 -0.186738101493448 -0.301448820497927 -0.935017374208111
 -0.411138720381962 -0.664195809739058 0.624346761766056
 -0.137531157761185 -0.990119875464551 -0.0273461670976026
 0.38548361120448 -0.0688871202216563 -0.920139636229372
 -0.815244546780657 -0.13326081682268 0.563575978590424
 -0.814120941468868 0.391347364519067 -0.429015539282465
 0.545975309079358 0.347454432987872 -0.762355808578105
 -0.213210098742436 0.0239727182428069 -0.976712220960858
 -0.796766979767233 -0.337263165297412 -0.50141393806532
 -0.942832196104975 0.276232952208025 -0.186447864300744
 -0.0094144907351892 -0.972344441654911 -0.233361638122027
 0.461191613090475 0.460651797469658 -0.758354941635498
 -0.969737908446649 -0.132405499420285 -0.205127210883351
 -0.319265096924069 -0.94766061066757 -0.00302735449411099
 -0.81543235596725 -0.272408228230143 -0.510748303995437
 -0.344985662294265 -0.147620198203883 -0.926926733832633
 -0.141025415662854 0.616006171953496 -0.775014985824351
 -0.0424372953294016 -0.128775458901797 -0.990765339093853
 -0.608778603979427 0.546364993719767 -0.575216398387997
 0.370766042968297 -0.901106880223542 -0.224808655961967
 0.664280230353807 -0.00294540393313967 -0.747477825862924
 -0.031562832310482 0.370806544042357 -0.92817363381638
 -0.994569974611935 -0.0405986305074232 0.0958244060839228
 -0.52844677576962 -0.317959062257896 -0.787175990428298
 -0.318514397369213 0.268096617896618 -0.909215476188633
 0.208005589514433 0.665181478646453 -0.717124309444654
 -0.0365814972895673 -0.443565966712476 -0.895494850476808
 -0.250387312495252 0.735291552959478 -0.629803561348969
 -0.163167857499933 0.679590379337231 -0.71521546864645
 -0.189388154910224 0.00861922312140924 -0.981864469146574
 0.349825892853595 0.157486123994101 -0.923482520375183
 0.726698918702241 0.15135563591542 -0.670074736901513
 -0.838055148203889 0.286801662046867 -0.464121078185544
 -0.443139678415065 -0.510255811496958 -0.737065961938125
 -0.0743011926556336 -0.948654943336851 -0.307462406242629
 -0.799948324045003 -0.380689264086503 -0.463851660627477
 0.247820301235414 -0.294444346586653 -0.922977586433575
 -0.987545576704798 0.151271612527371 0.0432508170345516
 -0.156009723524249 -0.918961483012902 0.362175039041367
 -0.787740186787094 0.423132844443961 -0.447687384313425
 -0.548167598349653 0.0737954726779896 -0.833106543205493
 0.541285954764813 -0.826859022302747 0.152688154127589
 -0.810285078972429 -0.566755977621291 -0.149083039361224
 -0.894571379227165 0.343918919257416 -0.285415179071503
 -0.616520552598779 0.290788002120803 -0.731672567509462
 0.285580835276633 0.606401833149464 -0.742105385558999
 -0.530362347087227 0.555782087349205 -0.640173454755731
 -0.998449322970864 0.0233247674323714 0.0505460649630463
 0.713643545096562 0.088855806090199 -0.694850729485169
 -0.588838185593332 -0.261048392154256 -0.764933544918008
 -0.942338218074424 0.250449846974769 -0.221976478273337
 -0.861159325847107 -0.308057233390543 -0.404357955853871
 -0.966700369696036 0.0882509750135822 0.240212740375483
 -0.343632561558165 0.618197848879393 -0.706928626013874
 -0.944471059642253 0.286970003787012 -0.160070716949483
 -0.477017245582198 0.484272624964513 -0.733440230780363
 -0.858191630867799 0.105067949138064 -0.502461790360609
 -0.313638845288056 -0.229443341849314 -0.92140459495674
 0.502678554925469 -0.792486491584923 0.345368543838988
 -0.744459777646699 0.175909430569323 -0.644077256005057
 -0.657370681644425 0.443605470618381 -0.609161697213301
 0.0481771315355175 0.0183254677523728 -0.998670687077911
 -0.245462988406836 0.044575673948886 -0.968380571167342
 -0.167472808046136 0.533774972757033 -0.828877033716926
 -0.0823572894487252 0.689190137886524 -0.719884873236417
 -0.133143669653388 -0.724799835625701 -0.675971864435337
 -0.617362828609537 0.273215718427012 -0.737710179579788
 -0.268511209723228 -0.962920364534623 0.0261935453399955
 0.198676515426508 0.768722486181838 -0.607941922765979
 -0.934077139820755 -0.211329645812903 0.287818827849865
 -0.490110007445704 -0.770732016996876 0.407141668928026
 -0.0132715531938995 -0.980343403800685 -0.1968519151553
 0.135006764116512 0.0412245507550089 -0.989986722162392
 -0.409080746837922 -0.00277639944161535 -0.912493963910265
 -0.346282752976995 -0.83284974822593 0.431798045237213
 0.0668068880159958 0.427906155409363 -0.901350742983217
 -0.0321715729642649 0.281612817847165 -0.958988639514142
 -0.925015031562861 -0.0152801130476834 0.379623115112882
 -0.584057126873956 0.423898244027715 -0.692233740334838
 0.0850105568893945 0.655710724862201 -0.750211070644816
 -0.94816495006727 0.209289092424319 0.239126124160739
 -0.898886076319649 0.438001453094671 0.0125916196584572
 -0.493044130317161 -0.37351244483936 -0.785745467126549
 -0.738643116715187 0.532381950224262 -0.413492206945532
 -0.798032921197389 0.452989387007235 -0.397421780912886
 -0.326902106693204 0.408898571721384 -0.852019348773112
 -0.601356496036024 0.748447942751201 -0.279635551507261
 -0.730321151433567 -0.30268631837314 -0.612382240466249
 0.210258781666137 -0.688100601688944 -0.69448456187851
 -0.294596023383699 0.38001145410503 -0.876814962096046
 -0.297970206019249 -0.518938926503802 -0.801196696750509
 0.182874469714522 -0.982846966630467 0.0238488681475952
 -0.264877655224575 -0.928755393224947 -0.259332310594545
 0.0682412369676149 -0.407657109944346 -0.910581580249103
 -0.555164976498955 0.307073277273063 -0.772979851777325
 -0.400078984632404 -0.504237682710555 -0.765298089237256
 -0.242304421824517 0.00338652096833423 -0.970194361269956
 0.637672817907925 -0.710818918485679 -0.296833021114929
 -0.993141491416953 -0.0975839435249337 -0.06439993782787
 0.104339374026228 0.0121909736256724 -0.994467030720412
 0.451154075025731 -0.846256406360456 0.283390358483779
 0.312702001540605 -0.936807946671043 0.156870421961837
 -0.218470308474399 -0.221007140782499 -0.950487542284614
 -0.963344026061444 0.267368890472085 -0.021958229879819
 -0.326775071786484 0.535610812463308 -0.778677796030767
 0.283125046532852 0.524808790806874 -0.802755218679765
 0.403103463052366 -0.911174049970466 -0.0852610622477076
 -0.81628802146649 -0.336661379287955 -0.46939640146283
 0.199807518563169 -0.896094240938033 0.396348416022217
 0.132440826202548 -0.818603801328332 -0.558880348559145
 -0.0843422381202243 -0.975945208373011 -0.201040635500964
 0.550735560682327 -0.646337434000127 -0.528146062761103
 0.63139857051441 -0.486008935166935 -0.604260837792969
 -0.296768836692713 0.30591436710495 -0.904624042111877
 -0.436390817916604 -0.874217670889864 -0.212853277968602
 -0.931668946172037 -0.0753808378257021 0.355402172232222
 -0.973684884148362 -0.0977195417242411 0.205885010494197
 -0.557499488368291 -0.480068357890557 -0.677295129335327
 -0.95311420365413 -0.300976414087622 0.0314088037930342
 -0.941514769680023 -0.115010010780343 0.316737487352978
 -0.289546675273227 -0.886843576724585 -0.360098865952901
 -0.988934737620587 0.148137343360504 -0.00796317960320612
 -0.540227090711854 0.641655261077292 -0.544456808565049
 -0.334368680851207 0.202437899656057 -0.920443633281619
 -0.563910402944482 -0.0630691963389156 -0.823424151895095
 -0.322323012204084 0.391295844171239 -0.861971831406342
 -0.932045384303263 0.351960108189121 -0.0861132036477839
 0.394717018115175 -0.876978067178869 -0.274058288138637
 -0.818410451992603 0.570852443800671 0.0658165592846097
 0.0648821997970254 -0.997816915863168 -0.0123167595906486
 0.199276583709327 0.0539226752963392 -0.978458577699652
 -0.583279694359144 -0.343020959776131 -0.736288950957819
 -0.829201710968985 0.383184657964554 -0.40693247649542
 -0.786451982087651 -0.12672839333754 0.604510706433303
 -0.327884094540174 0.452178931226976 -0.829473468353268
 0.0495243464449845 -0.828242256967211 0.558177483317858
 -0.320691183468146 -0.553632643397655 -0.768536310794958
 0.341323225741402 -0.934547098484091 0.100599086896707
 -0.949552661488732 0.198708453007121 0.242620472679416
 -0.999262385078969 0.00921767595822433 0.0372789513830326
 -0.905739652623236 0.417609016361891 0.0723767305091453
 0.13291781572674 0.345578744830108 -0.928928514679187
 -0.915865802003284 0.222013023162841 -0.334514648807757
 -0.462022534306838 -0.314104988887943 -0.829381235469185
 -0.832153636350785 0.321241073400667 -0.452022674507102
 0.134694492515276 0.178331090801878 -0.974707861740873
 -0.200155007960297 -0.971404472956663 -0.127715788797628
 -0.716794225299376 0.117998188330468 -0.687228103418505
 -0.0620895274781112 -0.987632453769969 0.143968839815619
 -0.835882446269193 0.118065971973228 0.536060595717543
 0.266612316625904 0.466529878455199 -0.843366910147622
 0.488480609190147 -0.867373916648154 -0.0951271946588568
 -0.411321216359311 -0.20315283063229 -0.888562763331204
 0.378866380788611 -0.918281680452748 0.114974000769814
 -0.125572500025729 -0.288829855921115 -0.949109509785818
 0.754300761267486 0.222927591949313 -0.617522186078339
 -0.887839252135618 -0.373266387803001 -0.269097874580544
 -0.98942460941702 -0.0412810760394342 0.139049685512064
 0.0883895022102132 -0.991267292332565 0.0978593431957116
 0.438732662657803 0.13449729706684 -0.888495429250432
 -0.892048468229576 0.433648462216259 0.127273491139121
 -0.940707390632443 -0.326176950657942 -0.0931568680720185
 -0.694084152291661 -0.458708291452215 -0.554827804720127
 -0.898582628067649 -0.432423643686065 -0.0745590565679624
 -0.456855254089324 0.691944481228958 -0.55901351656983
 0.105518487679384 0.252899164945714 -0.961721301171819
 -0.622064247609068 -0.320195636363614 -0.714500403289084
 -0.121053459002911 -0.979342992522936 -0.16196716660994
 -0.889184861986497 0.410804528030302 -0.201469404535414
 -0.671564599231187 -0.704130096666689 0.23065514524418
 -0.576938846352828 0.335960614490805 0.744494481564524
 -0.737243186033432 -0.589057042460344 0.330884096588438
 -0.944454562331126 -0.326707529774621 -0.0356057534744856
 -0.95067456959038 0.0533788343956024 0.305562698595089
 -0.700451280350817 -0.713220931595561 -0.0261516077681754
 -0.858915839244297 0.209647766646511 -0.467238049644284
 -0.340059413910733 0.399446552569858 -0.851353068151366
 0.0126920015861927 -0.0255682341114489 -0.999592506224491
 -0.15057662288007 0.0254464126838576 -0.988270793215886
 0.0796493194172216 0.00142230762142061 -0.996821931418748
 -0.974715021010612 -0.203780242231875 -0.0916746458526015
 0.023175209638374 -0.222961243284494 -0.974551791159018
 -0.186182487622208 0.593476730520208 -0.783020722352768
 0.253783079715447 -0.143988315243942 -0.956483932705278
 -0.139309504755495 0.354798933687445 -0.924505585996662
 0.514170310571692 0.688205604911108 -0.511861247893944
 -0.509452895522832 -0.829856964574167 -0.227585512700505
 0.525895503906308 0.155364936278199 -0.836238994275202
 -0.903395354756019 0.428179577174382 -0.0232181544489295
 0.412468999714392 0.423834307113777 -0.806370761119222
 -0.0173685919453219 -0.965730824144902 0.258963911212057
 0.245537432168254 0.0475590816718761 -0.968219759741944
 -0.84488055014884 -0.0485417155456489 -0.532748118562683
 0.160135045011516 0.0358442762207358 -0.986444096348785
 -0.378160748449141 0.190865778874943 -0.905850265102819
 0.00509613397454391 -0.984259820250886 0.176653999836425
 -0.107416164475974 0.158018690055495 -0.981576212630693
 -0.999043518401847 0.0429802347051019 0.00804659952728502
 0.168713798901824 -0.0492585564282027 -0.984433465846588
 0.32573115687111 0.247622670712541 -0.91245943821772
 -0.0270872891199067 0.223036529481511 -0.974433674133328
 -0.714755301228704 0.0390813795453196 -0.6982818235772
 0.277439514046413 -0.853116089051557 -0.441837362212687
 -0.28070518842778 -0.876834372627961 0.390340979360168
 -0.777515879813729 0.605100093414671 0.171239404305898
 0.429633627561414 -0.476489318204998 -0.767054675824974
 -0.618293960844858 -0.223508474816016 -0.753496210785559
 -0.427592564264913 -0.871547303321593 0.23993727734184
 -0.983047243912803 0.161793227910191 -0.0862616232043121
 -0.999813991206872 0.00577827220233196 0.0184009390341912
 -0.416966124726738 0.196902517187056 -0.887337956787473
 0.13984809805702 -0.242142640019708 -0.960109083049484
 -0.390102433859435 0.0320430210878446 -0.920213744679197
 0.601717415900376 -0.298676153661835 -0.740762247037433
 -0.267635561429274 -0.95496487079041 -0.128114409083027
 -0.219085133405916 0.186593300988864 -0.957697574574871
 0.189494654864847 -0.915056996209699 0.356037174274452
 -0.321931556818754 -0.0240675442165245 -0.94645698583699
 0.40925074340272 -0.860113864895984 -0.304496253569752
 -0.706241751628026 0.519468182540601 -0.481014963993161
 -0.181312930887652 -0.799038465730612 -0.573291506457055
 -0.677229112083362 0.711817977036087 -0.186214653867609
 -0.605031646400192 -0.382288241164315 -0.698421368173803
 0.273582949496412 0.615829829216549 -0.738854512872433
 0.112278772641233 -0.464541111297559 -0.878404823033553
 -0.78813540629791 -0.436163777242461 -0.43428532183487
 -0.796880544816127 0.499389492016228 -0.339987547650391
 0.350817106625976 0.351507446631254 -0.867968820097448
 -0.95148051030067 -0.147183067520683 -0.270225800309997
 0.141686718703397 0.332715271905029 -0.932322595234197
 -0.226733335853707 -0.969128711075445 0.0968583284075125
 0.605474327576277 -0.2163732620443 -0.765887361247307
 -0.0958396130013023 -0.856541841006187 -0.507100427120204
 -0.991132705069088 -0.108621604814594 0.0765330510951544
 0.591632949539412 0.175580603347369 -0.786855707704703
 -0.973599267856364 -0.108429520944507 0.200866882828644
 0.0551551841510499 0.198639257027753 -0.978519469008525
 -0.380276581762364 0.43978522292822 -0.813620721870521
 0.491976091974771 -0.0283342272905226 -0.870147514211861
 -0.976694132297208 2.27071847011742e-05 -0.214635904313765
 -0.680935384121616 0.54368495049672 0.490646183368959
 -0.348036817521981 -0.490266314068572 -0.799067778688884
 -0.02759559121178 -0.0972104081723022 -0.994881208933331
 -0.355457202047279 -0.438062657091787 -0.825682315406115
 -0.0800437649345135 0.516524082473567 -0.852523236000021
 -0.953214489047544 0.294158610701416 -0.069662397461198
 -0.0699993398871269 0.108604240712181 -0.991617472271792
 -0.147605391379378 -0.988931706219559 0.0150575187003843
 -0.708674335126233 -0.668803645070138 -0.224682823273805
 -0.0974860715274628 -0.275459023457081 -0.956357042246364
 -0.957456689660037 -0.178097131331898 0.227064086188444
 -0.908373008729579 -0.390968312465059 0.148331573374641
 -0.0769306874729299 0.697978182652254 -0.711974807044743
 0.0456009422158752 -0.983825572006788 0.173227589992305
 -0.991728683080885 0.109410963851778 -0.067107824757461
 -0.323884170348565 -0.841840373776895 -0.431745097571239
 -0.403798450209536 0.345899829639112 -0.846935723336789
 -0.269165766776156 -0.0999649699807271 -0.957891849204573
 -0.363804676142391 0.232918873419552 -0.901884114519098
 -0.900469279845449 -0.177500088933868 -0.397050115833111
 -0.467297968944553 -0.385431090159329 -0.795660406806124
 -0.905487252991007 -0.418864318074091 -0.0681580348537616
 -0.448551197332054 -0.198746471589149 -0.871379173151875
 0.00321313690778801 -0.985723517342662 0.168341388579345
 -0.941635587058141 -0.0846642986612935 -0.325813409358581
 -0.0176641619544421 0.367405212998784 -0.929893212602267
 -0.884698611051576 0.0152054068521484 -0.465915403486377
 -0.860051957911316 -0.191028525162088 0.473094844896146
 -0.169344496746867 -0.30170484132867 -0.938241243039546
 0.0555396979348757 -0.367559712674251 -0.9283400236832
 -0.221094020442013 -0.0489144077160364 -0.974025058631746
 -0.724608103672715 0.0851127033830956 -0.683885168588012
 -0.557497622405258 -0.215385424780767 -0.80175153246158
 -0.629683939709627 -0.530597996720295 -0.567418630244173
 -0.358748495538756 0.161093101015803 -0.919428371192553
 -0.499863361062737 0.040368050200762 -0.865163013997971
 0.103094430525699 -0.994517102518507 0.0175291526542559
 -0.852601193863293 -0.299720351690955 0.428064148236146
 0.038771192120359 0.872587289989503 -0.48691705249492
 -0.132670817385619 -0.975153633579329 -0.177408695196328
 0.276463400145078 -0.0924558361114334 -0.956566728853329
 -0.117276138197254 0.287888287343292 -0.950456017614747
 0.162339392691935 -0.779001907572288 -0.605641766706318
 -0.828906931784217 0.557810547937608 -0.0419605892430076
 0.233380820246262 0.118867813564818 -0.965092656504805
 -0.0917943114916033 -0.99551973900657 -0.0226771608909494
 -0.960252000136538 -0.253027182277813 0.117870018504826
 0.108304605560666 0.107349148300457 -0.988304746914389
 -0.661795307488737 -0.153075518636287 -0.733890221068601
 -0.870910702377151 0.480536289814099 0.102953497544468
 -0.952313697957849 0.236007070415859 0.193388943312618
 0.0784875642390575 -0.553841311073578 -0.828914654477842
 -0.193514863085607 -0.209812861548346 -0.958400000466326
 0.288267170135768 0.462526872425432 -0.838433617471452
 -0.0363209533001987 0.117069257350849 -0.992459358026658
 -0.645177820432953 0.0974202960126734 -0.757796058280978
 -0.0526553990473399 -0.250185543124745 -0.966765019517433
 0.418652904708228 -0.0642928847545695 -0.905867634011338
 -0.188154228427024 -0.281946599607387 -0.940799713698332
 -0.737520857898861 -0.59078633037126 -0.327161269117523
 -0.32444940015242 -0.0206587205532774 -0.945677431265987
 0.436166835936936 0.498008661541134 -0.749497074216285
 -0.48832266935345 -0.194213376945486 -0.850777370885564
 0.371890631699182 -0.448408712258577 -0.812789631346874
 -0.102034811331429 -0.172728076244384 -0.97967030625281
 -0.399688196865444 0.133682093173132 -0.906850838479681
 -0.979856518903143 0.110283399914567 0.166489561433435
 -0.850323059421948 -0.306230374786905 0.427987911246532
 -0.768575800516391 -0.606722147209658 -0.202927265161414
 -0.988742666597891 0.147472422673801 -0.0252947385756863
 -0.991090421990206 0.062568188736315 -0.117579748245739
 -0.70078643812355 0.712291886079858 0.0392254657959225
 -0.974838427337346 0.178910135123757 0.13297068901246
 -0.391196729044748 0.249462258360139 -0.885851963275213
 0.406392346089418 0.0872527480094426 -0.9095230722773
 0.389734593506667 0.181778768131075 -0.902808632037234
 -0.966235317732629 -0.189317350267182 0.174780581455547
 -0.419278408907778 0.0632827535056043 -0.905649440419698
 -0.813583448074168 -0.0866285328177613 0.574958668359378
 0.0169853462886175 0.84297810090115 -0.537679662450187
 -0.382235112007793 0.570839336307525 -0.726662763097418
 -0.108097044757501 0.508710508441923 -0.854124491813375
 -0.445469388534825 -0.395631146879548 -0.803139476988389
 -0.966262675684475 -0.216022614251339 0.140252171858752
 0.416865020333835 0.413120044144846 -0.809663747458061
 0.287902882520357 0.317393464634197 -0.90353379507574
 -0.835210388115429 -0.507082683445591 0.212816258151706
 -0.867163332028617 -0.461420200130727 -0.187401052548661
 0.399404702902382 0.610196891138369 -0.684204382728239
 -0.810940507727215 0.524011554010821 -0.26036010483615
 0.152523298486983 0.417794834684779 -0.895647318719466
 -0.462574065607718 0.507363189705271 -0.727054212256032
 -0.807496814708582 0.0314303443432721 -0.589033978383214
 0.273860812945298 -0.0737727942827797 -0.958935779891777
 -0.582501550142947 0.508508468026537 -0.634122292642648
 -0.347705958428553 -0.262077710314596 -0.900230992706616
 -0.280162459977638 -0.269066933114336 -0.92147272424295
 0.3170251214767 -0.581481642764899 -0.749249071724562
 0.0538882526338471 0.355087724151701 -0.933278503119426
 -0.851189555210078 0.376621198626031 -0.365558222239305
 -0.973362022437376 -0.0655006497734774 -0.21971808791238
 -0.163494045654096 0.423371433196541 -0.89108154878707
 0.303673682361859 0.586670997758922 -0.750732598885476
 -0.27298051582888 0.347596708376762 -0.897027405547589
 -0.702675970188425 -0.700570679141539 -0.124286783074135
 -0.916812405843171 0.357519888916167 0.177861017430542
 0.231047773799024 -0.362409916064653 -0.902926341935225
 0.105733093848164 0.484017753394246 -0.868646836904667
 -0.6562502622371 0.215153513473114 -0.723218195950512
 -0.021845010159435 -0.732032346806638 -0.680919553809332
 -0.287169302336548 -0.315917367566063 -0.904284252138491
 0.425487082072893 0.498194823433508 -0.755488359204264
 -0.42417521817323 -0.314161407446428 -0.849339740244722
 -0.918447484967522 -0.202016118610893 0.340064266247166
 0.256719131148671 0.612737230226313 -0.747427838922834
 -0.896428665911649 0.360640857818857 0.25759234966035
 -0.0918428135497991 0.176585917755844 -0.979990975085783
 -0.988431810946259 -0.0870009749322243 0.124231177529404
 0.225845267487848 -0.504136665026573 -0.833570715733961
 -0.0224237911129637 -0.423567752284198 -0.905586844436818
 -0.678359393040394 0.0998359230802144 -0.727915738486667
 -0.0247058781754173 0.571135191874687 -0.820484132805654
 0.00326431816807449 0.929319063482547 0.369263351112481
 -0.283428135107881 0.156175261417527 -0.946191196297258
 -0.386937564408901 0.846467020988853 -0.365749782812737
 -0.345829198030063 0.627018319051765 -0.69803308901755
 -0.767558962140266 -0.136214613406537 -0.626337623596623
 0.062358937265755 -0.71018427739367 -0.70124863998864
 -0.691099275341678 -0.26439539736681 -0.672664006375735
 -0.838367989344425 -0.485237769817753 -0.248361472827166
 -0.000910415523856353 -0.305552654143571 -0.952174745878819
 -0.903823324986156 0.427036434987507 -0.0272631693706028
 0.171516306164082 0.164945459079849 -0.971275013705576
 -0.847928125887401 -0.141230027280892 0.510952025853033
 -0.64615630012039 0.132334827570732 0.751644549788364
 0.0394836685818121 0.725938421872825 -0.68662540556268
 0.717982234578994 0.183155468189711 -0.671532266760996
 -0.989357406576265 0.0095543610642606 -0.145191722344428
 -0.352348265299327 -0.101088614197725 -0.93039335338347
 -0.0139190832873951 0.116904636885039 -0.993045600662536
 -0.0254045383105602 -0.195354885886352 -0.980403528142141
 0.273132744708017 -0.236682169943284 -0.932405520253502
 0.365715963924247 0.142059474863908 -0.919821145295296
 -0.984142882605169 0.172648844385228 0.0406836963664163
 -0.602853716209894 0.18415652550988 -0.77630778107916
 0.0187596406220813 -0.193457703170311 -0.98092924972589
 -0.848792895160818 -0.113182106681215 -0.516469197389079
 0.419559657772195 -0.676857129169968 -0.60484222757829
 0.581667587184203 -0.71998052176148 -0.378537800362624
 -0.891837422055135 -0.452353817851698 -0.00142691872379426
 -0.440900204257267 0.249588414906404 -0.862155805542368
 -0.0711523363778599 0.891651739844133 -0.447095649566066
 -0.898429354527237 0.402460856824731 0.175641548751074
 -0.680505257996939 0.445904340403778 0.581448117244859
 0.0543185245563291 0.0344568966636788 -0.997928965489194
 -0.978946809499852 0.200351205444531 0.0390197212571214
 -0.0358462069125524 0.181073500910043 -0.982816074714981
 -0.985357560964651 0.131456771563739 -0.10857989804671
 -0.871639259854691 -0.466698584500141 -0.149791294491808
 -0.358203435866123 0.821468533566285 -0.443711332843958
 -0.935089541502657 -0.351875499737066 -0.0423223588324406
 0.228750972003372 -0.534786945543502 -0.813434641310391
 -0.858374665824692 -0.364385886461904 0.36113135950471
 0.19921140477994 0.374218430390812 -0.905690555632243
 0.716826473153256 0.583545309382022 -0.381621120071866
 -0.990365736983199 0.116061143158181 -0.0755348797479732
 -0.954952700116047 0.296548210440635 -0.0111579310594467
 -0.873839035250551 0.286893663550586 0.392552373941248
 -0.166248648130186 -0.0673333281297017 -0.983782298030344
 -0.0681479527299447 -0.323153297515615 -0.943889719640754
 -0.299237788030879 0.11631298523207 -0.947062846742913
 0.0251942919229767 -0.0693508352947331 -0.997274139491455
 -0.872725624102621 -0.279001515761732 0.400634670538318
 -0.991455231266727 -0.130435505755015 0.00176159935121883
 0.88847385583854 -0.236473755311221 -0.393312052371148
 -0.0651928701447815 0.469859664324555 -0.880330497894457
 -0.404523101175029 0.218300791548316 -0.888091113020008
 -0.0267363407308263 -0.111295572180132 -0.993427633850308
 -0.303323413244194 0.358230310829583 -0.882986948590313
 -0.964551800316199 -0.093889898219384 -0.246626258778608
 0.31323681356871 0.786507406989595 -0.532248811530684
 -0.0122176724424919 -0.274085385175878 -0.961627750282342
 -0.902581339919377 -0.409692181071579 0.132284699032633
 -0.983318778143304 -0.180973946536117 0.0182376321352684
 -0.930165633095652 -0.0276938966325601 -0.36609417244347
 -0.967253450022238 -0.221444671765127 -0.124028306313171
 -0.405856642925821 -0.482477999887495 -0.776205749152598
 -0.505182445713731 0.238938980541664 -0.829276106083133
 -0.982703141654428 -0.116408186481276 -0.144026627755624
 -0.597104689181189 0.20095085080837 -0.776585311293761
 -0.931559183183052 -0.236261916549429 -0.276365328895859
 -0.195537321679363 -0.26351604149526 -0.944629266805306
 0.00388287358572043 -0.196079779996065 -0.980580258402856
 0.162304556402485 -0.130908308170789 -0.978018530408731
 -0.942712873746524 0.331118450760018 -0.0406572163195674
 -0.998772851226805 0.0359253005984431 0.0340905328381536
 -0.903478160482308 -0.412666591095157 0.115902968578927
 -0.49544130402372 0.0350791221897002 -0.86793281390536
 -0.303648048033237 -0.952521832499043 -0.0223611613801762
 -0.920166389679672 -0.119310042499177 -0.37290605930009
 0.773712695268877 0.359495984598004 -0.521662057502443
 -0.89015903414464 -0.172375420564543 0.421786211623708
 -0.96257816067424 0.0242084676240576 -0.269920793360371
 -0.936329488913932 0.337483228736749 0.0969131493224454
 0.422761169389855 -0.0904602486467637 -0.90171499769655
 -0.429625374624773 0.260241320507587 -0.864694450415285
 0.0775622701557106 0.00521616858795752 -0.99697386416774
 -0.709300155360102 -0.40529036353882 -0.576743453217031
 -0.230858429930112 0.793434422236346 -0.563175108594724
 -0.58368260329271 -0.262119100669882 -0.76851037447614
 -0.35311824753819 0.129561228589864 -0.926564294208363
 0.157784793654682 0.260279043366225 -0.952553819201683
 -0.177700233156686 -0.368971816405072 -0.912295141845445
 0.369345825343722 -0.363245206359753 -0.855357575144936
 -0.581909422332975 0.225464352329813 -0.781375229981474
 0.236085147201399 0.334882529787798 -0.91220474374661
 0.323007856591729 -0.398577777990184 -0.858371527645474
 -0.631590184484426 -0.460622717817404 -0.623634949865253
 -0.133066512588061 0.0892791374335378 -0.987077777506299
 0.0679470974441469 0.253750784739742 -0.964880164161789
 -0.116798635336382 0.119607358041639 -0.985927055458901
 -0.133667577794556 0.156900918732139 -0.978526995206339
 -0.158164148414501 0.482575574042367 -0.861455116354878
 0.0461992447728195 0.0193572417078884 -0.998744675568227
 0.53340972509363 -0.114163053374952 -0.83811745144678
 8.90084963620117e-05 0.16834637774562 -0.985727898143
 0.270007550847574 0.228373191881591 -0.935383134183586
 -0.314479598088696 0.243141269347085 -0.917597354794716
 -0.114901005030099 0.395861135055923 -0.911093694849937
 0.375776809933316 0.0660915141320357 -0.924350421039595
 -0.749745208214485 0.240019669727879 -0.61666253405176
 -0.395690780407211 0.459888892604135 -0.794940886330597
 -0.304433515843992 0.155823612469546 -0.939701674058212
 0.10428343436023 0.665769602407771 -0.738834082746482
 -0.517629383891706 -0.336319009487309 -0.786733337789475
 -0.479649429906935 -0.640176215361655 -0.600092357621042
 0.104320424057469 0.294426789011054 -0.949963217728513
 -0.342427788436231 0.359205264519814 -0.868167488246319
 0.233547452371682 0.103871358915071 -0.96678142735979
 0.247493305619886 0.831361330459489 -0.497579543279233
 -0.503894394256756 0.25630697077996 -0.824861913392913
 -0.33028804327544 0.460345477870208 -0.824009617342984
 0.454431374129694 -0.399964415730073 -0.795940068319405
 -0.217195420887938 -0.105976963282566 -0.970358197986041
 0.186064920881158 -0.33775806548934 -0.922658839666313
 -0.388876603550567 0.495591250789285 -0.776636529756416
 -0.0417495420350485 0.850305677468114 -0.524630565832143
 0.242600344767695 0.469110653568914 -0.849164452521855
 -0.484218689028338 0.144436418979009 -0.862942861415631
 -0.343577578528421 -0.384044878005525 -0.857008739284652
 -0.596237637042208 -0.129430259439208 -0.792305804671293
