Format: x y z  (R = removed from domain due to fracture isolation)
-84.63140646 71.6029063 156.2479404
220.7772987 -410.6122008 -389.2343974
366.2702968 473.3468161 -528.0929013
32.24967546 -520.3864092 -446.0789517 R
-416.9737637 -86.59560653 -410.771473
-441.237615 526.3075955 12.13579298 R
-120.791191 -442.319078 -180.3289204
-80.75605722 -369.4094172 270.2028026
-420.4221669 42.0791282 193.8465068 R
42.38130091 -347.8682971 -165.1763986
342.2655111 3.866575186 -408.3236673 R
500.8420133 283.1722015 -201.4629634 R
-320.3340444 523.4084479 500.3542309 R
-100.5233298 256.6880217 -404.5915034 R
-12.38349862 309.6707567 250.9630484 R
361.9193171 -483.3407697 -248.1010067 R
-107.2178154 520.1541548 -109.7194499
284.6282882 432.109041 -188.7526592
-507.0999471 372.1673775 -231.8732763
128.3030651 -495.7369444 -89.57244204
119.4025043 -299.1085756 239.9130012
528.8534097 450.0823514 441.8855975
-343.3978995 -133.7378635 -15.22328785 R
-460.2700855 -460.4248967 -157.2658089 R
-462.5185463 -454.0047601 124.6978548
-31.53990784 -247.2515235 20.36057184
73.36661232 100.3121603 419.8219283
96.79949321 -192.8187255 -201.4584188
-495.3057094 308.2173419 210.7136127
198.4487781 132.9240942 -424.8102947 R
-247.2121589 508.2667617 -280.63672
-312.9932741 -360.5936901 -206.1827341 R
-521.2057229 207.6112248 256.1523551
-100.916017 -331.5642081 53.77255592
-513.0936037 146.7944352 -171.0093425 R
520.7567171 -445.1062595 -236.9664311 R
101.0286645 -100.7173336 -354.6165445 R
220.1146593 -468.5815201 37.41193032 R
281.6630336 355.5396649 310.0395974
371.2695631 -372.8364132 207.4607449
534.3307161 -109.7881084 -375.5773146 R
483.8218809 514.4017153 499.6326428 R
86.90124041 207.1592558 -531.097717 R
502.2855135 252.8060262 281.5279905 R
-67.29752876 150.3352013 182.272165
-49.83919573 -238.2781063 420.5922059
-72.85934897 -309.8666193 -494.335947 R
-137.0915091 -104.5355647 501.8400026
149.1375885 31.36579575 145.8038673
-481.5735057 -37.86672351 63.68005732
-32.21063671 -207.1303231 326.50083
-196.5610019 -430.4107337 -112.9616524
3.546001365 340.7581112 -60.97409405 R
465.7378481 279.8010478 -291.0317729
107.9208808 -341.4036732 402.3671438
380.9212739 114.1791788 -239.6339779
298.3339949 -353.3597118 -252.0641934
-300.1444058 480.9458619 -115.9070638
57.84365397 -110.2397018 -502.404895 R
19.3693825 245.7009413 -175.7190325
310.0585675 457.2507532 177.8980983
-7.842685533 95.13813049 -93.32947556 R
161.7814358 -222.5592838 367.1328326
238.9295402 -274.4702829 -74.35686814
70.4135064 19.67173068 -389.5342204 R
342.0744662 -206.5836947 330.1811072 R
335.0122198 -436.2809261 241.172675
-0.7550064836 548.9533641 376.2726415
-127.4802285 -508.9966268 -343.7902619 R
-410.0886245 -380.4724737 -177.9611554 R
480.6139301 131.9911809 466.5531692
-520.013193 391.3110606 -184.8728197 R
-416.4030166 407.8297682 -440.5243324
435.737662 203.3179556 -352.3702004 R
367.8386081 -186.7874587 -20.5749788
-439.02874 108.0311231 410.7420103 R
-376.3296256 -98.06294956 -127.872963 R
-479.0137991 76.52940092 -179.8114817
-90.18660985 163.0911252 -441.1738388
-256.983646 -42.34464226 426.5078517
537.8274759 501.8716485 -266.8609274 R
2.831421766 -361.1363866 480.3119035
-329.7301959 436.470161 -272.0073644
-432.2561075 168.080179 -302.2070749
-103.4842263 60.10444109 -456.5444703
-457.4242427 -120.4792014 -375.6647472
191.0763794 -286.5576238 534.7326457
-220.3393314 239.6142064 -98.21477432
536.5304635 460.8917367 179.9268447
51.58952081 406.9129001 -99.77524311
478.3365011 -95.69015127 208.6608448
-15.32445196 417.5076936 470.8750489
-434.9867475 22.74994555 135.2348202 R
458.9159111 20.71854653 -152.9334818
270.0136168 -424.5709716 278.8242351
-473.8153705 -144.9436459 78.10408753
49.15006446 60.45276021 -304.3468993 R
399.0981546 -440.7120556 139.3797723
-300.1097015 539.1428601 132.2866034 R
109.2104348 386.8053768 -229.2883829
18.74211911 -471.8872286 502.7242074
-320.2578295 -389.6116848 -113.991274 R
266.5968784 -163.6394437 -17.02433026
-158.2373371 318.8657088 -495.533055
443.3450954 -421.0594171 -481.5925429
206.0104197 -150.3035876 388.8860036 R
47.18056384 -508.7039066 415.8098849
293.8591069 485.4125265 55.44619178
-414.170142 352.7049161 -325.2858434
245.902062 -409.7632648 500.1587369
-317.6979856 387.586829 -245.6886116
171.6245626 3.774426991 526.7954032
-108.7144809 -262.9173668 -146.4516057
-320.8649093 -484.5320438 415.9334164
20.77810918 -295.2380313 26.25449933
332.9917103 -215.2753614 -90.21303616
365.5288473 32.3174918 505.273465
83.57410443 342.8547419 -402.8787395
-192.1015041 -311.8389499 169.5346929
137.4896547 -38.02083023 26.66437486
344.8684436 229.6340861 229.3325385
-376.9964408 378.8131636 331.9667826
138.9456509 122.2351775 -56.77054162
-410.7015279 -390.8259972 126.5169299
520.2516957 61.81601402 201.4304407
-515.7412238 -123.2517427 -281.7502961 R
492.4017999 -17.92153356 -37.69572041 R
-218.3461109 -409.1709348 284.0559186
-510.4213334 464.9137335 -205.877165
193.7775272 142.8468236 10.21769026
-104.5290715 511.7619926 247.784425
-241.984905 -34.99868611 -60.63519931
-452.2364054 -328.3968638 112.4054643
9.30829288 490.9545129 446.9950725
-249.3360705 321.6287891 233.8938812
122.6143017 399.569446 387.6310725
-379.950255 191.3649216 421.4480033
-43.65471639 275.0845916 275.8153964
5.289045839 129.4539738 293.1417947
486.349334 341.4333805 -116.7727396
-346.1483249 -48.80968137 -413.153811
-240.0359541 -346.893004 -421.2088036 R
350.3857484 -350.578321 -149.3650242
-534.5417151 -283.2888253 391.193939 R
467.8966474 450.2321152 401.839297
341.4712117 -98.9414177 487.0443609
117.5307981 -352.6487404 202.5438999
15.85023396 486.7196841 -460.1024196 R
250.8139555 -346.1520335 150.3544816
-464.9442615 393.6821336 -121.2250332
471.8251791 -38.47902765 -34.30946349 R
-286.1384639 -502.0396103 -36.77221257
-304.3153399 169.605971 -215.4109483
464.7119655 -422.3323899 265.659242
-322.3517429 312.1776729 -6.96786878
29.70536867 -311.4348288 -113.1072398
-70.62107102 126.4756361 -2.109099508
431.2938516 98.54448153 26.35176401
354.2632022 -111.8392024 226.3177867
-284.9655915 224.6077146 426.5949746 R
397.4804404 -542.0904145 319.5981806
148.8397073 -380.4948641 77.20837913
-141.325323 177.0922905 -224.4537684
-343.0230745 34.70334696 -463.0210613
76.69288876 -388.9851515 40.06492287 R
-261.4103173 -108.9323766 453.8315397
-395.723139 387.490368 -355.6681531
-488.9642734 -280.8411254 -7.007052563 R
-105.81754 310.1863359 14.01015493
156.0559116 163.892312 136.4789082
-485.1959771 321.5950615 405.6254017
101.1398466 -396.5781343 -39.30773162
-70.75550027 -402.7893122 377.5865114
-441.1342503 -44.10753486 183.2147981
-96.55198698 49.60871959 5.090479797
404.6656725 47.58271386 -77.56933651 R
38.39745069 -354.2484076 -263.891791 R
375.7173265 99.47170766 241.9650896 R
158.1226064 474.0994224 -352.7885931 R
-82.56632627 345.3208631 487.1887597
-438.6367697 6.110160583 2.4212974
424.3012337 518.5285664 232.6261874 R
217.6435404 26.84928696 436.5908298
-145.3080664 54.2966788 512.4784114 R
-471.6306995 401.3929341 301.5067635
240.4975938 -263.0291897 54.61885568 R
-147.3203223 428.0595229 -28.89989574
-467.642094 -422.6659054 -488.547273 R
-196.0259521 44.89864635 -30.72662571
134.744547 110.7066945 401.2063798
-184.7571062 -303.4816412 349.2317603
208.1131985 -130.2802939 23.91096361
-330.3125364 -438.0551382 23.36237972
28.35125242 341.9706682 339.0814722
340.1207629 -425.6130542 161.1669809
-421.8795755 -360.0251931 259.7314001 R
-201.2252072 -491.1291238 210.5335559
167.527848 23.26956478 84.58973721
-166.4539378 318.3991481 -196.4462653
-5.917860233 480.4516391 414.9892675
-398.6654369 187.5783007 296.6373497
369.3592621 -13.98175873 440.7648234
514.0134891 307.1770199 318.885148
278.8037736 -328.6929633 155.1346353
-159.8700848 -274.3919332 -134.764361
159.2225496 -134.2131547 358.7892174
-429.3275361 -16.97689984 -285.2514309 R
259.7821624 -280.2765561 -195.6649614
-3.291807306 -478.8011671 31.50961941 R
401.5216272 274.512828 397.286741
-386.6343604 -450.38832 431.862403
277.1116226 -265.3928736 479.5491162
23.64440577 256.2508189 57.12264161
-16.97959443 63.86595494 -429.4356882
-84.39648418 -516.7822494 -85.33359355 R
149.4420976 393.9819167 281.693564
-15.85984141 117.2469182 -8.134799379
20.0626108 -2.2121118 -276.4051554 R
222.3483734 397.685826 -184.9139877
225.4091045 -297.3988671 -485.5538554 R
-457.741371 -338.2226716 -75.09035572 R
-159.4735354 343.0676161 -109.3581517
382.8516335 344.681521 -446.2802757
-429.5959047 -490.0773086 -274.9997298 R
93.2815951 -234.9906234 147.7368693
-162.5012127 -466.727571 -2.385461748 R
-25.45043312 111.7869368 249.8459821
-460.2827295 -244.6323141 420.1536185
15.84950914 -467.9534566 326.0875393
-12.75776328 441.3529358 -424.6586657
-411.0492893 163.3743915 -207.6990651
113.9358653 -87.69835762 86.6383811
362.0275963 -286.1071731 154.0896933
137.1123776 -51.4087343 362.3181768
525.3842232 -92.38319026 9.419908732
-137.9305303 -91.85831898 -342.0390525
269.6917733 -441.9840043 -495.3659387 R
326.2167512 342.1120321 -240.7606627
-216.4784326 -542.3426833 468.8721546
300.103088 -259.3975407 -41.86788101
159.6983307 414.7712953 -414.663582 R
256.7906703 -120.8115671 -487.4280239 R
123.6819208 279.1358483 218.6175455
-286.1341519 -425.1290279 358.3316509
112.8183871 -459.177486 456.4890525
-252.1229384 -456.3620632 483.2159719
-518.0213011 -478.5264855 -86.14656983 R
-447.5197842 141.0041058 228.2607077
-306.0650513 -279.1301296 -328.3687541
-501.8212296 -296.4809004 360.8035531
-105.8178296 141.364505 78.77612334 R
-238.0917474 -440.7767485 -367.1562088 R
73.5867722 368.0795888 -68.49124526
-419.9806003 442.9351786 268.9686303
366.2895503 -363.0015894 -460.6154198
192.0158398 252.4613122 -99.69323996
406.8264177 43.58791381 101.800091 R
115.0289429 -20.59075916 167.7557782
-3.818521613 384.1045899 -421.1772985
105.228484 -6.751802891 285.4989854
391.2496528 -443.9182231 -52.69605713 R
-286.9240683 -500.4054366 -218.9622292 R
-217.7767292 -323.4250642 -90.7047431 R
521.3777579 -207.2191718 -64.06108697 R
428.3459249 55.24303652 -145.3906369
-66.1772731 -410.9049821 121.6222382
277.4483481 200.9517882 336.8278298
76.98365982 359.0341345 129.7686937
-32.21879723 -260.204275 97.13697641
384.58245 -295.7365658 255.852329 R
520.4067657 -19.6183535 370.6648235
441.226328 -258.648342 239.744537
265.1449905 -236.6559331 492.5238355
-113.1889062 170.2595494 -331.691209
330.9954979 282.7767777 392.7613984
474.7268617 -113.6399676 -164.926504
228.2125951 -488.0360643 524.6345356
98.64734923 463.3174118 479.9604886
415.1619607 330.5647876 -486.6676586 R
-293.6265269 467.0857004 -187.4530008 R
143.2842286 134.809531 -529.3532404
-103.5402165 -80.59068599 296.5387835
-68.33617409 -25.80095127 -367.8861184
431.9161506 -135.8804388 144.5855979
-194.4768626 -157.3054711 219.987329
-466.4155503 455.8535238 -15.03744296 R
437.1463835 -503.2594442 -35.68192055 R
331.1548263 517.8148898 -412.6685344
317.6140033 -201.7229906 7.605574097
-223.8618665 -391.1269866 495.668516 R
260.2491925 527.3212116 35.64713183
59.70855143 200.077431 489.4466715 R
440.9098412 -446.4604643 434.7414172
-79.97715095 112.8147339 109.3180412
370.7048753 23.04395091 409.4400548
76.137287 -279.5032472 365.5981833
384.5312699 79.63254466 160.9532373
460.2188072 25.58714432 -367.6094255 R
78.42644159 142.928983 65.07338098
272.927327 -263.3233658 136.6388998
386.3421631 -43.28539725 -175.9386144
103.0549283 14.68837018 194.888913
17.2706072 37.79008153 338.4148514
-65.05272071 -340.6710611 -58.47010379
98.68021219 336.1720131 -507.0107929
258.5071475 -368.2204713 -437.4207283
43.58517689 -165.4732984 393.7692945
324.0443631 -167.1511507 -8.154050009
308.7042373 -213.577303 -264.9191269 R
-54.26088105 299.972895 15.21440513
322.6087351 95.18683706 -393.4256288 R
449.9600855 -405.8325511 -375.9428946
-109.0310436 362.2589051 388.7434274
-284.4257803 -450.1121851 -211.4535171 R
-305.3766308 287.3368974 232.2462541
-434.5841957 309.9691117 -455.8141429
-111.8054217 514.8905649 141.1324158 R
87.57509271 -265.1086481 183.9327061
-202.1129562 -507.9593533 -270.3422417
-473.000988 112.5670973 -388.9374527 R
-344.7670443 -490.2831434 226.2009373
-122.3043397 71.95309275 -275.450272
303.9055707 170.4171258 503.5573115
-88.54153833 -434.2944272 38.57193741
-257.5715493 70.56198251 66.68248824
-462.1353442 450.1707091 206.6166841
40.30947948 69.75744626 -409.9120301 R
-482.2570611 -57.1668466 -231.621392
332.9642768 -5.337157185 -329.7724811 R
353.4535911 -87.40782904 229.5871667
-13.18312795 95.97587824 438.4170197 R
166.8566874 -58.14307072 448.7629331 R
-500.039102 358.2745926 -162.5434884
282.4054684 311.5390904 291.3069122
235.6788708 -302.3886863 -142.609076
-523.6975139 -293.5882802 433.4145194
417.1528248 -377.2050208 -207.4315859
105.0606199 327.2444605 -309.1447282
435.6254585 -83.97553932 -414.4124463 R
158.2455511 -360.1806541 -410.2394259 R
142.7376359 247.2164398 450.4491512
36.81719936 -214.5228441 -192.7529607
-89.51232873 -373.0069916 72.46674477 R
-363.304925 437.2537234 292.4776877
49.67783436 -362.6476664 -253.1740951 R
-68.55103685 443.9553619 256.5162374
409.8900676 -101.5629946 193.6580297
-137.3970097 379.871234 487.4572574
283.1931569 482.5605894 -202.7507943
432.516426 49.83709727 -94.67279804 R
120.3605028 -502.7166006 92.54064236 R
-149.3948266 467.2589134 -282.3838214
2.76991509 133.1325177 219.0028633 R
16.93200605 -288.4534949 104.7597698
459.8856414 352.3469527 -213.2237637
411.7328407 -435.6993524 -202.052502
142.8886106 -369.2002635 -130.8794443
91.79129739 -447.1143469 374.0864809
-462.8157448 -121.264951 -382.6820029
-363.6124261 -490.381404 13.10210283
497.4495344 394.281628 -257.5888796 R
-502.1160701 119.1765705 -31.6539865 R
292.2438673 303.1707403 -263.0999604
-196.084845 -389.9663581 461.302859
-48.03780133 442.657993 -326.2710528
-522.5053033 206.383961 -479.7375862
-292.6258275 -211.8603759 -414.6668537
-421.4890541 -32.61171312 -452.5220724
384.8465303 -80.84831227 351.4109765
271.3564438 352.5104449 -118.9918413
494.8353736 503.3142453 -214.8943904 R
-414.5117137 -236.7723129 -161.0718703 R
-196.1638852 256.3475338 -175.1281917
149.5883573 -174.0816311 57.71765217
155.4422164 -308.7588374 -358.3399754 R
528.5236695 -352.5130147 202.7100493
-140.1078732 299.618072 -131.6428631
336.5529875 -421.1976736 235.312785
-518.7285171 -187.1865903 -230.2987513 R
-247.3628113 157.224576 232.2432797
-195.9949248 -504.6373348 470.1754883
489.578263 -312.3416312 -297.8193552 R
264.8007524 -267.5040571 -506.3264179 R
-64.36342544 -139.8334345 483.0021718
134.3636593 80.24976972 460.1742093
250.7454773 473.9652695 -414.2726835
-395.9312896 144.1687105 502.8193517
73.23219554 -431.3298363 -280.843445
93.84649388 196.2840051 -497.0038585 R
-20.78579701 -281.0160244 245.3492199
49.48920351 435.8316859 386.4373265
-524.0247895 7.596593361 -48.04733944
-342.2146095 43.98870974 -343.2839389
-16.89949717 65.66535721 487.2943608 R
-415.1708981 -131.6061663 389.4169525 R
-22.94910552 -495.6328529 498.0943765
220.7272291 -171.5105887 -258.4437221 R
-451.230116 -307.8499063 -12.23585762 R
493.4104423 -147.6548231 -343.1459674 R
256.2206911 526.8288589 45.14709377
402.4748634 -469.1784097 -446.3023088
-30.88934618 260.7250595 -488.2399863
-124.5707782 113.8314304 -77.00763009
-138.9820408 438.9727427 433.2420496
68.19239361 393.7356109 -206.7259764
-527.1041067 -98.83760187 435.3040535
69.69258123 -370.7789473 -406.3624072 R
479.1721526 -297.3175256 188.817662
521.9581945 136.1928638 411.193309
65.14061906 -226.7892952 426.8310821
-97.32514627 -164.5835345 499.4417425
-465.190805 133.6043683 257.9731286
-530.6392172 -282.3429626 -331.0946244 R
199.2426069 -313.8356761 -123.6236827
-88.85720712 258.5596222 -250.4916284
-4.141307692 199.145046 211.7393413 R
439.1612017 212.813957 -200.2073664
434.0578494 310.503473 -271.9050801
268.7669648 -537.9453588 330.5153623
380.2097672 -163.5500744 -429.3412142 R
467.3934693 417.5706455 -260.858191 R
-501.918864 -25.9894791 254.0119061
344.6590757 -153.7666647 -402.9960663 R
-185.4519868 -453.5731699 -118.2866871
288.3261461 -420.428698 -486.8240836 R
430.194942 -326.6403876 546.840408
150.9343667 -14.0119651 -91.38902508
-271.9701054 -433.529511 280.7437997
453.4892937 130.8593596 16.59194698
-72.83180802 -5.994222804 -151.3975312
118.0151742 -78.04814857 -239.0462767 R
-129.9590483 215.1038695 -313.7469656
-474.2364036 -174.3522693 -209.0460162
-57.38175057 -463.539875 103.1990908
211.5646579 -239.9854015 205.8907676
-91.9484001 -162.0085897 -215.0186779
12.93232009 273.9904221 -465.4344937
359.2362807 315.7929325 -18.07128364
385.998974 447.6631309 -120.6739949
211.5641067 30.55638249 101.0417655
287.2378072 -276.7897478 -328.0810259
41.10943282 323.8063624 -14.28153853
176.5323952 331.823 -475.1941006
-525.3089883 31.88310696 -198.9555335 R
120.2232908 219.5983648 -321.6080716
365.3604206 45.59869207 388.1570363
287.5865741 -199.9300179 462.8369856
-391.4913038 -23.52855731 418.3526317
211.0641452 341.0837912 -366.3427689
495.4464376 305.2205761 333.2742287
381.2446469 -84.06757883 433.7602348
-193.6782281 397.9331788 -163.2933124
-46.03043912 -170.5831819 106.195403
-184.1549814 107.8454595 -260.5341439
-417.4217181 -187.1731251 423.0250825
-267.4582074 335.6596301 -466.308208
-453.1368987 485.5697489 -166.3113313 R
-163.2763571 167.8129532 -173.810241
-250.6511243 89.73058344 368.2978024 R
398.9936238 267.2585729 427.3235716
-92.54092241 447.9902815 -100.1771497
-136.1012064 -221.3975823 69.14647353
433.7716035 -22.49903168 24.99166314
429.194254 -13.90647347 201.6462223
-117.8092952 492.7884135 168.9704373
-307.4443448 64.57668584 93.82891814
-114.5234013 159.8288087 -333.2142888
-507.3915963 -144.5291222 364.9911154 R
-468.5333811 -406.9194319 538.6969142
235.8318442 -106.6410743 525.22 R
-99.32007597 -390.8155042 6.143435706
332.6156725 251.3526455 -198.8756092
519.0241798 240.4360732 -79.80723443 R
99.92927597 407.6219789 174.8211938
100.5670186 -86.17229707 64.7728781
319.816249 -391.3232338 -294.6467175
41.80812977 -273.7589423 157.6584826
-370.0740607 51.64095867 -66.22624148
114.3812235 -26.4146372 -102.7524501
-80.39345915 -295.8317687 241.4920023
76.46912698 115.357126 8.897391935
-210.3715215 448.9760013 -410.9605493
-466.4783379 58.73521899 -272.6091294
-508.600044 506.2665736 -5.927423573 R
-361.418304 -26.72446666 480.7868582
184.2329574 146.9577617 465.1231484
-156.0598396 -252.3002006 -35.67477812 R
-95.58818062 -253.7491452 -9.453134957
472.9246694 -233.4794128 -364.5343562 R
-150.922625 75.67041208 456.9357899 R
-203.2261334 -92.65186767 85.91460315 R
-315.9082692 -2.14784883 -13.98774115
-345.7909058 231.2929457 399.0266615
-530.5043846 -284.737935 309.9614352
-364.1167575 -94.64643995 78.03581522
246.7662078 51.66613097 299.6205245
301.1151377 235.7502819 368.7297125
-257.0235783 315.6661015 -350.8236199
190.1625244 40.81520317 -99.53851577 R
-223.3779996 -205.1619892 -402.9291071
184.6164127 501.3192114 -220.4969737
-257.7775524 -152.2228991 168.3739524
242.0710182 -210.5295393 -47.49133913
-61.80114443 392.0146345 -37.27053641
-270.7839609 -111.0705301 -491.5351336
6.871240145 -430.7666276 276.7842977
-424.8276338 -188.8664044 -101.0659687 R
293.6015524 -361.6177216 -191.9738541
-309.0574038 -0.1892675092 316.506593
-7.243335916 -480.6543355 14.95283791 R
-25.07494963 -456.1366858 -356.6866429 R
-297.8973503 -477.4337964 430.0468977
-312.472629 309.4696691 -207.494094
-14.62215081 103.0120016 333.2008998
163.2094414 543.1982979 -26.31153984 R
-267.8024745 -10.56814051 328.109484
-104.6030795 528.5423405 -373.1989129 R
-480.6416572 -336.6977282 400.0601862
-57.93058706 481.4316079 -134.4242735
-456.4085476 -336.1305392 256.2761726 R
366.2483069 265.4922224 -519.4763513 R
341.0863747 -309.7014015 -291.2215372
-265.3043589 318.0564038 -14.34896677
120.8041237 -324.4377022 118.9172733
-284.7341036 -105.8898291 188.806651
473.181169 -410.475802 476.1868751
545.8244606 -397.3624288 -238.5277527 R
-453.9608632 -32.09159782 321.7194697
395.0632635 -178.4544724 -87.91820623 R
-61.7362875 -483.8937239 445.8279168
30.12705599 9.129875716 415.9839162
-86.31687094 -426.2124538 154.305664 R
-197.726504 -99.0957575 403.3858242
467.846484 -27.7796581 -403.0726739 R
285.0237319 410.1213797 -101.7880645
-314.028513 369.3601572 246.5927058
-404.162013 -245.6377874 -188.5529192 R
-100.6692761 -197.7710823 -104.7470017
495.4801063 24.82520662 223.0831612
428.8307824 237.3149657 -246.9437979
50.98117334 329.9818375 49.37956693
371.1586299 97.03674351 299.3257506
438.3485788 501.4847384 196.0054516 R
-213.1938635 -480.7839743 98.9647987
-455.2727678 152.1616188 388.9737006
-169.5628618 208.1032026 -167.5107991
-183.5385361 -227.5253256 -147.962176
-103.5803836 -131.6561219 -163.1884564
-421.9335914 144.7359686 338.7612706
143.4350788 -103.2661835 121.2567549
-490.2040679 -147.7937122 -449.7901266
422.9189118 388.0730085 405.9415894
379.2680387 398.7108645 -136.3552843
-191.379137 62.52343276 -220.1093347
-131.1843587 -424.4254608 -517.1170142 R
165.8521874 -419.1414369 470.4142563
-197.9304895 409.4002618 334.5712966 R
38.09689448 -118.5484461 -62.44994063
-15.25588163 59.94820537 -130.5917165
-34.24735351 -244.8234442 376.8110908
-69.98932204 99.29631256 503.9054812 R
68.84971943 332.8988031 -170.8467754
214.5016358 519.7047894 192.3739286 R
369.500547 313.8271149 264.6314419
-219.8783778 384.0468164 108.6366823
-232.2047225 -228.3943958 -257.5527217 R
-59.13471674 256.8574474 -227.0151441
316.4392729 491.9721197 -167.1815243 R
265.0409882 421.5647473 31.76501051
404.1823796 -508.9434213 250.4368847 R
358.1818717 489.4916681 -202.7475727
-191.985155 -239.0997038 -274.6876531 R
343.4501531 255.2026237 295.5522553
-399.3317083 -436.5686798 172.4135866
-492.0821227 384.1650528 -273.4201105
-78.75113335 112.4123262 102.8334374
-152.9714958 207.3216372 -186.4020411
-212.4472164 164.7243626 511.0038877 R
384.0678717 -297.0399125 -180.9424827
20.74756606 -345.8712039 -285.579863 R
-405.2691329 319.7674649 122.0525075
-323.7660086 429.4198707 228.8914875
-163.5511601 83.23535526 -106.7324575
-435.4028663 177.8117844 403.4466853
-440.9006136 340.1529959 -145.077983
-247.2881733 -520.8332818 301.317347 R
-457.8096717 306.6967414 -333.0899354
-269.215711 241.6008083 -336.2520149
167.7932845 -139.2441185 -341.7926698 R
434.7012007 500.5384575 -486.4839241 R
530.3049953 -156.0872091 -216.1135229
-259.3673893 466.6824441 265.3978157
-453.8851048 30.77907915 -495.2354682 R
452.6099135 -252.6410408 266.1833063
48.03104021 270.0697244 -57.25604833
-152.5516335 39.86867186 -317.851584
357.1906539 -99.94149027 201.5608675
485.5221136 339.3329852 -314.1805662 R
198.9676375 -311.8354848 -522.6822568 R
326.0524448 -411.0945271 407.9136191
-142.1891325 -64.94903374 416.9814826
226.2339173 166.609559 163.6517024 R
314.5181896 516.8572058 408.4918969 R
228.3223501 186.8624508 174.442043 R
-359.6938948 205.6110564 152.3468771
-542.3398966 507.7737886 -406.1924304 R
-238.6278523 379.1004436 -518.9558515 R
-73.39965301 -19.5097572 503.0960699 R
514.0049625 -340.4741791 -1.190044931 R
-23.11826475 153.718567 -347.2814214 R
-271.633023 -166.5410585 -70.75739618
-481.0648549 -527.3567667 208.1622183
-225.5442528 255.4217025 -342.901022
-455.8172096 -472.30897 514.5841824
-355.8693792 -343.1903237 378.7732319
525.2431297 307.4382472 -56.00778474
400.2727937 301.9323957 -196.2169783
-106.6125228 -485.9357524 506.6519822 R
11.84809799 -312.6660533 -331.9733445 R
-134.2901045 142.3550855 -12.43764912
-308.3191691 -283.6746882 -278.1593255
199.0216172 -335.439185 -416.8718723 R
-234.7081775 336.7929948 -272.0341344
-336.1596713 423.8731075 479.7061921 R
302.5365229 -195.9151876 -475.9293485 R
-77.17814375 -420.9584854 -169.57528
-292.9770645 513.4087704 -136.6963937
-92.8227025 234.5591001 -232.0236573
219.3268493 -443.4837884 258.9867657
62.67986415 -40.71745427 332.7185525
-435.2076081 -109.4172301 -98.22275446
161.8360898 400.952721 331.4857067
-387.2114159 -45.04354262 -516.5835764 R
274.2091661 -93.7665485 -177.0613999
-430.986165 26.67955161 -401.4882423
219.6563292 379.1121429 356.8962207 R
-486.4227223 -442.1668799 -177.6104658 R
399.0973152 -208.2009006 -2.721078613
512.4216398 408.0504641 -502.3942332 R
-174.3920632 84.09812333 -242.4838861
-94.79374671 243.9375543 258.8820629 R
359.7179288 466.0817067 -191.9389407
-403.720748 -406.2184743 305.0249842
-165.2730202 347.1092351 330.7445768
203.4186254 416.5863348 37.15304681
527.3889557 -391.6049827 433.0156969
-424.8478436 -103.5191512 -370.8219476
429.267515 432.8017194 479.9835933
102.2956969 -245.599416 118.9647396
394.4411063 -173.7016895 135.4497149
323.4679043 -361.0002742 -508.5647334
-437.3723766 -432.5130989 421.7924275
-158.3892124 -269.3087502 424.6776319
448.6120473 -345.3130359 -313.1922157 R
261.8559596 -330.1756286 41.58372068
-95.33130502 -531.5921635 -64.30423085 R
-244.030447 -474.8587191 455.6083679
-31.09669446 383.5955631 -442.0795936
188.8453364 260.8371361 339.9355052
511.7027124 268.4406795 -39.62772554
-521.9925777 131.848713 382.5694492
420.4685941 -145.0763367 240.6360423
-394.7835173 270.1283037 421.1626432
151.5238976 -248.4426258 -178.3983135
-106.4250394 473.7951807 -250.9200177
-146.0259185 -477.5669855 -119.5920703 R
92.32790741 -449.4550671 -264.5759114
-129.0728868 287.7141917 362.4002995
466.6341808 -332.7067293 -118.259332 R
163.1137488 -411.2706349 51.2181036
-82.84843385 461.8773139 -494.2387915 R
-498.5911583 391.3168858 -9.783434654 R
-57.30498174 41.27852224 82.458689
285.4976112 212.2046772 -357.264454
390.6112862 -106.9394086 165.0326116
-92.26940962 293.6752311 13.32130718
-112.0013929 -304.6850291 -194.5436007
179.8137804 -4.068919755 -263.3808969 R
32.34127952 329.2594266 -105.2671539
144.6106467 -309.4774344 -495.6430974 R
-449.1322724 -126.0507803 -437.504864
109.8301691 258.8687962 -350.8796585
199.4463681 -3.814634327 36.73082992
347.2971535 -5.592646773 -148.41706
-20.34551488 46.61475388 343.1893545
328.512776 -415.1996345 -93.9523193
-45.50605978 -230.5525906 0.612355378
219.5976735 172.8766096 -299.6250825 R
170.6228991 -334.5849558 -84.07956714
-462.650488 -145.0807267 -153.8917215
74.96913262 329.0829866 215.3620313
469.0498221 -170.7821785 -321.4592018 R
-402.1602713 -266.1046289 -395.204799
437.8181209 264.3035495 -144.213135
49.41358475 -381.7830316 230.4236595
-123.7988985 313.0952036 434.2290356
-372.8639551 323.2039447 -23.60474799
-346.4082515 -516.7565898 234.6572172
-163.5537998 -160.5638816 -203.6251866 R
-419.0761257 156.4306645 70.10328145
-388.3423637 147.1593644 303.8603467
-298.1540588 -85.98275662 364.4336876 R
-41.36400955 -182.1760354 87.43612112
297.6836429 -171.9552985 160.6683892
-85.66179985 383.9734873 -143.9127051
267.0730329 -231.6282903 113.8743582
472.4073056 -484.6949482 347.7276621 R
492.7615244 -450.4029354 -61.83522908 R
509.3821122 -462.9541857 36.80819191 R
-340.4132895 274.912689 174.3918224
-32.43499304 -108.6143051 45.08574851
-363.8946656 -274.985959 -469.8229747
82.15409434 -387.1463424 459.8177832
-245.611387 -520.6297218 -280.1194845
285.8678962 523.2093402 -443.7098205
96.73223814 -240.1444069 48.01219063
-495.2215937 -131.8321388 278.633289 R
-16.75032386 -20.41075631 -89.1462807
-477.6196217 489.1785073 481.691806
21.21531807 164.0681433 -106.0228875
-438.955585 457.4177533 369.2567651
73.7072798 240.1110943 -217.8058056 R
461.1195483 133.5626637 264.9677231
-94.4328406 4.454323013 -502.1752675
-274.2254105 -199.5120153 377.3429667
205.7092129 54.66166592 -386.1483466
-415.6559126 -423.8217914 -309.4257232 R
-210.0269008 -499.1127673 -158.9857289
522.2511978 372.5857131 -411.3115256
419.3514667 -355.0316785 296.6710112 R
169.320121 -433.5449243 -16.96881411
6.165273043 -0.2603629309 376.9747188
-348.2989845 239.2014266 328.7815622
-48.94993761 77.811671 257.9610629
-277.5451117 191.1820484 146.9247569
-139.9417602 -357.7642558 -281.9726041
222.3555684 162.4450106 425.9945267
-345.9450798 -38.71185773 136.7996842
-96.00623547 -242.6621821 68.87985948
-398.4922133 -338.013502 509.6394904
345.0264852 443.6998113 -191.298909
333.106976 147.7816108 306.0227375
-21.91159478 -480.5178374 525.6672002
-148.9646112 361.0655008 -186.5441219
-267.0539214 -500.6792914 279.636642 R
-75.90711565 -212.1416654 478.6712609
194.0970262 88.40173059 -116.3008683
-255.1656315 -499.0756033 -74.58182135
-98.85236725 -528.3028106 -24.69137964 R
-150.1173484 58.60218059 -257.0577225
470.5599544 26.00791519 54.88415135 R
239.5774909 81.74309305 72.18439106
-24.1702867 357.2231733 -236.5824663
387.7415455 72.64695301 -194.5580185
-313.3738611 -430.4397937 -185.6875097 R
13.41083135 -409.0944548 127.8467615
-426.8679153 203.5561628 392.6032804
434.3575345 -543.4673653 -497.358195 R
-98.0676861 106.8813994 -332.5467983
94.02095727 507.4614833 504.9648617
296.4604744 -15.73116704 63.3433125 R
-65.10464729 -378.5024902 4.332431136
-377.7861337 98.03131048 -398.8052388
-255.2067709 -281.3117702 -339.3243156
0.6309102549 -500.3470002 321.1263562
362.2912532 206.1578789 -349.6907583 R
288.4822492 308.4886255 -223.8933332
-179.3142963 -524.6452561 -141.7310778 R
-341.2546396 451.4036365 -383.3279178
-192.5021115 426.4573443 -78.63845592
-383.9430466 424.1478196 493.9296099
511.4349361 428.7256755 -426.8094822 R
214.9383159 216.4161071 299.1880982
-371.2027012 149.4852603 393.1766745
256.006713 -105.2745796 -120.1782068
276.1394917 498.0947897 463.3991274
543.3186354 -108.9857757 447.430396
262.2833772 -302.9526504 329.7579948 R
265.421168 263.2258793 -495.7109464
-292.7080395 190.3966342 474.0359902
-212.9982276 -80.28927491 -282.1891224
-350.9909121 -432.1749686 -432.3849134 R
-472.1614119 -511.7927288 -221.1860211 R
487.494583 104.0891311 59.35272191 R
469.3199449 -328.710512 392.8944375
-67.46279905 -45.96959004 279.317798
-300.2761212 -189.2958364 413.7579913
175.3822183 264.2635478 -51.52987768
-421.2556757 -343.482914 34.39297924 R
-130.3927674 202.9834691 27.2586643
171.5759535 418.1861685 364.8741564
356.8298102 530.2769161 -483.4305503
395.0219767 -220.8353763 -109.6898089 R
-495.8255777 207.6919068 361.3229549
-276.4891662 197.9866401 -514.3629665
-16.62632424 -256.4173618 525.9954612 R
3.446487461 -462.6808373 226.6480834
-182.9847069 -59.3899835 195.1013692
385.7808331 -447.6202032 314.0173191 R
114.4856805 472.3646816 44.65093529 R
262.0933359 -298.613132 -303.9582645
-515.8938207 156.8754784 -121.6839945
70.59539846 367.288571 279.1194155
326.4441896 241.082589 -10.62960423
-373.1172921 -93.98156796 -109.9058364 R
-198.6872267 -0.3161172418 388.1797196
-223.6888958 344.2226361 -89.20195728
-248.6096094 -28.90256631 411.5108223
-500.9508343 494.6679939 43.88782733
61.74768085 -237.5898693 135.2947292
-168.7703511 259.0493927 -299.6130913
-484.839049 -501.2971695 346.0974568 R
315.2525337 313.4400367 347.514223
12.67790761 -67.95224908 8.575878496
461.0271176 481.5777849 169.4836639
467.5692775 464.1920247 -508.7799635 R
-159.5071153 349.7440531 -245.0146678
-331.0687679 -222.9935791 -437.5739202
-125.5302426 221.6053349 -112.9425168
-160.2210712 -87.76478844 -98.61690346
502.3679057 -398.2997747 352.2044935 R
284.1493006 507.5220178 363.6566235 R
389.5639768 472.6503619 244.1050914
-109.9520402 -234.4594104 -123.9856599
253.7709302 -326.8675142 -240.8974439
273.630349 322.5104601 -39.72366746
240.6378171 -204.1168645 -207.6128815
9.948452938 -82.77799841 -116.3230352
225.5981949 -122.1191823 -518.2704218 R
-487.914508 -162.1826021 205.8080915
212.8273761 267.0194359 -389.6082054
-402.6558898 200.5641503 -424.4043428
-175.2316118 324.7079368 268.8325591
140.3863041 489.1758241 -476.9914835 R
-288.3140819 -387.5528735 -518.3904265
132.2901584 -209.5425822 -301.193093
81.29148701 -417.2711651 -25.19002825
264.9513406 441.7843313 232.4223317
407.5807605 412.8020107 -425.9320651
-302.4183789 125.1220338 -215.7029398
-199.6364726 295.4453986 -20.75558244
73.60729375 21.61743949 -133.0596448
-506.2535739 364.3122102 405.3676589
55.40169118 19.90503328 -9.43842366
93.88175818 -252.902941 -535.609591 R
15.85299797 -273.4260616 45.82258462
-81.12231163 117.2121204 -290.6452395 R
254.5595489 -428.4246113 451.2924193
-192.5814273 -134.4414635 138.0283958
488.2829102 429.3829895 81.81208463
-11.64007163 243.0713657 -39.760104
-166.0427803 59.10201677 36.2534661 R
-24.13477584 227.599474 -221.0558202
385.3499562 289.121146 -220.8679736
-505.7648992 -288.398566 -447.8080609 R
232.556706 508.6753767 -168.8708129
139.1157219 365.6039394 396.8002469
-518.2307545 -12.83084778 520.8795625 R
-18.63635467 -313.3465565 -104.8183895
-479.2236671 -197.4024308 -258.1641048 R
-201.5027077 173.1081842 188.0197287
355.3788935 -265.4518896 519.900419
322.2501429 -391.4763847 -491.2014212 R
-364.7860702 418.6029752 -118.2200393
409.0175618 -394.5749505 -263.6896485 R
167.3280926 96.83317376 92.55736461
-26.95459724 315.2824549 -444.2763174
-323.4494758 -376.4398263 245.8370044
-407.3993675 -474.4196594 133.9183097
-468.3490743 -90.91859186 -208.4860511
-196.9388266 -37.61980245 -168.1812243
-285.0231249 489.6693712 -264.9501156
357.2976245 -23.46311443 -362.7479989
151.9101363 82.19919091 61.93509174 R
274.443918 82.99053842 -245.7275798 R
-100.1186907 532.6781547 238.5767066
172.4660035 267.0181024 323.8336337
-221.9378796 -505.5453392 -292.6888415
246.8591323 -0.6933147909 375.1235364
-381.7720685 -477.4435469 370.2139374
300.4765011 181.3799337 502.6969635
-372.8742957 179.6459888 -446.6727394
431.0367172 -310.1244497 320.7232016
33.03446101 10.78962619 314.7412763
399.4987844 -292.4293023 340.0805389
-33.35638747 114.7071049 -118.0172258 R
-102.7551316 480.9877425 324.6271825
-269.5537891 120.7952989 146.8669109
500.7179466 462.8282481 -148.1861211
-138.5522089 -213.8373324 279.428756
-321.7061072 195.4948688 -420.3687817
-103.0390471 -258.1776247 342.7034204
-199.8585072 362.2494512 132.3961533
364.2398764 -405.2445783 -413.6337314
-12.29762535 489.5377862 96.30308764 R
376.0752783 229.4305397 453.2541741
120.1277893 -233.2577842 388.9715379
37.89929437 -343.3061205 -395.5413004 R
-223.2578765 -206.278637 481.9302247
109.6077146 215.4335784 409.4194356
-235.141897 155.1269705 -132.663856
262.5355241 53.43479829 68.57350903
-71.02195017 -179.0535254 110.8408678
423.993991 -230.0472534 527.4177528 R
230.1803795 330.3144052 -32.54229819
-0.9838998973 494.1183954 -36.39929754 R
-159.2413129 462.5906785 152.9832562
499.4896554 520.7519049 324.4788511 R
274.8189358 185.2128721 93.38320098 R
-189.2967262 443.7986639 451.2715593
337.0929933 -116.6281084 -157.8585236
-355.9337508 161.2954879 -90.22790239
419.8329946 178.1277347 277.3606779
-125.0672133 46.70617599 -270.3194877
-398.9329181 473.678978 134.8098641 R
542.7155036 -203.6429287 167.5642809
-469.9455698 -413.2133351 -476.1961984 R
321.1466553 473.4225292 486.4801408
-282.2510461 -120.2130312 277.4081047
-374.6685417 411.6614175 446.4921886
202.446718 -389.3264024 435.8059186
272.225934 151.6363791 161.7887778 R
435.99079 287.8903069 -487.3934816 R
288.1829791 426.3845275 -10.06626131
10.17759572 180.5106995 -168.4217227
370.7720913 -259.4257549 147.4963584
-524.1069517 115.7035146 -256.5874154
-56.44903601 128.2654325 -406.605092
-65.56211606 465.4333794 -218.4995384
-77.01026073 183.0039018 168.7508195 R
301.0167089 -456.3136262 -109.8042506
375.8522505 -17.18716227 -206.0398943
412.7324884 -217.9825572 -427.84039 R
-230.7592388 -233.6728694 249.4811
18.28971685 -337.8769901 101.4709285
442.1058875 477.6401534 459.9783105
-364.5371941 178.1470334 465.9345893
204.2350229 301.2073407 133.9794046
-487.8988928 410.7487698 422.7296719
-347.5805486 -507.9897215 -149.0992174 R
303.8949451 -549.9099466 535.5999401
-178.5091173 198.0318293 -157.3662147
-168.3380044 526.1254061 220.7962872
337.6216172 248.3273463 -473.1540668
-435.644262 72.00537331 -512.2174475 R
422.4417408 -4.609237118 451.8379201
149.7525015 -0.6390744025 -117.9643971
387.2163909 -168.221456 -238.8395973 R
104.9772495 174.8185969 -479.9189686 R
104.4305954 37.02388452 401.6488346
478.0999822 471.560683 -53.03624028
-377.8659874 -201.4383451 346.7807347
-463.5534647 -484.2170643 55.9465129
243.8635957 -69.5509261 471.1259045
-225.9541363 25.72474724 267.6253927
85.59687818 -360.6748549 -460.2759725 R
-100.1013224 -217.4358106 -29.416543
-285.2346326 -37.50437119 227.0111344 R
265.0588966 -359.6500072 187.2719703
84.07456832 382.8992369 74.57396954
-83.12527253 144.8622942 25.98124703
452.7763981 300.0014825 -75.59747182
-135.1400337 107.548356 138.2157633
-183.5932349 -340.3447691 423.9378093
210.0784219 -155.1821578 484.4273007
-314.5386738 156.0264194 -121.8197548
-292.8980581 41.94156698 -415.7281391
-54.63575867 407.5468059 -175.4564562
-149.8785071 312.8976993 312.8250358
491.9000787 15.43470365 -455.5421992 R
483.1506562 457.1767794 -153.3119317
308.9787097 153.2699346 -124.0367436
139.3194728 -488.0322478 190.963189 R
177.9503482 -300.017361 -189.7080391
208.2206717 -511.8516448 428.0508336 R
291.9274447 -358.3238826 -119.2052353
-25.65093178 305.9463422 -331.5332744
361.1630501 -358.4416578 -334.2666413
-333.9061377 -59.64049837 -438.9220276
-271.0877233 -445.6697843 -446.5480057 R
68.46357321 421.5663404 175.9134819
308.4848778 535.9473311 170.7109553
-197.7258436 56.85436589 -236.4545741
36.8388209 -44.10415525 478.0247676
-393.6424421 98.13040263 274.833175
384.7714375 -452.3151894 180.0275571
-135.694238 -339.7732745 29.14886303
184.6534732 7.95907003 -127.8246141
305.1824132 205.3115286 -271.2879999
90.84525793 241.1021948 304.7665163
517.3693467 -133.1002201 -512.798658 R
-43.38855195 530.7848704 -431.5760306 R
286.9764325 118.8477201 7.802843366
85.77674333 362.3746193 -403.7574416
177.166148 334.8225716 231.5479815 R
329.6656621 357.8038906 463.641524 R
-522.0986228 381.7553474 278.3720693
116.6249215 -303.6837021 147.4049215
541.1801374 -454.7891941 439.4061282
441.6221546 76.46636715 471.5621069
38.02297743 -495.7777381 130.0071231
-324.1608671 -113.9410582 219.597188
95.10627751 -243.6994045 79.88064058
-346.8485771 476.0303659 307.144397
-247.1329086 29.05640798 -359.2849267 R
-288.1744144 517.9640038 412.9509135 R
-19.65153746 -251.4328077 324.861483
413.0591664 495.4464051 407.6434784
443.9384178 422.3044205 244.1935149
213.0061382 -215.3021795 127.2012498
-465.5379246 -45.94560638 372.4346532
34.10755085 -382.6231982 251.018851
-104.6779943 10.99622805 97.46065108
399.2963136 -195.492967 261.6375127
-46.58504886 236.3161125 -228.2139909
-133.5334859 -90.37243252 -365.0521339
-234.9938489 -33.81157463 -422.0893518
-117.7569961 -449.1539207 53.26475388
224.1536216 418.7217427 291.6938707 R
458.641167 231.023697 -205.7109064
-75.11411472 80.92155353 -441.6085669
-356.0744738 148.2274279 -101.7198373
-17.21807124 -267.3443769 438.037425
-379.1525043 -429.0651615 357.3094548
514.3494764 -33.88399469 232.1560255
41.30226592 -56.29061672 307.5056122
-510.7823917 -157.6802138 9.737606048 R
385.8964225 -100.0001201 465.9145622 R
-185.8620182 243.269478 266.6352637
113.5188804 -514.3348419 -2.264066341 R
-161.645529 -461.9886923 207.8721118
46.34567407 -282.495584 -135.2788037
-340.846258 449.599122 2.73878986
-199.7876605 -344.9811882 457.2555008
461.7954772 -412.869574 -451.5229502
173.6166026 -265.9571591 -115.3484236
16.66905842 -235.7089175 -51.58587861
229.1589279 -384.9243934 350.4305437
148.3983348 -156.0096526 -424.2998494 R
408.23529 -7.665134509 -452.6045638 R
-484.4019322 -303.1059321 308.4793658
460.4659846 -145.8007174 -477.033872 R
116.4129074 241.8696077 -157.445372
458.9304173 -524.5489578 107.9992518
-468.1534926 -404.2275131 301.2967451
516.3851643 -41.03517974 286.8740674
-149.6744496 -426.9577222 412.4266333
482.9039033 -341.2968102 363.8233309
443.128836 404.6033655 -140.5749814
260.2687972 192.8848327 -108.9412368
-420.8505674 324.5321069 357.1579071
301.8342932 -158.3167064 144.2572536
472.4107502 199.4171502 240.308812
387.4851554 -532.4799567 -22.5827821 R
285.4924792 47.34253989 -263.3871125 R
-450.4217538 -401.6853485 -473.8272779 R
343.9186012 -512.8169395 255.4305434
-237.8762115 -232.4493327 -422.0465623
542.2621075 33.37836315 -209.0365188 R
-201.4074098 -185.6309488 353.2821129 R
439.257265 -70.26924068 -124.0173654
-101.0699978 481.8785791 -237.750621
190.9936343 244.1358643 383.8883422
7.680876269 -488.4019345 293.5893503
73.44919869 -146.4038025 -64.6872211
183.7954124 -209.104444 177.4762794
500.3045949 186.7241358 -193.1979118
495.1816223 -135.8040193 193.2736502
360.4730825 536.1394804 -249.4735401
-145.7941135 -201.6993415 521.6966724
55.17017416 94.82478291 -217.4248109
-147.4390516 -486.1086223 293.5805086 R
-191.5984958 153.3376697 -90.91239953
425.6152538 298.5939311 -259.0399239
122.8273906 266.2086993 14.87491442 R
-524.6877327 385.9026519 368.7642815
134.0819048 -364.6672502 521.9163809 R
-89.06896014 -212.6264995 307.7044362
-188.5084352 364.931754 -434.8163374
-525.0640791 -176.1630822 311.7589731 R
-160.1553236 304.652042 -28.08500431
463.3222908 -317.6295994 397.6227631
200.2426376 350.3224848 -439.6218624
-218.9277944 -399.9025733 118.1283978
53.61737645 394.4705012 46.68442724
392.202113 -155.9458138 -468.3922595 R
170.5659033 185.9785738 287.1732376
-516.7963845 -281.8881664 391.129576
189.901262 273.9255093 42.19214534
221.2660856 -211.266288 -200.6891783
-301.7254525 437.5282351 -403.5031808
-24.58185313 225.2840023 267.288041
29.46307182 -390.2941218 89.77166386
-275.2562338 -30.96847465 -437.0247412
372.5549723 -92.22796384 -76.61781803
-515.4444716 200.0258154 302.8187591
311.8734943 312.8192811 -209.1697563
114.8492305 -242.2994935 -52.19652964
-368.9081742 504.9962293 -314.3406359 R
-465.1859845 106.8764147 163.7540272
-231.8341374 -108.0773877 -94.19466515
461.6023626 -102.7253972 23.984169
66.8662554 229.9097245 113.9532774
-275.5616361 -213.1321192 520.7100153
-198.3250081 251.372042 -370.6652049
-434.1815728 -424.7149896 398.8678065
-337.1671691 102.5429456 535.1891223 R
-254.7775139 208.6570481 207.9951051
455.3859613 -49.98461427 439.6485325
-44.12784532 126.9978184 335.2271536
535.1860463 15.67136542 252.2974493
440.3654263 -218.2250104 -281.2454404 R
77.20285996 286.0298721 -20.39620707
112.8646456 -435.281709 -15.55421741
265.5692741 -455.1865265 -88.42055039
-243.6025481 11.92159205 324.2330859
-181.2327811 -143.5083154 -446.0527522
-430.6214971 394.2242862 -378.739896
47.93518847 513.5442802 359.0772653
210.2612362 443.3790109 56.65624814
-437.0785477 524.6310588 -439.7667981 R
203.8751424 190.3194495 254.0669253
278.925872 -256.5347966 26.85143279
-523.4191408 51.94393225 -59.5904153
-150.860015 177.695077 -228.1871027
-369.3914987 -4.082860909 266.2484641
-71.31657331 -516.1675042 -519.0633598 R
475.4330902 -102.2298408 250.522326
-513.8160065 160.2950162 -108.2075665
150.1471312 -148.6542466 290.0434812 R
439.9691076 -49.58485798 527.9962149 R
279.5132731 -20.92680622 -434.8823709 R
-377.2816417 61.46664055 329.2922729
185.492776 406.0189521 -136.9496086
-131.8952815 -119.858419 -57.10115155
-87.6167837 -449.6189534 -227.6769604
37.97327886 -354.3997915 534.1528761 R
189.1812789 -439.7944209 -161.3892797
-348.0895241 217.9446092 -258.5057586
-217.3544954 -196.3130849 -414.9145177
-524.4229552 503.4859523 -190.9236393
-151.3475506 -19.39085045 -73.77075715
-131.996194 -39.41999083 327.321369
-477.6796764 -184.3602382 161.6918124 R
393.1791363 -478.6614679 -234.9846929 R
303.3855938 338.5611348 -77.52655871
-155.677659 213.3319488 0.1444989228
499.6055433 56.47475264 252.4113002
333.0744375 220.427256 394.9573215
-206.1911575 -140.5195422 483.9957621
371.32011 33.93064776 306.3986604
301.8439609 69.30941744 -327.103563
-375.9092421 -210.8234905 346.5204393
325.5511193 433.8077184 -399.4053215 R
531.819621 389.573557 154.5553253 R
508.1218444 -448.0098144 -367.3566999
-4.762201478 -45.64135352 -445.9011299 R
239.3560419 -298.2942247 218.6975792
-394.2308391 393.1196113 423.4902256
-431.4327586 364.3979788 -76.46875094
-241.1309099 478.0572647 206.4022889
-42.38710452 457.3248192 -385.5036818 R
55.47198658 98.02077437 -129.7410327
-372.7232906 367.6593578 -17.63159189
208.6802605 -21.22464679 -93.65515323
-208.9992314 424.6330773 -358.4733472
225.4045603 -61.44230388 -80.65056492
308.4567668 343.1119372 -415.9445688 R
525.5626408 348.3389547 -313.3944141 R
437.7844456 164.0077845 165.6425044 R
-359.2838492 387.7436842 -123.8488161
-363.5294933 -297.0281945 507.8859914
485.2264537 -187.5600677 380.8686445
-228.318714 -325.381176 -16.73762571
449.8682114 -523.0968934 93.00321597
-284.0027695 529.4484233 255.3628294 R
141.7720054 401.9462098 -429.3443113
319.1860951 296.7079916 -454.4038872
-237.7794672 1.254825472 -445.7597408
183.1240581 318.0994701 -411.9832174
361.2116651 53.12120432 518.2339124
28.63980081 494.9116882 -506.0780186 R
-388.031166 281.8992113 250.0065868
-78.27756782 289.0760591 134.5450847 R
384.5675344 5.693269853 -234.7454717
-43.94329141 353.6801776 -458.7139039
375.6449217 35.40468805 487.6388063
31.39907324 -26.49942909 307.4014743
-259.5190952 520.5125249 408.1436027 R
225.6229155 -245.8272012 471.611987
-381.2544714 339.4084256 472.7142934
-278.9899712 -104.4548256 258.54996
-342.3189916 -355.8095441 -482.0192426
-179.4357861 62.09789966 -230.5640166
96.80083316 -435.5427657 340.3544988
-300.4550462 468.0288305 425.5749856 R
-178.4509469 306.6998628 242.6825388
-366.3991042 424.9550299 -275.7596598
-392.2112671 103.3757626 504.1462325 R
-422.8006842 176.9374985 172.8923114
-493.3814062 111.5376718 -222.4011757
10.97645827 405.7108608 94.65671585
-210.8396867 325.8557747 196.2748795
-62.9090924 -498.3412244 -185.127758
270.2780621 265.8680411 -459.7821095
-71.5968657 321.4097785 159.7925044
-65.80136554 356.7762417 139.5048166
172.0446361 -343.3629694 -416.5504586 R
74.89010127 99.13323635 -186.2148684
239.8453682 -393.2934603 95.29071711 R
470.9426943 -159.9602744 -179.5788812
7.706674985 115.8441808 -433.8691435
-47.62291404 -182.6606982 -271.9833322
130.665388 124.7489307 -468.6094945
-102.9909614 273.8504315 -416.7011651 R
95.72733678 517.6702972 -449.7037575 R
300.8483233 135.9091283 361.0159488
-549.2966799 313.9869623 485.1082312
305.8660439 -426.8957996 -185.6678381
-113.4930666 501.7342326 -465.2914905 R
25.24688505 -347.1935484 -183.1962409
-468.8459201 -224.0365255 -356.432315 R
-492.0991966 -197.5433399 140.8813063
-162.0863875 460.1014322 441.1587817
353.3218442 315.509089 239.8515674
50.10032236 382.1666696 -63.16066118
-117.5541952 -374.3510253 -10.11221487
-369.1993434 504.7149278 -431.9481968 R
259.8957208 141.965744 23.16203035
419.4547286 500.8628853 -152.5773206
-427.5748147 128.5783688 339.8244579
-422.0276878 154.9355669 -34.85527394
89.77328797 30.79199283 480.6515106
-152.8687016 320.176766 290.5543147
36.87651025 -498.7406407 429.5554957 R
92.76220242 168.854638 -68.4614694
-371.7485322 369.5498918 116.6066203
-16.81700369 96.45774707 462.5861745 R
-212.4528285 -284.0677347 -125.9025809
-297.7523246 -3.997682379 535.9872761 R
273.2571871 -297.9740542 225.4735064
-461.7901378 -458.8649088 73.22354603
-529.3964107 480.2913176 83.27571085
285.876828 518.6967438 486.94891
284.8639147 -377.9419104 328.225531
174.3623708 279.2566725 -342.3984131
381.7291655 -336.7979692 -184.6336142
-399.6040172 -470.5090494 121.9561001
-471.7734467 -197.6965924 373.6983992 R
200.231409 -303.7538653 484.2399177
320.2863811 188.2148732 -332.202348
-127.6640123 -27.05648621 250.593501
-314.6599294 72.62078616 183.6543581
369.5268701 237.0441024 439.087239
-449.701502 -4.345245171 -388.3658435
524.8059772 -108.1965845 152.0430088 R
365.5990715 300.4089404 113.2532101
-130.3143126 473.6207183 -55.42310538
476.3461238 172.7207416 -282.3262851
-381.1251265 -231.9835835 -97.80332491 R
-257.8607673 26.06694229 -214.641698
472.7834625 -403.7380559 384.8943283 R
-130.497234 548.0378952 -91.93847564 R
-426.1015679 355.1417247 -358.2652579
500.302954 -95.37828541 -230.1219879
-79.05930793 -1.144018835 -159.2318187
69.75106584 -103.5112982 -456.3659458 R
288.5768981 222.8393696 -8.123645348
118.6658449 225.4267877 -330.5505874
200.3099452 -231.8834359 228.9379263
-288.4859511 -364.1941311 146.6420876 R
76.84456505 166.3953463 82.77891024
274.2490764 467.7736546 7.419586668
-372.225611 436.5150695 260.0300579
-444.6526374 279.7996059 -151.0575435 R
-200.2277388 -69.46654563 291.6173246 R
191.9905113 387.1422514 -271.6600996 R
-440.3291689 124.530071 -95.90281455
34.01659023 168.1472724 -125.7044083
-506.2147348 -198.8821173 58.52076359 R
494.6779074 461.507815 -112.3555255
18.73442916 395.3831765 -216.3012048
233.9687729 -62.50832247 -238.0762578 R
479.3223719 -182.9234991 -419.0810603 R
412.2038077 -263.5789752 273.3894915 R
221.8278471 -487.439886 -3.084819843
230.4788624 -364.1371682 -2.391174722 R
-222.3030769 481.1674912 -353.5361063
152.5437389 -83.03740057 316.1668086 R
233.2103498 -19.23248869 91.10072904
80.1799916 324.9429014 338.2460163
418.0517279 -156.7279831 -123.8967692
-347.727552 154.9715171 64.63508383
380.4708416 29.60619955 -224.6833258
-259.5006505 157.7360569 -74.46149133
125.08695 447.798068 290.2749877
-352.3311675 467.1249811 127.6952304
-158.3954645 -495.5196921 -289.6798528
-170.4801257 115.8115856 -515.6475978
170.7431835 177.3055874 -491.1074627
-313.8782428 392.7534461 243.9412048
114.9144459 62.30652038 488.0101875
243.8841838 125.6728918 424.7754518
-95.70173615 476.5745003 -167.2040899
-293.7175908 -274.8651117 -499.7892957
-514.7811099 -252.3435466 46.08204759 R
360.5008949 524.5066914 -127.8655909 R
-409.7376325 24.28564587 444.2838545
134.4537931 232.7404321 307.9069538
197.5667778 19.22872492 103.3581037
-77.85754979 -153.9533758 -282.3596951
368.6346306 -326.0594202 435.3344741 R
-470.4292135 339.687113 424.8931468
-37.46871212 -308.163634 287.1884085
-383.0121891 461.6115258 310.5322464
269.9664598 -211.5796009 32.33819674
387.2479451 319.7368686 -294.1482384
-368.1733004 482.5556288 411.0286117
386.6657951 -408.8474643 386.0583747
-328.5543448 303.6602294 -184.8445231
197.8345521 58.48666427 236.8376074
347.390638 136.7073197 -284.5120536 R
348.8458999 544.2537892 495.4569211
-371.4764916 208.2439752 -517.3255163 R
-528.8886152 40.30560242 431.9927871
-247.9911136 -458.5168235 -123.3651956
-479.1321634 -432.8325394 -295.4830593 R
-43.14834281 181.3068173 -27.40206919
486.8284549 486.4486342 263.7220739 R
-50.87919849 -523.1435362 150.1126314
65.0945607 -76.58540152 374.7021886
227.6123299 -431.1606548 -296.5329846 R
-462.9411739 13.14740962 -197.7884806
298.0847944 470.8063516 379.8531722 R
-242.4529048 -213.3791988 456.1027405
135.0669071 -457.2350223 -102.3573334
150.6303688 499.5067174 -310.2558199 R
-348.6879307 54.60554866 -77.30941397
517.0106878 54.51612493 -255.2184558 R
137.6471376 -478.9299516 -185.6969736
274.2603432 -429.6468623 -380.5157866
294.7223827 113.9037755 -77.16061285
-440.2713711 350.422016 394.891042
515.0418756 103.461391 -197.1369566
-201.9753352 301.7337505 -429.039778
97.05402915 -427.2742339 -427.7306948 R
74.11059392 526.3751775 -114.1323678 R
277.2940602 544.4727088 -505.1391834
30.00895631 -168.7139506 -256.3562224
-203.7311283 401.5862532 -266.8652214
-472.0952948 179.2332407 286.167765
75.49140066 379.7788893 78.76489854
321.4559464 149.931378 -3.242998534
-423.270912 163.031393 -421.8460667
388.2340345 -96.71648154 -181.834867
-438.7670084 254.9102143 -222.6584055 R
208.1849873 421.8634675 195.980403 R
434.2865227 -28.59112431 -51.118642
466.707191 -140.6753645 434.5269593
198.6638175 -254.1584618 236.7076902
166.1249006 16.02882041 -418.7577039 R
-206.5634257 -215.7128318 -490.5724431
291.7889697 -242.7038101 167.0446653
101.7936709 273.157221 -418.4490881
76.5336236 33.53675636 -383.066951 R
-324.4839386 -13.73131798 -443.7079912
-23.96796445 -19.56780522 331.9070349
-62.81562837 -239.3561724 112.9533666
150.9098153 239.083623 321.1109727
-41.36225699 196.9282965 -467.9386329
324.0663214 -206.4176458 -124.6093464
-257.3237187 317.2170788 -169.4192666
181.1071511 -266.9560322 488.6944192
-122.5113783 -72.13675413 -350.8759902
-401.8168308 -545.9475107 -457.2676785
200.6569157 -142.648524 36.63315862
-189.6643984 380.5134702 -59.02757648
32.84991975 504.1593766 485.5595553
-96.354589 513.5297397 -82.00193832
-56.12281536 -139.9170981 139.7749478
507.1227119 510.2470171 -294.719892 R
141.1097364 296.3111884 489.6761107
58.80806227 -210.7950193 -408.2047807 R
541.7038403 463.6779341 -396.9419995 R
-235.0685812 447.8177979 -104.0527465
-125.0207706 316.5461188 357.3910439
-192.6002208 -290.6420597 278.4072641
-91.18612322 -4.090935856 102.6692279
309.8222479 -439.6415527 -402.1131166
-451.7359352 -333.7526629 522.5798683 R
23.76786083 -316.4707362 467.5044311
-506.5221438 339.4422854 298.9009231
-72.79045793 -310.0374106 447.8664597
-456.7755247 275.1057872 26.90722491
201.5809115 146.5238932 490.8450929
-396.332692 424.5803628 -194.6108694 R
-471.0035698 -49.38909911 87.44642741
-84.99544636 -386.523478 -391.6430419 R
26.1174257 -136.9976019 -117.7898302
-463.7490673 -26.00042289 230.5632584
-158.0680602 252.2984704 123.4207274
-344.4817147 83.16487455 431.1023467 R
-239.6191424 151.3690734 194.6538632
441.9438084 274.4334875 -172.2099709
455.061712 -188.6901596 -483.875925 R
-177.5068274 -26.30784509 -117.121234 R
-355.4623379 45.92570078 351.726364
-279.1318994 -76.73321124 -425.3225014
176.5689071 -358.8908755 5.787317511 R
10.10737163 106.8827033 316.9371389
-56.10794723 -521.317098 224.7934488
190.9677212 -430.824734 86.146466 R
150.972471 -193.5241299 -64.15948749
185.9022646 117.6189447 534.3291833
414.1806821 309.8596331 324.7200591
442.2006121 503.275762 390.8351382
-469.3029769 254.7101141 301.0948679
-101.8538713 -363.0394979 -487.2105748 R
-239.5006702 -345.0974201 -400.5448066 R
360.6323492 -364.2838005 -444.5088204
267.2744158 -71.72286674 -154.0138126
75.34455854 -30.90106427 24.15147958
0.1597279176 153.9661095 -307.1524594 R
-316.60348 144.5311959 6.432793115
-303.8616953 316.6897393 -162.510005
-344.6857479 -422.5048046 -243.60468 R
-35.0017081 -104.8270034 157.0687366
-18.94875811 -390.2068301 13.83080287 R
-399.2159453 -487.0183675 3.644325358
180.1389166 -432.4593173 -324.4079203 R
427.1509338 246.4663073 260.4485505
506.4426844 149.1549657 114.2827973 R
316.1562436 223.1750593 -475.2486228 R
-206.9625 522.6594733 -307.829152 R
-392.6431029 73.90995724 -199.1470453
-188.1666228 496.4334386 -50.93749556
286.1488309 241.830487 6.916058823
-266.356519 248.5033957 -489.4119155
-236.3560005 -71.54305606 432.9692483
-505.8522587 485.1224768 343.3424964 R
46.43336825 61.81228995 -470.2351787
421.5372308 -423.0558295 45.26380764 R
159.756193 277.7802122 459.6368125
-444.3113604 -352.5355581 82.43031367
332.5641651 416.6941081 74.32929459
54.22269849 -48.10310911 20.62643167
-219.5014713 475.1014019 -95.00713878
439.5820354 -225.0544581 -176.3078082
246.9686927 204.6309004 -481.8623125
-229.2694043 190.4167214 390.9527201 R
-193.5898678 108.8212639 371.2862869 R
-467.437011 -499.5497011 184.5037697
55.17710973 272.6891411 -349.3956474 R
-527.2227554 -362.6177873 -127.3656808 R
79.37272711 -14.854226 218.014839
490.8224713 -253.258785 -324.626858 R
-190.6663782 309.4177135 -2.776789368
-83.11617427 -36.08423213 -79.64160991
-24.26799155 506.4437723 -136.210032
-273.0021845 -127.7271977 -417.5544263
431.0079552 -138.4728507 -502.4931935 R
292.7353166 70.72961874 172.1249315
-390.1064999 499.4395219 -170.0469606 R
-8.697438795 144.1066558 -442.7652089
-4.360347361 -150.0969831 -279.8030089
183.9989862 -54.5022517 461.1463956 R
-329.9417597 -439.9281104 -14.70867244
371.6395603 -291.7927319 -342.8013208 R
411.9870577 481.6410121 -277.4779662 R
154.8307687 -360.8581502 -372.5921012 R
-452.0482253 -458.8331584 205.853653
284.0492755 -261.9680228 12.30543104
-12.69681651 5.79366846 1.445982273
-201.3121756 -169.2673848 -449.4742936
212.6586648 -101.8496617 -162.7814535
164.2226823 -0.3627299859 348.336047
306.4344467 -527.5560661 178.3530171
113.7983762 -205.254313 505.6735603
218.7013145 -73.94536821 -247.2210549 R
-281.4456479 114.6493527 287.7177903
390.8990548 443.9792589 151.3531114
11.34446873 -156.0883462 529.3191969 R
-162.6885775 -161.8080271 75.41034184
-45.12348669 -38.63250922 -362.9406613
-139.7809131 -532.3057082 489.7011974
-410.4831299 -423.997719 377.1162634
-257.5978628 -171.638523 540.0738374
-517.7611837 214.7553972 234.6386151
-0.3172860461 -458.3589378 137.0295075
-223.016752 -358.6794702 -542.1920616 R
-480.801798 -75.26156315 382.5938163
-50.55117518 48.66281126 -386.5797932
478.9661838 -282.1322367 328.1530289
-456.3610391 95.16565118 -268.8736274
-306.3186064 110.6310816 169.9401236
318.482471 134.4134996 114.5361961
269.3882332 163.1785071 236.0948508
289.9446704 139.12754 503.4294291
21.33857194 -515.7373293 79.71620251 R
56.30401045 -376.5234231 298.9155069
428.9791485 26.71769053 -454.0944075 R
466.4563687 50.69940823 397.4718706
112.5193856 430.0085602 314.6087738
-208.6224678 -342.3734299 -16.3105988
363.527668 268.1708372 190.3465139
461.5097738 118.4606105 -239.9481896
-22.53254792 405.8223361 467.8414819
-505.5444958 -22.71462582 -60.84593207
122.099051 -99.24196857 49.54439513
-210.6979668 -216.4696499 -126.4891319
-281.0299231 -464.6382789 -340.5619816 R
-299.0093985 -245.4159369 -198.0659368 R
-6.556557685 -449.4891784 421.9212186
88.49424444 -318.0106956 -279.2031244 R
-111.4059733 -91.77447902 -86.57020373
-547.7251309 76.79449412 43.47562248
-455.6499701 200.5857665 -238.1496028 R
142.1016558 500.4759876 169.5045626 R
443.4389382 -102.0283253 -245.5798691
99.90010701 370.3105866 -382.4386135
41.70042472 -34.05285149 323.7781124
-375.2105733 -406.2469954 -501.23312
-95.93697921 -233.8111726 -447.4747592 R
536.8114817 -368.7950091 -317.4311992 R
25.8992843 164.4598908 -152.9342567
-408.4950789 -380.045416 92.03456349
109.0410199 -338.9188193 -158.8873023
-59.62800954 -148.5762714 -282.6787612
77.99220611 -357.3475536 -397.2975826 R
-128.7296039 -357.0646516 13.83762313
409.0218789 -367.4558504 -46.65476211
387.3889252 452.8080641 437.2050543
149.0013816 -98.14649273 138.9785832
-395.715828 116.5403813 250.6954629
256.9135393 -35.65809624 464.0496233
509.2794884 373.0411441 198.5897782
-74.29319985 -134.1801344 27.56299676
-254.1791072 -28.2635178 -73.68032025
11.84326701 286.5702409 63.62288914
-387.9654076 -391.7302737 -406.0314104 R
-87.18455883 471.3807589 -56.31838292
366.168006 142.7663234 387.1368779
263.5469924 498.6148863 -522.8164158
-1.417699977 -313.3545627 425.6997545
495.5564578 279.3863756 16.60432898
-74.57664191 -8.038982277 1.710175963
-266.3918346 -96.02508878 366.4417083
326.4188678 470.1106012 227.7271077
215.0558024 -381.1491461 -193.6485969
0.6654132464 -400.8518792 519.5922617 R
262.9726707 469.9739504 -337.6182829 R
505.8549381 74.23416514 412.5307807
366.7698745 424.9258438 530.3503009 R
375.1788354 -388.5193921 129.0778532
98.28807155 94.80306274 140.8372915 R
-542.3959455 -511.0125006 -303.2011394 R
71.31521452 -147.5031931 378.3723983
-327.1198054 -266.1537292 179.8166742
-392.7514954 506.9319858 99.14708708
-194.2550001 -40.59897312 214.5645095
274.6758125 232.911913 71.67822646
165.0572937 476.1093388 -325.9162759 R
517.7769423 87.3797022 440.3007622
85.2478571 -234.491848 146.324059
-112.9807863 82.74644586 -17.57286826
-449.8387277 185.5320027 -368.5165757 R
-323.175917 -253.5821164 250.7668139
337.7439755 -101.952655 446.5592854
-106.1726884 -23.60128976 32.18493144
53.78829481 -284.7956602 459.26694
294.717762 -280.6513544 -369.5788058
-6.024086412 -236.1939691 200.2825645
-209.3832967 -90.86498007 480.7934352
139.0918235 138.9397177 -165.9946655
474.4363042 432.1246375 -156.9456737
-4.331384122 -2.896300329 198.6622238
295.1815256 356.3512673 -190.2844127
281.6435049 -329.9574743 528.3485062 R
-38.4539909 -455.3260243 226.4723407
255.1103746 -310.4181425 217.4546447
-169.0244901 422.6883943 183.6039736
266.7553402 -399.0054776 194.8280548
137.3925666 2.709991399 -49.34144783
-501.7113514 103.544553 183.2674051
492.7192188 75.24802523 327.1600081
270.9335776 -311.3422385 -304.4476408
429.7394464 388.8273868 -404.3569542
-434.1798594 501.596556 520.628794
-477.5258788 171.7735367 -43.06908571
-335.0759481 -447.2916774 -122.6721036 R
-13.60346997 212.475657 48.38006037
56.77018267 -19.68772451 130.8015053 R
198.0059663 19.05724397 224.1434046
281.8177154 508.4410076 275.1449992
406.1481202 134.653427 24.11275104
-347.5146179 304.1286242 421.0990291
-260.426971 242.8391748 205.5018479
370.8129743 -76.97856339 402.8059764
135.6804975 -330.3851326 -199.502983
-389.1719219 92.82792913 -443.2251624 R
-220.6714564 351.9808564 211.0912558
-409.2028755 326.8444831 479.5863051
-510.6899472 -217.3667283 -479.0856246 R
224.0255258 -300.5810165 -451.0603744 R
-459.2899428 -450.6377513 -119.445903 R
-0.1011406365 -198.5109868 303.1062062
-64.21466292 -93.88939723 137.9093471
-303.5740773 -278.4528312 -334.1171698
-345.6055789 -370.2793576 -511.4403147
-165.7191515 -246.9015563 -369.3187933 R
-217.6168091 -271.5037174 311.2099745
-367.468832 -458.1323492 102.3355327
352.7767728 -141.2824761 -143.4281341
-393.636031 -198.1286538 248.0174927 R
-506.7838541 12.73917593 501.9818419
368.1540308 149.957553 -477.3916284 R
-135.1477003 -482.7332857 -200.8833068
-28.80624264 -169.3551861 -334.6549276
126.2782939 -462.4199162 409.6848927
445.920515 322.1644478 70.4391485 R
-397.3571054 -392.9267287 -441.2858389 R
73.507614 -386.1487365 -221.1125893
-368.6918708 373.5766727 -146.531447
490.1584594 -200.3732674 -385.5494961 R
91.1497774 369.5561189 -277.7812127
511.4578142 -311.4765332 108.8139952
-243.0628708 307.795151 -338.8525591
-520.5927621 5.973693918 -419.184784
-210.312089 399.2717937 -440.4677298
486.3264424 253.9277097 387.5657754
328.9346811 293.1923363 -288.0872838
-299.9118426 293.7088167 -487.5706398 R
-281.4836011 -244.9114804 -276.7914224
-377.2608811 235.237919 -54.28718727 R
470.8471464 222.7112804 -10.75511152
-363.5949342 497.3413237 184.4458687
-230.3167193 -29.91050444 193.8676215
267.8563278 -501.5759325 -413.085488
377.2399006 290.1496417 -375.5563284 R
15.21529259 287.2453447 -456.4658313
125.6482817 368.7577292 -221.3677551
-488.6955837 -468.7548581 -387.8644087 R
324.9174547 -486.1665814 -393.1827397 R
399.1689483 -480.8406714 -514.6139431
167.2464533 -356.4234549 358.8945921
209.5754083 -468.1009869 258.4705241
-213.2724604 407.5987762 -196.5462552
-327.4032405 125.0099699 -37.72303185
465.2359065 -464.6905895 129.6868661
125.1341055 -1.910546388 -485.4584041 R
-319.7376075 -473.0113177 497.9721004
-544.5701559 143.1384876 482.478299
-189.404951 109.8425322 -296.2579108
-384.9241286 -207.4257776 -437.1550842
-321.2964013 -335.8638878 -170.2987502 R
260.5233952 -520.9637214 475.6714373
281.9572079 296.1062421 405.854938
-490.4103492 58.19127026 -319.8700996
-63.28943039 -469.3071149 404.4191132
-298.9740638 212.2423762 -4.686968823
310.9312899 -259.4663289 99.91315593
-243.1517693 116.4323377 -101.1553153
-509.2306505 -188.8382003 213.3345287
342.4665163 -239.2587664 -396.8638672 R
66.06291986 204.6531429 125.7832661
328.0421901 -311.4364794 -317.5111782
-517.2106292 -387.5695517 -233.5727624 R
-25.88663266 326.9698843 -223.9989189
411.4888626 -253.4749753 25.61031882
-486.4857561 30.56093667 35.64412945
87.74216587 485.5843617 -173.7672685 R
-43.76274224 -204.1104018 -487.5259231 R
-180.0628926 -526.5163264 -410.6550582
403.4129794 -127.0117495 -398.9673607 R
-15.23601215 320.0167564 -350.9174046
-11.87516784 -48.47764361 485.3862409
321.4477165 -278.0917846 171.9083176
-464.8608277 -347.1772414 -281.4651334 R
-114.6108775 -487.0586487 403.305143
136.8040495 -252.9850491 487.7016203
514.4882297 454.0957576 -485.1134233
293.6780817 -403.2612086 101.5758211 R
-325.3203839 488.9038607 268.4452972
-367.8989984 321.5406715 88.71960788
-179.4807747 -110.939371 -54.87210292
74.21180215 177.4839432 -125.7128445
262.1579893 222.5254642 -288.8708987 R
-124.4886922 -357.3717954 -475.3891485 R
532.6969691 98.874795 535.6469199 R
-354.8456118 431.7026266 115.2723203
-64.96758707 -116.821256 401.0556238
-159.4790339 -410.6277853 -189.7478569
198.2194433 303.9205158 -157.4838707
220.7055968 233.554797 -425.522192
137.7386674 -380.4078047 432.1718379
-242.2783093 -278.4748415 117.2392611
156.5277684 500.7072639 136.7313459 R
166.1929448 -323.6678684 197.875059
-419.5977319 155.8452854 258.3480653
-146.3905285 174.8199591 -383.999441
337.7544462 -237.7018907 -241.7271449
-226.3434279 174.6544704 -326.6626804
-322.6527703 238.6754114 262.6643232
415.465476 -283.9114145 160.0929681
345.0297027 242.7431641 461.2760016
-315.321727 -299.0680175 1.858224093
342.2371452 -384.2110326 -15.1609689
-78.10312724 449.6571227 -450.6814843 R
-292.4644395 -385.1956433 -225.0139858 R
347.1096543 -407.4196409 276.3060666
-340.5714752 245.766177 5.993320857
219.1217526 -418.6316912 381.7475333
449.621174 -410.7476728 -34.9354328 R
-361.3714111 411.5016809 332.274366
65.86147235 154.3105412 67.56780933
-265.3627522 267.8909438 -305.8880363
374.5748599 -217.3517068 -144.9402469
-466.0918776 -243.1517659 334.5800822 R
-364.3797512 -189.7200901 111.275064 R
131.9430754 -160.3067056 -167.9782773
-169.681673 104.1106362 -548.2993997
-375.3791744 192.4285007 185.9329999
223.1324238 78.72943094 402.9748082
-391.5372631 413.7070865 -352.9013964
281.3498765 -290.0527358 -5.997931304
505.0256918 -452.6686285 342.0425425 R
324.1630145 32.03162 -373.3257163 R
475.2720358 96.13420378 460.6834598
-409.2875269 373.2639493 -395.4659814
470.657211 140.6430144 -220.3745929
-304.7972123 365.1900597 -487.1319858
144.4101384 -75.74690451 -409.219217 R
218.9591819 52.86398822 -361.6150672
-71.18866619 22.12908676 -339.8776324
-484.0932128 303.8320347 -121.0145173 R
289.6594854 415.453739 -475.18142
61.54083455 -292.9591388 -121.4640143
253.8748223 203.9020338 -208.8272479 R
381.6430887 -295.6719905 264.7351272 R
-535.4545459 -7.203221402 -277.0614625
359.4623941 -155.3123309 279.7642397
155.7946061 198.9656215 527.6963738
-376.4115724 225.2474665 450.6049707
-194.1386067 -246.9037234 -113.3370933
-171.2451293 100.9250107 -21.4321839
75.62192261 365.8581402 -95.31898912
96.34071223 -243.4761086 341.2149223
384.0177316 -131.9171763 160.3063612
-120.9078288 -74.8159475 364.5163815
485.0531901 301.7033416 161.3127334
35.47057181 17.85468276 111.7528952
348.6358365 -446.3671127 36.31928155 R
338.0297628 -36.78900147 14.42912886
-222.2963316 -501.8231171 91.39974618
327.6770907 -204.3431705 -70.15934893
197.457087 372.305579 24.51920885
84.20277696 262.9114729 -477.9401351 R
-308.070505 -231.0767283 -254.6547084
-365.231109 402.1015741 -33.78145327
174.922729 289.6294295 -494.9516919
-218.185903 -204.2674984 494.7980066
-395.276583 -387.1087306 -104.6705439 R
-55.02936603 -166.8581895 -228.3555204
322.7261552 110.2529043 -237.1152949
442.4182478 -459.4003746 441.7574598
305.8003344 158.9596993 -222.9089934
527.5035794 492.2463834 -471.2582847 R
526.5856252 260.0747313 -469.0326548 R
-115.9255903 316.9296 498.3080373
311.2246656 306.1395313 117.5325805
331.6497976 118.7378794 -344.4322514 R
52.36356748 349.9987612 266.1323327
358.5314503 -236.4589697 416.0569622 R
-451.0595508 -304.1177486 77.81129625
-221.457399 313.6629525 169.5886122
-59.5943266 135.2613078 -357.3955949
65.74188525 196.5866843 26.10174468
141.4065127 423.4430372 44.10660436 R
-20.23786048 -469.8168105 -129.6742515 R
250.4962259 -175.9798087 -28.72172572
213.1916262 394.0070127 77.24362262
-516.5907106 182.8260903 38.52815964 R
114.0141599 416.6765884 358.9075606
525.047 -502.3893362 427.9422643
-349.2720643 86.84729181 251.4567547
-498.0950654 -58.04469956 87.96869588
-544.4887695 171.5239668 -54.83687129
-395.4379313 257.8869759 -286.2300697
-501.7486168 -190.8174867 -194.6663757
543.2103101 -179.8489809 -53.18114851
430.9747931 366.1056898 -277.0542356
-361.1523513 -79.17419375 -170.8833379
55.93242694 389.984458 -421.0600406
-444.4338176 -81.17707247 216.6836038
-178.3834965 -430.3712456 -476.903067 R
-353.4500107 111.5142564 -84.70981142
490.9508711 -215.9844872 214.812492
-402.909507 -323.5037243 -205.4129856 R
141.0503707 -346.514615 -192.7908614
-175.9372323 -263.5002648 140.5695953
237.720803 477.7371016 -138.6017039
241.195387 219.5449061 -506.9743796
-1.974858191 205.5937725 -237.6948722
386.6588466 99.80034022 518.2366761 R
252.6013043 26.49725106 -445.930107
61.77158887 212.3065963 332.8672528 R
-342.5954166 38.5207206 236.7482683
-376.3584962 -297.8450438 325.0630461
-204.9313433 -56.39035084 7.065697867
-194.1674071 159.4065514 510.307777 R
305.1300783 132.5095371 -27.82285933
355.7694248 287.0903708 351.1688802
169.1343477 -133.6124922 392.2120452
-388.7597596 -379.3473952 -76.9595061 R
-323.2726384 -244.0892781 317.4871544
-235.8732796 155.454639 -355.0323449
-74.35562607 67.52589179 143.598562
-311.5300467 -475.0857082 484.6133794
484.6544479 90.57002883 311.4108544
-155.7286558 -34.89531813 -439.6249852
-447.4278603 -289.5658499 478.8769413
-329.6408926 -112.6687171 516.5051964
-25.80452334 211.9858356 -99.67213923
-470.5320778 253.9483755 209.2738101
318.7623401 121.5135552 -15.13132307
-390.1804773 -75.45657574 123.6644739
-430.6924889 -337.1986409 -452.4079137
258.2950963 -53.67110653 -107.621517
-59.63964668 212.7635718 130.7988385 R
-448.129985 -268.8832599 -188.4940667 R
-203.5406953 479.2638581 94.36389586
217.9851732 -56.9743227 180.9146219
309.021797 215.0670119 -279.6052162
-293.5927869 -414.2142607 365.6649959
-70.9540867 -186.8207297 -494.6635268 R
-326.3936357 -328.4636528 -348.2609137
20.14474632 -26.25007269 -462.4383302 R
-466.4896359 -186.0216202 256.3295563
88.76753138 310.5446482 -213.8299165
-277.7673516 -428.184052 270.589688
-314.4347378 -377.2843992 318.6951967 R
217.6998029 -374.7249299 72.23457659
-60.7762271 34.09832027 277.2775122
-197.5685312 -114.501514 -100.7844418
-509.87684 -523.9844652 484.7598858 R
320.9650671 161.498983 -510.6602634 R
369.9514855 -192.424742 491.980081
-26.56340613 -353.5442893 -437.531211 R
447.3414419 -234.9736476 309.1477167
184.4871309 -247.6815021 -386.6867286 R
499.4410459 108.2832755 464.283541
-181.3332964 -202.3930909 -484.3518672 R
-259.8489292 -458.1902729 503.2740142
-458.5112231 -468.0434414 14.41188625
-442.9541626 409.8193869 -375.0347119
5.421607377 85.01832717 -134.962644
-215.4096295 394.3493043 392.012651
-337.1773745 -467.6625907 218.5457602
-257.7247528 -16.81771488 320.8814127
150.7460916 -101.1036919 353.0178036
484.8276977 379.3033834 -168.8953489
36.853824 -384.2906999 -371.6158611 R
15.22041509 -393.772662 -419.9144648 R
-118.9363787 325.8902074 4.79778767
519.8001707 -339.5150516 25.97648779 R
-2.9095565 -266.439062 -395.8548294 R
-85.70632811 -189.7464565 152.8330186
-211.1652708 24.41917878 -443.083251
483.7726104 -471.9220252 -540.8792122 R
23.99927907 48.5729066 344.0965628
535.1770629 -150.8469493 377.6843089
-154.7631156 361.9605522 120.3033422
385.0218016 -470.8854878 72.31164795 R
192.9830362 21.57508937 95.11832628
444.3460733 303.368862 209.6421873
387.3869414 11.54538824 -194.4777683
-177.3562549 -251.6361976 -14.30890291 R
380.4006855 197.3704443 194.1383293
-147.7307382 -306.3811876 281.4960043
362.244009 72.62093049 365.3325275
-530.4465372 -471.7986241 250.2389807 R
144.7572068 -129.4539958 73.53773989
459.0435715 343.0141872 -401.04109
57.14680112 -433.8073748 34.88663885 R
-470.231389 -261.5258355 188.5485989
433.0604086 530.1125336 112.6642172 R
237.7291044 -467.5152426 423.5948996
-264.2689246 64.93993302 -92.84307884
-328.6366651 354.7378588 -52.74056307
-0.326107279 -427.5887216 -435.8756159 R
-423.9276777 -114.9254965 189.9067144 R
-322.3382302 30.22528006 498.758089 R
-250.453303 165.19949 124.6961297
-479.6309167 393.4486804 -521.734142 R
258.7373596 -221.4239633 482.1096364
107.646117 -358.7933499 -22.33193139
105.4006774 408.9200854 247.9516039 R
-293.471058 204.5827452 188.7515308
116.969741 -356.7895397 -129.3863844
-428.2615527 -495.8513359 36.65155247
-481.5981616 -526.2460138 37.22135556 R
113.7401117 312.3951103 -212.4459803
-466.00897 481.3857706 264.6311654
347.3347151 145.2609191 -42.95210692
423.9450947 276.0737502 -277.1541251
-102.5591719 32.86375815 -182.5502865 R
146.757213 -164.1043835 -52.69949454
-423.9183994 154.7930509 35.20545483 R
141.2159608 -144.2327234 -103.4620721
-238.9115534 477.8383497 181.087793 R
-451.5429037 -372.4582299 -192.1450611 R
299.6072466 322.6782376 217.8540547
72.18139924 -12.6528643 343.937638
-362.0504428 -49.54280222 160.2186692
-241.7295769 114.052773 -82.69372767
98.01894756 -212.9650655 154.6050486
486.3066391 457.6124045 -221.0020997 R
418.0681961 167.034055 421.6302696
-34.92343365 5.380532896 246.8008617
-502.6032668 278.4148371 -387.1191652
-470.1486503 -112.0958682 -215.6087943
42.95500845 -443.796176 394.4035471
444.8072178 -414.4705032 -270.4171219 R
-211.5658957 343.5521715 468.9440465 R
334.1528669 -530.7068346 380.4858336 R
246.1839092 481.6198849 68.13987099
11.66345259 -459.8202041 -258.0774943 R
74.95758822 -276.2631657 -146.2721303
177.8698722 -5.706290296 330.7777098
192.5158229 -261.2990657 -249.2276613
324.9651461 297.9443977 392.4257279
-99.74525403 140.2773561 153.9512674
469.9880774 -103.0090851 63.23893832
-221.6281249 -189.3745271 267.4729628
72.60053139 -83.49140876 -185.8659522
-124.4602156 -196.8270024 -172.839424
323.5177521 -429.5869423 65.18002073 R
-445.5283475 -48.56195135 -210.7101944
474.3939601 198.5758558 114.644396 R
-362.6367858 391.2912212 -309.6063492
-463.6792705 -77.5602829 -129.0711586
273.4343851 -484.1697572 465.281426
-245.6092292 520.0531814 90.36955146 R
-197.5692157 235.7798761 -111.2119391
-441.1584835 282.1850042 -397.1834378 R
310.295488 -97.24361249 210.8287437 R
-477.7239052 60.75149225 -147.8774943
-295.2475121 -120.8928928 206.2243643
-126.7409837 32.74423781 327.9329564 R
244.848874 -477.2934819 -321.7926799 R
-30.52281428 5.180448537 -373.7675913
147.947997 -235.0342637 210.4119778
-251.4353598 -452.801802 -104.1952139
-517.8024279 12.42192882 244.4729465 R
-450.4567418 518.2503352 285.7699332
-291.6684521 -363.032248 -257.0335422
165.7050162 445.8129248 359.737676
373.0312668 -112.7110016 151.1633945
27.74979471 322.214017 127.1066069
54.64661454 159.0312495 227.4118227
316.5534041 276.2828313 241.1710795
-460.8659948 -75.15223296 359.3209474
1.128850796 90.10397354 -80.03791558 R
-354.7473571 415.3882788 -388.6351442
-171.1938374 -67.14002645 -30.2778467
-287.8179633 -376.7187237 -170.0130003 R
83.92157364 147.2242818 -504.8976635
118.5352544 -211.1233639 369.3443892
367.6276284 323.6018503 -145.6905532
465.2091448 108.0326887 -304.8090071 R
306.4942051 -465.6073734 431.8611094
192.7037383 394.7805528 5.26525989
526.4814766 -292.7286738 -295.2027054 R
385.1413816 59.19415485 28.68667151
-484.7488052 -350.3190991 125.9128484
172.813337 194.8122699 -547.1442976
337.692318 -275.2036467 -174.8829652
-531.138399 -397.1820669 240.5873766 R
-372.3395296 479.1768486 -249.0892975
-95.73153642 294.255657 3.083824517
-191.5036032 -117.0207594 -284.6331928
338.0959795 -39.83918898 154.8988224 R
-398.4197345 65.29743067 218.3238786
153.23654 458.7430953 470.5312158 R
-286.8128122 334.7136611 326.7929276
250.7251704 -146.1350924 43.4481211
-463.6085906 -525.2546258 -16.15575093 R
-26.8945537 -3.299498494 -174.599761
-404.8923959 94.38464142 -373.0995729
177.8492055 -110.3548663 -248.4204089 R
215.9790499 454.7508284 -457.6480818
518.5670839 186.7477165 247.3860956
-38.95747908 -214.5114948 341.2523965
-283.0863549 -297.4231073 489.841564
-30.23010198 407.0203714 188.9572291
-414.0612285 313.555153 391.9827165
432.0345531 173.6194586 -211.2522271
396.7515687 395.2362862 -225.3535997 R
-363.2966676 401.5272929 -251.8058366
207.1621316 -333.7493693 417.1997654
55.81531859 382.8678779 -351.0992613
334.1427735 317.9752688 382.8920419
-389.56994 305.3914271 318.3619213
-26.64693684 -517.0106661 -45.0303024 R
363.4399333 206.2912137 86.45359418 R
-166.1410916 -30.31914931 83.94452614 R
-13.00918113 92.8292843 106.0289094 R
-112.5030708 144.96881 -302.7010699
-279.5209697 235.4517128 524.6043179
-377.4475645 183.2057764 -192.9600556
-330.039454 -114.6984172 512.1494912
-507.705511 345.9916681 -232.6191163
-314.1154287 -186.498953 -401.016729
-22.5282706 285.391055 419.9038854
260.3563337 -510.1653541 441.338705
-57.85476433 386.9708814 425.4477804 R
-184.4664262 383.5821596 -351.4855316
381.5655446 -115.874457 431.5531347
-470.6725505 -83.57393833 -54.46210879
-487.8528298 509.8850311 40.23106439
-394.6151832 -396.4524726 -98.55418758 R
491.938645 -477.5321555 444.91194
-102.279114 41.64610283 361.3687402 R
31.3512595 219.9526059 61.31978832
-464.7616127 457.7861315 -35.41457098 R
-393.7304377 -336.3490839 -394.3896516
-197.8503509 -115.0664575 438.5304656
-4.266051633 320.1322607 118.3149721
-225.7266573 -339.542284 43.5564066
223.593446 447.8629489 -133.2395732
384.3844413 183.2232897 -387.039343 R
132.2962284 -467.0864988 -109.6733322
521.447086 435.1459596 286.7520643 R
405.6673901 -504.1172754 109.8490907
-201.9514543 -23.19352668 357.3193141
243.2680335 18.46410917 504.3888197
209.8355202 497.1734022 111.5986687 R
480.0505545 97.45510329 28.11507001
-183.7655243 -379.3333262 -451.9830546 R
-449.9782657 -414.997204 356.7320721
154.0091362 446.1839795 235.2607761 R
-250.707776 -448.5099324 157.8296586
-430.6670963 -91.48814739 100.6853539
536.2173299 -151.5696566 75.3225888
130.6596324 -404.615524 -393.6335642 R
-40.99091493 -179.9438327 -445.2532052 R
-108.0442437 413.0612805 136.3690388
-97.43125669 481.5430235 93.04254465 R
-43.40340941 47.74255961 -333.6035034
-85.82067291 -483.9726383 432.1862096
223.3256145 271.3131882 -24.8206553
-521.8057708 -431.6485389 -435.4393529 R
180.4996998 -151.8682179 -0.4642898419
-288.1717133 213.1866293 429.9701724 R
292.5303317 -526.6224839 320.984621 R
448.7178909 0.7249301535 -137.2868556
345.2294043 163.6364705 -50.294588
-203.3272527 -86.99403347 172.3639352
-107.9515368 -235.1693165 -501.3130369 R
-206.8134188 -270.5126299 224.744165 R
-90.93602589 260.573353 -410.6443748 R
-382.6315905 -17.85241684 499.1672792
-464.3433592 -128.5370176 -269.2000053
535.5202337 375.5051956 -282.6740002 R
129.5949753 506.4347506 54.37905198 R
-21.06488835 -496.8169284 106.5397728
-378.210811 139.2241195 -404.9762214
280.9848367 495.186387 162.8412876
423.8978358 -464.1093374 -504.1909038
-522.7906254 -206.6080215 -108.4224511 R
366.6349349 527.3229182 -273.6652363
-197.5237895 -235.1317567 -167.5207734
307.9502694 -67.10484516 -43.36012559
-112.9305385 457.598936 21.14151799 R
239.4849313 489.3549016 -170.8591326
-379.1687053 -100.0288911 271.9426409 R
240.9731694 -26.96132249 71.95912492
22.1245048 361.4221079 -155.2782624
385.3558602 388.2363398 -181.3597634
-74.84464837 105.4992901 -174.942352
-300.2615073 380.0920908 -310.1394964 R
-197.1661308 -455.493344 248.2679271
-445.2613342 -205.1460014 117.6475591 R
-291.1921742 313.2119455 214.9117035
465.5642059 371.9663554 -385.4167254
-350.9507305 -227.4808862 -89.88920813 R
201.8559429 204.990611 -28.39459303
37.58424125 392.9225802 216.311908
-398.2992098 -195.1908273 -77.29581332 R
87.21644573 -371.6907803 -148.4004917
-260.9944633 -324.6573138 -30.57068576
-320.1412622 392.8621375 187.6595928
220.3593336 -316.4672784 -338.7108015
379.0128188 74.41046769 47.73083665
354.8734788 223.0898406 -166.8669637
-367.2927087 -429.4105428 -145.5738342 R
-128.4066081 -185.4697666 429.9174365
-446.4159467 -259.5145472 386.7418371
-538.2136339 -359.7822886 -425.4316731 R
424.8863921 -514.8918811 285.033957
344.6605113 474.5116522 -215.1117067
-302.3688648 29.60999528 431.2562712 R
-312.8794413 509.3102825 -142.127729
476.2506053 173.7760387 387.4060243
20.65703728 64.18318421 -435.3559424
-349.9219396 -359.0438832 147.2152951 R
517.5424432 -253.0669672 17.8433595 R
246.9490497 408.99678 -133.2079095
-337.0518089 -215.5787509 -2.899259752
-68.2823354 519.0675069 -50.08443363
268.327357 -351.7062635 504.6379479
-132.5942679 -191.0971327 432.7310046
470.6873941 312.9809455 249.6677151
350.7111966 -139.3160653 -121.7754277
-288.9288799 -222.5987443 -167.8977205 R
-34.77672542 -151.8821609 103.7863442
-102.3917299 488.1111963 -54.51319016
-335.7373724 -503.5508332 360.1631868
90.92927701 -107.5991576 -364.2595233 R
-59.68033478 -164.7708887 471.8132758
-53.22112313 298.9889376 -6.705566736
180.8171903 382.3241298 -37.54573271
531.7149788 -266.7552909 130.4474498
-125.6583125 230.0993164 -63.26587228
440.4296236 -149.4731497 -301.1139137 R
237.7857489 -324.7242352 -329.4361281
286.0204544 99.75660022 -526.5733808 R
-224.9099055 365.5879131 -363.8042748
-164.3058481 -343.5981255 150.7773647
270.1567841 257.5804693 -446.7637763
-24.70767999 -101.4211365 -441.0877356 R
-526.5075545 50.04523534 -135.331742 R
226.3977866 -456.9120455 -205.0547537
-5.523350891 -229.9404663 -269.6711386
135.9009737 358.8340165 -441.9581179
-97.1957529 284.9683484 -240.9411787
518.101784 -16.27801976 407.7018567
166.7994944 -255.7737887 387.2728671
210.9445749 -224.1954734 252.9556378
29.1242374 -327.1608727 163.0913255
84.75903788 119.2080922 452.0960792
-359.2415967 -484.8186536 34.01936384
-511.1210674 202.6346383 -374.9869121
125.0278455 458.8529961 -521.7136359 R
-324.8604455 -421.7346864 -505.945824 R
76.69899935 101.1094325 457.79388
285.4171485 72.54246879 -38.79567699
388.7010627 80.02943434 -189.912161
481.8964659 -111.256591 147.7719356
-212.8511666 424.0065795 192.9025159
92.17162716 365.996777 462.8372452 R
-3.921268782 549.0957004 497.2177321
361.7551077 -450.2579862 -353.9827094 R
366.1588218 -6.741137369 -187.5609825
-281.9091941 220.0271669 -430.6455599
-417.254844 -271.7848097 -413.2186309
142.3449985 -386.1626023 -281.8429619
192.9401993 -476.2866869 -416.3445436
-226.3409498 -167.2935888 131.0309289
131.6195254 -209.1053446 255.5665192 R
-292.8791647 146.200473 -136.2678553
130.438249 -251.1381412 487.6548375
-435.2089611 308.9927085 361.3950434
516.9568052 -130.3961821 -245.7719988
515.5129735 132.9036875 463.1359506 R
-412.3165413 205.8488784 -359.185362 R
-335.2170209 475.3470011 -256.448553
99.77975953 -83.19451708 -114.2757775
478.8001402 -243.7092716 -91.69686395 R
-81.70344618 233.1552253 -44.36665689
-291.3706297 366.6816855 -20.75381007
-78.0122353 238.3874598 432.5959169
479.8309856 -417.2008112 93.41288203
431.1138989 -414.3371006 -405.1962713
465.6931496 -460.8322088 -134.8995718 R
-48.30794678 -152.4457781 321.9499059
397.2431248 371.2814033 -249.0841667 R
-353.0826851 98.53796968 -155.6775532
474.7453891 -112.3119179 -112.0722026
-344.2572918 55.50694037 186.8215943
-109.5944186 539.1104711 441.4990305 R
51.66626316 205.9309361 -287.3940075 R
322.1180689 424.792714 -505.1672872 R
-502.0729754 50.12223091 55.44365181
-273.6403016 -184.7435959 342.5779235
222.4329593 -300.1370542 -423.6232008 R
437.5626579 434.3025662 -357.4677338 R
-325.2790699 480.0033314 -478.6548824 R
-385.9420932 123.3988057 60.63111656
-428.26713 -214.0220353 -498.9669494
-156.1450589 277.4799642 368.8463346
-174.3574638 -448.4867988 -17.48432104
238.5955141 -494.9669237 -329.7388612 R
-411.6699907 110.1579055 228.1880332
144.5480835 536.8204326 479.8066164 R
219.9411921 -63.27938311 -209.0044879 R
-433.3573347 49.18111726 -331.7992163
-151.5240108 492.8286413 351.3767057
-403.6472009 14.28765773 97.77627042 R
357.7328733 -314.0173901 316.2996118
78.66015957 -378.6252333 262.1082044
-476.2558014 -419.9394815 472.5904253
-262.0313012 277.037447 66.93782706
475.6882119 -341.0644552 -496.529429 R
412.6866924 -9.80681995 367.7174846
-144.5516558 -131.7039187 -57.06582656
-184.8931846 335.1779566 35.88035118
431.6293369 377.8941067 239.2772961
425.1678735 475.0105963 -409.8230806
-233.76575 -402.1264072 -135.3113622
96.50771369 -505.9891093 -168.1817295
152.9333224 41.83730218 -500.0349825 R
-462.806442 460.2599893 -530.3110134 R
-398.3705347 -451.4017261 122.4222006
-411.0563466 -428.4169814 -25.57048725 R
117.2485046 -441.9343265 -439.8451681 R
-371.9771988 -271.9504936 -428.2095468
77.91853235 32.92921637 -297.2668098 R
-412.4087611 -181.8779447 -516.0642822
49.7786752 461.029592 -24.45484015 R
71.98978454 218.8370407 -532.2725717
458.4049979 145.6155511 -334.555639 R
368.0149546 -345.5362854 -299.4487014
375.8166411 171.283795 113.3155448
-179.7052396 380.2497624 -286.6622368
-200.14991 -81.90906796 -57.41403462
-308.550783 362.8101059 -383.6373034
323.4160472 -289.7431743 146.9329493
-184.7475054 493.5893478 47.94503001 R
399.3369661 84.98041149 463.4142415
419.9711165 -390.2076246 -383.1302987
101.1008615 218.3336043 482.3112609 R
479.6014813 426.4165384 -227.0024635 R
-286.75902 26.29150812 -469.6347914
-11.92377775 -178.0041024 325.2883889
-321.8250619 291.6983798 -508.0613371 R
-511.1150891 221.0762955 122.936035 R
-488.4936463 461.7976965 436.3393779
-345.614603 -293.7995943 139.9063023
-517.3450183 -420.1693098 -272.9127152 R
-422.8694216 492.7854735 446.8197137
-235.4143786 270.0213642 287.7099902 R
-254.9824737 -415.9820869 24.43835183
-439.3695591 401.1597786 74.52553825
432.5166445 471.9711763 63.86256876
30.18329569 -37.04658668 -15.44439916
-360.09552 521.1878784 48.15383794 R
-479.4591383 -500.4319677 -470.5557873 R
411.4066454 -498.6629797 -326.9164085
319.483046 501.7841966 -416.7326874
-379.4024156 -434.145328 508.5619634
433.2013359 -479.975267 -46.66123689 R
-339.5014916 442.2214441 -316.7483347
494.0882059 423.617816 -443.7829912
-138.1533605 116.9385861 -282.3764466
295.1203051 -212.9601091 -167.4928137
170.0477 51.25762 -119.5568849
43.40774186 368.4448268 28.61090982
493.6423398 -71.31830687 -522.0139739 R
-437.5240201 -4.332049182 445.863225
28.84760289 303.4278054 50.91347358
-364.9553712 392.0269145 352.1436702
478.4862311 31.72788971 -150.2272073
243.3178585 -453.7773031 -168.6340704
-81.88239424 -136.2850462 252.0286708
-239.4044791 -2.003620359 -156.7318371
131.2801772 -359.500917 -82.21467852
485.7233704 -109.7531959 -95.0309211
-47.10844458 -357.04911 -16.07620971
287.3494595 -190.7706971 277.5660312
-270.3227956 -188.040233 -91.06525346
-225.5122529 114.4600244 -179.9466847
125.2400332 -70.63897233 -86.7165767
77.75855118 127.1291798 76.40392334
-14.95900996 -195.8463748 -68.04388256
-38.42517704 218.8792989 -145.555217
474.601999 -355.596715 481.9937974
513.2646016 355.8580333 442.8559844 R
202.0354583 -52.66383613 324.1656092
-30.4948072 -189.762433 -190.0471275
-16.66168878 473.0255287 489.3437418
92.13889315 -511.1502536 -477.8004835 R
-493.0835885 10.72782808 -300.0502425
-394.4122024 117.0336708 361.2285104
469.03339 91.7138021 -301.4044443 R
297.2686425 -297.6644462 -245.6181633
-289.7053105 401.779799 494.4032512 R
-459.6310902 40.38397092 443.8834819
10.66396393 -222.9199421 -445.6018873 R
496.5168246 403.8763036 -439.2365184
417.1586037 -273.471992 -11.54842451
-527.8522681 135.6402336 -224.4664554
-235.9490788 335.856805 213.0334621
97.64383591 49.07031604 220.4348163
-139.5089301 -86.16068114 212.3024222
52.4747452 401.3176047 182.6189872
-93.70015382 -271.3241185 467.3163033
337.8676688 -414.6642397 -153.1511235
374.7302499 44.84407405 -166.5176021
-259.2703479 131.3125861 125.693329
450.1926249 -282.9933436 -13.58714946
-516.8931315 423.0479454 493.6632155
410.9425967 280.828714 -399.930622 R
40.76879688 -79.22139994 -481.3293947 R
129.7205768 422.6471968 -214.2277223
187.4073775 474.4704159 226.2057512 R
-40.84576529 394.3828485 -131.9262701 R
325.5282116 -39.74320524 -176.1973487
-252.805831 -244.0469 278.7465165
-484.8701803 -327.9672537 359.9353028
509.4596668 -69.5147732 147.6078303
97.0450516 -158.7804913 5.830986147
-191.2474075 247.3949406 -182.8964663
25.79541604 345.7022365 10.8495345
-5.262271545 268.5518574 -134.521957
96.39206871 211.1502533 376.2762566
-362.3216859 -346.5417661 489.4003325
329.7941398 436.2547401 -440.2682215
-516.5935051 464.296008 53.6423997
-479.5087869 283.2970297 298.1790372
477.926643 363.748502 163.5680648
207.0196665 -380.5104461 467.4300744
411.8835017 285.5486158 -229.0147969
374.8671923 -420.1815947 323.6296229 R
390.6942576 -397.9651306 -333.494615
253.6051644 -474.4416485 -307.1011631 R
-75.5021091 -32.72802857 -372.0086316
73.50389889 512.9800911 285.9005592 R
146.0390983 424.4875681 166.1503141
-358.8893108 -26.40076234 -208.239719
501.4131796 458.8537562 -186.341966
-357.3411187 -463.8481245 356.4731755
491.0921317 -158.7550046 449.9978106
346.8006961 -93.22657573 -374.4174378 R
-137.6809361 -155.4326416 141.1631212
53.078971 -236.133803 -23.58279054
-413.2368349 -506.501596 -274.2263039 R
96.43952652 20.58230291 247.0087785
-53.33498992 339.9453692 -213.9080914
285.3934497 -208.9484098 -167.6586466
-385.1487084 -61.5534195 454.6681203
-142.9494916 -545.4640716 -203.2907917
-342.5326049 -376.7382421 245.4698499
-185.5052895 -112.1624547 -275.9202219
403.4313645 1.329910847 -204.187729
168.7183941 59.16832534 -272.6904696
-358.1744853 -289.6081491 198.656009
-223.9224384 428.3063996 193.4322134
-200.4289189 468.4932073 472.6801367
-441.830887 499.0286538 -337.1500611 R
-24.25680315 -71.99260129 517.8053603
82.08164181 305.5444047 358.4458771
-273.9380938 175.7403529 457.7759194
323.641347 491.1829614 56.40145369
380.5697118 55.41241643 457.0694462
-127.471712 47.28885461 52.67591254
-445.2522983 -210.1230273 208.6786456
341.0371599 449.0927244 86.23738737 R
68.08518258 -376.6305125 158.0177525 R
-227.4069637 527.907207 -205.5195992 R
54.68324742 276.8310135 183.505164
-399.4516962 150.830634 -348.5988306
-170.2336717 372.3782421 -481.8266725
351.0538451 249.3853091 -31.40037348
169.0234663 -172.0685602 -389.5983688 R
-55.92277916 -179.7433276 -95.65676991
439.9138855 336.8962066 71.37277565 R
115.4905981 408.4880336 -258.9852596
226.1622903 -9.640319036 -443.3251857 R
-284.6236116 116.2574147 -364.6336226
-181.5700786 108.9224323 1.609777324
-179.4185962 -0.08523935842 -148.5687365
-102.4700149 70.16153028 26.39222431
-244.1558209 -343.6373285 416.919976
-353.6360065 -229.061202 -464.3791596
-374.8833234 -306.7422793 -170.4376576 R
-283.9892333 -425.7572366 49.70513594
189.450673 -192.083889 -334.3944709 R
59.49388434 -466.0395055 -98.5997915
240.323883 212.9322119 -430.7814683
-212.3830376 -15.68920223 308.9336161
-99.00986763 74.72288614 -317.2175711
-153.2366289 146.4682191 -523.4647744
-514.8925856 -69.51607241 -308.5670959
246.2686848 273.995959 -271.9464628 R
-371.1767645 -224.3915453 506.1272152
-231.9437874 72.32972617 -530.0354183
-42.64947518 -5.355589069 210.0656241
-7.728616245 -546.1040917 367.5039271 R
4.674516978 20.95380505 95.91086702
112.032125 -22.24728581 -420.5807878 R
129.7319363 120.1299201 -51.24593941
280.1409678 421.1137886 218.3305373
65.62209931 107.1810928 345.5298579
-376.0069116 202.1134975 -264.7386268
-266.9324827 277.4051664 226.566379
57.48069594 -287.8942364 -79.45886539
-375.4194038 481.6743873 436.3836816
468.1264325 437.9737328 -96.17758063
1.125383074 -235.5849703 -145.6159911
280.8600991 211.2308379 -185.9152004
-519.163646 91.82350692 147.7912708
-204.1331096 -504.0834417 -249.7701989
254.4806573 189.9643916 528.6929632
-89.92548855 111.997077 -19.91218129
23.89761452 225.8507856 510.5061451 R
384.0363983 -354.5373372 350.4440865
15.47059138 -346.9514519 448.9936552 R
496.1448339 143.6887987 515.208877
-350.5397876 -481.9885875 373.0710656
-168.4548287 209.6071474 -5.596345761
462.8111016 -280.1634102 -444.5921026
51.90766458 -422.2673631 213.1948956
-344.0805227 -354.4847032 -468.7475841
-458.5594618 -300.0504783 145.2668273
-117.2044399 -336.7355515 -183.9067082
-258.8788069 -472.976925 85.6987666
-432.405877 457.0238903 -418.3341052
-324.8470315 172.7185668 -221.2057546
403.8245908 -518.9376377 -68.65475969 R
-2.519226819 -345.2762148 -149.0376036
-140.1449016 327.415267 337.2652321
-302.6479704 -417.6837769 182.679271
-364.7675549 -329.786797 -217.2141853 R
-282.2801754 243.29106 -407.7935517
464.9162347 -14.75348904 -101.3271608 R
243.8362817 386.9980545 -172.8035133
-402.8390855 199.4134449 173.9982154
227.5723983 249.9961047 93.43362097
174.8507102 -60.47136912 386.018889
-497.5492789 365.0735841 -516.7680082 R
276.9608382 -86.75546862 -51.85314955
-466.8253765 343.7169637 157.1992546
71.44563334 281.0169809 41.4441384
-55.52152317 -270.5416494 507.9367583
-103.1175688 -348.8449883 238.6839646
-74.36541943 -370.3231182 -27.41914856
-184.0735769 242.1463981 -367.2849424
-1.054017812 431.4559014 18.10124696 R
244.9289104 -341.5848688 -336.0124394
45.01291903 351.8218031 -144.1319815
-502.7578978 -452.9628995 511.2688926 R
-433.7791659 -282.4967788 -338.0553428 R
-395.4742908 -429.9184677 29.52383385
-118.6671802 78.67757216 -133.8999202
378.6129226 -460.7996554 -478.9076296
-167.2364689 236.2134938 267.8819295
-354.5866326 349.1882035 -231.3787535 R
-242.9923644 -309.3159286 78.35524152
-156.2653241 295.4795284 -96.62357648
-459.7595601 -33.73776862 -383.5196096
330.981256 478.7257969 172.6801702
-226.8144066 -224.3802436 135.9398862
-525.5932532 149.7481158 162.1380656
489.3918402 314.8867745 373.16061
-12.50720617 312.2458799 80.84457517
-522.5326661 -363.652473 -378.3142597 R
-375.5696856 532.1255868 -456.7381464 R
-38.94542648 -337.9798611 168.1254886
316.5887402 -71.34516026 425.5342116
-39.960987 -90.83999998 477.9873179
-309.1337569 438.412622 271.3847245
-338.055399 421.1046603 -511.1124356 R
39.28829139 -100.0985527 289.8130425 R
-131.7037556 255.0041014 -48.40911466
-432.5922069 -359.4613986 169.626546
-373.2552718 -23.7512102 -425.2593729
375.4662554 -336.8897821 -498.7906042
197.2181836 -383.262895 369.7986072
-459.4223257 441.9584031 253.3282555
-434.9807668 -504.4915015 -480.5530823
96.65813594 428.8020153 396.8102075
13.68033785 -349.8969721 411.6807827
-127.0596557 286.0238389 32.39964023
-486.7255714 -273.263463 -489.2393477 R
-511.10223 457.3129869 -44.39590602 R
370.2730027 -289.6713411 136.4889239
-477.643061 -440.1567256 -274.6032254 R
86.91228271 176.470331 144.1114088
-444.0737948 427.0894774 247.0542192
217.5397512 -481.0070033 -135.8342993
-218.1080095 -147.879548 -534.2054141 R
160.8369661 158.6893732 -455.80346 R
74.33146367 -128.6590381 -314.6794477 R
92.71538121 200.9762474 356.3555249
-381.6217488 130.9209264 -262.6018521
326.3507457 90.26550429 88.28119516
-400.9467637 -522.91028 -385.9641711 R
-216.7145842 -349.3454505 -407.4358734 R
458.8590034 285.3173783 -222.312284
405.1109277 145.5614518 257.6926344 R
304.4313969 -510.1280105 -385.1394643 R
-6.696641103 224.5476499 -126.7596506
-186.6777427 164.2787013 157.1874871
299.344864 85.87978361 21.2650311
469.0880702 162.7433247 -331.9108375 R
320.73836 -485.3143662 -445.2568371
32.71127995 467.4455578 217.6317864 R
121.8063237 -179.600378 -179.8345034
-492.6747854 237.5817592 271.4871368
480.742422 77.54085433 -466.4579828 R
-496.1297883 191.3558109 -456.110996
352.4390618 191.996069 358.0113538
-468.4513915 209.2600438 -498.5374007
400.8522639 -322.8890937 176.3707483
-363.8867787 -359.4293377 -234.7778527 R
-468.3220098 -508.5633316 -349.1767893 R
-88.230259 -220.4653296 -153.0046265
108.0623213 76.99236198 464.1810762
313.2557977 -367.5880316 68.75948024 R
-87.8921044 -503.6397675 202.3020439
16.46380797 -387.3393124 220.2835998
435.546849 137.8519517 -138.2305153
269.8008098 66.11021817 337.9452259
471.1396006 517.5408163 -293.8794297 R
453.5409609 -27.47066813 -504.1953392 R
131.90694 256.8249847 -135.6817398
-374.7199159 207.5055366 -526.6363693 R
-62.34328603 -393.6074826 -262.348091
-114.1750592 -139.1424023 -85.47211466
-177.9182725 159.2042508 -167.2820081
422.8959286 128.0219332 -60.52237153
194.1161575 287.1908601 428.462
346.060906 307.7040856 535.8109404 R
-500.4459312 -50.2509542 354.2083505
-456.7431711 -301.2946303 364.5366997
-111.1493056 399.8304589 182.6166227
220.646952 -285.7815748 -37.99062882
-124.1133669 -107.8564929 -473.7953269 R
150.295636 -172.0785783 -23.20537381
-201.807037 -351.4926184 460.9235737
69.96678055 151.5052931 51.85389024
-313.4292171 524.9039942 -301.2313098
199.1630457 -209.7865343 -503.7746469 R
-323.0077551 -75.59131853 -223.5023152
-172.4802432 518.6537563 -152.7823556
-375.3093455 -164.6051361 194.5546745
152.5813648 174.3130841 -108.2269425 R
-432.0029179 506.4149719 356.0999287
-103.096876 -112.1429253 228.3517098
-55.12087179 -477.2951656 148.8570857
260.9827282 -74.14260084 -226.5624338 R
-223.2872849 525.6919806 259.8947123
72.97219995 421.1931716 -358.0346887
221.1017571 -194.6525064 97.22892134
-455.3115617 -237.0212749 45.6876067 R
395.3811453 -155.5065979 473.6534493 R
-32.55301095 -153.8036663 263.3212794
-492.3062627 -330.8061217 -489.3342418 R
446.711737 -110.0821031 -516.5015584 R
177.1952068 344.275847 316.542067
-451.2585984 -189.8762635 192.6347436
-463.5938168 -200.373185 -185.8827514
521.790815 -341.4987834 218.752034 R
-413.8515049 -446.1240639 -489.1430933
245.5665706 440.2926895 -384.9055895 R
-449.3367755 -522.669241 488.8714065
-447.3840953 259.4455067 137.738766
-482.1086873 -50.81421318 440.8656825
186.9699719 -391.637141 -266.0444467
-451.3015567 430.7514177 408.0421474
100.7015426 -490.1562727 -271.3602926 R
-332.3823945 371.6546138 141.9969862
-88.00248291 478.2199345 -155.4259262
-441.6240602 -154.4056485 -188.125412
-503.9166454 -48.29905563 460.5015347
-305.633468 39.30374502 324.5461326
-233.5768379 238.3256952 -40.32174836
-434.2309309 164.3316698 137.2814909
413.1312431 392.6926361 -126.0177964
331.3394558 300.5768975 -63.86009048
-173.7849504 -522.3502344 -323.8031988
-89.24586931 -32.58754959 -226.3550676
-16.17292136 491.4146021 371.4044293
374.6778274 262.6782826 -82.40284103
-294.2199823 57.5615477 141.6599681
-423.3484928 240.3473031 -296.3107131
-287.1855297 -57.68485695 -98.3577986
215.3737284 -60.55705074 -57.96888527
161.7357845 -46.19491789 4.139697002
288.0685199 -2.901200894 197.302159 R
166.904956 -341.1329434 -198.1053643
446.0879114 414.2493626 -243.6553588 R
-494.032991 -445.5264032 6.669765096
59.79020548 167.4124319 395.3547746
-124.7696786 -464.9342582 -259.3635802
112.6027987 442.6939301 312.8006763
-450.501299 483.3806506 313.2229072
-60.36707015 115.4707991 -137.283274 R
-346.457132 212.4631321 264.6976421
-457.1201687 -290.4646607 -137.0404506 R
260.8733538 218.5683751 -387.1728981 R
387.9459044 39.64261654 -73.11037557 R
-216.3891133 314.3779974 17.62492291
-87.35585674 322.5904033 424.5725046
-135.5306769 -353.4177946 -340.6671897
-294.7951554 -321.5254507 -248.2164194
-453.3622548 258.4353234 213.1502408
218.8095921 184.2992576 76.22906874 R
-233.4781394 -76.61273985 -390.6786719
-520.0711039 -77.81295104 447.9150969
-200.7802695 530.5712945 -110.8793412
438.7238528 -341.4014369 82.81801884
-439.5468027 60.12156023 296.8170078
121.3613121 -278.0630139 397.3930204
408.205497 -60.97033176 -178.9233241
331.7100818 -64.06098173 67.00378027
206.1302178 -43.41311176 -512.8160617 R
-334.7516587 438.2896112 -53.07592259 R
197.8013395 522.5728899 319.6006284 R
-244.8508502 -92.1407095 -70.7716696
23.42650381 64.8334577 -483.4632464
182.1678326 -338.669649 116.527401
381.7679634 340.6068363 -87.83609354
-149.9808798 -501.844077 60.63963178
-376.8993055 295.673743 -318.2599971
454.1523092 184.7810461 374.9526547
506.0706503 247.1614259 -125.9204368
193.5905041 -291.1462574 -48.01252945
-67.48138349 44.85386608 187.2483561
50.59542526 -527.2686588 -508.9804763 R
266.5298448 296.3285983 -56.09311585
245.0836519 -347.2786479 464.9349396
-36.61575448 -163.7305706 -63.09043447
-442.3599637 -149.5146124 303.1066486
-335.5866555 469.6926512 -139.8035185
-115.0964649 -532.8347527 -466.4024369 R
378.0630334 288.7424515 517.6824418 R
-325.8845745 -48.99340893 165.9670179 R
-464.6655827 352.7066448 -370.8761632
228.8571572 425.8339011 85.18829969
-455.9143395 -435.0523757 86.87830727
470.2760578 377.176347 359.8585891
-296.8755072 -317.1490449 -296.6920268
-38.89484541 -165.9130198 134.2813604
-211.6529844 514.0467943 253.9307032
408.5147569 131.4338209 -482.5907495 R
-365.1040928 -290.5194322 122.4945624
451.6250305 424.1824071 351.1674627
-39.26723073 -182.564128 310.5335056
247.7682906 -3.409698115 -401.5961158 R
-69.55486259 298.936789 110.1295647
-245.0100419 138.7674072 -316.1974555
353.4030137 -337.8246388 323.0850035
292.1326563 -202.4677424 -17.70311842
301.2638241 -67.72971119 424.4859192
511.3948024 43.60400318 451.7446297 R
-355.0981994 42.90441102 40.82700917
-530.4611138 300.9008737 297.6021397
248.1033682 -505.8348908 -447.1838733 R
-263.2191442 466.371164 -382.4060032
170.2458235 220.3249381 -116.1729264
60.76703954 158.7712041 34.34480633
-259.1321725 356.1462592 366.959582 R
-452.4362731 -41.30536389 -169.8339243
-76.71375217 -416.2306172 -240.8006509
-464.2187471 -196.9558436 151.9374524
-274.3186306 521.7782151 106.5160575
-357.5194096 -286.756991 480.3383249
187.3179247 -378.8218498 403.4090117
-500.9014053 -120.7231308 398.8061807
-484.9280427 -228.7204273 -251.6622004 R
-75.12429864 -262.9650628 -303.9893971 R
-88.27216869 341.0127255 508.2045322
-372.2879893 -502.9578164 -321.9059023 R
481.4776147 -164.24287 309.285351
59.44247348 28.72488944 190.3086736
-201.4009307 -431.3029382 303.5060019
383.2289399 -481.98721 -26.05971388 R
271.5396528 -257.0502369 350.9491317 R
-420.4867499 -336.7141883 -162.1192458 R
233.4510717 -469.1576248 236.9062596
343.3455687 254.5888584 402.2994309
340.3693765 -72.07911067 341.7004129
446.3156895 523.6303851 71.81092765
114.2289085 405.8125246 94.22853337
-491.0249316 -135.9010654 45.71903552
376.9753401 209.9567824 -384.0863536 R
453.0897417 253.7052432 390.1094594
42.60143118 183.1344712 250.8404258
372.1430267 1.393854877 -442.2762311 R
124.4120295 122.0509341 -80.1543587
330.1734463 -346.4473784 482.1124161
288.1791675 -149.4971855 -262.1171154 R
-418.3594746 107.4689476 -367.6068432
-413.5974421 -256.4233806 26.08011815 R
191.9004991 214.9854683 474.1240702
228.8636537 -292.0072097 -158.7952482
499.3200058 -141.8438105 461.2619662
-437.8177934 -440.1123491 -58.09069468 R
278.4315573 342.6450158 414.3974285
397.6710294 -167.7515781 -367.600438 R
144.9239929 473.1901871 190.1580833 R
136.253347 258.669949 -432.6641299
-70.52226454 -420.5351639 429.2525762
323.5134899 158.8230036 437.4725933
282.3228769 232.4936681 -60.81694073
161.2749372 -530.6790069 243.2386049
437.641419 -390.5940724 -161.5724641 R
-307.3096227 -79.19194749 -473.5648432
-336.3003101 380.0652561 -284.8944762
-104.9084621 89.74447968 121.1729984
-457.7600489 404.5837784 -318.2974853
148.2510901 386.9148204 31.19287459
300.9867879 446.395745 -252.5976298
113.82341 -16.56592059 441.7529825 R
-289.3099967 -410.2064986 -531.4211099
-258.6538535 -388.8901861 326.7735702
-5.246296074 480.1582963 -121.9137713
521.0422544 -68.23147499 -477.0289996 R
360.1898287 528.7904016 401.6923838
-69.49687724 -98.44380758 18.61645265
506.1878709 502.8994466 -140.0025766 R
-49.68617465 404.1810008 -10.64397509
-217.5325853 -213.1318402 -261.645856 R
-423.3663623 289.7713451 272.9099454
-203.4911871 45.71611433 -70.03781299
535.4331782 -223.5756337 439.6181007 R
-111.9097147 -185.7330579 -61.43938374
-295.2418784 -332.7539291 -67.84048418
-301.0882117 479.9042255 314.6035983
-271.0287079 -74.5525021 476.8511591
184.0957642 201.6487501 52.51271646 R
-241.4443818 227.2403369 -140.3110813
18.5767462 39.87111478 383.5084428
-54.29698478 -0.8852220375 403.2411505
103.820223 29.90429039 463.5179412
159.7332354 -468.2900782 -101.0694828
382.1995332 -123.5770191 305.1706688
195.000944 -264.0994462 -47.17350568
522.3382534 39.53774521 95.94854188 R
289.2497833 -513.2322159 201.3706468
-447.1316544 -309.9407271 61.53027871
-102.1554587 182.2661866 -422.6657841
-117.0981135 -448.7716194 390.8784073
-283.3979376 457.8005318 19.98065405
2.314460651 -125.5345235 -474.2586022 R
319.9544316 202.1355537 328.0662201
163.194739 -528.3459171 -344.648146 R
469.1527428 -207.8522466 309.5949236
-204.0100649 419.6413243 4.144110816
147.3090885 -0.9037546214 112.1577401
468.0957149 13.23735594 -203.981044
499.7861523 297.8566392 464.526157 R
-295.331728 242.9706528 208.2804291
-425.3690379 -251.0407816 -322.9270318 R
105.0500622 -373.9594299 470.1963793
147.4850993 -208.4768108 32.7111528
-99.57736802 476.4778334 319.4898005
351.0084409 -321.8655494 -95.66896616
-131.3333828 368.980658 -450.7815827
421.5112447 -440.2711429 145.976891
154.0180702 -308.7294283 -184.4045969
-185.1778812 173.3085905 371.2200929 R
-144.2854652 -413.1134656 369.5110703
482.5508397 -258.6437269 -203.6009037
-70.36410764 114.5449307 -478.0568837 R
301.7124096 538.1076569 298.3450418
-519.4035183 130.583245 -439.606415 R
380.5231797 7.754547622 -208.7794537
471.5342359 33.12227805 176.0778221 R
36.37164182 -475.0107194 338.5399106
-240.3165941 -285.811283 166.9961637
288.8720097 523.7019936 -163.048328
286.8535672 -548.4053123 59.17042506 R
-262.5967055 370.4300462 -133.7902193 R
248.0086311 -9.258276773 -62.65834973
-456.4878092 -3.805794449 -381.5641006
-51.89864671 243.5675277 -177.1424263 R
59.41062056 312.2003692 -344.9683291 R
-431.731041 408.4020373 286.9044673
-259.655762 65.27854178 -477.0711984
-107.9816197 33.81931759 67.75840989
-112.4329447 -283.9314129 420.9756682
-470.0084579 82.03774826 459.5587149
-426.0051707 -73.98055212 -175.255614
-291.889944 203.5775514 -69.67724098
381.69549 -406.4072927 -83.47682723
224.0561516 -21.99540864 418.4715817
-406.3212377 460.2254942 437.5867057
-238.8120004 174.1587132 443.1352897
10.38930157 102.6593803 9.083878409
-105.3116104 -341.2100024 62.14918909
246.7609086 -388.3800388 234.7003356
447.5070811 -142.3592138 -174.4730114
47.25015477 -28.14312146 443.9512921
-59.6161756 53.87641441 -322.7577739
