 -0.931004912259747 -0.329864842432365 -0.156265924229472
 0.00197418859753124 -0.11513922937588 -0.993347401686897
 0.0812344930256974 -0.827288531764728 -0.555872865278939
 0.0933898382955158 0.680461781280745 -0.726808160603177
 -0.886136150606922 -0.234850193535576 -0.399509836154065
 -0.444732789978338 -0.894105177926904 0.05280791912567
 0.248922446230052 -0.32754252937041 -0.911456804909855
 -0.939641491469486 -0.250699003578675 0.232860209382494
 0.440342390286508 -0.892096627434153 0.101302451290058
 0.149438781919775 -0.0114522839313502 -0.988704655420965
 0.00203205052368172 -0.526105125393707 -0.850417114012378
 -0.354895233293956 0.18921825510166 -0.915557658108713
 -0.132161617163124 0.131702252901664 -0.982439730227485
 -0.251665230362196 0.513324049477157 -0.820465131529132
 -0.23462532953766 -0.227278418831344 -0.945143097669802
 0.0771473248633018 -0.70774154285411 -0.702246537040177
 0.0581058913192517 -0.989319274146868 0.13368275578963
 -0.485668010793109 0.130217461016531 -0.864389956060731
 -0.534940535986069 0.298050119004004 -0.790572418896989
 0.150108368697653 -0.166440488644181 -0.974558895802001
 -0.958453701563723 0.180248599453724 0.221081307110687
 -0.0465757820846702 -0.20039333096524 -0.978607791419963
 -0.110162592632333 -0.894420321681092 -0.433447218641919
 0.602498242423912 -0.270354143165283 -0.750935753010511
 -0.984666433639374 0.135985866392296 0.109269660040896
 -0.750756856044245 -0.406216215735321 0.520915088259339
 0.0471065219413442 -0.432177384089423 -0.900557429746828
 -0.942263194348405 0.045058095883465 0.331828028610749
 -0.663271253564309 -0.0571498976267754 -0.746193763975872
 0.248121629731907 -0.273669101932426 -0.929269002768672
 -0.160268909407254 -0.33470233031385 -0.928594759171022
 0.00149088498031453 0.49204631913218 -0.870567744113259
 -0.185867538576441 0.377494739582439 -0.90716645644067
 0.167783553354376 -0.919420221857115 0.355689660889929
 0.0569850137868684 -0.013784977213454 -0.998279861865867
 -0.773693936696104 -0.615362823102135 -0.150752407156421
 0.0306892344491788 -0.795918004711363 0.604626083348384
 -0.142749668422267 -0.240037841335921 -0.960210584659492
 -0.638706364599357 0.404166464050058 -0.654754648061047
 0.152538060455651 -0.287268026137591 -0.945626364517953
 -0.776946888369624 -0.496538593055383 -0.387043871233405
 0.145670634077404 -0.967722705908039 -0.205652208443064
 -0.030425436033144 0.64892783446569 -0.760241381732054
 -0.361685998482316 0.125176317368301 -0.92385828354351
 0.221595674109428 -0.380174903362355 -0.8979768371564
 0.126572321146913 0.0196450251703195 -0.991762834807567
 -0.412642929027705 0.0396242841233537 -0.91003061994152
 -0.759466981931938 -0.641936404454087 0.105487231415715
 -0.166616619427207 -0.959319423459474 -0.227914777721921
 -0.188757360807063 0.269025788140161 -0.944455284307689
 -0.768779147369408 0.615564809065007 0.17337412843538
 0.0311708900301322 0.164430722380043 -0.98589599509903
 0.0340635985578435 -0.606080578732696 -0.794673519966741
 -0.115539223912873 -0.610851714965666 -0.783269347071055
 -0.923265401427858 0.240771442125311 -0.299349480011498
 -0.902511005055232 -0.378577847224502 0.205311225570002
 0.389332869442387 0.458394263539006 -0.798933423963655
 0.373674771751583 -0.886030477582434 -0.274439716060644
 -0.0415525513194741 0.0148498684426606 -0.999025959065168
 -0.821905761525244 -0.568575450454757 -0.0345380415162644
 -0.406219948043003 0.619155630590884 -0.672035459570062
 -0.324647478038147 0.237610563951319 -0.915502722498523
 -0.974275260618873 -0.216861718158369 -0.0613083333929999
 -0.839209485528252 -0.515294936702788 -0.173777350675732
 0.471327686348413 -0.829430655922906 -0.299824947422242
 -0.0346337064289016 -0.531013311003469 -0.846655402106506
 -0.158709298218326 -0.246321995171115 -0.956105032595252
 0.591721270709326 -0.134962975072681 -0.794764703009432
 0.415862096246232 0.124739683568763 -0.900832242012271
 -0.952624571721186 0.292354716329809 -0.0838757723823921
 -0.119313458162238 0.565973180061838 -0.81574423574553
 -0.798676310204765 -0.423007369965736 0.427996397732941
 -0.983847242578039 -0.144833098387421 0.105204452772152
 0.170627197026343 -0.228418813788034 -0.958494238450394
 -0.801274595266532 -0.543687585241027 0.24972551458599
 -0.0128645331694774 0.17658772961188 -0.984200831912295
 -0.268531855316128 0.156500542300938 -0.950472631347158
 0.517934498590072 -0.832759834662195 -0.19558863193868
 -0.750035902565475 -0.522082758522845 -0.406048935617334
 -0.819399332222833 0.300884912814829 0.48790675706859
 -0.341476742173362 -0.0343688026341028 -0.939261635520245
 -0.820288443920574 0.172291268130617 0.545382973419878
 -0.329750791657242 -0.935616325720588 -0.126041685352621
 -0.114848537205822 -0.866482828012152 -0.485816140388261
 -0.247177051811455 0.637770979242453 -0.729487274113757
 -0.546187842617376 -0.207627996804351 -0.811522923594885
 0.494398988134949 -0.84062509345175 0.221176609953166
 -0.246787658356932 -0.288138619041314 -0.925241583533548
 -0.257472821033143 0.596271371225353 -0.76037372277471
 0.122934677531559 0.238955422347027 -0.963217198346856
 -0.964003270638839 0.168318431395896 0.205831484107865
 -0.938537769590809 -0.13811210242983 -0.316341432970646
 0.483726527072893 -0.0230184265842553 -0.874916452607667
 -0.9357249063703 -0.245315967497726 0.25345408990377
 -0.550731754238566 -0.0740077547655686 -0.831394844287521
 -0.11191157923308 -0.44462888695817 -0.88869620867645
 0.0134883291385938 0.256000460387616 -0.966582551703877
 -0.127047341942057 -0.973507273668432 -0.19011196969185
 -0.140928554005679 0.646921659111023 -0.749420782764203
 -0.662391203810108 -0.486892353891773 -0.56936256360664
 -0.893573326216027 0.315411852260807 -0.319440251265605
 -0.694875096577292 0.0412451335989514 -0.717946682638136
 -0.184908930453201 0.174224785939562 -0.96718892229128
 -0.0960162516184552 -0.146451846127447 -0.984546970027842
 -0.111765371493278 -0.993325917029982 -0.0284977945026474
 -0.948232911530755 0.14980616459244 0.280022246509113
 0.204758259233739 -0.967492494974249 0.148432905529978
 -0.162149655941811 0.100950742038901 -0.981588730966156
 0.407754910729932 -0.912010700321576 -0.0444118821327478
 -0.101548834202812 0.471631928830577 -0.875928740240666
 0.533473783898834 -0.842937210996365 -0.0697322035384666
 -0.880477474697166 0.465354245424495 -0.0905805874141924
 -0.646435774596142 -0.695543777132153 0.31359152318745
 0.571595071493551 0.494332797614652 -0.65491538342503
 -0.977685096866556 -0.0662166131187043 -0.199367027143708
 -0.286677201845589 -0.956343381996071 -0.0567760306317864
 0.167911689203159 0.0558766668383215 -0.984217182705109
 -0.739240748407366 0.379442182968328 -0.55636925299512
 -0.0805901415592113 0.588544199264599 -0.804438285137809
 -0.865250804775976 -0.500794547187294 0.023363782698843
 -0.808308528578668 0.498885994950332 0.312650102621773
 -0.874475421468506 -0.473702405883576 0.104397164269871
 0.103820471987187 -0.988422391561871 -0.110645765646359
 -0.963493221768007 0.0110240079961245 0.267505668827426
 -0.995104864877727 -0.0475297998343102 0.0866442498056957
 -0.0973108646156136 -0.0674107364328098 -0.992968472934236
 -0.880564727932723 -0.445324092471034 -0.1621487359976
 0.385781920766883 0.126233803205882 -0.913913199673576
 0.208712781236819 -0.814071133361834 -0.541966018100186
 0.165874670263312 -0.269925325899071 -0.948486115978151
 -0.239644611683682 -0.231257489581508 -0.942915920749796
 -0.208572944571763 0.0481039527190451 -0.976823083534305
 0.311988894677792 -0.909941316796569 -0.273257624933423
 -0.677350658808742 -0.130987164458078 -0.723904999125296
 0.0524019106867772 -0.226549114916232 -0.972589090154237
 0.1519383171464 0.566151714441118 -0.810177131260876
 0.616545192821799 -0.780587847408244 -0.102735766346953
 0.216587662711368 0.490435139106196 -0.84413456195746
 -0.98170563067957 0.172775815567714 -0.0800160749283464
 -0.0722700396668537 -0.119806067409541 -0.990163394384186
 0.0583504834596487 -0.128561355579861 -0.989983433665177
 -0.918389123620723 0.0833065594742141 0.386809300254957
 -0.985462553132631 -0.00823680750133308 -0.169692991533246
 -0.957156424818093 -0.0272545172824467 0.288285916612564
 -0.315395811958603 -0.0209019946341801 -0.948729987098166
 -0.649688057082475 0.48884780624711 -0.582179740983647
 0.421845349321994 -0.836155115048367 -0.350558304471391
 -0.87022416051264 -0.436783710917023 0.227881329506444
 -0.900704604284112 -0.102047019405627 -0.422276712182698
 -0.220932861326687 -0.120415533806121 -0.967826828520573
 -0.323521543936568 0.210562281439853 -0.922495168683145
 -0.915459967660408 0.401302395124562 -0.0298234015245679
 -0.877024768986131 0.179364489945016 0.44570835120243
 -0.981127307076381 -0.184265259190914 0.058613322413543
 -0.973286475704778 0.078094425688763 -0.2159043697717
 -0.551443640226159 0.529239382550241 -0.644837644381873
 0.0185004293786642 -0.797363577358041 -0.603215599612272
 -0.456447575541615 0.568977126306242 -0.684047250211908
 -0.00251188521896696 0.746095874376942 -0.665833790574159
 -0.685661928304064 -0.42442991091073 0.591377181499813
 -0.152911162699533 -0.959860937751568 0.235127957717831
 -0.594818329468164 -0.0904109740961672 -0.798759670171
 -0.556642366545408 0.254054831997055 -0.790952222391262
 0.289706452422791 -0.018024464592992 -0.956945813565605
 -0.890250954363803 0.324623846852777 -0.319488022168036
 -0.84594031191318 0.206767278671379 -0.49156106553618
 0.171990004510901 0.213843244843424 -0.961608290824895
 0.239602880137767 0.460885211538816 -0.854502944181299
 -0.0744260452170943 -0.344411706207845 -0.935863954012732
 -0.788123274772077 -0.530594111013597 -0.311980116546275
 0.162791965808552 -0.0747015979243151 -0.983828464284166
 0.0710006613798927 0.153019348407618 -0.985669308184305
 -0.932831687021714 -0.337611883903055 0.125870010469742
 0.470467381380076 -0.498250618955244 -0.728290301849537
 0.288665591192922 -0.205615924868089 -0.935090513213497
 -0.0406395698896698 0.786817419988877 -0.615846387471121
 -0.50562834705701 -0.30443076619817 -0.807255773125464
 -0.361229424823854 0.799760433392278 -0.47947528801975
 0.409164104587581 -0.427189521566275 -0.806283974900296
 -0.0564032188679795 -0.985901501995307 -0.157533822605584
 0.0194116001331989 -0.970037078410399 -0.242180214487656
 -0.846360429754121 -0.270951857796347 0.458540198568379
 -0.964732326447194 -0.0710859394480138 0.253452811230371
 -0.0689662082692433 -0.994447108551953 0.0794896874419814
 -0.0660623562552638 -0.943801662553414 -0.323842842822586
 -0.866378590078437 -0.468719876013153 -0.172307331486259
 0.607481212976301 -0.257416013564811 -0.751467611970897
 -0.136470706609062 -0.331914909107322 -0.933385364868071
 -0.523960140771896 0.342878656870506 -0.779679419726449
 0.358496509224663 -0.93337556165889 0.0170385965291513
 -0.676872827137477 0.0617961977597922 -0.733501469545461
 -0.406023607820762 -0.512964419537605 -0.756314970221177
 -0.971760285621718 -0.0893982952699839 0.218380154984874
 0.336276978172837 0.44624331783143 -0.829327857509768
 -0.903949693149108 0.0497152409695381 0.424739151799047
 -0.952724107648462 0.222646097939517 0.206749824129912
 -0.982992069114831 -0.151198310160672 0.104238491268346
 -0.536168423918225 0.0103383034299254 -0.844047712321548
 -0.841197005873322 0.539765422147298 -0.032262770555349
 0.468730277790448 -0.86967097519955 0.154804139408331
 -0.962315083018872 0.267029936675339 0.0514265876132663
 -0.147008452501233 -0.21930439932871 -0.96451754537088
 0.52417314859163 0.74759065486056 -0.407861156597066
 0.00977750875707517 -0.958939044887799 0.283443660208129
 -0.101643242728023 0.21593862072256 -0.97110203546701
 -0.294637211669031 0.247533145132245 -0.922993096160983
 0.242840384268783 -0.952366923343435 -0.18446081179901
 -0.935882589652903 -0.312226230263897 0.163213233286312
 -0.932189856585159 0.228487362857755 0.280741155326485
 0.424599708605207 0.073048693453888 -0.902429485243614
 -0.572240335223053 0.0813398316573655 -0.816042174479824
 0.139596796285036 -0.963399523600266 0.228853866897054
 -0.397871441198753 0.390066787317147 -0.830389196528054
 -0.639250203016858 0.528122118669579 -0.558968877232768
 -0.361300897826975 -0.0273857565019998 -0.932047038281993
 -0.95571507997764 0.100981231408931 -0.276426259256369
 -0.470440440984274 -0.806631112968615 0.357815649570466
 0.293385867382814 -0.941360650463528 -0.166627904562585
 -0.00626707203864525 -0.977476994542022 0.210948924977489
 -0.726491293571395 -0.0882152592344185 0.681489888702074
 -0.100428588529692 -0.973329175534024 -0.206262974525704
 0.0110625816514244 -0.99952538484766 -0.0287510753249944
 -0.823881669846147 -0.566761837502274 0.000116801411840622
 0.0898799479802886 -0.389671206323201 -0.916557660986848
 0.658041633825516 0.345662972751325 -0.668953150393181
 -0.361957477306032 0.0331701148009657 -0.931604276560785
 0.0673854001130582 0.821545671378419 -0.566146551425499
 -0.294478375060515 -0.83303676024927 -0.468329203333637
 0.0190389409943991 -0.964501653988995 0.263389593906641
 0.125560113014506 0.207340917191985 -0.970177510601937
 -0.953522298343142 -0.280265008012096 -0.110665043470785
 -0.788382007055058 0.549653718861189 -0.276287169977007
 0.274281308026153 -0.217026484958415 -0.936840044454793
 0.176793003745312 -0.981514163537019 -0.073308803038491
 -0.932978038148997 -0.358290605949284 -0.0343485373799608
 -0.745606660468684 -0.640840451029248 -0.182740866226924
 -0.817195850710355 -0.388162145132132 -0.426052920032477
 -0.901287094571281 0.427714628338081 -0.0688605101990662
 -0.863191387487665 0.467374258798419 0.190950074050126
 -0.933867214700132 0.177897176418407 -0.310233170261622
 -0.729428871995292 0.63038291184549 -0.265614203597767
 -0.142031926065416 -0.959798643095467 0.242102244289985
 -0.288245061102795 -0.0956139126304008 -0.952771097620699
 -0.692707860548896 -0.717838738415947 0.0697378345173734
 -0.0125727261123326 0.589191381319869 -0.807895688029395
 0.638555444147047 0.717437722655033 -0.278442200217078
 0.047844401269948 0.0238351235886427 -0.998570378166023
 0.0292742932709649 -0.914225433300235 -0.404147093099139
 -0.932601921485351 -0.0277824674347064 0.359835782746895
 0.360264522268314 -0.187306428111203 -0.913852163089308
 0.200183657809699 0.158663467978948 -0.966825944560252
 -0.945662344170386 -0.312239773508295 0.0907141370330993
 -0.2171717732761 0.743308845286685 -0.632715087073707
 -0.990244520144947 0.130157713594221 -0.0497469588500401
 -0.425429931528136 -0.274257707347244 -0.862433813878259
 -0.181666761563273 -0.85789819701179 -0.480632782180984
 -0.298942900608565 -0.244790110302042 -0.922339928699854
 -0.56335938076752 -0.230625674614607 -0.793371291584081
 0.434360877881922 -0.242067579635471 -0.867602394334566
 -0.632871158119914 -0.685691962615293 -0.359583967418941
 0.0559762122215053 -0.876205365232039 -0.478676113467052
 -0.262044078344346 -0.0318306162962736 -0.964530825256955
 0.0732266526794628 -0.183748760099983 -0.980241934676884
 -0.530322817971907 -0.846769373598723 -0.0417053554542082
 0.164289520936804 -0.30881079234935 -0.936827010626254
 -0.536455881861919 -0.116082332860185 -0.835906680684805
 -0.299160671546478 0.869676506135701 -0.392639360323771
 -0.999465096013814 0.00665648149222595 0.0320189491433015
 -0.118464807269164 0.398380261612868 -0.909537935765157
 -0.909388678650117 -0.0634163981713513 0.411084652578964
 -0.247069811490138 0.215873216193855 -0.944645575218743
 -0.350226389322329 -0.936534385175757 -0.0156467762082362
 0.198354009440405 -0.966560164349259 0.162533490801277
 0.0976979352606565 -0.220093382414449 -0.970574065418591
 -0.0604339347490408 -0.671509503858968 -0.738527403525307
 0.364861477796411 0.299964146608028 -0.881417955779173
 -0.703332732774157 0.428314675172662 -0.56733553215022
 0.354364633431532 -0.0416925012726958 -0.934177414579566
 -0.260894844246097 -0.751260215498605 -0.606252396988907
 0.239688893516995 0.215754777164979 -0.946572295419156
 -0.391847830231028 0.286899820418398 -0.874153173641283
 -0.087534541550766 -0.873855761907521 0.478240328095114
 -0.073877039028538 -0.996872810143007 -0.0280496613519776
 -0.876385245695726 0.464796030469697 0.126148924634552
 -0.0473726882214799 0.275322107933991 -0.960184130931903
 -0.525982834405994 -0.134496171376467 -0.83979333040654
 -0.490891777353649 -0.0335907238857217 -0.870572757554134
 0.361648745953005 -0.928339231689369 -0.0860026479651165
 -0.135184913406559 -0.397452247737005 -0.90761046157262
 -0.270862263850911 -0.162390695128836 -0.948821846374299
 -0.667079739143645 0.267388115670759 -0.695347551388576
 0.390639475963213 -0.918788078080759 -0.056826643362529
 -0.086035676844895 -0.995664180895628 -0.035365254011222
 0.650782010669105 -0.00185285378031691 -0.759262366723351
 -0.994926821887601 0.0176553181952986 0.0990399355212918
 -0.870682738178526 -0.475834182111158 -0.124472489219707
 -0.62782273541759 -0.103015561749076 -0.771509174884069
 0.295363040125073 0.151946704160468 -0.943224720638113
 0.394767873104943 -0.596159434257878 0.699108185697698
 -0.347003502941025 0.219848612650269 -0.911731954283939
 -0.200364885901872 0.481350845450399 -0.85332014864394
 0.42236566818705 0.361125688260161 -0.831381669039877
 -0.969833730974548 -0.0762880018161174 -0.231522515196452
 -0.387534313005504 -0.69044188111478 -0.610824987247604
 0.162117145424624 0.12760360778941 -0.978486254598652
 0.0563558325288709 -0.958531761634884 -0.279357981946289
 -0.0918706401142648 0.437893996456744 -0.894320207393379
 0.420713128196406 0.146205058241118 -0.895334878527529
 -0.382001988682754 -0.598693205363513 -0.704017703253251
 0.584201877678853 -0.799541555609281 -0.139432661060433
 -0.283804535977749 -0.387394765329224 -0.877143250076047
 -0.864899475970426 -0.0324967981306877 0.500892058808419
 0.0814855890837789 0.292897929181296 -0.952665157257774
 0.0882795040483772 -0.986606016648014 0.137168863372527
 0.512230668609397 -0.858444571573029 -0.0263184283871432
 -0.649094613556545 0.759633501625227 0.0404119519508175
 0.12796620470284 -0.2566102289135 -0.958006179975324
 0.0580392606644198 -0.856771706297583 -0.512419444897884
 -0.0996790324026916 0.0131512683111651 -0.994932728701328
 0.187917411425723 -0.377263834862922 -0.906840143237813
 -0.826359619561888 -0.489590937056299 -0.278263352797072
 -0.826383099302075 -0.144113356247014 0.544354951974461
 0.607981502613544 -0.107438922307348 -0.786648187217903
 -0.959973129953705 0.237002650896758 -0.149269331192972
 0.721363534490311 -0.0301406770330831 -0.691900419638283
 0.0577106267345669 -0.625578342675927 -0.778023920414241
 -0.466980850563753 0.050141706643166 -0.882844660436741
 0.0166251262015026 -0.833560799420905 -0.552177506647605
 -0.958733318402027 0.0293707478405239 0.282785755223148
 0.450663208155507 -0.831191394729657 -0.325612558330224
 -0.916587669335458 0.233788908956125 -0.32436058711147
 -0.505564531680077 0.614054237879355 -0.606087367670297
 -0.163843000845439 -0.981590217556524 0.0981637197303466
 0.540775925521928 0.317509485433798 -0.778941027957487
 0.04055399016142 -0.100911589668109 -0.994068521256278
 -0.965331660434586 -0.157324409783759 -0.208287818772
 0.0518434821287899 0.422757765021178 -0.904758600663768
 -0.000525399275733043 -0.966758626796964 -0.255690206048743
 -0.923289775042536 0.341057382184167 0.176680087614836
 0.332602397281854 -0.926310941376159 0.176984985829808
 0.0441999940066206 -0.966678099618394 0.252150376259851
 0.323610309205746 -0.522149660048049 -0.789072937241842
 0.426135332641874 0.106139160335476 -0.898411463037666
 -0.179835397180548 0.0647285007745491 -0.981564797203116
 -0.636158492680673 0.148567365533329 -0.757119614122326
 0.212651348689599 -0.818095259515892 0.53432157944268
 0.318082366808583 -0.877706184627106 0.358406837815322
 -0.141432565891554 -0.546971043583185 -0.825117874480278
 -0.734632432075276 -0.606657791950278 0.303778724089063
 -0.533769649747654 0.119829775877429 -0.837096640670258
 -0.998226962616966 -0.0147512036345807 0.0576657012082303
 -0.956965472938932 -0.273803151559914 0.0961712940467456
 -0.947542281897036 -0.152744095559685 0.280771909722131
 -0.505640548952267 -0.861854876144619 0.0391638573303691
 -0.468615474441237 0.282676123729846 -0.83695504430482
 0.24210108888874 0.209821582763782 -0.947291911801947
 -0.253298096544638 0.0314548304485277 -0.966876759431272
 -0.579308679590963 0.335987602864191 -0.742639740703492
 -0.40763377011489 -0.75135854038193 -0.518936463603259
 0.412654201083582 0.179035060317748 -0.893119789000944
 -0.50540364315593 0.503742008718792 -0.70057915051525
 0.549073991691907 -0.824236715729936 0.138389262915318
 -0.0702634349783045 -0.907759742314952 -0.413564142470478
 0.278927341600092 -0.852605052703678 -0.44188704689328
 -0.0391385746862636 0.251715405521304 -0.967009579370739
 -0.535904286300101 0.063925284637594 -0.841855185830189
 -0.527251187689336 -0.799425470913942 -0.287967188294442
 -0.167505005701464 -0.139068224546153 -0.976013371827729
 -0.809011103442113 0.528869254150476 0.256511883782591
 -0.922036808734195 0.11615294707294 0.369264967503732
 -0.105437116771845 -0.93973658682485 0.325235548164131
 -0.17949896012086 -0.962386427646305 0.203942362440255
 -0.09378755036357 0.0448356943494616 -0.994582151412845
 -0.410738741231054 -0.861681925795068 -0.29798984078326
 0.153781816280886 -0.984632411927715 -0.08276573181433
 0.248580469403949 -0.967901240821302 -0.0370801597555394
 -0.0949138851458109 0.546406248736838 -0.832124729681713
 -0.402949290775992 0.296569381974323 -0.865839748878794
 0.679047245231566 -0.0745206202897957 -0.730302345535768
 -0.808333287673146 -0.566255297756446 0.161096970183434
 -0.492430079126179 -0.866019652194826 0.0867328033914367
 -0.926351836094369 -0.244137785163726 -0.28682576177872
 -0.993909976815329 0.0827816424060462 -0.0727334700637129
 0.189766477888557 -0.903198189528615 0.384995732836097
 -0.146573911995007 0.481833608140359 -0.863916930259457
 0.458041262314122 -0.831808489354415 -0.31351688799108
 0.456679943868152 -0.00609636049139571 -0.889610174884112
 -0.784953153772522 -0.0770554440368618 -0.614744666448481
 0.312535176187353 -0.501016007399833 -0.807034524648525
 0.119870225555561 0.401591009455214 -0.907940411122889
 0.763323298005875 0.499259722904562 -0.409972281754138
 -0.999515307961602 0.0302587677571689 0.00731820498765502
 -0.658203476517926 -0.0892116367992261 0.747535596048321
 -0.998464635857259 0.0519183098969738 0.0193095841455348
 -0.523076738977214 0.217319725287864 -0.824113379421649
 -0.586630835355246 0.696548341026475 -0.41314001455157
 0.379353318604452 0.593666731198206 -0.709683642147842
 -0.254906144217544 -0.86845323728751 -0.425219745878515
 -0.424054407358431 -0.372193093544349 -0.825621075747088
 -0.920062060050322 0.351948653237034 -0.172098666876288
 0.32962655063984 0.33057988050974 -0.884343417296385
 0.289695732237796 0.333953285644032 -0.896967995934505
 -0.813340250551613 0.512180524918779 0.275950623711133
 0.012624721782193 -0.847685131191049 -0.530349445891608
 -0.967827214141993 -0.205250722512801 -0.145542517753823
 0.919807818539158 0.0490105897559399 -0.389296209904501
 0.182569681082491 -0.979919395905233 -0.0801641383547549
 -0.863333545041009 0.479976435249415 -0.155813387140474
 0.19366647579361 -0.321481553860328 -0.926899620606909
 -0.559895553938636 -0.280802120441935 -0.779530075003564
 -0.881771435954787 -0.1954523862621 -0.429275551876278
 -0.872367549309053 0.406442361965164 0.271623756900415
 -0.952271889237901 0.305239651632488 -0.00264651441622787
 -0.453366728882368 -0.102270113958871 -0.885437424628833
 -0.866465326667124 0.237500643124169 -0.439125588185476
 0.103598347327196 -0.97512738842496 -0.195943764316681
 -0.0355351377095756 -0.998138793343257 -0.0495600969654902
 -0.276381780313861 0.604659434411122 -0.746994029352419
 -0.880274762139664 -0.447221405048107 -0.158459326032751
 -0.975099677723801 -0.209339157753681 0.0731965541123262
 -0.701196033516598 -0.130269809256477 -0.700966403886
 -0.582954633813298 0.396137803712898 -0.709393216337121
 -0.941577584686519 0.330462976802374 0.0650067148748146
 0.138954682988684 -0.96683441444005 -0.214296082861727
 0.264877937340529 -0.959295332765443 -0.0979394856258999
 -0.948810705285015 -0.315830111915268 0.00309611759163945
 -0.204930647366663 0.224994691152557 -0.952565388161383
 -0.105092120012717 -0.567714650715399 -0.816489878488598
 -0.219185834989774 0.0343397628050433 -0.975078638075068
 0.161625123538435 0.67074512002797 -0.723863456322979
 -0.368405820250056 0.265285604698088 -0.891011054670958
 0.264644034682689 -0.963957137832313 -0.0273892557219676
 0.208648534087561 0.0832589301692779 -0.974440218674383
 -0.867995363393745 -0.0706650085281541 -0.491518571059808
 0.232598318183298 -0.911779589052682 0.338461228747437
 -0.959008976442274 0.189875831549553 0.210354347938205
 -0.422964851267337 0.625589887305383 -0.655544069833324
 -0.924163832045743 -0.248688853291113 -0.289957006791142
 -0.197413100432363 -0.00188620533461887 -0.980318575773772
 0.441988581583036 -0.888475338549956 -0.123521927360114
 -0.332033038822451 0.758979592341066 -0.560092884743341
 0.191090349215471 0.723048792846543 -0.663841036393402
 0.136976291521948 -0.4316854437856 -0.891563331000397
 0.728101274738165 -0.666206869935432 -0.161359660930152
 0.9299799208278 -0.315327228630336 0.188960540170241
 -0.0540636625044748 0.517729628377329 -0.853834382241003
 -0.983626311930272 -0.011380700658827 0.179860385107351
 -0.370001345957765 -0.839938877747235 0.396990787850496
 -0.375916356290461 -0.89486890115376 -0.240617004430623
 -0.974530346628822 -0.224250524663207 -0.0015184491378718
 0.484303621639642 -0.848281505949881 0.214169299224068
 0.167692398498219 -0.937058668898664 -0.306268363576421
 -0.928501696725017 -0.301755607259714 0.216398134617853
 -0.996737627371629 -0.0475502485302584 0.0652156119827688
 -0.7212013354039 -0.386644536990641 0.574782250793224
 -0.55069329064891 -0.18367372842391 -0.814248648215725
 -0.40166646452614 0.331863888230636 -0.853539929331672
 0.440132269956319 -0.897298117415641 0.0337590495340899
 -0.970571577946985 0.234097889802636 0.056471143705896
 0.196379234602947 -0.543470035475354 -0.816134496732725
 -0.852289314506604 -0.368117974273012 0.371607429143979
 0.29035665064838 -0.954065877684774 0.0738330309674307
 -0.487957320986717 0.208724937383875 -0.847544425625916
 -0.991962940363346 -0.0642714992612914 -0.108989445949647
 0.836712985531442 -0.357439745132133 0.41490746973625
 -0.582886078745869 0.0289577444455039 -0.812037725872938
 0.317457313258861 -0.944745911436831 -0.0817068973946343
 -0.403298717446417 0.43603751187506 -0.804500735079765
 -0.885852577233279 0.233148303777143 0.401132247338703
 -0.412153494842954 -0.352067201456887 -0.840344085685771
 -0.148304558634809 0.0309124050990463 -0.988458487291766
 -0.488474629114183 -0.191369593203879 -0.851334373503586
 -0.0309489029811289 -0.995301341228747 -0.091746419834901
 -0.452976480317347 0.617355141109493 -0.643183440415708
 -0.897610179363534 0.132407669251459 -0.420433318168721
 -0.68592854002497 0.116128702598993 0.718342649723576
 -0.0576569790607795 0.0428015864736834 -0.997418516451806
 -0.119506699068759 0.200131646797987 -0.972453326811943
 -0.894795283611006 -0.00500301922157236 0.44644861991742
 0.0676650162999609 0.568231859259461 -0.820081703058703
 -0.881014452943167 -0.175855150699464 -0.439190732686518
 -0.905778545513067 -0.346365563970134 0.244123170927882
 -0.566834720973539 -0.0995596659998552 -0.817793538739973
 -0.0341932023446477 0.376437660191047 -0.925810732765238
 0.0789497152425415 0.417411108655794 -0.905281673753458
 -0.611717617681022 0.041830649352934 -0.78996946332967
 0.930774073460549 -0.152431410520154 -0.332301503548347
 -0.0413074072283457 -0.750707917829846 0.659341580833219
 0.344372509383806 -0.397741708539574 -0.850417020095859
 0.519981309998037 0.386989231168687 -0.761484584356239
 -0.312808560761888 0.77161012545916 -0.553866968326308
 0.272883351537117 -0.741519973058147 -0.612929690918718
 0.693865755386945 0.350866587201493 -0.628842549042987
 -0.154977406282277 -0.977105607109371 -0.145762258823902
 -0.890341603749751 -0.398974134348094 0.219343266943643
 0.251319297189708 -0.911681147646472 -0.325078599551067
 -0.933150780629233 -0.0961512134691227 -0.346387881946623
 -0.515924920396288 0.183636030047674 -0.83671935855603
 -0.871666476298095 0.0406518208156063 0.488410671016141
 0.00541886062075578 -0.739849929720041 0.672750115156307
 -0.155308123882365 -0.45411554095787 -0.877301807884084
 -0.186976958265499 -0.235480432006373 -0.95372353605218
 -0.635440509171802 0.4130167723892 -0.652405169376124
 -0.0700317957263284 0.0363189547601774 -0.996883383908306
 -0.836529307690908 0.0967193012366891 0.53931817523838
 -0.672658399034376 -0.17425764203019 -0.719141816613795
 -0.194833457202449 -0.98072952694572 -0.0144747687845273
 -0.296230557759226 0.582526183564606 -0.756908648458527
 0.339501681281082 0.699492403353156 -0.628847347182561
 -0.241699077566067 -0.172585374848896 -0.954880015652217
 -0.0677374309507733 0.639518660417957 -0.765785559687182
 -0.29615782242814 0.819564499502693 -0.490514602605798
 -0.115627161589067 0.433315042393198 -0.893794402275287
 -0.993238105761003 -0.0813006905657799 0.0828749840290924
 -0.939884112923887 0.298525670971569 0.165832077850615
 0.338229057480096 0.233882986541954 -0.911537082779599
 0.493642909142488 -0.825571677781691 -0.273400956651701
 0.316665363434878 -0.824693241920448 -0.468619359748825
 -0.458156538900673 -0.10581092196659 -0.882551207950642
 -0.324366243172682 0.765231502090908 0.556064104665761
 -0.979756055581706 -0.183685077630719 -0.0796107015844854
 -0.228333866826962 -0.973580414488427 0.00219585618614819
 -0.990547539437786 0.0041954955960482 0.137105688906232
 0.0366281722226453 0.305931608947973 -0.951348636224456
 -0.221253228648249 0.530818228211048 -0.818094748431751
 -0.859265543756776 0.48730608496009 0.155549043305453
 -0.340771291651309 -0.263569453313808 -0.902444496944914
 0.382087188779626 -0.111965442005125 -0.917318439783634
 0.510829102562869 -0.859236959104868 0.0276672384425038
 -0.999212288115789 -0.0375510499736759 0.0128344039317669
 -0.855293227616465 -0.422179944829602 0.300395720637103
 -0.612987800951669 0.201309527466449 -0.764015988075951
 0.280568582620798 0.0589929605375309 -0.958019363610764
 -0.506945108094134 -0.290350150433744 -0.811605475291123
 -0.0238142361884622 -0.498663154595747 -0.866468660947052
 -0.958918821273357 -0.25367300699377 -0.126983068676317
 -0.14780593523967 -0.959755535419306 0.238794300057451
 -0.381500753279381 -0.0948444584391151 -0.919489915089152
 -0.977006821429463 -0.134796247290988 0.165189716981912
 -0.976542925165884 0.131597376678147 -0.170429005042828
 0.0306760511199023 0.803566873656604 -0.594423468118009
 0.255858669910524 -0.966246477733087 -0.0300680112415207
 -0.788497547872432 0.136105454453229 0.599789064811323
 0.296820259679399 0.206932130914103 -0.932242901093488
 0.262309996040075 0.625851860027242 -0.734508621649806
 -0.716817033032349 -0.329299244613009 0.614601780547374
 0.147055569308772 -0.295249320327876 -0.94403522094316
 0.427318484607119 -0.903720952995818 -0.0262173955496273
 -0.0510135861881247 -0.998606754328421 0.013496823103372
 -0.626800734528354 -0.668758955786346 -0.399852845744871
 0.12771543709301 -0.979418358449789 -0.156296021253459
 0.0206083105423518 -0.295110812733483 -0.955240757999978
 -0.502991470669233 0.57800004897909 -0.642585032360832
 -0.401326154374654 0.00591442038369958 -0.915916119219646
 0.414921363944749 0.240690637487023 -0.877444174160567
 -0.160153574172358 -0.969289577093909 0.186624083164339
 -0.392810141146031 0.204864133751927 -0.896510390187927
 -0.127503402755107 -0.465095702655537 -0.876030176225238
 -0.537170438941733 0.405946729231566 -0.739361327466712
 0.0529798129609116 -0.833846093867198 -0.549448661078579
 -0.956183350639622 0.152750757281089 0.249761098071017
 -0.0859620475473865 -0.397899720188595 -0.913392762756143
 -0.200252320357826 0.376862962472509 -0.904363486496304
 -0.45643973135098 0.0126436882227113 -0.88966449226232
 -0.474966342725629 -0.236991791237872 -0.84749151273845
 -0.632856538500376 0.654290054452517 -0.414001360289848
 -0.351738566986652 0.219621092952569 -0.909970634704492
 -0.118270307516908 -0.671676023510398 -0.731343594899904
 -0.402610694602319 -0.50018013960275 -0.766631891156905
 0.27558220191959 -0.0174732141947301 -0.961118690261955
 -0.446206839581117 0.314523865037979 -0.837839002811759
 -0.978718285597377 0.195876822825791 -0.0611783271837727
 -0.820276849519751 -0.434263871764995 0.3722375314522
 0.275206804952431 -0.95038495190324 0.145016060158007
 -0.666754791918332 -0.0985409660588045 -0.738733866464872
 -0.0152084513008123 0.066798903650344 -0.997650544770133
 -0.0639971824081281 0.0270646147291917 -0.997583012722942
 -0.140222116915875 -0.989020316035777 -0.0466537500756707
 0.40862543222844 0.709816649803753 -0.573746964957112
 0.119761816463689 -0.0499370913478663 -0.991545961730989
 0.630566559106559 -0.775815030495617 0.0222901994966211
 0.261651991054908 0.139702346251044 -0.954998162317057
 0.097899888011189 0.725350828564099 -0.681382262337942
 0.126171534110148 0.0568399934560255 -0.990378694805281
 0.203020675910008 -0.563094398651621 -0.801066353905975
 0.366188704298274 -0.0847923107748799 -0.926669356824648
 -0.128783994230973 -0.347196040964175 -0.928907741365481
 -0.361820752884025 0.023108591371163 -0.931961230839179
 -0.945229334039754 -0.322963142890081 -0.0472896860353814
 -0.442878878817073 -0.163414771322977 -0.881563333635872
 -0.454994844596799 0.230870509800338 -0.860045637797708
 -0.000907133763399283 0.0340026287137496 -0.999421331745971
 -0.107262987509908 0.576783489096165 -0.809824337876125
 0.462748338452342 0.333171705726096 -0.821498989508302
 -0.493257466191827 -0.869554126424437 0.0239310105146468
 0.0866282795579028 0.455220518414494 -0.886154512935119
 -0.368011110387883 -0.820604860102553 -0.437236190413314
 0.0111569563105601 0.229143464019154 -0.973328718996407
 0.477260585929073 -0.865625294638617 0.151377615255513
 -0.829861731574307 0.136137056797633 -0.541106466635699
 0.116167889598286 0.16090933871166 -0.980108772607233
 -0.363155021064878 0.224375909821582 -0.904308510281256
 -0.958778836515933 -0.17385533298357 0.224760908172051
 -0.626688600424398 0.399753064937356 0.668923676641288
 -0.786040961618648 0.0186529502662637 0.617892930938683
 -0.0934912394101253 -0.976943031428717 -0.191941922196347
 -0.517625212002153 -0.80513950462102 -0.289507371233178
 0.110424269621906 0.657877366259122 -0.744985806336221
 0.0542416643504458 0.0977409178165249 -0.993732637500086
 0.234516440109709 -0.601479103644752 -0.763691644053393
 0.0679335765567996 -0.894234356048828 -0.442413771980643
 0.032269510901224 0.847214830084486 -0.530269469563458
 0.0152080854202138 -0.886980388047919 -0.461556611214934
 0.748068661572821 0.461792549100256 -0.476593033067139
 -0.293840472766332 0.137588415394889 -0.945900208538714
 0.334671993352265 -0.883854509637868 0.326796362676248
 -0.149954092208527 -0.959982727847027 -0.236531039116006
 -0.876928665676184 0.000209828462545724 -0.480620506519858
 -0.0918545809895272 0.270883719415656 -0.958219571135331
 -0.0935074658309583 -0.752315443369972 -0.652133289673908
 -0.852097021408784 -0.341919294179191 0.396259841990433
 -0.537582467925471 0.254503745722543 -0.803886144669975
 -0.900783881287319 0.433299772736472 0.0289776838183194
 -0.193470582717248 -0.0476638169088373 -0.979947597670778
 0.110386453811265 -0.978284106677362 -0.175428154631603
 -0.60514954136147 0.158793246744826 -0.780114566828642
 0.176047526939195 -0.977640490221103 -0.115005826542986
 -0.890004927444215 0.331504321985416 0.313043309511651
 -0.420259658610773 0.732728303922968 -0.535248588951459
 0.50580202512585 0.0637697056440856 -0.860289332736758
 -0.90237381872357 -0.418521277906958 0.102768824170411
 -0.3239620605566 -0.397401928255462 -0.858557098123802
 -0.360772448149427 -0.891836664121448 0.272893028831807
 -0.938185373995739 0.304777632468858 -0.164069493712734
 -0.379038531825818 0.198678609176221 -0.90380119586507
 -0.991970452877275 0.0910749259142772 0.0877495212987661
 -0.540326467305491 -0.414698450057169 -0.732169723663407
 -0.0574872767671217 -0.969745476763208 -0.237252867858743
 0.0513160704486922 0.203183215313488 -0.977795091994523
 -0.490432155518913 0.403747750595449 -0.772310853686641
 0.198921428923516 -0.899217891883661 0.389663249526218
 0.079944437522574 0.0153010704292173 -0.996681877106692
 -0.88964610759615 0.35945830914269 -0.281637226281074
 -0.899123235704073 -0.291978658426164 -0.326076478821601
 -0.231236648446357 0.922103046817097 -0.310250839589391
 -0.404218773477373 0.663782701301679 -0.62928507738631
 -0.755365891731324 -0.654820923523041 0.025138172673711
 0.090721341367989 -0.994259377325756 -0.0567267910267507
 0.191709997662492 0.608543901926707 -0.770014023394422
 -0.723759595159139 0.0195355111150751 -0.689775624547977
 -0.974174955339425 0.108150386024216 0.198208603224586
 -0.170087510162502 -0.936138633313244 -0.307757531354039
 -0.501522413355228 0.338001125819623 -0.79638590384751
 -0.2218243607416 -0.956686745353966 -0.188532289663115
 -0.748377603434123 -0.387360681146183 0.53840752723208
 -0.620649565349569 0.315888616218759 -0.717640926351604
 -0.405362861858697 -0.59110132375394 -0.697337920438913
 -0.296629755905066 0.424012102638442 -0.855701188925099
 0.523667655203935 -0.850694832693209 0.0457218604420862
 0.29232231745349 -0.77254468700993 -0.563668669779819
 -0.358896583384525 -0.0497024682578571 -0.932053060229937
 -0.136367884747992 -0.0770917908321624 -0.987654117490353
 -0.2121958977449 -0.944085467237541 -0.252340110824875
 -0.657798906073322 -0.681807114019383 -0.320061960315971
 -0.26548632948581 -0.173458493699054 -0.948382391137566
 -0.188880110184457 0.00734689099515658 -0.98197267129458
 0.236743687767003 0.567428634184592 -0.788655293147702
 -0.0349332369899537 0.624656155956112 -0.780118167830706
 -0.572899614609718 -0.72302676877295 -0.386028915002209
 -0.380142295785086 0.318630092869436 -0.868312558283743
 0.0998259460722177 -0.978259670273714 -0.181776780714017
 0.0712809887574929 -0.996914488333119 0.0328713187029241
 0.235630065905401 0.519653484441041 -0.821242186050924
 0.413975871926959 0.237677719532348 -0.878711146566502
 -0.907399311982311 -0.257085581160615 -0.332465776544501
 -0.286237605739705 0.253927383961153 -0.923898758920612
 -0.73753709173328 0.40468207582475 -0.540621360865242
 -0.274406364949713 -0.730481913737942 -0.625377742310069
 -0.537848381177296 -0.793002500151668 -0.286122619899521
 -0.442326537228339 0.749308891884415 -0.492832039346608
 0.268811537109261 -0.77341605996192 -0.574080095204437
 -0.276621982814465 0.251099627742086 -0.927593259770456
 -0.386922811061246 -0.117418769357744 -0.914605691477468
 -0.384675301153671 -0.66945194949404 -0.635499016522419
 -0.984297695810334 -0.13690711955733 0.111420315189746
 0.263765431033936 -0.205566275819277 -0.942427877154148
 0.287253526408831 -0.956122333325093 0.057580337639432
 -0.936055136858994 -0.33157937860337 -0.11771107188745
 -0.939320372396859 -0.312211661147688 0.142130632319806
 -0.828798963516254 0.182604697823133 0.52891190420268
 -0.75798846256336 -0.434748502974013 -0.486258398161603
 -0.923659750188355 -0.381454619188119 -0.0366747785546581
 -0.415633558479983 -0.904041199050727 0.0997910591395417
 0.249590014894229 0.242846205935969 -0.937406285837472
 0.24578809761488 -0.957180599014403 0.152949377054262
 -0.9812835369834 -0.111201091589965 0.157216211869348
 -0.390370492209883 0.493587911819069 -0.777162693467658
 -0.451976084837277 0.0286409380233198 -0.891570140484926
 -0.974651786904964 0.22297013587993 -0.0183905624885861
 -0.165465065035649 -0.523128683741021 -0.8360368966141
 -0.946794163621294 0.252868309262477 -0.199094022771631
 -0.151202637509283 -0.0281129302096574 -0.988102942797593
 0.241323619106011 -0.390427754825923 -0.888441939083903
 0.257536600528628 -0.346368421656729 -0.902055328606391
 0.217921418987165 -0.637696583478124 -0.738818869931561
 0.221671869681319 0.294197315879258 -0.929682484250095
 -0.66313735231598 -0.650520077688719 -0.370233008370695
 -0.120935837458097 -0.894786400879159 -0.429804397394943
 0.545408923368432 -0.353088275261324 -0.760169570676879
 -0.399206153203433 0.182347152304404 -0.898545470908953
 0.0871651935791217 -0.912656556096133 -0.399324729566128
 0.284268098831985 0.166273975803651 -0.944216401550458
 0.215842204641776 0.62532584059447 -0.74991981956753
 0.697750231212476 -0.261602999758749 -0.666864667950073
 -0.983518544889481 0.0307501236459171 -0.178173235235369
 -0.57756318066636 0.58797578089211 -0.56630844371497
 0.0847065380300407 -0.536769563075748 -0.839466043726866
 0.0843382442036598 -0.991933319270198 -0.0946327146723162
 -0.96981496436943 0.241856442130675 0.0310547304772243
 0.00273676639568588 0.676263578902742 -0.736654655832263
 -0.673567659173885 0.187948396615965 -0.714830055834603
 -0.167480221916103 0.151903381979998 -0.974102529413599
 0.409607692700568 -0.245275531544382 -0.878670274736854
 -0.259208270598515 -0.965539316556759 0.0233431068290656
 -0.167475307573847 0.373949980796184 -0.912202517654703
 -0.98476174090315 0.0721319463850793 0.158244418429519
 -0.173813093164372 -0.946532704522428 0.271780882171817
 0.111459326503657 0.335552068039222 -0.935404526485709
 -0.140527873284422 -0.930936081601694 -0.337060719755717
 0.328744615485673 0.462271569185884 -0.823548404231104
 -0.976686748714065 -0.214662418281478 -0.00174386464400194
 -0.389473803781917 -0.0584585252014332 -0.919180481189042
 -0.183015360735726 -0.974165451025078 -0.132314216030926
 -0.477614871284044 -0.139774753369184 -0.867379417007868
 -0.950906573930423 -0.305257648572175 -0.0509357992387602
 -0.829346198104393 -0.359447951269797 -0.427764016740228
 0.595021398070275 0.249447253444667 -0.764019373829884
 -0.991131566530224 0.121662766417608 0.0534451971177899
 0.0969584977980494 -0.735282247236914 -0.670789882603323
 -0.246037010966705 0.351204969402972 -0.903394077189588
 -0.507841850303246 0.371099763107996 -0.777419848538591
 0.520108170791058 -0.841337551136957 -0.147100699261586
 -0.0708457266671674 -0.989096799600225 -0.129106173491405
 0.00613256787427947 0.00678256269084132 -0.999958193353408
 -0.584195112174645 -0.443783754205576 -0.679538115497916
 -0.689558576509962 0.708163998010554 -0.151699444571375
 -0.509050750664255 -0.721740658103518 -0.468996541232938
 0.0560316560903918 0.463015713029498 -0.884577245357099
 -0.986361571354266 -0.127404646417986 0.104206077685765
 -0.371955396239673 0.667282540149117 -0.64527761066097
 0.20109592050459 -0.313875587716554 -0.927923782533889
 0.078191833440993 -0.941825416220846 -0.326880593709028
 -0.922453853483726 0.381523662980579 -0.059317643066001
 -0.28418685068091 -0.501724550327491 -0.817013041204817
 0.249462144632153 0.383913139604709 -0.889032811337344
 -0.419428052430913 0.29370906841394 -0.858961635910142
 -0.306427724180664 -0.939511696144124 0.15303536408899
 -0.176024887249396 -0.841759729607822 0.510348701065658
 0.383587453907334 -0.171288191462738 -0.907480589693418
 -0.827491996660291 -0.557232392333049 0.0689133978116837
 0.0809277206429788 0.618525553873358 -0.781586107372174
 -0.109441662671365 -0.296307666004436 -0.948801501652865
 -0.752759714303063 -0.642614340208435 -0.142827246283222
 -0.388305901432395 0.355664541885146 -0.850130143306544
 0.374169521634709 0.14236378025135 -0.916367679019835
 -0.325117628407203 0.294493379989164 -0.898650197152059
 0.0307173575692691 0.391237374181375 -0.919777016992502
 -0.827368292994476 -0.540727941676294 0.151904578067698
 -0.873064705839084 -0.0362194272461356 0.486257311007326
 -0.182255821920261 0.259465111091229 -0.948399004376632
 -0.80687158845984 -0.355640497189627 -0.471675817161543
 -0.0519679331625488 -0.475749959932908 -0.878044024833977
 0.827261305355824 -0.556912010988125 -0.0740793134291914
 0.497657664304611 -0.777380134573393 0.384729743494745
 0.20062939492407 0.389494341864014 -0.898911566033234
 -0.774262659038645 -0.104618117246151 -0.624157339428351
 0.00732526675134376 -0.739990045421677 0.672577930907524
 -0.558510723271408 0.60532639734898 -0.567138188330986
 0.144695967873991 -0.581437022311862 -0.800621050164261
 -0.913012091092002 0.156482843923116 -0.376725418677242
 -0.817529467825227 -0.412422019961748 -0.401937366623299
 0.459995667420384 -0.886878681180038 0.0430138445483817
 0.047310083917328 -0.279794375309693 -0.958893562135441
 -0.80117671041702 0.544046531819904 -0.24925739688141
 0.202274133182291 -0.204503659604438 -0.95773870562578
 -0.191319135819293 0.236954428410024 -0.95249650242205
 -0.159728447354094 -0.0514161570037523 -0.985821080067177
 -0.873587003376791 0.469258210022871 0.129005735753454
 -0.935581709776735 0.162309773985715 -0.313595920891752
 -0.863477292080605 -0.459161148897855 0.208753456028752
 -0.423782321091361 0.463955074694513 -0.777916597711881
 0.0296627748991018 -0.379117370137404 -0.924873039635919
 -0.777723593770844 0.561334994331049 0.282929383117987
 0.0774686993615121 0.129084092749173 -0.988603003039318
 -0.823035048254235 -0.567585614013228 -0.0214448154661191
 -0.971714819759509 -0.200833478256471 -0.124242597651335
 0.43743648938442 -0.868631759248763 -0.232654646588957
 -0.183865163833053 0.371141402329507 -0.910191002485485
 0.151509460854578 -0.0377915423233386 -0.987733102918181
 0.216838946014164 0.0781779364043161 -0.973071981793243
 -0.942970011410671 -0.0233591059226765 -0.332057088089763
 -0.832258385669956 0.279277619635353 -0.478904991259071
 -0.402614079936301 0.550252751829544 -0.731521572984051
 -0.635530303271531 0.597845975965831 -0.488550327648093
 0.0689950760995363 -0.979767239495938 0.187871860278567
 -0.830686636684633 -0.550942912652991 -0.0801350025332954
 -0.976967895104845 -0.16223533732541 0.13861250757893
 -0.00487166028888751 0.264421545507235 -0.964394894842147
 0.442506908924693 -0.109477175513916 -0.890057517015282
 -0.189885940230881 -0.0834581783326068 -0.978252555412986
 0.147493471689428 -0.936297985791352 -0.318734619412542
 0.299640962357525 0.604930822535582 -0.737749275583434
 0.130784898220945 -0.358670845541409 -0.924256747314267
 -0.700291511775325 -0.491194213861352 0.517996180299197
 -0.144003210996217 -0.989434741681118 0.0167918783106281
 -0.518000445938445 -0.209482389743208 -0.829332663287204
 -0.267464201895834 0.301051713192068 -0.915330960193277
 -0.959308904979922 -0.232704011690112 0.159922693103733
 -0.767594388343683 0.37571044824575 0.519269211548562
 -0.572578710691853 -0.0385651972452862 -0.818942211406817
 -0.785909038471544 -0.258973547395508 -0.561497715933128
 -0.504127339078072 -0.151643588157794 -0.850211649040809
 -0.0928145013618214 -0.99566388973419 -0.00623594550490779
 0.0807529833477991 0.0657040614809302 -0.994566202917302
 -0.851289972715839 0.187846578403585 -0.489917386235202
 -0.19215607183472 -0.0751975183102899 -0.978479114389788
 -0.0174465312386726 -0.992593240113628 0.120225946569233
 -0.994833110623719 0.0572616512014887 -0.083834272874608
 -0.957646773392679 -0.152109553913055 0.244489960977874
 -0.861875077986207 0.468892568043711 0.193160838628442
 -0.901522258054208 -0.432726385889948 -0.00234375499261216
 -0.9665319346987 0.227126703459499 -0.119287383168584
 -0.734762304699946 0.0255402437655087 -0.677843677805157
 0.10886789754034 0.875842458986212 -0.470157173636788
 -0.0708939515418065 -0.994569496182304 -0.0761942576475893
 -0.389053558393994 -0.359395217225234 -0.848217193021103
 -0.599835577298527 0.136879106541351 -0.78832822504296
 0.170272067279957 0.766512973426598 -0.61924573851818
 -0.960490660972937 0.274567806628252 0.0454995576585129
 -0.133166493143173 -0.207346923745707 -0.969161461427941
 0.32365077176472 -0.167691160002117 -0.931198073877543
 0.153433726624974 -0.987737607590626 0.0288532508587657
 -0.156054420268795 -0.14258990107666 -0.977402239625794
 -0.950882699207146 -0.140086679574197 0.276039516291434
 0.0363831940300855 0.0327496980081636 -0.998801141605547
 0.149518804535468 0.0231970310363412 -0.98848673478271
 0.059166221654706 -0.979607591186752 -0.192011264003952
 -0.161360233133602 0.406150445428643 -0.899446880500002
 -0.390889657741018 0.599163863491799 -0.69871878474583
 0.0839849789434476 0.277826698706579 -0.956952897899198
 0.0164583408877596 -0.10364916154094 -0.994477739482932
 0.121210176804462 -0.191948046748033 -0.973891185086222
 -0.143851337914232 -0.234241102785493 -0.961476935940807
 -0.864812547434971 -0.44385576667343 -0.234715394019601
 -0.927620917049817 -0.30122257611306 -0.220871894752295
 -0.291316676192047 -0.700270032336098 -0.651733439363379
 -0.0369991439348272 -0.229823524261157 -0.972528771319528
 0.0451683722899137 -0.107492557536913 -0.993179323294063
 -0.330511061771051 0.204921251429912 -0.921286990442919
 -0.0640744231921449 0.013269349116687 -0.997856899894275
 -0.957846935335772 -0.18962676286262 -0.215803010345344
 -0.150890585946762 -0.226400086262341 -0.962275964582431
 -0.200650716287999 -0.96636383670241 0.160873320245809
 0.0354212643722492 -0.51809866085367 -0.854587100096827
 -0.641047957408628 0.251212437354599 -0.725223984449348
 0.463562110860097 0.248413093104905 -0.850529896328745
 -0.78630519449686 -0.0773548722346865 -0.612976642987978
 -0.441290782146626 0.598082216796487 -0.668999332992357
 0.0446698213709837 0.226674963790141 -0.972945562634119
 0.341518426833672 -0.917418640452753 0.204225860955161
 -0.944750389702966 0.190426881996608 0.266803867605295
 -0.0549660859919896 -0.415683349120377 -0.907846948915283
 -0.560743288341318 0.249708237555455 -0.789438256405853
 -0.812484344026075 0.0859363280165056 0.576614375678891
 -0.494963145777016 -0.866294742211716 0.0674159027148344
 0.313176182190368 -0.129582466623644 -0.940812979955314
 -0.97482862930165 0.15584640281079 0.159439776168948
 -0.990647248569137 0.132531704129059 0.0324557591660637
 -0.371840880696165 0.472906470552626 -0.798807755065359
 -0.950222310655168 0.302505090409348 0.074620577655136
 -0.615508970800657 0.48085984284592 -0.624437761832285
 -0.680644988400703 -0.694518804823419 -0.233165240787851
 0.0345479802882463 -0.336195259584618 -0.941158426881911
 0.353680467595905 -0.93503330258551 -0.0249569608962212
 -0.797383751138766 0.447072436052733 -0.405346013107006
 -0.931833848138188 0.197875771139935 0.304188853608663
 -0.280398987609729 0.622516694856313 -0.730649965696715
 0.194509882910075 -0.980397656721959 0.0314060526714309
 0.193884402484186 -0.950087009721514 -0.244424860502737
 -0.319356785522105 -0.943101843610551 -0.0925751376956446
 -0.686058564023107 0.0798510033649247 -0.723151065816934
 -0.285113706359 0.681190373108172 -0.674306940518176
 -0.951674902876458 -0.197722317704265 0.234990987735142
 -0.918675780020935 0.0413528172974645 0.392841896574804
 -0.0502623572846494 -0.941774202885695 0.332468113086358
 -0.487034024716132 -0.119417868099264 -0.865180461838704
 0.521282182709289 -0.466076100239782 -0.714869187177008
 0.343523890753654 -0.916598810244965 -0.204543290134356
 -0.955650078710156 0.166366285621911 0.243012728205007
 -0.537689702243134 0.14109190197107 -0.831253787540169
 -0.407035723789425 0.0985098454812916 -0.908084649084253
 -0.175710805147924 -0.211481143980759 -0.961457975521997
 -0.43630683237968 -0.0819059306013469 -0.896062367556599
 -0.867713531545916 0.404795197828716 -0.288468499124124
 -0.997602962126321 -0.0350948458657724 -0.0596379220835902
 -0.299158458620243 0.0579387475537883 -0.952442816219357
 -0.304708581168179 -0.170072065274662 -0.937138289248543
 0.0937256040393382 -0.22320684044859 -0.970254717857336
 0.735381899454881 -0.0824905121185575 -0.672613393685071
 0.689184728904011 0.681925369277912 -0.244953465337173
 -0.264339389945189 0.274247922475358 -0.924614927384019
 0.266992270418682 -0.628651727935895 -0.73041914850303
 0.0931719698803303 -0.669416656506048 -0.737021250725434
 0.0237650393323751 -0.122565053997728 -0.992175907006447
 -0.45040756179832 -0.364879252856865 -0.81485959472139
 0.260938476243516 0.746501012750745 -0.612084430105704
 -0.222283825901948 -0.614841992532925 -0.756676433464487
 0.459593559321295 -0.885759076843327 0.0648430259938636
 0.174944726174155 -0.366134214206087 -0.913969408662862
 -0.989995070118594 -0.140793710130503 -0.00932160547158054
 0.092865882718912 0.406500842228422 -0.908918584414699
 -0.281533442416168 0.299256948217116 -0.911693040307471
 -0.56330303220364 0.11600805012918 -0.818065905789632
 -0.405012404711259 -0.349365935833877 -0.844931000087536
 0.121734910528094 -0.949120601308495 -0.290431912383124
 -0.0634767068568539 -0.83088537928783 -0.55281117406609
 -0.449752775419889 -0.181736878174165 -0.874467922861448
 0.0206028625423195 -0.0346896062035116 -0.999185745132759
 -0.0997396236500353 0.0762887961718959 -0.992084687439934
 -0.982072073462484 -0.124540077745306 0.141506931138689
 0.255712038373341 -0.363660421955653 -0.8957468676663
 -0.0164485764099373 -0.657679898120018 -0.753117916360332
 -0.293131806086302 -0.910890378270647 -0.290434954911665
 -0.693152612322406 0.664919834907569 -0.278246418084969
 -0.722636731174488 -0.149928745485435 -0.674772203069017
 -0.419424157544979 -0.145209048273826 -0.896101394021399
 0.33579399501688 -0.0999951048935611 -0.936612711801377
 -0.404731417173656 0.212030397854585 -0.889514244033355
 0.551221261241643 -0.763546984528001 0.336379433933422
 -0.826448100854869 -0.183853108797795 0.532148072418539
 -0.0842764942412919 0.496768006807652 -0.863781812688106
 -0.978392449626999 0.131382680330629 -0.159645876307597
 -0.887239111174268 -0.45295215925981 0.0874133915631397
 0.416071233784754 0.302630321859082 -0.857496132182706
 -0.936809168801566 0.0813456758434659 -0.340252056967901
 -0.944068444190648 0.327204044879267 -0.040893589938953
 -0.040647801139427 -0.993250814441978 -0.108630455549436
 0.100519452972509 -0.988437711048978 -0.113519738153172
 -0.21902901598496 -0.240494003908675 -0.945615632400731
 -0.579923552440526 0.605846819150642 0.544645118448527
 -0.820709216551339 -0.532453610626511 0.207194436215066
 0.0190568639554176 -0.972397497992125 0.23255094460105
 -0.814722713503807 0.129586641800305 -0.565185104517019
 -0.67390547249109 -0.590828938980843 -0.443590553336445
 0.130907196978115 -0.176632564712995 -0.97553279948049
 -0.0446923762385517 0.73741357809344 -0.673961279562544
 -0.221819087925479 -0.133147738963788 -0.96595443569598
 0.498450387737318 -0.751086316163213 -0.432916339073604
 -0.207944655676054 -0.367535482170088 -0.906463837955915
 0.0584893163148113 -0.606190564683459 -0.793165808116925
 0.0108235037667539 -0.560431763555027 -0.8281298751795
 -0.582073130215423 0.664981616383617 -0.467964016728905
 -0.680280320065363 0.0492714102461351 0.731294068254437
 0.0807982622942586 -0.42500761222529 -0.901576491685972
 0.576790561914219 -0.106892816633838 -0.809868244493365
 0.141273420016591 -0.876373117373077 0.460447586531422
 -0.793927731071832 -0.497315540771294 0.349794240579355
 -0.945683746726656 0.299910246327965 0.125443594194896
 0.138661579023137 -0.954396387903274 0.264387029296055
 0.412974614900591 -0.908548388029717 -0.0631806462163216
 -0.137697531920836 0.197422966831647 -0.970599588847173
 -0.75814191747096 -0.643150277492568 0.10760368736567
 0.393445182642865 -0.819255687418744 0.417158251611021
 -0.261068219882815 -0.907660988682307 0.328625796600746
 -0.47044606914831 0.510884918368182 -0.719497808340539
 -0.987822529875215 0.154887929665151 -0.0147098169591723
 0.114021864144321 -0.992980470484372 -0.0314451861767409
 -0.401645151229185 -0.277132851396522 -0.872856549022185
 -0.554961208444998 -0.623675391329074 -0.550497105688844
 -0.237726786270674 0.497535585198023 -0.834232771204224
 -0.226981551461922 0.154316253438924 -0.961595481073259
 -0.752945354615246 -0.00296249387631497 0.658076375957498
 -0.101674147839698 0.0940166133171766 -0.990365207426755
 0.199277520123131 -0.343074871493685 -0.917925978782149
 0.434582557890118 0.186249438589684 -0.88116351887871
 -0.561870212374439 -0.266146714696458 -0.783241846879101
 -0.258932034954098 -0.10538869710634 -0.960128857912706
 -0.996649241443611 0.0647120667367231 -0.05002637253027
 0.18913469581143 -0.115046916229883 -0.975188327404667
 0.259918146468383 -0.965358879818009 -0.0229083018349087
 -0.682370618965259 -0.324650774216426 0.654959703473156
 -0.0551178170977418 -0.998218909880331 0.0228261734792354
 -0.348346646977462 0.186643154629532 -0.918596182427021
 -0.264559071598063 -0.0990937880299237 -0.959264780344328
 0.050459526589389 0.239738461968044 -0.969525299324144
 -0.884398477945696 -0.385814111194748 -0.262653391012457
 -0.146691254094074 0.264341862134638 -0.953207771629827
 -0.00240187046832415 0.396061535212915 -0.918220829290559
 -0.0688580857171592 -0.343778863140852 -0.936522641097882
 -0.0606552343012508 -0.0945972518905901 -0.993666092048334
 -0.35954067427411 -0.474622415697769 -0.803407783170995
 -0.168423829769822 -0.319908873303864 -0.932358153472751
 -0.554129594183155 -0.831934454782458 0.028730746530978
 -0.607716569136353 -0.230892333533968 0.759848209784283
 -0.958549551669329 -0.26662093235457 -0.100479029776907
 0.11650620860651 -0.985515793373444 0.123227125129366
 -0.367584932230917 -0.29757528482512 -0.881096060289706
 -0.940068570128716 -0.30503185890999 -0.152402915018273
 -0.949037221131509 -0.312644920344991 -0.039768161756082
 -0.115166042475759 -0.0098361562189408 -0.993297554960903
 0.237813182466808 0.116007283240463 -0.964358439834575
 -0.0646433269242259 -0.297695483757092 -0.952469757648398
 -0.134863542031038 -0.135502879094385 -0.981555293800596
 -0.962311124688748 -0.269918967607855 0.0331820768757286
 -0.760773867288573 0.608831939461791 -0.224826138031107
 -0.0647843496807962 -0.0779638139255708 -0.994849049732981
 -0.481214276530199 -0.19789286628263 -0.8539737897254
 0.211090611470285 -0.974870574188829 0.0711907109800445
 -0.796742982683549 0.00840848904314554 -0.604259809069355
 0.266614823708545 0.614852021889459 -0.742208546809659
 0.0658150281291894 -0.973789326978075 -0.217721677230225
 -0.18714758402572 -0.0367598479338677 -0.981643772135908
 -0.259073173169601 -0.963161858703927 -0.0721132781242819
 -0.573520777205073 0.342244320002329 -0.744273298956931
 -0.290189535653529 0.661497452646387 -0.691528129246765
 -0.976018189647549 0.198319012324055 0.0897667133626522
 -0.421349795298331 0.37067081253782 -0.827688044334704
 -0.402388494652926 0.727973765878297 -0.555101518250421
 0.0985040561699258 0.731003121812858 -0.675226915057397
 -0.0812725694219472 -0.758158709143139 -0.646985425809549
 -0.918477920146293 -0.349202090158969 -0.185623841228296
 0.502794105944157 -0.420341724134959 -0.755321734083606
 -0.150880633193842 0.806630264702814 -0.571474103168721
 0.629399984083848 0.296616261754481 -0.718244006795775
 -0.573907604834679 0.374142996262996 -0.728455269361318
 0.0633992553543719 0.597987052615783 -0.798994380033051
 -0.467909093976826 0.125500243011089 -0.874820420873875
 0.286249906310392 0.0480258909114878 -0.956950628266396
 -0.715000846313374 -0.257406261447305 0.650012158608499
 -0.388290236908814 -0.519804753662217 -0.760942645664875
 0.493079775418057 -0.697871586334026 -0.519468559261587
 -0.977312705631386 -0.055475314217216 -0.204407350464606
 -0.107265274451511 0.589660601181629 -0.800496431166912
 -0.763355191968241 -0.54954557035942 -0.339541627777022
 -0.164395854711364 -0.94266323739383 -0.290447970934389
 0.0821695573849154 -0.949342522201896 0.303309972434982
 -0.268003855524942 0.419346787509565 -0.867365093388692
 -0.186609995830221 -0.808559816331652 -0.558039185783553
 -0.204760431531139 0.885050258005776 -0.418042110896847
 -0.00350754469741223 -0.593260574553628 -0.805002849566693
 -0.527153807366786 -0.2715337909608 -0.805219388580006
 0.130350348599675 -0.377905979962497 -0.916621981477931
 -0.851729830326892 -0.463469893988406 0.244442127092895
 -0.9927606282065 0.0880831462820012 -0.0816559515534439
 -0.905098749119794 -0.395951542862269 0.154979450401573
 -0.035113233108048 -0.994604275512369 -0.0976186252372718
 -0.148622615831561 -0.903292829720562 0.402459167914962
 -0.985323591549261 0.168329351390779 -0.0283310676965173
 -0.746093034600204 0.2977934653689 -0.595536930596785
 -0.0241781194289729 0.244608322595436 -0.969320476962044
 -0.939139099337441 -0.332131027340674 -0.0877879990277103
 -0.235490580045131 0.33526715507147 -0.912217145991178
 0.403012160546957 -0.154185321170595 -0.9021131221675
 -0.967454619295414 0.248833751990298 0.0459708981247557
 0.254418087821326 -0.844705768641919 -0.470896592695684
 0.236830346724758 0.182184107256014 -0.954316686395853
 -0.530456071388189 0.0401907850026194 -0.846759149421063
 -0.881056331999638 -0.466605137701606 0.0775846976781468
 0.371735515455148 -0.892179351540379 -0.256571064686345
 -0.936206973331762 0.185385474271607 -0.29857784414466
 -0.953765369072971 -0.148340952816661 -0.261393539465965
 -0.708136486633885 -0.301347837066305 -0.638539111874345
 -0.842692007101065 -0.26003550415226 -0.471435804482708
 0.491318246606643 0.524574951871973 -0.695289508348782
 -0.709727976479417 0.443905325863734 -0.547023090072296
 0.173423881161586 -0.423638761283351 -0.889075000987633
 -0.204502461127918 -0.188320616593178 -0.960580079305515
 -0.774717182463402 0.288140066538691 -0.56283975450482
 0.707569683122465 -0.685473810891048 0.171670609332169
 0.302533263952051 -0.952832345163587 -0.0241691169176285
 -0.517595531947044 -0.0329327205184234 -0.854991404183523
 0.179921009893501 -0.0342557028502787 -0.9830844200887
 0.211653352025473 0.0565880340445325 -0.975705208031276
 -0.906254033061696 0.405075346056412 -0.120903232283877
 -0.375843860861245 -0.442698591996267 -0.814100330977353
 0.369533847512846 -0.817974685931116 0.440865227386153
 -0.0448435485461243 0.0460000867345836 -0.997934390716245
 -0.392089246893506 0.579085061681311 -0.71479123792058
 -0.988780186511134 -0.114559659555374 0.0958635862335817
 -0.992885339201245 -0.0931298652599122 -0.0741992681628292
 -0.907199607630298 -0.412451093007507 -0.0829033641799016
 -0.450057193516304 -0.882313623470267 -0.137735951744619
 0.0614298232684604 -0.237850220993685 -0.969357338233152
 -0.50423030435814 -0.691188024444387 -0.517697706225904
 0.163728276103404 -0.973081362110906 -0.162190364438186
 -0.0308178123718559 -0.989125012261397 -0.143812282366646
 -0.772359276449517 0.538863213680225 -0.33628497591269
 -0.251308376335735 0.331785634236041 -0.909264754017269
 -0.880197530724439 -0.429575379254848 -0.201785283022952
 -0.612184726654723 -0.346747802948939 -0.710630580260072
 -0.971107881211513 -0.180757103812876 -0.155808704731366
 0.292761657450642 -0.89440537730477 0.338126652269626
 -0.00100465110361859 -0.233710676768682 -0.972305667082366
 -0.0611483811191117 -0.892344614973721 -0.447193429752623
 0.123077075510756 0.362003162557432 -0.924016094980027
 -0.124544742167966 -0.991554133875202 -0.0361801989120152
 -0.48871481356064 -0.265686085876765 -0.831004653884606
 0.21917351188133 -0.637943601860174 -0.738235011724093
 0.0526940443697276 0.138807548190708 -0.98891647890671
 -0.778664458020626 0.215197244954022 -0.589382564706187
 -0.582864295215324 -0.159587780300997 -0.796743970006516
 0.352407050114863 0.0267784684612487 -0.935463620167139
 -0.285708173653144 0.144266652639122 -0.947395362266508
 0.0663831448800381 -0.183731911996263 -0.980732309343398
 -0.867130445198792 0.163405859506359 -0.470513885117467
 -0.323592026879787 0.407884666431392 -0.853767122247035
 0.68229871518834 -0.117323180234581 -0.72159804228669
 0.305295209299076 -0.951314842839148 -0.042366318850712
 -0.00500952030532941 0.123812784934228 -0.99229295018817
 0.204746404798472 0.18299435353115 -0.96155705826426
 0.445529218752982 -0.864500009397518 -0.232687449143801
 0.763013414251807 -0.443631515036716 -0.470108081762086
 -0.142855776918483 -0.567081100851847 -0.811178927276636
 0.291659868199509 -0.0761816547150684 -0.953483548241247
 -0.860254357654793 0.436894914359543 -0.262840776788358
 -0.958168857212485 0.263882681053486 -0.110807814291881
 -0.958849460832905 0.241945649616627 0.148559799717272
 0.15700122250187 -0.950584979038013 -0.267841023295946
 -0.61106287215088 -0.0605865329694111 -0.789260057459811
 0.73913759848286 0.201672872761819 -0.642653610353965
 -0.917774708072837 0.326878949161869 -0.225476690184708
 -0.83871953402093 0.458190032220924 -0.294298212065759
 -0.393449201434506 0.26451819750989 -0.880470243152299
 -0.470082000948953 -0.42267193120857 -0.774836338172292
 -0.877901266478885 -0.409360844108613 0.248421145689037
 -0.769506825711843 -0.347550525148004 -0.535787157043009
 -0.0159402195010952 0.24188334447281 -0.970174395183106
 -0.882553180299074 0.22487040502452 0.412956638024016
 -0.272454526994134 -0.904448850198861 -0.328238949691169
 0.333609468908198 0.234619355441557 -0.913049002138976
 0.308583241218251 -0.947059215174716 0.0886297139332482
 -0.308903067824879 -0.673964646237708 -0.671081627158767
 -0.634223683812778 0.107069671089889 -0.765699944118877
 -0.129630931560465 0.042507456426309 -0.990650764765733
 -0.123345368568011 -0.992340130935929 0.006854530391316
 -0.967950731570618 0.088982354624188 0.234847869518631
 0.500668834614049 -0.333639128008013 -0.798758818610638
 0.501144256934003 -0.853866581117143 -0.140592657679507
 -0.176565300157554 -0.970933815988604 -0.161592758965495
 -0.136126469658837 -0.990360228139074 -0.0256164552298439
 -0.0400532979160844 -0.548261805180538 -0.835347069370704
 -0.95879432933941 0.240875455181995 0.150640131165164
 -0.455722362975091 -0.213152450146035 -0.864224022393003
 0.377122483413336 -0.0933747485496981 -0.921444403552075
 0.186727941409242 -0.169358044872853 -0.96770374006403
 0.220652588074797 -0.927963702315101 -0.30032616030167
 -0.453639760025297 0.048176753255686 -0.889881996991698
 0.00586230234941628 -0.991819534755487 0.12751330867236
 0.45503265971753 -0.367311211043264 -0.811189098072898
 -0.96650574426533 0.0400742832085193 0.253496939088904
 -0.0389298227594119 0.126652456476639 -0.991182941826762
 -0.969199148290878 -0.177123030956229 0.171115291125943
 0.35136442651311 -0.936228456630826 0.0043950854114688
 -0.659020611431148 0.184160644230161 -0.729230204274102
 -0.953362497450875 0.0111451734926094 -0.301621838668969
 -0.324628499793476 -0.225773765982409 -0.918500159888912
 -0.978097870946944 0.113361014122006 -0.174567566650524
 -0.0970610399202931 -0.202446215879481 -0.974471489683341
 -0.868565222480727 -0.0064710104324627 -0.495532622862499
 -0.589786859975493 0.70796566014279 -0.388504934149917
 -0.964921187922421 0.262526165576432 0.00266711194358077
 -0.213633740080774 -0.969151333066567 0.122907765069569
 0.133450336608551 -0.8711681990516 -0.472500768909699
 -0.970650574097555 0.15350499608105 -0.185131518608377
 -0.604950659899027 0.793705949581216 -0.0637617807711841
 -0.957288817121364 0.00448760264493166 -0.2890985680298
 -0.89868118723763 0.244899998083369 0.363862768971944
 0.0530745579118535 0.341923913951177 -0.938227652742536
 -0.105896897425083 -0.985908315004733 0.129501511652453
 0.496033081759249 -0.751666174930326 0.43468280764948
 -0.638645437337663 -0.762460874639245 -0.103852876763923
 0.143368177771649 -0.871098506122163 0.469715827106319
 -0.260689271569863 0.193759984313444 -0.945779134981962
 -0.970159229583657 -0.175741756443819 0.167050603996773
 -0.658254462571808 -0.633785867933989 -0.406222274267992
 -0.608662770792716 -0.09987609104737 0.787117778917508
 -0.70031786382449 0.463826269730738 -0.542604903328352
 -0.833724204081798 0.274500105557178 -0.479117567594082
 -0.193634980437612 0.0518137061561688 -0.979704462685196
 -0.682557547725738 0.293413985240574 -0.669345521616356
 -0.804703985823854 0.0931422617529379 -0.586324154606264
 0.398829635592069 -0.0049330562666658 -0.917011770224007
 -0.461574364937553 0.0354735557355425 -0.886391974510133
 -0.9563996359026 0.0753312177389785 0.282178922103224
 -0.933028923304177 0.337901158179015 0.123611632054302
 0.0422662887613024 0.132865300883881 -0.990232484144699
 0.571357020232254 -0.808893072404601 -0.138719691634478
 -0.741453015980842 0.0771800053021343 -0.666551327261807
 -0.75885133966194 0.632866963238085 0.153701174800598
 0.0372453154619923 -0.860424419922709 0.508215115946788
 -0.985503666166376 -0.0225337967115337 0.168150979712864
 0.584947133059327 -0.789086039680767 0.187563518591962
 0.245043729027673 0.0253901627232157 -0.969179503756193
 -0.252836207056006 0.462335981433567 -0.849893694925073
 0.21231238298926 -0.179258103315279 -0.960619583615299
 -0.883815164956266 -0.34216055105294 -0.319056282646928
 -0.365716128925822 -0.927210185053457 -0.0808268877085171
 -0.295097054676887 -0.954634720018168 -0.0398783106068924
 -0.240139254517478 -0.488477117458244 -0.838882139611683
 -0.841533124173924 -0.368967975198789 -0.394568921984208
 -0.0780851682740735 0.200923954423295 -0.976489770061374
 -0.216369695074435 0.198415467563549 -0.955936952567969
 0.149375667288699 0.0189150201498406 -0.988599581243482
 0.271715424409559 -0.962324559214703 0.0101079607320938
 -0.879439189143023 0.440345390846179 -0.180783432205467
 0.479495927971369 0.538857641131089 -0.692615403852322
 -0.480625235301869 -0.0157684457253629 -0.876784317440971
 -0.987813546020373 0.118907116175804 0.100426570295963
 0.286318856514859 0.0700241813170481 -0.955572146117132
 0.746195941760913 0.316904804441052 -0.585459615534431
 -0.678556173452832 -0.142393422990233 -0.720614760158419
 -0.502042119780396 -0.326468005204085 0.800857260405668
 -0.314994985534795 0.243238388407498 -0.917394814402642
 0.015315368915111 -0.999882260413793 -0.000951201765002562
 -0.947420435589083 0.067664399585965 -0.312755571104439
 -0.8961242379712 0.439045339021078 0.0648115761604548
 -0.741982588248497 -0.536346380079469 -0.402236745352425
 -0.993240645263294 -0.0926479429703871 -0.0699240964211246
 -0.274783186158955 -0.960203885152224 0.0500269881454846
 -0.752738231443668 0.0495042687185964 -0.656456001801869
 0.506319352970696 -0.368621925677951 -0.779588730496288
 -0.994191013984942 0.0174583278910847 -0.106204682094722
 -0.934467295503823 0.101512168908906 -0.341271377641286
 0.152756170330351 0.233484013443149 -0.960286815431975
 -0.431607436770745 -0.463029148332362 -0.77415697911909
 0.351213153380246 -0.100730794161559 -0.930861229185256
 -0.919248123251121 -0.250070939694498 0.304051661760961
 -0.694382590457507 -0.607626109453129 -0.385516963544248
 0.323887770226107 0.597972706306226 -0.733161206564265
 0.0195918906247976 -0.643527019235054 -0.765172616692595
 -0.165415446625988 -0.359319554029167 -0.918437362104682
 -0.213834339226894 0.0469483534351635 -0.975741117037263
 -0.221977373670884 -0.973154290528671 -0.060801088837415
 0.225631157549898 -0.911136383749387 0.344849345295571
 -0.328498548208728 -0.0370228800272172 -0.943778581119135
 0.372326052238782 -0.0188725688637655 -0.927910090994147
 0.149141454689782 -0.718875804595411 -0.678950958509019
 -0.0530390928907867 -0.0376399227649332 -0.997882804160675
 0.089418001013701 0.492939450883318 -0.865456595594237
 -0.246994493222504 -0.463643849539085 -0.850898408214716
 -0.930035056988306 -0.332770321710676 0.155880421353456
 0.216805170501693 0.0606321962526054 -0.974330156990595
 -0.969158617017676 0.243031990508136 0.0408292376862301
 0.153329041418723 -0.45168577371786 -0.878902819928639
 -0.206031489402599 0.157921394596115 -0.965718312192207
 0.0635217022951909 -0.886205273956654 0.458917428029196
 0.348840124355429 0.784659400842495 -0.512464820557651
 0.516950311736707 -0.625808214719804 0.584060316734953
 0.332925735131796 0.381924990839162 -0.862144858048495
 0.334907922565885 0.175366226084943 -0.92578797256787
 0.416969162691898 -0.846621156446397 -0.330710348827163
 0.452603286843649 -0.108108842156331 -0.885134307879851
 0.0347672219372621 0.213242980466675 -0.976380392859491
 -0.380477555305861 0.242907046210289 -0.892318887399492
 -0.586878678502202 0.5793036899512 -0.565668322896406
 -0.925837066440609 -0.129541546439954 0.355027765323491
 0.0277227863099587 0.426344123824905 -0.904136126476089
 -0.305792078230343 -0.613230211185179 -0.728313059735543
 -0.793109636749048 0.485647473226429 -0.367591669988015
 -0.326929881772303 -0.15319468507633 -0.932549323558123
 -0.266522540687783 -0.955030541868993 -0.129932287760766
 -0.31297525674439 -0.483892103220914 -0.817248383972843
 0.11464900167546 -0.96914271897468 0.218215482203225
 -0.684763887913865 -0.449025122485592 0.573999004516459
 -0.864538971576566 -0.46056390049885 -0.201129958441349
 0.166122485037764 -0.783212461342948 0.599150699208471
 -0.0521447648743935 -0.551866007654302 -0.832300927004107
 -0.755266789123082 -0.597336335774527 0.269743172686857
 -0.0255587961702753 0.580985917953322 -0.813512207086201
 -0.363028183444273 0.471581535730049 -0.803630134566667
 0.352621551184774 0.652291836329163 -0.67094962694555
 -0.901687649293046 -0.0440295753972836 -0.430140418471358
 0.323793116682022 -0.301814888256888 -0.896697156689941
 -0.242662704161492 -0.00362446785429355 -0.970103950740231
 0.199831510284341 -0.599747465407866 -0.774835689184694
 -0.772440340660095 0.595542620489678 -0.220601240479748
 0.568427743036236 -0.593688653886021 -0.569582024991779
 -0.94863035341543 -0.311239994223761 0.0568341321259468
 -0.01301493940283 -0.706300908103387 -0.70779208710233
 0.007976133234255 -0.0673026464652744 -0.997700724204107
 -0.873327622186197 -0.193177145258669 -0.447192860940685
 -0.400446157933529 -0.796241795828557 -0.45347753767082
 0.550738706550278 -0.077683140125503 -0.831054875954391
 -0.279713963995736 -0.943371288259768 0.178355574157068
 0.144251562474977 -0.958926315267454 -0.244237197435426
 -0.1666746395925 -0.0404955308785702 -0.98518002237945
 0.194127471781112 -0.000783137531568305 -0.980975999398293
 0.315182976683983 -0.915725933160021 -0.249210165416325
 -0.416039702709379 -0.226368061764198 -0.880720424642583
 -0.688534619764061 0.638923679689242 -0.343069393736485
 -0.308141002137572 0.784931636595488 -0.537523440115109
 0.349116904753694 -0.237589479861763 -0.906459390085522
 0.0723547461547164 -0.406412604237096 -0.91082028184824
 0.40080351155856 -0.162760762565713 -0.901590527507557
 -0.15326283236969 -0.619736477526423 -0.769699423565564
 -0.698549880579495 0.714675728156227 0.0355902785425926
 0.918667642764636 0.0475988522945703 -0.392153173387017
 -0.00374716453031946 0.664649528950213 -0.747145877606404
 -0.672981179902115 -0.274846043783201 0.68669934011493
 -0.761937606206043 -0.558730971260124 -0.327522191620237
 0.306675576714148 0.329830370543106 -0.892839300946392
 -0.879536595000618 -0.368661091662849 0.30083945477393
 -0.950752914613912 -0.307195051905216 0.0412322135969343
 -0.0857856734489754 -0.11296043790102 -0.989889265372706
 -0.585299202836834 -0.111341105645878 -0.803136352901623
 -0.953427588985609 -0.139393364323791 -0.267479574067971
 -0.660743307833352 -0.664440966757472 -0.349194047554991
 -0.24964347051274 0.494889118538079 -0.832323793954587
 -0.201179222539357 -0.950550512284372 -0.236602290805431
 0.058394265300581 -0.237706768794079 -0.969580116261407
 0.0180810657090364 -0.969982375899484 0.242502093820277
 -0.391146017527425 -0.00334816483962042 -0.920322542788474
 0.0422108232447475 -0.400000625943023 -0.915542323241362
 0.291699735944152 -0.952003826928835 0.0927360639824923
 -0.251149499884574 0.44537209611031 -0.859399572209596
 -0.340302768559252 -0.697725429905853 -0.630375483480759
 -0.309660834352754 -0.200495451946906 -0.929468526318435
 -0.555214947659281 0.0666877244895374 -0.829029015956685
 0.680876401275583 0.232434346851661 -0.69453696848307
 -0.276859439139024 -0.117679574251511 -0.953677287536832
 -0.757225468205719 0.39842981330253 0.517555092886101
 -0.965369735279223 -0.166480590929175 -0.200861860617678
 -0.0194840392956555 -0.973883954636002 -0.226208786556287
 -0.988010119379409 -0.0413453847153576 -0.148750002240757
 -0.010444973878334 0.0235547012248122 -0.999667984168189
 -0.105114830961735 -0.798580440804713 -0.592638297679146
 -0.750939762318565 -0.00821746394539345 -0.660319579185142
 -0.722303896830528 0.181452411295898 -0.667347063422278
 -0.708614230607329 0.365983557565041 0.603259403385326
 0.111869530776717 -0.344731791649542 -0.932011373272823
 -0.206916247335922 0.0973312904494453 -0.973505154833741
 -0.462330199791349 0.795717868598135 -0.391259325709347
 0.412046533482999 0.445042306971041 -0.795081756331094
 -0.280876930796904 0.372330262464624 -0.884578049354117
 -0.510417796457509 0.0744027732212093 -0.856701756970565
 -0.954485259844259 -0.288167529520886 0.076924402304258
 0.315014816248564 0.0791622462966846 -0.945779574903765
 -0.66215569098189 -0.231240512553085 -0.712795669357272
 0.246819680878599 0.288465417841517 -0.925131205743545
 0.0442016821448881 -0.512814803364237 -0.857360594351094
 0.11695252002927 -0.487189761356273 -0.865429514454194
 -0.440421286724639 0.491676261652519 -0.751188088249019
 0.528751918673099 -0.8203359323316 0.217876952946296
 -0.201352053227676 -0.763455791959303 -0.613671414019582
 0.21842491189195 0.195089655730418 -0.95615405876458
 -0.205323324254438 -0.960629312144731 -0.187172800282112
 -0.916792597792531 0.202095131907943 0.344454482177156
 -0.847252386848514 -0.0420027288238631 0.529527302176994
 -0.195536304100309 0.199206261114919 -0.960251227185577
 -0.915803133735945 -0.398121704597324 -0.0529502461556527
 -0.359580790026059 0.317844462928146 -0.877312118251055
 0.0558655298628631 -0.659849942317755 -0.749317753824369
 -0.127051519050353 0.000173804295529788 -0.991896104085032
 -0.207855557391728 -0.826398750658515 -0.523317467863839
 -0.929751303995659 -0.161187359089144 0.33103043362845
 -0.531976518492576 -0.0283876103538351 -0.846283124817526
 0.175340092743089 -0.923352712903808 0.341578130813467
 -0.768668785571295 0.270911543996924 -0.579443900146989
 -0.942557005537172 0.0425593802831313 -0.33132309074786
 -0.868452008037184 0.390831880920002 -0.305027130912508
 -0.714991629383327 -0.0475415145180532 -0.697514712611215
 0.0864190180385811 -0.825665789969926 -0.557501351204269
 -0.412564397609148 -0.488082446541817 -0.769133371531333
 0.111017309520653 -0.956028719332016 -0.271448420144935
 -0.486293225723786 0.0765984129599916 -0.870431836358922
 0.135638269566233 0.276901020516944 -0.951277080910579
 -0.822877184793873 -0.0936705037872504 0.560445336733168
 0.452226913754514 -0.834675671678565 -0.314336351038188
 0.0399963212199406 -0.677787662352712 0.734169039834368
 0.00564198235246054 0.237882762689549 -0.971277488285568
 0.200740184415195 0.556426509492968 -0.80628339800248
 0.276482349325424 -0.943920581576964 0.180475611058392
 -0.0725090123728149 -0.551157682186928 -0.831244640578845
 0.610228939403681 -0.119514456201422 -0.783158308564199
 0.1437064530235 0.121829434696933 -0.982092686155859
 0.525187532820278 -0.813717471364399 -0.249082179544178
 -0.978742438603808 -0.184720786736106 -0.0891149248076048
 -0.260712030026504 0.53562360907089 -0.803203950939818
 -0.95972353043946 0.215526924740303 -0.180219005193143
 -0.406200430306966 -0.8467637101021 -0.343500261532015
 -0.532030786591945 -0.823039174108715 0.198871214610866
 -0.752192934649692 -0.00960230332870511 0.65887296562681
 0.0484425065790872 -0.986617913015599 -0.155686920687254
 -0.127477291199813 -0.855668297833222 0.50157881166528
 -0.991148704187878 -0.113705803986649 -0.0685217945360437
 -0.893615780865803 -0.221432902338849 0.390407871269772
 -0.691468679951966 -0.0146733979762024 -0.722257402895476
 -0.975048805959244 -0.00705208503118673 -0.2218785570851
 -0.7637435421003 0.491991503338265 -0.417899703927918
 -0.559417918943884 -0.75438748407063 0.343440119732798
 -0.1812196903712 0.768705891420592 -0.613392758611512
 0.0640079189704292 0.118260806962026 -0.99091743745166
 0.127997722110396 -0.985290987584465 -0.113217723521449
 0.0420672011524229 -0.266520465518977 -0.962910791323241
 0.116192069635382 0.964888954382092 -0.235560414045486
 -0.963019749614162 0.0319004183279545 -0.267535652135519
 0.165543516745616 -0.504211974096649 -0.847564528069134
 -0.379114000091714 0.647533143018542 -0.66103963846882
 -0.0486173297552209 -0.0989741047085659 -0.993901645961314
 0.473517621889484 -0.878365994986403 0.0652245399498915
 -0.240161366930016 -0.0329126905483068 -0.970174867039534
 -0.834293969367847 0.51185066991356 0.204847417326853
 -0.930671236611842 -0.203310358207869 -0.304164343059426
 -0.103675216772634 0.22889617547616 -0.967914247379144
 -0.956582454997405 0.291458989067925 0.00129014830159146
 -0.976625257670178 0.0947019993296281 0.192962787613646
 0.350625320819203 0.15270114381339 -0.923982816441147
 -0.265177077835984 -0.927921835699149 -0.261996534753973
 -0.50565360462492 -0.0423621119498592 -0.861695934538961
 -0.717706487591733 0.690378009574823 -0.090970333429333
 0.102461566715172 0.105285269277771 -0.989149452519375
 -0.148576633965371 -0.895191316834038 0.420187446390848
 0.241353302742061 -0.412756731193439 -0.878282678930882
 -0.60150800774147 0.20926719384549 -0.770970400341623
 -0.693550197126534 -0.515993287892593 -0.502731589335241
 0.667809923014033 0.673679901452182 -0.316520610866607
 0.463034103420425 -0.787671145006033 0.406415534145201
 -0.587026919681534 -0.132066890807886 -0.798722562546939
 -0.197004851670252 0.453729096917941 -0.869090901476026
 -0.665829885978821 -0.743839726652669 -0.0580777409229536
 0.255006849943255 0.35896572356691 -0.897839136920475
 -0.175417613841479 0.0846573111745117 -0.980847490907156
 -0.824483113018206 -0.124687009203429 0.551978936268144
 0.435308761703761 -0.804224909879782 0.404633879343779
 0.249488200056237 -0.839448196414789 -0.482786043262082
 -0.470833070834406 -0.696980176851714 -0.540864911493061
 -0.26691505931193 -0.103686921471925 -0.958125969498888
 0.15051926181825 -0.847315989885849 0.509312836187595
 -0.24431722056624 0.46927541509577 -0.848580980532489
 0.397541300177417 -0.905122174286248 0.150714180714968
 -0.0321206971372786 -0.98107664347887 0.190936849339381
 -0.848508180868576 0.44744700800847 -0.282533258260631
 0.376413650932927 -0.925917652738157 -0.0314525633169395
 0.143804873754459 -0.9839174684867 0.10595552600591
 -0.218935817677484 -0.559630239235221 -0.799300383505113
 -0.289760113811393 -0.925063480179314 -0.245553729522775
 0.286726210651364 -0.347813967919412 -0.8926441193699
 -0.34142592932406 0.356827572864956 -0.869541498738563
 -0.0757808069985542 0.0426843505200626 -0.996210477515333
 0.428616805335319 -0.793376943108517 0.432250691529731
 0.326069085644028 0.509167992590122 -0.796509200643039
 -0.907867433086518 0.207610783220069 -0.364245091431094
 -0.23631565324834 -0.786527909090035 -0.570551277495956
 -0.318981405956573 0.391122284517004 -0.863292662547393
 -0.834779037958546 0.448985587614855 -0.318678364341146
 0.229499198400477 -0.970467440795087 0.0743173216025254
 -0.68245582719223 -0.581924841888214 0.442286696979172
 -0.975139405058634 -0.0303965692418992 0.219497583768513
 -0.105978010274986 -0.994364618741629 -0.00276881436172759
 -0.722556203705094 -0.310488618036708 -0.617664431999235
 0.482353877448987 -0.390325112676861 -0.784207270639416
 -0.157246824389897 -0.474494019548233 -0.866099798887088
 0.428906616388168 -0.813445799839303 -0.392867719649056
 -0.057075146762637 -0.803945380504872 -0.591957982281598
 0.464948024587372 -0.844915190354945 -0.264464847455703
 0.612877130745145 -0.181208036913879 -0.769119802090296
 -0.18654118477513 0.36247983209301 -0.913132387832408
 0.246687661661461 0.517996664467387 -0.819038859386209
 -0.971659993073179 -0.234214671239126 0.0319428495500588
 -0.916395409958629 -0.0999011393204336 -0.387607036790142
 -0.169516791672663 0.0875245631438987 -0.981633082260106
 -0.0274741927346347 0.46253937668439 -0.8861729479904
 0.0472036495669599 0.0121278697503754 -0.998811659044325
 0.217486881125281 0.503718782982501 -0.836042369864725
 -0.605877479860847 0.0238114450121021 -0.795201543310816
 -0.00899153790458058 -0.48322851008978 -0.875448090569922
 -0.198832317112533 -0.165244584570792 -0.966002037752347
 0.0737464568122809 -0.99722956522723 -0.00972904642527086
 -0.179543186000474 -0.112095787645578 -0.977342713050503
 -0.220012219927516 0.218628397210553 -0.950681990476159
 0.315090201509558 -0.938105168584963 0.143794497762758
 -0.808869616140934 -0.396626226175393 -0.434070939817312
 -0.584565925986636 -0.0142081558022015 -0.811221798575511
 0.394890529148352 -0.494372730019724 -0.774375279694399
 -0.079865533802364 0.513003369067849 -0.85466311482098
 0.134261480266535 -0.923387852617878 0.359623036740395
 0.384459476992057 -0.900812111960353 0.201812907160379
 0.747104259522967 0.576540996517119 -0.330810678088974
 -0.183332827386498 0.53513415046855 -0.824633564321011
 -0.636299108365445 0.604917318745062 -0.478746782940235
 0.12608410436958 -0.0202596613750549 -0.991812656072854
 -0.243924633144883 0.245706433418862 -0.938151971655828
 0.148634378983634 0.188581614868078 -0.970744454487327
 -0.660795034426944 -0.0859054742136163 -0.745634073776694
 -0.331324191205154 -0.149917471756452 -0.931530478290649
 -0.674651906469104 0.575398594872871 -0.462343229771918
 -0.89972753784029 0.427637302092887 -0.0872736816604302
 -0.841761808915826 -0.408373615365014 -0.353083626531257
 -0.935556166297406 0.162423615534079 -0.313613183427831
 0.327338955961908 0.0157146072548093 -0.944776301051522
 0.514721587684705 0.225942786717378 -0.827049904359902
 -0.968825256252478 -0.238901193253699 0.0656036790834109
 -0.144313879540085 -0.989429395814558 0.0142469249358522
 -0.0409699148919486 0.0670084754317883 -0.996910893858651
 0.218595994459054 0.302747736174414 -0.927663516285795
 -0.00312446543273734 -0.0173432383687824 -0.999844712842271
 -0.35417918868412 0.378946086307735 -0.854960213094802
 -0.161629997640728 0.200774518657041 -0.966211848675378
 -0.0901297958441259 -0.992887244055489 -0.0777916479642423
 0.649388009648412 0.219806264891676 -0.727997540407414
 -0.84636762176761 -0.316494348130369 -0.428361035138553
 -0.401835981945264 0.846071985848981 -0.35027137818504
 0.132383238293943 0.648436973826942 -0.749669373252614
 -0.543026405381035 -0.0887980103827048 -0.835007327160083
 -0.998194074445322 0.0586548195127629 -0.012969267140911
 -0.588512064556243 -0.355935678080414 -0.725922408347603
 -0.943710800465918 0.233967026764442 -0.23381478882009
 -0.949913164773513 0.199288808745425 0.240725881655461
 0.468339535897279 0.477567473903588 -0.743362217889009
 -0.88156835073567 -0.468002558146279 -0.0617320706742322
 0.104285274699442 -0.844656584780325 0.525052221467637
 -0.899526896023018 0.0391340145447351 0.435109057865735
 -0.980478740729573 0.194088692488619 -0.0314804451272328
 0.123923002414864 -0.991177531767896 -0.0470126577741366
 0.243628646349045 -0.937442492995606 -0.248689877164943
 -0.978658987216421 -0.0684392425459795 -0.193759275443166
 -0.975402305230394 0.147795124046217 0.16354493039956
 -0.248447662551537 -0.959686095628878 -0.131439555801433
 -0.740980340389699 0.0506573582601218 -0.669613296769167
 -0.958438269259313 0.171358538310592 -0.228105973984177
 -0.200634431320103 -0.97726770710065 -0.0685102446871797
 0.103933074997214 -0.905869433691805 -0.410607458559282
 0.464745733707457 0.0750615594570258 -0.882256859022698
 -0.726487853360683 0.485249165482598 -0.486568233979397
 -0.668882759794587 -0.676312629539539 0.3085402417431
 0.164605412645568 -0.966018663874999 0.199281206271301
 -0.181428724971684 -0.0843773257310584 -0.979777568970439
 -0.899770208369019 -0.434958275664024 -0.034998150850447
 0.439132753139696 0.279474722313612 -0.853847940038319
 -0.935451630985353 0.289333354313234 -0.203018364116883
 -0.420632867422637 -0.367958231681031 -0.829261557400305
 -0.705736465647209 -0.500232355747414 -0.50170073880669
 -0.356479781842464 0.168404081333393 -0.919000669492577
 -0.603821400757046 -0.0433372712250278 -0.795940699368092
 -0.853177160922081 -0.52157235987718 -0.00714181301122185
 0.187625191394183 0.584494939962919 -0.789406392621722
 -0.483008471167486 0.118676332769366 -0.867536019321885
 -0.325658384740707 -0.822403555026771 0.466475089503611
 -0.453370646947282 -0.891320950681578 -0.00142104281847904
 -0.545488948506054 0.180865885913003 -0.818369927582059
 -0.270958101430693 -0.759555111080489 -0.591318645486999
 -0.27637663296312 -0.187966623848085 -0.942488464158115
 0.149490872851801 -0.267116850135378 -0.951998459719217
 -0.879057877823478 0.00049245547306854 0.476714804599239
 -0.356959908266475 -0.895960330519824 -0.264262577799427
 -0.531227272507703 -0.0896223893901164 -0.842475763606309
 -0.779364387415204 -0.626537376300736 0.00648596385381344
 0.0949553242742055 -0.715938209273004 -0.691676200902522
 -0.284896514135727 -0.0670816931138364 -0.956208148199069
 -0.226845625646415 0.398896095024527 -0.888494776292618
 0.246066238548177 -0.90219088525243 -0.354264043919488
 -0.32145657839737 0.315122752100339 -0.89295202520279
 0.0343029103961635 0.201243154942872 -0.978940500197531
 -0.175649264192793 0.335907279557427 -0.92537216055426
 -0.393575670925973 -0.24675872181805 -0.885555376281965
 -0.286990124782302 0.183021835196072 -0.940287017946595
 -0.156830848165154 0.323257892394605 -0.933224742529042
 -0.0337544293505291 0.273342660651417 -0.961324309672456
 -0.879327866733524 0.475971982442054 0.0152700594645488
 -0.980465430464332 0.0985818135255016 -0.170203306978493
 -0.945094363983365 -0.00881795709575796 0.326678568013783
 0.0832892728326984 0.568768527221523 -0.818269674052057
 -0.983555654463865 0.120819475093095 0.13424205380724
 0.315766566126214 -0.942661552248626 0.108077165160227
 -0.719015027741055 -0.0479293240696944 -0.693339865994126
 -0.887470505056964 0.153812541509684 -0.434439644517243
 -0.225322229910184 -0.0666735458717823 -0.972000273142547
 -0.0112912316637287 -0.876067785536547 -0.482055747017508
 -0.233404136146207 0.124451575445995 -0.964382867225903
 0.616999517917514 0.0995135234324209 -0.780646305021435
 -0.190538224824378 -0.233933970249639 -0.953399225111923
 0.0356469943201854 -0.998223934882176 -0.047731201789633
 -0.00798644289389415 0.471711173634503 -0.881716953108117
 -0.16947602779152 -0.309420125310601 -0.935701374401459
 -0.26439172125266 -0.964181370107761 -0.0212438995991131
 -0.288053518808275 0.291366687557341 -0.912211940112622
 -0.78876578789865 -0.202436525567536 -0.580403295094684
 -0.623369005386115 -0.39751861895819 -0.673342431980563
 0.455075186665947 0.767986884533553 -0.450669190943203
 0.300585880263585 0.0429846189929017 -0.952785627051647
 0.00123227175889102 -0.902502817305246 -0.430682187073491
 -0.253820354898539 -0.918258507695202 -0.303935092551946
 -0.718482667897347 -0.183993178444145 -0.670767594787593
 -0.985012855134911 0.028618888500951 0.170090077429408
 0.697907024122853 0.682848610157099 -0.215971204762353
 -0.138065066151167 -0.279878091154407 -0.950055941300532
 0.0285306793791038 -0.959372906368385 -0.280694899954461
 -0.00696799353806545 -0.955670062385686 -0.294357230123185
 0.117030390303194 0.0762334477743899 -0.990198136327226
 -0.884028271409684 -0.382486993260104 0.26869632549637
 0.411625115709676 0.242838866498153 -0.878404262873814
 -0.293710455513059 0.406627360123355 -0.865094421621954
 -0.278212480499894 -0.937696522607003 -0.208141891950732
 -0.684014674224722 -0.568307332689161 0.457329969559157
 -0.801382770357545 0.275294536056166 -0.531035379039557
 -0.263321205743606 -0.0380672744261785 -0.963956858590412
 -0.983977314603305 0.020133122492598 -0.177153328291531
 -0.980386417745644 -0.140574297554906 -0.138135219139827
 -0.0604104823827687 0.226962074935558 -0.972028183829681
 0.144179502909204 -0.953933078916156 0.263104450533238
 -0.660780889195415 0.162962935944886 -0.732674346474844
 -0.812310987545882 0.0274337363205553 -0.582578964281863
 -0.787319514167163 -0.261503274938832 -0.558340415703403
 0.331186374946774 0.409294418369737 -0.850172726062766
 -0.116607068107567 -0.993164976434853 -0.00511089527526885
 0.174761700613626 -0.167210198171176 -0.970308764067495
 -0.0787963117074696 -0.962219385711782 -0.260624241047796
 -0.98356496837244 0.000899099845537688 0.180552332053589
 -0.536057563710315 -0.071462857040073 -0.841151204274613
 0.10709341529673 -0.934017956284001 0.340795331158072
 -0.412291117529103 0.204021029469228 -0.887914102794251
 -0.989786092963826 0.0807148588363208 -0.117510006971476
 -0.318473690307311 -0.438769508761144 -0.840271281648699
 -0.439756842616105 -0.0681008113555187 -0.895531238352429
 0.0244719707730161 -0.575977585311114 -0.817099102842283
 -0.986123483956073 -0.147299219135228 -0.0765729353785611
 -0.182487781559255 0.257243205372179 -0.948959505390735
 0.0624241855737322 0.43532582259246 -0.898106145864538
 -0.0590094365959179 -0.979240489813798 -0.193922534796413
 -0.833660352205047 -0.537719458425293 0.125969048548307
 0.264930728686879 -0.215891410562753 -0.939788597421071
 -0.84492798219897 -0.255138765552512 0.470107344347562
 -0.159185410136974 -0.983768565308103 0.0828215860217618
 -0.357833612256434 0.0781500260687489 -0.930509365543929
 -0.290754807184382 0.314767760101234 -0.903539096719132
 0.505705852693874 0.00927976824114537 -0.862656059187294
 0.471087807710152 -0.87881147255001 0.0759386142968534
 -0.888982675540451 0.0973414954277741 -0.447475625991881
 -0.317525721376712 0.812002676075737 -0.489723463099369
 -0.11681640990411 0.383463221983098 -0.916138572358711
 0.570463219958892 -0.232070475340986 -0.787854687838526
 -0.427934093314189 0.183286414810103 -0.885030226560326
 -0.50223237217619 0.46140894944862 -0.731344259365586
 0.323296918227503 0.26919378203867 -0.907201085965133
 -0.325992491628564 -0.912696899868871 0.246400617636307
 -0.991952756617117 -0.0401152782509533 0.120085357519358
 0.251625374466884 0.74243973706658 -0.620860618616537
 -0.545543680913594 0.0337944305219536 -0.837400757511566
 -0.682380115748884 -0.265202622796399 -0.681193765746906
 0.0978095440507209 0.631916133166645 -0.768840226403578
 0.546045583870002 -0.826653403150779 0.135935173503047
 0.403107196165484 0.32128526199045 -0.856901609770532
 -0.197218386454601 -0.980303678345916 0.0104693011090098
 -0.923604117246667 0.0127069550827504 0.383137009302848
 -0.58433167928813 0.547971180114834 -0.598568353944534
 -0.158547550247573 -0.0997248483445034 -0.982302208555574
 -0.330177327108541 0.580075018066892 -0.744644818741227
 -0.896843326806619 0.439839277324146 -0.0470473940342033
 0.0509520254812979 0.349134801967858 -0.935686262138233
 -0.920237768427 0.249676971816496 -0.301369970808372
 0.786859972395019 -0.617071609544006 0.00860305395078614
 -0.22785700579837 0.199193811081624 -0.953101783932535
 0.485926017800661 0.265212531474464 -0.832789420185738
 -0.915509621370995 -0.0938726503425574 0.391190565702705
 0.533609862752991 -0.00349331494568385 -0.845723542963907
 -0.0719034427609766 -0.149780177989698 -0.986101309805688
 -0.998811362670948 -0.0375347626304774 0.0310966781775451
 0.0128147196790018 -0.933227939427946 -0.359056257473142
 -0.0569427665003482 -0.937281201084004 -0.343891656539984
 -0.318361639115186 -0.414130429863565 -0.852726130595815
 -0.730572415498933 -0.555230722720671 -0.397470489796584
 -0.0333540809696042 -0.939526404441499 -0.34084841299308
 0.476514891483792 -0.230873205083058 -0.848310745758219
 0.248906346756107 -0.0872059772287928 -0.964593566265139
 -0.103093474773023 -0.214263523617828 -0.971320172706249
 -0.854134246169237 0.0880103623509197 -0.512551329761
 0.281985271907681 -0.95374098364501 0.104223042284321
 -0.146806185090747 0.178407417260307 -0.972943337243032
 -0.435766403423267 0.404103901218246 -0.804243544374305
 -0.381354960196356 -0.151214955195581 -0.911977210054524
 0.425278036189121 -0.903247963460382 -0.057286197637798
 -0.247542583399058 -0.968556438989228 0.0249217554884564
 0.456704467794387 -0.855323233808097 -0.244628687615956
 -0.471437439396347 -0.156207573952656 -0.867955030272445
 0.163768906762803 -0.354885201393087 -0.920454365522759
 0.110336797655466 -0.985776055216086 0.126772867940061
 0.0768840070009118 -0.714395274524082 -0.695505744911676
 -0.593796109681435 0.000916364234916498 -0.804615026210536
 0.153739083327451 -0.985580734219953 0.0706746814077923
 -0.116142550839192 0.750758183304466 -0.650286904439836
 -0.00558978731894694 -0.999821560236177 -0.0180444441484546
 0.179546602177865 -0.711350590118298 -0.679517001689238
 -0.483781491801762 -0.141143916483595 -0.863732518219462
 0.103004238764117 0.0587316134212783 -0.992945479057918
 0.625641357996054 -0.722201898978891 -0.294953061140474
 -0.971565527257844 0.15198774776201 0.181549306730762
 0.150744979745858 0.393424369667079 -0.906914117451858
 -0.592570006735634 0.428098709541807 -0.682343228885559
 -0.987060478870614 -0.0543619731996736 -0.150852202242962
 -0.745653463886172 0.362721120118756 -0.558958228147996
 -0.571260380906836 0.207154963492512 -0.794196700009886
 0.324683120716974 0.219153260519935 -0.92008299599817
 0.357183561659878 -0.667743871670201 -0.653098786652413
 -0.982890849502439 0.183950605485653 0.00936764142331431
 -0.224378711586167 -0.972980689984222 0.0544313393621597
 -0.917213028384969 -0.302147869179423 -0.259666951519072
 0.0940186056572524 0.152496329923649 -0.983821818801598
 -0.6321812521849 -0.769371050355546 0.0917335885089837
 0.33655228399774 -0.922542445760163 0.188806768699541
 0.310053206566304 0.122682715893165 -0.94277036457402
 -0.259507488673661 0.647525985542302 -0.716495611549548
 -0.376857649351276 0.268491144777645 -0.886504832080131
 0.333335511275331 0.0670113689856495 -0.94042379454663
 -0.0344968848257748 -0.999319535114884 -0.0130549482989815
 -0.359738053586699 -0.732653392544365 -0.577760797558026
 0.440255367612345 -0.718306378822376 -0.538712499791497
 0.148964641024437 -0.449653723278733 -0.880693513582355
 -0.976866687099021 -0.198767197702928 -0.0788864801693439
 -0.932781789872283 0.262208974041681 -0.247314751712607
 -0.653670044765248 -0.164535104643107 0.738676973999245
 -0.44802083111729 0.290627978221556 -0.845465973981108
 -0.351417354046968 -0.296093430285406 -0.888163568165487
 0.0250597504083119 -0.996075122241188 -0.0848902807256281
 -0.111734337091211 0.517337753275453 -0.848455707123651
 -0.965544005007949 -0.232770649189334 -0.116372674065634
 -0.263979966892272 -0.945116196294022 0.192535587833198
 -0.381702069942063 0.319034204879419 -0.86747951325602
 -0.0773943495791209 0.702349949023909 -0.707611944330604
 -0.401867317870058 -0.655932269175816 0.638948759355389
 0.0982717757668448 -0.476355428384186 -0.873743763317685
 0.157871994757525 -0.982443975919986 0.0993995344546965
 -0.859542857951529 -0.477662702396488 0.18172621738154
 0.246230186274868 -0.926428076388217 -0.284783627771457
 0.154486076545653 0.152864232573594 -0.976097627572784
 -0.760080216642149 0.0314098274816502 -0.649069708896353
 -0.333281212876251 0.17709897826003 -0.926045131212831
 0.265415034832431 0.503932544098568 -0.821953070608806
 -0.354732976387434 0.377428582069354 -0.855401765780519
 -0.0836316839253212 -0.941016831694856 -0.327861348607595
 -0.958061359855048 0.0505102104283239 0.282076495644679
 0.023894759613684 -0.232456053366118 -0.972313336181528
 0.0395621094529047 -0.939481835250439 -0.340306803825759
 -0.230679458529972 0.435888660361985 -0.869935666115692
 0.215946519728102 -0.794929264420038 -0.5669696333896
 -0.650016167122341 -0.758745691308 0.0422369317200883
 -0.268904025635927 -0.959525947424865 0.0836694760065361
 -0.829241459837686 0.520097309279492 -0.204590787100728
 0.0265768633999424 -0.949334393267431 -0.313141948789011
 -0.723224680035253 0.666103195070035 -0.182352942683678
 -0.457752561891461 -0.747250083511983 -0.48174672263871
 -0.118152169091319 -0.159600547304333 -0.980085572916556
 0.0413575203782822 0.573910113772204 -0.817873301201437
 -0.650901361479107 0.576920285203837 -0.493447466449032
 0.0209194071719852 -0.675865843405938 -0.736727724550089
 -0.899927762317064 -0.397457564533592 -0.179325143262254
 -0.135468097278249 0.190154191897739 -0.972362986709968
 -0.372669153314745 0.182608518791259 -0.909819669512884
 -0.260848647561495 -0.682623437774123 0.682629639897636
 -0.191074103319368 -0.029435228910415 -0.981134167349039
 -0.500373101762345 0.223382267269182 -0.836496934664084
 -0.828563244213151 0.557509427755675 0.0516351460007484
 -0.0402615089288486 -0.993556403137229 -0.105946612422407
 -0.278732596613847 -0.959538761592508 0.039918724759411
 -0.38060440111558 0.161455420236988 -0.910534149347265
 -0.578705769990435 -0.812986818659255 0.064436515005719
 -0.949364028112729 0.267962302022592 -0.164024835986284
 -0.847169985748513 -0.161823393096319 -0.506079247444171
 -0.0428865109769764 -0.953714683102243 -0.297639127823292
 0.121631000495899 -0.992574643144535 -0.00121552657925601
 -0.578467396893188 0.213946161289504 -0.787148341039416
 0.191977840544447 -0.213233121417404 -0.957954145390311
 -0.00142993117941767 -0.507798804020689 -0.86147450915972
 0.424985620559224 -0.00224263251817493 -0.905197322641467
 -0.165547788550137 -0.772159272148384 -0.613485116479151
 -0.312631494452173 -0.290740257787151 -0.904285160321932
 0.658702455276453 -0.737579875457465 -0.148616966504241
 -0.149658521588569 -0.988737731128752 0.000161115768943242
 0.198711326659829 -0.967710084525768 0.155083851397306
 0.606744684096142 -0.107245676329748 -0.787628880393328
 0.564490106351025 -0.823150363602033 0.0614361354062118
 -0.985068745550541 -0.16946663016924 -0.0303418489641736
 -0.401746181213688 0.351681966632112 -0.845529301813952
 -0.298792128798981 -0.410640648675636 -0.861450823566283
 -0.0976498602238636 0.436865168040678 -0.89421100963422
 -0.952848511236886 -0.0294784291958761 0.302011153512239
 -0.676308766759351 -0.0682741904672104 -0.73344739887772
 -0.195125935979936 0.547727105003653 -0.813585206080022
 0.0688713214862074 -0.942968536560554 -0.325679413125224
 -0.418452494469561 -0.545063938594109 -0.72650038727896
 -0.268492232961423 -0.919023891188234 -0.288629534636748
 0.2033360796765 -0.0127244623421202 -0.979026315662606
 0.19029235979414 -0.958918076466967 -0.210392348788804
 -0.5698675207855 0.700588498551778 -0.429449373559623
 -0.473277111799011 -0.879900229124069 -0.0422417120225731
 -0.852322489798679 -0.194717612959595 -0.485418813589563
 0.014613157066869 -0.434534256169851 -0.900536748753461
 -0.237294698708714 -0.168730075503288 -0.956672037631181
 -0.766506383083006 -0.590641566069862 0.252211231160608
 -0.0262153143472469 0.207779065857723 -0.977824430603453
 -0.990985929528268 -0.0503678054605101 0.124136906881425
 0.0726617336088663 -0.355045457151783 -0.932020920272091
 0.0145363731399556 -0.064659016935156 -0.997801536070633
 -0.359653170949286 -0.328838817117787 -0.873220836319598
 -0.375064617975189 -0.213695530203187 -0.902031458827409
 -0.0773661766578581 -0.942711060475673 0.324515533012178
 -0.645946646398593 -0.63093321175109 -0.429739702978286
 -0.198072077079435 0.284840134578393 -0.937887813128415
 -0.492377347804698 0.468212037925958 -0.733717953242274
 -0.521131654783344 -0.413940144622987 -0.746374808693511
 -0.517926097417959 0.240757760727442 -0.820846062464157
 -0.0862815674625315 0.115147020338867 -0.989594186938914
 -0.526768430370692 -0.827706035349848 0.193436655808135
 -0.237060576519723 -0.961364717545142 0.139929135348881
 -0.617066471165206 0.184289425064885 -0.765027043948758
 -0.738073931480651 0.0434643887754582 -0.673318437722502
 0.240115542975516 -0.366912829617352 -0.898732163374474
 0.820593313338393 -0.564854674217418 0.0869816711672789
 -0.0625398123664654 -0.0800635195777165 -0.994825916782427
 -0.304008957745489 0.48171314351088 -0.821906929633379
 -0.908587008523611 -0.348132839952905 0.230809821473093
 -0.822798257603451 -0.42541590727278 0.376861158948495
 -0.543122096939091 0.142107038386335 -0.82754092192323
 0.211670864491106 -0.958643461549961 -0.190258137153437
 0.814270675417382 -0.516858313934026 -0.264236164202776
 -0.271501980686561 -0.584976049796905 -0.764257610787935
 -0.207947841167321 -0.200637632479128 -0.95734123267883
 0.222271294835179 -0.971899427836316 -0.0775046686576679
 0.0454989371842442 -0.973800505489531 -0.222805794860544
 -0.947805579973698 0.0370182498230078 -0.316692645558375
 -0.355164488639365 -0.16016639754876 -0.92098040755805
 0.451230259964704 -0.518599843766409 -0.72625440070105
 -0.35467177841036 0.107402324850841 -0.928801738917336
 -0.957766366997254 -0.283455393940778 0.0483386583880756
 -0.84995723538596 -0.526721524705304 0.0117103982500791
 -0.542993799667663 0.518356011119275 -0.660654810970894
 -0.554730388508383 0.244501270048615 -0.795294489487984
 -0.674267466039254 -0.268041989970794 -0.688125625052214
 -0.964607558453074 -0.0424410122781179 -0.260251836981043
 0.278313130809319 -0.824588225141312 -0.492540414765546
 -0.927469166096075 -0.0525837764410631 -0.370183592824219
 -0.760703655937101 -0.246322900971827 0.600545565549153
 0.370850158543999 -0.733339417593877 -0.569810019665295
 0.182314224028362 0.330849194645979 -0.925905143154008
 -0.934953356930244 0.320855986300265 -0.151372574861337
 -0.0800831303518631 0.235072113114709 -0.968673213147154
 0.328867305441208 0.508195092387322 -0.795979926559257
 -0.208262852080384 -0.791795090769131 -0.574183871836581
 0.347173580567246 0.71329844631373 -0.608831529606129
 -0.976794001309089 0.0944997172469345 -0.192206353814927
 0.529053561128879 -0.843511177814659 -0.092688847002097
 0.357357729986781 0.510912357594023 -0.781833751942452
 0.136982958455807 0.315765797115056 -0.938897028680456
 -0.302456452953835 -0.519168095868461 -0.799365112010089
 -0.181825192223724 0.441305215554288 -0.878743026258183
 -0.986537561619025 0.0282251642460341 -0.161080661837702
 0.171489582699672 0.130114889189244 -0.976555906559765
 0.681750731118996 -0.712006372785098 0.168115632027849
 0.408247923450215 0.597506626146206 -0.690159014075716
 0.140447361221601 -0.953467514127655 -0.266785003756056
 -0.366800664739773 -0.930228658441587 -0.0114854412377827
 -0.617635636269429 0.465559496707546 -0.633861637769217
 -0.272308659619783 -0.322537542572292 -0.906541520024044
 0.230898961402838 0.788687258897509 -0.569787747565551
 -0.425867045727294 0.225486900450711 -0.876237934061655
 -0.844968470358421 0.214695451954418 -0.489830733019314
 0.756953138701624 -0.309548594278868 -0.575501184698812
 -0.991421098531251 0.108129695775083 -0.0734314256886989
 -0.180758097663708 0.315975540361601 -0.931389267719031
 -0.984561020145728 -0.00818648844954759 0.174850161614075
 -0.707889063608695 0.410693627818075 -0.574651039930177
 0.159838586673475 -0.878367142161371 -0.450469521478969
 0.222525177880679 0.10954720564434 -0.968752783193261
 0.126266832778666 -0.990053710274256 -0.0620510895329247
 -0.911620032417772 -0.254314407231606 -0.322913453992022
 0.162014751655771 -0.785520954809991 0.597250407953246
 0.28656213970846 -0.131774652818337 -0.948956047960239
 -0.285857063204859 0.442620045268223 -0.849925429048131
 0.23328832544221 0.365748912130136 -0.901001826018123
 0.19820725128968 -0.84612250892038 -0.494763160951248
 0.633732566091364 -0.424190305743771 -0.64687372739064
 0.243410592097007 -0.954811636612772 0.170546246642439
 -0.913243184342659 -0.329116240622212 -0.240144511514177
 0.23624682221297 0.613789153609358 -0.753292980125118
 0.44053807231993 0.388034613502333 -0.809540206265714
 -0.22093550948853 -0.966386861648927 -0.131468377488208
 -0.890695560884584 -0.430956715062429 0.144698747621036
 0.158927055276343 -0.844877813485373 -0.510806882668359
 0.495374725285344 -0.843998845497093 -0.205596279995638
 -0.145853566080621 0.060533549116843 -0.98745249338532
 -0.95506329514982 0.254919724510992 -0.151228424288582
 -0.547814495518139 -0.262497391509701 -0.794351558159742
 -0.517010826281575 -0.200054198895856 -0.832272865718798
 0.135507216428938 -0.978080630142874 0.158101471324588
 -0.179292430412525 -0.969636608465648 -0.166310167819067
 -0.126716391164506 -0.990823041969006 -0.0470388744925924
 -0.84090795496666 0.50754474286312 -0.187808799756028
 -0.412394991157838 -0.137582637956051 -0.900556155384538
 0.0674706404801472 0.0253029640511281 -0.997400357270553
 -0.302461187625961 0.248617758822497 -0.92016652839471
 -0.583854485716675 -0.664858172298601 0.46591581883027
 -0.863326053442029 0.504432157659245 -0.0147079491245162
 -0.564016580791583 -0.243434565415346 -0.78906584576524
 -0.184920231059714 0.165679702267461 -0.968687124102198
 -0.182421021364142 -0.983053208532023 -0.0181372588711072
 -0.93677993850972 -0.319836254643045 -0.14194406300242
 -0.528388190852434 0.0513091042338205 -0.847451057932206
 -0.523859186918208 0.806285245016061 -0.274728331176061
 -0.26916117289655 -0.833984387404247 -0.481686936267652
 -0.994390989483688 -0.00534053582339589 -0.105631617950171
 -0.595960365885928 0.261510133307607 -0.759238890251644
 -0.0615837296068974 0.262334725293232 -0.963009831804966
 0.0718333351438859 -0.94794874943039 0.310214668279026
 -0.971480101194469 0.231594708783365 -0.0508950277211148
 -0.346015767529854 -0.889811181435715 0.297504873931005
 -0.0739894029292316 -0.922403825446194 -0.379073543071003
 -0.959410616804383 0.268797029179938 0.0853195491494942
 -0.12839868024441 0.414553370890965 -0.900921351503244
 -0.927539003561319 0.274952227762385 -0.253125797422897
 -0.638126520862711 -0.283415858330006 -0.715870096189747
 -0.276150034800944 0.560238844493047 -0.780944041145416
 0.0272173281144058 -0.232949041482674 -0.972107998692849
 0.198426119782063 -0.519088025355113 -0.831369170056939
 -0.613198033494191 -0.719025545035588 0.327093927343711
 0.321731897612692 -0.588752584906551 -0.741524766831419
 -0.4436801227585 -0.0936231147546066 -0.891281471283145
 0.0668722293907454 0.0494819864732752 -0.996533811744976
 -0.867479708817431 0.47825379523966 0.136938899253961
 0.378135887039701 -0.888367255129514 -0.26041672555032
 -0.484416685728784 0.811341344519646 -0.327208950459173
 -0.0711138730123651 -0.920360042029356 0.384551960209415
 0.0435938057982729 0.254737869471897 -0.966027017196176
 0.663145683196954 -0.725608880935986 0.183656077394873
 0.385016843992641 0.650603120683761 -0.65458201105629
 -0.408516685237008 -0.900807177651028 -0.147175224054038
 -0.645311243032459 0.196317215134038 -0.738263469675914
 -0.99066016668179 -0.136139098290096 -0.00765376160902622
 0.785575656905186 0.00347509007960384 -0.61875585736777
 0.397877087251488 0.552701284540437 -0.732267105302173
 -0.0749024590366872 -0.981815226387339 0.174437618833315
 -0.284626669881255 -0.918497600838876 -0.274499209553572
 -0.337206073083096 0.471872016585337 -0.814634190443518
 0.291906404276843 -0.722900609146367 0.626263012190546
 0.125512783181041 -0.970528862428739 0.205718906401253
 0.0510176134335639 -0.971096707919338 -0.233170296109448
 -0.247582376073956 0.126839592648513 -0.960528336278703
 -0.359303253405488 -0.0420473011255769 -0.932273134097667
 -0.866727972793052 0.372906647694724 -0.331245004918006
 -0.922812274742156 0.276788862844358 0.267965354086184
 -0.952716358780517 0.110311118510206 -0.283130706291317
 -0.228862400703508 0.144097712222019 -0.962734569274734
 -0.187552064261314 0.284669541785017 -0.940099715546829
 0.159022091193834 0.0551179896165775 -0.985735249310365
 -0.390860006887914 0.900239991519963 0.191823910615223
 0.600413460731102 -0.711154044743053 0.365737065141745
 0.0446648541112379 0.78470750272283 -0.618254952246823
 -0.673922423666548 -0.671671617630144 -0.307710586346182
 -0.669770256278433 0.133028094280534 -0.730555494084338
 0.0568549741645399 -0.924300465275652 -0.377407156535172
 -0.906176267775371 0.337318371589067 -0.255070358742836
 -0.856610677060638 -0.465541619534785 -0.22246156617862
 -0.998065074577543 0.000753506914014885 0.0621734600601722
 -0.498974388133371 0.865250756196383 0.048638347921324
 -0.732870437671087 -0.483879517703956 -0.478290219358891
 -0.440923612464007 -0.303793056978535 -0.844568615627722
 -0.570404305131084 -0.214566676999152 -0.792843029741365
 -0.865971424051775 -0.421211951397112 -0.269581128282336
 -0.473641513916878 0.466755605180595 -0.746862049730085
 -0.82145551130029 -0.449197006172083 0.351330176045861
 -0.247483734505952 -0.0329039860492161 -0.968333170379421
 0.0437008128654032 0.683242695006093 -0.728882472471189
 -0.979703582789291 -0.0475793093259039 0.194723134716697
 -0.0540367378949431 -0.994555506892999 0.0891031686669101
 0.139605040368178 0.624701080864624 -0.768283145897637
 0.172993222921851 -0.425657529730084 -0.888194242385748
 0.118346826937656 -0.0479274470428087 -0.99181499705023
 -0.710514397972513 0.322999568705193 0.625172431325964
 -0.0577782461295607 -0.0152536752469752 -0.998212902974937
 0.0461811340590878 0.52650393183686 -0.848917494587869
 -0.381499793277696 -0.480136560960464 0.789890366163643
 -0.486423909494643 -0.283839557656765 -0.826333398684308
 -0.989192651961323 -0.0611256093797665 -0.133272492224306
 -0.96651142471631 0.0265038614143795 -0.25525127075683
 -0.260761709475787 0.134134538887861 -0.956039359204738
 -0.235900237966075 -0.466196347145768 -0.852650012394002
 0.0563504861312236 0.00140444757490224 -0.998410061167146
 0.424887560596749 -0.332147907714264 -0.84210945146767
 -0.761077294116996 0.582510605461384 0.285381756432611
 -0.812840634552561 0.196127701631309 -0.548474272389334
 -0.215424589079059 -0.976369110639958 0.017193202385152
 0.34950598517648 -0.933538051203874 -0.0797011498053295
 0.440960490348732 -0.884817909845889 -0.150502864980564
 0.614514110155434 -0.771114158079907 -0.166599410648993
 0.146763405156388 -0.93746549238113 -0.315624703566605
 -0.955027676727599 0.169168861329491 -0.243524193953634
 0.100301226626236 -0.971653719421461 -0.214076419700335
 -0.923293491564681 0.272848869735988 0.270337978682415
 -0.915236090133495 -0.316685819811628 -0.249104377415153
 -0.882195840211594 0.428586681266136 0.195048599468541
 -0.950939927326791 0.283561405622851 -0.123718163003298
 -0.411666949924942 0.674389224060574 -0.612967777954497
 -0.970868157858898 -0.0963461138243182 0.219391080964159
 -0.936108076765399 -0.0542588108916713 -0.347502014462085
 0.19852704195225 -0.899873866911103 -0.388347830255491
 -0.0517448957479099 -0.967289067217049 -0.248343162189761
 -0.956437021483567 -0.259178365078075 0.134368147308424
 -0.946776891380794 -0.0859097589553449 0.310214492349334
 0.423288245742913 -0.603676636762012 -0.675574998977606
 -0.945737087357948 0.203739251944214 0.253123840862368
 -0.0579352294521848 -0.812967333754515 -0.57942007510648
 0.495821613691216 -0.67783808186863 -0.542859523417702
 -0.940927868750113 -0.338519654076188 -0.00769347863508936
 0.041411157392384 -0.956550174611001 -0.288611987788255
 -0.63118115031509 0.483465451241096 -0.606524123958119
 0.418749575144852 -0.904303444968208 -0.0829703123691676
 -0.55821813325586 -0.818271006187192 -0.137204504801202
 0.375555483803535 -0.90763223541824 -0.187514809587885
 0.281067472232215 -0.893792375208781 0.349479993807427
 0.0450216226676855 -0.875578817106959 0.480972752373715
 -0.98038134150973 0.190562574657544 0.0503818455345724
 -0.922450192727098 0.329944724509292 0.200554532998451
 0.222899776882974 -0.974841057295373 -0.000776193764529365
 0.117975763793725 -0.910647151512079 -0.395984197412251
 -0.643759223462759 0.751221502093841 0.145740581165645
 -0.982072129236328 0.186228338026365 0.0292119683205882
 0.273162553136077 -0.957800962518698 0.0894401238954666
 -0.899318998849586 -0.248036892633965 0.360143080178789
 -0.895009649253322 0.0555377838442969 0.442575736240827
 -0.00043354002783432 -0.99998917869012 -0.00463190519157978
 0.41247153598584 -0.815831307454512 -0.405322722998037
 0.225586865988198 -0.969552536417457 0.0952808743667858
 -0.383939632469571 -0.905871069783146 0.178851792132676
 -0.885521408057629 -0.31058319747046 -0.345528455153348
 -0.0624586520690051 -0.99796746830623 0.0126431398069217
 0.00458973204532876 -0.865146829764565 0.501497654339554
 0.0333531781120738 -0.954731563604543 -0.295592975165257
 0.241555132139612 -0.939813536712217 0.241664300941387
 -0.888457022872589 -0.30928106119987 -0.3391007869225
 -0.289563196168777 -0.910061084338548 -0.296550127629492
 0.933730279664093 -0.253578074497523 0.252677511806142
 0.350675801541969 -0.933849232214048 0.0703711141458633
 0.215771476118714 -0.944556953216714 -0.247497135788496
 0.101451376939449 -0.991658481229321 -0.0795051867681968
 -0.184314416593147 -0.982758055582031 0.0146560576061117
 -0.95006263843528 -0.0558643987374982 0.307018162334237
 -0.840413171010714 -0.492631834172282 0.225875137967351
 -0.749337030715103 0.158704517609302 -0.642889485440127
 -0.990150567989614 0.103659548298889 -0.0941092490476677
 0.163310767668764 -0.978515908712401 0.125842002368777
 -0.832759296243655 -0.0414765517635443 -0.552079387564486
 -0.684565653006573 -0.716410110709466 0.134634393811296
 0.180534003554959 -0.929461817233163 -0.321726908831145
 -0.722156435421889 0.263144842676115 0.639722498081562
 0.32554996459891 -0.570739521886396 -0.753839252564189
 -0.349413035158438 -0.93658548722691 0.0267984323664805
 -0.147638251607499 -0.870228380636631 -0.470005864002597
 0.620464738713275 -0.778794164390374 -0.0922125670663561
 0.119545507926417 -0.922754056719169 -0.366379342134531
 -0.855029622129667 0.476543737687107 -0.204524842872452
 0.496742002115147 -0.864629199668082 -0.0752577598388872
 -0.961956320754942 0.250458254071473 -0.10913615316239
 -0.846228185231451 -0.28018856744492 -0.453202190190039
 -0.0120230139168598 -0.950172996638043 -0.311491129241647
 -0.890099908907027 0.455737699746124 0.00503002920612097
 0.18421642654533 -0.438751288363231 -0.879523515973549
 -0.983250258641522 -0.117601773343214 -0.139243498189002
 -0.962681292303786 -0.269568362276937 -0.0240338824920526
 -0.899423196052185 0.432899180962009 -0.0603010242507936
 0.100063312815909 -0.89712394961013 -0.430297516218983
 -0.989194417404103 -0.0986539941071619 -0.108451805071477
 0.890236152656146 -0.424488999710542 -0.165192861918204
 -0.495707939749393 -0.776209468102757 -0.389579902070227
 -0.232862138408999 -0.94781039356427 -0.217785863515362
 0.644099796962769 -0.655288299863505 -0.394629820989895
 -0.959759230643682 0.220690121714645 -0.173660845822607
 -0.977831385540688 -0.195954247555358 -0.0738086330762997
 -0.305115576661821 -0.756423847693754 -0.578556347747132
 -0.764648859488279 -0.619540506581487 0.177430781963077
 0.407492980902979 -0.727115406817781 -0.552496747214875
 -0.9052241327953 0.422453689077845 -0.0458492092572608
 -0.974015951435777 -0.0148856436881092 -0.225989698793218
 -0.70334492012451 -0.125993466780696 0.699593860510246
 -0.778137242162762 -0.401268576437851 0.483203851312127
 -0.932428370797352 0.237049542829114 -0.272735856785837
 -0.911781704604674 -0.368664342526593 -0.180943984972228
 0.306817253247869 -0.951216343373807 0.0324135960361832
 0.237573056311102 -0.68579211162119 -0.68793039077595
 0.332460366507419 -0.93021428464561 0.155471828132971
 -0.786063948516671 -0.60488367375371 -0.127354662531824
 -0.230572248522331 -0.954882042244745 -0.187180991582641
 -0.963270219174948 0.187262867024456 0.192465850177189
 0.17011050004226 -0.949475149245266 -0.263741082770684
 0.337328501545222 -0.938328800952727 0.0758191489524455
 -0.110429238925104 -0.960731330542482 0.254559803787822
 -0.191142090136652 -0.859839612713497 0.473434833727828
 0.155286477844684 -0.985073631139629 -0.0742701220678925
 -0.0561265889380752 -0.87770511225188 -0.475902870280366
 -0.813467890013043 -0.282441439081848 0.508425830782723
 0.436309543975876 -0.897607319258946 0.0627302339253705
 0.0297993067566573 -0.838561957743719 -0.543990665675289
 -0.660712901203362 -0.489702892304689 -0.568902047326127
 0.574842403166153 -0.790637319890019 -0.210828935204088
 0.540158480283625 -0.775677470531482 0.326424995806948
 0.240128845438516 -0.894298748426733 0.377581628460315
 0.159127026048649 -0.967764666413073 0.195218185687979
 -0.113954036082825 -0.987634820863504 -0.107665864034747
 -0.30976956614638 -0.746569295167497 -0.588792920645782
 -0.152377875121895 -0.975079957476466 0.161245340090897
 -0.154036460104419 -0.987831775493149 0.0214744565601197
 0.113315911094097 -0.968734057704139 -0.220712096943027
 -0.0158139945105834 -0.991321400094723 0.13050593584913
 0.0287868989319637 -0.99419578422028 -0.103663190615109
 -0.157558509399417 -0.950528538486919 -0.267714051999061
 -0.526545646279531 -0.79593267708215 0.298732080528545
 -0.128447148314361 -0.983363304295124 0.128444314220928
 0.0209835168717315 -0.995454103572122 -0.0929022050390496
 0.52634986993226 -0.819456867089361 0.226817674360667
 -0.0482220936667736 -0.933905116781321 -0.354253952034498
 -0.301992529864335 -0.937955258998047 0.170412570029461
 0.443165086454103 -0.889211163441737 -0.113614316697856
 0.159436533992493 -0.984909343123086 0.0673318457886841
 -0.646744367224998 -0.752640809298539 -0.12350520491533
 0.0301421109674672 -0.804768902285748 -0.592822458296087
 -0.4237286141795 -0.896884238158384 -0.126699348335245
 0.0560239538254197 -0.967926443972142 0.244907565536899
 -0.0679166726487123 -0.997201276863887 0.0312560233772895
 0.201987361121286 -0.960981786069712 0.188984424727345
 0.176267156929501 -0.915481015743487 -0.3616965568004
 -0.1177047442743 -0.988975666613159 0.0898483390073495
 -0.135250620058181 -0.941078919053534 0.30996409128625
 0.301810690257422 -0.95232052051646 0.0446758709998808
 -0.586783599785127 -0.775671692989121 0.232418656132849
 0.26506914021943 -0.964170135006944 -0.0106911956311157
 0.519699540052017 -0.85066245742915 0.0792828581114541
 0.310483624198948 -0.950241689086535 0.0253110929486647
 0.448186191657853 -0.794271305327584 -0.410197795143325
 0.46530361791703 -0.865583344784978 0.185089211960536
 0.113823683415114 -0.972466511455525 0.20335450128123
 0.372536843562514 -0.927917779350881 -0.0135976083561903
 -0.215469802582744 -0.974549816231105 0.0618499786489351
