 -0.846660391278829 0.114135121335581 0.519749320266311
 -0.945436074475621 0.195257164931254 0.260816542081091
 0.240298624358893 0.0578320273999671 -0.968974730185485
 -0.394321811650117 -0.91581985194406 -0.0760546359016356
 0.315983434284082 -0.258143404154627 -0.912971221972247
 -0.929368706171247 -0.136226148536461 0.343098009968733
 -0.186784576343109 -0.312130354543623 -0.931496733119767
 -0.189769019423479 -0.60465152028541 -0.773553009355916
 0.315642636880235 -0.948800267919562 0.0121563719529787
 -0.0531550898868307 -0.986229553415448 0.156607165829311
 -0.239714417438997 -0.85889634813321 -0.452585971098661
 -0.854504156847381 0.490112950043224 0.172081207952742
 0.0931121725861824 0.208230148722919 -0.973637678235139
 -0.504895573617836 -0.254006360717573 -0.824961349674111
 -0.496661774978523 -0.757298589831561 -0.424058872226856
 -0.810882253432618 -0.584861887131376 0.0201629375133068
 -0.158645615438556 0.0310457273574036 -0.986847369918455
 -0.779256601022537 -0.595828478001078 -0.194287350503634
 -0.499625376545316 -0.102432304678408 -0.860163999519988
 0.0125754047919155 0.416278488644181 -0.909150196109771
 -0.536243150897156 -0.450841643672285 -0.713572067451328
 -0.32403474347611 0.546179567754794 -0.772456707387254
 -0.815118300107409 0.562277581946687 0.139377464714329
 -0.190486944085224 -0.274667321281876 -0.942482141344286
 -0.97329327687023 0.186236928327898 0.134223707765057
 0.330154036169503 -0.541252492387681 -0.773333079523377
 0.111832043625416 -0.988109162058014 -0.105517192322255
 -0.245244032636243 -0.495546553202546 -0.83324004828464
 -0.990508209747492 -0.103587513099677 -0.090349950485003
 -0.283386237824715 0.298138446634071 -0.911485439735697
 -0.770203471459449 -0.183850074001145 -0.610725603558249
 -0.956049780273248 -0.253786165187026 0.146838005976444
 -0.40761672248102 -0.901129613646415 -0.147695724255287
 -0.712566040837747 0.517942645857431 -0.473270591783414
 0.140762285313611 0.835405726567562 -0.531303351251818
 0.156243300369097 -0.0995386715494596 -0.982690227872416
 0.0741134252595641 -0.994858855593883 0.0690149088438518
 -0.692655143358744 -0.718294221298472 -0.0654390099856331
 -0.0585281292374591 0.539082724609092 -0.840216801852951
 0.422468567792262 -0.324563797274883 -0.846273390061429
 -0.187340589220726 0.767825325156488 -0.612656325911
 -0.96784956545521 0.154013369317168 -0.198864528560867
 -0.475380246576395 -0.423485585912791 -0.77115081513869
 0.0716280635061052 -0.559239179934711 -0.825906144876231
 -0.44212101766711 0.790106297400744 -0.424571601199003
 -0.631782985242353 0.746504800673292 0.20876025035909
 -0.395067510968465 0.588872350619955 -0.705089367706329
 0.261027111090757 -0.912460853954119 -0.315087348646267
 -0.327301848507304 0.1938379501647 -0.924824496344928
 0.28394688012929 0.1469071782329 -0.947519102840935
 -0.571887902696382 0.10049734434025 -0.814152633435581
 -0.893127731830198 -0.156607558934051 0.421659729071397
 0.559084275013294 -0.786448684201072 0.262532360960058
 0.0970355917014926 0.3245116029172 -0.940891233626529
 -0.195726430336313 0.107233581747801 -0.974777986729975
 -0.328035091802525 -0.941968451353718 0.0713331283513329
 -0.995123318783269 0.0933371676245543 0.0319022499770449
 -0.999384353677357 -0.0343389477974952 -0.00719376737543335
 0.317314159199881 -0.932347008792672 0.173322761247996
 -0.148518393780395 0.890062893413227 -0.430964421359544
 -0.12404913563348 0.854291622589383 -0.504774836458975
 -0.931805596051409 -0.284106356429513 -0.225880298839063
 -0.982047496265834 -0.0658526071728973 -0.176765803272403
 -0.732485430879954 0.11445817025406 -0.671091961515484
 -0.889764877596868 -0.388416187649057 0.239690066058656
 -0.895139891808659 0.088648078217155 -0.436882240794001
 0.415864320972756 -0.0720644726737866 -0.906566918831764
 0.548284898927292 -0.8262146857607 -0.129433236232572
 0.669830415333777 -0.448993772550914 -0.591381270336048
 -0.99598171245977 -0.0578510338602821 0.0683643644525481
 -0.172715308186314 -0.126453216820857 -0.976820867034363
 0.603267223218577 0.454068552386939 -0.655660283320088
 -0.969693981279516 -0.0030454449597563 0.244303720674245
 -0.141378854882227 0.0278051220899661 -0.989565002704599
 -0.927629977660677 -0.340785538538781 -0.152865435164674
 -0.257094411587025 0.67452830424806 -0.692036148115803
 0.184472812675943 -0.0463559153490014 -0.981743811029936
 -0.989858652535215 0.0270066793857604 -0.139465003745467
 -0.894502778537548 -0.300521321457974 -0.33098597332479
 0.13241951976836 0.100276692608364 -0.986108338725439
 -0.842471999601683 0.451989681081298 -0.29316592244524
 -0.878993992548938 -0.331529727948817 -0.342720878484315
 -0.16057929145115 -0.244839954827124 -0.956173461081879
 -0.865130446716762 -0.416792911401684 -0.278985625380527
 -0.906685856988768 -0.420827485227854 -0.0287225419025416
 0.255254408435571 0.532481353355823 -0.807037047044656
 0.109695673197522 -0.296871956805996 -0.948595751911172
 -0.47449958378952 0.740568695126179 -0.475823657233098
 -0.137027932821134 -0.929009406150849 -0.343751172958018
 -0.345886358373348 -0.932225321258793 -0.106388803429519
 -0.660518325302569 -0.430758431491692 -0.614949360222699
 0.313246391103473 -0.0315347341571133 -0.949148175472245
 0.450707873472243 0.577083844915513 -0.681055540119642
 -0.986143988941078 -0.164737950540748 0.0195305075974203
 -0.290211009681163 -0.358280082456925 -0.887362920328824
 -0.000119509228179278 -0.401771037082496 -0.915740148447801
 -0.153475260211122 -0.911089510534042 -0.382571886444846
 -0.702268468924257 0.271355378937241 -0.658168106091906
 -0.986156444065995 -0.0973584857596725 -0.134226648165313
 0.540557015265599 -0.836849396484792 -0.086493935337611
 -0.755252029553492 -0.257677981046592 -0.602657805009679
 0.52617862867333 -0.195965661754889 -0.827486259789504
 -0.989398271306672 -0.0924522959946328 -0.111998364723286
 0.0150753110533811 -0.171941907220784 -0.98499173374091
 -0.985424473529384 0.169492126848166 0.0145267307341316
 -0.815789627031601 0.449344835950917 -0.364110564021268
 -0.228057596239652 0.457512457624206 -0.859460344586096
 -0.242859377613117 0.161649857176102 -0.956498116245043
 -0.130464020498865 -0.948791762603497 -0.287703546330284
 -0.479881213556306 -0.0202702040443185 -0.877099275854067
 -0.530704583033906 -0.774586006764085 -0.344048199634988
 -0.462134604345455 -0.399259707127067 -0.791848024390589
 -0.902882849170415 0.0738981119834751 -0.423487461112123
 -0.30790416577674 0.541938526362896 -0.781983157325618
 -0.242469812057145 -0.954885353213309 0.171471141769297
 -0.713318639439692 0.698705412571502 -0.0546558786517367
 -0.0837186382438795 -0.979498894768913 0.183229650321855
 -0.745971824164554 0.660774071434101 -0.0830882908297523
 -0.599765034812988 -0.301006914669272 -0.741401875056343
 -0.882905242192278 0.45054659444987 0.132235016311943
 -0.177885605040704 -0.739084599410436 -0.649700443615069
 0.165692609013639 -0.367899052044334 -0.91498428774659
 -0.15844587825558 -0.88687864160141 -0.433982924474057
 -0.0909552469603179 0.472250122444785 -0.876759354042643
 0.289620859622641 -0.520051664424528 -0.803533461655904
 -0.818365624779554 -0.139274266688076 -0.55756648286789
 -0.942480478865002 0.285759442275457 -0.173413056338951
 -0.351325501145479 -0.305330739748108 -0.885066964477689
 0.613319283541514 -0.786789658731531 0.069292779921467
 0.489911138478115 -0.719152331074639 -0.492754503891126
 -0.187764698598794 -0.802113925078733 -0.566884176137325
 -0.0163923059119672 0.296377602723072 -0.954930159179724
 0.080287202217317 0.472804432921587 -0.877502098783708
 -0.843819356369991 -0.166514561487066 0.510138995400376
 -0.876733490486672 -0.341941377881354 0.338252096448281
 0.234486767734279 -0.104814067590923 -0.966452257999626
 -0.337271643871893 -0.312854068324586 -0.887902117450289
 -0.297722256396198 -0.412982163627887 -0.860701568821381
 -0.923769522925585 -0.332151224916941 -0.190592319624932
 -0.874359962330956 -0.479778526888924 -0.072850678849977
 -0.231506211842991 0.249321573929657 -0.940342292280501
 -0.806001327394082 -0.540149729884408 -0.242074636310331
 0.750707632628942 -0.0805809962212225 -0.65570172590946
 -0.231336079886558 -0.269403114620007 -0.934829171547272
 0.0132017420653846 0.671463997064676 -0.740919573673397
 0.0308776678304328 -0.613361861127293 -0.78919819877127
 -0.0720670119725809 -0.926999041043143 -0.368074888698532
 0.0982509510528103 -0.815731901890515 0.570024749335764
 -0.405098651332576 0.546648004627546 -0.732851309424531
 -0.216220318565297 0.0611054497142543 -0.974430550554908
 -0.961635069091001 0.167823189913211 -0.217010070784055
 -0.077042539134766 -0.997026887798327 -0.00135357705729777
 -0.976795158402976 -0.00619291125312336 -0.214086119051928
 -0.17035243323726 -0.978352775409077 0.117498490796696
 0.0954965964945829 -0.993447001485709 -0.0627969370033716
 -0.764561512251414 -0.638548222293622 0.0877602517628917
 -0.136298048076058 0.0290214627098438 -0.990242695904816
 -0.420690251672922 0.050172292175966 -0.905815904720812
 0.264856992118499 -0.932963277931915 0.243783296713449
 -0.976828777053924 0.188319436351514 -0.101692331134573
 -0.906306199762146 -0.408689745979911 0.107618603426979
 -0.994676491489191 0.0729937518635736 -0.0727364383760416
 -0.102453094167597 -0.731218166384234 -0.674405928684768
 -0.809421456764762 0.572220497859812 0.131911360988658
 -0.228052420953686 0.504040108011508 -0.833028008420431
 0.218828244925127 -0.960034127878346 0.174495479975423
 -0.79223186644774 -0.60853625568847 -0.0453022659189174
 -0.267171918638039 0.126797363645699 -0.955270430016427
 -0.801554640063669 -0.323099295635475 -0.503107348537329
 0.446125790656751 0.260244189633953 -0.856297110045722
 -0.957263623157467 0.122779676127547 0.261861617862285
 -0.915123182547531 -0.181541066133452 -0.359989447166451
 0.073852020147725 -0.679790362063116 -0.729678657195205
 -0.493595157148051 -0.235074265183492 -0.837319479463145
 0.124672002050114 0.172843245169671 -0.977027176952634
 -0.926271316237141 -0.159638542496238 0.341375137445583
 0.377134260772588 0.779815129889879 -0.499657995579321
 -0.998838970227378 -0.00169518203768292 -0.048143929139305
 -0.107424699671068 -0.385412332841202 -0.91647000365232
 -0.0900077839003448 -0.995924144963087 -0.00580485287434938
 -0.224503757100039 0.19941753430889 -0.953850465250256
 -0.433149465307942 0.613297198455289 -0.660490792570447
 -0.898317361578058 0.229209779112016 0.374818349399889
 -0.152879605392423 0.821315486082454 -0.549607767936553
 -0.0323569122274377 -0.718943921081586 -0.69431453144158
 0.601135436628228 -0.773371775681586 -0.201326310771597
 -0.141039606783704 -0.742755624053081 -0.654539465774079
 -0.0373264034028143 -0.0188671280943445 -0.999125002733133
 -0.659111756873805 0.131852414094417 -0.740396267446157
 0.218616410949286 0.129699887651797 -0.967152937237314
 -0.222856710926727 -0.902000786647896 -0.369769478569417
 -0.04638832785917 0.00236607678602459 -0.99892067989359
 0.0633239404152838 -0.989351364529454 -0.131049441334139
 -0.314706916303456 -0.245821071058079 -0.916805081712917
 0.0949104775227825 0.113213571489199 -0.989027142442035
 0.312302515124894 -0.945505958222943 -0.0921174359802766
 -0.424604957526432 0.0747053517012152 -0.90229138335195
 -0.320180019873516 0.411686492946883 -0.853228566328444
 0.186715086931323 0.00239234994734797 -0.982411193428677
 -0.0286183973678911 -0.993158140058484 0.113216147998712
 -0.0490268058233983 0.769947778869863 -0.636220708657082
 -0.154603642100564 -0.179978401456544 -0.971445051898659
 -0.206539991443419 -0.975043653038885 -0.081431606905056
 0.15692834662336 -0.970207459941706 0.184583256823368
 -0.862134242631201 -0.119835409813439 -0.492304806230419
 0.265752872433928 -0.940500098516095 -0.211742710581338
 0.412310959243963 -0.878242194212514 0.242260853610549
 0.227139286852693 -0.911261838724241 -0.343525262030271
 0.199495312181634 0.351002728251574 -0.914876333269969
 -0.529902767525486 0.543251662350067 -0.651214778949863
 -0.623774244911073 0.283835278406976 -0.728246679441283
 0.186846090691436 0.87468417803306 -0.447231625773445
 -0.255139536124213 -0.957083012820541 -0.137462444604617
 -0.429315992998725 -0.543905004572744 -0.721009794771362
 -0.148985358045071 -0.118113533738201 -0.981759928004834
 -0.00599749425564989 0.355788567720151 -0.93454723002227
 -0.988541522947275 -0.111159526486161 0.102123538327139
 -0.913894834434908 0.402205755826542 -0.0550160119709872
 -0.395366982734044 -0.185192223194735 -0.899660374492491
 0.302604812034551 -0.931786991527997 -0.200507681031769
 -0.936103923311883 -0.141768653521868 0.321886771456512
 -0.378044449530017 -0.915024403233202 -0.140757719743072
 -0.952763760627101 -0.141115638789803 0.26893789789587
 -0.987257315871625 -0.00571749005831294 0.159029250659703
 -0.00942490491575492 -0.997466776892285 -0.0705067384258059
 -0.0186496757653041 -0.236519857212858 -0.971447655171321
 -0.904037689840874 0.291701949992019 0.312451320557345
 -0.898541630817427 0.198878171679418 0.391242137962428
 0.310374478657194 -0.939813763898768 0.142890770117266
 -0.67212991767967 0.630637998001958 -0.387991094274086
 0.579016459713595 -0.443338612942659 -0.684244703052069
 0.133407868090379 0.294772057023844 -0.946209160349609
 0.37098771465604 -0.512280490358732 0.774555882278423
 0.720841890174297 0.0621781857598517 -0.690304891034071
 -0.987290900752837 0.106292682245425 -0.118146277942749
 -0.379995082067202 0.0662602948480231 -0.922612221321284
 -0.677103238855317 0.470086893688173 0.566170924999019
 0.362792541778842 -0.225365961722131 -0.904207805167986
 -0.191652412305057 -0.297941191307405 -0.935147260799056
 0.337903368743389 0.713037411397694 -0.614328058401327
 -0.904902806418074 -0.109424487298784 -0.411311551644361
 -0.234316143347917 -0.944595150854493 -0.229860709884784
 0.0847182683278812 -0.269294568888632 -0.959324371721375
 -0.207297436356393 -0.259081308164101 -0.94334757573232
 -0.0818061833632471 0.184608000358841 -0.97940167171955
 0.542113769147388 -0.443145172102056 -0.713957294061383
 -0.224278043049242 0.186929342613906 -0.956429182049531
 0.241128970586353 0.437824656459145 -0.866121463618353
 -0.721407404260898 0.0850485227560621 0.687268583491611
 0.577581674082413 0.453142402653255 -0.679015001809085
 -0.995288787990469 -0.0969362008521409 0.00189775256983408
 0.772280817936998 -0.382763914687954 -0.507024776376179
 -0.935005764058216 0.300240622641635 0.188732057938429
 -0.060572160371797 0.00931007979342047 -0.998120401455723
 0.389518752413576 -0.9205692015762 -0.0287660672934293
 -0.976215853782881 0.201650902608858 -0.0796211046142505
 -0.386734898087222 -0.901017621246823 0.196477390058459
 -0.979119070105623 -0.00745051507779836 0.203151018655027
 0.0367383017614917 -0.963069976795565 -0.266733044407085
 -0.460919972929702 0.0225893874728637 -0.887154156913038
 -0.49293823044261 0.56481659946961 -0.661811234364977
 -0.379005598394416 0.280923892439425 -0.881723609212305
 -0.252190016012818 0.881175702603626 -0.399911961517109
 -0.989343575914814 -0.0927814394555044 -0.112209149754609
 -0.127676817523361 -0.565431871352222 -0.814853010748706
 -0.864823281970238 0.426309456784268 0.265218660766033
 -0.401144315877964 0.865854780208038 -0.298962769303623
 -0.622319876059344 0.453203432576809 -0.638219884179489
 -0.25211485805681 0.0368942814249447 -0.966993748865592
 0.547273036573565 -0.0084869588455493 -0.836911103385003
 -0.725542570570454 0.686154518286885 0.0527252816446781
 -0.496677597727786 -0.653731361038404 0.570917394646748
 0.32020465441998 -0.93961880871553 0.120770334088258
 -0.961774610787983 -0.00368998760844466 0.273817424637429
 -0.989959123377456 -0.124462422690309 -0.0670077561167182
 -0.976257535554084 0.0446347750668154 -0.211964527996081
 0.0858015455471161 -0.352204625158663 -0.931981757760618
 0.405551175788057 -0.255612621158916 -0.87760494057474
 0.421250119352897 -0.886059252714613 -0.193513145868675
 0.276694992238754 -0.756171620127819 -0.592996089517684
 -0.159458993534449 -0.484840874910634 -0.859943111721277
 -0.205740743146432 -0.0192739778143518 -0.978416711012627
 -0.356515809580035 0.182532623774903 -0.916285064146165
 -0.213548156416386 -0.0328312992278009 -0.976380709908885
 -0.355654791248477 0.210105304286284 -0.910695026105211
 0.115264933212163 -0.512708782105905 -0.850790044560393
 -0.692740743147712 -0.390119628008491 -0.606561570350177
 -0.43569649093179 -0.418850054877957 -0.79670144930109
 0.1886976524808 -0.238222289327196 -0.952703173509958
 -0.340708920563909 0.118856969073006 -0.93262556921358
 -0.192833770370108 -0.947208094453585 -0.256148321888819
 -0.631555744233805 -0.727286842555146 0.268684183701702
 0.212584746493876 -0.194806493291193 -0.957527104436069
 -0.86038462056157 -0.270809847698957 -0.431741046334942
 -0.95453150171845 -0.172416923136416 -0.243191317368223
 -0.381368472232966 0.635388423314582 -0.671445932227237
 -0.989882643179717 -0.0807823126594738 0.11664720610852
 0.47541508243784 0.332401187115587 -0.814548924371502
 0.16908285261618 -0.0561495334400512 -0.984001127461569
 -0.964515814223141 -0.235600503899541 0.119170661975813
 0.33480661050333 0.771151537008023 -0.541507008757445
 -0.817258127562454 -0.13563093786655 0.560083388100872
 -0.928621449217106 0.354092338582057 0.110818860359649
 -0.917551704789173 -0.0180568847274466 -0.397206266255232
 -0.49168669567145 0.182839501143506 -0.851360035543885
 -0.454006151677181 0.607595007649048 -0.651695266914859
 0.449857477736584 -0.140221784051463 -0.882023866458218
 -0.911869733785678 0.149654921910669 0.38222636349884
 0.223806792587484 -0.969191501697574 -0.10285111875378
 -0.67444949799748 0.274676629931846 0.685325195524162
 -0.877081350227453 0.228756139674894 -0.422372979301739
 0.28122292070859 0.039755639441148 -0.958818626227482
 0.105944651261132 -0.943484266683943 -0.314027338601307
 0.00727910626795548 0.376789405197114 -0.926270348625683
 -0.138047695134956 0.160231089647401 -0.977378550909694
 -0.194063217765355 -0.888358233051405 -0.416123920581768
 -0.718430688095044 -0.232957612519619 0.655429704218874
 -0.515291205322011 -0.851957045681314 -0.0929740072910567
 -0.0571657577203045 0.810628407245233 -0.582763812801824
 -0.402987010710365 -0.425663451734049 -0.810192628364748
 -0.376138868992282 -0.800568213463334 -0.46648696318904
 0.153802081796397 -0.885828660113226 0.437781343317759
 0.399338178773936 -0.28519388017023 -0.87131708905941
 0.281446420427807 0.413066765778111 -0.866119945179642
 -0.0421060741391853 0.0114816504977054 -0.999047171169827
 -0.0488656764287603 -0.774655948378441 -0.630492115183892
 -0.854090307886975 -0.0862842647972967 0.51291789949457
 0.100543567290209 0.168916984626035 -0.980488675804778
 -0.852260570215235 0.15262597772499 0.500357103856728
 0.228032564118755 0.839395489934077 -0.493372436582909
 -0.497913430991777 0.261558929153462 -0.826842876136749
 -0.096625285699658 0.348445125711884 -0.932335534306769
 0.305938944882579 -0.32205114538957 -0.895926571632631
 -0.987658747783859 0.0543497030944853 0.146888759609311
 0.691072275661681 0.327514814272821 -0.644323797669793
 -0.785404466662192 -0.101759737766174 -0.610561036684161
 -0.986513067790674 -0.155333516031096 0.0516087771183318
 0.374253483783654 0.0628496756861277 -0.925194167805843
 0.111363754925661 -0.951537462919314 0.286661072958873
 -0.458487539402904 -0.245787625672093 -0.854036076099099
 0.113686735136523 -0.971859953907118 0.206309370232309
 0.252850532407974 0.613947705598404 -0.74775318324395
 -0.86806993922559 0.461028743065902 -0.184138748447887
 0.331242536311699 -0.921794802159971 -0.201426723273386
 0.0213187318545135 0.61426255189629 -0.788813684598571
 -0.749739886233079 -0.191953182178583 0.633280410910305
 -0.898787728244824 0.314482059776706 -0.305420453858463
 -0.128966264836669 0.580601344004947 -0.803909063186706
 0.261357073546954 0.357872605412301 -0.896448369066721
 -0.117451184919296 -0.97223904154345 0.202377037382523
 0.240984232367954 -0.114076073909999 -0.963801457309185
 0.126409437216786 0.523369655368975 -0.842677196808776
 -0.615117830351146 -0.787524591655032 0.0378823484313427
 -0.579048406967261 0.112194620017705 -0.807536568600927
 0.582209802694228 -0.799134545087921 -0.149718818102036
 0.156144973342679 -0.236684282394284 -0.958957401435182
 0.44846372768147 0.373528581285212 -0.812007810256217
 0.336453688243542 -0.0315816239506732 -0.941170291018557
 -0.930538643023403 -0.355339442695554 -0.0884969734226939
 0.453247948698398 -0.22798346059995 -0.861736525101243
 -0.489195746353996 -0.613106236466639 -0.620313037550293
 0.685781902647211 0.188846435177727 -0.702879937060545
 0.141450284310317 -0.98047492024619 0.136604347795956
 0.244626855950809 -0.966093034182173 -0.0825951006555777
 -0.0794294218601225 -0.993164943646974 0.0855240413782518
 0.0639114146985922 -0.507456675784728 -0.859303818956216
 0.61619169310891 -0.787219110859144 -0.024369424320511
 -0.910606509086759 0.34464570075869 -0.228068249779267
 -0.73323193767763 -0.668430239894959 -0.124787579363796
 0.115704290296927 -0.804562528109544 -0.582487472456587
 -0.0744051413770099 -0.87026110413099 0.48693889305885
 0.251625170583627 -0.959585765454885 0.126015603260562
 -0.415361461229351 -0.906690915977272 0.073392366154209
 0.693761728374125 0.380519899399219 -0.611473033260303
 0.353244256974945 -0.934664846527582 -0.040250709059482
 0.204687497408086 -0.978813751826919 -0.0051640719714313
 -0.840246409368922 -0.315174154174017 0.441192955613898
 0.196121964714039 0.232467060567996 -0.952625446178917
 0.260913093985857 -0.948796981727516 -0.178069213654364
 0.090196875115638 0.369332670093157 -0.924909672628216
 -0.153280591645499 0.24845181081667 -0.956439625866015
 -0.367573359877741 -0.893855651440274 0.256733128942238
 -0.491378261758161 -0.003203718445432 -0.870940376868389
 0.819184270701418 -0.445968561263269 -0.36062331178136
 -0.314738683168038 0.0478635872975142 -0.947970800356563
 0.122468544465018 -0.341705261623743 -0.931793415835972
 -0.052694977645845 -0.351526656559999 -0.934693665892015
 -0.985860548034966 0.136781584741196 0.0967976131104693
 -0.960995778906749 -0.0498537817066746 0.272032559398602
 -0.451047833844915 0.0540804215354835 -0.890859786717503
 0.242519203003308 -0.257117699374879 -0.935454394849268
 0.196059481107098 -0.921498087009329 -0.335264008665056
 -0.0501056953229686 -0.940798936892815 -0.335241375187418
 -0.587350691214005 0.297620560718867 -0.752622858653534
 0.271751462129947 -0.954459411862818 0.123119348344281
 -0.836456468945776 -0.447912543728092 0.315776707072886
 -0.0296068429599777 0.158306755712711 -0.986945999508413
 -0.888734732259294 -0.452990778765274 0.0703557391378408
 0.169431673414956 0.537090613101988 -0.826333214485257
 0.0722560086375909 0.625666215728147 -0.776737314484237
 -0.203314797749458 0.554048250052368 -0.807275436037791
 -0.215010866472439 -0.972096278573352 -0.0938037978048399
 -0.817311422601857 -0.522500353406532 -0.24288972636688
 -0.530952761479231 0.462055803858266 -0.710347520019934
 0.120172546632137 -0.323408086538113 -0.938597767202599
 0.243678942848624 -0.940671605289295 0.236130268738758
 -0.995398265432421 0.044431295561462 0.0849008430397324
 -0.207212481456289 0.0617482901010688 -0.976345295578527
 0.242814420601925 0.502392882837769 -0.829844894195119
 -0.152881525242965 -0.822380773396701 -0.548011954967068
 -0.381004686539598 0.093800904308419 -0.919802597944682
 0.56915322099363 -0.797193339746897 0.201363825191528
 -0.0703548672150882 -0.982236557053003 0.173958439426806
 -0.00377755424276759 0.277589624583258 -0.960692318282846
 -0.0194557318959593 -0.499535332845706 -0.86607501160992
 0.365959945190686 -0.675599481369957 -0.640030201856659
 -0.838651546271965 -0.0516455836877253 -0.542214272793695
 -0.404478426451693 0.665421065862613 -0.62738505532203
 0.0998483974500838 -0.981555514938966 0.163030882410519
 0.338247603312024 -0.94105560106093 -0.00170720986512619
 0.19199351513132 -0.955443287173025 0.224202174707394
 -0.298456300559105 -0.808725474259975 -0.506840156202676
 -0.761137790770393 -0.448235025578605 0.468779932703728
 -0.465084639143961 -0.00293229097715772 -0.885261362594097
 -0.942649606080883 0.00884726894563377 -0.333666668979327
 -0.0610770182502388 -0.955559707890156 -0.288401183247467
 0.267261609853626 -0.836653660995042 -0.478102377574135
 -0.848502424546547 0.254045698955472 -0.464224534445194
 -0.0658898794044368 0.645943417580217 -0.760536406148225
 -0.820687086530162 0.451902759570169 0.34965211553128
 0.109705857722452 0.694354914228217 -0.711221398629503
 0.46490477710506 -0.877055818224478 0.12098198189601
 0.348667402730797 0.128413646893763 -0.92840776470493
 -0.0452653985130138 0.226348828124156 -0.972993962830335
 -0.875752281968711 -0.0409936531169233 -0.481017110954199
 0.124334887137694 0.327981773006698 -0.93646611920338
 -0.0589075959787753 -0.376404070864171 -0.924580916184669
 0.0218401878960229 0.613032814140705 -0.789755515953763
 -0.0273943033584026 -0.918956029404426 -0.39340738193984
 -0.703514574864704 -0.0133447384155606 -0.710555529786065
 -0.944972129034091 -0.185229562568492 -0.269662167349189
 0.307596307570167 -0.0247438636703235 -0.951195170708863
 0.422257465077226 -0.0610487339843133 -0.904417870934375
 -0.131094829069362 0.018312030321978 -0.991200693773346
 -0.423394915457474 -0.889631306973686 -0.171151638078782
 0.00886094961611503 0.391759311665868 -0.920025067753584
 -0.655400200547718 -0.0609573406627557 -0.752817892814282
 0.0231628669714641 0.121223384686194 -0.992354963004109
 -0.812650795031664 -0.568950789767618 0.126070155695978
 -0.851703374249433 0.297081535289947 0.431675715881608
 -0.123633604480899 0.407064339742679 -0.904993566359959
 -0.76766871314421 -0.601726029913965 0.220477962126583
 0.580819773697399 0.546617367425947 -0.603206303109002
 0.158492513338764 -0.981419949390674 0.10814345173689
 0.390796203191376 -0.899347827026724 -0.196091339924828
 -0.806802675113104 0.265676476491092 0.527717209563624
 0.29623382788211 -0.872233651711286 -0.389170882827465
 0.263333270822711 0.0912173300130193 -0.960382729531883
 -0.308941330626731 -0.0211403361508195 -0.950846118158988
 -0.537170132172665 0.17890676441056 -0.824281880638987
 -0.959921076421995 -0.209334883410543 -0.186361030337176
 0.379210995228181 -0.594891766437437 -0.708733241299573
 -0.994714955729512 -0.100159823573399 0.0225868676398426
 -0.058668900418645 -0.252932217088929 -0.965703501951891
 -0.0130576725445971 -0.485535768292895 -0.874119279558543
 -0.193975381899604 -0.462679094617965 -0.865044280150099
 -0.232153506851406 -0.764901683597679 -0.600857856473584
 -0.942291800561417 0.295991617131098 -0.156445278557202
 -0.241308504366162 0.132075170186986 -0.961418928012469
 -0.222317813545272 0.622547131765645 -0.750339828684855
 -0.421310301633044 -0.798159647345189 -0.430626064106292
 -0.372637989705793 0.30302358425195 -0.877107539595417
 -0.473819602434106 0.805454181870403 -0.356003574780741
 -0.126015454624614 -0.988340026928899 0.0854640062595648
 0.332462225095304 0.0890341414371993 -0.938904569454862
 0.10152211633311 -0.82275511298808 -0.559256009308097
 -0.287216739107806 0.285783363326926 -0.914239801158224
 -0.730706414860964 0.675867772418952 0.0962854583334398
 -0.958153118429198 -0.263223798352077 0.112498149431482
 -0.575518586617818 -0.766145409444848 -0.286006237771165
 -0.567462147933287 -0.770140896913277 -0.291324062797006
 -0.683337751427517 -0.577209033546817 -0.447078571468075
 0.362224388488893 0.309388164487186 -0.879245390126725
 0.625597333988714 -0.779527798509432 -0.0310545819043168
 0.502405045170862 0.0515679168410955 -0.863093228185423
 0.442970170926762 -0.891601283937151 0.0939392258363868
 0.30247318245239 0.33393166745866 -0.892748349405028
 0.334488237062441 -0.941542794930933 -0.0401843822959434
 0.231174537509061 -0.845026874512421 -0.482170005868513
 0.320901267350858 -0.831357394232632 -0.45372597420397
 0.0467052104723411 0.53663619793516 -0.84252015666121
 -0.480355859051317 -0.876316319595996 0.0364411400041025
 0.419129277315632 0.736683329160771 -0.530686650890598
 0.0789681105033926 -0.914145500948177 0.397620473089266
 -0.169639496045759 -0.0857727878615453 -0.98176650495105
 -0.951160651511024 -0.297027019847601 0.0840735659858443
 -0.967982128699721 -0.0675442619971364 -0.241760979459503
 -0.355153923122727 -0.150147110019292 -0.922670871027904
 -0.995358358263068 0.0857413878319737 0.043705297716606
 -0.392283793845098 0.239367925218047 -0.888153377217755
 -0.971599211557383 -0.235926733390226 0.0182633122102418
 -0.709612082942968 0.271036626163567 -0.65037669009522
 -0.788610314010983 0.499016825906541 -0.359271457393515
 -0.956366813702299 -0.0614460405109383 -0.285634209706121
 0.0486675088033849 -0.998513808215559 0.0245285219639204
 -0.970092116172517 -0.200647700653636 -0.136608148960215
 -0.921294070686855 -0.048221288340112 -0.38586518716783
 0.114535723099212 -0.914121605901138 0.388925774099463
 -0.470581180324733 0.229600163983093 -0.851960748757311
 -0.935549453511092 -0.202071631441181 0.2896796088816
 -0.649020153909724 0.747297890906794 -0.142543684761042
 -0.0974227446778525 -0.880035181429199 0.464808442550596
 0.455354073626419 -0.623937245283076 -0.635102339454353
 -0.980780003708659 -0.112527492790735 -0.159399334037106
 -0.0359295996951768 0.349125847730863 -0.936386782431251
 -0.866496921501701 0.102734893563973 -0.48849629136
 -0.962973189417834 -0.239074808864169 0.124602858029037
 -0.769593653250958 0.04010183241309 0.637273451442123
 -0.996069970229024 0.0866306201500197 0.0184323102289205
 -0.991328026662665 -0.112145801728422 0.0684986328899761
 -0.378236028245541 0.253153683399555 -0.890421652655794
 -0.934317181813574 -0.328487181710281 -0.138374763667288
 0.377299980510784 0.275281170615995 -0.884231305604393
 -0.994867829212338 -0.0764486861337188 0.0662842423714653
 -0.982419279057908 0.15575808782008 -0.102916365141666
 -0.254983814151022 0.496764138639922 -0.829583416590721
 0.31017209596529 0.321331900592058 -0.894728495436686
 -0.2833620501413 -0.25792235906241 -0.923678518336007
 0.0523643741838892 -0.0602451229202083 -0.996809158004008
 0.0826544163458354 -0.464007034495534 -0.881966960490692
 -0.999840520315126 0.00579973124282407 -0.01689073868987
 0.0371929427089313 0.487510007368171 -0.872324869374097
 0.496020657244519 -0.86679548650461 0.0512746736893818
 -0.176008734094057 -0.898749289197233 -0.401585159947522
 0.484585128738963 0.715095554301108 -0.503801152463781
 0.506616392922804 0.140022750087793 -0.850725255226233
 -0.39122420360425 -0.875997136394916 0.282086227140084
 -0.661397566795278 -0.218363769175802 -0.717544788113344
 0.0167995946878647 0.202675815590541 -0.979101775809355
 -0.779722103006008 0.468971178600024 -0.41484873836905
 -0.835812842391788 -0.141016987245851 0.530595045021214
 -0.731218681850341 -0.669475267508754 0.130851463526901
 -0.947828388376061 -0.264165848792351 -0.178431360809294
 0.4371094996697 0.105594974720204 -0.89318810259225
 -0.726314372301698 0.660871654867828 0.188987005850264
 -0.853145548159987 0.513513049479226 0.0919076801433996
 -0.520863471642349 0.5577898946886 -0.646197862339362
 -0.0554595627834522 0.23232494437985 -0.971055795057508
 -0.779704201509209 0.573988409194589 0.250197250702623
 -0.639650890951837 0.204727615284617 -0.740900358512799
 0.216521092740722 0.310337634383923 -0.925639870080883
 0.0775313466846284 -0.993646513871435 0.081581221812454
 -0.268364838552993 -0.404802536059984 -0.874136842964437
 -0.296477324871517 -0.137131074453682 -0.945143515163813
 -0.247985280407442 0.716135025764949 -0.65242158576635
 -0.370547919589818 0.414979429196451 -0.830955060536637
 -0.274941059237149 0.21761009199535 -0.9365112181962
 0.122519363484894 -0.770146477691814 -0.625989942786742
 -0.664642365902885 0.227074691481684 -0.711819928026403
 -0.106888724699371 0.164770089041244 -0.980523135009818
 -0.756063842876847 -0.43324109301769 0.490580901396632
 -0.982355945595224 0.187010025719492 -0.00201157503179717
 -0.404019878455888 -0.188257929602013 -0.895168637606598
 0.240344358728477 -0.167937512967649 -0.956049988737847
 -0.499800633205619 -0.110703740653858 -0.859036674917029
 -0.216367821359946 -0.961872170509631 -0.167292837500718
 -0.310081447008847 -0.416860723446452 -0.854445219700245
 -0.252196096873258 -0.260425657612032 -0.931974036966285
 -0.447884537802679 0.415886250412799 -0.79147840622146
 -0.658523675796517 0.36930222269819 -0.655715210076463
 -0.873423476745056 0.417008726637644 0.251466006010015
 -0.0630926649213835 -0.477418563267127 -0.876407913634439
 0.499732291682445 -0.248438978842711 -0.829786545107477
 -0.0776017156994516 0.147693428384005 -0.985984089594087
 -0.204661832791825 -0.0250552360690154 -0.9785120179864
 0.374632859108737 0.0259972246360301 -0.926808699348057
 -0.982254261261611 0.0109234041652127 0.18723580179776
 -0.35661703826462 0.787106767411726 -0.503276489331693
 -0.926946359515494 0.254215472169677 0.275943726673609
 -0.541846251559922 0.681118934990028 -0.492422213215968
 -0.232165560736513 -0.755213548527082 -0.612985846923918
 0.0583456729896817 0.630904994346017 -0.773663150571767
 -0.643502581617538 -0.306810188895109 -0.701264526011199
 0.395085686917304 -0.00342190123116152 -0.91863789960193
 -0.0406910577310964 0.525769842659415 -0.849653052940209
 -0.750254367546047 -0.0701263658629539 -0.657419711287193
 -0.613698784994423 0.502237788943393 -0.609205223757661
 -0.12720743058399 0.825748689464726 -0.54950647989947
 -0.97646176702432 -0.134499878698065 -0.168618504826569
 -0.181745438363553 0.452520063187385 -0.873037334852826
 -0.937920119773873 0.166320179713223 0.3043738601515
 -0.392582679975927 0.128125860672387 -0.910748375353961
 -0.173536387253396 -0.934048724041368 -0.312150770326987
 0.267436150863614 0.312296430787834 -0.91156395525955
 -0.991951421712632 0.126399202023506 0.00745779391701682
 -0.724210485014027 -0.626492584082998 0.288142699863723
 0.681754468905768 0.154573598494546 -0.715064924867288
 -0.570170700814899 0.331077570398585 -0.751859703875143
 -0.279314666182297 0.190274378030243 -0.941158317351909
 -0.984602053624578 -0.064927909361268 0.162305768795316
 0.0843949443967931 -0.994839637942606 -0.0563168548348337
 0.0272587740337955 -0.455554478708412 -0.889790467563505
 -0.444263525802859 -0.830986908869062 -0.334799457779509
 0.287211381839226 -0.869980851888082 0.400802868615096
 0.0442532765316023 -0.926679684121898 -0.373237739988812
 -0.809291252566373 -0.272414934681497 -0.520420764268708
 -0.381790952205486 -0.591884980290676 -0.709864662397231
 -0.616430432437111 -0.0638168358759771 -0.78481904501877
 -0.937136289922554 -0.0898019265204587 0.337210895588213
 -0.964341735819105 0.170860662075949 0.202117912893352
 0.292660100118238 -0.510811275725392 -0.808345165378368
 -0.934578770188486 -0.184426184761571 -0.304219500833309
 -0.63879190020311 0.484862138314071 -0.597372258365256
 0.134316602873805 0.353000863307807 -0.925931660921249
 -0.141261380468321 -0.986594306878824 -0.081712275837093
 -0.66937510136842 0.649589641150808 -0.360513899562252
 -0.61350944818504 -0.1743488193896 -0.770200393511417
 0.264501453203213 0.0932595593597999 -0.959865425901675
 -0.089426001538473 -0.0375013203158607 -0.995287215442562
 -0.341556360036862 0.285387493255478 -0.895484914229002
 0.0502679385558793 -0.730666388818264 -0.680881606892578
 -0.299793677099898 -0.789543448765803 -0.53548566150918
 0.455945738047203 -0.889089399754137 -0.040416867783393
 -0.986104656089252 0.104571203605645 0.129083192614549
 -0.0690713741484987 0.503765026111959 -0.861074876964632
 -0.560544128801299 0.746094544165942 0.35935109688466
 0.235496383229465 0.639025723139827 -0.732248303959431
 0.175944936267034 0.0499753720161941 -0.983130633025862
 0.0638142268768391 -0.989851045630981 0.126975005065429
 -0.260217864923083 0.435326558820978 -0.861845374739551
 -0.320680340786588 0.725515782359889 -0.608926078091353
 0.112085916654901 -0.985704492920528 -0.125791096361847
 0.054267182238968 0.411704504020304 -0.909700211224136
 -0.968002286149841 -0.0773192549867612 -0.238732709985401
 -0.302648343353887 -0.178582971629378 -0.936222250595001
 -0.758947269855744 -0.131799380318983 -0.637673870349134
 -0.456135863082951 0.166913332743579 -0.874116704886712
 -0.588668816065056 -0.757256193953463 -0.282899419779683
 0.0770461252639111 -0.781777863719031 -0.618778850948161
 -0.771964919334831 0.58809552071427 0.241275406604526
 -0.944792942042442 0.243020023897182 0.219789819263311
 0.368233267854769 -0.669118640236252 -0.645511042301669
 -0.677304051466678 0.126822667364699 -0.724689749416484
 -0.520306949353645 -0.604257788979232 -0.603451077480382
 0.133387539114639 0.129968915454368 -0.982504883155578
 -0.990893763012265 0.117542961810086 0.0656749766068184
 -0.152621619819821 0.194232065606322 -0.969010085527429
 0.628202461922082 -0.386769801703619 -0.675107981974127
 -0.146834817025269 -0.47241647467164 -0.869058232207702
 -0.582050396457888 -0.650001007943316 -0.488585740332123
 0.647029432495133 -0.672122262627735 -0.360006357673307
 -0.795437283459146 -0.54376563534982 -0.267578889107007
 -0.169451322441779 -0.347430911387286 -0.92226786300691
 -0.790328867002055 -0.576670525051517 0.206957453405419
 0.237435879040307 0.517437002762263 -0.822121129467406
 -0.88556364675062 -0.252451981206201 0.389929512526055
 -0.964043842891475 0.00577732619763188 0.265680431129286
 0.858344408899092 -0.151624408814065 -0.490158050391354
 -0.845139335372859 0.450261100253249 0.288104920826172
 -0.282642404183611 0.576758328986073 -0.766461415403607
 -0.826771187507381 -0.153657221131057 0.541145878577965
 0.147378029194448 -0.600036501038539 -0.786279793669015
 -0.774966798206313 0.0170929041293968 -0.631770760882678
 -0.16942475021015 -0.400803797534463 -0.900361910510535
 -0.958801862123429 -0.248698001222114 0.137289086881555
 -0.265506006830215 -0.241946080721129 -0.933257014096738
 -0.142243177064874 -0.202684943325344 -0.968857931963037
 0.298927543384355 -0.764031417779526 -0.571750222083037
 0.0878471487105473 -0.836801532263965 -0.54041287370316
 -0.916986280628123 0.273075637769674 0.290802092833748
 -0.776854602336733 -0.10111204441476 -0.621508874677187
 0.343246124261547 -0.868385459589981 -0.357894945133517
 -0.93284083117398 0.0327253327332641 -0.358799437418923
 -0.116919012137424 -0.67375433592126 -0.729647202028563
 0.184210684352058 -0.942128696145475 0.280107021814473
 -0.924528612251361 -0.178262289795845 -0.336852194835235
 -0.12888001098035 0.0812131265180667 -0.988329080241427
 -0.241449720811898 0.0195870069495692 -0.970215636587359
 0.0944461839564935 -0.88964937508954 -0.446770531412767
 -0.55108129891991 -0.761160804342461 0.341970220799241
 -0.520829306839303 -0.257226495681242 -0.813984866601855
 0.241538838451327 -0.905424318711134 0.34909281374165
 0.194413995061502 -0.963569526206023 -0.183676255110254
 0.795424265596079 0.0558626339047264 -0.603472952031956
 0.475472879884078 -0.498751530742756 -0.724687830087203
 -0.844734745756703 0.533197994996177 -0.0460771900555378
 -0.20283990745253 -0.556659466853363 -0.805596803560676
 -0.253591372863842 -0.309251531051224 -0.916545092263063
 0.129685237152195 -0.946289415156178 -0.296172385661049
 0.495804527571377 -0.20769852768041 -0.843231398869322
 0.0336436562469758 0.0594234777494943 -0.997665752988691
 -0.603139000238562 0.633202344940746 -0.485054777064166
 0.405672224735257 -0.837013473789959 -0.36720360942182
 -0.81649827029471 -0.522342009603711 -0.24594592822184
 -0.650218346710494 -0.171668229571294 0.740098723520673
 -0.364852611562576 -0.177221166242247 -0.914043341462376
 -0.949369031380482 -0.0415110834752397 0.311408529434243
 0.0778983687530082 0.260030223325754 -0.962453181771861
 -0.195610061061004 -0.186114063624142 -0.962859418260537
 -0.927355203147299 -0.331682757313883 -0.173201835141236
 -0.276589933606811 0.203671775741067 -0.939156971114979
 -0.579159926051249 0.0383286684471867 -0.814312405180823
 -0.889264780324009 -0.266895261247049 -0.371449956251393
 0.0842992102659931 -0.582474055873709 -0.808466212888678
 0.49308489255293 -0.843492816245735 -0.213042619393174
 0.536189937900607 0.0174468557292859 -0.843917032485602
 -0.0460792393415872 0.00914447457444421 -0.998895931659779
 -0.396131272027074 -0.144440680116084 -0.906761768740729
 -0.980868939809378 0.0327423637747395 0.191895962781059
 0.0210019825757115 0.492975167923454 -0.869789859988452
 -0.115814336592815 0.682825298316848 -0.721343643084261
 -0.947353803000853 0.00284744708584071 0.320175989082433
 0.20712545143161 0.285139968269275 -0.935838792669255
 -0.153913536615566 0.347975662601774 -0.924782980749184
 -0.893128053000359 -0.449380624702966 0.0194765265219439
 -0.382452567710293 0.506581580683383 -0.772725782903695
 0.341146616155864 0.0683769076038204 -0.937519911677583
 -0.0499569369941678 -0.893741887575521 -0.44579114262074
 0.0443848603947753 0.292827379565712 -0.955134603050489
 -0.681784316296857 -0.585540749031911 -0.438534123272951
 -0.274883426890233 -0.863868337989553 -0.422102589710426
 0.147548880739786 -0.275694559640963 -0.949853587442197
 -0.552980924964277 0.0130340023897157 -0.833091958554011
 -0.33939616734878 0.250900906827491 -0.906564380803758
 -0.112526628834818 -0.850211353900052 -0.514274645984528
 0.239126596286072 -0.828347541103937 -0.506615063036719
 -0.355285480862445 -0.326290665943873 -0.875960403446551
 -0.199288180215009 -0.948266726484597 -0.247132427392231
 -0.353286332955543 0.0306605098109058 -0.93501267375633
 -0.46268172003531 0.528771232459946 -0.711566307288335
 -0.301972595654909 -0.778579773488142 -0.550114613320344
 -0.993445449927787 0.113671061158605 -0.0120427518804422
 0.19730238982959 -0.875348398565051 -0.441403384782143
 -0.970721576398863 0.240157693920086 0.0048890862840779
 -0.830236241325814 -0.545148635053714 0.116278756822806
 0.460527945054994 -0.844141966156266 0.274478328465578
 -0.512515220448588 -0.435660172955733 -0.739951594706516
 -0.658498242890294 -0.248880160147389 -0.710238502191627
 -0.340670030098185 0.103613045312909 -0.934456134569134
 -0.793326524966756 0.464642777515633 -0.393370199794964
 0.698996809285009 -0.621564484085818 -0.353639721655399
 0.344321013150554 0.392236354301727 -0.852991021211282
 -0.44107250643073 0.0425632051468145 -0.896461609684734
 0.00837972536746712 -0.999527488718514 0.0295732902942151
 -0.261028154647935 0.620578560847769 -0.739423121289296
 0.120845627589441 -0.0247725866473931 -0.992362158308806
 0.504953347205758 0.139299417511145 -0.851832019489029
 -0.602072634276978 0.52216160399058 -0.604032948085422
 0.000278905819385551 -0.978070352033838 0.208274599228874
 -0.947850085596277 -0.20524156536785 0.243836246445203
 -0.343528973454548 -0.327953949506045 -0.880019347174056
 -0.664892535016123 0.22650960441939 0.711766335243249
 -0.161059072518819 0.890200567764754 -0.426148946156961
 -0.997502661747575 -0.0538243312216929 -0.0457316211722319
 0.115814284694204 -0.990959133008662 -0.0677277503501354
 -0.325496424974486 -0.117628543515395 -0.938198061754167
 -0.109980119353622 -0.355826799373077 -0.928058005835236
 0.0409063870683202 -0.00204063286806696 -0.999160899612527
 0.280048846785743 -0.942537098697894 -0.182198959909577
 -0.701271372357507 0.0516125999766638 0.711023629590091
 0.122726879343576 -0.942127229300938 -0.31198461003121
 -0.147989457396703 -0.349592306140194 -0.925140173155944
 -0.343353062439175 0.336406564940898 -0.87689183915595
 -0.939805251967629 -0.0219651661318632 -0.341003841401914
 -0.919590281838417 -0.390514944351343 -0.0430324503904757
 0.347439729517535 -0.932047744528032 0.102823325529722
 0.0768110614145616 -0.583983977249304 -0.808122995069719
 0.0239868706583843 -0.126246445936669 -0.991708860968973
 0.377121345793693 0.795161003306484 -0.474866791181885
 0.581499064238398 0.685318702123438 -0.438402913778768
 0.389071572389151 0.0962420235760009 -0.916166351956144
 -0.752563942825098 -0.570813373623539 -0.328358956710574
 -0.101966859979625 0.351577558891852 -0.93058904976877
 -0.267259455881446 -0.479481550553816 -0.835864717475538
 -0.383260911994227 0.894085614579783 -0.231780040423772
 -0.949774651690876 0.098227078286429 -0.297118750833378
 0.397155741209376 0.282181107980538 -0.873293272345154
 -0.106275459053271 -0.856765806837992 -0.50463638298904
 -0.538576841195963 0.278715758405478 -0.795143076523866
 -0.0546677321106981 0.706201060476939 -0.705897656354744
 0.444944122202951 0.0100832098118951 -0.895501567277766
 -0.462995667861184 0.178707903834842 -0.868158105789915
 -0.965493058085667 0.14502336843528 -0.216313146609427
 -0.464835838046169 0.186627957605536 -0.865504274459637
 -0.434169333823087 -0.118828605777131 -0.892959546685448
 0.580378992200357 -0.0734369275687305 -0.811028509413672
 -0.246909631233454 0.332049984489919 -0.910372693903109
 -0.808837218375711 0.446417105474311 -0.382745505669473
 0.260128426840196 0.0490997235707606 -0.964324851227489
 -0.836699811847975 -0.208819241201825 0.506288405316039
 -0.0215521913929499 -0.985039177107219 0.170977550017817
 -0.106788482823077 -0.358802681000254 -0.927284668288749
 -0.955072255123088 -0.278469242782193 -0.101448845820991
 -0.101065002235679 0.026119599266705 -0.994536893160454
 -0.601235453658706 0.352202524839074 -0.717265160704736
 -0.888896605820745 -0.411285766853213 -0.201759366930816
 -0.611727158443439 0.673493799277845 -0.414965041849321
 -0.975106079558078 -0.221282649191882 -0.0142169889743415
 0.117426330438586 0.168857771736896 -0.978620513704765
 -0.96218131880084 0.258783057646536 0.0850790151905075
 0.0459702850485215 -0.00137900029195659 -0.998941855790793
 -0.44855079714435 0.34439843995446 -0.824737471525395
 -0.967287933676906 -0.253601452499684 0.00635268865219553
 -0.426719083101441 0.239125455481803 -0.872198280586293
 0.635894135076078 -0.676085939569509 -0.372218284467946
 -0.744929217591341 -0.058729000493227 -0.664553508214213
 0.51712194573231 -0.830512703089358 -0.206962661485683
 -0.697038583996957 0.673233362721808 -0.246767201503366
 0.731993423442919 0.20067121285575 -0.651088851361562
 -0.250330441937881 -0.389362366952933 -0.886415036560185
 -0.123121922900084 0.055114171466313 -0.990859939751814
 -0.272031014697943 -0.225364082788602 -0.93552667371447
 -0.0656325448357868 0.240133583268036 -0.968518575580888
 -0.996027639808233 0.00312034254850394 -0.0889899106664386
 -0.856427001882433 0.125609691214505 -0.500754426759927
 -0.239955589444775 0.590915446735854 -0.770220909806516
 -0.900001956402349 -0.167454725254976 -0.402436819217285
 -0.45035549433858 -0.63388745710569 -0.628781854416248
 -0.560667428975024 0.639149891714475 -0.526440357503023
 -0.683627683837395 -0.162804090147359 0.711440804369843
 -0.933478102823075 0.349370716680606 -0.0809860103716233
 -0.979871016227847 0.0216387968632149 -0.198455420754685
 0.245529514030049 0.308041695215305 -0.919143934184984
 -0.194419787977237 0.376815534510585 -0.905655011024832
 -0.950994135225468 -0.295542539103438 0.090910738348435
 0.18673943429652 0.0973244910092582 -0.977576762780501
 -0.116523854655352 -0.966260507448551 -0.229701595644279
 -0.865695079760617 0.473515521686586 0.162342476265885
 -0.549115951719414 0.128673638925178 -0.825781306529177
 -0.102596812492193 -0.730767897513156 -0.674871968621193
 -0.832147062375809 -0.271577848653535 0.483504641859858
 -0.975766086551794 0.189655735613156 -0.109138656233385
 -0.934484820641891 0.333486613406463 0.124598550025997
 -0.563374106119119 -0.750021654477044 -0.346521477501759
 -0.955390960696258 0.21608135993709 -0.20133792019294
 -0.0581991328510449 -0.340952268300738 -0.938277363936682
 -0.159461357627572 0.166396636440622 -0.973079767955751
 0.0236026328257441 -0.167215248500312 -0.985637852556745
 0.0758895471432915 -0.150035600980952 -0.985763711582381
 -0.898381124043856 -0.174990852308278 0.402851781143042
 -0.471965752362738 -0.282507213695931 -0.835127536850772
 -0.375398666517695 0.359381438076195 -0.854354038524441
 -0.689308324517935 0.712884294681266 -0.129034941574256
 -0.708985166105201 -0.675060269032516 -0.204043297896615
 -0.959355666302767 -0.0936917239433395 -0.266192724162961
 0.0841249226008563 0.0786783294179339 -0.993344209162868
 -0.947099882196797 0.283509282399256 -0.150413762456339
 -0.187623578755434 -0.526826958986278 -0.829005879339992
 0.200968741157268 -0.965412775987635 0.166101586499082
 0.316839387492699 0.0826917496704473 -0.94486765055731
 -0.946274974415984 0.0151255196407437 -0.323009119762315
 -0.255655408754748 0.141420306731879 -0.956368448255328
 0.243255035594586 -0.0947756180570661 -0.96532096728486
 -0.320787761706035 0.00228462514034161 -0.947148347634942
 -0.921766625674062 0.26164806968524 0.286158304830459
 0.176799568067807 -0.963747948667461 -0.199829437696998
 -0.373803545875552 -0.910125177972174 0.178726241811278
 -0.115429548906712 0.0683405118439206 -0.990961953699588
 -0.810774728753629 -0.320517272441387 0.489809164145807
 -0.873232289232704 0.00501638873254819 0.487278364885509
 0.212248331892795 0.0470020875986905 -0.976084755218568
 -0.162093711979178 -0.810041726671197 -0.563522874059569
 -0.992088420334544 0.125419073300045 -0.0055337411095107
 0.583070756913115 -0.812379577615603 -0.00824101364283854
 0.273272820608528 0.148594639554113 -0.950390234910083
 -0.91482953593631 -0.403839528616351 -0.00074518821692427
 0.117515967378463 -0.175725210533143 -0.977399942599848
 0.234262172921966 -0.961144220816444 -0.146024042982754
 0.373468259784703 -0.922516359856031 0.0973910916427321
 0.0203675271296934 0.566560504132238 -0.823768389170187
 -0.229609926037223 0.596551790169465 -0.769028766374047
 -0.0308988086752251 0.0531842046709721 -0.998106559439406
 0.0406944101526675 -0.953077922022531 0.299977398374514
 -0.686542694652698 0.489746847228312 0.53740780981387
 -0.423231145997523 0.207662821485532 -0.88190223360092
 -0.0162763902006084 0.401654339785573 -0.915646695212435
 0.00159986292695347 0.39071223871496 -0.920511481165205
 0.205642930511575 -0.972725395335642 -0.107313980448639
 0.107692023770656 0.351896221192766 -0.929823358238775
 0.48833617441739 -0.421043989532685 -0.764362309139971
 -0.910539465151242 -0.210541800675925 0.355794930501026
 -0.217844819648125 0.0105485462023516 -0.975926412556548
 -0.323791646561972 -0.268379556093619 -0.907265883568692
 -0.999236881774998 0.0375448131112646 0.010772237883516
 -0.786358826658588 -0.217673453787776 -0.578150554139863
 -0.833756702609507 0.188693716825923 -0.518887696986679
 -0.389902106499853 -0.211262536785257 -0.896294866602524
 -0.259721989778093 -0.82690009616967 -0.498779228697726
 -0.463844707191277 -0.699078068814355 -0.544185576171797
 0.344864284415126 -0.0850881244217846 -0.934788016834419
 -0.777728998010868 -0.0743656706497107 -0.62418535122336
 -0.749657609875677 -0.426998226122606 0.505654014958484
 0.00460544517939463 -0.0820010984979067 -0.996621598060084
 -0.911310595821739 0.362084158561767 0.19597974400852
 -0.907957667752829 -0.0624333018763543 0.414385033978858
 -0.952672041570352 0.0241034734857944 0.303042907483574
 -0.0172974129892075 0.321114238181158 -0.946882487714931
 0.284962578001395 0.638434969714067 -0.714980502241143
 -0.288841871941371 0.0230140993123603 -0.957100164165823
 -0.0823599645206715 -0.947345636339732 -0.309439948216487
 0.087327982279969 0.152807101113058 -0.984390071750185
 -0.866348603817882 0.499210280352985 0.0151391100365944
 -0.972745093022979 0.146410130070075 0.179808391941476
 -0.889344157674481 0.348577987958684 -0.295905991019013
 -0.972738362958536 -0.223620066114257 0.0614340561887526
 -0.952094262714229 -0.192135183566465 -0.237908776934624
 0.107365998325467 -0.994211109915393 0.00410016150629468
 -0.893044649154358 -0.438616717173579 -0.10043221610939
 0.357094908012881 0.0466559887879528 -0.93290216281317
 -0.752557424543337 0.645721259482051 -0.129233810659648
 -0.81255251300479 -0.0498626742604822 -0.580751347243546
 0.112425305988375 -0.0347601591759326 -0.993052003626942
 -0.297333393668397 0.111807306912886 -0.948204608262648
 0.446700811148933 -0.888218148224251 -0.107363431781816
 0.0598307325048967 -0.890860156511666 -0.450320402589021
 0.253187005191927 0.777955747039388 -0.575048864054466
 0.261965605904554 0.666353715881533 -0.698102246561299
 -0.863868157945403 -0.476844213401661 0.162331148684925
 0.141887079013975 -0.637958037262524 -0.756886781164152
 -0.228917179738871 0.111725704674548 -0.967013077334209
 -0.0299990294310457 -0.596495445985557 -0.802055634698546
 0.24595004706843 -0.352248630092212 -0.903011338215195
 0.114754605260488 -0.181164340827921 -0.976734796238925
 -0.768815912856971 0.604344950501558 -0.209019790788272
 -0.112190319959255 0.40403293091837 -0.907838489402687
 -0.531391524121436 -0.0845038256985876 -0.842901033060347
 -0.957795222717485 0.250554449661475 -0.140892792911488
 -0.142570052146139 0.193075109067995 -0.970770715714802
 -0.616156970227084 -0.0663293242122607 -0.784825463902724
 0.184995071448678 -0.770150724354292 -0.610446300108583
 -0.0582892749581976 0.0165497930295251 -0.998162544265977
 -0.2865683766148 -0.952943720692581 0.0988778575664821
 0.785011001552344 -0.0210534350013537 -0.619123961995035
 0.0738410142997693 -0.27079753577163 -0.959800082948107
 0.241921078270436 -0.752238786865423 -0.612871111591749
 -0.243679402143889 -0.773017313784543 -0.585717151499021
 -0.873659860868411 -0.477567235282632 0.0929945336667272
 -0.784923428559 -0.599846992467959 -0.155173441433542
 -0.0555836931842793 -0.973303214290604 -0.222691055284165
 0.0244693963637587 0.290650926041042 -0.956516224552975
 0.458069054477897 0.566962968432994 -0.684635475092675
 0.00913916181969677 -0.987527012522029 -0.157184208050775
 -0.237885767742119 -0.961701530861905 0.136163603960862
 0.202146290049529 -0.563945059124323 -0.8006889831317
 -0.300602038807477 -0.870697401979658 -0.389261414027467
 -0.112889120548745 0.269197219908079 -0.95644597508458
 -0.475177042215742 0.674877519766659 -0.564576931750405
 -0.973626354502524 -0.193677006727535 -0.120585815431114
 0.166977718114229 -0.984324967509158 -0.0567697101583215
 -0.0742713263497187 -0.616271885439723 -0.784023426498738
 0.853610454835591 -0.0401083044568809 -0.519365492990215
 -0.0857870420520609 -0.92304235039809 -0.375011203549344
 -0.416742209629474 -0.832323093641692 -0.365464360100771
 0.0367851589762986 -0.669593174183214 -0.741816576497409
 -0.986694404329737 0.160059136321713 0.0285521513083006
 -0.31227690510944 0.814165924394025 -0.489506876449037
 -0.442560340202722 -0.292926311367713 -0.847546176552143
 -0.950779279030687 -0.309820093436152 -0.00550202409120106
 -0.569469787677198 -0.315687327683842 -0.758976726957238
 -0.776085253976293 -0.56081517372986 -0.288405997640307
 -0.241366428618114 -0.276725039504236 -0.930142730793245
 -0.392847698647134 0.0213077316795491 -0.91935665888616
 -0.970524499846941 -0.222236560731345 -0.0932368289419339
 -0.133452099434519 -0.989940430344595 -0.0469944839920406
 -0.74516463216138 0.0969732338363695 -0.659792287689931
 -0.235539343494853 0.0318580227181397 -0.971342516342461
 -0.655850548641762 0.39108925630838 -0.645685102388508
 -0.478391132014169 0.541563347927535 -0.691267723094114
 0.286937370425766 0.353080574691459 -0.89050606580118
 -0.831786845987103 -0.14640267858889 -0.535440845047168
 -0.221204723870152 0.0889445234396473 -0.971162881234463
 -0.364607058474662 -0.819335180521695 -0.442438193276683
 0.0145810416594225 -0.315689452333306 -0.948750527224951
 -0.582834379271065 0.487732900015699 -0.649939000662361
 0.149833290625337 -0.55707673265848 -0.816832601547548
 0.120208690129169 0.326445934496129 -0.93754089119802
 -0.119977885732025 -0.0633306233591649 -0.990754530184048
 -0.968616935120468 0.24252341399124 -0.0544392015358804
 -0.364893667748374 0.462780281092209 -0.807890476902256
 -0.921338332818292 0.0142298496043363 -0.388501207024957
 -0.710391177449056 -0.465301423296552 0.528052043344921
 -0.255254272540959 0.78208715745332 -0.568493565923284
 -0.390314491945681 0.536903691333999 -0.747923140174919
 -0.651178986200789 0.48474755195027 -0.583939841772021
 -0.908859566601348 -0.41213558817918 0.0641758923070926
 -0.320532252188064 0.613647201657275 -0.721592812606557
 0.698248940778229 -0.715634008441843 -0.0177871488311587
 -0.596331473036458 0.165837493494271 -0.78542135189827
 -0.970849463564741 -0.189919715364318 -0.146225239996352
 -0.07036402503884 0.170173589525005 -0.982898699464247
 -0.540339669635298 -0.196830501464387 -0.818101946649496
 0.583729649444838 -0.810247897959417 0.0525170468643517
 -0.885287715760927 0.321989546868998 -0.335541937810905
 -0.257126878564276 0.30707606948925 -0.916291468838833
 -0.250707091739294 -0.408005398929743 -0.877882422990577
 0.504553781487209 -0.841121758553026 -0.194781079357372
 -0.527707658736985 0.836670846311906 0.146651020596681
 -0.526871198066422 0.410425966082222 -0.744283055707658
 -0.92190328807649 -0.341383322035703 -0.183171381142425
 -0.410990132482154 0.313887566302973 -0.85589818712432
 -0.462753790744741 0.100577855779506 0.880762751300354
 -0.3682186863324 -0.864328257601049 -0.34256628869166
 -0.982825571245832 -0.175252602209793 0.0577963833124456
 -0.889630419792542 -0.404116456287975 0.212714846536378
 0.517846694314824 -0.0229044929504411 -0.855166758819526
 -0.741204009875913 0.503868665990083 -0.443545920032236
 -0.695954210406584 -0.0490037039707892 -0.716412153731699
 0.0383902486087171 -0.128868199755654 -0.990918349766265
 -0.249902921316431 -0.663596800633291 -0.705115462961049
 -0.633239071087754 0.650224585940962 -0.419781212878594
 -0.942753038370199 0.0616692822858562 -0.327740153576131
 -0.0417056257125322 -0.991073664559313 0.12662397956509
 -0.340450913822442 -0.173398692330029 -0.924135308694403
 0.314971909476471 -0.852870269838588 -0.416419258759967
 -0.705192291306291 0.00280116547185477 -0.709010568154088
 -0.886824021713918 -0.319209637697485 -0.33413823742905
 0.149233268835948 0.251398111816858 -0.956309793344948
 0.376827412080496 0.248412773764078 -0.892352057954456
 -0.916987004513443 -0.0428503623223383 0.396608976199868
 -0.314956072846583 -0.944320549677989 -0.095191237164559
 0.149574872095733 0.118608350326496 -0.981610623857735
 0.861831620574413 0.351065129191214 -0.366059466267485
 0.552334140428537 -0.270832832863299 -0.788401277244214
 -0.0202492660007629 -0.994498554577781 -0.102774472361252
 -0.852332995896855 0.318406582183488 -0.414904461927949
 0.185146060201426 0.297195544166647 -0.936694050861529
 -0.203725815725001 -0.955556472207782 0.213090638998998
 0.198429244813434 0.0436053951457562 -0.979144731036711
 -0.467103022166614 0.284354917626188 -0.837231776454178
 0.481739597114422 -0.775370131672253 -0.408323547548495
 -0.9125479001747 -0.234290684721605 -0.335207704176719
 -0.634116401713213 0.0581398351706236 -0.77104873298944
 -0.0058941828700264 -0.81578516891999 -0.578325009642916
 0.379117760466383 0.146581191549681 -0.91366497031616
 -0.465039563818199 -0.146413353542861 -0.873098696590547
 -0.112279541349334 0.787740505634039 -0.605688203928235
 0.054005927499409 -0.488900054620625 -0.870666466786725
 -0.741889170630415 -0.0754106049989277 -0.666268488790375
 -0.956610266262292 -0.244410435960822 -0.158620103628221
 -0.300934263649974 0.176621765374342 -0.937146371148872
 -0.988120568240736 -0.138301951687888 0.0670097961415091
 -0.998631677536375 0.0497015967426559 -0.0162641907919371
 0.339586352072893 0.12207615317662 -0.93261917324888
 -0.874845465627228 -0.0501158034643144 -0.481802674872821
 -0.121433754381614 0.460821702272472 -0.879145722853434
 -0.538045346991999 -0.0442266541679174 -0.841754838204908
 -0.41844787057933 0.299166426827572 -0.857555146137464
 -0.988432606074362 -0.149083417063482 0.0278409411787949
 -0.0746792961503489 0.751968649712033 -0.654955076762331
 0.121909007600297 -0.489282821226636 -0.863562687196717
 -0.360364204084634 0.0533947916024446 -0.931282254015494
 -0.820704244242076 -0.563791334848439 0.0926491998500668
 -0.883493808019307 -0.424564827803124 -0.197947968375652
 0.529688596621231 0.447016151941445 -0.720837395334686
 0.234197115802519 0.290271397914166 -0.927843858902314
 0.156744238874986 -0.352966890542735 -0.922412932346514
 -0.875887834568815 0.372236308406493 0.307018943972939
 -0.777932182676947 -0.193520026063084 -0.597805586012731
 -0.0652141230378999 0.0368642024773176 -0.997190126671995
 -0.319321720639572 -0.945065614138882 0.0698900829880854
 -0.989453504008153 0.113229824824227 -0.0903369812217709
 0.306875369190429 0.78551408532205 -0.537396622193423
 -0.19453207803961 -0.89970204176934 0.390760165126478
 -0.799153113877319 -0.267272875452462 -0.53844174302106
 0.496854195421586 -0.867125838218208 -0.0350526630420384
 0.281778551946622 -0.266337923246848 -0.921772725948984
 0.0138593144247969 -0.991694694465806 0.127865368149653
 -0.834149539276533 -0.551436932034083 -0.0105762050653874
 0.542630007484916 -0.311931380103614 -0.779904794884334
 0.318179330227245 -0.892460698963721 0.319805901479831
 -0.893883824183469 -0.186846053513751 0.407504921626076
 -0.95729835428206 -0.274890883395836 0.0895257678811868
 -0.851815597516959 0.384609296964097 0.355648529472018
 0.388201302455056 0.173282391019026 -0.905136985066309
 -0.976614528344311 0.0045698017940475 0.214949249680901
 -0.246373797833861 0.533517459276423 -0.8091100496151
 -0.0172131855876476 -0.990445444262723 -0.136826635495956
 -0.156034980339308 0.611159869606079 -0.775974676580101
 -0.629925429787733 0.734487511460881 -0.252432265003392
 -0.669539523998398 -0.670592802625202 0.31940901501253
 -0.550246752906879 -0.487999886292398 -0.677557836567509
 -0.860793283302069 -0.5080464831032 -0.0303923416095951
 0.118005324855736 -0.436916489202876 -0.891727943247449
 0.298188606121782 -0.370065331642417 -0.879849535713657
 -0.706042749384853 0.576624553914581 -0.411105533730559
 0.268296035315539 -0.957621572387336 0.104776722283006
 -0.810459142585944 -0.551552532186397 0.19734685819042
 -0.143009883392754 0.0545636546527157 -0.988216059798124
 -0.94855384589119 -0.277688394878971 0.152101140017335
 -0.970921583250473 -0.239172290144235 -0.0103872424423999
 0.204200150596837 -0.978823815947126 -0.014360913304388
 -0.739119216514643 -0.104837949572298 -0.665365905429679
 -0.0750086179667009 0.739933411364221 -0.668485043944614
 0.330789995021246 -0.434054965322637 -0.837958391731122
 -0.963166421988505 -0.146737777133654 -0.225340782628744
 -0.215772675099131 -0.974321699841942 -0.064337997308535
 0.59319426280818 -0.78135548973986 -0.193917934252724
 -0.998992079323713 -0.043796319848478 -0.00983401323031656
 -0.166853762669636 -0.985024840083501 -0.0434267924380542
 -0.422304810198919 0.228480478026073 -0.877186022713445
 -0.894317792198031 -0.445483371269257 0.0417163334992143
 -0.441934866267109 0.610691149237906 -0.657076779547077
 0.416764543012204 -0.852682186737125 -0.315024450017809
 -0.690176308141814 0.331151924956175 0.643424483741143
 -0.648981602327011 -0.0614179988882523 -0.758320980359655
 -0.728115455028829 0.258044937775872 0.635028105075994
 -0.830429865080991 0.232245911002532 -0.506407026021727
 0.446034501145381 -0.859186566720732 0.250702348123492
 -0.993433658929263 -0.0230932518817982 -0.112054750117703
 0.211619786432027 -0.976242349078303 0.046561162534246
 -0.771857315145436 -0.416181370593503 0.480655127744823
 -0.287501885002946 0.572432257524438 -0.767895811074151
 -0.775026499609649 -0.536803895482723 0.333429906723121
 -0.476153907336832 -0.30849976615094 -0.823471523984092
 -0.374892605284598 -0.248772612770845 -0.89306647100767
 0.0029044077149646 -0.0995192262431567 -0.995031400521506
 -0.0899420704087294 -0.844871317322182 -0.527354606632835
 0.204849474009308 0.605707786364491 -0.768865898928765
 -0.863945580187101 -0.0312256840931141 0.502616146903471
 -0.9100146979837 -0.351359369671252 -0.220045092646611
 0.473113754671169 -0.854260803301232 -0.215410898248168
 -0.886686116664376 0.233062798240465 -0.3993362775794
 0.625947117737949 -0.731009784250507 -0.271688978660492
 0.451394399920525 -0.882983925975524 -0.128772987032371
 -0.0654924088611762 -0.939521743866398 -0.336169060420204
 -0.368567171263596 -0.502590083680983 -0.7820239434009
 -0.713523233640559 -0.23042242343667 -0.661657087797518
 -0.984482531797506 0.0959503490940386 -0.146927448403302
 0.165761733398238 -0.985988995955248 0.0186747850315384
 -0.345460268260188 -0.364314813340107 -0.864830572906949
 -0.846976935030974 -0.020552229700739 -0.531232225471935
 -0.875654441058121 -0.124980794682173 -0.466485906342091
 -0.445488929153879 -0.445953109779234 -0.776315295404877
 0.487839603941046 -0.870146435498991 -0.0696972138255496
 -0.373927613189914 0.302389928951027 -0.876777321195688
 -0.0150617624353752 -0.0875261391886084 -0.996048351372099
 -0.910995238837216 -0.412093883501776 0.0163188846539614
 -0.506077648913306 -0.69335301210477 -0.51297857058129
 -0.29072957358106 0.415359214680827 -0.86194723610271
 -0.750182678358178 0.0900737820217346 -0.655066914813785
 0.109043080501756 -0.377665462214183 -0.919498996870162
 -0.161391337135482 -0.794871947630093 -0.584920014333895
 0.13762612162069 -0.840203626074433 -0.524515888585867
 -0.217486547717164 0.3397872109071 -0.915010520631345
 -0.00190937937647707 0.0272816464746031 -0.999625963066202
 0.331781846190058 -0.245249543582525 -0.910919023794805
 -0.982920516252179 0.14397841946725 -0.114618818080899
 -0.150196490214144 -0.957262396184055 0.247163345137005
 0.110273958297931 0.987912128488764 -0.10894622759006
 -0.891865878164861 0.449758330154587 0.0478821451250718
 -0.281845001509266 -0.955295838414783 -0.0892930917352413
 0.0730885249308385 0.602398897192986 -0.794841893828017
 0.401758082667209 -0.281125740871327 -0.871526683946691
 0.144306650911863 -0.97581475036069 0.164198548961635
 -0.581875863330823 -0.281322288476927 -0.763071588829721
 -0.00752334837937683 -0.0306267458951782 -0.999502577117756
 -0.0228631656816842 0.876149705515447 -0.481496593113811
 -0.699829034691974 0.039011668309435 0.713244286298751
 -0.207896906399528 -0.0883746934448225 -0.974150291211803
 -0.156240488217501 -0.157022510306995 -0.975157854451497
 0.390267136728962 -0.909283639194358 -0.144550425398344
 -0.989651711316281 -0.139944938192148 -0.0317002297018673
 -0.888934648740658 -0.457132810295951 -0.0287190532443066
 0.0449981006591491 -0.406991118214753 -0.912323079085131
 -0.109156956401885 -0.518351318152512 -0.84817254720878
 -0.954758304388437 0.195672923840197 -0.223939025355444
 -0.709686600884205 -0.592120871836032 0.381756207102858
 -0.997934951709615 -0.0146362516310987 -0.0625428836440938
 -0.974166214745291 0.116846323188737 -0.193254036972337
 -0.773023950703843 -0.599685587070972 -0.206908598897115
 -0.158002349771809 0.378817084232793 -0.911884243837973
 0.00656233116978993 -0.952755994814081 -0.303665852797856
 -0.946642152971801 0.208600052044889 0.245671839053205
 0.822704678561491 -0.560405944918836 -0.0954053917378939
 -0.587307098005746 0.250091742035823 -0.769756125794109
 0.222042501655106 0.378275457089434 -0.898668351519359
 0.229805860912502 -0.955332935213888 -0.185817784901985
 -0.054943116779611 -0.577898677022042 -0.814256945327896
 0.321866439591714 -0.0466704270873762 -0.945634108046043
 0.166740096331352 0.390628791271076 -0.905321427839588
 0.348981279220794 0.155100451626878 -0.924205559742288
 -0.160967710965154 -0.097277079739826 -0.982154043815903
 0.478244796175147 -0.862359486314138 -0.166186736219856
 0.465615174755424 0.364504010539422 -0.806436194213871
 -0.582605479034757 -0.293260267601314 -0.758003477066621
 -0.5877305206168 -0.345882123156152 -0.731394826353385
 0.0766685749840782 -0.94386095543723 -0.321322931660704
 -0.718281864060511 0.13552405625133 -0.682425376095397
 0.174573212305142 0.195683266974553 -0.965003757801818
 -0.9834418791728 0.163899106386048 0.0773249844159503
 -0.935840505946696 0.35229066769654 0.00968673749821
 0.493801229081675 -0.441861921367081 -0.74894485017471
 0.265515721746402 -0.963649585418361 -0.029679589426207
 -0.611380913643011 -0.218905210780195 -0.760456367667676
 -0.370679230715212 0.749915013916077 -0.547927349034184
 -0.2885911098466 0.367521552681981 -0.884105807939148
 -0.633386464545816 0.151874049239797 -0.758785779846762
 -0.68189296228112 -0.719415747695293 0.132147531038236
 -0.509187600999369 -0.836189444745273 0.203752790128382
 -0.546545360883938 0.251487466917098 -0.798775451851061
 0.518409334564457 -0.71851962616011 -0.463660768945543
 -0.479944213970025 -0.590530658642366 -0.64878894309329
 0.538271176594298 -0.797277789480928 -0.273152460812995
 -0.990350550701134 0.0852570008574989 -0.109256718469599
 -0.929293293370459 0.35862636549049 -0.0883238635464205
 -0.0271799197776561 -0.0671602078200351 -0.99737192583632
 0.2230437001428 -0.925874438012087 0.304972183751914
 -0.931456504423823 0.302875399738222 -0.201631526800659
 -0.390205701753681 -0.203526603396339 -0.897951241454048
 0.00727456287858614 0.086252887139108 -0.996246716529141
 -0.822111340536549 0.408779113138394 0.396273365775428
 -0.992087724587803 0.033830081619083 -0.120902739008846
 -0.0800566852630082 0.955831793870575 -0.282801182760713
 -0.77672232910839 0.389047461107383 0.495322618573327
 0.217555396245956 0.225582718732106 -0.949622075656256
 0.417838835829781 -0.0983323553603883 -0.903184064940083
 0.0529672211456376 -0.0822458668324355 -0.995203542433954
 0.33485225751262 -0.941993231818399 0.0228630017064672
 -0.960311187728149 0.0976800702072151 0.261268112498378
 -0.890997366235976 -0.328582318853232 -0.313300739063263
 -0.245695664034119 0.113947126153195 -0.96262645564947
 -0.950588160959752 -0.3098448869893 0.0194497879100163
 0.222309313455214 -0.317970188068966 -0.921668882327302
 0.665670328296868 -0.650903745542404 0.364975791065668
 -0.340767595769047 0.338160869788752 -0.877225553559344
 -0.195058652047647 0.775935830643933 -0.599896415212047
 0.0296081098409061 -0.997115221343707 -0.0698898790694309
 0.913659412045291 0.076256025322299 -0.399263694045799
 -0.290509889448112 -0.642275564218034 -0.70928562916589
 0.319028245228015 0.248971929199113 -0.914458286209713
 0.504790164714385 -0.620795666092472 -0.599833002233478
 -0.706879736999034 -0.0322183268405076 -0.706599615649326
 0.253146922868813 -0.965242976074306 -0.0649817865349125
 -0.778504940671867 0.0168975184604495 -0.627410974736155
 -0.685674662552221 -0.259617548041709 -0.680036018077506
 0.194338096944389 -0.902872479904834 -0.383476191055624
 -0.964598719371396 -0.156844719824524 0.212011896954462
 -0.955113263530825 0.111257115322363 -0.274555109436416
 -0.965018559606412 0.195052873960384 -0.175195764717531
 -0.0442301300884806 0.0502616256741762 -0.997756215002916
 0.361345066669513 0.0694079449193258 -0.929845298947992
 -0.724285919512552 0.563191576108278 -0.397775257396097
 -0.99119809425746 -0.104285195169218 0.0815532709883418
 -0.882833110942766 0.00414324978787381 0.469668533866507
 0.260391181268772 0.0380792936330324 -0.964751988914178
 -0.184308556573434 -0.281499033874472 -0.941694562956353
 -0.878872954910641 -0.0718094190930086 0.471620330834203
 -0.025445990159566 -0.148279086708329 -0.988618133573193
 -0.128429002089433 0.420000592774446 -0.898390501670307
 0.598815437722584 -0.800573708986022 -0.0224010719715671
 -0.898616774240771 0.343888514290758 0.272449229751172
 -0.311949415025545 0.535258069973047 -0.784975388782316
 -0.784988505061605 -0.0639181984961211 -0.616204114577432
 -0.391946940341888 -0.100721898741585 -0.914457596103025
 -0.976629486762957 0.0780656730870357 -0.200251332756093
 -0.541427642109862 0.142900870351301 -0.82851400085466
 -0.311840779269856 0.51133282615789 -0.800808384869785
 -0.213750831380045 -0.432588623869331 -0.875886787537738
 -0.927967385002932 0.372298551929017 0.0164414294505315
 -0.973583167211542 -0.162546864731542 -0.160356893485403
 -0.144813993464027 0.0212764780118582 -0.989230114169808
 -0.995410857830576 -0.0470037929043032 -0.083353869529895
 -0.380642436188085 -0.676959994837285 -0.62994960208155
 0.338915828205057 -0.940598198847026 0.0202753475386184
 -0.671419042122531 0.138711509447896 -0.727980485330444
 -0.774156504039909 0.558598394776244 0.297740727153862
 -0.502927082436794 -0.864326915511511 -0.0018256160529214
 0.0622830705338219 0.147122501126155 -0.987155402551829
 -0.0345951345672174 0.438566839194634 -0.898032462789127
 -0.822083517519237 0.55832540243595 -0.111585999202107
 -0.111430010311156 0.300761987391663 -0.947167134006598
 0.34202471515805 0.79746776751877 -0.497055584406497
 0.269993581023048 0.297993900298412 -0.915588937018841
 -0.14319496250628 -0.986226342821525 -0.0827816612403112
 -0.0112852104777968 -0.965294263531046 -0.260920732826134
 -0.894786699043147 0.412750318779658 0.170276062800262
 -0.968224188263498 0.248321830008328 -0.029634270748664
 -0.536112256910012 -0.841526609815103 0.0664576027550828
 -0.0357212978285791 -0.555641511125478 -0.830654260204351
 0.237005871447936 0.534625925657286 -0.811174048225345
 -0.879757990439701 0.468465716648656 -0.0810293192761789
 -0.24067207977971 0.385962868705904 -0.890567018250069
 -0.179530959258892 0.209579148725546 -0.961168671507274
 -0.733118986380233 -0.212493102616706 -0.646052035945361
 0.187794880001051 0.362713238866582 -0.912782662738674
 0.202976759489192 0.229113551335303 -0.952001793959335
 -0.908045145153547 0.375339050977262 0.185942494267882
 -0.0695114114782601 -0.891831861242294 -0.446994513330316
 -0.872263694691649 0.486302525945096 0.0516323559630327
 -0.904447957852075 0.290441098267365 -0.312438569921285
 -0.485004375103565 0.421819192079898 -0.766054387966979
 -0.0605221458989717 -0.0273506847067828 -0.997792067467894
 -0.849074173368883 0.490743594378765 -0.195560151089526
 0.401398902208418 -0.898232769777367 -0.179044163836626
 -0.333215835371133 0.538162211911863 -0.774176104467226
 -0.0904615107643567 -0.509704535503273 -0.855580505597003
 -0.103864418282899 0.286165903520987 -0.952534124468395
 -0.84959180076338 -0.235320573706582 0.472036015221342
 -0.466159641778713 0.151016306286579 -0.871716274720336
 0.508364791737165 -0.147407673711491 -0.84843162143628
 0.160351407485334 0.0523770061539442 -0.985669353964007
 -0.978070786791628 -0.129555386741956 0.163073412274804
 0.75227865827228 0.612090742447617 -0.243765755014897
 -0.560150911621672 0.108165686902744 -0.821298447816789
 -0.944648868540532 0.3280810875786 -0.00114679481017257
 -0.102856828146992 -0.937165155542602 0.333379579669109
 -0.413510081722266 -0.880830287772622 0.230537234425255
 -0.371879816301067 0.637306788426929 -0.674941078652676
 -0.177483212730965 -0.381636336475574 -0.907112680916873
 0.0179231941109987 -0.969615357621388 -0.243977083714038
 0.364124448090612 -0.382343102239653 -0.849250927860821
 -0.799576870964377 -0.445232827843301 0.403044112262508
 -0.561427649827686 -0.034844894209167 -0.826791888782487
 -0.424754819509486 0.312189267907321 -0.849777149791023
 -0.032221952460956 -0.93778933113954 -0.345706401705924
 -0.472674791475789 -0.88123461550483 0.00202334855463142
 -0.983131923295425 -0.178327571027811 0.0406312540879625
 -0.0895520852106017 -0.459995264494587 -0.883393898935797
 -0.977086172903543 0.0399498231246323 -0.209061288508942
 0.00828182162853465 -0.758553588902456 -0.651558028262808
 -0.97741646775879 0.154457471131276 0.144221836646399
 -0.541342934297212 -0.0959625329211399 -0.835307739555814
 -0.115708406790983 -0.0319661456954129 -0.992768719353744
 0.634419877959586 0.135353962383873 -0.761045808947615
 0.10092892191156 -0.960590656711817 -0.258996028849344
 0.0666392192432042 -0.99687162326542 -0.0424991904254882
 0.00075512010983324 0.250999577574482 -0.967986901693949
 -0.951104618205048 -0.261040716940508 -0.165099210562062
 -0.579930663989208 -0.809102789044648 -0.0950426310936767
 0.0215501014770901 0.558548581853592 -0.829191820289895
 -0.0277906185683384 -0.991998257420915 -0.123154938161073
 -0.00744328944084869 0.232581883704373 -0.972548335464529
 -0.977597778766948 0.19316587869687 -0.0836033866371244
 0.162298121816599 -0.978149382381425 -0.129935004527809
 0.398790464994976 0.177497835289234 -0.899700329830287
 -0.954728683695437 -0.024517158198918 0.296465933090175
 -0.442869567414863 0.384353937218698 -0.810023825083101
 -0.493860256170137 -0.45010911487776 -0.743978381459789
 -0.425708233648353 0.322334713728055 -0.845501526982567
 -0.213214747107921 -0.959488235271767 0.184178712099893
 -0.817417535573811 -0.00221603680860329 0.576041371532723
 -0.306657303572261 0.180076223888075 -0.934630328930108
 0.159686365122765 0.321224763640066 -0.93344250814834
 -0.762663811158972 -0.389777672434109 -0.516156252718419
 -0.060039894656857 -0.988885348171446 -0.136018304729297
 -0.442126228116065 0.107042122369288 -0.890542745998495
 -0.0869788410172085 -0.879113207415771 0.468609271955282
 -0.806311296332918 -0.584099183195544 0.0932214438647467
 -0.479337731065482 0.108708012029579 -0.870871923819785
 0.249571870984796 -0.915788780977997 -0.314713822143203
 -0.0450233211030016 -0.987716334018392 -0.149630692273094
 -0.968059189192442 -0.0634820654483369 0.242551919362606
 -0.0307999600587217 0.0367554765648476 -0.998849536918786
 -0.9655615551522 0.106541647021905 -0.237359981171902
 -0.981649765013572 -0.153531865101255 0.113100421074937
 0.586662736381546 -0.707911407739593 -0.393304300171591
 -0.0913144410400101 0.0140262341674011 -0.995723323826771
 -0.519870220234324 0.605438879314739 -0.602643109582801
 -0.207892759106122 -0.319884775742452 -0.924366989328073
 0.306135300269938 -0.902985322463545 0.30149408840646
 -0.584305325971512 0.480287275645926 -0.65414938576287
 -0.921550603352291 -0.383716379045701 -0.0592133930212061
 0.160283614894016 0.368804853593858 -0.915582952419998
 -0.790287883530473 0.578406701918476 -0.202214609563003
 -0.383050752167548 -0.893647373039787 0.233808669477765
 -0.547927748300785 -0.000123429603807862 -0.836525652569701
 0.0165461346142995 0.770251043603597 -0.637526121234963
 0.0603545649123066 -0.966368719461853 -0.249977648080591
 -0.408910288018999 -0.450491295482429 -0.793630877074968
 -0.942444788002296 -0.177656694118473 0.283259458098407
 -0.443145662190701 0.0865637028492964 -0.892260414582303
 -0.398107710639848 -0.846808095218281 0.352741124058262
 0.783937488829899 -0.610770941567663 -0.111359196044252
 -0.0884107779046587 -0.166731726243016 -0.982030582932282
 -0.137005749047612 0.221063736430608 -0.9655880328397
 -0.149243502273457 -0.0845751942343604 -0.985176843794744
 0.220903936300246 -0.211896189902688 -0.951998663671216
 0.134095017674928 0.447968850534466 -0.88393576417384
 -0.936377480278791 -0.221263056469767 0.272469951129292
 0.258725796727011 -0.620779391718594 -0.740063449256525
 -0.987427748503069 -0.157625778519579 -0.0118556076291933
 0.490572839736294 -0.0537770579841172 -0.869739223530617
 0.759748011118567 0.0444295917298076 -0.648697904251358
 -0.349632104819469 -0.850473161765601 0.393004824901591
 -0.446216004974303 -0.860143041464329 0.247073319331057
 -0.748989913793309 -0.00252247818317816 -0.662576596432221
 -0.870780812987072 -0.12508183842672 0.475494804839513
 -0.777034200322118 0.35773557256708 -0.517921916556802
 -0.647303632287495 0.0695474260421528 -0.759052806567717
 -0.9800406785732 -0.167836196501401 0.106542383518133
 0.410181465892267 -0.866901147800864 -0.283255300003399
 0.216776749211784 0.632472218904873 -0.743630777546705
 -0.53105874551954 -0.31274328632631 -0.787507616258429
 -0.629434970175586 0.240280382786195 -0.738970199648252
 -0.898639594723754 -0.194705819174157 -0.393111336359621
 -0.254708692451865 -0.318203974385203 -0.91316466898086
 -0.236906098619949 0.441078953424602 -0.865635522193107
 -0.308096740448893 -0.860093183815624 -0.406590843082662
 0.0893965230897372 -0.0418511672035251 -0.995116446182641
 -0.969546934509591 -0.00975843728773025 0.244711084106863
 0.478754538478162 -0.514313824069727 -0.711530310146614
 -0.766939299645716 0.639503900017907 -0.053281070942932
 -0.0535775089433857 0.718565803268668 -0.693392123483009
 -0.972619890427581 -0.191894532337455 0.131099340973286
 -0.169263140887657 -0.219984484516978 -0.960706414940925
 -0.68439034790471 0.349135524774668 -0.640089241461835
 -0.360809800836713 -0.48938106196348 -0.79392850044048
 0.352215441598338 0.0804537995572165 -0.932454539822985
 -0.934618171177862 -0.298922501796374 0.19270239236695
 0.789683586028388 -0.593256369870796 0.156354448497861
 -0.500618549558165 0.692925869013913 -0.518878413397197
 0.0622341964951967 -0.182418669986648 -0.981249373822424
 -0.0870430995769532 -0.923451455099105 -0.373712334411619
 0.349850528829554 -0.674792959628162 -0.64981464212031
 -0.995095275434572 0.0943342090491568 0.0297733070192784
 -0.837897022788532 -0.427195979565912 -0.339753107778037
 0.267920325874724 -0.175684268018338 -0.947287568246329
 -0.98611835172733 -0.14929193247124 0.0726809141768107
 -0.0196625025638616 -0.162667220115019 -0.986485053861932
 -0.914151433498512 -0.298587618093354 -0.274176204208082
 0.363965583949687 -0.929306333431616 0.0626002583385248
 -0.516940038480614 0.358270179702108 -0.777441621571601
 -0.998168980688968 -0.0395454186587242 -0.0457694860518712
 -0.931770005539176 0.0594182787277052 0.358153772743722
 0.160589076968672 -0.483758445565542 -0.860342324137526
 -0.2681234955042 0.0957488803719835 -0.958614595688028
 0.2358734735701 0.425576028848159 -0.873641086565763
 -0.281913197189333 -0.93638786502795 0.209051944451341
 -0.855211691320285 -0.254336134738906 0.451581768448607
 -0.274443340254927 0.0731777954335406 -0.958814822186852
 -0.294072147419042 0.602434020373866 -0.742020770065457
 -0.761936795267755 0.36642252040704 -0.534028891124493
 -0.800588723217687 -0.453952248004935 0.391133037198266
 -0.0286303481451432 -0.93712004335103 0.347830889247709
 -0.976214173078638 -0.210017802097854 -0.0538368933202688
 -0.288000493920886 -0.601526463784162 -0.745131953997846
 -0.0232580720623727 -0.991152864852131 0.130671575253972
 0.248407331255675 -0.891799669727387 -0.378136413021223
 -0.0268036480605772 -0.0596876424743391 -0.997857179052444
 -0.988559723502987 -0.0711664874372556 -0.132984977097195
 -0.829896505746532 -0.452803291927725 -0.325946266383146
 -0.230001027892869 0.310886345899586 -0.922198030306629
 -0.767228033361743 0.0588254167353558 -0.638671053962667
 0.621455898721885 -0.0998908640884767 -0.777054940924663
 0.360520586626368 -0.00126873404899741 -0.932750393691952
 0.17135376404571 0.176985501515676 -0.969182139641776
 0.378084754514462 -0.833567738651904 -0.402761397706496
 -0.266152275475877 -0.160738702167803 -0.950434656293858
 0.144256061462532 -0.0113557847512029 -0.989475232072033
 -0.328275181505028 0.474649684649317 -0.816665832559527
 -0.428834475751781 0.119469114519809 -0.895448559707674
 -0.382154162081794 0.795658529274064 -0.469984788261275
 0.565749155009019 -0.0874602157147533 -0.819925974874385
 -0.926833908710923 0.374269852991641 0.0300163756181222
 -0.196846375098973 0.00957640202880295 -0.9803875749593
 0.681625977340063 0.196345768420935 -0.704864785784051
 -0.984064203904729 -0.130988332749512 -0.120248489707165
 -0.888608355506727 0.311104078118539 -0.337030329646523
 0.146585592041044 -0.482878070824547 -0.863331589207033
 0.112765580024694 -0.988522192838428 0.100537546357572
 -0.0121793650257001 -0.999910579427341 -0.005522337987724
 -0.898154963933014 0.437971413405015 0.0387130701766224
 -0.0311552286040972 -0.0142473754101729 -0.999413009733488
 -0.462626742146991 -0.179908795399746 -0.868106746194426
 -0.956454089074392 0.253736535018723 0.144268313532693
 -0.342573390842669 -0.93684366110551 -0.0704799725665393
 -0.811348067464607 0.50163355337368 0.300130124364655
 -0.338192553082498 -0.578721893123897 -0.742096198251032
 -0.440433712618372 0.295585748638073 -0.847730623483231
 -0.15760828431954 -0.492761312038534 -0.855772118073447
 -0.97083640033723 0.232404426237213 -0.0588631161730523
 -0.359628619434002 0.241302608857301 -0.901354706562657
 0.533105545813151 -0.658871514493527 -0.530741749264431
 0.202555691820713 0.377150325344328 -0.9037305039688
 -0.691049326593149 0.713744197524425 0.114105428071455
 -0.578794258492055 -0.815044748892506 0.0264435935414078
 -0.680821548122585 0.221701040041218 -0.698090730819862
 -0.173699250024515 0.165215123626357 -0.970841147390266
 -0.896577962243629 0.0160422327513256 0.442595305428575
 -0.00173662377788072 0.354066895688601 -0.9352184865128
 0.0423381032829852 -0.995860337683568 0.0804342765192201
 -0.276941407261517 0.0101755387407039 -0.960832927909607
 -0.981731536758493 0.12017836541277 -0.147513898397817
 0.184476108287774 0.631451518746676 -0.753151740981533
 -0.803461787583824 0.128327757951733 0.581361455921948
 -0.703378507759916 0.594674076669405 -0.389385949102973
 0.0149238839474018 -0.983274827060085 0.181515542469191
 -0.979156852583552 -0.198404335057494 -0.0434462641554611
 0.11903942149599 -0.90672358068461 0.404576277555147
 -0.53352293894146 0.147745846650239 -0.832781146773191
 -0.146922893121248 -0.989147427039572 0.00101541020149622
 0.0412518716192555 0.151883901992965 -0.987537120012863
 -0.862070297436096 0.506637970490055 0.0123599812361939
 -0.119300596420576 -0.969665580866102 0.213344859270851
 -0.453601647766038 -0.780714673626989 -0.42980244709336
 -0.3304308992422 -0.447135283978349 -0.831195198883868
 -0.498214144175649 -0.752890603853524 -0.430044654858541
 0.149720139925432 0.227769926439973 -0.962135510367557
 -0.923518242422458 -0.0821293552792695 0.374658277520124
 -0.950057249116682 -0.280278774231464 -0.137240781534323
 0.0956901948305722 0.230947458869372 -0.968249274647323
 -0.134946202327481 -0.0191791647012954 -0.990667291333852
 -0.948513876935965 -0.238796213553099 0.208081218884856
 -0.629439769540655 -0.061739092322684 -0.774592706523743
 0.275901981931373 0.350740738488981 -0.894907274934417
 -0.485892734456844 -0.740221596835676 0.464736740725427
 0.255578048329467 0.477994916315961 -0.84035749606236
 -0.587250864965679 0.681612409495782 -0.436509959586738
 0.0333508686981419 -0.429298622628955 -0.902546626034335
 -0.851514626151482 0.0733010762521193 -0.51918185028984
 -0.845727227861319 -0.528069488219902 0.0767337713472984
 -0.378540509156538 -0.651746422960278 -0.657216618084168
 -0.42981437191918 0.262345508852229 -0.863964374078461
 -0.0584014915776029 0.133212343106649 -0.989365320508834
 -0.158069412953104 -0.979637424360897 -0.123792477478277
 -0.749062713573443 0.0672333884874795 -0.65907869227163
 0.367700732564756 -0.926873326426585 -0.0755116416869522
 0.0843993347936356 -0.270092623531685 -0.959128107710416
 -0.558395606000831 0.0114175655495438 -0.829496224461502
 -0.307152570508894 0.315073458827 -0.897989985452271
 -0.261399199162866 -0.965174389974863 -0.0104333893660509
 0.106199642574555 -0.294161136853766 -0.949837281581396
 0.000927694400065353 -0.926883947655921 -0.375346888838681
 0.435460570562136 -0.672392868872345 -0.598549848697097
 -0.862641749484193 0.153521801514742 0.481954633245204
 0.0570936259302186 -0.998129936373543 -0.0218391390188983
 -0.697479731930259 -0.495575303289169 0.517616790991504
 0.0185181961383362 -0.380851172541593 -0.924450896903387
 0.0960947849747806 0.341760245704638 -0.93486134092525
 -0.116362085695633 0.129681202193426 -0.984704346903288
 -0.736053907084345 -0.061490950975184 -0.674124253245674
 -0.409523814377105 0.816224684711474 -0.407513815134752
 -0.951263032931803 -0.247940019120454 0.183369542443493
 0.411249771808618 -0.0130276668417242 -0.911429594145385
 -0.970584139792798 0.226526948181949 -0.0815596059949252
 -0.909869696235638 0.26306121450972 -0.320836302953295
 0.266180842246091 -0.270267319023479 -0.925258523597066
 -0.754714185455459 0.0101412819929018 -0.65597534456094
 0.0665810736844544 -0.99315562377262 0.0959628448715612
 -0.134697919383339 -0.990785672251486 -0.0141499885148648
 -0.531386599242598 -0.660922417365317 -0.529914936918533
 -0.0910329122101429 0.185704046351143 -0.978379791319993
 0.0010613478633643 0.252304628388911 -0.96764727459661
 0.142492455620776 0.431058986947229 -0.891001711481628
 -0.838374472089567 -0.383962940333579 -0.386911753503215
 0.232097140581451 -0.964292075094852 0.12756061791626
 0.293714356259685 -0.922949689643024 0.248788559453211
 -0.00562046377386132 -0.995584917365285 -0.0936967592914756
 0.277037537784341 0.610275634211803 -0.742168345421557
 -0.23244207679274 -0.800923381964173 -0.551808315594599
 0.580452823291421 -0.810324675769447 -0.0803021778793055
 -0.408746834946537 -0.118332502043338 -0.90494388990774
 -0.684700339443088 0.254146153554887 -0.683077724567107
 0.410083429397043 -0.90376348279477 0.122650512027584
 0.178564976895194 -0.974630095612938 -0.134947122058729
 -0.801697393193223 0.579351045258795 0.147083840392925
 -0.922044878108782 -0.0665125751644239 -0.381325740146607
 -0.279192334803676 0.159787274557413 -0.946847224781478
 -0.997048338039931 -0.0717098857555095 -0.0274281588288862
 0.172296733861324 -0.107650620796906 -0.979145126803356
 -0.208824067644199 -0.956919128682954 0.201738171730555
 0.235444730404102 -0.259309364257117 -0.936655984091016
 -0.194179114970779 -0.976358622803623 0.094964788138437
 -0.367890614343216 0.0581913225578259 -0.928046478284974
 -0.250225326929495 -0.953067556226074 -0.170439194530741
 0.136875940829232 0.152411088439599 -0.978793051131223
 -0.934405470591495 0.285531751999188 0.212974259310748
 -0.976063855474061 0.144716701877194 0.162346623724973
 -0.798859695841672 0.592781711004981 -0.10214220213877
 0.142164088803368 -0.971591573222759 -0.189206730052693
 0.0137400656406818 -0.297729027833563 -0.954551536891262
 -0.0461965204586106 0.590565466865515 -0.805666376885267
 -0.876497233914661 -0.272791370092039 -0.396657871903806
 0.335264648711359 -0.937117351266935 -0.096998377712686
 -0.362546080221641 -0.930389973796586 -0.0541741301241845
 0.465852942089093 -0.85819658938668 0.215591396655818
 0.185108506032503 -0.982170907345074 0.0327894763509567
 0.193278343228939 0.26296981287077 -0.94524618991953
 -0.911338092899622 -0.213815860713533 0.351775010677863
 -0.197117157233476 0.453976833483975 -0.868936051147641
 -0.788047360905559 0.453071735610439 -0.416782148562925
 -0.294317441010075 0.221201806609597 -0.929756422225699
 -0.853585320580177 0.0466943874115963 0.518856179180987
 -0.900249313558151 0.300146319588958 -0.315378122696044
 0.198562330090095 -0.97206511644393 -0.1251495523845
 -0.319585793264345 0.0399064000169188 -0.946716641863493
 -0.0713970022332955 -0.750323621549805 -0.65720387325128
 0.291590955821637 -0.847300961134484 -0.443909670702952
 -0.0600861774439486 0.103830420557298 -0.992778371564907
 0.28179702101028 -0.160405063972389 -0.945970747117344
 0.146790648324503 0.567854997547168 -0.809934075913082
 -0.783888652323567 -0.0322963776128748 -0.620060904066228
 0.202844658027268 -0.392464671201561 -0.89712068673532
 -0.540470597805711 0.100138463257804 -0.835382440014095
 -0.887477821000857 0.0846758287446079 -0.453004548827034
 0.0962029198047009 -0.958158775017027 0.269586275761436
 -0.0401927372853411 0.110134982411353 -0.993103634833124
 0.0571182397722767 -0.985564213874478 -0.159375929849204
 -0.684478350189051 0.344730941342061 -0.642378366855462
 0.23471720676569 -0.132564713596039 -0.962982050485528
 0.131865608865241 -0.894735921636562 -0.426683831111248
 -0.887458739203062 0.0408547278190365 -0.459072845447152
 -0.499784203278941 0.320713738295316 -0.804585886168455
 0.0802811551494357 0.44097092935076 -0.89392369674117
 -0.162730757626317 -0.940297005037458 -0.298931836444282
 0.108444293269617 -0.224296927509155 -0.968468235703787
 -0.9183225720571 0.0780991852488775 0.388051763188744
 -0.896084038565598 -0.443650552108402 -0.014407756309627
 0.888744399015322 -0.364350019453396 -0.27817702375143
 0.0555383957068761 -0.985958247146629 0.157485940597416
 -0.975398359341167 -0.0704015959855445 0.208905854099995
 0.340677656116524 0.152103790640814 -0.927794789538962
 -0.524019002843671 -0.485690428156079 -0.699649121100205
 -0.140437907374105 -0.20297696275842 -0.969060135781959
 0.139812328723045 -0.677630367816609 -0.721990025796594
 0.290195126278098 -0.95685527517272 -0.0146550693815351
 0.0248544933437456 -0.94109975308326 -0.337214336746307
 -0.228833651655799 -0.973403619512508 -0.0109796807704663
 0.260153408811476 0.429250965753784 -0.86490682289089
 -0.251120216406771 -0.449075281148028 -0.857478879491289
 -0.528664445395307 -0.16912735945449 -0.831811180772911
 0.383217240530944 -0.134817764471616 -0.913766226637166
 -0.286346930606886 -0.888010233763753 0.359782239782428
 -0.941803517170839 0.334753090659316 -0.0307652943862615
 0.23429050905156 -0.966704634784605 0.102908242888138
 -0.279990716442054 -0.917309469128468 -0.283105168715644
 -0.600587954865877 0.189729280869016 0.776721899041703
 -0.584071519037441 0.191059605373983 -0.788895866286314
 0.286181306521234 -0.933304792130175 -0.216892657286157
 -0.635586798368816 0.0644068525260374 -0.769338143527908
 0.137074691880638 0.286141853297939 -0.948331887388086
 -0.247022394787976 -0.223109956648604 -0.942975017546845
 -0.112871473700362 -0.4797253132285 -0.870128527444381
 -0.435062761936512 0.637070418563108 -0.636287415377674
 -0.90850037964819 -0.106548173083818 -0.404072452651248
 -0.871858915990386 -0.486320353448209 -0.0579184291057486
 -0.338897221309863 -0.931743441647088 -0.130394909164789
 -0.701757835832477 0.127966409789771 0.700828465327454
 -0.328855374857071 0.830211036989014 -0.450115292440994
 0.590370440292166 0.361453211326642 -0.721674663024061
 -0.353573461243793 -0.0517912227951759 -0.933971882202813
 0.177895648230167 0.0556268120602404 -0.982475850146345
 -0.0792187811131667 -0.992348542801902 0.0947035074212455
 -0.0611511562820808 -0.996905582208781 0.0493942936616763
 0.105491443647478 -0.252799978657368 -0.961750345000201
 -0.618009058259368 -0.182075645731978 0.764796223278235
 -0.288129081501102 -0.893790812748825 0.343685343648994
 0.267657197291033 -0.96339057094054 0.0154347841309703
 0.394711656598578 0.0441978668885548 -0.917741388795181
 -0.867176449663641 -0.270829861078439 -0.417918881479405
 0.0411047911151141 -0.305264757438146 -0.951379957752744
 -0.266275818341192 0.286970133678303 -0.920187660721108
 0.393649258471576 0.0754269997618438 -0.916161027883038
 -0.137605563921073 -0.983194619261247 -0.119971035811547
 -0.259032072455219 0.329054033645798 -0.908089108172202
 0.401812778343679 -0.86935705818406 -0.287688714664462
 -0.0109362466356464 0.562361939871068 -0.826818871999166
 -0.110293992185672 -0.765028662949823 -0.634481189755026
 0.504970263082424 -0.845974716386667 -0.171265328181059
 -0.611405144307782 -0.660838298053092 -0.435288976819162
 -0.987928535442599 -0.0591245585338563 -0.14318343282803
 -0.98525644059219 -0.0884400487779041 -0.146451712327891
 -0.640849885381999 -0.208272292926899 -0.738873518543499
 -0.913902544102373 -0.191416237050508 0.357969222247715
 0.470759750199104 -0.858532075542472 0.203243530911106
 -0.981270091850322 -0.186014282643948 0.0500768758262622
 0.194544386086119 0.17242071747421 -0.965620825183495
 -0.0311515594471196 -0.936332972138858 -0.349728674302843
 -0.938938947728709 0.133027977286115 0.317328236526896
 0.0593034938277602 -0.989264587810265 0.1335614874296
 -0.970700577221179 0.0298126234715386 0.238435729000951
 0.440074399497185 -0.376649005835236 -0.815150323137101
 -0.336812737965099 -0.817341360490411 0.467450831613484
 -0.532460090801626 -0.178884086556867 -0.827337135199575
 -0.593329405379733 -0.703931162424037 -0.390437107970128
 0.00623999009746735 0.594318717517205 -0.804205399467256
 -0.9963260654127 0.0501558237719596 -0.0694173229173028
 -0.927849160067397 0.198016458319967 -0.316046544668095
 0.370453523396221 -0.441924226297151 -0.816986637109195
 -0.248373062087098 -0.458787753140246 -0.853126379616762
 0.111524618501583 0.368227378964561 -0.923022674070884
 0.384274354092064 -0.308921964073554 -0.870000253390805
 -0.587750362953335 -0.0689875398666312 -0.80609567061942
 0.401216235566704 -0.209448659568056 -0.89171564487948
 -0.0629784492374665 -0.996571764437543 -0.0536510322126789
 -0.916272155242965 0.375148153455937 -0.140389460021091
 0.348451769493632 -0.91527951601923 -0.202100895327957
 -0.185261665081349 0.653976671976635 -0.73347980746688
 0.33920029504278 0.0925424086102654 -0.9361511963628
 0.307464453467347 -0.205376832647222 -0.929131834814533
 -0.253996990662111 -0.928864875943027 0.269621161954948
 0.433702761984697 -0.866200286576615 -0.248191413593288
 0.450429462965193 -0.802055838898777 -0.392198585134198
 -0.651822871831046 0.705491699665377 0.278223660857926
 0.138726039481236 -0.965402673534064 -0.220800280577568
 -0.367594744925261 0.020773116384263 -0.929754043357177
 0.533262924639112 0.102453765540921 -0.839722501265643
 0.146317473624116 0.667355617404799 -0.730224401694791
 0.203763930379504 0.396947774000176 -0.894937274557609
 -0.231139584577496 0.186053802307912 -0.954965169568038
 -0.14811901506287 0.664795083248274 -0.732194137278991
 -0.438869482385687 0.437668075736173 -0.78475488715389
 -0.271352988760723 -0.540489554783764 -0.796390982282115
 -0.985156259524724 0.137447327711912 -0.102836649226377
 -0.0732309565070862 -0.866947837345708 -0.492989527607491
 -0.650688039363566 0.585057521477374 -0.48405864519906
 -0.595871938314321 0.220373757608242 -0.772251280404997
 0.429263406826798 0.319802378718279 -0.84466523908918
 -0.906332078570957 -0.217394051198593 -0.362356164369688
 -0.807927947540624 -0.525841211797574 -0.265976411657224
 -0.410401709255327 0.156460807730427 -0.898382130657466
 0.0793865864909525 -0.632598965264837 -0.77040010321337
 -0.153701564522948 0.714085939360605 -0.682976646943862
 -0.962300337359753 0.247810981296375 -0.112106102716284
 -0.0661729810898268 -0.997560795148889 -0.0222170330062755
 -0.100853563768526 0.980546429920926 0.168396132510559
 0.210942653782795 0.0869490312488223 -0.973623676160334
 -0.169524770111693 -0.964693583078793 -0.20156300028819
 -0.261724835974765 0.673604007900242 -0.69120022480806
 0.409431327468259 -0.911695073605806 -0.0343231824061059
 0.114215238542867 -0.969201711080626 -0.218180939870976
 -0.0316893235731142 -0.981532304237288 -0.188653445529412
 -0.839528672522923 -0.360708039482877 0.406302003766063
 -0.90460999813563 -0.403653782523576 -0.136910098705194
 -0.937080682825257 -0.0698999724310179 -0.34204354654034
 -0.922783823124741 -0.140641824030819 -0.358733735676715
 -0.928286735192722 -0.309443913046521 0.206223669697964
 -0.0815396226122695 0.19893897967374 -0.976613829674053
 -0.972981856784955 -0.23086612035971 -0.00267223452499321
 -0.933332958925704 0.219794858867396 -0.283865827105785
 -0.929757974419709 -0.29412865355143 0.221446255698719
 -0.982161898031906 -0.0744059609288428 0.172689776861917
 -0.754862740423746 -0.592599210307968 0.281084362891864
 -0.805757615612969 0.58819038832459 0.0691862122411014
 -0.887603290675683 0.459067847736263 -0.0376445156230503
 -0.831007300439895 -0.119631000445716 -0.543245147560432
 0.575023907007984 -0.684311553088423 -0.448402949007904
 -0.939233026993799 0.27283737436912 -0.208329278190632
 0.0920652703839507 -0.932924530212116 -0.348103155569772
 -0.393736607977866 0.165257501962806 -0.904246338993472
 -0.351087213057959 -0.175962906565137 -0.919660167855684
 -0.266454566184299 0.23226898665976 -0.935442719783304
 -0.182367601884536 0.43721133265449 -0.880674916402964
 0.432163477089944 -0.886975084677716 -0.162818697422894
 0.0333467350962766 0.424653423196707 -0.904741656731764
 -0.157474828610394 0.415243097104872 -0.895977035788798
 0.453830998794547 0.584989942757711 -0.672178690085809
 0.114335093609348 -0.769467194984978 0.628369097116727
 -0.0905335846446729 0.060079003823587 -0.994079565905542
 -0.0288511102921936 -0.976708187474707 0.212623446390047
 0.28867579926556 0.00783913716005078 -0.957394814508088
 -0.940110700384882 -0.304541357427643 0.15312228001821
 -0.965702504327283 -0.205360359436536 -0.158889256742272
 -0.602955666809345 -0.32999322015339 -0.726325642198659
 -0.0732689611949179 -0.802203691961403 -0.592537674691586
 -0.834120859013884 -0.00183637562453223 -0.551578661917325
 -0.440328333046564 0.644558608365215 -0.62502412713329
 -0.551578702287739 -0.191500542530065 -0.811842643246377
 -0.976732694369652 -0.187433376541439 0.104220790189262
 0.584626239313121 0.421799805167451 -0.693034692253785
 -0.949088879340049 -0.0654914991556587 0.308125238582292
 -0.315608488900001 -0.940274852841426 -0.12757148132828
 0.384829891902331 0.0852428348419542 -0.919042770172612
 0.0827170550505446 -0.996159012297841 0.0287247458048739
 -0.825769936999078 0.408461879347191 0.388925319654942
 -0.990385845817306 -0.0914484678815556 0.103793324095802
 0.169027368577244 -0.82730231363107 -0.5357243979254
 -0.655036460564008 0.561709785102949 -0.505380403905193
 -0.348892827834758 -0.231694041565289 -0.908070297823141
 -0.975716377503195 -0.21686569701652 -0.0307704424664548
 0.26275782305455 0.638838430561497 -0.723079377427788
 -0.946008589613422 -0.14954352769317 0.287583868989042
 -0.472769406429973 -0.593009181530844 0.651789228941357
 0.707383960535423 -0.577858484368901 0.407047299978879
 -0.264070887136552 0.0911350785297463 -0.960187983692929
 -0.448095510727597 -0.878181076305078 0.167357134551918
 -0.654659887137386 0.208806696285919 -0.726512350727381
 -0.983731856426513 0.084844666510137 0.158344615369231
 -0.0989126295121622 -0.928491496377378 -0.357938308759885
 0.320036378432048 -0.336099808624199 -0.885784192183895
 0.0106968589498849 -0.996558177482914 0.0822032608875044
 -0.668374517994299 -0.223998123156068 -0.709295667911801
 -0.523668022921628 0.111049666977367 -0.844653640987576
 -0.839944691994025 0.431494755822584 -0.329097538867538
 -0.532312429750353 0.0350026475835686 -0.845824031223644
 -0.207905926784699 -0.779843803499868 -0.590439470014204
 -0.3930717842645 -0.227072110068342 -0.891029084398615
 -0.38597441212304 -0.0412594630832465 -0.921586355092324
 -0.557051669999415 -0.404445245830344 -0.725339561912968
 -0.296383758616342 -0.0654763442767934 -0.952821870009603
 0.0882374611964785 0.873251904284284 -0.479213169795523
 -0.0978904999306167 -0.986234917018726 -0.133259665602166
 0.203469267509527 -0.920436728469782 -0.333761121257378
 -0.993574385284164 0.0101620538615964 0.112723881979415
 -0.261620930254967 -0.965118040037608 -0.0100825416682419
 -0.302775690432824 -0.447099806985577 -0.841682032525577
 0.731944913165361 0.454952150923313 -0.507223012551288
 -0.525671286560625 -0.0552177386048301 -0.848893809512748
 -0.342160257171004 0.213007668964361 -0.915179813684197
 -0.713434849281839 -0.0457857922376359 -0.699224125055315
 0.293008799446938 -0.338498369531927 -0.894183816265364
 -0.392419113912559 -0.826366719463249 -0.40388771211765
 -0.989016207013474 0.0227705700221989 0.146042608185234
 -0.56011867029314 -0.0689850674752001 -0.82553506022124
 -0.916014527342604 -0.0134640033396242 0.400919077011031
 -0.278037595955405 0.530033903905563 -0.801098717977983
 -0.365102436841808 -0.458991237504917 -0.809955094129223
 0.00606849586202864 -0.168758159117159 -0.985638806606842
 -0.0302884145349456 -0.992993372462331 -0.114222476732234
 -0.824372840655479 0.405725649435085 -0.394710168326196
 -0.138923745134738 -0.501288258309104 -0.854055194421979
 0.368950969989617 -0.763965388188677 -0.529369499870785
 -0.962034394038554 0.257327963557547 -0.0909513268633194
 -0.132868188249824 -0.949184325285989 0.285298372204595
 0.0815561716711987 -0.975248972163445 0.205518936247935
 0.0397414397521285 0.237823223996405 -0.97049509637833
 0.855271643972945 -0.417689283779315 -0.306669328808308
 -0.297491162308143 -0.401557859452329 -0.866169898957828
 -0.164215633805877 -0.298442488789223 -0.940194291888134
 0.461473030386069 0.181955035593959 -0.868294309118918
 -0.155302279368621 0.630172253388082 -0.760765491516734
 -0.650177116551088 -0.0167475349631447 -0.759598076081009
 0.357135625447931 -0.903501358297473 0.236937630169917
 0.294053234371817 -0.0932908708394068 -0.951225267102119
 0.205091569816375 -0.881854071271388 0.424583142590862
 -0.0388988460434231 0.733499519879674 -0.678575960458944
 -0.513352007979641 -0.337448075782405 -0.789049118910872
 -0.0438065202359665 -0.88902991793861 -0.455748608110748
 0.179522949390421 -0.97855537794877 0.100999420442419
 -0.0786380585910681 -0.996683269437116 -0.0209407775684096
 -0.666449011017573 0.516633926627632 -0.537526838000683
 -0.890299445586181 -0.286067812238358 -0.35430510014689
 -0.690157569223015 0.420799438631921 -0.588736241530313
 -0.12256224716878 -0.0523931293592898 -0.991076917078024
 0.141812768587538 0.105396901495199 -0.98426654510897
 0.439853109325408 -0.894746176758802 -0.0771914593221101
 -0.703696970682081 -0.709265632486634 -0.041866884601045
 -0.833060608733769 0.538699772903675 0.125748068969869
 -0.0614261169706619 -0.988041715066071 0.141422775546245
 0.00125473058561419 0.124071172627273 -0.992272527975078
 -0.0673672528795628 -0.583520601131211 -0.809299302665542
 -0.860951898843345 -0.393076911898081 -0.322881354696594
 -0.42765485021797 0.305026556267516 -0.850923104079696
 0.293754243972616 -0.569948843257376 -0.767376543958477
 0.66966413809059 0.200093085570495 -0.715201159997847
 -0.642220607683714 0.229407479027451 -0.731385602560394
 -0.373953405073178 0.410783004775872 -0.831514385817517
 -0.956816882717975 0.203582488788318 -0.207498489644171
 0.364102863674937 -0.894333886850827 0.259992314297945
 -0.612070566228781 0.776172555318002 -0.151412635957178
 -0.00282249664982914 -0.330897595106946 -0.943662447628972
 -0.796156537845898 0.223409940138754 0.562336879363635
 -0.339721104508818 0.602284098663401 -0.72238731692114
 -0.763949712264968 -0.487196505210359 -0.423108026916396
 -0.332913701257105 -0.36264645754464 -0.870434382561729
 -0.59785313550463 -0.72342439201132 -0.345295203283125
 -0.958038363883728 -0.0801939162757163 0.275193439455511
 0.0749816469657615 -0.290548161639805 -0.953917983049922
 -0.685512002468784 -0.38598832481035 0.617321883284027
 -0.516198105117056 -0.211693608324676 -0.829894771924754
 0.484708741363453 0.491573422334943 -0.723472878897177
 0.483457196240751 -0.197430609613918 -0.852813164644231
 -0.129543628512069 -0.93679529482238 -0.32501234424338
 -0.984878997559874 0.0503569616244502 -0.165763495925407
 0.371559857715748 0.555658508274029 -0.743765348962248
 -0.334521925315942 -0.688182182907541 -0.643817027276793
 -0.855104572705582 -0.0186342267261546 -0.518120579915837
 -0.515334538833367 -0.077872227568571 -0.853443746979793
 -0.00216445340814323 0.648673058076643 -0.761064109564326
 -0.790978561215478 -0.31461291782122 -0.52475863750634
 -0.143090888050394 -0.879077105634265 -0.45469598646418
 0.0360457579533505 -0.018464697452514 -0.999179542565577
 0.721949043145396 0.102887064218218 -0.684254215272367
 -0.266197695751939 -0.954912324137849 -0.131458130163222
 -0.0249204750366259 0.520857704553987 -0.853279685408425
 -0.424242053258705 -0.0427412263680366 -0.904539588860208
 -0.488119088643882 -0.00464755350932515 -0.872764662178668
 -0.876105719650616 0.254699313198471 -0.409349517957091
 -0.94332661405077 0.307344407627127 0.125197101898728
 -0.899735458201634 0.159259025514818 0.406340581343738
 -0.495776080045572 -0.376994395364249 -0.782356251536722
 -0.185333640860608 -0.798876105407611 -0.572231080748082
 0.0418342659404474 -0.950486725340078 -0.307936485570513
 -0.975273958993965 -0.198287122435661 -0.0975854599027088
 -0.0973003055497076 -0.923621371651336 0.37075087642356
 -0.136167293445652 -0.217083353063988 -0.966609169218967
 -0.148723689928437 0.264799521480237 -0.952765699150588
 0.308742369294141 -0.393045935296805 -0.86613684955052
 -0.901245627095226 0.401725596860677 -0.162397242798838
 0.152744947331269 -0.0562755769435521 -0.98666207006474
 0.0626958055181681 -0.997751634617173 -0.0236835721374185
 0.0559949493473047 -0.869468237809107 0.490805001083648
 -0.816434594663678 0.424188545064263 -0.391789013210706
 -0.03317404709922 -0.964068774152971 -0.263573293985272
 0.139163993785851 -0.278314905042454 -0.9503547740001
 -0.958071505814831 -0.191505519434558 -0.213130536929371
 -0.329690990099498 0.23686921441782 -0.913891036343118
 -0.3543764138436 -0.934179234496488 -0.0415513555363101
 -0.296452281471651 -0.951579890431443 0.0813127107944205
 -0.60301567919413 0.110597135444411 -0.790025546598041
 0.157335673379698 -0.483283419472393 -0.861209975758077
 -0.739438248369781 0.312982788385347 0.596047691902555
 -0.761743276833906 0.0930382079905986 -0.641163841815991
 0.316301253507411 -0.125009902430148 -0.940386112894085
 0.299675337553602 -0.946990166504372 0.115777012425421
 -0.971335726759411 -0.167350076781405 0.168821970495622
 0.371405933124719 -0.88492675009714 -0.281002277219012
 -0.187979416563154 0.729887112827008 -0.657212706418272
 -0.377761126817052 -0.905253719413249 -0.194453682285498
 -0.505296836202589 -0.5930839801097 -0.626838495835164
 -0.489311628654771 0.534622641110807 -0.689023048725454
 -0.620141987172521 0.540269310224648 -0.568799602826074
 -0.266868021223413 -0.218249336144594 -0.938695204270664
 -0.762689127810346 -0.639316764114417 -0.0978742532138331
 0.0637621937047829 -0.960546487001242 -0.270711708212864
 -0.1501671778991 -0.241828558466073 -0.958628586571484
 -0.323688095586117 0.0646480115163652 -0.943952674334266
 -0.218585652789726 0.73086769764614 -0.646569965998979
 -0.972761610823313 -0.182650071231388 0.142736820714217
 -0.0177317409474242 0.960870513131957 -0.276429814521705
 0.244110503852603 -0.824592942423147 0.510349430503028
 -0.142639466035268 -0.965205892994351 -0.219161052329449
 -0.985424573825575 -0.0780089544109454 0.151172128159903
 -0.333967575439362 -0.42677977170874 -0.840431249428167
 -0.620748485310494 0.414430535763038 -0.665521336255937
 0.210155137515687 -0.917205488454514 -0.338480295031601
 -0.2668148888612 -0.961035257719136 0.0722568232259036
 0.0422706215875901 -0.916001017187672 -0.39894276664924
 -0.359620633693109 0.0700894788932536 -0.930462500464494
 0.435954239395201 -0.877202229067312 0.201147086662202
 -0.143427575623715 -0.989657174659497 0.00268462207508813
 0.0277902857399417 -0.997141871467508 0.0702551648262818
 -0.890470475264623 -0.118078112439604 0.439454084114253
 -0.938056637731591 -0.331964564478719 -0.0992435002312815
 -0.785187062292321 0.594778935210262 0.17239285205281
 -0.0767063176911491 0.0176515547750188 -0.99689746887044
 -0.911169718100232 0.383402948767835 0.150903690124767
 -0.496017632162838 0.315750180540851 -0.808868550551937
 -0.441659782726384 -0.865241554263741 0.237262911339613
 -0.363687064442879 -0.470805706434476 -0.803787102375782
 -0.709684546005305 -0.202739290474229 -0.674718182102166
 0.107331466204471 -0.169810411835291 -0.979614403933878
 0.217377040369046 -0.883722474895851 0.414465691806145
 0.3124928233843 -0.888172269639241 -0.3368950204102
 0.267226424336894 -0.330448885389711 -0.905203608190343
 -0.950069752903163 0.0183709146372338 0.311496346870896
 -0.987073043043574 -0.139382372484527 -0.0791161294382086
 -0.681693160840569 0.0641886988089405 -0.728817017781836
 -0.977980959229841 -0.20813714247491 0.0152372342063216
 -0.0594529276990814 -0.617834685439036 -0.784057173206429
 -0.0117138479048267 -0.259959824176245 -0.96554838075651
 0.658750672095006 -0.751950383790059 0.0248630716598209
 -0.784315279523176 0.556058822304001 0.275042048502351
 0.0952050059083099 0.35547221934488 -0.929825525635871
 0.143316099874264 -0.0811264920243641 -0.986346281895284
 0.448408271787387 -0.892413964385519 -0.0502726363180845
 0.282307820525604 -0.222007672761747 -0.933281783656467
 0.107379513157592 -0.883954066686638 -0.455076749727112
 -0.0983173544093401 -0.128960792432768 -0.986763807522885
 -0.0137278623071895 0.484036597709268 -0.874940065304196
 -0.255946667843029 0.348486375456292 -0.90169204795284
 -0.201273280840213 -0.875808662922017 -0.438689243509075
 -0.364006223421482 -0.152970468215887 -0.91874888036081
 -0.946467604440325 0.290168051718539 -0.141426926385534
 -0.374103415382925 -0.049472479163598 -0.926066470834701
 0.00232092182681077 -0.95627692726954 -0.292453503473289
 -0.51379059245103 0.471920271004604 -0.716456896766136
 0.209993656405879 -0.968007669956432 0.137345604861641
 -0.222179076367923 0.380088897102147 -0.897869081951244
 0.315354524934929 0.371713679339937 -0.873144011142854
 -0.52829574451156 -0.258960352654595 -0.808605677746567
 -0.955682632937392 -0.175098318831625 -0.236667031595431
 -0.28278887071894 0.473637438885501 -0.834085146183224
 -0.368138981874144 0.294423491329748 -0.881923181336034
 -0.224988425260532 -0.969529326050765 0.096917977828348
 -0.0549817279363144 0.295658003621564 -0.953710309521528
 0.00796866853883829 0.0839823330014901 -0.996435380777572
 0.401227774739551 0.45754728279575 -0.793515442057541
 -0.41475998775028 0.34788968590559 -0.840801355256935
 0.346413493254506 -0.0338388773656192 -0.937471398000944
 0.228756911123665 -0.960673883916258 -0.157403825793438
 0.830513406416462 -0.552426596358792 -0.0712203439893808
 -0.981508832203907 0.124424706946558 0.145461007170258
 -0.981241953568635 0.162318409193306 -0.104004627751669
 0.000477499134144192 -0.992961355004006 0.118437829527501
 -0.647680760739873 -0.306688982364382 -0.697460751772972
 0.303586720450531 -0.849685111317719 -0.431126796628425
 0.0998707458652136 -0.181652291083615 -0.978278221808295
 0.199784270163161 0.904755771227869 -0.37616916384153
 0.100486886197498 -0.888355982582608 -0.448024590744773
 -0.47968347626802 -0.854934656851185 0.197460110174622
 -0.646156182259848 -0.645115925766551 0.407808325625831
 0.189648239012144 -0.973776950618701 0.125666208199888
 -0.633415186451867 -0.284930495277879 -0.71944410097856
 0.30718577715057 -0.665426645298035 -0.680326596601811
 0.0583741391714282 0.52060705315759 -0.851798541956116
 -0.603907156084609 -0.5397034071199 -0.586529094907466
 -0.179453293173874 0.466945928717998 -0.865885682537099
 -0.784487686143248 -0.0166687950600404 -0.619920334850261
 -0.883617384868523 0.212312679507917 0.417305215973011
 -0.179318350278198 -0.983602833449613 -0.0192456562215887
 -0.842267644378862 0.00667934837447754 0.539018182937992
 0.108509508361127 0.959861504116528 -0.25863406486846
 -0.946760477520913 0.318696401377434 0.0455763310660868
 0.051762859017756 -0.994317318277829 0.0930251417579937
 0.223836351667082 0.393939371177446 -0.891464558750761
 -0.651346878596975 -0.251009611626998 -0.716059647384798
 0.0204615945256193 -0.235364858125342 -0.971691672656047
 -0.656639597178247 -0.347995109798684 -0.669121695189889
 -0.410599701680469 -0.816547824318216 0.405780156711855
 -0.0941557313605404 0.20262325789209 -0.974719710282478
 0.277275528051644 -0.0829147443171651 -0.957206052382924
 -0.540781846166025 -0.0939051544143276 -0.835904789334101
 -0.934824561676026 0.0733502681025606 -0.347451834153324
 -0.887729898803458 -0.270983720731751 -0.372160516267885
 -0.921708171087238 0.284666335581154 0.263475093202025
 -0.446723262413244 0.797223232966496 -0.406046110235421
 0.129099224432273 -0.958735563488423 0.253297275061384
 -0.267718031241791 -0.958630260683754 0.096721657602722
 -0.474884479413801 0.00584259901472093 -0.880028746830827
 -0.96624054146867 -0.0175820733514256 -0.257041021471277
 -0.158237377810897 0.0675380447657538 -0.985088597422968
 0.457636365731815 -0.461665435391833 0.759890770127027
 -0.617498845164393 -0.4734813137519 -0.628100805403413
 -0.873794146315926 -0.0438538689200037 0.484314596150858
 -0.670606793636536 0.113447440118875 -0.733086766119126
 -0.90484040127896 -0.186935394624552 -0.38251667473444
 -0.371783108359029 -0.0118263865251254 -0.928244287308388
 -0.942897751704457 -0.240060001848486 -0.230900466312188
 0.494252707248542 0.718045991022922 -0.490024709737577
 -0.699291939818388 0.442439700094389 -0.561460501447273
 -0.0663781838490423 -0.901632139303668 -0.427379716509329
 0.271849478271488 0.0207427179274088 -0.962116209621532
 -0.902355535829867 -0.343447880211279 0.260380568659746
 -0.216663550294821 0.0698998219589315 -0.973740684609488
 -0.313760994947298 0.230383245754508 -0.921128437366527
 -0.473778654565297 0.331339211950594 -0.815933890154255
 0.2354809345616 -0.236881360658308 -0.94256880408311
 -0.335989407677632 0.733363110244211 -0.591007331986137
 -0.682460082003255 0.251358508783521 -0.686343308071285
 0.0940554672351213 0.407207721244351 -0.908479741569489
 -0.257721341356924 -0.906785057999821 -0.333647371932477
 -0.00812393960146805 -0.812422735141273 0.583012264906087
 -0.979793094692342 -0.192343797264995 -0.0548575906040813
 0.332821873230085 -0.897462823544932 -0.289465163801063
 -0.931729587005555 0.0195161568706262 -0.362628041275711
 -0.481520445640553 0.640163895334074 -0.598605251848685
 0.228462529659456 -0.969632107518312 0.0872837247784386
 0.0849535070045861 -0.996212827401681 0.0185176717750972
 0.094411270365721 -0.0872703126545908 -0.991700763616274
 0.0941800810573619 -0.873294980720741 0.478002080518473
 -0.8157080608291 0.287874073892375 0.501745829159582
 -0.884689099481441 -0.0203835166611903 -0.465735664843525
 0.0544905692558107 -0.642915330473914 -0.763996502415944
 -0.569441643855926 0.714961474686578 -0.405667726047629
 0.371280383804838 -0.0253405553498172 -0.928174947332826
 -0.925047159366263 -0.266711137937067 -0.270467968248963
 -0.988994820645326 -0.141381982506118 0.0435933453563634
 -0.856802525510157 -0.327605433950058 0.398201094832511
 -0.696747475271399 -0.0220347765853929 0.716977980361854
 -0.838478806317981 0.211247000709329 -0.502322601568838
 0.368759386798765 -0.331826552136345 -0.868278557805676
 -0.908536656207639 -0.369123470196944 -0.195726871115872
 0.235804020943197 0.338361201031225 -0.910992953509371
 -0.0637021086335301 -0.869366583967136 0.490044675552092
 0.111396486460246 -0.00105134085170078 -0.993775486458952
 -0.318598315987189 -0.947752595211941 0.0161285870167791
 -0.897897445758087 -0.00822916090866091 -0.440127774415387
 -0.819840821120348 0.419147140387165 -0.39009832443882
 -0.277958184279634 0.626408661390519 -0.728252316664291
 0.330244253209995 0.0287901482654195 -0.943456337402335
 -0.0378425652434598 -0.946808327604031 -0.319565221880373
 0.385705433806114 -0.860369107737734 -0.333161097343331
 -0.486074416863676 -0.809438057580499 0.329456662113465
 -0.920212301937443 -0.38740539971182 -0.0559140021561385
 -0.283710757146237 -0.802200236635301 0.525340829007013
 -0.785272943054204 0.60957985741574 -0.108438011508855
 -0.888544028699794 -0.451076874213293 0.0837804428963291
 0.623010391622809 0.273993747883559 -0.732656452950982
 -0.0672557200565766 0.571300415575947 -0.817980747501077
 -0.183981822308444 -0.907857972990163 -0.376755344936548
 -0.114470445820713 0.0211566044220314 -0.993201346718246
 0.197167141682583 -0.628006529680283 -0.752816655580659
 -0.0231007530458297 0.149519266696498 -0.988488919561194
 -0.975946980914154 -0.203667088608641 0.0777637927459052
 -0.32073172749897 -0.937530271493607 0.134789276311769
 0.219818938303331 -0.631264328768314 0.743764063119405
 -0.904561231366583 -0.423565295996302 0.0485944311226634
 -0.576938640794856 -0.161972129462506 -0.800566570645543
 -0.930937944380748 0.137322387756943 -0.338374209319917
 0.00808391229601279 0.0480223075395972 -0.998813550338882
 -0.327339758503174 -0.47696591137828 -0.815691241761349
 0.236183481279484 0.481024159000272 -0.844294451970866
 -0.917182657267599 0.0829110912979996 -0.389745717291827
 -0.886248266483663 0.336161631300086 -0.318683805356293
 0.545016244123921 0.202131325807462 -0.813695410315415
 -0.750775400418309 0.0581811853524472 -0.657990309805329
 -0.24142166887345 -0.214700933566614 -0.946371537465061
 0.010798432449767 0.498650639819204 -0.866735792075374
 -0.124484595823442 0.0553523087139705 -0.990676388798435
 -0.298191001297781 -0.0567274763771955 -0.95281903852143
 -0.861179394668825 -0.311009806103607 -0.402048443231948
 0.0548600310164737 0.205682917894304 -0.977079789108012
 -0.683189250922075 -0.253111744868639 -0.684972183401697
 -0.362093960228612 -0.548214762023598 -0.753888943190819
 0.452600094697678 0.240172436800137 -0.858760941636925
 -0.945728949435863 -0.0796431503977598 -0.315045588437068
 -0.568854846893877 0.208474326658779 -0.795576909097739
 -0.572082645310203 -0.760974441369858 -0.306005468115706
 -0.62304189708424 0.608808598053011 -0.491091524478278
 -0.206094309212677 0.51702530604287 -0.83078876293642
 -0.0735831658762037 -0.225443536339895 -0.971473483746313
 -0.796727032833855 -0.0957779728245801 -0.596701445509708
 0.635943445977005 -0.742218013275479 -0.21139620216147
 -0.771204068960562 -0.267870749000817 -0.577485537349996
 -0.886268065773662 -0.444717158586392 -0.129443286611001
 0.329564242636115 -0.920117736394841 -0.211591023314598
 0.318589983715213 -0.897252201477362 -0.305677786599498
 -0.926091693913152 -0.375807407653366 -0.0335106970671456
 -0.790390163833899 -0.34590610801582 -0.505600982348699
 -0.0292495350946253 0.343704441845906 -0.938622246354807
 0.108515633286707 -0.862889218827467 -0.493605665854545
 -0.901964595556007 -0.0917602374394245 -0.421947777797856
 -0.485728719986374 -0.0907797721352624 -0.869382909626977
 0.293552617591973 0.143388996759503 -0.945127746028654
 -0.973027843408586 0.224980429371924 -0.0509962974269773
 -0.783981013784677 -0.0536925741123923 -0.6184584687029
 0.170199383081275 -0.9819241451188 -0.0828078693812835
 -0.673473995322045 -0.682582094117245 -0.283750704696004
 -0.137160983295119 -0.0457941408929007 -0.989489646899551
 -0.649696664791458 0.308792367794807 -0.694652083672491
 -0.356516706163658 -0.898955346400447 0.254509574288019
 0.562085716531703 -0.821630588430592 -0.0947777580777273
 -0.693858503796333 0.193828170364526 0.693535159226015
 0.459283840749862 -0.807250069524195 -0.370682719963094
 -0.970030860827981 0.210415608345174 -0.121512965588271
 -0.963143167224882 0.26891067144471 0.0065030924318828
 -0.128606351921971 -0.0384002554755581 -0.990951979979219
 -0.775928260345091 -0.547518565827806 0.313302976161578
 0.161216283583926 0.337468458568652 -0.927428891817958
 0.574646448671371 -0.730250231800753 0.36948079514953
 -0.999358344656993 -0.0356092752713155 0.00385726316000355
 0.25893867273881 -0.954140761835679 -0.150220405950368
 0.154481101530492 0.43978471728741 -0.884717464341221
 -0.597245573807292 0.653324182108834 -0.465258248330345
 0.179046872768701 -0.68161357706366 -0.709468215577154
 -0.439269611333768 0.40900271547721 -0.799849352872745
 0.252837513801713 -0.224201502231096 -0.941173139232038
 -0.327110664648817 0.313476555690734 -0.891476899367159
 0.0387448761791362 0.333908688428579 -0.941808803506195
 -0.923387965793978 -0.223050717060531 0.312414855993824
 0.287796824685117 -0.142421169677118 -0.947042342310504
 -0.481469933030809 0.209196999436082 -0.851130612194303
 -0.0516391825963177 0.773602116915627 -0.631564058132225
 -0.15152650726324 -0.976668375886049 -0.152179503024258
 -0.021991315687893 0.58852803363857 -0.808177663422984
 -0.230366787569381 -0.00462978659280461 -0.973092856957171
 -0.885328177048218 0.46109545699433 0.0598748566901678
 0.322340201741914 -0.866038885093635 0.382195557073543
 0.221177818014926 -0.236307392734889 -0.946170803268097
 0.394040816630792 -0.141097612681314 -0.908197830059383
 0.285255047685145 -0.953556815714897 0.0967417023512222
 0.124866006166114 -0.850115064078066 -0.511578789954852
 -0.167211351100074 0.202519030345218 -0.964897096280904
 -0.974773330460082 -0.218600940259474 -0.0450619922044518
 0.138137720965256 -0.792403767003162 -0.59415001479906
 -0.458940633137032 -0.132980693239161 -0.878458667486076
 0.457590230785175 0.172724566160944 -0.872225547054478
 0.11884754689635 -0.992274999127019 -0.0355750854418352
 0.177896792216164 0.108651242855859 -0.978032534604589
 -0.0765718149492732 0.45154265136049 -0.888957811798577
 -0.970280963735139 0.241784388837376 0.00975503601977942
 0.499398223513565 -0.861251347225696 0.0940613164559167
 -0.654039450961136 0.165439838654595 -0.738147719885659
 -0.655195376654554 -0.266438133663403 -0.706915652210686
 -0.762454385525602 -0.625534653122155 -0.165437927139218
 -0.491506876954299 -0.359441792633028 -0.793235518377353
 -0.822303332607563 0.184693606480244 0.538242975716188
 -0.299416116911223 -0.0160721331027632 -0.953987251210063
 -0.953688654013316 -0.285855929850987 0.0936180462052937
 -0.837940922006465 -0.535865384081906 0.103456760869975
 -0.584893923659721 0.439302272868061 -0.681845005201983
 0.0361850881645359 0.323228121351437 -0.945629008101034
 -0.490204806351722 -0.00868248379128688 -0.871564032245988
 0.344724800739787 0.329472603514172 -0.878983853826968
 0.296497606153836 0.502103268643285 -0.812392440365353
 -0.085918057979163 0.336315523604315 -0.93782192120671
 -0.432068321947732 -0.613015944496331 -0.661459308621886
 0.137247630092755 -0.0157168700070839 -0.990412069812915
 -0.259233025237313 0.11005622542607 -0.959523770352396
 0.602787200312135 -0.0920735319033172 -0.792571798553738
 -0.508347112600536 -0.610667025946991 -0.607181189211059
 0.0243586935378362 -0.380066739617549 -0.924638268451839
 0.30767453356309 -0.192762391588778 -0.931761257933442
 -0.437203191241425 -0.876220452108244 -0.202709370468016
