Format: x y z  (R = removed from domain due to fracture isolation)
-156.2123867 -103.9207002 108.6118571
-294.3102226 344.3636512 -127.3220927
373.3278274 -211.1554263 -94.51108963
477.3275476 -132.1876233 -79.46802992
-208.3228905 -32.08975182 235.8256678
177.4427482 -202.5591525 200.0387503 R
467.3851564 -84.26295422 338.386338
-219.9482538 346.4792611 -472.1135403
132.7650125 -143.815082 -316.1035116
-164.4050616 -513.8380103 -332.0852704 R
-151.9515997 66.60573786 -43.12692083
-193.2706857 -425.1096945 -11.27874508 R
-374.9179778 303.9659553 -496.6567123
-234.5452364 380.061809 -295.923148
-170.6589789 -439.6093419 -298.8611626
-307.4770971 421.2453681 472.560101
191.2766637 -253.3871087 305.1364041 R
-475.1878635 -37.70177301 208.1192074
-163.421191 313.8377383 394.1680008
-425.0762223 -312.8070593 367.9059663 R
511.7869484 -230.9995572 -195.5874342
245.4699461 19.75917678 -494.430749
-391.1694503 232.1098841 154.5143625
484.6034668 -411.1099418 -34.75701521
266.7645428 51.93044885 527.2351959 R
61.45237313 538.7994672 272.2144769
-414.2382249 511.7539192 252.8070467 R
171.1043296 214.560296 464.0319882 R
401.6951563 -140.9274457 379.9653059
297.3256808 -384.7705092 235.02636 R
-391.0906576 215.7738842 -154.3850963
309.6824187 -23.92417989 500.7339632
-128.474754 -461.5321535 370.9944356
-514.4597376 -66.96844845 -107.0428708 R
-518.3873814 80.93695822 426.2714144 R
-348.0694878 401.9668628 -486.9910238
179.7712511 -536.5300688 62.19471406
494.196967 -179.7008298 -6.222979599 R
199.1677105 314.7265538 -385.044097 R
-264.6400847 -431.9516468 137.41526 R
-472.3533439 329.1554238 153.8994208
122.289481 -15.74780407 -91.81748791
-327.9402756 -222.6047799 -121.3312029
-250.1866028 -306.6180135 -80.07535345
-286.0643577 -458.1750738 -53.49372017
-396.6331453 -230.0750686 -279.9764181
157.816622 -121.7351251 501.0012847
338.782493 420.5412651 -451.1846873 R
-525.6891448 -186.7326097 314.5095734
284.0277179 258.0065252 169.4512711
514.7539152 -68.1545547 -528.1346325 R
533.6229816 -254.9096524 -248.1624789 R
-404.655308 329.0522575 -141.4736246
-62.20229901 213.0413703 328.7654518
-313.2472289 415.9710783 -371.0899737
330.0239254 -8.550416126 391.1344356
484.6261971 -37.65945494 -453.761081
-213.1815597 -337.8478321 449.7882631 R
419.5682243 73.71368921 426.038746
-89.71889968 409.7377801 -229.2068148
-133.9979835 277.2974023 449.1862839
-273.8175381 534.8162586 -151.3223472
112.9602689 212.5907897 176.5223399
194.6408774 264.5111177 198.6821821
127.1874566 -99.35450406 80.06493055
506.3713988 -366.2197753 169.5694155 R
-135.1213577 404.7034726 -147.9892892
430.3924085 204.965945 523.4548254 R
5.502485889 12.8546479 -389.7673309
266.1757339 135.644284 458.1388111
307.7058068 408.3034783 -406.8748014 R
453.7836035 298.6762624 399.8891292 R
481.5311191 -525.2129059 440.4316713 R
405.6396916 270.8046492 147.0080406
-353.6333696 -433.6855029 415.2138257
-153.1502316 236.4740519 457.3146954
450.957053 -402.4347359 -140.3492681
61.11359387 -414.6814713 -278.8636932
368.1763226 -506.1636724 -420.4537608
-190.6941206 451.3520093 206.495236
-363.5327662 -34.33275367 312.7444311
284.318223 192.9581618 281.4516815
-135.1708131 -204.3277328 -240.8604612
182.5103326 310.550921 -370.1740283
-291.3087507 527.2301022 -376.6648075
531.5850507 144.2770595 -168.4542715 R
-246.156239 301.0915854 -52.69814678
425.5079463 -506.8222283 -10.82476739 R
269.8026048 329.5244317 -472.2950839 R
507.1131288 364.7213669 226.2590295 R
458.7064289 475.960565 444.0469635
88.33318829 -315.9251844 334.917392
-174.8531387 -520.3908248 372.502101
-63.38814545 22.55662546 -462.3131937
525.5537429 293.9299185 -339.4694026 R
241.9739627 217.6338198 -269.521436
264.7326236 -322.5203403 -175.9447073
127.5130789 -211.9745412 97.69408344 R
-454.1501918 -10.56966304 469.1109898
384.8431045 -354.0334904 -470.6366598
-480.4440522 126.8096194 -217.5535836 R
99.90143389 5.318477488 18.79924433
368.1779673 -487.0695295 -453.0410922
64.96240284 -213.4858296 -147.6146836
-406.0591435 -178.324687 489.6313549
-237.8952729 432.5406839 269.3006471
446.0969596 491.5329141 -69.40828164
248.2170785 -29.29651847 132.6459382 R
-248.9321662 -374.2010241 -462.4070564 R
176.5417959 -218.9281945 -450.7477051
-108.4788042 -346.9886567 405.618739 R
-14.83788983 292.8116494 -418.1397206
227.9588423 157.6757016 232.5182725 R
-161.6451721 208.0613914 -35.07633897
-495.8457787 -94.55511667 -38.63881904 R
-91.7111797 -201.1104734 -367.7928184
76.47780537 61.51492312 27.50986991
424.8192858 335.0948412 289.8032928 R
104.9873701 -166.045969 30.91728223
-38.58806847 74.81188481 20.48250356
491.8390955 -347.8078782 308.0694315
-511.2049354 501.1830319 -175.7422013 R
-277.314093 327.5935271 -131.6577046
-182.0001415 19.57480068 -240.0144935
524.6140178 -120.2741363 -317.1116104
-27.08031767 -174.6281666 -113.6328333
457.0968585 -112.3258903 -535.1634553
18.38535994 38.46070407 108.6527393
-286.5957439 -230.6089892 -22.20391442
287.0067011 -460.0253073 -141.5971923 R
154.9272745 -181.6394942 -342.5982235
128.3702557 -441.0333097 -460.9524312 R
363.3486478 255.3847922 -370.6861064 R
-371.5009271 286.1415292 135.5392525
-143.956343 -525.594876 84.52497967
-50.16004602 70.65356244 -116.8670854 R
-258.7836828 495.1327719 181.1731768 R
60.72603263 120.4378664 -251.9641567 R
-17.87504464 231.8987166 -413.3545554
37.84367892 -437.012232 510.9227076 R
-187.7379935 -257.5248316 -346.4197726
-298.7305967 -411.8333399 -280.9380808
-96.36969591 -124.7010887 325.8331033
-489.7256507 -126.348675 501.6348374 R
215.1134386 193.2112099 -325.5342301
-458.9178772 -50.31495341 -49.35451651
287.3697144 380.8102238 -215.4355814
-215.5401914 198.684717 -264.3594549
-221.56601 -265.4601371 397.0412866 R
-188.6792372 -458.6423141 173.4101815
215.2400526 332.3712169 -525.8168199
227.9694807 387.1062043 -381.0873191 R
15.554454 -352.4915769 -301.5857696
-96.25389491 -32.37372277 465.7693092
-398.130626 -198.2341874 -285.2129721
148.2861965 -109.4965482 301.8018811 R
140.7493871 63.27857142 339.9900953
-421.2172571 -96.94588141 397.6782735
-259.9729843 -124.7817605 -233.4150014
-39.02379351 394.6241836 526.369162 R
-246.954982 104.2598291 525.5704358 R
-61.09274189 162.8307365 -268.7601038
-118.2524561 -343.9757418 -72.9053171
-71.90866523 -173.0306366 351.4396551 R
35.08370269 -268.2376398 -142.1820998
-227.7610618 261.3758101 283.4920499 R
195.9031725 437.9143091 -460.2841537 R
101.5534252 -492.8161963 323.8660008
-389.8041893 496.8484337 -450.0875872
-528.7873952 329.8909509 27.53623356
406.2382261 113.8206643 528.66751
-361.6609348 -297.8265671 -326.6219228
-293.3946042 -74.00139049 277.2573602
-409.2318453 -442.4812198 -333.734657 R
125.284775 199.2525332 272.792356
471.5729736 313.2128523 138.4381336
362.6509803 -408.7414065 -267.9502879
252.181971 101.5924981 -251.4472386
-326.1867221 -203.7567915 389.3021047
-272.5368377 260.6359088 92.77628907
16.58537885 -523.5029209 -428.2434086 R
396.0104337 -306.8664054 257.1109593
300.4006067 418.7449586 -407.047412 R
426.7648351 -287.1370416 222.1835762 R
279.67527 -199.344803 208.8211145 R
-515.6023308 -171.9091191 -472.4439801
-338.5182038 435.4976459 478.3769255
234.9597637 283.6434534 33.91672247
212.8211389 -134.5725475 433.159333 R
176.2463283 -377.7682951 14.12865441
-467.6323295 98.38530152 -173.7934364
53.78961878 77.02689273 -71.70588013
-454.5597663 6.088576361 -71.53433834
328.2302474 -444.3606593 -367.9785685
3.301612123 458.8685568 194.3579951 R
181.3588943 302.6563906 159.0022262
-494.5867421 -155.9228687 129.5101339
135.701654 -60.29925563 -6.156331512
-166.9664558 -99.84266274 -426.1871807
242.9739907 -301.6143553 -275.8504913
-138.0906321 291.9485596 -107.9354786
-367.8822816 -428.9263744 106.9301163
-486.2054262 438.5343815 -465.3386639
-100.7903289 -235.960557 -372.3407294
-303.3902482 -260.9752296 -279.5648138 R
-191.517938 138.5667111 -495.7073193
-151.3017012 431.1888416 -372.6906137
445.9906325 51.62548847 -347.9860029
-426.4683181 375.1959757 -94.8582845
14.98305601 295.8106531 174.4940364
155.8806415 -83.18982778 490.4496535
7.588143356 -499.0847431 -302.0078575
-463.367653 138.4222294 -238.9196238
-274.586296 -33.09897225 394.9129759
-217.4583572 293.130163 -416.0796184
-509.7029198 -297.4083589 413.8482719 R
-65.2693274 -435.4233132 -472.0896514
-252.1037647 524.4041473 -438.6995669
33.35123976 16.40670856 -91.7180278
236.9069754 238.395691 -18.46942833 R
486.9692861 8.78684122 -364.2767837
164.4267119 -166.0830949 -217.1286484
-149.7644868 -308.5838579 240.2543061
-185.6351988 379.4179637 262.9296363
-362.4502654 369.1010331 501.4609615
-289.8616703 437.3914332 -512.5329394
-291.5703162 -242.5800081 177.2438523
-20.01145498 17.61508784 446.2234884
173.8224746 -116.0751111 -464.8158724
-401.702444 -506.7019432 337.8666832 R
56.33815802 39.79037816 -1.025584545
211.1841043 514.4666659 -143.9170805
-234.5996455 -349.8545606 -217.8449642
-19.41288753 342.6077913 32.31010553
430.1513775 58.98127951 494.684794 R
442.5399789 -436.8312258 -341.7104956
-330.4910241 -459.7542198 -418.127847
-355.999299 415.9691868 -446.5669591
-472.4509837 123.1411654 191.6722018 R
-145.5261355 60.80429159 418.5582413
35.11664321 58.08213656 312.9242099
432.9460981 246.0812113 -295.9626451
169.6301209 517.638997 67.40981912
-380.8550158 -17.82185706 -437.5145849
-190.1708677 -486.3059361 -172.9947442 R
-347.4948168 208.6699882 276.3677937
-4.407585589 216.0106335 -205.0296121 R
390.9212968 330.6474209 -422.5251182 R
431.4959889 349.3989096 -222.5241592
-74.22865572 -172.0163144 -326.9734973
158.3167671 193.0100735 52.30375722 R
-169.2973178 -195.8992229 -381.6015212 R
-401.1348573 -55.72449696 -480.0333855
-444.6034006 -411.540281 -438.5016782
367.7297632 -404.4309122 92.82289537 R
235.8093767 210.9758018 190.5254303 R
334.3037582 399.0641853 344.8225233
124.7077933 372.4311735 83.54127189
517.0156407 -350.5386666 172.7938443 R
265.4685007 -50.28527306 -413.1768353
-41.11453857 -394.5565989 -115.7245675
-45.87184798 32.71745812 64.22406039
242.7280446 3.946153713 -263.819208
-49.77750398 -445.2006655 -296.4838575
74.36297412 292.988678 -511.9503847
-123.0154108 -440.5176116 174.5665494
288.3471574 -485.3580668 -300.1458958
-34.86028982 524.3613485 -479.4392203 R
47.77298285 516.0761601 456.2141692 R
178.9459935 242.1261282 -125.4415169
285.6344406 -451.6630011 274.374265 R
499.0306496 513.8349758 -452.18737 R
-168.8763594 271.0373947 14.283108 R
496.5525182 -49.68244115 353.4448171
-252.0275688 361.6851208 -69.97700707
445.9292346 239.8973773 129.6943333
366.8710444 171.6272272 23.10717299 R
-280.9554975 -470.3049974 -212.8750428
-451.9267642 -166.5765756 -13.9767019
418.9628107 -418.1181206 1.297392045
6.019271063 -358.2169714 -339.8676176
-484.8814528 -390.5336504 457.1918898
250.7904744 -503.6863626 498.772974
227.8368829 283.0467882 -319.7673597
179.9804098 -336.5899668 92.4898109
-289.3983244 -200.5716883 -247.6877015
258.3176558 -295.5444073 -241.7385164
-323.7317376 440.1809825 -219.0902326
504.7008469 265.8904753 -272.769075
-182.660478 407.8711567 371.746276
-287.9196469 -185.1768099 365.6578607
-213.374351 449.5529302 273.8377169
49.20233475 150.2684329 485.7807566
-393.1860771 -204.7623122 -150.9882699
-253.8013227 -302.7028738 27.36702682
-217.1976472 517.4930476 -457.5757783
-350.6819765 528.052316 -262.6031356 R
-434.1278079 -19.7569754 -282.1978417 R
-304.172832 -80.48370403 298.8797871
-439.1281555 -122.6992631 26.05259443
-455.8757271 -248.5309059 179.822989
511.0179065 156.6380508 301.4279686
-104.024296 -278.9645059 -409.7504905
31.87689408 -251.2875056 334.389316
-273.4853722 -105.5558499 -176.7833427
37.57107602 282.0577905 -54.33653366
345.9629298 -487.1173793 -236.7284245
-141.5179137 480.3485313 -444.5461844
7.574528684 342.8832598 -113.4915436
172.3601807 -315.6352754 319.7385184 R
-314.7852479 202.5553159 358.7218171
-187.0465775 -220.4624378 40.87637114
476.5488671 345.314411 -220.3828593
472.8155615 402.7874096 461.7094309
276.1891386 453.6457225 302.1616254
472.1474863 -130.5152164 -300.774298
-248.4405753 359.5911786 283.0412228
-417.9836155 95.59883472 -227.1083577
254.470171 -154.0053949 -20.42975449
-131.84781 -3.472838313 -17.78348006
-236.5476572 -269.888135 -2.334060836
81.69458725 -488.2170173 131.6211151 R
-459.9178447 24.84387056 92.84347541
-199.1693401 431.1078275 415.5446486
414.2221553 46.43126862 -350.2655484
-116.6912745 132.2299746 -505.9435487
-101.0810918 -214.6655082 -470.4253348
-122.6426131 29.7732463 66.64189122
-380.3078768 436.8606402 123.8822535 R
-26.92570214 494.9750076 445.5741529 R
230.8511122 473.0752365 294.3652548
93.56393079 17.25613957 -255.5572841 R
-6.87109946 81.9148309 8.929995529 R
-58.28476658 376.6592258 -441.863277
-427.9955517 171.2659884 17.64666853
240.1366011 -53.50671815 -254.5370051
-337.1510248 189.6692291 -219.1312123
216.7282706 -263.7869881 204.7846718 R
-118.4178342 341.9592117 -532.6212596 R
-441.5265213 33.701439 -162.3369701
167.628286 59.9785317 -401.8903631
-109.307433 424.34952 -373.812297
-294.4161427 -364.4257164 462.2631839 R
328.9014494 -69.08388633 346.9690566
355.5418408 474.9499036 297.5888406
-195.9761867 -31.79311624 -201.9855308
-146.5095977 446.8373741 -208.5514542
166.4772825 -428.0090568 -11.47289371 R
246.9993764 456.4735033 538.7105661
500.8995794 -56.03050198 161.3828828
255.8912672 -269.6745621 -32.76478543
500.456417 -287.4636063 21.53116454
-382.7925685 -162.6905741 201.5083964
-441.6134049 6.119489755 196.8982833
444.5586589 -310.1954441 -12.29431538
424.9503956 -389.8823701 -301.7912527
-131.8779459 364.3921612 -425.105268
-502.760929 -448.414491 254.0425612
-138.5834573 -254.4230761 -338.752735
408.1446649 -154.4549904 -365.9265654
178.3299187 -424.7532016 -464.4366621
398.0435522 -245.9588168 274.3596572
-461.439532 -302.9395828 -485.9008124
520.4141979 488.3619645 278.3121087 R
-399.8107334 -287.5354206 227.8848211
-509.8285261 452.1054236 84.29831167 R
-290.4610159 -367.1856917 -278.2199352
136.53599 -21.04982704 -471.3335521
-521.4469581 -0.7801449882 -383.9373689 R
191.1146633 423.4569218 -96.0327381 R
293.0289911 -221.7750388 -349.5787702
-528.3920448 -41.33557465 -247.3234706 R
-318.3660494 398.2102503 465.5974169
-31.9783985 -16.55582946 370.1994665
483.8433455 56.96676659 210.4920032
-286.0968012 -426.28375 -73.25937605
-435.7498936 497.8263508 -153.8701966 R
174.1146685 276.3650617 -485.9968807
330.087639 -543.0685041 61.26471962 R
-210.3016646 188.5414842 495.2562027
-88.2051027 -452.314008 -139.2656576
-397.6695674 -270.6483256 188.9228086
175.2421104 441.0062089 -302.6426662
519.7683797 -224.4053151 -472.5481651 R
295.0274914 -368.4698126 -408.5197995
-383.0915103 117.9902643 -348.9880954
86.22192998 43.84310669 452.4662267
-191.3515972 -442.8920592 85.89300964
-49.99820396 -310.3460112 273.7088577
-119.785913 264.8447745 -465.6219918
-406.5854587 347.9503361 -187.9645916
-288.7223008 -478.23936 -111.673592
269.6024849 -350.5608913 -407.5454636
21.1331602 96.34053606 -167.7268001
-101.1278798 479.6656261 413.9350204
72.15496251 -437.6005538 451.9491893 R
-53.71035892 -254.87242 -172.6570913
-35.47439934 175.6031535 215.8810467
46.0855649 -449.5543211 500.5589701 R
275.4029308 -145.9558462 -348.5691778
399.2036117 -194.1443652 55.05026285
-76.62353848 243.0068625 18.33576387 R
88.95178758 -64.78192141 467.7587986
-140.8102925 520.1054955 -342.42203 R
140.9678414 191.0697335 247.4117044
-442.2300192 388.7751952 203.5783454
196.6512238 -90.84147274 166.3665538 R
338.9045867 -549.114664 -59.68354743 R
93.39904704 132.1105993 498.6951454
165.0153217 -110.4052146 -198.5894129
-293.6238701 539.1402374 181.2468858
25.02786994 176.1630005 26.722456
-171.9844122 276.7013552 -328.0067691
356.7680411 -298.7040082 433.41222
278.6251361 -400.6916719 416.3481881
-299.5300041 -25.73025209 274.569566
237.1093693 406.8220532 508.4584563
235.3645668 -8.875120168 175.4134412
-473.8938343 -249.827917 49.84574606 R
419.7907949 392.3714217 503.1770316
49.81087201 -489.284978 -142.2010763
-497.6490122 4.547426272 -321.0313043
-270.9031173 -490.1053998 439.8748896 R
-33.79993052 192.3347965 68.55690055
90.03571205 324.9435013 210.6967614
-186.209482 206.0046264 -305.0198247
-327.6605975 519.1040214 368.0445822 R
-279.2108761 208.5527187 -395.1844106 R
277.0267596 264.4191981 419.4097642
-394.6260067 425.270546 440.6803723
399.3754936 33.95885828 -435.421223
-544.0587276 304.6164824 497.4813495 R
-70.03304186 -125.6211252 449.4955524
419.6387327 -255.4939182 -399.4348118
140.5393307 -95.49786656 80.7160374
-320.0057578 -82.60342859 -281.729101
112.3941729 -246.4364696 -86.14166889
216.0256067 73.6965687 429.8833271
-419.7869265 -304.4938507 -481.9654444 R
-173.7340292 -262.9983384 253.2251937
-61.75857247 279.7402801 -391.4678762
470.7156035 497.8396423 -33.23330458
303.1490963 176.3684519 -10.21663707 R
-431.6949405 -440.493195 -327.5820115 R
-25.46546437 447.9278952 404.2079501 R
157.2343103 25.18018404 70.79866352
-75.44174794 420.7064264 -129.8722203
454.1816651 409.7421537 -375.4026312 R
-105.9180592 352.2638281 548.2646261 R
-47.45549521 -187.2716205 -142.0196575
-71.01468673 -159.4285487 -38.05419241
39.89708019 272.5159131 18.52718101 R
260.6811983 450.7859537 -189.3879162
151.100698 139.9235541 -226.5200197
161.2246368 -127.4850653 -431.0022208
179.9156165 -90.03490757 -43.21578784
299.7576203 481.2677535 141.8268691 R
-454.8540722 186.7710072 338.6135663 R
120.1375214 54.48861595 370.6517913
-259.8109378 52.21026617 255.9638257
86.01344695 -54.56338143 -45.13086479
-512.1832756 -68.30764276 -208.8620705 R
-7.478595934 -233.3108865 517.4330751 R
118.2386639 -361.0744948 462.9208201
322.6653469 -361.1953894 462.7093467
-307.8156239 56.74816171 234.64075 R
-439.6506578 -396.672401 417.0759923
454.5019882 334.3946962 472.1454305
-345.936537 75.09111224 -118.6813052 R
502.3649862 -221.3213517 -448.1786288 R
-181.8697128 270.4015214 354.6995957
-438.3188952 -295.0061692 51.19342802 R
-239.1030851 478.4062933 49.11779351
-228.4509988 494.2544556 -273.2226124 R
-115.4031045 475.2951059 432.3869172
-155.6696716 349.1075652 164.2387816
-426.8965404 86.77513774 300.6591476
-319.1788541 294.7792757 -127.5594648
349.3123481 -96.70878995 -468.8356194
81.7736957 282.0333994 -268.5311857
142.5277467 517.1317448 -422.2312538 R
379.3065655 198.2355267 -329.4264088 R
-429.038105 -377.6649183 -125.7963108
-301.3527976 -300.7191373 -366.2094787
-387.1145563 -279.5164771 74.93024615
9.118142535 323.4173864 143.6618342
418.7791225 -365.918286 298.3140933
30.50033851 111.2950924 224.594583
-254.4638124 -168.6682846 326.2312875
252.9494498 347.7153075 151.3522936
287.9682783 220.9597661 -206.5845026
309.187176 -378.4520049 386.809023
-36.11263269 -433.4219506 -303.333388
-130.663886 334.6729734 89.70556038 R
-349.6863738 -437.3690478 -437.790759
218.1495648 -306.4351327 537.626075 R
11.87570659 -189.9633029 -494.3290212
146.5773104 228.9232853 397.7746006
-75.77429253 126.6780966 46.77588968
-292.7636197 -357.5887752 202.2091059
152.3047786 528.1495645 -370.6805583 R
-489.8387778 293.7561032 188.1495358
280.0257252 486.8988948 408.1335924 R
-3.042245017 359.2756046 -265.1354652
-192.3908961 -107.0378316 192.3296904
210.8159945 -81.14816888 -318.8062025
379.7682436 -407.3976307 350.4459354
281.1722953 -535.7127886 449.1387278 R
-459.7949863 -512.1599115 -121.7737311 R
262.1599036 -66.04229319 355.6705441
511.6243529 397.5144819 243.9179002 R
-122.2721187 -371.1987089 373.1231661 R
492.9503726 133.347755 405.1375476
157.0993527 -464.4681113 -344.498486
-235.0665175 241.0067369 -56.12217635
500.8884093 -142.1119634 343.752457 R
-431.6647246 306.0573596 -87.42864159
190.6038049 -145.2867586 -108.1525273
-125.4139452 -502.9228302 -214.3473969 R
452.2910826 -72.72544579 -460.6603008
-20.7560153 195.2045197 308.0183014
205.9222835 42.64976267 -23.52747949 R
-89.04933204 3.139684834 61.82601699
361.3207795 153.8268478 -512.0329033
-153.5644253 -172.7560901 236.8856297
-185.9947556 452.8232843 -140.0698167 R
409.3440303 -380.1294801 -397.3037536
-476.8301873 347.0347744 492.1950406 R
-412.9195369 486.9145777 -370.2126453
283.0293473 -522.0057472 134.138354 R
-19.98495277 380.8814185 -217.4579722
133.3343783 -133.7485163 -78.37705017
-528.5077468 -52.03736766 67.7540336 R
5.675248425 474.9870988 430.1992108 R
-491.9517639 298.4421287 252.5561087
-87.11346898 -172.1609771 -423.2470089
307.4713007 -411.3705483 294.5898537
-283.0364313 115.9326487 369.9818167 R
-204.4150922 217.7455177 -462.6311261 R
-386.8679563 -412.6791643 -261.9224492
-431.3043374 -271.0390375 335.6941945
-273.2469031 -396.9226278 -66.47733296
376.5936834 150.069149 -232.7733353
144.7122343 323.6752042 119.8558941
-84.88077311 -113.8426139 -260.1262294
502.2677992 -180.3389722 -339.6729627
-67.32556793 -456.1921333 -104.1937576
-520.0808222 323.4400675 -349.2727886 R
-186.3865849 396.0868181 -67.56073906
448.520961 216.9277234 -389.3195303
407.9815802 388.9480931 -446.7416087 R
106.8730795 -280.169659 230.1806396 R
-173.9791418 -94.55640527 -106.4094175
-403.396498 155.8736252 -243.5480019
-413.5861487 181.7403479 -102.5058996
463.9331464 -139.414744 -189.4382764
195.1996256 447.3518915 -159.1107451
454.5446412 285.2710241 -94.42089717 R
288.464684 -436.0824529 -272.2319798
-373.3347284 130.1837202 -136.5968671
42.9438626 -103.0193268 272.96038
-463.3850935 -267.5528004 -106.1879177
340.1851706 448.4566293 -304.4594801 R
-388.18356 -1.943098662 -304.694889
95.58088643 126.569372 192.0279259 R
-123.5244105 9.847387725 60.62253097
34.38508615 -154.5004999 -8.283885917
425.2277943 -25.50470971 491.8025615
470.4738618 -510.6766247 -279.3492641
124.5751895 528.3462197 339.237851
-84.74491065 41.49549377 -525.8020232
-240.6402223 -481.5736422 325.2026522
-261.7203554 -490.5659045 -250.5595767
-276.3258538 146.8302303 235.7491417
101.2677581 338.0675055 -39.74276402
-187.593624 -74.60066023 -214.3652147
495.6431579 76.84711491 -29.01883374 R
-23.99983097 -528.9896854 297.7936478
-368.5482994 212.8704393 242.8310089
312.6783687 206.5793314 208.5801219
-276.3029654 -429.331889 -231.0237192
519.9662113 430.2632379 261.3603319 R
-272.9258838 428.7101989 69.74199755
-315.4226722 -107.4984017 -327.4312364
448.5333145 230.7018136 191.8192126
-112.2794801 -90.56791251 500.5457514
-158.4744573 367.7371605 222.7944493 R
-92.80136732 -157.5792264 475.1098833 R
25.0572665 -507.173741 -462.4061948 R
189.3071605 353.3151653 -352.5417798
-446.3920132 -434.583786 -121.1547405
-88.8671355 -341.5650839 520.3415072 R
383.7082801 338.1045833 -523.3988442 R
-318.3699919 488.6682442 -471.5554174
-530.4860437 -39.3245657 509.319499 R
284.8031861 440.3729245 68.43432343
-219.201561 69.47589376 407.884002
-68.18545444 -141.4395766 46.01034323
6.218909727 -179.2221269 -385.1271828 R
279.1528067 405.6153172 121.7462007
463.2189833 -295.6745662 -96.84498683
-518.5445237 -135.26328 313.3181571
380.5263501 496.3601395 -34.56260599
46.10942396 -480.3744456 -441.5971612 R
292.5284466 -202.5998562 -151.9868394 R
-517.6047611 -26.52505347 150.6526762
-231.8827432 11.48314218 478.1167551
182.976083 -30.61957037 60.95017273
-378.907334 -199.1197058 -117.360029
480.700027 430.3114487 -444.3507963 R
-522.724253 -451.2757533 453.2093765 R
-183.3207907 -42.00412058 -92.92330623
271.76809 284.8864365 374.0108357
219.5842805 7.362858169 -329.1253006
-108.95885 -361.4412615 -481.2216868 R
-3.80820986 352.813547 -300.3618839
-142.8915477 273.6966474 -81.79901434
-221.9596358 101.0086023 420.6985316
429.3155806 33.67044146 78.08660424 R
-513.0326602 -347.0379091 -179.3704241 R
-314.5093347 -383.8785445 -350.3627763
390.6808318 473.0641045 -450.9287523 R
-308.8667548 -411.8234509 -109.3024125
35.73209533 400.3042667 323.603834
20.41679267 161.5070658 -182.5019929
-334.790639 165.5313313 471.1032583
-356.6958843 384.6177482 -331.8150315
-237.055321 -253.4550414 46.30778215 R
322.8816894 369.0918725 509.0384495
529.2371879 -260.9844822 -93.72221137
-88.78365589 -291.9524938 345.6757178
339.3384367 -225.8996922 -490.6675061 R
417.1804749 -161.3724098 -86.44267751
150.6042796 386.8230637 -160.3061875
-187.456629 -457.9529775 484.0635893 R
-124.5823467 134.3530552 -249.2705736
14.43684041 -163.2782784 -19.34641036
375.0719929 85.98802948 -432.0789004
-456.8249998 -227.0264027 -52.51736772
-410.105787 98.36473214 -97.15138448
118.1505522 -89.5564658 119.1573029
203.6426067 444.2934103 214.4640159
497.8692165 405.2523031 -156.1365618
513.4766059 424.542475 -220.0871877
432.3845413 180.9270887 -197.9059082
483.4392615 -462.5461823 -371.195984
-293.0564374 -75.38775621 -402.4321302
-275.7765991 419.0941436 -337.5111372
-187.0869793 256.7437409 -362.9515067
522.7097385 -223.2206187 346.9942173 R
158.2844279 -166.2131454 148.1901129
347.4078222 174.7841265 -125.017011
-440.7099729 -106.8126423 -389.4376747
426.8809282 -458.3348466 -121.4306904 R
-202.0051914 -388.1207614 197.0292806
-526.6233712 196.2159216 -159.4522861 R
111.5455114 -1.037713485 297.7130951
-419.1930155 179.9408003 -57.06235734 R
430.3994617 444.813595 466.3428322
454.6051152 -307.6112913 283.1867127
427.60017 243.1418792 441.4028851
123.7042416 -213.9699187 264.4695649
-180.0679275 107.4704765 -241.9172867
227.3934602 -431.5972115 277.4474584 R
479.7927337 101.5945159 509.811995 R
-195.9516967 -156.3405929 73.90788717
-109.9096953 -347.7298662 -131.266807
353.3833467 -340.0037395 296.2034998
129.1363702 -425.3783859 94.13527666
257.1392152 485.0115444 -163.8272055
-18.47840388 -405.0999906 46.0903586
137.8864066 79.06746394 195.2235902
11.93257837 -272.8717044 325.1233568
-330.3291845 -248.7681203 510.7750876 R
-329.941149 290.5148667 -484.9877288
221.736144 -98.33543737 -78.14267877
-246.6417759 346.2215786 145.0795749
-225.0216366 -358.2554647 -392.9453094 R
413.1354483 -431.5303189 -398.02514
-48.59802801 -147.0600459 329.9172812 R
149.7797391 56.29235855 -256.7360867
-135.22747 -17.04976571 41.45057929
476.558114 85.98972682 54.89493249 R
41.37534657 -30.95995146 -253.6569832
167.1330986 475.7316851 87.16859543
-496.8495445 -115.665846 -283.9855807 R
-63.1117948 327.7180058 -294.5357234
-151.481569 141.8022664 -129.3444321
-531.2412087 -246.1792341 -82.01152117
218.0828816 419.0439033 97.3857858
-204.513139 503.1757279 35.84453173
163.3821908 -197.4518587 334.0321151 R
301.9979577 63.70850853 -466.7824545
-234.7331883 -406.5620175 -182.7280816
467.3515703 305.8056863 -245.5500924
-51.2800249 143.3476066 173.6347245
-219.5796646 -510.094 259.351821
380.1138462 -137.1037339 132.6297231
-273.9742545 -150.6594981 322.2316259
88.27924238 179.9407191 10.73688104
-289.1469702 436.4825835 518.9403501
463.8828785 -138.2482579 189.1483154
168.0447162 -486.3126333 395.8759325
-448.0820272 401.478309 130.5664693
408.9842013 272.1753516 -218.3044748
76.30327559 408.0991954 409.0739595
-324.6384659 -44.79700012 379.088482
-459.5267742 454.1650251 206.4198671
306.0376746 496.3968399 -356.2907875
-30.83351749 292.3489457 188.3083433
116.0355612 -160.5066209 -389.6295268
468.0266592 221.9649564 -257.7151333
-410.9727144 -39.41624365 491.8894043
-6.080194148 -412.3016332 -488.9634393
-105.1832982 364.0109396 424.3155721
308.1853183 -405.0888177 -13.68070172 R
-220.2143102 128.1884794 212.6275304
154.9978765 4.498581187 -92.37112204
-275.6197715 -220.0830837 -522.1452619 R
-103.7266008 195.4545356 172.2536502
132.3948063 -266.3692066 -108.5067459
-424.9741476 241.8860421 432.4986523
-241.8411105 -164.2393148 445.4116288 R
408.4251194 345.8152273 -328.0603214 R
46.0076368 95.36367788 -212.935089
35.55633153 152.6102695 433.3388772
318.5167852 -457.27939 -241.0713901
113.4952497 -161.1533014 398.0587248 R
-125.9060562 415.4255548 160.9253075
303.0932483 471.194063 -476.2059286 R
128.0249535 -28.64621826 -502.1938468
-198.7774945 -266.2497464 335.0548057
133.549865 150.759562 -192.2205028
300.0963528 254.4191159 175.0787541
188.5871259 -75.94220185 232.327056
466.4799633 179.3248629 305.9464621
-235.879137 112.8921848 405.7995796
-4.414557079 410.7596349 -465.9620111 R
468.1880942 -460.3999704 -97.5606111
-495.9287966 -517.8152939 -337.203104 R
-366.3859865 -116.5187318 174.6835018
487.4026163 462.4270022 -211.9913002
-70.89692556 -445.7652616 -388.6492769
260.1927174 -274.1397379 -405.290241
305.5443224 -241.5512434 20.79823061
-161.7043413 -510.6706357 -407.9018484
454.708679 484.8358143 -192.8124482
193.4820687 295.9458415 201.9688058
156.8920078 -104.120166 -69.14363884
25.1603075 -378.5017186 -363.5033939
406.2047894 242.2947792 187.5932929
-359.7766067 320.3188966 122.2287535
308.8136536 12.7978289 -484.8605605
364.4307485 -50.07476306 -13.31600819 R
-303.0044578 -350.4853572 -192.5458124
472.0834103 -22.16211032 238.8697572
103.216318 -428.9893567 -166.0920858
-60.9948079 -494.0750526 236.3953747
215.0010834 102.6058706 -387.1206035 R
-220.8033768 -403.4372129 48.30265944
486.3296978 283.7223085 241.1591932 R
-473.6247073 -182.6675429 -466.9248956
-391.8799939 338.2286146 -217.9006664
-36.19547012 430.9507134 -73.72353024
79.09189669 -464.0803896 132.8706802 R
-471.7966232 -20.55849098 -13.26083468
-226.9597377 137.6631233 366.2767861 R
431.2977486 474.0398919 -13.85954404
351.3019116 -393.2124768 -429.2683834
451.1506683 -269.4207415 375.0857343 R
9.276140176 -204.356047 -230.3233465
467.4724952 -426.6321999 -330.7999085
142.1707634 -413.4906723 60.90516516
314.4407944 425.0627342 -49.59933775
-208.7127873 56.33302905 285.3429535
-254.5932741 -74.70456819 520.0918213
-366.2624853 82.16113096 276.92759
283.3525631 0.1323488909 -363.5138521 R
-265.8622618 53.96744843 -379.3694422
303.7163771 508.18627 377.9946035 R
303.4028236 443.5756688 12.63901589
357.0369687 -521.2190156 39.15231889 R
16.54097571 -423.3156739 40.54503542
-276.7818399 164.3646139 125.7428611
-216.0286236 -450.8631075 -432.6752584
355.7487469 192.8162861 494.728154
-480.4045967 533.5475785 -180.4274988
-372.1217579 456.4407244 -516.2413592
57.92860906 -56.30756789 269.6621514
-154.2386121 -485.2024234 55.82863035
-481.5700637 -335.1463214 -109.7372346
-337.6007966 68.48260968 -46.51035546 R
-403.1207738 329.1584776 -371.9376323
382.4945446 275.3992938 133.2675316
193.5313084 445.4244574 -434.7852878 R
279.672307 431.7918361 184.3503107
382.3593441 499.578242 -63.52257738
24.67582343 73.02217473 -155.3156789
-378.4422894 258.0402294 -372.6850275
-112.5094248 -129.437232 119.5571943
429.0327359 -347.0697731 113.4265186 R
-46.22446951 450.1493224 374.3672844 R
-1.878533179 182.6512439 -517.923201
-198.8720516 218.1386362 -281.5472281
409.6118361 -422.7964436 -297.6424525
216.9688723 -495.5907456 522.8573723
318.848159 -181.857147 -75.8955953
396.6416437 218.7452633 -479.7278699
340.8835085 10.29926278 -242.6600998
63.77273133 125.629923 346.5713715 R
362.7395801 -357.3757948 74.64777587
-460.4303915 -182.8927621 283.0670303
-193.4660831 519.3025669 -212.0455824 R
480.1341873 -337.2627232 -2.934454783
409.9559756 -410.9920902 30.18725824
-323.536183 -503.9207879 -45.92045328 R
-81.21077197 -348.6979559 -266.6333676
-144.2664134 267.7445174 227.6787022
428.5869005 -17.55755195 -458.6918208
475.880833 74.01913683 345.8527644
17.84331124 416.6677347 -392.1419121 R
120.104855 258.4730647 399.179874
-2.588620133 93.9039825 -510.1734809 R
-67.17491835 481.3590406 160.0949605
-117.0103139 134.7156631 100.4432748
-87.98349433 -411.9732013 -354.0607801
-57.19329615 105.3616238 154.2043969
372.1268759 -182.5314994 80.9186537
-259.1315227 -139.4984206 -208.8001892
-341.1702036 311.0570648 51.81019097
200.4377702 -200.0563183 -144.1102804
-304.0574591 -287.4447701 81.56889917
-191.9017896 -348.2077115 273.3229468
513.3419213 129.5318586 -323.4542319 R
237.8418017 -26.55898443 458.4641464
108.3794036 262.3046669 -444.3226003
471.3717817 391.1073325 -111.2045752
143.0238186 304.9659237 59.6293924
411.6480856 508.0868137 138.4845585 R
-330.9950492 -418.6429936 172.5452136 R
420.6910025 -484.8015298 -406.1181216
-206.3226865 417.4977988 -123.3336427 R
89.04910099 437.5321328 99.8264362
-102.337906 -381.183483 -249.1379738
333.4518747 -313.7408485 91.79159881 R
-318.712768 390.2073685 70.9771018
-509.971822 -193.0762646 268.0705892
-355.0025783 222.4411106 489.7071464
-69.28470372 -483.6583925 -292.9141106
423.7036161 493.1767704 148.1489853
-186.0180834 -109.6779751 -85.21614325
64.60109822 -293.1601877 483.1824835
-238.0098814 -452.7368527 178.4445187
-297.2762109 -509.5298433 0.972266288 R
369.4514402 -199.7341004 -38.27189356
322.2987335 373.0527641 -229.330424
-205.2838091 32.17095325 246.3192341
18.02571973 121.4100042 80.75768465
196.7595336 222.742778 -260.8940627
-225.89345 -488.2128002 -40.81220199 R
397.3057786 -58.9655183 -516.722906 R
-294.2933077 65.10746204 -185.8220435
344.8038423 466.6584056 16.21033714
159.8681057 460.6697565 -67.68986151
-394.581644 -481.8740099 -491.2387125
395.5584836 449.2662379 -41.2063956
285.8193734 68.95865103 -127.8057274
-208.7394075 345.3852975 -101.6948941
-75.9165399 -311.324046 -52.72476284
65.53059217 -2.67327643 -463.8779403
148.8802305 -418.6490957 -34.2489357 R
234.8604228 -117.9616413 -354.0680679
-267.2268184 -414.2846625 -281.150508
108.6783052 442.5562613 209.0959327
-232.2393464 503.2198071 141.4215818
29.7659352 363.6986346 -281.3937545
-200.1640519 -412.3023732 -362.0641397
246.4533926 300.0281728 -420.3968486
376.1034449 468.6851 390.2748502
528.4460552 371.7702129 -487.8394591 R
-293.2606669 -43.73774814 126.518305 R
-325.2639116 -482.1880852 -238.1744012
-233.8307479 -304.3820252 149.690839
462.3171465 -8.867298506 -377.5965786
-214.0034452 462.2330722 352.138808
329.3238339 66.52591948 16.68228291 R
-465.657094 199.4778404 120.158454
74.63258069 113.0404074 210.7170799
244.2438131 335.2782259 146.8262382
129.480831 -416.0874861 476.448847 R
339.0295138 10.69822904 133.8529043
-421.6175171 330.5635758 -17.65906372
-246.3775227 -22.16631753 -395.5490562 R
-306.7243122 271.0880397 369.9083255
213.7996727 494.6688238 -468.2086683 R
-124.6567116 -144.1687146 -4.95837004
-498.8215541 307.2175804 -401.8593915
-101.6402288 -185.0055284 17.44707358
-24.77862803 63.41106008 395.3000718
449.6322949 -363.1668708 475.7586909 R
-428.5991865 310.2821671 218.1827971
-384.2924085 -203.6175896 106.1970716
-288.3056959 49.71160393 90.8260351
520.3844848 363.2213271 -399.9149419 R
-41.39171802 -321.6249924 400.1977866 R
-240.8107582 -474.1125087 -521.7473849 R
-233.5662979 218.5565802 42.52543964
-414.8573905 -41.21619552 159.0582568
-254.9148533 -104.4562039 119.1521123
513.5900818 -421.3426344 503.7658873 R
483.6187178 -53.25390737 -91.00210134 R
51.74036925 327.190892 51.56324102
-229.2127441 53.99570231 104.5079211
-278.9684783 503.0564048 42.21689078
-102.4534655 137.2707805 506.3976934
-470.6014444 176.1941915 444.4483774
209.1282902 -206.6886743 -91.70550843
31.51128568 -472.6112655 404.2157156 R
45.90225288 161.1820446 -170.3792747
-254.8971042 -498.5626363 368.2767434
-87.69030483 -305.6152474 -121.8442285 R
-284.8374317 77.06640276 -15.36828699
107.2420399 -194.9080081 265.1716289
-310.8820533 -404.5662248 -212.875889
-334.0309495 483.973178 299.0168458 R
-105.501346 189.6313875 -142.7611856
-410.0936279 139.1300015 24.09100854
-360.3501137 -450.2265221 301.6077597 R
-537.3133358 -507.6682177 -371.2766356 R
395.8241855 299.9385951 478.7315919
-436.0323684 -438.8906198 -110.1443672
64.19637446 148.1195359 -132.3490284
-398.2246203 -193.6630725 -427.4809975
-88.59425355 -30.43216761 -107.1878317
-483.4881069 474.273082 -449.6320599
-474.7361389 -159.5869151 124.9036312
425.2982268 -210.6872394 -99.22123239
-51.81212315 13.94451109 193.3751969 R
-19.92873146 213.4428089 -492.2867187
444.919714 98.63992615 150.7183529
374.500564 237.338663 42.22116897 R
-278.8861003 468.0804085 205.1966609
218.0348195 63.20067554 -47.21799808 R
-402.3979676 371.6620636 -422.9752207
-1.739936772 162.5896262 -15.65325121 R
158.7317606 -52.8755942 88.70540612
308.2049667 -413.6690936 -264.4004735
-439.5512318 55.92442958 -367.6049468
-24.49181158 -214.8025457 -77.43334002
348.1604072 196.9680159 391.126374 R
213.0633855 -395.2367024 287.7142659 R
-212.0569343 -443.525557 -404.0104804
-20.13628866 96.81571806 -11.20486228 R
443.8716106 265.2482758 -80.57022625 R
-288.4674056 527.1860217 208.5766811
450.7356992 -62.20687881 -113.7223351 R
-231.2716955 -429.6101182 263.9736108
127.9439154 216.4807756 0.691798764
-229.1753545 -124.2091572 341.4448888
66.97483061 -282.9800791 -263.0407519
-334.7395014 -509.9866268 -255.0905585
362.7225036 -419.5864299 -419.8114373
435.5366233 -197.8195068 475.517193
-392.4496567 -42.52635714 284.1092728
325.510229 104.4061938 201.2283129
330.3456053 -418.18731 -534.4203446
-3.664511405 218.8376337 -476.7200569
-59.61431725 -149.5313343 350.6670002 R
-118.4815513 -89.8250529 -331.0632231
-101.7655673 379.9903113 373.630868
431.8683217 -486.5470676 181.1286147 R
339.8221527 369.6895719 -148.0310231
23.09049512 17.63094364 20.01183925
-169.7233261 -74.28979708 -183.651179
315.630968 41.90480707 55.78526203
-73.41118437 325.6560591 38.82433356 R
-185.1815344 292.180319 -251.6406519
376.9256992 -468.2914104 86.96806715 R
-122.2419799 216.6875831 -138.5395399
-57.87465664 520.5017234 299.4515985
-98.50305017 247.131482 305.1602686
199.1092969 -129.7992185 -434.2518289
242.540129 -244.7689355 467.2202864
180.9836072 -365.5369654 335.0900078
-547.4440484 363.018423 -178.4954474
-285.4877305 -479.2778692 -446.626035 R
-162.1679818 -263.1431126 330.8254272 R
422.2591006 220.9788634 350.5616496
249.4815827 -422.4175404 338.4841651 R
438.3155875 331.8402707 -130.3911636
-461.6453877 466.3078215 11.89070327
-405.913311 80.46912119 -243.9476449
-362.7336963 385.8980009 -355.765868
-110.5561146 75.82559447 389.934535
466.7605009 222.6567806 -329.4737849
-29.74734691 -251.4931426 -167.1100642
-12.99941119 -135.1637454 450.9679105
427.3551634 -107.7425816 -308.1560743
-447.8644703 -496.2742197 4.554292973
521.152969 381.837498 -74.24923102 R
-219.0546623 -11.85925287 -219.9803474
-41.60421109 134.7198008 183.200672
281.6785423 282.4054133 79.0174425
190.9080469 -392.5553008 139.0447953
-354.5454954 -377.3851808 -113.0961367 R
-7.901205293 -442.7688288 -38.48528986
487.3477182 206.1608483 -401.7763323
-427.4184749 -148.1027087 189.9716137
-508.421278 -453.2654155 502.3494643 R
-160.8399985 547.5452983 110.0046415 R
-520.2562078 78.1623257 154.7296028 R
123.6674405 -45.70132097 -385.8921684
-210.1625359 -443.5961647 270.9407379
-124.8068866 -249.6347636 56.23739404
234.5913295 107.948119 -139.0863773
-346.0651331 406.5524131 49.74139902
338.2628812 383.2787094 -434.7337676 R
27.8811887 -322.4840359 -323.5884436
234.3420577 -349.3678703 310.650736 R
423.4365027 -471.5818481 -259.5154884
-276.1328603 136.1808117 -49.98756137
217.9648082 241.3447758 53.19709638 R
-36.9368185 358.670421 71.57865746
-452.9636041 80.324163 21.55763449 R
-491.1108185 381.800332 -158.429626 R
-164.5850497 509.3944073 153.7359156 R
116.2261585 6.281954957 149.2073045
429.5812767 188.6734892 0.6038635249 R
-503.7122412 204.3490828 274.5130526
281.9534096 -505.1656418 258.8454024 R
485.9139213 446.6987561 116.48568
87.09009661 233.882255 176.0450725
-161.124263 -284.7326058 314.9681621
-135.9309534 -368.155888 -302.5423426
-278.3982068 382.5991053 56.60027286
463.1783406 -381.5152032 20.58196667
-337.0532411 333.8414475 435.3010265
-160.2576713 -84.51153316 445.1401605
415.2016485 148.7882877 -504.9006733
-268.5674257 -411.0119452 113.6678086 R
-221.1079406 -150.5263278 231.8054761
-123.1353466 225.1477017 380.2834208
-369.2996751 -391.2882279 -410.0325464
-241.1828323 220.9840924 453.2005208
289.6304234 -415.2783305 -100.492786 R
-421.7612115 -39.45285479 378.2702275
-477.9229183 -233.5141111 -83.54084854
363.3622763 -313.6806371 220.0341894
132.0059121 157.8001481 -326.1573604
-487.8379187 382.7627285 86.22530052
507.6060538 -459.5917179 -329.0956601
-38.11239871 -163.4288387 -304.0533458
227.8876152 -271.0123034 129.1345743 R
-327.0399592 -354.0831836 -89.28288717
235.7575533 330.6898785 404.5112836
-90.56290223 -466.0919212 164.2118976
-477.7545429 -19.29812189 -430.359416
458.1468975 -79.90167175 161.4665037
81.99065027 498.9067205 -519.8947957 R
426.1499265 104.5380739 252.4806449
194.1487451 -423.3669364 311.3533156 R
146.8206435 -431.985966 -136.8071793 R
393.6426331 -134.7269251 339.9410249
304.9277416 -198.8985471 2.178404726
487.9591548 -61.29436488 445.3383075
-356.7373553 509.1044096 -10.39826811
111.2667091 61.62267242 -68.29636779
-317.4200847 -314.3797674 -448.3147689
-517.7163595 418.4154972 302.990784
241.7109777 -7.817346653 178.710268
276.1191015 -34.46828256 -316.3000009
-232.4669939 -134.4183129 58.69763191
-121.7972904 498.7901536 442.3432755
-207.5811751 136.1345798 62.63057235
94.83499053 349.5797986 265.9748406
379.0479851 -191.4442585 311.7515886
475.4938392 29.19264795 -328.5085116
-45.59628566 -506.165245 301.6369847
229.5206464 430.9096428 86.75583116
-353.3016661 -244.9196196 193.2715307
-192.4392732 -32.27209331 -38.47656716
381.5054742 278.4562363 -285.2252132 R
241.2291273 -360.1707773 467.7076016
-5.31268298 286.9928597 177.9428711
84.45187186 223.9413169 -74.93332301 R
-451.3238068 -112.1272676 -270.0695304
30.32924212 -371.9770744 78.7755337
-197.4763064 -198.7916959 -187.8772834
381.6863358 248.5072766 157.3501296
427.3789948 38.36235713 435.308768
339.9117052 439.2116433 327.1271751
-96.07787716 -495.4654797 221.3028285
60.76049491 267.9258852 -215.3614118
-434.1644263 176.9710494 139.9576851 R
-346.1900118 -493.6419096 494.7293945
-370.0915457 -451.3546015 -376.6164788
93.82622958 -27.66796849 328.5378334 R
178.9917619 113.8958016 -103.6023858
-303.6951171 322.1858866 -4.52707334
404.1944237 -5.140546669 -304.9773738
146.1337102 -363.3015382 -472.212024
160.6120822 -117.547054 284.0057249 R
78.72562249 -124.5614776 -182.441417 R
339.9847003 371.3446345 -288.5034772 R
296.5748988 85.70810932 154.8564528
136.6282564 -490.3888593 351.8320582
364.3651834 -76.70995921 405.4053852
-199.1150982 398.9214039 295.696297
270.7038321 -368.2829228 165.2571722 R
491.5997498 -325.7237567 468.3991624 R
-38.16332012 260.6549505 428.8761389
-265.4562805 376.6806384 522.4075798
418.6481109 340.8651399 -9.469778036 R
437.1707683 48.31210464 383.719039
-304.0584334 298.1300663 358.8457978
209.4984848 140.9489534 -386.5311555 R
-273.0115317 222.6595018 525.8438168
-85.50029581 419.9960461 -365.8128582
-4.643792957 -437.4805633 49.78680712
48.07382077 -244.8164758 5.516073135
-531.9402642 -393.5189827 -228.1213214
-212.5590893 -542.7296768 -423.3586014
374.665989 323.837523 -523.1932668 R
-288.230572 175.1797743 91.25677494
-253.6836193 -496.4632931 -523.2012296 R
366.4667388 -268.830637 18.72962074
409.3328493 51.65916885 -161.1711468
-171.3867905 97.36723112 -392.9898031
451.9054675 75.42051332 -457.706041
-74.19011134 4.482786032 -214.4708586
202.6341763 230.9834296 -359.9834943
362.5823033 355.5379647 -59.13383333 R
-144.0908372 -449.3531886 -267.5658063
-469.5501542 271.2296782 -128.6584398
202.1180502 432.3028089 -312.8248856
117.2835632 410.1473878 -464.5992122 R
366.9619137 111.0180395 -48.5458779 R
-112.2498198 155.128417 336.4814342
-456.03752 537.2147061 21.95616352
-273.8717699 6.592640133 70.74529801
-235.7922415 -142.9524486 -356.2036277
488.0434502 -295.2191691 -163.2466678
-219.0003601 135.8192308 46.86678742
5.980921281 -531.3226562 236.5579108 R
-191.519617 -236.7133015 -246.1952286
-474.4024612 -168.5239062 -54.31545537
-452.0094921 -75.16414281 -2.923240213
257.246138 322.3664535 -303.3379449
-239.8751962 -529.8711686 -357.2301686
289.2919274 -229.6097668 -71.41208674
279.0813796 64.61551358 510.0238167 R
-271.2135232 3.989188573 -293.5532891
-33.42580077 440.9204366 188.5108772
483.5812692 -32.40924334 -257.5759288
-349.0432499 39.62184224 102.7953879
-488.6354438 203.0347352 252.4925341
-505.5184306 -170.6444714 350.5358868
-351.0569232 -196.7872984 -266.8476696
-246.1755013 -27.52449611 276.4739497
198.5848713 275.5523049 13.65838689
-13.8815083 -361.0804835 -272.5672879
107.7830519 -114.0344989 451.7701174
242.5332185 -472.7947739 -277.352149
-162.6514472 -298.4396705 17.73938108
-400.2419587 519.2415668 -413.4671785
-92.89111278 -133.4114765 534.6132247 R
-471.0830842 -461.6205796 -307.2143595 R
202.5136865 -275.9248176 482.739169
-473.2734542 -204.3156647 -131.9455504
368.5614316 -321.5869513 -253.7427799
261.6638507 294.6861447 -64.47369816
-86.00910836 269.9083762 -173.986648
-498.0172554 -265.0266027 -482.2498174
-83.83496056 -83.679885 451.5799078
-108.1342065 231.8704913 -199.8125961
-521.8261758 290.5063757 -15.84261247 R
331.299601 -490.5030566 -135.7549581 R
9.42228955 294.0048607 352.9158625
-96.12976934 483.1230397 -19.35236999
283.8118673 -292.2774394 301.2283528
-504.2161268 -372.8798339 221.1985271
380.9629294 127.9991358 6.766748134 R
-212.4498466 -457.0977356 284.5665961
213.4385103 240.9146226 -143.1707636
-221.6176012 315.6211269 -475.3903453
438.5990659 -476.4337119 476.3795994 R
-69.23552895 -54.67118828 436.8107353
212.6462157 -299.6401442 124.6758655 R
-270.6476426 -497.3181245 445.4602644 R
-469.6850841 -472.9891513 -36.73444327
241.4642772 345.6863489 -362.0414868 R
-85.99688472 -327.3488169 -181.6149773
-231.8169021 -102.1022911 356.7188204
-357.3579751 267.4113503 -397.3193493
-326.5307049 -46.62632602 -144.9489966
-204.6451517 -164.5571344 376.7080807
474.5954308 428.1525183 391.6475372
-190.2617996 177.4897343 -38.97790184
89.39575208 -95.89520288 164.5647659
338.8321244 140.555524 -179.3705365 R
-465.2846675 280.6012669 -45.71646579
509.8573025 -456.7453478 -249.1788434
141.6721358 458.1279989 98.74820379
-399.6372519 -374.526042 119.9310799
233.2466287 -469.4979871 435.4671964
-183.8702005 -103.266953 254.5829303
-128.1327837 -469.7809351 195.8149861
62.33939433 -269.5990509 -142.0779061
-12.15623157 -400.5992211 -51.85629349
-411.174487 409.7738762 -514.6836276
-395.5762533 -199.9895157 -274.1141775
-286.3722784 211.0113206 139.8758221
-446.2400743 259.4093889 -224.8056747
-326.6596686 -199.7490499 531.3515441 R
182.2113318 -462.675659 53.83822394
-217.2225639 -297.3418559 -270.4110608
505.2811326 511.8382697 -286.395221 R
-143.4559603 -19.03810634 478.49691
355.7514276 3.952554318 -460.5957702
201.441569 170.1066587 444.8003242 R
455.1981498 188.6992309 432.9633272 R
-173.6143078 -231.7976326 107.4444055
-163.7620939 112.5140298 474.8205907
479.006843 57.1751127 191.5271349
487.4480311 -352.1069678 -469.7166692 R
62.05974002 -81.18355649 393.4085789
-350.6085786 414.0423902 210.947811 R
163.6492258 153.4714474 172.9178575
514.4007333 26.60378507 415.1183377
430.707381 236.7739291 -22.91651007 R
511.0979174 -61.15676952 -240.8009825 R
-323.5018686 441.2343543 19.98651105
431.8670191 -36.36120637 216.4082165 R
120.9637295 306.3773655 347.3942604
-223.5514004 -380.994373 250.2751709
232.3824017 -103.5447281 -19.03942277
411.4102786 -105.6251489 389.6203202 R
-20.72312086 248.3195537 427.7648119
242.3374497 116.1760104 249.3182147 R
27.3297116 -361.7726193 -21.30396498
333.4595366 -99.78690663 -520.1764463
365.6175199 256.142198 144.5311571
-135.944023 404.0625463 -66.07221608
-35.45007642 532.0440096 -446.2529912 R
16.57085813 251.1625389 409.2609401
307.1034582 -444.1542532 533.7841229 R
316.5423496 249.2635049 -12.24820409 R
30.23021754 490.9589438 -434.1431735 R
132.6740689 -390.7758592 154.6379508 R
307.2684687 528.3457296 -250.8323447
-440.5814563 -163.2548488 173.6192395
-443.6103868 359.3564081 250.7907801
-169.43821 515.8974779 99.82711419 R
-401.2263112 307.9322796 -51.2152626
-50.94857932 -129.286593 511.9639541
32.39867584 -97.46036937 331.304207 R
90.24419878 -58.123873 -16.32941775
267.5659348 346.0138822 372.7114577
-176.3683453 398.2856372 413.3352239
-65.67257803 421.4185343 130.243134
-383.9367793 -479.4489687 -343.219489 R
-495.1389681 -364.0454914 -115.2775493
288.4278311 -480.4403592 -428.1706779
38.30555196 -250.9425121 -22.32603464
509.036541 -53.67340135 508.1943612 R
266.6971323 272.236549 -337.1685551
259.0627901 -359.0500781 179.347641 R
121.5120044 -298.1934505 -451.2113038
241.8761935 -64.46260987 -415.7015047
-482.3416344 -46.47889725 248.9864722
517.3432231 -5.779190622 458.6535085
126.6841125 -145.678157 63.95918138
519.0075766 306.8735091 47.15771198 R
16.75043416 96.16424006 -467.7340893
324.5040617 -270.7216058 -442.630657 R
94.97605463 516.9757998 425.7711851
395.9350619 376.9187253 138.7941685
367.7532587 370.1732456 41.54479377
170.6223379 -400.9919665 -228.7770739
-436.2040962 -0.05275984247 -96.06087655
435.4673401 370.0045766 518.0970222
407.3476215 59.7275901 -489.1121869
183.0567589 202.3540277 -273.1430344
-475.909836 -403.3932191 278.727073
247.7655874 -270.0717019 -174.8725861
-69.39210749 367.0337346 389.3422933
-440.6613359 -20.93662171 167.8475526
75.3423857 531.1378615 214.5809661 R
-61.49368288 95.03234344 -205.9683816
414.2778062 100.7259819 -292.1814304
-145.6759288 -335.5420949 -191.7262073
234.0041735 335.8939592 -126.4142843 R
-193.6503169 -360.2611593 181.3963912
-252.0955502 -34.35678633 245.0417031
-466.1712063 160.9610139 -5.697096831
113.892791 24.74793143 295.1097206
2.244937259 100.7132101 384.1243009
-291.0932882 212.1450606 8.229505032
90.95917262 528.0567844 336.0864289 R
-70.13911643 530.1032424 313.069685
380.3479641 -141.8448188 -172.9966621
72.58633673 -319.8074054 -281.1296591
11.03024828 275.5632924 149.9905346
-404.4120582 178.8956882 -139.6858229
-343.3951198 -75.76502694 -152.7826063
-288.4686838 -259.9408203 -103.4497578 R
124.1436173 152.4138343 -409.8427465 R
47.23978328 54.71188693 185.2666172
-253.5777182 -501.8341399 241.0495451
111.6358745 427.7081442 -479.9751945 R
-64.82094287 5.914061321 -366.5860167
-60.19828271 17.34400581 -462.3725745
273.8546839 47.45298302 -278.4199813
152.0526354 8.739347214 222.0672974
503.3678763 24.65726414 -79.30146854
228.5297845 94.91825976 516.7505421 R
-101.6541539 -355.7702281 -439.7091495 R
254.0643023 120.7729529 -137.1882335
-135.7212336 149.3309946 -126.006372
383.5020574 -237.5006429 -92.65583495
257.85783 -423.4745966 -142.4991603 R
-206.3208057 -56.25535552 308.2610787
-183.421575 115.666152 411.8247484
-490.6681884 359.0203079 118.4831178
-36.66629769 63.85303574 -427.8725426
-0.2138546886 500.4351283 -194.8802545
141.8463856 218.4805808 -317.3809294
6.40252709 -402.6694146 315.0835862
357.8421359 -302.0286471 -91.63443057
-255.7364832 -315.5073049 -392.2016305
-193.3965057 -454.6015094 -376.3091046
-522.0434273 -12.14282077 376.5115151
409.5904955 99.71917407 -259.5955908
-257.2045816 121.4046693 -347.0361145 R
-447.6615267 -400.6502524 -505.398314
176.9161512 150.0729792 -12.80417597
-253.6812491 74.95349879 82.67644023
98.36834806 -473.5213015 45.42090973
257.4148591 116.0840164 88.09662775
325.4706801 -85.56172949 394.4566793
454.2423012 -306.0983708 144.5657415
-286.6167497 26.65995528 -233.2133769
-81.97924588 61.65883457 339.0774756 R
-117.1876079 329.5376558 279.1182982 R
-510.5650094 264.7930933 122.7550942 R
469.6234137 234.9041654 410.2420665
336.1874374 97.66267827 -382.5278065 R
-493.5486631 331.5860723 80.03248921
346.4120442 323.9549699 415.0879469 R
267.6815427 -457.4381986 -2.091552455 R
-405.401817 -499.6913362 379.2040884 R
483.0344481 311.9047023 -29.18686104
35.32459211 164.2275383 -304.9356658
83.47356468 318.1804405 396.7598109
-322.0087519 -294.8696754 -240.6426682
-155.8764893 12.87975789 -487.872143
-10.32721556 -324.9524553 -148.1647287
432.3152994 -50.09320105 -219.2597008
-86.81656893 98.22573031 458.1117814
-137.6635091 192.3098124 133.6875079
62.26490674 -221.2309919 -49.26974179
-301.2605569 -19.33349406 -76.53191089
-507.3754618 318.3293608 159.6970985
-406.2143303 199.7847862 285.3309067
-369.2105579 329.152286 -342.6125615
-454.9590827 -82.29428621 147.4728526 R
174.1475747 380.1648482 375.3785296
518.6419698 108.9175711 423.3312695
-48.8629405 -456.1180035 294.5462551
497.2240877 -94.74130183 409.8163263
364.4747367 -364.423931 -113.0637492
-452.2705699 -515.3833997 484.3995743 R
327.7880196 -199.2917504 -23.0290647
443.3896657 244.537321 78.39258704
-372.6196254 -232.8429117 -83.64010883
-87.63631633 378.9544995 -316.0395126 R
405.9596469 -511.1360322 343.1985207 R
-253.1557935 129.8046985 18.78925416
-311.1034574 -184.7571951 -410.8100652
-225.1174107 -402.83801 -467.3938264
224.776011 -472.1261871 60.63593519
23.67820174 -280.8075159 8.253558177
337.3348951 521.5717515 232.7182781 R
67.10786252 451.9528925 -130.1901298
-366.2674028 -82.64291134 -144.8074435
72.96572478 11.16445959 409.1060519
423.4513204 -390.5739975 65.59019729 R
380.3843238 -238.3781945 -397.2685239
-518.9871742 -394.3912448 -328.2801285 R
-449.9306418 419.8957533 -299.6451408
-337.6487866 -312.0388285 -400.7204068
215.9739567 -445.9109087 438.3331744 R
-439.9327102 464.7392781 379.2857036
-498.422275 161.0926469 503.6480462 R
-24.91511089 -280.440517 443.1384168 R
369.434345 24.21112483 36.35628062
-140.7893945 -473.8879192 -337.5970493 R
141.2637789 -232.1326398 -505.13922 R
-212.5474909 220.2723486 182.8886742
-28.14300807 374.0321115 7.081436821
434.1569464 -136.8744606 -491.9846837
150.3154372 -392.5670869 -14.93454191 R
-320.4389028 453.8757789 447.9763651
164.1197102 -190.6199731 -85.08276694
-310.8648051 86.00726268 125.2503658
375.6776467 202.3729197 310.8417279
-402.8871006 -279.5844966 -146.7542507
-173.4568661 471.2391189 185.5053252
-235.1665856 -478.3470084 1.83909637 R
-329.0487243 517.5435766 -498.5277006
-155.2324552 539.4020822 -171.3741886 R
375.1762018 -353.636787 32.28476624
-53.32985167 375.181844 377.5455442
418.7313254 310.6121546 127.7223581
100.9331115 16.31950479 5.204525481
-459.9050333 -346.0753593 86.21762588
410.0219072 522.4182802 -245.6021719
-398.0270559 382.4006715 -52.72375817
190.2933409 -476.8282619 -402.4750602
-0.5154990763 -318.876695 -280.7308645
-146.9994998 140.5811248 -236.6909836
416.8099147 226.4265746 -460.5860144
-302.4505061 -194.4267024 -166.141945
381.4353723 292.1422145 -374.4937263 R
374.2846676 -510.9981568 217.5968884 R
-269.1588018 -266.4895625 -62.14456821
319.4924026 -35.13111647 -182.8230057 R
-280.6542501 176.0938284 337.9667567
-90.37200962 426.8128828 -285.8326952
294.2777755 222.6345252 -474.881841
61.76884328 -440.9414228 2.962301799
295.7687938 267.725019 374.5251421
415.1463169 -478.36199 278.5846013
-159.2621392 -517.0195577 -217.0618025 R
-199.2928943 -198.0053188 330.29389
-324.4914356 -467.2839683 -18.59120203
165.5026517 -252.8342397 221.8527557 R
368.7397522 302.599793 -421.3220684 R
-88.61662457 113.3889704 505.0020673
-434.6537934 222.4980156 -459.9543701
-499.8981053 -480.3271816 -231.5309903
-545.3130002 -163.9842422 -262.9927948
217.1871575 518.6289594 -427.7228789 R
222.1252021 -385.6476221 47.68837217
66.95414755 150.6574637 -12.10406616
250.2448431 240.1800263 -157.4133523
-111.2211266 363.322964 -18.0624641
-154.8973839 169.6843488 131.1818334
-481.4522689 -266.9083565 509.9107386 R
205.1015211 521.3813276 -280.3944911
175.8409471 164.3430357 520.5799376 R
379.0867967 427.890442 38.06202004
15.69345484 474.0448786 -388.5959501 R
-272.3140048 325.1868961 -59.98431704
215.6181266 -48.34438526 -74.91444639
-342.5729189 453.7482689 -193.2825323
387.9150799 -226.4847415 341.829335
534.3655016 141.5107438 -530.3597037
-264.6415279 -489.9603825 139.7129679 R
-438.0937115 509.9174596 -329.9565184
-169.2947317 -507.6008755 49.57828953
535.998959 -286.026288 -370.7337463 R
26.12346288 189.4776958 28.53533565
302.8215286 -242.137344 442.3966575 R
476.7179369 399.5685468 267.4508706 R
-499.5333375 308.6396944 395.9608706 R
45.92137142 295.8784884 98.87902125 R
214.4053846 -62.41729897 103.2249834
69.9414686 -99.38955124 -472.487585
515.1723582 -208.1794696 -219.900787
-59.05306159 -28.18578853 -370.6344355 R
150.0485908 -83.71599593 388.7712495 R
-436.8328011 268.312721 542.6377056
-189.1816445 -378.7272684 287.0089452
-150.8065394 -239.819429 484.6208908 R
-108.7606022 101.9957688 -355.0329144
519.3167559 486.6734027 -295.3954212
241.66391 -82.3693505 116.9199356
99.83013014 492.39389 265.7353151
-47.37802081 116.6352649 -213.0759703
-475.819505 26.28284354 530.6569111
-349.2954292 -143.3651875 209.2432944
352.6002177 -153.2522549 -364.5861544
-303.3068228 -337.9694942 -83.0928588
481.2579949 -526.0816267 47.10451618 R
344.2032102 499.1629658 381.0521081
-132.3827828 -475.1153815 81.78706589
-25.21488658 397.0043092 195.4185124
234.021953 383.9922414 -21.38279633
280.1823249 -266.5585607 -212.1534953
-412.9378986 -395.1856152 -454.2243416 R
199.5461584 478.7004629 385.6329712 R
-266.2876014 -293.0558136 406.4879131 R
48.00058244 -147.0105129 240.9814134
-360.9187774 -102.5626702 -545.5592305
-21.20804497 11.46203894 -275.708084
-298.2460016 523.7181316 465.5647036
21.01288613 -124.8766119 -82.19120562
-81.07517253 448.450967 -478.3963918
-350.7720395 8.551303581 308.7691011
-159.8042013 495.5184569 539.5585781
-309.6610399 -396.6033195 -147.0438506
-346.9359607 -219.8334282 156.7252936
199.4802363 -444.2455939 170.4581235
125.1338163 55.46777849 185.7838073
-236.3051491 195.700031 277.0797417
-291.8665646 211.549604 -118.7670579 R
353.8620491 45.38261878 151.1458174
342.1161904 380.8228806 507.7000297
331.089515 -36.47656739 -179.9444409
365.1432728 402.8621913 236.886631
-159.6801612 516.6983652 430.8731723
127.5545293 37.62815644 -32.42942818
-14.50041123 65.04448677 -202.4984642
-184.37379 -264.7691452 404.3483708 R
-338.0631845 428.3186679 -352.3345393
13.94928665 195.3471558 512.9486978
439.2778801 2.229414389 -212.4931546
314.6699277 426.8424764 282.7872025
-374.7546666 216.0722928 534.9781131
-457.2225995 -290.2965514 -305.4814529 R
190.2936874 408.7742319 188.331514
-337.0484152 270.5852473 109.0445636
22.30642799 -153.495182 -372.4028567 R
-482.9493802 417.9440371 233.2606013
477.3711055 -205.1934871 -311.8070944
214.5242703 -7.21956039 208.5713094
-164.7770068 156.1456686 -278.6692347
-485.9625947 277.3807712 -50.92115408
237.5810948 -274.0086447 -485.3216303
-40.23745585 132.6354907 -73.035909
-126.8430953 297.4335268 474.4860787
-428.5712123 16.09256604 21.11932161
6.289845576 -190.2672224 506.7015516 R
-90.95801621 282.8792926 39.32066798 R
234.6268975 -105.3560692 -475.0393912
-441.0480644 -363.8273434 -429.2128038
-261.0519491 25.2270636 -182.4391407
-418.6946324 -264.2632475 -140.8281184
-511.5025374 -430.8262314 43.46369216
0.9683144931 -362.5212205 517.5949255 R
366.4033013 160.0199156 -502.1607499
-277.3209149 10.78979261 -290.7615203
-378.4874649 -94.01976104 473.4005293
-282.925913 510.823959 -7.042268812
-27.08903094 357.487586 -356.5703423
-373.5880365 -209.8785979 -28.29274473
174.0304791 104.0749459 491.1455529 R
0.1313836723 519.9379148 112.5021438 R
-475.8207232 27.35056084 -86.25279618
-313.8389789 -448.6427273 175.3291579 R
-195.2771768 -272.343544 -201.57058
464.000158 -493.6724175 -436.3604102
65.66966994 -148.1509562 -11.53134793
60.7058899 -203.4336079 9.762850259
28.86406794 -394.8353751 -173.636321 R
64.39817696 -190.3790504 -541.7061528
115.5762686 292.4176412 -219.1913055
93.52342088 490.0799283 -345.7812994
-194.6333319 262.0011339 132.1605646
406.0454379 -327.5308283 163.0585051
503.4973383 -475.1378301 156.0372354 R
-288.4772042 150.9353822 -509.643497
-118.0440073 163.6406521 -114.1427346
310.2394347 -126.8897997 350.7480958
-368.3573007 -54.70334272 310.467536
264.2634772 -248.0284531 -369.6195803 R
-129.6395853 -82.31887671 459.3936526
33.50473137 16.49313035 -470.0141738
-279.3116417 542.795627 16.36219801
-152.8745407 59.49874476 -70.45443567
-190.3851026 447.1442963 45.17890431
148.6841122 -168.1718163 -150.4403041
362.144565 -220.2930065 -20.05573605
282.0829626 226.6288779 -273.2481716
-183.6608667 -288.6448291 -284.569775
-45.72265984 -333.5839581 274.576937
-490.3055121 -250.831011 226.6364167
-9.877648158 -418.3699064 240.2108433
-253.5034246 413.0159674 -14.1228678
456.8777669 378.2390053 -367.3759076 R
-93.69272025 138.0805892 -419.5683335
81.49458048 146.9522349 -264.6899918 R
-284.8564289 -468.3811019 279.0358427
-295.9730433 436.4808323 -130.0609361 R
-150.2486733 202.6930192 387.9858852
-495.5131931 -458.0924249 353.9299841 R
519.3082512 -40.83505691 -365.7866052 R
106.8331655 426.9583682 171.9055347
24.72457289 492.1496935 -113.6792963
384.6709906 -384.7955633 74.89622424 R
-333.0552467 -454.81115 407.768614
212.8480293 -145.0786839 -136.1256558
211.518791 254.8785302 167.2739018
407.3368212 506.1355098 -164.0501479
214.3323357 275.1424202 354.0518478 R
369.2377414 -167.53372 -449.9802643
430.514912 342.5559127 -256.7121229
331.737148 203.5397321 242.3927555
84.70007831 -355.9807114 -384.2843679 R
356.4220436 -378.0306845 -84.15831884
-471.9594896 75.73032548 151.0136401 R
-51.00096292 -373.4355893 49.16583248
-74.10780407 501.608061 202.7351238
380.6676807 4.53199589 -266.4278521
172.038932 189.1489995 487.1873701 R
-531.3201943 408.3646346 289.3931048
299.5714838 -496.1934759 288.9823254 R
-257.1021445 386.6185373 508.2275888
-395.5871721 -236.7120079 139.5763433
-74.8344912 -386.3766594 216.4557733
56.93517196 -317.5300866 19.3640506
355.4044933 287.5438178 238.5396169
455.1563383 151.2819666 122.5269357
-371.2242591 -200.2998094 -442.0983917
503.8592208 512.550837 -353.7585708
-347.542685 -91.18868331 204.4668672
242.1076077 9.106585045 72.16195713
272.3727842 488.9125569 -386.5029623 R
456.5209531 116.7122244 -401.3152454
418.2714156 454.9991183 284.8306672 R
-332.1311682 255.9164822 78.937459 R
70.45206478 263.7991041 -514.5479416
-4.084939908 -6.745761324 -141.638978 R
290.5254891 525.4038459 -89.8717419
-178.6007505 -417.0276681 -166.9193005
497.9909934 127.1264039 33.50458208 R
-381.1150783 -405.5673927 450.2013842
-77.21453141 373.0337651 493.3920419 R
52.09562613 185.3440772 -472.9868639
-237.8778827 151.7035396 -530.575149
146.4213498 261.6278995 297.1630363
417.9837618 -259.9459396 -417.9384332
-411.4103554 172.32294 -493.3084087
397.7489687 -377.0240318 105.1105114 R
-66.38880225 -527.2418036 -474.2720088 R
-484.6108311 366.8046239 499.1557739 R
125.9493439 154.8498864 283.6753187
1.258859237 -407.7138076 -382.5474678
375.3931206 -254.8613035 98.45792087
297.4483508 326.5391516 -290.5132757 R
316.7173052 -179.7407585 -440.2579014
-115.5701178 -15.42905257 505.7100534
301.4045785 -498.303859 -88.38144871 R
-404.0176312 297.7049602 1.827687848
-77.8823211 483.3755945 493.5273792 R
-53.68185739 -363.4413464 -110.3591453
349.7090169 -155.874872 -424.8384821
64.30586974 -89.61110759 30.62813933
-548.8719394 -6.680020734 219.8011177
-155.0370575 -72.4708354 322.9012493
-412.1576863 -139.8007044 469.2488146
-412.4406779 -163.4719087 -280.8714032
197.7011152 159.3809106 136.273618
-78.28778011 -388.1800573 -367.5307898
543.2564445 -278.562062 181.7442328 R
-359.7122992 410.0960575 -113.5318165
464.7836308 156.2904889 520.9247252 R
-377.7744695 75.24045768 144.1841971
-72.37047193 -66.2277842 -212.0326471
-11.64991988 184.8543209 -396.4654956
320.0540542 -431.6580744 -490.662931
221.139519 438.4961473 218.7440217
-281.938636 50.2307819 291.4427712
88.37132331 308.5695582 -389.3618988 R
197.5327255 445.0451808 319.3886688
-225.3150325 -186.0240882 81.3644231
-344.7549785 -112.3925989 10.64152681
-457.4281798 -370.6920777 325.5260239
87.51304843 2.571083461 -347.2516472
-194.329934 -313.3753102 -219.5254823
140.6553992 -192.3656044 -9.502212481
-122.5910071 -461.9714856 -413.1664888
-126.4946592 509.1746725 51.98581436 R
-372.5276565 -6.453818517 -61.94094345
486.984944 120.3654155 -495.9431945
447.566839 -173.7077329 358.8877214
353.2312074 455.9285514 214.7193218
391.6548326 -334.5986358 -154.8429988
-223.9010931 342.6047866 113.2050975
84.1100798 420.8278296 385.1429781
-3.389446077 -150.3426653 201.2257234
-173.8300464 -48.63592804 -58.59657367
227.0526469 423.1217141 269.4362336
-166.9013426 -391.3618515 316.3545228
473.8490556 75.76447383 -333.5553258
-56.81227785 -153.4272703 -541.4506474 R
-11.33959882 -201.4132499 -226.4410497
-395.05535 -24.27809664 -98.1520241
359.2744517 -103.7166353 -379.3046632
-526.4253963 -20.13903817 -460.6447442 R
-161.7749241 325.4280905 273.5256507 R
36.03819786 -107.7162679 -470.9288925
-489.6706759 -273.7398523 517.247691 R
-423.3469057 450.3979499 367.9526105
-514.0307084 -158.1118001 -77.76591824
-244.6505839 -490.0477376 -319.8584888
-228.2840269 -156.7672539 -380.3816131
-146.7792918 275.4406108 435.112579
224.6025251 57.86795424 336.0255677
-488.7214332 -539.4526419 -170.1650742
-284.671515 488.0386816 473.107345
-491.1472086 464.5722125 -215.0285103
202.4524518 245.6370914 400.9688061
-391.0509487 -274.9091015 255.6827849
-131.7391085 383.645758 215.3507009 R
362.8478438 -357.6978832 -223.7859105
-528.3854348 -358.1163968 390.9563859
526.8346856 350.3042088 -317.2026056 R
-374.5732353 384.0187451 119.3028365
36.22280119 -222.5961857 -10.15576691
29.35289717 2.297124528 318.6324273
-282.6952108 -357.3006883 -18.54936828 R
-257.7783355 408.9157315 -420.9482412
-513.640101 502.0334784 335.3024137 R
-529.058599 -259.3816222 -45.39051417 R
-286.0233161 389.2224033 -394.767123
89.76102143 -322.639364 -257.6631125
468.1471873 -499.2905327 226.8642157 R
278.850164 143.59992 -547.1876295 R
5.194122464 395.209528 56.05347893
92.52651006 -545.8329609 410.7978331
494.2936744 44.49027872 35.89708092
180.5331041 162.7127534 -323.04982
69.8339427 -380.4874866 60.77503688
-191.0864511 110.1504361 315.7818814
40.69547833 196.1373729 164.0551789
111.4761094 298.9528589 38.9441536
488.1503269 -271.8938593 -101.6871486
337.0598126 -236.7768254 215.9183092
-373.3457626 -491.0940466 -0.1502828721
-101.4763322 111.1804532 169.2389777
-46.20651865 -81.93769329 466.6776446
415.7412819 -389.8397222 -271.5776906
-49.09566561 375.4754794 156.5848004
-94.89573989 -4.750471873 18.87996181
-55.56959002 -495.3377776 -55.79392129
-389.4439866 -467.9495044 -394.3716331
501.5821008 -300.5444615 -235.5692289 R
-45.4245868 22.36733903 419.9123741
120.4573308 325.8952493 -172.29542
-431.2693086 18.58913837 -371.0753694
-96.42052057 -361.7604936 -354.0508401
-499.0567677 436.2211134 79.2596965 R
214.345784 -455.7931449 517.9726876
495.547439 457.0366295 183.6609181
-96.05290094 493.6576505 -546.0299022 R
-312.3288524 -415.1663125 -468.2438002
-431.4547283 71.8056765 -543.919526 R
207.016414 324.556014 523.5649719 R
187.3332621 -211.2606265 -167.7411249
245.6623649 -462.6912941 -101.2203547 R
-84.22795926 314.5392 124.2677341
439.0686318 -434.5089439 -496.4380145
372.1141566 261.3658656 61.49974573
129.1321254 170.1546253 30.95720752
-170.9789632 -529.0112792 373.3906949
110.4586347 -319.3753989 -486.3989946
-387.751957 502.748036 -238.5035068 R
-513.3623285 -298.03035 -384.2546494 R
70.93903755 -481.5021044 -32.36565459 R
351.876684 -53.12439474 -460.7062859
-203.4189765 -209.0606334 521.1521017 R
-362.3514085 401.1921106 -220.5227736
234.0943504 242.3478427 -378.2141583
-351.0807659 18.37165125 98.36833785
410.6427276 -61.70625083 -316.5063702
517.1263058 -141.7738305 -546.1751481 R
-200.5746534 137.8423408 -450.0015522
-250.1884943 253.5444895 -499.7756946
-157.5665374 -396.4792681 347.8248971
-313.8379625 241.4962675 -98.47387108
242.4070413 369.664193 228.581725 R
-487.3249022 237.1810519 -259.7872995 R
-239.6729063 -376.6240475 440.6012985 R
-442.6167572 528.7133372 12.77969817
-194.8563551 -303.421554 -28.30199926
283.6200718 487.6213381 -102.2032563
432.9893317 -153.4754005 -165.5419902
378.3042375 -212.4712818 437.3742645
-38.33514495 -204.5100544 132.7359696
386.6323897 -360.3385269 515.3599143 R
-302.4087699 -173.6263983 144.3371148
328.1647993 70.42335316 507.9588857 R
-79.28311385 110.1803508 -3.449425132 R
-45.87128741 419.6677286 524.4633577 R
520.3404605 473.3360507 290.8063449 R
351.3684323 229.3287373 308.2541442
215.4150732 -368.0625977 112.0494101 R
-40.65830261 512.8245157 53.99270109
523.2373423 -488.2739526 164.7747415 R
-357.1987107 -457.0019923 221.1591357
389.8490964 48.11134994 -127.621593
377.4304356 501.6545743 400.057093
521.5741129 -131.2311146 174.0344242
-528.051079 -447.2920459 334.7015422
-61.30763754 453.1758055 -492.6790558
-367.9256021 493.0344759 382.442753
214.1214243 379.44708 40.73230048
-253.5662139 -351.7786054 410.1527829 R
6.083286538 -39.47571191 -198.1231356
-368.2518259 156.9623514 92.59719641
206.7327628 157.4313273 -162.5630748
-439.0480638 369.675377 -388.3584367
-341.1448175 -482.201247 -297.1987985
-217.7228585 -63.01027509 68.29678256
248.8238926 46.65899807 -81.85725601 R
-433.4345211 -275.666556 -399.4652183 R
-402.3855333 -293.1991444 -111.7563433
-371.6740825 -261.9281787 145.2736664
487.9661149 45.65373093 166.16006
356.1189954 179.27602 -500.2584465
489.875606 -15.87177572 445.0439078
-465.7332475 -209.0134193 -358.9159116
-189.8127296 -415.5923831 184.4864207
119.1703909 -27.37455184 -87.88046708
443.4113774 257.1945187 -89.39180898 R
504.3310052 54.28789629 -450.2436147
-477.7766696 279.3812113 77.65641227
-326.293814 431.1277936 211.1526014 R
290.0904863 268.7011901 359.5641351
413.7204268 254.964178 135.0461323
-32.79774929 -55.71778907 47.10865398
-94.99328489 -55.9464109 331.2859682
-161.5941518 427.4611115 468.5410228
-391.470311 267.5359121 -59.14167261
348.9035311 151.810367 94.74277597 R
284.4566421 -45.94292818 73.17010663 R
-521.9928215 -443.7140636 -427.0135084 R
33.78338892 178.2503282 492.1554409
-73.7554261 -36.58290874 89.57853698 R
303.4610262 332.0005317 78.39032147
-456.9934698 175.6909125 20.63291994
430.041318 413.5156796 490.2536361
-522.3338499 493.6669002 -160.2731551 R
-490.7838409 253.8529223 271.8753599
-217.0320522 536.9395666 -316.3785311
-2.51274494 51.72226499 128.8272752
-127.5210747 -190.1359814 -18.21504324
342.2627089 503.7653555 -10.85754316
-404.8826955 49.53118877 -247.2064489
-497.2883991 242.7394354 -412.2941168
-70.23172372 375.2318234 362.8832843
-498.1719933 228.0393877 -414.5735836
28.23509281 -276.0757887 -58.63104819
-319.6050841 -243.8206281 149.9496167
425.9323158 -112.0996237 531.2117841
251.3128358 -498.0937294 118.4551803 R
401.2119906 -355.0987931 197.4247883
-225.1951738 -390.2284194 229.8628815
-153.6560246 -67.82532302 38.9787395
-477.137587 455.4283128 72.68789683 R
-237.6475681 180.1402545 470.4270384
-482.9026823 -421.2850104 -277.7613639 R
437.8769173 318.9132309 -438.8670716 R
-136.207118 26.98516656 526.7302645 R
420.7967281 10.92268652 -233.6816679
-107.4439254 -203.4614117 -241.2854478
505.8753913 -476.8985194 -300.9564684
-409.0381609 503.2175618 209.4336898 R
-90.2458157 -444.8026961 -103.9585964
503.7368324 409.1706082 -188.4435084
-27.01794585 -194.3550447 319.1489907 R
21.65689803 -22.11084551 -422.661566
330.1685171 -211.9899411 -418.7349319
309.0585239 35.32012252 428.2047177
481.4201368 108.741913 -543.8422615
-490.4004705 -234.4487489 -147.519336
82.34468959 -180.7572476 -295.5687004 R
-81.73072047 497.6974106 -184.8228914
511.4715886 106.3626071 -62.10902207 R
67.08433673 -3.888723299 221.0338443 R
266.3504339 450.0292778 454.4643827
-307.4633588 362.8564997 256.9272373
-75.17616194 -121.5448265 -323.0200836
422.4170542 82.35187166 -95.21699728
158.061387 -175.4058347 453.5066886 R
-456.3611224 -2.968354087 -417.3635487
-479.1608176 -42.4959912 -493.2738466 R
-477.0378467 -97.13246893 252.9752939
103.0281521 478.399111 -12.39987672 R
251.8506569 191.1438453 155.2389134 R
298.1580917 314.7837376 -27.87274951
325.7728307 -97.462762 -14.85572345 R
-438.0693748 -264.3531838 -247.226241
354.51118 -330.2856486 334.7292799
-121.4499506 491.3022011 293.0312796
-319.3737844 469.2374634 -103.0065655
538.6895489 420.4488804 -541.5015998 R
294.5989272 -519.243345 313.5220993 R
-358.2381263 389.4379459 -249.9754297
496.8525182 259.4280386 10.78601827
-20.73440507 516.8703896 273.4804911
-356.9406215 357.4464795 -445.7617476
-182.1837358 394.7490647 24.58697034
-72.5024678 -186.8752366 -254.7669112
-363.771018 -79.40287911 67.94098403
364.0252298 -45.80905649 -528.9906404
-60.17314138 -345.2657358 137.8852106
325.7596108 -496.9477301 -360.3979101
410.8976606 186.6551733 -495.1218223
375.0432878 -489.4121358 373.3298442 R
-412.3261981 481.7355404 -396.7189031
-510.7529686 509.4571954 -182.7988103
-105.0645227 -323.2823566 406.812795 R
-119.6607986 186.5234772 102.6205325
282.1750953 -171.7788213 -319.2208465 R
-442.9446462 228.7537315 345.0898303
496.1330138 -138.4891374 416.6167456 R
-350.8862093 -65.97244648 -69.16513404
206.9152013 -136.0415797 -177.7473862
489.6614149 520.3694984 -273.8080518 R
80.1939966 43.33152441 -416.4817279
449.4702632 -188.7803533 36.79234747 R
-392.9488941 -415.9943397 -11.44426686
-86.4154441 29.58409543 107.8793747
167.3618481 403.4372232 -26.11521013
12.88428548 36.19813201 485.0949838
-120.2701805 -117.9488363 80.04077754
-16.2340565 -350.3621203 358.4871473 R
425.4794854 -415.4447077 -31.2465834
-193.1656484 122.414382 -350.5803
499.7766568 125.4964567 101.1290188
223.7096608 43.9024071 195.1057471
-234.8307494 215.442075 191.7460671
488.2664354 11.75774178 471.9061346
181.0656535 99.12799861 -189.633413
263.8891671 89.98475589 365.0894861 R
-431.6454367 75.91011916 -219.4768946
335.2691137 -500.4961541 372.8853479 R
-20.2351239 -472.5394512 33.00255699
-192.3349689 -402.3936816 218.8653043
-53.34054026 -215.0947802 249.8483829 R
385.5322353 -299.66015 222.7887069
437.6006006 -537.5922402 -92.46346015
97.32074056 269.5119426 -55.75284841 R
200.522487 110.4590675 368.7414433 R
-254.6088293 -331.4624423 112.9687378
-215.4359301 402.9357249 479.2858657
-101.0821998 367.1327516 -239.4120147
504.0360412 256.0031077 -471.3689821 R
-21.0449383 -444.3441435 518.3829327 R
-430.1870005 91.45928413 -460.8827068
309.6442365 -302.9856163 318.8383621
-159.8043148 488.4872871 -67.67448639
164.8876392 528.0350198 -423.458455 R
31.78169166 -69.04681313 -75.07275412
166.6739769 -406.3257345 -248.4094405
-314.8089127 15.22679631 10.60063624
152.4687543 -211.944114 -226.9826897 R
-153.446714 12.70290719 -15.75525047
-484.6787605 -372.3405174 316.9038575
-236.337705 484.2589018 -192.0910602 R
-466.0634184 -24.15830433 349.4368607
94.65012232 322.9883772 -17.34867626
167.5970548 -245.4604074 -103.5708108
468.4585678 -84.97420271 -296.232371
-499.2676729 -250.2345192 127.3471237 R
-499.5888735 299.015794 330.5705179 R
126.9138429 306.7404839 -313.4557523
202.9187031 -433.5803268 -486.3270515
239.7416598 426.0657158 478.6224498
441.0634534 -26.81912544 304.2141367
-461.0220882 -454.6398166 496.1552313 R
-435.4975699 -388.4333298 361.5021275
-106.5593433 -111.6471325 238.9446076
-157.232937 162.2250691 258.5249446
315.7562379 521.8799241 -287.5102861
-288.5694162 -92.35678641 -102.7048893
-167.6925131 323.1447391 278.1996461 R
-437.4786974 82.9864556 385.4229827
-407.2411113 -481.9203241 -458.401636
-16.1717274 282.5700073 -319.6277239
329.245645 21.9926443 106.484591
-223.8492085 -61.25854056 -465.0603233 R
-4.643730109 215.764974 342.7444288
-416.3913355 508.4478473 72.47141774 R
-386.5441537 -379.2297189 25.93861671
127.8190905 380.9757414 306.2836011
-122.4662535 243.5176769 161.7747466
336.734386 -498.7613816 -93.88626932 R
105.0248458 414.3269526 147.4967635
448.7702356 -87.43925757 73.106116
210.3871379 169.7182705 128.8524901
-360.7181809 147.229947 114.8603319
-2.144895619 -49.88773697 81.25659658
-55.73529524 76.80593093 -522.5014497
-138.8316099 -325.4458464 -74.54765765
444.3657933 -127.2148606 440.9701958
358.4602871 352.1029066 174.9558828
-58.74696102 298.9145703 -131.4476453
-71.42500117 142.9133767 249.3536669
197.5280305 -44.371674 -15.44312546
410.6655881 -309.6885202 113.2061389
470.5937494 -270.7779383 -231.5471951 R
27.00631548 -361.8004475 -71.72965406
-458.2196485 275.3654573 236.7493314
353.1728289 436.729728 147.3662923
177.8162373 501.6913158 -409.4000092 R
-309.0861528 -272.0645556 96.87495929
-378.0487164 -429.2595145 -71.9246842
268.1412773 300.9758051 444.9785411
401.2215555 -217.1888346 -114.3813487
51.21422343 -290.030506 -397.5865784
43.47109652 136.7115352 -319.5295371
-206.9822184 -287.1124386 426.5478287 R
76.54921254 443.2895116 -148.1077047
-490.0763616 290.6488057 333.1080905 R
-165.5685038 -426.3156138 294.74124
178.5741795 -510.8310443 -239.25188 R
459.8382945 194.1492623 83.9384027
318.1679754 9.498125264 -326.1323235
-185.8688947 -383.7925601 118.4655506
156.3277582 -178.5794893 -427.0702148
-383.789717 184.0565047 233.1155288
157.1672917 -204.5221323 -63.65702247
84.33583035 82.82778641 -408.0530263
89.59235216 -380.3752745 -506.2394287 R
274.3258971 461.0942461 -36.66834017
-91.78176775 -419.4803494 19.71247691 R
-425.7139722 -192.8494473 -224.7447987
171.6287775 -398.9909251 300.4171734
-195.8541567 -385.6234554 -170.018627
-308.0677307 171.0020884 -441.4252831 R
-59.55280084 -390.9077146 445.0708079 R
-70.59988914 311.1829536 196.8193721
164.5662771 354.0411955 -106.3040228
501.1560909 252.9038015 431.0750391 R
327.4528804 13.99938716 -216.0176413
499.1724424 50.68508654 146.5590744
-498.3464005 503.0481294 -342.3000713 R
-350.8932104 467.6453697 18.08560903
217.9119422 136.3672959 -61.87721264
316.2018521 240.1542965 124.1371477
286.6752697 371.1984599 109.225997
-291.1577754 162.442254 319.8310039
-54.84205962 234.1242666 181.8834834
-515.3964005 -136.6085077 450.9858479 R
-136.7754671 12.04115526 -53.71458641
480.6536472 -516.1690316 452.9331636 R
-444.7562739 371.747444 229.5030153
-3.548823597 -35.55580375 312.2997949 R
-207.7319069 -221.8040309 132.2564461
145.3730629 417.5519357 140.0976245
86.06094911 -518.4964318 -274.2978175
-91.14551095 22.85153275 97.88003231
-46.50047869 -87.33373381 512.9818083
472.0920508 457.226608 -379.5873701
-195.9568169 437.3194669 -164.0877586 R
329.1325574 -445.4451802 -340.2959062
-269.2868227 -241.4747299 329.2939148
480.9615158 -80.57464988 168.0441729
-59.3552256 88.910207 -430.6701158
105.8582282 -245.9014802 384.0833415 R
-466.4702616 -154.2237756 -374.6187822
290.9286722 -516.5938149 -309.5484456 R
-42.70469119 -455.8437143 -71.78428615
-494.1787772 -430.5137381 15.57329708
-183.5358241 1.293658021 55.47043069
-177.1807375 -176.7495164 -222.4379524
52.10084059 -379.5420788 -442.4085642 R
-425.5816181 230.5800489 261.3209227
-112.1123353 -116.0662149 376.2728081 R
269.9314719 253.9028387 -421.7258106
0.3482847105 -139.7117321 -84.47287481
162.881677 249.8123282 -515.6246373
-501.4387993 128.8113036 -283.8977151
217.1278383 45.51890556 -522.7520768
-115.1787079 -339.2024426 527.2340564 R
257.7653288 -318.0791476 416.7279497 R
-425.6320429 -425.4178975 226.3040083
-405.9296798 461.8712437 -258.4859562
30.02004419 -221.245168 -491.0462182
-342.6114991 -211.6557473 413.2398719
-166.4844119 -331.8663129 395.4517175 R
-185.0575285 211.174373 393.4818301
-512.7969774 -425.6015284 -515.0641626 R
-288.5722759 -226.4942845 -505.7912896 R
131.1458942 415.0041755 74.18522959
-270.9080916 84.47042399 68.54979947
-516.0154788 414.361029 -77.10317653 R
503.5101375 -245.0081187 197.971449
7.592238387 -218.2979858 232.2030077
-103.008272 186.9292582 261.7341834
148.1400722 383.0445861 -163.9804033
318.0948801 -128.5970273 198.5341563
407.8630675 258.2043316 144.4134878
-212.6920674 -11.27134684 495.8258416
504.1274025 305.3355306 342.3918653 R
414.8741376 183.2648157 57.7816107 R
232.562458 253.0424107 -379.0133493
102.3427862 88.18851239 489.4536431
538.4853041 -522.797782 64.26679986 R
246.4467865 445.1190201 -86.23967607
-346.8406286 64.03547784 -51.23798328 R
487.5764387 92.97389967 -366.8049121
472.1966857 221.4109733 -284.466794
297.8059816 536.524649 357.1592799 R
116.438576 -313.7883182 -6.345550702
-226.323266 -395.5115389 -257.2401446
450.6072614 -28.89369872 10.88144171
-299.4391773 139.2590533 -280.9191859 R
-529.4415235 -218.3617037 -443.8270653 R
-166.387149 159.7886168 445.3569508
278.4037764 -238.8464893 -469.6354569
64.29695832 320.9165475 11.69319715
-178.8870436 -133.9980304 -25.00594372
-232.2732942 -358.1946844 517.1010986 R
330.5409893 267.992416 291.9959972 R
289.2720465 -392.8530402 154.4740922 R
-148.6089586 -145.4768489 -249.0022301 R
453.8893232 282.1637407 -219.6847467
-427.5276009 0.5611666687 325.9130905
380.0778979 -143.8261958 -42.5601755
364.3836346 52.73566405 487.10293
179.1674751 -459.5711233 84.02622642
-287.8247417 189.2994052 481.6968228
243.2179343 449.0250252 271.1058445
446.6352481 493.2670216 373.1015501
412.0973341 17.26498089 514.935857 R
-84.30421742 222.7113834 309.687902
201.0688778 -514.5288291 167.0193076
-351.2959814 373.8646086 59.1264788
-122.0972939 -59.14206789 323.7256656
441.7446888 -392.7527989 -153.0503815
-366.807842 -135.5196161 -238.4563599
96.87375489 410.0924706 191.6490007
-501.2170254 -382.075379 418.0850601
206.3593969 74.32880725 69.06352303
155.0277053 -471.3201155 -180.2271676
456.2057221 -449.5147241 451.8097592 R
-394.3859101 -490.2956333 431.2211739
-370.0636569 77.59933257 -152.5308761
-195.7707437 23.39552777 -510.1405915
-141.3307826 55.39427743 365.9174748
403.8045423 441.0987892 143.1495602
493.1699115 -1.236110444 -429.5601878
147.2352799 -264.3549604 49.68344762
-515.0312148 -276.2044912 -107.1067259
542.6043852 322.175976 135.7405422 R
-206.0356815 217.1184885 270.2582197
-122.0094691 524.339059 -202.9470027 R
-9.06485617 -486.0693209 130.5572966
170.7415599 -334.1982033 -489.6850238
179.4269026 -517.2058294 -413.7688408
506.2972642 184.6342525 273.1889092 R
404.537162 -277.9444387 -211.6971527 R
-163.7513556 -235.9139615 -216.3577313
249.5027352 -456.5165487 233.715306 R
145.817826 3.97953854 154.9989591
-432.5871615 -235.1947034 -284.8850907
-405.8151071 -175.6628791 -482.4237744
-64.98685211 -215.1490069 -299.4008046
362.5524398 36.16524575 -403.8351876
67.99311612 -182.9637234 -38.52362491
-331.5732314 495.794811 109.0076811 R
324.6533278 -0.8364644722 130.4199213
320.1700035 -22.4920068 188.0162765
243.1760646 -32.43295567 -336.8477609
-35.53849581 517.4109098 49.48669015
21.60987881 -195.0818821 -363.9959583 R
-478.9187595 -53.42464748 530.1491182 R
-195.6605861 -254.2778146 104.2854713
-333.1132783 379.1679261 329.9040507 R
-389.9835196 115.4062893 -143.8515454
-514.466095 49.51754349 232.3542515
-268.5296573 338.0695845 371.0015857
-155.8491038 -483.5111055 526.571369 R
391.706737 43.90979945 53.38154572
403.2261404 -77.55700769 -177.9104243
36.75254473 -10.16039911 248.5478322 R
-13.28205484 70.67018553 -459.0734499
200.0085482 368.5105231 -51.43037424
-27.23497262 -340.262156 -89.26519557
474.9395205 -19.91282406 20.06572005
-255.6962588 431.1435216 -230.9043168
133.5581559 232.6871535 -421.3286013
-229.508024 -532.9541231 391.6251636 R
-509.8474212 285.7110628 429.3250023 R
306.0942192 303.1603091 -428.9080898 R
155.5656922 167.2059748 -427.2920839 R
256.3541261 540.1663216 -55.35981047
-114.2660698 197.1002849 -208.8795964
380.8731961 -162.8507985 -530.8814241
-377.7573239 6.92997117 19.25150628
108.6435028 -430.3878971 414.3775556 R
75.26726041 -24.54198729 -408.0195715
-388.7948729 -133.5485593 -271.9344772
-140.9362692 -455.3251052 63.52718202
482.3116263 -215.277161 287.912763 R
-356.1991326 154.0179451 -235.4238722
-36.75218775 47.70476288 521.2994165
-129.5313148 -175.9707785 307.3984903
-28.87582835 39.11269322 -473.4060688
-327.3748708 -396.1897444 -273.2088195
86.70556549 -261.2504852 174.4939279 R
456.1925291 15.36948074 338.9708354
-141.8052977 526.8881982 185.2924508
-255.9298279 254.5390558 -279.2610917
465.4289899 81.21233016 340.6914817
23.68719871 -495.828159 -350.8900515
360.6023731 519.3763644 194.520793
308.6631102 -76.08365629 -500.6813643
-14.96539271 -535.8704111 -294.28342 R
269.5043938 422.0852984 -257.5624537
-124.0471178 -56.34433252 -240.3864742
-160.8675082 467.2594993 -371.6477346
97.72779797 -509.8996524 -197.5904495
-20.96283387 386.657974 -20.63886711
459.7308303 -462.4173132 -99.85533243
237.076334 -456.7700781 -395.3817242
-402.8528477 -282.7138997 188.5168158
-68.64518583 141.7453149 -418.122306
319.9803595 -248.4293406 -84.72505177
216.6286292 425.4991245 53.13078946
0.9105812202 338.9668389 236.2397999
94.77814057 403.1889344 481.7332655 R
-480.1144508 242.6984291 49.56686438
-249.0391653 479.6386623 -317.0195812
-508.061138 -100.0719501 -236.0589024 R
106.9799216 -42.05444139 -63.6739732
108.3657511 210.6680765 -233.0464651
-179.8609075 -296.2541511 337.1425292
-303.6279183 147.4249551 -202.1278506
319.2566656 -322.7931006 510.3914529
89.91160531 -68.73562639 -75.88826319
-257.0295555 58.43019991 128.9737348
441.5092621 457.629619 168.5646829
-28.64668617 492.8699582 500.5938195 R
-332.6445531 99.01472739 196.1733114
377.4526477 -388.2818752 -479.5012245 R
337.0148303 473.9041211 -313.0233871
-530.2434986 385.561686 -241.0962079 R
496.3185434 -405.407575 -147.1833204
410.7451398 -479.6562016 376.2350847 R
5.175947053 254.1469749 269.4741746 R
-139.7174884 -395.366396 119.5694765
35.25846227 -248.8595458 311.343292
455.0198325 173.2182815 136.6941191
-93.85038503 8.455630798 231.4111414 R
429.5968138 -268.4118127 -315.4463305
88.85382416 -370.5753644 -334.6284382 R
-475.434534 402.2588062 -514.9642178
55.85122823 488.1350697 -193.0151882
423.6300638 -68.23400215 -409.2209849
-139.166051 437.8054287 491.3321702
-15.33461145 -289.8707602 104.6832397
220.9287764 426.5562114 -169.0417567
-106.7535996 -328.0988155 167.3797569
442.7745006 116.7415916 416.1585941
236.9504325 76.31151628 152.5220227
-225.1065516 246.6815727 140.3976734
150.0686012 417.3298841 106.6472582
-211.7344594 413.2846636 171.5947208
115.2597858 -296.0595216 61.89075346
-423.3324415 -60.01100276 387.7910698
459.7111322 213.4686537 -72.63124722 R
-378.6682103 -220.9110343 -399.073577
316.0974086 -70.397403 -65.95586882 R
-379.921827 -464.2110996 -523.1563275
55.70518878 519.7424215 204.1138888
-311.5894698 -258.6677196 422.6812032 R
51.61299492 185.051734 -442.2248739
-322.4165178 -140.7050213 -93.93802548
-529.5362131 503.6973884 89.43849353 R
-471.2245026 429.1432034 445.0512215
-10.13922196 -537.3236608 130.6424081
-35.86066463 148.4317344 -203.0775491
158.7273553 159.5518547 -189.0991264
353.2273944 245.6523633 -112.3435947
-156.5503134 -382.6496141 -510.9269163
214.1985063 -71.00799881 -318.9705794
-456.1737301 152.3738208 -367.0690004
523.6199788 308.0593465 -307.8170451 R
-454.1395695 61.20501727 438.9767407
219.8430215 -398.5816028 -275.7280475
-253.1175676 -265.0784166 484.5075769 R
453.8859744 -452.2905034 -304.5688511
-188.9108149 253.6130831 55.05214431
-56.1916657 -213.519276 432.1993876 R
-382.2202054 -455.6257032 432.0178314
-410.4516976 532.2807051 457.8023324
-517.8544379 444.1695053 371.019089 R
111.1817765 7.841135616 528.9299917
-44.63017061 -15.63981238 -256.6898019
14.83058653 -453.981972 -78.40744305
301.0724402 -179.2302498 -127.9784594
477.7702651 189.8322709 -470.8121678
-29.10357966 500.5728657 -276.663023
524.4364542 482.5396974 448.1767634
36.90380298 461.2295695 -252.1580744
-331.8984574 252.7403327 -485.6237171
37.75442341 -241.3106519 308.7228604
-433.1779858 471.0147896 -482.6880299
78.26613227 96.42500533 88.65514159
-281.6164845 -111.7491368 -38.35311365
-146.9167055 -122.0307242 361.7061469
363.0388541 -456.1538704 195.0210209 R
-406.8566383 -410.6400021 470.6903771
17.73157631 288.5476274 -136.1436028
-109.9327045 -44.21939875 -495.8977083
-178.8090443 373.168775 -445.4243894
-74.64317227 -345.3894665 -495.1431293 R
138.3273574 388.0981607 -340.305188
-186.2931705 381.6119091 22.52980356
15.82939118 -121.1921297 156.2807415
-434.7060759 91.87545692 -417.0858444
188.6630207 400.8837669 314.1297276
-139.5489687 -62.53098349 279.160416
505.764287 3.777008868 413.7046773
-304.0711874 -378.453978 -76.32239635
-499.7711271 -423.3191248 197.6734832
318.7968786 -347.9833676 -333.8896723 R
-232.261386 -286.4271414 -195.5571258
-16.88569629 -328.2984577 -431.5198138
128.9191881 396.7763542 37.80339702
-63.13036344 -354.6837163 150.0813148
29.45304032 341.5844116 -326.6567036
-336.1163524 -349.1765388 -490.102372 R
-166.5677895 471.553345 444.1036617
-183.0932943 -494.5999735 -178.5338551 R
401.1226697 -81.81632663 -448.3371609
-235.9891277 -284.8213935 -50.65908322
234.8108699 -33.98048167 229.7011206
-486.6684025 71.28032261 -464.7268499
-513.7825706 -380.5400292 298.7852765
-87.67677961 426.7562054 123.8899536
183.1986591 -127.740896 -380.8953262
227.7984023 421.1120098 -112.3209569
-133.2397477 -473.0107241 -70.83868689 R
112.4166076 432.0032875 -460.6166953 R
-200.6455002 190.557348 165.3072301
448.2460668 275.185422 -96.79654692 R
383.0564265 -19.44886419 -291.4935295
253.2827188 10.04987539 113.2521201
-160.571102 -3.817122033 -281.0760107
-75.94032577 -414.2512243 47.58786088
-215.1513327 -304.4603659 459.6367866 R
-442.6805729 150.0733591 524.4353579 R
-83.48481325 94.37586932 -385.6385749
161.0102405 406.3466664 368.0078219
-113.378426 -145.6554937 -26.7240563
-208.8191397 -388.9239787 -252.2850147
14.88849915 78.63318391 -368.9772228 R
-269.0990876 -278.249147 -389.4690808
108.510669 279.7127454 164.0240744
-382.9251465 -196.1941632 -521.1889224 R
438.2260385 413.3076794 147.8577187
20.20209288 540.1272898 -393.2216602 R
-305.3818771 -241.6559948 -221.2021259 R
-141.2401951 -268.7718081 -27.75755065
-62.95661167 -328.6901209 19.66872903 R
49.6381783 444.2463304 346.4943014
513.2958077 274.2976007 -275.4957545
-376.272924 501.1809318 -438.847328
239.7818932 125.1536539 481.2601644
-172.2688989 393.3543498 464.9548022
-118.5836358 -490.9734492 -354.063575 R
-440.5910132 480.4130126 -256.2823271
476.9820916 -461.0717655 -246.861029
-500.5482271 517.976927 -511.6596241 R
-32.12027167 -51.4142876 -442.1454198 R
-27.97635364 -506.1942334 -461.0632776
-431.7296544 -275.2043758 -174.5144555
-314.2241504 70.24878189 274.7859485
399.9724884 -413.7912535 194.1900613 R
-517.7456334 501.6632617 -257.9440031
11.13181232 -129.2352165 236.3689144
-471.9239091 447.5151979 16.66318653
-381.2703237 56.59265745 -458.2105207
-177.8254347 -117.6536262 409.8168329
406.0535964 290.567028 221.8703769 R
482.2584549 -24.26380283 157.8500153
-52.28611908 18.24051812 222.8565427 R
246.7045414 134.271676 -186.5967957
-2.752219593 -349.6923032 -82.98641907
-355.7586882 -421.5470372 -421.4476104
140.5251321 484.8604592 -58.35637281
421.9248287 511.2696722 331.8629748 R
-512.8903428 377.5655262 231.815545 R
99.324769 -101.5496172 -511.3076003
264.9690843 -486.3610843 -323.3040344
-12.4704751 292.5427011 -155.4387323
163.768757 169.1619004 120.7343567
249.6597436 369.3449623 -248.150786
-492.3593896 80.29042835 523.8665776 R
142.4257693 -351.1383042 -173.5072577
-81.13535527 461.2514325 -394.6853664
66.61577213 261.6173841 315.1008636
-411.9155228 239.4934266 132.8582266
-62.55514414 -262.8473816 374.3467309
436.6710765 236.6179752 315.5837422
-129.5517688 -157.7599458 -274.8419771 R
-17.81919686 -490.5453778 -164.3879251
-222.7113647 -284.9389546 340.4581654
389.2967443 406.4784362 -250.3289062
-420.4303234 389.5338352 -502.9025533
-268.7283702 410.1437382 216.5696336
312.3381235 274.7289063 445.8629763
92.97620615 -280.3291557 -308.9382052 R
78.54338804 -346.4260892 298.2944976
-281.6053087 410.5763447 -434.6938365
236.1479273 -366.5074228 334.067099 R
-22.19106575 373.1700976 -281.0367222
-110.7334521 224.8615282 -111.2717732
304.2342745 47.21691755 410.1150862
523.1200537 244.2975416 -228.8733264
-10.98032776 114.926893 275.0651143 R
-53.27890213 284.7964924 142.4072678
392.0845383 -437.5459439 -236.9873123
458.0981384 -233.7745034 -429.1456159 R
279.6317533 342.5124195 -505.5751256 R
483.0705702 354.5779127 184.5930996
-53.45529999 -294.9892158 -428.6188718
-176.9256894 329.6108411 180.8293988
-528.3919864 398.4122367 421.4117461 R
30.94651009 -156.0684118 -264.1687582
524.0330258 61.72866777 373.4557572
-170.6272842 53.0079188 453.3970347
496.3953231 -200.6148973 -197.3317024
-295.0369876 -156.5177069 -422.4350609
-202.8162549 -52.31375876 239.55413
332.5250626 -202.23146 92.90649742 R
-94.93079858 424.5587034 157.2831952
-193.2262911 -25.16798744 -242.4136659
482.7982675 -148.5621965 -46.2977786
408.2681381 37.46757827 -431.8508544
421.9298736 -455.9905733 175.158579 R
358.7089902 -169.1651428 -78.1569462
-420.5491737 -185.2062652 509.7550959 R
293.9349215 509.0240539 -489.9787629 R
-24.19318525 398.6486892 -312.8751218
444.5974961 -517.34447 -401.284524
-233.6949692 359.4925256 -50.8469896
-419.910146 422.0154783 399.3821473
226.3783325 347.47875 145.5341744
531.6630327 78.31540444 -77.18754109 R
-37.07667017 -364.3234116 425.5181252 R
-239.8113178 -145.1813782 -110.6876445
-325.3084495 271.9298429 306.2068544 R
348.1017907 -109.4902748 -323.9652881
389.9306188 160.7093813 -160.2593462
171.7221132 -321.2063804 -298.7671752
350.7598089 223.4593356 -219.1056571
-50.7525278 51.42018288 -165.6683825
331.6746346 497.4724338 -522.8972934 R
495.9433954 108.146402 -161.1027447 R
161.7815377 164.3884611 -98.23154376 R
-123.6855194 -16.93284133 -481.9286647
-440.1592198 54.44810339 -159.9576384
-175.7548061 -300.2148505 263.3066062
113.2169142 462.1132843 -481.6834183 R
325.6216812 -64.43115025 -325.6696378
-283.0236662 -487.8227986 -437.3298442 R
-115.1841131 -508.6184662 322.7820943
-516.7232714 87.074528 -102.4056408 R
-171.297259 -513.0981057 245.4765703
-176.4454597 341.5700938 -1.24893954
-216.5908157 332.9200679 -48.855977
-12.34839681 284.8693963 -310.8959784
-29.22089471 -109.9003362 252.0759103
112.3073481 -510.8548696 152.6973669 R
161.0647434 106.7553338 -100.8321502
90.29371226 -249.7243282 -437.3958824
-218.68211 -274.8730405 -474.7266961
1.192878865 -261.231009 -347.5108036
-473.3562446 -308.4971755 112.8015649
-197.3236089 -189.979313 -32.4181676
-279.3297021 257.9683977 503.5571392 R
317.9846097 -328.4963163 -171.7418425
-206.9020301 -204.8601166 -69.66671934
502.3732838 -145.3673532 -253.0011538 R
92.70727375 -258.4959929 319.7414942
216.0264623 -55.24838147 -387.3329091
-171.0951499 308.7828481 133.2023035
397.3915558 -117.4702114 -311.3232035
-523.3485558 8.891339142 -78.51907813 R
-351.8614776 -306.4279406 -461.8144074
128.5819781 384.8065496 431.3291367
-469.7260209 272.568491 -512.2458751
460.3307602 -436.6781037 -491.9941949
498.0598404 488.4186328 282.7771075 R
307.1442058 140.7375898 48.64071214 R
-4.497605736 37.47123196 103.4399616
121.1237794 -20.09341621 -197.0852958 R
34.26322368 485.1259829 -458.873492 R
-302.1438736 -114.3526415 194.2325864
169.361581 -103.8023096 380.0977842 R
-173.2120446 -299.9939309 259.1514379
495.0654018 -66.15794513 443.0373132
455.4480344 365.9892966 -424.3852303 R
-105.9407974 -363.5156681 -447.745186 R
174.1412106 80.786321 -294.3824731
-30.4904054 281.0344902 284.7009205
-210.5187594 -146.9975779 365.2803052
135.5878496 -93.94233102 475.7160737
29.7055898 -267.4095639 422.4345289 R
525.5138353 -257.9933668 -61.16103496 R
389.4158329 -285.9449409 198.4290322
65.45081527 256.8773104 -288.7223805
-392.5374786 468.2943393 472.1442908
-344.4356151 -469.817712 430.209792
-103.8682212 22.72933811 -178.760479
92.14532813 165.4248962 397.3298575 R
-494.9182854 -169.4741327 -390.4605474 R
-451.1513898 60.72511104 287.212194
-35.78291287 -104.3958359 -455.5727777
460.2519509 415.7290955 -173.9572092
305.2880869 423.6246744 28.54323981
129.2488536 -14.70958375 -192.8561449 R
-51.47229108 373.4630131 255.9118196
154.8653422 23.12313208 468.0090852
-336.7644413 127.9728109 447.8179822
-170.8231758 -492.033451 464.6723629 R
-419.4251122 350.2152826 404.7056313
-503.3856457 -180.7681094 -446.8625439
-234.2436711 -324.96151 11.56542456
454.5910746 253.5330886 186.202441
-444.4987428 -355.1660565 39.52006092
120.1614321 508.5512257 414.089571
-59.908723 -202.0978663 17.9969678
247.6839655 -37.78476094 -316.2476764
-32.66584555 142.8360096 -249.4076813
37.04142569 376.2036362 99.83474039
-455.9878472 452.7676201 -103.5446589 R
-405.8514882 -188.4639416 -47.01282066
105.3167701 -360.5167647 107.493235 R
-79.25826126 -517.1462114 -225.6569917 R
70.60808575 500.5042942 168.192265 R
130.1384216 -523.8623203 -158.4765328
-238.488472 485.6544095 -368.2373569
-435.643554 -353.2117732 133.4162674
-305.0049948 172.5639296 -337.1362724 R
120.5305464 -194.1414831 282.2933066
-209.8764175 -88.80063407 -111.6693526
-463.7123512 -208.1694698 56.52478463 R
-234.3055467 299.2890934 -74.88372583
57.78308333 -165.4055361 339.7018794 R
135.8000155 85.52537029 0.148236795
-496.7299896 -127.4682569 -173.3094875 R
246.1487451 106.6392522 72.86675324
418.8257023 342.0277211 -224.4796584
394.6431751 -243.0650901 -510.7172114 R
205.175668 -370.106029 470.218625
202.0323914 -77.97801396 -409.5358452
-12.71637498 -38.95555785 -497.9516716
-12.63365438 77.39582125 76.66407394
83.53349423 425.5725812 -352.9514338
92.57531732 90.09817388 -55.35685519
117.1517397 -164.6686657 122.5355692
162.9253833 -407.4556387 84.44679253
115.7124171 21.95903152 130.183612 R
355.5767256 443.0674451 468.1584514
33.58686696 53.30800442 510.4371548
-204.2881033 411.8482234 335.9380398
-504.7257089 297.8596749 490.2124274 R
93.58307986 -62.76881448 -302.4725249
62.25538324 -398.8788733 351.5537868
-41.71337102 402.2009008 74.01774221
147.1313377 400.506784 357.0762053
-508.4199085 -444.7798221 254.7296967
-418.1560989 -5.603400443 -422.0030192
20.09029913 250.163039 -124.053395
-155.8603399 -382.6636051 -53.97443208
448.7494059 -368.1035408 433.9452131 R
154.0419624 434.7544977 -228.1756102 R
170.4221071 133.0237927 -33.23254524
0.6901248603 398.6063878 -175.9150924
-289.7971386 259.3107229 -515.2369125
-75.55601295 56.61720122 116.5304614
265.8397684 489.7471386 226.4766514
275.1059518 524.0818944 195.9868339
465.2473999 -292.4445205 99.30575848
381.004042 -244.2303925 96.33879092
-36.16517965 -226.5874713 -182.7054818
-300.1318264 -182.6113535 162.2925197
257.0046377 360.019966 168.8889616
-245.2832111 163.4999214 -123.1516679 R
398.9090768 -43.55783917 -134.9054062
-179.5751436 249.080406 -243.5694408 R
519.6215366 318.9195939 379.880835 R
-116.1820086 -191.6706139 542.1622825 R
384.8265353 197.9469642 439.9554202
504.2983793 96.73640264 459.2764593 R
177.7842207 -47.88015494 373.6652619 R
122.0436197 48.74551241 -136.0259288
444.1698084 38.05206829 403.1597879
-71.64091051 390.6609599 -507.1339408
-125.9961101 181.998647 -111.1100863
-477.170418 -396.2960412 -135.1809779
285.8851138 331.1662026 -162.2713474
238.917245 -321.8341802 305.6035468 R
-127.7589605 107.7871173 516.1008983
166.6249854 -544.641712 309.7198583 R
-399.5215025 60.0930366 -261.0702301
131.3805468 -206.1583043 -526.6867518
-377.5337643 160.4455746 -274.4653299
338.9337986 -86.06861672 -480.1681003
-218.210568 148.6449219 -104.5768232 R
-388.9538247 132.8786216 -152.5002503
416.9417765 -239.589625 192.4545516
-347.8570502 470.4117336 378.1809146
-134.5680499 245.0263744 250.7666845
-199.7602105 -5.225103995 -465.607376
358.2073081 -287.6523341 189.3056429
-282.125154 -162.5682854 -427.5781792
257.435385 -335.3406638 -452.3882165
-408.4030913 168.9035104 14.38621342
120.983194 251.4184466 202.8866736
87.53159631 105.8330179 -160.0614142
100.3185051 189.4922955 186.0476033
194.019066 -209.0150889 -273.8278854 R
379.7499073 -58.00590654 -63.79060269
228.3009395 407.0455663 -98.52662821 R
-489.5308633 205.6290419 -510.7930252 R
157.0821609 -146.3305579 -76.70023133
-190.4682717 17.45761696 381.4518967 R
-193.9935508 108.1908925 -176.1730692 R
485.2302824 -90.36278925 -301.1369923
-458.119878 -294.3806694 16.32482752 R
-44.97079047 -343.6636868 -298.1489621
518.4837227 -316.4928572 36.19919141
89.36389006 -513.8345896 413.5395331
-439.2513339 511.4331212 -156.27693 R
460.0429321 -352.4555042 394.3379864 R
243.0354587 20.83995391 507.7468515 R
238.5501601 -257.2307933 237.9134366 R
481.9822925 -467.5735134 -88.19075604
499.7822936 -353.094471 -380.6882575
-164.5472131 -84.54417534 217.2461187
231.0998071 -208.8905674 479.0791035
217.2009487 -511.9871381 289.4621723 R
161.9602091 -306.6041178 -334.2324326
-532.2332526 -363.2925373 22.76745401
200.8441043 273.4525424 154.583805
67.24215835 246.5966642 -61.34524089 R
494.0378031 458.0692551 444.0884798
-260.321622 -65.34005535 -89.43065515
-358.6545179 -326.0880867 180.3517501
481.9757593 -367.3526619 14.17798011
472.5076964 -334.3635481 -277.5192258 R
-455.8741202 -294.7713438 221.2684212
-418.6359264 -210.5403137 -229.6924489
-42.32937582 128.1388269 -369.292917
-72.49371348 -397.0706903 -105.2954877
-276.3364392 268.424191 11.83621014
-229.4316624 -34.60867074 383.8518492
124.7852825 182.9140574 -19.76224373
-407.0755431 -33.73175555 -73.40457216
480.8005913 -486.2104666 478.603157 R
-415.7694798 167.71732 90.41425587 R
308.5095473 -338.1266814 440.3332956
-254.7259898 -49.30291255 9.960481682
201.0936306 -264.5473345 -496.2734281
-268.3537824 -109.848193 -31.6028239
-482.7459748 -107.1185335 69.03867995
-102.2571965 268.523781 -235.3802457
-272.4636107 -461.9893975 375.0240597
406.3790357 97.5060785 -178.2591679
252.7521963 -172.7787032 123.7559121 R
475.7441221 -87.0420294 -519.7962972
-466.2972042 -22.22225766 484.6190066
357.4484027 72.76812943 -133.3573024
174.5332297 -276.4711233 359.737977 R
-86.86148614 -15.91106226 351.7065883
471.2084571 -26.45451476 119.1912397
69.68527711 70.10430797 379.7480269
-81.60365729 474.1105413 510.1494693 R
-379.1063259 -101.2490165 237.9937556
52.32865124 26.9321711 39.56154807
367.5309302 -247.3319398 5.316164696
17.64794228 -256.6209055 8.255359619
-273.0094975 -355.8852183 379.961449 R
-462.9947169 -99.10100724 313.2154905
-453.24185 -291.7787625 -437.4619875
-439.1424477 -108.4307225 -381.6842325
-468.5198855 43.09232204 472.8208999
133.3820394 250.7825252 229.1829307
17.63863014 -383.263736 -485.5012076
-418.5212248 -140.2039468 -480.4563185
-456.6824474 -420.1876457 -527.7736309
-488.7222862 522.3547739 123.6782972 R
-437.1802035 -27.23736811 169.7531117
-476.4123308 -389.590245 94.70340193
188.4036646 174.6617295 -326.1956779
-225.4823287 275.5892721 264.1228354
-498.0516699 -39.59939974 15.24352541
-263.1363451 77.32836608 214.9778914
-462.3854058 114.4886696 -404.5311968
174.496703 -337.2474052 -35.71173548
278.9848606 67.56679613 -276.0218611
296.9131106 266.2645097 158.5911463
515.11488 483.4015247 -167.7766334 R
-327.509741 -420.1110547 -419.381757
-4.263529262 -60.64517015 -20.29414556
-352.8407818 -213.2040329 -398.3124873
-495.6597067 -365.8293077 373.7027804
199.119453 328.9865646 90.59709707 R
247.2975828 -50.47982011 -389.9686956
-183.8198974 307.2512543 381.0699585
236.5720381 84.05278136 13.8406224 R
-259.1611241 9.466621148 531.0937988
447.0771948 -4.725646053 -423.3718144
-503.3153371 -198.0541772 -94.6239854 R
184.7882119 27.57765063 123.1948726
-258.3437295 181.5490765 -401.0048387 R
-220.9354767 -349.6376119 99.83998005
412.7573864 -112.5838457 -510.7892571
187.0660347 82.56219755 -471.9652433 R
122.9406851 -401.2933836 284.6676957
-468.2845377 -484.6313565 98.85559797 R
-3.395838599 -30.87683436 -112.355941 R
-228.6344835 -157.0717772 -189.9214691
513.6660597 -144.7195969 -294.0698623
215.5920841 205.6632378 490.3590725
258.1603598 -129.4474298 -119.4282762
126.860943 -439.2767331 350.4037209
-7.960208596 -173.9211683 456.6511797 R
80.16324418 -64.50634249 -521.1682245
395.1094643 134.870439 -258.505596
360.98515 -328.4164777 -117.8209633
-467.089255 355.7433269 21.4587369
350.9689814 -172.5121326 213.1351113 R
509.8276054 -440.8273762 11.71475063
80.11766697 -215.8536158 460.6645002 R
141.0431272 -75.98515877 -403.7411656
-429.889067 500.6408265 -197.0175432 R
-65.55149713 164.4424795 315.1623726
-389.6905739 454.328874 -41.36691249 R
-387.7349333 203.368811 -521.1795063 R
341.2561488 78.8064241 -278.5189155
74.44422242 503.0146843 253.0107726
-264.3577193 344.0394626 -59.8178286
-282.3695272 161.5739713 -411.7416386 R
-352.6203021 487.5835775 98.51694037 R
528.0931443 436.5848839 132.2712191 R
-78.18231567 -509.3210529 43.5568003 R
225.7896333 117.1260903 -46.79892307
139.4434128 -79.53424769 -315.0186708
-459.3381444 403.8180973 376.2432382
-230.1017114 68.45716516 -491.0098216
310.9864483 454.9746848 -504.0893604 R
191.6474335 148.3491173 161.1667543
-210.5766527 445.8871317 257.3062923
535.2864202 -521.7931167 139.913307 R
433.8847923 -463.1862661 -398.7424387
67.84807099 -509.2664118 474.4074621 R
318.2048311 234.6220989 -170.0176113
448.7346727 -223.9479077 -78.35471157
-506.9082628 -364.543644 16.29953708
230.979863 -279.051334 491.9383877
449.8608893 140.6163378 -73.69337999 R
-456.7917977 134.4933354 -377.3961812
-466.3761365 -23.24067567 378.751925
6.736040001 -164.9632332 -361.2207812 R
-519.8583286 -141.9266785 47.29508311
310.784897 481.0526632 -513.1208618 R
113.2472508 254.9544661 -168.5131268
-209.9246295 -17.54690742 -4.127516673
-256.3152536 -491.6018328 -318.9185971
510.7254411 -348.8514365 383.6202133 R
356.9473328 380.536393 248.1501981
277.6463337 -509.9274331 -185.7823682 R
-313.8955463 -374.8833738 -424.5082926
192.5529785 540.4222273 367.0251708
-189.1843512 265.5087568 -206.1077698 R
71.29160589 -54.91647363 -155.7756069
-22.57753756 194.5750724 -271.3501445 R
313.8614126 -98.92099908 149.1203057
100.2949278 186.1664451 306.3414623
96.51980832 -418.7239662 210.2374213 R
-393.6619079 -446.7525682 174.2940328 R
-259.1579276 339.5645738 483.2572094
339.4687957 271.5076574 -63.44294642
366.8435179 513.7432193 -329.9332768
462.9922403 -186.5723077 -180.450266
-450.9396471 519.07774 -244.8207769
349.8895806 -273.2531997 -8.763495962
244.4929765 83.89761849 447.3164217
-288.9609729 -96.38069597 -427.5553878
-182.2691529 445.3431231 259.1590123
-105.7215745 -461.8033499 63.63741169
99.08123049 -20.29719379 431.3252576
-213.1923039 145.8928173 -544.4511874
-41.00957237 -141.9333374 -496.775645
-89.89348279 -215.4370992 435.570709 R
-294.2233238 -124.0562419 -499.8338408
-145.3026104 240.6830465 439.2169691
-240.9718507 99.94869496 -485.3611171
-275.3654639 163.8680863 83.08278493
100.5068095 -248.9713863 516.8490645 R
258.6915317 -390.5086599 138.4928083 R
-11.50633149 -380.9092457 15.74151086
-397.2973142 410.8488058 -117.2621352
378.1497838 -215.8196337 -368.2542882
395.9612963 -497.2832691 -312.5237711
64.37227844 240.1847259 334.6958742
-191.2818968 -108.176143 -97.09142299
-226.5203221 40.67802276 440.1275704
-409.2651576 479.7474314 -345.8720541
382.1018352 -146.1234312 -10.3506505
360.4422341 -91.54321876 38.68003475
-121.6837151 201.4866133 -267.9434536
-514.4184922 -219.4439489 69.25918989 R
215.7851699 97.84517109 -515.5929391 R
327.0191614 208.9779434 457.9727495
98.68963761 388.1938406 85.76579135
-389.7850806 -296.8595104 200.3021732
-522.003916 -211.7151458 466.2883881 R
-491.9714361 -140.5227365 -84.18229112
-199.5086131 269.9824337 -321.5800234
194.1024929 -322.627797 406.5196386
-184.3906609 211.7458488 358.7326092
287.1448006 -79.5872046 -322.9051475
-177.9041917 401.1918595 -373.0679032
43.80658777 -1.488549418 -91.63484615
518.5779195 -386.5713993 -192.9776985
102.5924144 116.0023281 -547.4143156
-522.4805179 436.2281413 93.47787961 R
-534.2952751 -38.04620428 225.0565642
-408.27036 -145.1395754 261.9118156
-478.9719138 -241.3475469 361.1074133
227.8557698 324.9536504 -26.87929806
-8.792415869 -235.0218985 178.6557137
-170.3952256 -114.6420519 458.5979934
464.9345561 -333.8749062 317.2413379
-397.5166014 -343.3029475 62.0974202
130.7927005 292.5621376 66.44243425
199.9268869 -245.3358123 284.2305477 R
483.8541088 -502.8112097 -236.2617491
-308.942262 110.202868 486.9299593
-258.3590634 -439.7577459 255.3186238
259.3915306 -356.2094404 -107.8544267 R
-293.9909022 274.7623943 -99.62189058
-382.4236724 -416.9712674 243.5100214
319.8136823 -498.7481623 -62.61721322 R
-106.3768768 -477.7453539 364.2844684
393.8460877 4.998095129 422.9783757
269.0919216 549.1392743 95.21793484
-199.1356388 225.5028124 -23.95903134
-307.2742235 110.9926367 338.0026553
124.3297728 416.144275 -138.0268968 R
-505.8682465 -424.1230634 231.8496387
-468.2525175 166.4921622 -334.5346759
458.8746106 -109.6890252 -502.7410817
-334.80012 262.9769989 400.6533588
208.78209 -173.3314032 68.26141393 R
-81.37519848 -91.69323939 383.0445841 R
-84.03640574 -172.5603537 -513.4781547
-113.99189 371.179011 -172.4844041 R
86.7320154 261.229869 70.0943944 R
207.5160578 79.54051558 -442.8065117 R
-429.6591806 -139.9366934 299.4957086
177.4443651 -339.4346285 -331.3789078
-335.5351707 -58.67571781 270.6769988
-174.4874823 -519.9618011 237.4119963
-250.9832583 538.7704368 -303.8633745
-185.346537 -20.00064089 -238.866616
213.4531883 -278.6324711 12.03126092
217.259519 457.9266142 0.8483535537
-32.66611113 -124.4603868 414.1553488
510.2869982 213.8586295 -192.743271
-210.4344593 54.23085499 -409.1820585
419.0201478 437.3240268 -521.0828473 R
-393.9841837 240.3626875 -89.74876779
-322.7866436 -131.4928567 263.5924528 R
-100.3937507 -60.28644558 -133.9704038
-468.199223 -514.2010957 20.04268983
-295.4316685 -149.7270437 -496.6538988
-357.0315754 -188.1165177 529.6745234 R
90.8696658 199.0424215 -298.8250848
-353.1449026 138.8560236 164.5756308
-91.86909395 258.4065869 -255.9720824
-452.0410788 -401.6859738 -397.2847562
-463.3152991 271.33956 -380.7874174
-84.38374883 197.1587709 310.8573538
-312.7066952 241.6035528 150.7850367 R
-55.53742269 56.6348941 -148.2922365
-212.754432 16.94312895 -269.2116639
435.007476 -17.79956492 290.9201712
50.48477663 -232.5356889 36.36213496
-61.04189873 -183.0940413 189.0207856
86.80393934 -195.4700295 -47.62261013
236.1977759 266.541844 79.23784667
-437.8141738 -127.9660473 -13.22230906
-28.94770238 204.3554707 -160.0319379
-369.6923901 135.9431794 39.18732948
7.672843355 -64.78992286 467.4228458
-282.8730508 -456.1580927 -183.4707747
-103.641676 224.9362521 -320.851808
-334.0060575 -438.8940644 -444.9069074
200.4803504 333.1581391 507.6820456
-152.1453901 49.42300376 -460.9257097
-405.195187 493.216222 112.8582673 R
310.7099179 -315.2553157 -329.8559288 R
22.43381451 -267.2822473 -33.43560481
-126.0844442 -464.0222108 151.7168137
394.8099588 288.9249486 -485.8626171
55.70359598 -398.5595877 345.1532817
-270.0245493 169.7373498 -39.75000692
-528.7089275 58.42039648 -483.8460784 R
470.4052694 -38.55712863 -510.7117973 R
-403.164522 -51.57933173 240.4798773
337.4480232 504.8208583 -365.0733399
-325.479827 -334.420191 -397.9064454
120.103665 -484.124467 -53.9808761 R
-367.3248973 11.90113524 -408.1814263
-146.9278575 261.7078656 211.4862358
145.4396848 142.352012 33.29614832
-491.830898 -232.3530528 43.00311896 R
-404.4677704 480.6017865 -406.4893809
229.1922722 339.745569 -61.30237523
285.4115849 281.3290963 -386.5075372
261.3301366 -76.03293515 392.2949915
178.5924654 -1.519906055 -94.10577008
-376.7602106 104.0754283 17.11309516
-254.7552227 527.8748489 91.42017382
58.61275513 30.74059503 69.23334016
-263.5641134 -123.6060033 -156.3574393
-104.6152709 419.3729033 -502.8138003
-174.3133477 -63.27753665 487.7990348
-418.0613313 -176.406358 224.2665857
391.0639766 11.48320676 -49.4706604
-389.213622 -528.3871354 106.7211712
36.19391684 -453.3885508 302.7722464
-81.92088221 -142.7956323 -392.4816469
12.2617986 -422.9281304 289.4282423
-529.403401 135.5841431 452.6855369
445.2267297 108.6286798 -473.3640055
