 -0.554408209986464 0.387449905612458 -0.736555569757301
 0.457837203422198 -0.874225891095555 0.161598844366922
 -0.407263611676498 0.31149382019177 -0.858549911529057
 -0.106026244273779 -0.173358016694311 -0.979135043583372
 0.0405547111010243 -0.202310257451986 -0.978481412770434
 -0.266542993549581 -0.46657325856215 -0.843364824369813
 -0.767925474817126 -0.499104030785444 0.401479304050177
 0.356140051725358 -0.478371280814487 -0.802698686462714
 -0.923768858524109 0.35936257440745 0.13232398171274
 -0.456523445282061 -0.40502349603699 -0.792175682261058
 0.772224286364138 0.616388368616478 -0.154061775219274
 0.174829792399506 -0.93963535119272 -0.29414273827256
 -0.176132874137025 0.0840252962176123 -0.980773653930291
 -0.103923983657048 0.00741128615015048 -0.994557629531065
 -0.441385397082003 -0.88154651671056 0.167495283868654
 -0.759513624690753 0.139148611647037 -0.635434274953606
 -0.901510752903958 0.0650208890454211 0.427844184705463
 -0.235775474704072 0.391426597336559 -0.889491508911464
 -0.752814182372292 -0.486672758801158 0.443193448349598
 0.782607846900867 -0.441650391843459 -0.438713903761561
 0.196725438318711 -0.963238801039599 -0.182948391876255
 -0.204463850372751 -0.281493047292372 -0.937526638670499
 0.429853712854166 0.501691599733447 -0.750687234673924
 -0.61342896342585 0.599952590112021 0.513577449318177
 0.088745858335177 -0.606001271320649 -0.790497711436352
 0.0714076923019582 -0.180795216553325 -0.980925089469907
 -0.259800916181989 -0.159313252134447 -0.952429930044907
 -0.485719819987924 -0.870792056357977 0.0761409945741833
 -0.307816818826398 -0.931078285068847 -0.195811218066921
 0.310945855384002 -0.0256727714037994 -0.950080830154972
 -0.974467580639048 0.170507354002906 -0.146082772818726
 -0.88068754797463 -0.216883287157083 0.421130719129312
 -0.908248283419348 -0.18297907431038 -0.37630268937429
 0.0283412181017858 0.479303943497417 -0.877191259135846
 0.0647936504170229 0.313101299551989 -0.947506917697434
 -0.448337874616972 -0.263638068592588 -0.85410076628739
 -0.387835253025327 0.385812615331719 -0.837097630125471
 -0.500156544478496 0.313810894103839 -0.807072582706834
 0.0587569263641765 -0.992858398080928 0.10382593589469
 -0.674232443886746 0.160008843245453 -0.720976963358579
 0.608504194272969 -0.708809684645093 -0.356807338076908
 -0.712325483894034 0.568924123746571 0.410996041847519
 -0.985373710057726 -0.0337439484128418 -0.167032923319281
 0.0155995876450706 -0.261791823528034 -0.964998287044682
 0.179629136736198 -0.98207658390844 0.0570872715597546
 0.849866305458723 0.379852109036561 -0.365293906473153
 0.26576988700547 -0.963723909493445 0.0245477785506352
 0.0246431378627929 -0.0567253432360341 -0.998085643214564
 -0.871839307515316 -0.397452335071906 -0.286230437265332
 -0.983689372171989 0.166392831248769 0.0683274819153833
 -0.598566420712926 0.522039724125354 -0.607612348812992
 -0.718507174790293 -0.661038637620733 0.216276118301113
 -0.699216697107219 -0.625211533562434 0.34670816083124
 0.205511069514384 0.386044373678725 -0.899296915294418
 -0.897885444950993 -0.410254385614656 0.159665484150768
 -0.803371909630664 0.196182966056155 -0.562232886485476
 0.264031881844211 -0.821589403713185 -0.505250449852366
 0.0975592130602115 -0.805221591098491 -0.584893485325223
 -0.062768067511579 -0.621388957771431 -0.780983951730505
 -0.222555812318301 0.419561436638846 -0.880021085706978
 0.321673455847127 0.452874083165444 -0.831523452826453
 -0.132349648732239 -0.980947862823673 -0.142214137490338
 0.272551414196908 0.292088509661362 -0.916733346804331
 -0.900353712731749 0.040357517195727 -0.433283351602564
 -0.946683680078391 -0.10394469150632 -0.304935257031538
 0.0100823179700463 -0.101333038756302 -0.994801468696526
 -0.327474662989166 -0.387755727431971 -0.861629758622481
 -0.669300075973397 0.33917400914382 -0.661058544928747
 0.304704446642597 -0.660368480009667 -0.686344425784861
 -0.988442440067661 0.146286457563628 0.039772037998733
 0.153300300103619 0.0561410822215103 -0.986583598523277
 -0.491942554380411 -0.233853549750296 -0.838632840078936
 -0.940613010494302 0.318002554708226 0.118834084705895
 -0.707511485786908 -0.331708603718547 -0.624016746328729
 -0.964276808857602 -0.259740537777096 -0.052010469471682
 -0.343902028288552 -0.31431250085825 -0.884838429739154
 -0.44697498631623 -0.375554804871184 -0.81189405105948
 -0.71235992799998 -0.119955815773536 -0.691486757098044
 -0.204790759557123 -0.499365791149016 -0.841839979705249
 0.0262483208332809 -0.994177308653585 -0.104510787059269
 -0.531668480877751 -0.840003629445284 -0.108270628334257
 0.296385362818201 -0.689698963746658 -0.660659561433807
 0.552720076701736 -0.671679063856097 0.493302900851216
 -0.987739655839307 -0.0126176430873984 -0.155599380992877
 0.256754330466706 -0.92871832472859 0.267506050585616
 -0.442767827846326 -0.0494155375988845 -0.89527356448633
 0.0551956774422469 0.044431960579097 -0.997486460093965
 0.534456363364092 -0.337837157696786 -0.774740247140283
 -0.222110837829468 0.507022245741894 -0.832823641620204
 -0.476832230403721 -0.845273453362274 -0.241130282397771
 0.334352756186149 -0.942036081486472 -0.0278613640789233
 -0.598127978575532 0.753306249997856 -0.273445817227681
 -0.451028345308861 0.482508500468198 -0.750838850023014
 -0.0756635537558006 0.714742375531118 -0.69528293755361
 -0.124547793822679 0.0468275558176857 -0.991107979520922
 -0.877629792332997 -0.0260557373908016 -0.478630385745162
 -0.819256377143807 0.57342379656364 0.00203421821473848
 0.0172574244973148 0.163979249076059 -0.986312824195332
 -0.361235630014641 -0.71750685709588 0.595560853001872
 -0.970984766678695 -0.0838223363775101 -0.223969638125652
 0.773924220436508 0.195500212734022 -0.602346219248278
 -0.474535419133904 -0.0177063001161343 -0.880058306547701
 -0.0391578872252447 -0.985994154460172 0.162117819003417
 -0.132389061002097 -0.990743203907407 0.030017335629079
 -0.579933404873725 -0.530370014755075 -0.618372778637829
 -0.935396182652598 0.32020029127633 0.150019181925179
 -0.0589976790267115 0.503541198031164 -0.861954485895167
 -0.310573542337157 -0.80818531966807 0.500380419154436
 -0.399794531245967 -0.354254280738735 -0.845380528143451
 -0.665664401961131 -0.74577446644541 -0.0266711297059819
 -0.107600427857021 0.0292812431724341 -0.993762927826986
 -0.646334081786991 0.016783881323332 0.762869947008199
 -0.907165959277861 -0.325734251354703 0.266359005520499
 0.213348637179027 -0.934960905354065 -0.283426294604715
 0.136403146055604 -0.984521160829764 -0.110055738717016
 0.278177075718304 -0.960507827904045 0.00649823667357859
 -0.597688522869837 0.692129203452793 -0.404630195805348
 0.40040293426989 -0.399269829470323 -0.824779421119854
 -0.316570001541107 0.446728280383794 -0.836789864679061
 0.0179538106388574 -0.0998491816902947 -0.994840591049301
 -0.952363901981683 -0.283982196572812 0.111162539697077
 -0.136338832184333 -0.810687704986872 -0.569383146766507
 -0.97616666511526 -0.0395770754624556 0.213382982019631
 -0.770480616994601 0.197133890367259 -0.606216007792839
 -0.00473211575344998 0.615790298065587 -0.787895878837294
 -0.892383380203623 0.302481429855379 -0.334898323867112
 -0.0829987353949766 -0.993741558698773 -0.0747591093965642
 -0.259765189359063 0.102447833774707 -0.960222103344908
 -0.71933613870574 0.0150338718584008 -0.694499461662039
 -0.927266612885884 -0.365832765333605 0.079643056417415
 -0.356033761370945 0.074039914780452 -0.931535319664993
 -0.319618059900165 -0.612973331522257 -0.722570405308825
 0.0309452819039716 -0.026384809413785 -0.999172773528223
 0.519367214157029 -0.854462710916537 0.0122952231345749
 -0.573177456468769 0.227618545652717 -0.787183206801907
 0.958994069871499 -0.246371877331078 -0.14011164124247
 -0.961133937388367 -0.274832898280565 -0.0262379957892821
 -0.913412353794378 -0.273802393168368 -0.301181210288904
 0.334270579188049 -0.922919857313582 -0.191002923709468
 -0.209544724612359 0.165278699490243 -0.963729194266701
 0.169764193253195 -0.802878876861819 -0.571459209198869
 -0.707043774181783 -0.110466158208766 -0.698488603544379
 -0.252753789250241 -0.356253948772298 -0.899554693169787
 -0.344238947943032 -0.197930423568291 -0.91778161571539
 -0.995397529859055 -0.08515696558638 -0.0439550766420886
 -0.830478828042837 0.434383874975524 0.348734233097131
 -0.962704989826839 0.0713297203618101 -0.260981174714982
 -0.0468978793777923 -0.980549898597319 -0.190584588229617
 -0.947739696828223 0.317960853710276 -0.0262747514503834
 -0.777305370787467 0.0648694514761275 0.625770177309645
 -0.717848654076253 -0.328219466496548 -0.613974992694029
 -0.363762068428118 -0.0245255447955526 -0.931168972434852
 -0.981910862536323 0.188039894919921 0.022182334225234
 -0.988407507971845 0.105333936728569 0.109340568674893
 -0.96299222844099 0.237822318469558 0.126832617256049
 -0.95784374176011 -0.0381812050432598 -0.284741219271878
 -0.650158852146956 -0.222263787249824 -0.726561955962682
 -0.105335053768465 -0.159658859233303 -0.981536334078324
 -0.807112295222094 0.2027726771902 -0.554484431058657
 0.158153466311713 -0.57628613685185 -0.801799083041357
 -0.872730443692619 -0.262496163115859 -0.411627667925197
 0.103066757676019 -0.134953176622473 -0.985476982776187
 -0.855319586554619 0.446311927842573 -0.263123674194251
 0.223714806739656 0.455775154424775 -0.861522311872717
 -0.236880655497663 -0.861673405315783 -0.448783352657493
 -0.490694532881019 0.306699567896764 -0.815569893051857
 -0.853701460385798 -0.519808986510599 0.0315029217372006
 -0.615184807096132 -0.264009289010596 -0.742863882844101
 -0.941099159809154 0.0522781574732655 0.334064912341457
 -0.924490619352347 -0.369660697630583 0.0931024347521824
 0.0541671957179604 -0.991237404426225 -0.120475404022614
 -0.933545613928376 0.201555460366565 -0.296425341547436
 -0.993838026180337 0.0823374904737259 -0.0742058985557123
 -0.00422291828628469 -0.960128104986056 0.279528511921471
 0.111800513530742 0.487003255635312 -0.86621502767781
 -0.313171061402086 0.236663857720044 -0.919735888583977
 0.490203972661161 -0.67627775867277 -0.549862217570683
 -0.35334532421292 -0.792131459960363 0.497669400302983
 -0.444727605013042 -0.890633716605226 0.0948100215447983
 -0.327914149874902 -0.0432700510988547 -0.943716065874542
 -0.81293100349045 0.473875237853289 0.338504715644403
 -0.253949750484703 0.640244544558287 -0.724980308278858
 -0.570719497170171 -0.801360599340157 -0.179165971587831
 -0.851796566213842 0.163748848928666 0.497623275441216
 0.26285293574393 -0.959858290032101 -0.0978795036125947
 -0.023009522787379 -0.99722579498264 0.070790364332574
 -0.760421094408746 0.258916939390047 -0.595585239638371
 0.396469280187679 0.336571013789664 -0.854126490950879
 -0.0647851348017846 0.0794045334942624 -0.994735043300111
 0.277227880426183 -0.956833733402952 0.0872577156277639
 0.115658209744071 0.404134390309112 -0.907358018142937
 -0.946006328601292 0.209764174411263 0.247125509366931
 0.259797327690161 0.279613537752436 -0.924295200696519
 0.284204396410147 -0.848524424177974 -0.4463565420542
 0.536013562514228 -0.843987886695262 -0.0193366985928655
 0.331690637571262 -0.0782645886361978 -0.9401361471155
 -0.111265881831603 -0.15700803307035 -0.981309523591622
 0.606986299158329 0.375501787675112 -0.700404197650808
 -0.800579167050192 -0.534633997353625 -0.270627947852589
 -0.494347357658327 -0.86920502103357 0.0101647127978132
 -0.841436502858843 -0.518717098779688 0.15138422338627
 -0.60068136133862 0.0292738407121004 -0.79895240433354
 -0.55105988919598 -0.373835757717023 -0.74604277677051
 -0.596814879144194 0.585853653129152 -0.548258604262011
 0.0350492916158407 0.0705873829653999 -0.996889647114125
 0.0299628283811217 0.504324367916347 -0.862994299425657
 0.512380832581127 0.698362301703063 -0.499755918387637
 -0.173133920698184 -0.0707491572705762 -0.982353908858299
 -0.696825947683408 -0.673445074849989 -0.246790052059263
 -0.11625375184582 -0.372343246319797 -0.920785301849354
 0.328928337145718 -0.317664015072171 -0.889323182285709
 -0.836878678984378 -0.245429555005514 0.489283568282401
 -0.908038927022225 0.339788176282185 0.24496796172388
 -0.246714614449638 -0.962212358841713 0.115235738854024
 0.508326665486347 0.0707043466646867 -0.858256894244521
 0.0277779239306123 0.246207995399308 -0.968818873651602
 -0.898903307696911 0.0154803917859948 0.43787349872047
 -0.96399518121484 0.022742511064824 -0.2649454071786
 0.397115540774886 0.510597500678731 -0.76262011485123
 -0.154155395818785 -0.973681668221937 0.167869362626122
 -0.956712548208242 -0.253719535460161 -0.142574532882882
 0.134526647765525 -0.380042589192275 -0.915133985513052
 -0.972829219014526 0.208052732166757 0.101574461699457
 -0.987747638905463 -0.119772087741272 -0.100046233486228
 0.0117987740122597 0.18301215108887 -0.983039847353927
 -0.0660299588947969 0.0084556769131426 -0.997781812851032
 0.112517947782955 -0.989118817803041 -0.0947822541123938
 0.223333306024927 -0.921749747880991 -0.317016776687459
 -0.177494388185759 0.484583504103252 -0.85654805452676
 -0.0672776185200359 0.509575231344891 -0.857791819526203
 -0.689530498974453 0.628300026732622 -0.36025930576715
 -0.968859108055375 -0.176960735500174 -0.173196209050255
 0.46019796418518 0.184179649783735 -0.868501980634101
 -0.531685771168603 0.433393150961997 -0.727654188083928
 0.403810779699698 -0.807141665406201 -0.43064972560496
 -0.951858388531187 -0.0590351617033458 -0.300799697249636
 -0.487789404973983 -0.0320559118694411 -0.872372578036097
 0.20381712625207 -0.85575878235555 -0.475537049521585
 -0.987678614743432 0.0288060013499337 -0.153821871867182
 -0.305371972236955 -0.952195476229786 -0.00846957021602136
 0.116461384306342 -0.426310710993293 -0.897048451120587
 -0.0618400050398594 0.0704498924544459 -0.995596618329847
 -0.16040885863105 -0.947202479172414 -0.27762647842437
 -0.932590504117232 -0.0310214807043696 0.359600638716447
 0.184326694679187 0.787725358052124 -0.587803053675547
 0.141668668176941 -0.986052048388637 0.0873575773791016
 0.133912548775577 0.0887550804100048 -0.987010620501037
 -0.749584752629749 -0.619345665031682 0.233524400933737
 -0.149514652336476 -0.229545076239665 -0.961745510366869
 -0.314646200703937 -0.947303552427813 -0.060114456998496
 0.439980835167089 -0.805721455612265 -0.396522131351736
 -0.933158752632167 -0.307293275924179 0.186508940691229
 -0.564620356647724 -0.508693837895976 -0.649949561231992
 -0.991263085564419 -0.125276620631838 -0.0412706132783804
 -0.696224687247428 -0.708735611767141 0.113864030669381
 -0.978877756430611 -0.204334580590803 -0.00676144512320359
 -0.891039007857779 0.448395949422978 -0.0706438887441129
 -0.996961312475799 -0.0250725723857394 0.0737530171619675
 -0.166830905979343 -0.93214044681722 0.321374604188795
 0.225642806151878 -0.940609750618224 0.253650588554076
 -0.991456492015251 0.0365765236321755 -0.125204562056646
 -0.602039021038003 0.146071321845887 -0.784991838226232
 -0.111462002199731 0.0703538475447056 -0.991275218191842
 0.551449192649647 -0.756768861598752 -0.351005239334944
 -0.950191758977381 -0.114035817158951 -0.290054225234457
 -0.78831478584218 -0.579580259617485 0.206510341349594
 -0.286967566787002 0.510569405094355 -0.810535932697585
 -0.613138455186709 0.181261483208601 -0.768898894183282
 0.00498378294269165 -0.0787836365229121 -0.996879280817796
 -0.64972318394328 0.356207268811301 -0.671547590191939
 -0.973913075970192 -0.0138205465667906 -0.226500138955529
 -0.213690691144455 -0.954849611603445 -0.206394059359651
 -0.235026666171799 0.0863200411964344 -0.968148395999299
 0.476053942313567 0.182311279498775 -0.860311130565699
 -0.327404571742271 -0.098734354174414 -0.939711537498621
 0.245728640881161 -0.96812335237432 -0.0485243200694839
 -0.899347215704867 -0.277188002849324 -0.338144047234764
 0.122704157097705 -0.858339755237163 -0.498193290210084
 -0.143477456222344 -0.359605676049662 -0.922007579854326
 0.218751306824042 0.579989498364181 -0.784703796059405
 0.426463536426632 -0.311506601033562 -0.849171649085747
 0.0689686258647481 -0.33048170625777 -0.941289100369956
 -0.996715143452056 0.040247718792195 -0.070278331976302
 -0.967093949160044 0.0456735843905846 0.250286270472327
 -0.494693928570295 -0.85485636805841 0.15651998922078
 -0.250495006638993 0.34915574920878 -0.902963185541574
 -9.82648035845656e-06 -0.52730686337433 -0.849674921215029
 -0.758330878604599 0.360625158052412 -0.543032019253423
 -0.238382588739857 0.424216207454791 -0.873621400103248
 -0.92923350523537 -0.368185026332901 0.0310625036374996
 0.555843983369098 -0.61503845775645 0.559254111860558
 0.240826279037135 -0.947132093931108 -0.211998820682574
 -0.947869230453803 0.316706231895061 -0.035229031178091
 0.236252404864521 0.481915629614927 -0.84376663072711
 -0.8829892161587 0.467975039682164 0.0364610255193372
 -0.532038884808055 0.308564665251802 -0.788493799855297
 0.144206377645363 -0.986824615809345 0.0733600591544378
 -0.396185681073465 -0.255181769947821 -0.881997262126506
 0.621317233329991 0.329180860132886 -0.71105896864419
 -0.122797810866217 0.0875280814573836 -0.988564379594397
 -0.787724909988429 0.00399287117769773 -0.616014223182777
 0.338605865638691 -0.892036813879514 -0.299359967996322
 -0.359791693613372 0.576247236139472 -0.733818138266179
 -0.47169137670086 0.450894449648343 -0.757760806866102
 -0.0361206437012384 0.464197657666152 -0.884994821293247
 -0.172314356090397 -0.246695710787068 -0.953650349428141
 -0.943294435150141 0.285240805888939 0.169803684502445
 -0.197153774593516 -0.432712136974311 -0.879710518113007
 0.141827360031338 0.367205503794411 -0.919263356133396
 -0.544554723304415 -0.402858979892247 -0.735639038963424
 -0.0679596884302907 0.206046330917923 -0.976179486705042
 -0.106323990741991 0.680063470874485 -0.725402567251347
 0.0744825083262565 0.277950832612027 -0.957703341647981
 -0.128199351338513 0.245117105500718 -0.960979984654901
 -0.882454422611209 -0.460578959251077 0.0956096977775411
 -0.990279557667924 -0.134876580426469 -0.0339809611029828
 -0.117791005594578 -0.0223065715286016 -0.992787840310133
 0.275165085761815 -0.957645193723862 0.0848519800315827
 0.014634109578488 -0.957881662893021 0.286790102217886
 -0.0462777017340467 -0.989707564587963 0.135415327491306
 0.245920408719298 0.0957790227931599 -0.964546282646987
 0.433119683274752 -0.302615341857448 -0.849017841292207
 -0.67855541195688 -0.0681452591392816 0.731381416608919
 0.125229247578434 0.0738193003481419 -0.989377757202501
 0.159624404861798 -0.0497670110666141 -0.985922559830138
 -0.985991190471264 -0.0541418938645131 0.157765736590122
 -0.939819725785147 -0.214961397250705 -0.265575753255368
 -0.53162072422607 -0.439190503004024 -0.724217583081509
 0.2578982839236 0.719738318333751 -0.644565922362768
 -0.563804081459977 -0.493419451396343 0.662315787757474
 -0.232509521495713 -0.509940495765568 -0.828190807237198
 0.396785206441055 -0.121002980944282 -0.909900971838214
 0.351578037717773 -0.914053752748524 0.202234073491241
 -0.754266608189828 -0.639026574839781 -0.150754503807849
 -0.822248995482413 -0.529197453366303 -0.209419781249964
 -0.886292355578643 0.292724133337634 -0.358884998578361
 -0.72174338489713 0.625720702280164 0.295905540832292
 0.153146936349229 -0.0360368567719138 -0.987546130993811
 0.527363820700729 0.302766506871058 -0.793863869270436
 -0.144169995370886 -0.482285936717028 -0.864069029464508
 -0.957761747534013 0.276002880638962 0.0807145887655339
 -0.990741288019735 -0.103556171493083 0.0877941886384923
 -0.245105716206694 0.789305011308481 -0.562957180437484
 -0.629142480976631 -0.3868868815882 -0.674164875594634
 -0.422651669221827 0.00830330576155518 -0.906254170537953
 -0.985929070474932 -0.102002644551463 -0.132436129877553
 0.719846275585063 -0.112155310717472 -0.685012792438346
 0.546769062443106 -0.330274936028599 -0.76939070632962
 -0.292696911132296 -0.856550092603054 0.425029948445179
 0.0567251949769422 -0.920640562201595 -0.386268310224848
 0.412429845654701 0.275519800870272 -0.868326241536927
 -0.27906433788613 0.437462933278951 -0.854838743464024
 -0.71255795944073 0.694364971475726 -0.100590460905486
 0.245599843910015 -0.109647310891223 -0.963150135693133
 -0.140422439060692 -0.207340794746252 -0.968138075608143
 -0.970331714922461 0.201406660117169 0.133759935242522
 0.750662490080388 -0.324710745479661 -0.575385746917973
 -0.674640213971647 -0.737117959825873 0.0389576050910927
 -0.47208040252854 0.624636495224131 -0.622068599418589
 0.187173972896124 -0.972145807207325 0.141061807019118
 -0.896117216600318 -0.23183969692594 -0.37844985010142
 -0.975908719871639 -0.156858612542195 -0.151649418560825
 -0.977732890068963 0.0466310308131251 -0.204606800089096
 -0.805398565974484 0.590079047345019 0.0560345233819315
 -0.912381280476768 0.409202829846479 0.0106509662099925
 -0.883220353269662 0.468175960731955 0.0270754014360889
 -0.854348355778205 -0.451300590109974 -0.257714307607218
 -0.634762185431029 -0.102381729766462 -0.765894868344769
 -0.184988451114671 0.088215104812903 -0.978773399841375
 0.0281173082954584 -0.253205889451997 -0.967003720014066
 -0.947832158627717 -0.00205280378874209 0.318763211597146
 -0.704052501102582 0.308704646758911 -0.639540082215849
 0.579234520124912 -0.814981617071446 0.0170977931697197
 -0.21062625153541 -0.217864136804035 -0.952980482517231
 0.723403746999257 0.122680682613498 -0.679438348153032
 -0.0613795370760819 0.775662152514452 -0.628156650514004
 -0.873633645289261 0.0944381894922411 0.477331836549821
 -0.988510539098445 -0.0964342546852821 0.116393078035575
 -0.631051572772366 0.45151684577691 -0.630798264488095
 0.146972655899123 -0.760440120719095 -0.632558188010151
 0.436580088752392 0.0110767932757586 -0.899597204728694
 -0.493717588096702 -0.86675739356626 -0.0705305884152268
 -0.923379214712768 0.238628662101328 -0.300711136242344
 -0.698881892816892 0.0814646757169765 -0.710582582465265
 -0.472337614237544 -0.47277765225613 -0.743894125332071
 0.749124041380282 0.640347028756101 -0.169613836078627
 0.145771151698851 -0.982432454452879 0.116521430518522
 -0.990196306298625 0.0533949111788063 0.12907462358174
 0.766475459886527 0.56645125486476 -0.302734777080327
 -0.279428231821265 -0.957620565383396 -0.0698764339103409
 -0.984028043193835 -0.171275321058246 -0.048513653794638
 -0.383204491983599 -0.8870310286124 0.25754663966439
 0.100481451310503 -0.925704984911294 0.364655671631357
 -0.997883821829984 -0.0052710928214369 -0.0648081299718778
 -0.855126609903509 0.471013389338313 -0.216575317381661
 -0.263133485493659 -0.402067938072002 -0.876984687429882
 0.127930402913269 -0.978696520770723 0.160583100735196
 0.147655864134564 -0.911442610774784 -0.384018375928445
 -0.585643854415114 -0.232959209798761 -0.776370583133948
 -0.681604417096655 0.648888754301286 0.338169784480599
 -0.680761157878058 0.71181006877288 0.172889189708533
 -0.152214547212383 -0.34791245584351 -0.925087917273741
 -0.610164662381034 0.138051654678369 -0.780154359996791
 -0.950703140422293 0.196944166947759 -0.239533993196044
 -0.983671491835272 0.114750557346539 -0.13864597267584
 -0.862874606725583 -0.189882197036583 0.468393172790479
 -0.888102487450107 -0.30639304186573 0.342632858437712
 -0.657640710266605 -0.19207313611629 -0.728434352967025
 -0.42260866123894 0.181048273640666 -0.88804472976172
 -0.0691140132348084 -0.369806443680968 -0.926534644461077
 0.790626257766299 0.0144210238657565 -0.612129197638146
 0.292773075018257 0.835617249492827 -0.464787842885759
 -0.137740268853975 -0.912159687474034 0.385995236866089
 -0.212393307933907 0.467428111285134 -0.858137543477329
 0.220267469964154 -0.938163721694076 -0.267078776717115
 -0.255109710267748 -0.884989684780149 -0.389502623302896
 0.444441862130448 -0.821506835911773 -0.357208552160006
 -0.136239748593275 -0.250479312259149 -0.958487790758664
 -0.156088530565823 -0.0888353441328601 -0.983740134516529
 -0.508061735836034 0.048877157565749 -0.859932727629068
 -0.490054616050647 0.0805776672578751 -0.867959511052636
 0.294809063803349 -0.935289524727742 -0.195757811680527
 -0.443901636897651 -0.0175334724281494 -0.895903964777586
 -0.262425680162076 -0.871060758677996 -0.415193830737869
 -0.366544808469419 0.558358053084196 -0.744231944987679
 0.138190320772673 0.684038920693303 -0.716236127419922
 -0.506957729375228 -0.210584420736787 -0.835851698789723
 -0.936475468064311 -0.162129272443955 -0.31101092702753
 -0.263363076686614 0.20462129838278 -0.942745996589912
 0.026931812164816 -0.914322492707381 0.404090406744433
 -0.837972302043821 0.356212150486232 -0.413419066872045
 -0.123902377738283 -0.992036102324253 0.0226400635181026
 -0.188240228778679 -0.785228596118633 -0.589899710210906
 -0.0170277410683726 -0.924698631044392 -0.380318942177137
 0.372586162698216 -0.0351688540280969 -0.927330956601886
 -0.0165086313620171 -0.984115072143663 0.17676252394166
 -0.40827332596236 -0.0986474823634838 -0.907513947843767
 0.374794793298053 0.415433747987107 -0.828820646430852
 -0.112705708509038 -0.867486398446547 -0.484525305613355
 -0.18501423669754 0.429120446819886 -0.884095794775842
 0.829918310001689 0.54415987911774 -0.122986278431813
 0.261324548581766 0.253486036510072 -0.93137227229661
 -0.416518809223307 0.221310709714354 -0.881778686138947
 -0.0838621631879398 0.616885422471968 -0.782572369258602
 -0.932937725691302 0.217322256272369 -0.287050930865289
 0.12586329171477 -0.981563548617462 -0.143845166148251
 0.0808988110290101 -0.614199490621694 -0.784993228056233
 0.01112921857183 -0.437397494899452 -0.899199406110605
 0.0180203740267104 0.501347796129147 -0.865058179220557
 -0.401043469497383 0.847919039515611 0.346695021597406
 -0.983551928957296 -0.0591487101714482 0.170666438204574
 -0.0342217544098307 0.468459064962017 -0.882822165546395
 -0.267033770002852 -0.622699016891999 -0.735485485947752
 0.212179422307734 -0.188856161447599 -0.958808241011953
 -0.0120473841314306 -0.972461019779786 -0.232754002209306
 0.048249593057809 -0.745213475052821 0.66507808065629
 -0.22072948739469 0.495226645144005 -0.840255356028089
 -0.330989521643438 0.478476936174331 -0.81333004254821
 -0.533330738272605 -0.823498908452558 0.193411145984513
 0.0793997385117033 -0.995432809936621 -0.053001909644439
 0.172886543486767 -0.967557075979148 -0.184237748042791
 0.318898074200161 -0.939345346633055 -0.126231287842015
 0.242711864118726 0.34095124220088 -0.908208787370883
 -0.708757177069549 0.567797429944037 -0.418651815356568
 -0.927309595553287 -0.290971183002104 -0.235441467581979
 -0.832338555089881 -0.324591697249919 -0.449280268637858
 0.0542939250512775 0.527410477188274 -0.847874022632232
 0.267775315989776 -0.132678768081361 -0.954302218716371
 0.187477343085277 0.134645005102354 -0.9729969005247
 -0.168966251387423 -0.470446643499958 -0.866100664768078
 -0.0881494091916254 -0.0239138288518469 -0.995820169733879
 -0.023857018277819 0.341571727727555 -0.939552871048833
 0.555477576745964 -0.227252385589525 -0.799875624691927
 -0.991847498737075 -0.0920817627248779 0.0880879573068113
 0.473903883982048 -0.877178045746429 0.0772902633402532
 -0.883239852946941 0.451958475348956 0.124983593829401
 -0.180803544703546 -0.927638528469563 0.326797856053947
 -0.967163059752716 -0.234967237447229 -0.0968814387598671
 -0.0948783981554703 0.471044845507003 -0.876991928745491
 -0.969907954052973 -0.056763580163665 0.236762447680748
 0.710285207559352 0.0210348195612668 -0.703599644889332
 -0.595930944990412 0.422237990843147 -0.683067630540034
 -0.815573896212848 0.38489224618762 -0.432084689199749
 0.107029200712045 -0.98887485224803 0.103301872133941
 -0.110684884931761 0.45109077311568 -0.885587923730638
 -0.911007015523959 0.386455617736566 -0.143938435402007
 -0.624084795209887 -0.467723813587011 -0.625901432009431
 -0.979671718307112 0.191366153434786 0.0601857098384989
 0.08751858551034 -0.957171426416422 -0.275977096227608
 -0.0174492526916332 -0.430698867712121 -0.902326996676926
 0.626302238721698 -0.724191838751692 -0.288602991075339
 0.594212882575248 0.34543512016199 -0.726350898629779
 -0.832195526541802 -0.509840167254105 0.217976167179165
 -0.688037866799755 -0.104041319106767 -0.718177761956027
 0.071104812002572 0.876721538728784 -0.475713621035926
 -0.390083777648906 0.641425867100664 -0.660611461775619
 -0.153124205541207 -0.547863589246335 -0.822434474748899
 0.0362751367819044 0.448443973387057 -0.893074530587612
 -0.241040549969789 -0.189478236194078 -0.951838983903813
 -0.914051243013235 0.392290869742521 -0.103044644026831
 -0.924274722622876 -0.377927807033685 0.0537290404819855
 -0.426114543532963 0.146870616606375 -0.892667585256325
 -0.935768879296562 -0.105755378777314 0.336381337769686
 -0.170417660861389 -0.84303468183302 0.510147376836568
 -0.441696848530429 -0.0116826273429243 -0.897088295663617
 0.307676016989098 -0.945960276856807 0.10244326809858
 0.476998671135701 0.234118683998806 -0.847148575833922
 -0.943464473069914 -0.227367309401197 0.241203015467406
 -0.629849398777983 -0.468198488641599 -0.619741809217948
 0.0939992301756303 -0.211440045134865 -0.972860345599385
 0.168451320004262 0.4327740900644 -0.885624491394492
 -0.293673789820117 -0.144514694110537 -0.944918625257661
 -0.126514615747102 0.298100971580913 -0.94611302852507
 0.37380330219149 0.353274497595267 -0.857594438309595
 -0.954660511566511 -0.00713939364994645 -0.297611049381368
 -0.677510940093792 0.142291035796051 0.721617756977552
 -0.407882841766696 -0.0902962003525318 -0.90855829950214
 -0.185914766835503 0.149944581187002 -0.971057321709257
 -0.186758766280495 0.408176060030651 -0.893595807530028
 -0.298626250895715 -0.224244720192691 -0.927651156276793
 -0.8355052286108 -0.465891647149474 0.291334834992943
 -0.23248637294669 0.257713562605164 -0.937834636832873
 -0.0965732548916169 -0.0639832465169327 -0.993267210072291
 -0.651421935961867 -0.4022833763336 0.643286519735438
 0.344830859281616 -0.75124395944272 -0.562782544050477
 -0.252094824058804 0.0987709288096681 -0.962648691530216
 -0.668922681421096 0.136702048297974 -0.730653814245536
 -0.264483197557324 0.117317270073897 -0.957227922885799
 -0.905854873755147 0.334321113192719 -0.260108325448511
 -0.710619251800676 -0.0742731188862611 -0.699645469349409
 -0.989057150379597 0.0147039547504164 -0.146798320827211
 0.275982356212256 0.423587938094162 -0.86279023972265
 -0.768380607035508 -0.452126175983188 0.452960443882867
 0.207353606188328 -0.919566551829724 0.333769139910639
 0.244998045878857 0.626797880056899 -0.739662338551666
 -0.0249266801663512 -0.963916770145325 0.26503418807484
 -0.106088120029105 -0.132563506433204 -0.985480708867923
 0.472671818668573 0.650063227021464 -0.594978279192598
 0.449312189410223 -0.86433447497321 0.225930236622232
 -0.967179063584862 0.0429521613315015 -0.250439155884342
 -0.260325844713582 -0.961944028019665 0.0830309673041433
 -0.136693509393095 -0.0977647286839537 -0.985777328971991
 -0.166762806392475 0.0126341362746129 -0.985916094302502
 0.250898050583737 -0.881105352487437 -0.400878442961542
 0.178154945108968 -0.953890289737314 -0.241565996527003
 -0.318132304400108 0.226162024421033 -0.920675065159721
 -0.200977594881277 -0.0813935884652721 -0.976208527985944
 0.0926533576749017 0.647356015188359 -0.75653522384025
 -0.126523308446775 -0.361470915846614 -0.923758967164429
 0.0627343903280651 -0.323381286670918 -0.944186919895223
 -0.356559149880723 0.76821022257878 -0.531712917429882
 -0.0825788072766103 -0.989819945528146 -0.115919006307986
 0.0108361638629149 -0.981993312285279 0.188604645170056
 -0.148878988561979 0.472137504845222 -0.868862027760041
 -0.427027735946999 0.299411235157073 -0.853229292156391
 -0.0319972067817891 -0.0282316044889789 -0.999089162820887
 -0.311655822956515 -0.877578803070795 -0.364315923915121
 -0.792044045436113 0.486216302230793 -0.36913403735528
 0.0301805007752977 -0.687947022367793 -0.725133113151123
 -0.703607400012601 0.3433872611496 -0.622110774322133
 -0.727764818946121 -0.108687567262301 -0.677159789877487
 0.100028633050998 -0.990399681832694 -0.0954082952140301
 -0.787092026532267 0.38300960431678 -0.483518132824853
 -0.652636923749031 0.272608854257121 -0.706929599281301
 0.42885626537806 -0.827404208991192 0.362608023338761
 -0.240449395095622 0.14006877077839 -0.96050238305315
 -0.601856844419123 -0.656855925102341 -0.454212100767697
 -0.178367650682991 0.268620353717625 -0.946587601206803
 0.343982667021472 0.351579331368992 -0.870670947340571
 -0.388663461186141 -0.912212993054456 -0.12964632367113
 0.230653699429628 0.583053131774742 -0.779004439311543
 -0.0199521454230665 0.228883036122098 -0.973249437538264
 -0.498343496817835 0.68550582871097 -0.53078763925195
 -0.0209433845973199 -0.371173228337703 -0.928327425646241
 -0.844423325503067 -0.128694508365013 -0.519987471832764
 0.01925011331622 -0.978951793464995 -0.203181739359083
 0.864698156720852 -0.22596620973749 -0.448593769261715
 -0.198212326541529 -0.96009841572882 -0.197288888997844
 -0.2255065436477 -0.1562258799977 -0.961634168065493
 0.343191784456472 -0.546123276035866 -0.764178491226647
 -0.910453961649276 0.394545635477082 -0.124126247196653
 -0.969768504451937 -0.211395315093135 0.121905982337733
 -0.985068310485857 -0.0756645933596332 0.154645701486528
 -0.99458920860681 -0.0581839783934162 -0.0860635275897626
 -0.205869986601656 0.183718494424576 -0.961178996557354
 -0.909231992298559 -0.383311100574727 0.162387759258462
 0.191339634674198 0.543124105009148 -0.817560609839268
 -0.736661393555059 -0.363078676264541 -0.570529461191538
 -0.143765029256763 0.112156900582907 -0.98323570216629
 -0.157172064101065 -0.34257282076886 -0.926250940478161
 -0.816688596467524 0.56031640537059 0.13807701572849
 -0.0367979435820948 -0.020058594935658 -0.99912139608625
 -0.51635287226977 0.0851126912319496 -0.852135870087637
 -0.527438076669941 -0.844070083315488 -0.0967200585736975
 -0.225906981355318 -0.863274279524916 -0.451357457106521
 -0.626339557626998 -0.191549915280931 -0.7556503083487
 -0.981322283027454 -0.0875017098212257 0.171318497577314
 -0.720231892605428 0.214025570085785 -0.659893230927139
 -0.224713961827274 -0.953155528871313 -0.202480056158475
 -0.972488253011282 0.232453297159459 -0.0152335942823871
 0.0781874401670616 0.0625651327149995 -0.994973531491404
 0.354354405785026 -0.149045616310622 -0.923156736074285
 -0.393928400023567 -0.917836095368319 -0.0489624110304046
 0.178443424000244 -0.904944818611481 -0.386306639470903
 -0.909082428887789 0.409688483575109 0.0756603192790432
 -0.804571949037586 -0.530508787227352 -0.266879009096676
 -0.443904762077097 0.0488476543303701 -0.894741565409642
 -0.317191974399164 0.048733240246519 -0.947108400697531
 -0.928455508096306 -0.370918374873693 0.0197466115242542
 -0.3372375830644 -0.0293577406938465 -0.940961707844817
 0.0595727973350587 0.622115119659955 -0.780656044431961
 -0.127085085981033 -0.991833209154345 -0.0107826777651176
 -0.178548074157236 0.883156413196572 -0.433768757570791
 -0.414606453972657 -0.711078891951685 -0.567862921614877
 -0.947201501007559 0.252010402555552 -0.198242461377011
 -0.272991374609852 -0.853211351524794 -0.444416582744004
 -0.851888811154508 -0.213680233729492 0.478148733286066
 -0.93242932193335 -0.023792676057223 0.360568257289724
 0.0900332041076558 0.361964830491801 -0.927833758625515
 -0.985487134444259 -0.039474787880681 0.165096483810584
 -0.465077300538916 0.155530096992024 -0.871500713397922
 0.114408506482045 0.351736176797703 -0.929081457987556
 0.25639272690729 -0.193926064121898 -0.946918925380221
 -0.0226203983863039 -0.166856354480292 -0.985721702381759
 -0.482053540690897 -0.876100672196157 -0.00848505066644625
 0.210879168718644 0.333248209815012 -0.918953539008161
 -0.985849071905082 0.165778139497062 0.0248840488823856
 0.0113526697676545 0.62583041172195 -0.77987653680123
 -0.985884767938305 0.0284587577423041 0.164988858578389
 -0.836957255031317 -0.106016656655416 -0.536901314733025
 -0.497447412443933 -0.332061306583002 -0.801424581930967
 -0.368887393752315 0.507991144947943 -0.778374644618581
 0.574808984894126 0.209764614330459 -0.790944648796475
 -0.178951777080438 0.799525652335076 0.573354159955192
 -0.52307020978556 0.339554986145076 -0.781728832152754
 0.447542111599325 -0.538152180960191 -0.714211655234642
 0.39262505673038 -0.417559210095357 -0.819444855308768
 -0.461090376903159 -0.299208234254886 -0.835386196247805
 -0.261776825558556 -0.965016133814307 0.0147226043406981
 0.423418561689614 0.192726502806948 -0.885196710755582
 -0.00131497927463171 0.202111823118895 -0.979361568464407
 -0.452311808387507 0.0884047182581989 -0.887467539565765
 -0.546476111284605 0.331708614488913 -0.768981960041392
 -0.989428458695176 -0.11130464238555 0.092965594213741
 0.0574936939083641 0.125501949529232 -0.990426037533916
 0.600926091056537 -0.177175320152427 -0.77942077148123
 0.414978461946256 -0.856860158938086 0.30591427581157
 -0.960235825424859 -0.271903218332069 -0.0633703355782697
 -0.854475225144032 0.14279387463093 -0.499481730379543
 0.114205088426109 -0.408483901020762 -0.905592679069594
 -0.21960730423636 -0.897147526305179 -0.383273985512371
 -0.959154168146658 0.0502652397397157 -0.278382268474129
 -0.310203922660751 0.434648352944519 -0.845490588740347
 -0.353299020418979 0.0382589425231223 -0.934727797536803
 -0.999915254410441 0.00655976354230542 -0.0112451544930447
 0.438972296757336 0.0244207778029332 -0.898168663610064
 0.199321672251431 -0.345622023825156 -0.916960352260607
 -0.029620826773442 -0.98412696631605 -0.174976343517707
 9.27682496230942e-05 -0.102060340583719 -0.994778205568451
 -0.131545816184773 0.85770702835547 -0.497025504128219
 -0.0524900347979741 -0.271702223679225 -0.960948852902521
 -0.913268395951279 -0.0859058301639088 0.398197219101825
 -0.888179837130832 -0.216417465322435 -0.405339435063579
 -0.223889101167882 -0.966566190978408 -0.124993875192863
 -0.778026115456205 0.183636431193587 -0.600793662422142
 0.14919263330848 -0.973633124263785 0.172569109352813
 -0.394807413982487 -0.235439064448124 -0.888085329681925
 -0.0908319870894654 0.163576676535737 -0.982340175812281
 -0.258849940657904 0.445907229462216 -0.856833385749371
 -0.438593781285489 -0.556936808116493 -0.705306236171714
 -0.373382569277396 0.25979278441309 -0.890557783710133
 -0.958753567883381 0.0909702409445357 0.269287971015011
 -0.890401884417762 0.00485118912000831 -0.455149371294107
 0.308166435856284 -0.929894148528309 0.20082410299674
 -0.235347521442976 0.25142796457722 -0.938826673448941
 0.00584419182957759 0.552761102047525 -0.833319272239077
 -0.171032687804565 -0.39212664458646 -0.903871956810095
 -0.435622544080964 0.350477002261457 -0.829095211645956
 -0.98134250074503 -0.103863458417595 0.161800118161349
 -0.613292643297794 0.685926586319736 0.391633568347452
 -0.990998531846111 0.099537934246139 -0.0895215589948235
 -0.238168624899681 -0.9278179600868 -0.287105449362711
 -0.751950511310639 -0.403986827521801 -0.520927127080687
 -0.575693023458602 -0.303642865754624 -0.759195991044087
 -0.216343341531144 -0.0296973613437719 -0.975865577476917
 -0.921286195842425 0.135906989679087 -0.364363877883856
 0.189897521233009 0.342988352516034 -0.919944520864109
 -0.426254810456833 -0.239360576138712 -0.87236079184759
 -0.209004111542526 0.815641232254351 -0.539487406345063
 -0.0382886131064447 -0.993688323738427 -0.105439543684045
 0.515646298085146 0.166555085958387 -0.84045719618103
 -0.593925967626879 0.804248249251032 -0.0208973336846087
 -0.115219502451157 0.240700862558621 -0.963736250754553
 0.363591336582572 0.733016582913342 -0.574880882562767
 -0.916546313210294 -0.242306530426184 0.318167253270104
 -0.801117199644447 0.385348309174072 -0.457949683972512
 0.0933710149963386 -0.95909905990341 0.267228080206681
 0.0396188832059483 0.104999641871542 -0.99368275586344
 0.543332996146531 0.154430264944186 -0.825191219395664
 0.0560035825429068 0.415614324686679 -0.907815141897069
 -0.961588557958177 -0.0687185298973171 0.265754038262198
 -0.979113871684957 0.165076630765588 -0.118683327595648
 0.205842655750224 -0.978004312436339 0.0337100271376106
 -0.299023751556139 -0.857434273916825 -0.418797399607518
 0.158044235236957 0.198410638592175 -0.96729273656004
 0.158159734570579 -0.879190168668339 -0.449455387861245
 0.544518862257527 -0.820402376848177 -0.174468188239666
 -0.960082177316538 0.245284967272159 -0.134452585060427
 -0.417020083708517 -0.220642423243823 -0.88170923259816
 -0.32359203701925 -0.396673747234793 -0.859033254206402
 -0.891425307702662 -0.417530070475496 0.176152096314356
 -0.640896762410508 -0.0196682056638914 -0.767375072319717
 0.112313180978127 0.524475349678934 -0.843985400915048
 0.0561961024375146 -0.521871064382134 -0.851171304868468
 0.278918081736687 -0.934646121155896 -0.220547799555027
 0.185733273779715 0.49099034467223 -0.851135495940402
 -0.941622088348679 0.333891484374594 -0.0431777650649265
 -0.337709551742652 -0.877665821388716 -0.340080820729203
 0.0969691162445656 -0.283257578753896 -0.954128992627951
 -0.313736778896352 -0.370151202531897 -0.874389684769858
 0.05406325512568 -0.99799805677294 0.032818335159646
 -0.537372162176223 -0.836079188604966 -0.110466056776339
 -0.584594884836816 -0.341854762643575 -0.735788109363378
 0.127336103808829 -0.991526411651277 0.0257078133012206
 -0.846772049409259 0.336935169316518 0.411645221054361
 -0.430343987189626 -0.0760414084210684 -0.899456367421497
 0.0122435845455747 0.00566906302668416 -0.999908974038075
 0.0614229074950247 -0.959604480680241 0.274565961279367
 -0.0649212684361157 0.20657906265225 -0.976273691020281
 0.068425926185197 -0.996956727285911 0.0373520621259864
 0.84359494522888 0.484287703997611 -0.231976266331289
 0.0146333370951416 -0.999843295182342 -0.00996245574025941
 -0.757545836725839 0.0637503846114169 0.64966159938944
 -0.032322329742017 -0.810337122696014 0.585071802927465
 -0.335745398424673 -0.255179915452719 -0.906729418396801
 -0.451549134675283 0.0620451282822467 -0.890086389644535
 0.0549596789814331 -0.0725962407997452 -0.995845981820484
 -0.128751347904645 -0.0931020037594593 -0.987296868884284
 0.0704033349405519 -0.913408883704061 -0.400908445408362
 -0.176563704864026 -0.0318194908192453 -0.983774759855473
 -0.492571681721221 0.456531510813533 -0.740913029984384
 -0.992638960266064 0.0186412706497181 -0.119667863649653
 -0.648677562688247 0.154084146020835 -0.74530228472068
 -0.430264826425606 0.187080903142818 -0.883104135886709
 -0.948469484481656 0.31685013947752 0.00340970969117451
 0.380881984664204 -0.0129115560055519 -0.924533506953519
 -0.0691781434355502 -0.236305751648807 -0.969213070593099
 -0.916952803528543 0.367608782351547 -0.155117179058797
 0.268291738778042 -0.737461636376204 -0.619814389778736
 -0.894700574992501 -0.419354034816494 0.153795561025716
 -0.478761911344095 0.314881755816877 -0.819534326370671
 -0.123359891332011 0.0112927745826803 -0.992297742843739
 -0.344785193828989 0.812061821090955 -0.470827748590446
 -0.506179859269116 -0.754539442023865 -0.417674730502831
 0.643206658103866 0.665375224657166 -0.37889445150765
 -0.962217915623394 -0.271298951747626 0.0230989530933871
 -0.469461993054261 0.587901668982883 -0.658769356212523
 -0.325126595799245 -0.634105140214358 0.701572068897932
 0.35068677350898 -0.136488029547862 -0.926493283664811
 -0.92667479207519 -0.373683885601438 0.0404250340038813
 0.224289965252397 0.566930307589633 -0.792643701686579
 -0.890957026555126 0.454038975484064 0.00664722298639146
 0.252861231836547 0.447788517904368 -0.85764015803081
 0.191747582337509 -0.0695349341581269 -0.978977914765877
 0.309012919666735 0.267805106414433 -0.912574073956408
 0.405909999229138 -0.912785624840625 0.0453814456591165
 -0.850643094698172 -0.382176944912018 -0.361036159158653
 -0.939214031443908 0.339900257010128 0.0484233251990205
 -0.434453151828305 -0.833985981306514 -0.340173252697301
 -0.224339074893989 -0.715674444635271 -0.661424272892752
 -0.352848656532631 0.661895709377349 -0.661356103389825
 -0.965611776740903 0.127383104138802 -0.226643864684751
 0.00650932655436912 -0.079863184075923 -0.996784580788178
 -0.0270481624263578 0.557700467612781 -0.829601461747653
 0.103795261426535 -0.993240382573992 -0.0519623530035729
 -0.0838429919398365 0.519691978408746 -0.850229733825029
 0.259410067613764 -0.96517088465785 -0.0339349411286576
 -0.148362902217524 0.108389616955477 -0.982975147285952
 -0.928787267513955 0.108805554362149 0.354281756577878
 0.192253846351612 -0.965769790080434 -0.174146981400782
 -0.342662073448684 0.430088999718844 -0.835228205786115
 -0.468020734531355 0.188407575033833 -0.863399778618574
 0.0712302382497663 -0.856854632805115 -0.510613739924116
 0.42902476541378 -0.882708902573818 -0.191736131124462
 -0.12280721390744 0.445011360712037 -0.887064415389048
 -0.977740642274931 0.196840722997768 -0.0726427299426517
 0.246547076106782 -0.788240562583104 -0.563818547727785
 -0.841011462835854 0.163563725506034 -0.515700132904078
 -0.990201940392155 -0.00135663375726152 -0.139636230214297
 -0.975850380748497 -0.0137618403099939 0.218006069053811
 -0.369684760817119 -0.357586012702574 -0.857592806137659
 -0.401564673091518 0.129592211266511 -0.906615504005947
 -0.0322243697157571 -0.903447018449734 -0.42748692945014
 -0.140324894545227 -0.984985482270401 -0.100561044581967
 0.239766751028009 -0.79484599823683 -0.55743317463923
 0.374433458113741 0.383292585767323 -0.844325991037102
 -0.336567617515488 -0.872215222294477 -0.354912446721362
 -0.925915148014055 0.36004607510001 0.114227678271019
 -0.160464234144359 -0.223243970268064 -0.961464174735292
 -0.939200957945183 0.208208822000898 -0.273039643707374
 -0.918942818696604 -0.263452452422586 -0.293490887896823
 -0.0042508650351534 0.0800609575765603 -0.996780905323922
 0.429010012024137 0.359395280440882 -0.828725190868402
 -0.186204054348077 -0.0829499108994212 -0.979003249446148
 0.38356117463529 0.0588858776861005 -0.921636196512232
 -0.163060559580873 -0.139139818513358 -0.976755529707021
 -0.859968635434007 -0.291256010222788 -0.419075032158771
 -0.565752342144372 -0.524664155506325 -0.636122481354803
 -0.701412209176143 0.121174424416854 -0.70238000518657
 0.383439467474684 0.21727682634006 -0.89764411406655
 -0.812637970748394 -0.193477231719016 0.549714552567311
 -0.997275996389014 -0.0547800511749235 0.0493936536365927
 -0.258278604940841 -0.96328279071875 -0.0733377619982365
 -0.0113690255291366 -0.346926713571396 -0.937823331267179
 -0.456374544334657 0.0141141128094147 -0.889675821354575
 0.540399964357373 -0.475203095706725 -0.694370143621754
 -0.51913373890575 0.503912476319601 -0.690342217555311
 0.0251646421816533 0.666464337722865 -0.745112090445117
 -0.98090896737722 0.0374450684756773 0.190828364154303
 -0.983815073718956 -0.163885227071851 0.0724536615429021
 -0.982906730339893 0.184090877331075 0.00221547647618587
 -0.688211276654402 -0.676544045937179 -0.262017924182051
 0.256528304935341 0.718369314510367 -0.646636495054915
 -0.890918732994 -0.345027039542018 0.295330582881687
 -0.388695070528739 -0.35246940069786 -0.851282246800878
 0.357974353806544 -0.867579843252364 0.345194984898379
 -0.186231091597971 -0.852633507130144 -0.488194718366739
 0.15747949184464 0.463082835115354 -0.872212415338076
 -0.972348739366551 0.147997935302404 -0.18065032576363
 0.199940287507836 -0.164434677932571 -0.965911547774689
 -0.353982756898815 -0.125507141022545 -0.926792406836969
 0.563707155787865 -0.207279598740167 -0.799543251150099
 0.0941864123944366 -0.981739449443146 0.165277261374136
 -0.994525025989688 -0.00882456602506257 0.104125403791198
 -0.640346526228764 -0.24188503200712 0.729004772026679
 -0.997995319812409 0.0632421667378907 -0.00240207802208385
 -0.0469310105971098 -0.471129685282927 -0.880814566120216
 -0.946214861397416 0.321299723571726 -0.0379989960841348
 -0.832031888334608 0.00747474994184246 0.554677442219939
 -0.383150336349597 0.125559773745695 -0.915112322598773
 -0.096866889326021 -0.246703939490631 -0.964237508081958
 -0.556863825450036 -0.199220174242278 -0.806358482363786
 -0.363561681494172 -0.855698992709578 0.368241955275256
 -0.648389899447015 0.407780001455178 -0.642888799644468
 -0.104463659321153 0.739167663554607 -0.665370955961002
 -0.402167644880504 0.0576696731386948 -0.913747992726301
 0.0382567123750136 0.436606433930529 -0.898838831943037
 0.249069354016459 -0.95749233025266 0.145509086991688
 -0.748707058282896 -0.65603446076353 0.0951657878025277
 0.0480939205802162 -0.861142532414197 -0.506083504641761
 0.0687108778650398 -0.151443014595771 -0.986074960940171
 -0.478892551798732 -0.0144031414427673 -0.877755360763054
 -0.449493990908218 -0.0502329289747679 -0.8918698363461
 -0.829163237627745 0.231144812757003 0.508979764727642
 0.334885746944971 -0.938787581580235 0.0808047842880822
 -0.34659217155818 -0.0245004234210012 -0.937695897328541
 -0.97397437186799 -0.0282411860472953 -0.224891881478628
 -0.695922104640537 0.179486707456522 -0.695325065073237
 -0.362579936260797 -0.886179257488785 0.288482431731538
 -0.132535126622178 0.348541642892676 -0.927875618486076
 0.157726769621315 -0.253257539563596 -0.95445423399921
 -0.0747674645387274 -0.488805931069746 -0.869182712666036
 0.396611743647603 0.78847415294666 -0.470114491305954
 -0.0252001411579619 -0.822492347416352 0.568217644329317
 -0.917680109712626 0.352205987498207 0.183886265414891
 0.254507334503473 -0.966866570255251 0.0198759152439798
 0.380526583939571 0.393694808876856 -0.836781881005257
 0.103436241511996 -0.98786882897394 0.115827978845906
 -0.685911015790399 0.572410849714387 0.449301566374563
 -0.842946020014938 -0.51841413749971 0.143835980830273
 -0.97424983096282 -0.176730995403185 -0.140012221369124
 -0.146430010329685 -0.956819277936947 -0.251107788495434
 -0.248375547900745 -0.146447168001478 -0.957529536980114
 0.257638037216768 0.736399564585606 -0.625570398162526
 0.22306449058337 -0.951684918496829 -0.211040396480073
 0.190092898419075 -0.977905830824504 -0.0869762956791846
 -0.290277242195884 0.508614736558894 -0.810586313984069
 0.493223841903363 0.291546405071182 -0.819591932285913
 0.471024328146307 -0.807426867054536 0.355243489247609
 -0.969762680434643 0.23594046282357 0.0623894353141398
 -0.339374813510764 0.236251664735913 -0.910499800584297
 -0.253621678135865 0.514712574275267 -0.818991459212168
 -0.925286584913939 -0.142454561841647 0.351498838673478
 -0.0951710438662003 0.270241210153967 -0.958077325033808
 0.226620855860058 -0.880472609830903 0.416426429308723
 0.30745537418633 -0.675719937987964 0.669980416347736
 -0.996998972262038 -0.0765475055626856 -0.0115554619367085
 0.639648211885361 -0.225532451490263 -0.734836905957133
 0.647956427429685 -0.70584261268292 -0.286249321874323
 0.0503344860321762 -0.99753125327676 0.0489677266367605
 0.191318841469227 -0.961045980478433 -0.199468604810682
 -0.0748826609010049 0.130731794910355 -0.988585749895224
 -0.0894331983932655 -0.978153788008039 0.187661583790279
 -0.956931628797942 -0.228598683439337 0.178953903941546
 0.280588353836213 -0.882596190214859 0.377218955925734
 0.205499530842539 -0.0641778633313081 -0.976550636004977
 -0.596478177386846 -0.217056173280609 -0.772722719700958
 -0.283285478345229 -0.958725795050041 0.0243759648913168
 0.60207877823578 -0.787238192955322 -0.133256040578091
 -0.734512991884908 -0.190456788591405 -0.651319335220236
 0.402091382303005 -0.915595964424933 0.0025593371086724
 -0.844013896556729 0.481016259964826 0.237200126620072
 -0.492435262555392 -0.150939238587204 -0.857160929141499
 -0.275861254064421 -0.959236822292505 0.0613619366071668
 -0.0752665828971123 0.00341153863954186 -0.997157611866401
 0.317364833407792 -0.88477805924708 -0.34124382542548
 -0.771582807731303 0.443373291838295 0.456157971428707
 0.253305080219092 0.50835006066151 -0.823053310643143
 -0.681650512211318 -0.106421464489766 -0.72389712742758
 -0.108163737796031 -0.225258377109542 -0.968276442638138
 -0.49821926562761 -0.065355209157712 -0.864584443529628
 -0.624432078932175 0.573673728708553 -0.530078326089709
 0.312234326350674 -0.900827233599299 0.301695244666163
 -0.660490430765102 -0.103093086492183 -0.743723205490622
 0.0392917742309999 0.0113091972361948 -0.999163779635578
 -0.270332565964848 0.531193994277605 -0.80296528207779
 0.0378613507092329 0.19396038167926 -0.980278474955616
 -0.0149090417897273 -0.510543096157359 -0.859722901543846
 -0.774691793867309 0.117310820064575 -0.621362049058701
 -0.942247660157456 0.0207569941608916 -0.334273083153886
 0.658646070592742 -0.752430134710259 0.00585201440898842
 0.617629535229584 0.299059942794464 -0.727390478235631
 0.0193892427650402 -0.927757196830796 0.372680346937777
 -0.469049422253704 0.0137166434703336 -0.883065395752418
 -0.908953009013596 0.368641381028903 0.194699665121006
 -0.941103116023495 0.170394358706896 -0.292045694253029
 0.776533400460622 0.255919571938732 -0.575761279236247
 -0.843836395035346 0.507721864246959 -0.17366245126493
 -0.522816296868667 -0.0386679038508607 -0.851567914461503
 0.0355014163630758 -0.998948490947476 0.0290096857959031
 0.668167382210245 0.0578053987015656 -0.741762013877269
 0.538152556345216 0.242536633793785 -0.807197502081794
 0.636111685255155 -0.498046720664237 -0.58933130573341
 0.118037866326224 -0.0411993691649802 -0.99215405764103
 0.504837703909155 0.65497391022112 -0.562270459513382
 -0.92824382842602 -0.250731078113832 -0.274767759129196
 -0.8308011175993 0.249603669087482 -0.49746106518382
 -0.942790645809371 -0.259530208334181 -0.209260290395395
 0.184731506768754 -0.979433780886445 -0.0811402444254925
 -0.44862950225089 0.191577791482107 -0.872943021921223
 -0.807236726619229 0.0391050972492665 -0.588930945498874
 -0.21332701056949 0.590033317758526 -0.778686246505196
 0.229279771791739 -0.955853437934445 -0.183779736195347
 -0.637442017862912 0.0131550441544679 -0.77038601926317
 0.401809767750033 0.309915767340938 -0.861685051334966
 -0.991207463105126 0.129194682077037 0.0285744502609066
 0.111154433557859 0.416343512745574 -0.902387262374147
 -0.261348486395992 -0.169011858018156 -0.950332552587659
 0.33511427346545 -0.934816621857244 0.117542788886146
 -0.346526482284014 0.19264590095634 -0.918045180762138
 -0.332035117745826 -0.200883291258292 -0.921628224327332
 0.16431077517731 -0.926125995163694 -0.339547655333813
 -0.492830373771646 0.00877498506470657 -0.870081158470412
 -0.860833214024372 0.303200233124824 0.408700130004288
 0.230856299088289 -0.223408880841226 -0.94699199634027
 -0.572426035800989 -0.488029736084347 -0.65890470497228
 0.576163816249062 -0.267502655138733 -0.772319614110017
 0.332242492755183 0.266985289068653 -0.904618030678557
 0.488748147159238 0.270134605270171 -0.82954960290747
 -0.177263835708316 -0.333887862145627 -0.925795024863386
 -0.0319910585385708 -0.415295914396739 -0.909123685567018
 -0.781353963738899 0.40658316835633 0.473472396828833
 -0.572897589257615 -0.525208175890562 -0.629241387863609
 0.0600336376672174 0.662719644925204 -0.746457389660424
 -0.862015476599127 -0.0113267013129048 0.506755388664933
 -0.984349397741595 -0.0971127693314798 0.14705568060612
 -0.428986914036853 -0.0823759023002076 -0.899546796061975
 -0.99833492138393 -0.0196103668496908 -0.0542477488690789
 0.22091094772173 -0.905381889769292 -0.362604449578977
 -0.754759003667145 -0.151952316993411 -0.638160904273924
 0.185594248830704 -0.770517091633108 -0.609801759838576
 -0.0606780569775771 0.608559128492441 -0.791185161975341
 -0.65010682026827 -0.0600795974631561 -0.757463902908478
 0.0536001000103606 -0.981307823928467 0.184829607951908
 -0.283902605634064 0.635500679959021 -0.718009885924846
 -0.341022498362593 -0.310797451093975 -0.887191411141938
 -0.968739230524805 0.23699042817757 0.0733473939170426
 0.403610300224881 -0.00256403831111713 -0.914927402180042
 0.0179161417095457 0.24323434113676 -0.969802076280521
 0.327282492978898 -0.833505247920926 0.445146236059335
 0.00404217613725167 -0.988671019300671 -0.150044248163826
 -0.8441635782903 0.332661293320884 0.420385914386048
 0.190742403421699 0.4372193382893 -0.878895093718688
 -0.814978203745096 -0.143665576569187 -0.561400685366041
 -0.118712724945852 0.166397613597822 -0.978886675322982
 -0.653523480713868 -0.675862537095561 0.340759286163095
 -0.101355099856489 -0.153645461332098 -0.982914144747713
 -0.315053167438345 -0.143680661128218 -0.938135048543026
 -0.071074677132494 -0.561298608261863 -0.82455579716221
 -0.964655121653534 -0.0899464241934765 0.247689598171607
 0.150700417741578 -0.976597964291477 -0.1534464083459
 0.474776182150317 -0.796786088362668 -0.373790725211966
 -0.939687092960103 -0.21416213117244 -0.266688486620382
 -0.195849038684619 -0.966511435387341 -0.165827619267155
 -0.667388174644638 0.282993978748392 -0.688844998774509
 -0.620113951234893 -0.0578184011327926 -0.782378246102418
 -0.986932731701801 0.073054656277054 -0.14362033383843
 0.0520007844146668 0.536679126430315 -0.84218254177717
 -0.759256535384382 0.230174160922812 -0.608727664164842
 -0.0518201683574474 -0.90027547705528 -0.432225329619047
 -0.214625778346406 -0.9636381060587 -0.159177183731845
 -0.0464577120926733 -0.275602401996406 -0.960148424464117
 0.39761604794636 -0.222072415056156 -0.890272610432695
 -0.494670103035342 0.184122339228686 -0.849352961588974
 -0.319244816237164 0.0483298711080819 -0.946439100451992
 -0.999589471575555 0.0286389181590007 0.000837067491045918
 -0.827232221588965 -0.15475385071766 -0.540127852691418
 0.0946611068246303 0.350165330713164 -0.931892438010566
 0.178995156513398 -0.0179338162732641 -0.98368649079807
 -0.131982278243248 -0.280209741366483 -0.950822369884644
 -0.183955159377307 0.470989071923642 -0.862745497506059
 -0.451293224332707 0.447205135167856 -0.772231825782186
 -0.0187040882416317 -0.037855619310833 -0.999108156892757
 0.167230980409439 -0.954375815791617 -0.247387553089041
 -0.654981927076369 -0.461694182812176 -0.598194915358467
 -0.965544781131009 -0.178951046706176 0.188943903086168
 -0.964377221592297 -0.253280543054133 -0.0763252316349192
 -0.349309640465442 -0.0460992370822425 -0.935872659830566
 -0.145635105224204 -0.0149043561591575 -0.989226099682887
 -0.62258727794624 0.322214855554635 -0.713135799269254
 0.622478670622594 0.541449591169886 -0.565112948747321
 -0.0129060173832103 -0.994230255620553 -0.10648771536658
 -0.336562069531056 -0.732946551712237 -0.591198211842792
 -0.0167048529200419 -0.917124705074297 0.39825020179694
 -0.457767109400232 0.442596403279424 -0.771075675504988
 -0.994570494404346 0.0919930711140042 -0.0486498358405034
 0.0481045541495154 -0.961616954462252 0.270145858307728
 -0.833789521512287 0.429210758353236 0.347236459390646
 0.506381134957771 -0.831730208241172 -0.2276027391267
 -0.408497240472561 -0.497786595997153 -0.765074185534887
 -0.852781743891177 0.492613785706716 0.173478976875066
 -0.630660509833156 -0.253754648013107 -0.733400231762118
 -0.321223427953175 -0.068134324569374 -0.944549216901632
 -0.991443322626169 -0.0917147098315036 -0.0928899888066808
 -0.356743148353466 -0.201558933362114 -0.912199716336715
 -0.120048382001152 0.27653060364314 -0.953477430895806
 -0.637674170569783 0.267423173096104 -0.722396358434447
 -0.327520750635595 0.91185259534577 -0.247497479308941
 0.193973798259771 -0.975911420602051 0.0998552188278795
 -0.155439532053748 0.658909805004449 -0.735986698754747
 -0.146928510802989 -0.313491412181373 -0.938155182899793
 -0.235131549380292 -0.209996895899149 -0.94900709069993
 0.592359605081831 0.254902056292268 -0.764287275810131
 0.0594943178239699 0.409305834676117 -0.910455468349083
 -0.970027867227493 -0.0531196900173917 0.237116501607411
 -0.157211477870856 -0.205524973347936 -0.965942046168398
 -0.9894210141412 -0.00832947603264557 0.144833271746586
 0.218361931521625 -0.974973804241946 -0.0417629968289127
 0.59800063658574 -0.780571549244609 0.181943109660466
 -0.259048673303589 -0.93271055926492 -0.250888017839376
 -0.952682877246727 -0.276423731766258 0.126432811869841
 0.0132727426599028 0.287389097605135 -0.957721953846726
 -0.719924633285254 0.689197845868998 0.0819441983219368
 0.647383784693301 -0.426810074389221 -0.631448648518663
 -0.0174166773702185 -0.523444410788227 -0.851881804104271
 0.283035281164736 -0.959008782786598 0.013899070262688
 -0.450673081512877 -0.884272463107757 -0.122294662962157
 0.589439093559573 -0.801326240443065 -0.102165607525488
 -0.300383307956491 0.294885880514519 -0.907089954620981
 -0.721925928564894 -0.0151545845532641 -0.69180437425094
 -0.419555674237468 -0.213892442050703 -0.882169518544328
 -0.531799438499164 -0.109449175876373 -0.8397679650427
 -0.28191501658834 0.336800250268295 -0.898381608694885
 0.0764682611863615 0.210011148146666 -0.974704017989694
 -0.0905447084893392 0.171198944153587 -0.981067060544425
 -0.367374494802753 -0.0134904205802422 -0.929975262639276
 -0.734641185617977 -0.229010648677009 -0.638636399828845
 0.018484564605486 -0.917363197709327 -0.397621785569987
 0.0408146576924613 -0.127717685055203 -0.990970411587343
 -0.357398112876296 0.096617137788622 -0.928941180914054
 -0.417447978445747 0.819109415849 0.39344243563585
 -0.447949003503581 0.233303375637016 -0.863082397675055
 -0.985970860457092 0.0404782410898093 -0.161935092947071
 -0.875458923379792 0.432548818091054 -0.215576421351518
 0.258511674696199 0.218312033356188 -0.941016243291078
 0.694624202685116 0.471350964780046 -0.543438575227216
 0.741625736158363 -0.169671289233249 -0.649001480027198
 -0.0897172557858125 -0.257806044633368 -0.962022274879725
 0.0593105500479253 -0.953659733721821 -0.294983679091978
 -0.80165057009346 0.188231763255085 0.567384496413774
 -0.833056566314331 0.50932729159753 -0.215876046273091
 0.0121346493859926 -0.52749546945467 -0.849471176667623
 -0.76963965594844 -0.444308434144588 -0.458524607125454
 -0.0533581275325859 -0.993664246489453 -0.0989154966360927
 0.497466888969605 -0.858574520047732 0.124001967338058
 -0.653892310859818 0.674579493959135 -0.342589188574661
 -0.242598914666453 -0.012112934840405 -0.970051051961809
 0.400233077599654 -0.325983819127706 -0.856474187154536
 0.081671124436401 -0.965014232808954 -0.249153281955989
 -0.32411738414247 -0.115199015089922 -0.938976628153733
 -0.175522915989171 0.120245716474118 -0.977104228643129
 -0.0870429906584307 0.442927162980959 -0.892322277022643
 -0.403169526226978 0.00652386792161464 -0.915102055657868
 -0.405620311660167 -0.0444300275773719 -0.912961190532316
 -0.975868575057838 -0.194975706175487 -0.0983107227923568
 -0.336106633146901 -0.398956033052055 -0.853150874608953
 -0.27018950658926 -0.880873396033648 -0.388663981723545
 -0.956073309667721 -0.0257512287757833 -0.291994350557588
 -0.466293280140048 0.251705638269185 -0.848065356302058
 -0.41573492496062 0.682211239849085 -0.601458474370061
 -0.198419111170478 0.587639587174127 -0.784416708075586
 0.756376509017999 -0.101149510308792 -0.646268793281894
 0.249713540045253 -0.893069114053052 0.374260210872817
 -0.22112530174118 -0.0217905126252963 -0.975001935633668
 -0.381635225275184 -0.496970430829549 -0.779342636912836
 -0.984415671792521 -0.155425426931956 0.0822722419306659
 0.436801936260023 -0.899103207731547 0.0285917877429358
 -0.734394691634114 0.666094275114092 -0.130318277919356
 0.104317425472974 0.606734090805889 -0.788030213758737
 0.0898743603315073 -0.97451592971193 -0.20552688897732
 0.0592211990923832 -0.352410382173933 -0.933969898933624
 0.0895602391486906 -0.980673686895857 -0.173948507880107
 -0.0405180536485153 0.115693972829901 -0.992458156286385
 -0.360298088565769 -0.80729084633173 -0.467404296947357
 -0.113491158470533 -0.993232835214466 0.0246635764002312
 0.0717828151523665 0.310403766203945 -0.947890673746297
 -0.46469993036505 0.0615327292039857 -0.883327627755085
 0.123729451247416 -0.396443801210971 -0.909683096124914
 -0.128193927700289 -0.16340688073596 -0.978194514515859
 -0.497367917677867 0.145982499733134 -0.855169143641448
 -0.670245556132541 -0.343498379415705 -0.657859983448883
 -0.12776797162291 0.198831216747016 -0.971669435906198
 -0.319000598651721 -0.800424943105426 -0.507502244836926
 -0.904417581748091 0.0714728564759964 0.420619149126734
 0.123690125197946 0.597433745012409 -0.792321698080372
 -0.783431027818433 0.340076253268706 -0.52017686089836
 0.437363817107858 -0.856124022183956 -0.275253610556536
 0.2005116371156 -0.979189483168946 0.0313534596584557
 0.170930794369602 0.139214470812866 -0.975398377409185
 -0.152150537747927 -0.85343735002799 0.498492631279761
 -0.657747767618621 -0.0717622276908963 -0.749812014353971
 0.0450063473696589 -0.923467671409025 0.381027411820769
 -0.667194223378381 0.266414719682747 -0.69561128903065
 -0.903025151700339 -0.20205002869001 -0.379106002726079
 -0.00333646711748502 0.321209466268 -0.947002295016755
 0.377249320007832 -0.91081833899147 0.167609378945356
 -0.771347550472485 0.612629739306774 0.172359388769545
 -0.443863468154178 0.648663117780347 -0.618240552915793
 -0.259354700825481 -0.955056993311659 -0.143531455389469
 0.257707708638465 0.180217394891217 -0.949267310870302
 -0.288883489989926 -0.801098135499893 0.524202352636685
 -0.168622918104443 -0.0445233684894626 -0.984674555956583
 -0.102003277970853 -0.298305981759194 -0.949004147793825
 -0.917883438413785 0.39202099979758 -0.0617213836801573
 0.00921567102770811 -0.999481737621696 -0.0308435984966778
 0.410702759495222 -0.907548314615559 0.0876316151937648
 -0.327967829452967 -0.275966723140106 -0.903481859565106
 0.144963696541228 -0.987495757510185 0.0619488142298857
 -0.881203004808918 0.432779761447296 -0.190218144238019
 -0.924406375304078 -0.348703621280489 0.154527142609475
 -0.0200809178284028 0.201230929526259 -0.979337975236929
 -0.610819919796869 0.708894427534907 0.352658072627442
 0.158090233220296 -0.000650446605852142 -0.987424455378519
 0.195533904800978 0.345149839304645 -0.917953201694542
 0.73015068186901 -0.018743142743866 -0.683029045038572
 0.365011282191094 -0.14361490407443 -0.919859512752304
 -0.927000847214108 0.125465871053542 0.353451191064765
 -0.365698149876526 0.766687894753168 -0.527687914600895
 -0.341881846739108 -0.2021624420008 -0.917740240980274
 -0.892920387257648 -0.254164602387729 -0.371609387546573
 0.241294779743474 0.236867947624821 -0.94110063471265
 -0.96610931427115 -0.100461689191001 -0.237781920850638
 0.403720576562968 0.033328225558406 -0.914275081931468
 -0.974920285388874 0.030262222306553 0.220487267293024
 0.278149704142122 0.0993330912183946 -0.955387711389805
 0.0556489201503781 -0.993650725347558 0.0977825838397074
 -0.625939848798509 -0.265083968011531 -0.733436974517485
 -0.312361380653484 0.563892603679444 -0.764496892990329
 -0.479624859381585 -0.132874577617863 -0.86735479527473
 -0.985294378650423 0.167790627126127 0.0322690695325557
 0.590970823550167 0.0584544848142692 -0.804572283214837
 0.1238276298886 -0.652824422601182 -0.74731987216426
 -0.235587865426004 -0.914024781292876 -0.330237879181855
 -0.10993963019445 -0.777849673195389 -0.618759374573456
 0.703828663375577 -0.138540390595911 -0.696729339689726
 -0.198430839504435 0.241149914761882 -0.949985221223942
 -0.932569936519153 -0.325739684590738 -0.155585897122423
 -0.260458758795242 -0.962530175896276 0.0754777812069617
 -0.978366727772531 0.203771136726191 -0.0357193200521357
 -0.0770796466478944 -0.57089115355451 0.817399546651352
 -0.000384822087059098 -0.985952392373862 -0.167026141319913
 -0.506847459001104 0.234882637849993 -0.829418953087494
 0.184831552105594 -0.980944564386037 0.0598753617753226
 -0.309277934167701 -0.290924057694318 -0.90537856838542
 -0.33647311799057 -0.332968593972604 -0.880861939407993
 -0.801009947336277 0.47961808015975 0.358259070299986
 0.465947334392867 -0.482888839035281 -0.741425283293833
 -0.835503943328146 0.421627982070169 0.35236771336
 -0.55293452398337 -0.639541760917597 -0.534087772027879
 -0.775757279843515 -0.625490793301841 0.0834380624440947
 0.242509227591041 -0.964982691888895 -0.0999883937667653
 0.210569549755653 -0.120589368033111 -0.970112709448277
 -0.678756643911744 -0.000549067858679749 -0.734363068835949
 -0.861609538069993 -0.076637564607285 -0.501752615935262
 -0.464567988415466 0.0717893724752805 -0.882622722424034
 -0.0276826109858067 -0.976453560264706 -0.21394419294617
 -0.245559830624319 0.204096706348186 -0.947652311790341
 -0.654942922387512 -0.406996979067447 -0.636712829652802
 -0.646434293830235 -0.285057642195705 -0.707718054302722
 -0.603876824462448 0.151949102265086 -0.782460383149194
 -0.416361755749565 -0.397760461783019 -0.817575380861788
 -0.535724144765755 -0.543218681245119 -0.646461990422727
 -0.995205948466552 0.0478287875698394 0.0853084240646251
 0.012165880489632 -0.980617593094096 0.195553387764705
 -0.114794536872632 -0.165303785571734 -0.979539112429847
 -0.310454942780622 0.196056090528692 -0.930150384545255
 -0.981721964750737 -0.183709894096933 -0.0497258357078771
 -0.970635293392192 0.0177280453273422 0.23990173744749
 -0.471851954523697 -0.264551411352875 -0.841051891242965
 -0.778045938037597 -0.381437193086228 -0.49914946261986
 0.682840889395592 -0.0131060811228161 -0.730449553636005
 -0.965847431431013 0.120208445925837 -0.22954012443625
 0.247578603468507 0.427839274096872 -0.869286138532558
 -0.906582122992422 0.416512187454811 -0.0680180268176142
 0.0710603944008195 -0.953888801672053 0.291627458227539
 0.623909497177846 -0.677152903270473 -0.390129318205716
 -0.958251556517544 0.260202453478301 0.118526948984515
 0.00436589986491866 -0.97549880121948 0.219961423294467
 0.570534690251791 -0.655176305064153 -0.495211244320822
 -0.164795406779112 0.40805990121861 -0.897958568599891
 0.413418904446268 -0.528642614060089 -0.741364819806121
 -0.90355615093981 0.416787212355759 -0.0993715337284805
 -0.367847845770364 -0.844513853420177 0.389209858230116
 -0.0378110648865785 -0.987317783582647 0.154187929467884
 -0.426631755584607 -0.33573911648268 -0.839800327929339
 -0.142349229667543 -0.939082184825201 0.312827983014602
 -0.909442796530573 -0.396538442319726 -0.125184118806243
 0.308946978425618 -0.948986665370546 -0.0630561136653053
 -0.940651507547725 0.0966639174026291 0.325316504992553
 -0.307811811346724 -0.939918202272567 -0.1476674027406
 -0.0761516156811566 -0.993955979267775 -0.0790723890304777
 0.609192583805976 -0.253037940284778 -0.751569156240619
 0.368222697492178 0.337340171286259 -0.866379624580438
 -0.765113369285228 -0.197861614853869 -0.612741636832708
 0.0463361788706519 -0.693354724492363 -0.71910512760777
 -0.334183713568215 0.0517878964304782 -0.941084087299888
 -0.0789475521364388 0.893676244370943 -0.441712637648857
 -0.964979711840889 0.244187152886574 0.0958477443689965
 0.289081507955194 -0.435935149125584 -0.852286587665913
 -0.934015339689028 -0.253627219183777 0.251572214114943
 -0.438703203582166 -0.54359727933962 -0.715570749165524
 -0.373659469396546 -0.371328363608658 -0.849996380762887
 0.0230358750330308 0.76533258782436 -0.643222650779285
 -0.559122396599617 0.74545476723753 -0.362876474331885
 -0.14774949755579 -0.984881480284382 0.090435367886996
 -0.151451567050024 -0.975196537700105 -0.161412935342308
 -0.981443672195479 -0.0917912813689059 -0.168352840701031
 0.712418950108923 0.110785730690366 -0.692954371803152
 -0.353567521194413 -0.0111462168033057 -0.935342594885645
 0.0705443282808242 -0.991360098247433 0.110583241724265
 -0.919367734379759 0.317927390389448 -0.231700546873726
 0.670800916576995 -0.737130465147267 -0.0816382733234688
 0.193821113069021 0.111134771740524 -0.974721723692905
 0.0149261886027827 0.146986327208887 -0.989025898805201
 0.0107423222635411 -0.202764275501077 -0.979168653038336
 -0.27137240382212 -0.444161458958652 -0.853860419986503
 0.0444474802843998 -0.44970794095834 -0.892069049645474
 -0.25495567203107 0.361651127357222 -0.89677537175172
 0.335724836081493 0.153380524824514 -0.929388642626222
 0.238768963906332 -0.96646433526495 0.0945307914701596
 -0.180271703997619 0.15906593500568 -0.970669944449999
 -0.945929842634767 -0.26055052566466 0.193210135316018
 0.135257355809796 0.44240570249582 -0.886556620920809
 -0.693810738455596 -0.0555690702473497 -0.718010262904051
 0.103223863845451 -0.980626889037361 0.166480444586513
 -0.356072910075607 -0.125771545584908 -0.925955507047435
 0.456170327968187 -0.870023047418475 -0.186998740215188
 -0.958828205751292 0.262104512315733 -0.109314667266064
 -0.749738344269066 0.549365064114345 -0.368904379837542
 -0.893724259204261 -0.278702945667275 -0.351541770755878
 -0.892483255010237 -0.00782677295902028 0.451012617507959
 -0.0470200365326536 -0.232291928788126 -0.971508917089473
 -0.318676647777587 -0.0515448348937889 -0.946460946979331
 0.256011403826614 -0.845669900061511 -0.468295399551054
 -0.15722637808448 -0.972869533660392 -0.169719581987015
 0.275066549011555 -0.931048792221442 -0.239763508728637
 0.583299533184655 -0.729588473171636 0.357018647134354
 0.239503730333854 0.56570226754041 -0.789062042969884
 -0.0567969790816351 -0.992996192986725 0.10359857084473
 0.0246983837410404 -0.991881599395148 0.124743266839952
 -0.559097690408404 0.201885951000675 -0.804146650411815
 -0.91685153549915 -0.172386457766648 0.360091892482349
 -0.264120554906327 -0.282202124639643 -0.922281027303959
 0.0345926864340396 0.30623198068753 -0.951328187351488
 0.889366321930999 -0.269409755147993 -0.369385881221827
 -0.959209024498875 0.221941118627106 0.175100505945774
 0.607578758654326 0.304023276563858 -0.733769650053369
 -0.641016948465994 0.540217210368277 0.545217972375509
 0.289300378263021 -0.890980183533157 -0.349942286224593
 -0.211700752499455 -0.0335057559011866 -0.976760029747663
 -0.214177621558685 -0.464261553429672 -0.859412099304247
 -0.902340324562988 0.425576318226422 0.0683135128097209
 -0.694696229750444 -0.719263976685036 0.0075153319118787
 -0.435667226609649 -0.755656419421723 -0.489057709728615
 -0.954909041373354 -0.0269109640056226 0.29567638174144
 -0.989670630930271 0.121181979196048 0.0765961499829327
 0.293433261357824 -0.861271042538646 0.414860352906016
 -0.102047449716952 0.017653950246288 -0.994622871266777
 0.251946401008487 -0.894208352227861 -0.370019504654558
 -0.0324853658439715 -0.982470586220654 -0.183565378590919
 -0.266402108514567 0.569939587846359 -0.777302246738368
 0.200083336747491 0.435045720695117 -0.877896280468744
 0.461637239936673 -0.886994906179083 -0.0114496775505165
 -0.902068713337858 0.115221875637233 0.415927825219255
 -0.96746849083558 -0.250872847113963 0.0326731360793522
 -0.309439807125671 0.125969611931869 -0.942538414408539
 -0.575683829893678 0.217285836124797 -0.788273425543761
 -0.897216579333181 0.182834787668904 0.40196249848429
 -0.808698296845099 0.572926784552544 -0.133274019306534
 -0.808844164752126 0.253915524317747 0.530375361095215
 -0.824414629739967 -0.526779735957904 -0.206987023880322
 0.462112310877484 0.164605455128806 -0.871411071927199
 0.253554096863875 0.0708294375743021 -0.964724577657506
 0.693106718320195 -0.0392026740699609 -0.719768176126991
 -0.0612377488373453 -0.854738816957418 -0.515433305970392
 0.0663559091337027 -0.96472894230789 -0.254744894348327
 -0.277662098312313 -0.955071975452835 -0.103640150836548
 -0.869676765077818 -0.46501988048957 0.165586337097137
 0.635318457826935 0.485520205677845 -0.600533585258101
 0.0757108803113876 -0.0578629916446629 -0.995449514943076
 -0.28879676372771 -0.929134200489509 -0.230881066224846
 -0.991187323333187 0.0758589555115973 -0.108596081569646
 -0.948082438860372 0.206263764712409 0.242063934718152
 0.584421022289389 -0.145547413119921 -0.798290685928581
 -0.848946643385708 -0.458917413137794 0.262077096677781
 -0.335718695551912 -0.936611567166985 0.100258314896709
 -0.0167683009430579 0.0800684821636208 -0.996648314224981
 0.213742610195687 -0.942442401488444 -0.25713112698277
 -0.487274378040462 -0.253828734269349 -0.835544525542775
 -0.697771277394871 -0.385789602055657 -0.603557476458098
 -0.567515408150519 0.524290180543154 -0.634859093104742
 -0.221520991300968 0.209667896763511 -0.952348582967288
 -0.989508806789901 -0.0666545623483835 -0.128177574494806
 0.23424463645773 -0.00567813949777909 -0.972161102401567
 -0.230817737030897 -0.972996133918412 -0.00130217193968827
 0.0972767914937589 0.255320216295329 -0.961950525228604
 -0.305791997222568 -0.936441238355568 0.171956568765848
 0.82439887661556 -0.387795296875762 -0.41228788480386
 -0.34586084223422 -0.169135078765653 -0.922915815738344
 0.347892934469489 -0.937111677182765 0.0281462365852737
 0.0284158453513228 -0.723629721023909 -0.689603195021477
 0.55857196296562 0.566869779105391 -0.605521276030612
 -0.165821927381835 0.516463026228159 -0.840100607629006
 -0.464997251867743 0.21653091338251 -0.85842409058995
 -0.92473936806875 -0.358072778515501 0.128999947403081
 -0.053264046940281 -0.849942417567791 0.524176333043149
 -0.991874094956603 0.00824919094559777 0.126955624541662
 -0.480936694511867 -0.583096655775848 0.65475047605559
 -0.990698247196926 0.0547018611763473 0.124598111481605
 0.123624770030542 -0.986794358389491 0.104660453302904
 -0.284992456493081 0.812463493836135 -0.508608268636697
 -0.206953698995832 -0.553789241023192 -0.806528141479825
 0.153768246669548 0.208811559763669 -0.965791415795997
 -0.947888666665471 -0.173333254929188 0.267325005083341
 -0.0641516916231634 -0.411876295726469 -0.908978810248363
 -0.586726734868474 -0.16895390737071 -0.791963582353853
 0.417634349330781 -0.0535114366595682 -0.907038078806884
 -0.149486329731708 -0.988531368481242 0.0214376013570892
 -0.694337935420208 -0.0321938241205223 -0.718928639800154
 -0.245856615555991 -0.167113365445237 -0.954791939470019
 0.370770253340359 0.465960280170336 -0.80337440620268
 -0.0865556559469125 -0.990039709943564 0.111038241873972
 -0.186731220197485 -0.312313987799969 -0.931445878421307
 -0.305148241948188 0.0245172511838893 -0.95198920940855
 0.929228456080289 -0.0730174710622599 -0.362219443611622
 -0.0343950324641306 -0.426993588943634 -0.90360027486872
 -0.93053314720104 0.215622064045373 -0.295998627457866
 -0.308511835785825 -0.942825114925024 0.126100157996233
 -0.266732851381553 0.219962578327168 -0.93833365607844
 0.0553279632552078 0.463685998384952 -0.884270383640536
 -0.511229297977052 0.0172102177098895 -0.859272025202886
 0.0837791661572539 0.363330061503132 -0.927885940041192
 -0.981658491688472 -0.165452979367142 -0.0947202054181147
 -0.895218882721497 -0.177963603286149 -0.408548782796233
 -0.386886778722867 0.467492344997304 -0.794839309432016
 -0.0641257810888574 -0.316382615690739 -0.946461792513797
 -0.203911151962903 -0.964249810508418 0.169241085554432
 -0.344761398460486 -0.831259995149037 0.436057792725221
 -0.162338342786235 0.275699150593929 -0.947436668502547
 -0.45907393866266 -0.344793943889185 -0.818760193889575
 0.371802936296013 -0.543861451721555 -0.752314626930106
 -0.294874088345408 -0.179608457613805 -0.938504168331742
 0.130868397420597 -0.94162033506903 -0.310200914152509
 -0.47788554894245 0.0889118921031873 -0.873910794963996
 -0.864777189056956 0.462403961757441 0.195813659987685
 -0.036096522349361 -0.965185317324647 -0.259064363228912
 -0.109703869785408 0.627225495663662 -0.771072784206251
 0.10186712730866 0.258788268271571 -0.960547614946226
 -0.942909072533185 -0.237569475059711 0.233416420704419
 0.161328378716851 0.419649757121261 -0.893234143754402
 -0.169568747455097 0.0734814035035948 -0.982775113251069
 -0.305103066316594 -0.943781491305356 -0.127234490581957
 -0.121205271087738 0.683500902484658 -0.719816503397363
 -0.114840176144144 -0.100261306376814 -0.988311390396163
 -0.929857447006939 0.358049610631992 -0.0846498941051781
 -0.0124079738122348 -0.967298625254896 0.253336558289293
 -0.849372544569744 -0.188356065273457 0.493039829228653
 -0.989969841537611 0.124683888278456 -0.0664352380123961
 -0.382934648473953 0.286182004643214 -0.878328477971949
 0.166935712323866 -0.133852332495327 -0.976839813396487
 -0.967743158025833 -0.213440393409911 0.133852077141935
 0.285504344449962 0.390803099540488 -0.875077257554866
 -0.0217201122394378 -0.873916063343969 -0.48559134151433
 -0.799478478852723 0.299805887139022 0.520529146050556
 -0.295311467091876 -0.205916505869851 -0.932946691946756
 -0.961663840834905 0.167961115526716 0.216775738729407
 0.11367875512052 -0.986101851787675 0.121162199283307
 -0.350359663954467 0.677652697371597 -0.646556206078569
 -0.371522789469704 0.650873074930828 -0.662068770774411
 -0.677902101828728 0.71018007933306 0.189981565565403
 -0.977075199886503 -0.173827141462002 0.122915331256514
 0.351945680796777 -0.797988789106838 0.489232184374961
 0.252971757082165 -0.943643083694329 0.213408108361935
 -0.581589226543817 0.105360886280207 -0.806630680801576
 0.5248488804057 0.589693760289869 -0.613836233707393
 0.000792239428478888 0.07474902935219 -0.997202063258793
 0.151720983247789 -0.66873186050255 -0.727858806356784
 -0.975103644783394 0.174741391312543 -0.136522262258935
 -0.824302801725216 -0.0197694259108567 -0.565803906726627
 -0.578728466646427 -0.0387378011073648 -0.814599745064066
 0.0201739160692463 -0.545920574079387 0.837594018547926
 -0.351164287984907 -0.0162373520048849 -0.936173056247574
 0.203281375107264 -0.831856999422045 -0.516420966893339
 -0.267760194457196 0.563004539750338 -0.781876183602464
 -0.209224048361999 0.973042855342072 -0.0970200971694168
 -0.532124074352096 0.510452180977669 -0.67548689138285
 -0.297845437246408 -0.111845480400818 -0.94803938949044
 -0.0209808189137809 -0.942468722688867 -0.33363529787917
 -0.917420531599489 0.323029033649207 -0.232361381514594
 -0.885327167765127 0.0356442822587858 -0.463600357160383
 0.400660128232172 -0.916187219251126 0.0085112235236341
 0.578872708170651 -0.581977926762811 -0.571146286424097
 0.193367830606399 -0.753392546350608 -0.628497059014537
 -0.390892896546688 -0.796236805660834 -0.461746351085066
 -0.535982373602718 0.54714614407246 -0.642926117227971
 -0.260360552309505 -0.105178893220719 -0.95976548344997
 0.260661065829924 -0.848110678626912 -0.461263574932389
 -0.103921672226828 0.723855774998489 -0.682079982878047
 -0.0393602748607839 0.0725716465060796 -0.996586235549278
 0.694792616932995 0.198139972935734 -0.691378167561305
 0.156074591638155 -0.953412893118446 -0.258156109903479
 -0.548424947074003 -0.37919780706822 -0.745277868007316
 0.369498282308829 0.394049114829053 -0.841544006260674
 0.605497863869383 -0.728173937866072 0.321146466681844
 -0.00534524856282699 0.0732910051213772 -0.997296273374217
 -0.171514124461135 0.276447969614738 -0.945600034478753
 0.210051062734649 -0.817470843502532 -0.536302126666774
 -0.982794662344772 -0.167166031014457 -0.0785504280160097
 0.461313172540483 -0.886532922440529 -0.0353487520245036
 -0.884212843048692 -0.0178501477635302 -0.466742991819448
 -0.203742557653644 -0.922731567062058 0.327193253824023
 -0.136839968224695 -0.989938708750558 0.0360024445495327
 0.127951966217255 -0.0209529485858945 -0.991559008978636
 -0.999107720047678 0.00809678218807895 -0.0414512467765436
 -0.806524865935713 0.589927821662017 0.0387660399897715
 0.0142932905881976 -0.886370711208478 -0.462755512291251
 0.179698024913201 -0.800573368519299 -0.571656279122304
 -0.728952584410826 0.323464774424448 -0.603323022424405
 -0.0600925250951356 0.336271588616799 -0.93984589540883
 -0.76864951611245 -0.102965848673967 -0.631328722130513
 0.135210240969 -0.0724837018503063 -0.988162083720672
 -0.964904088907794 0.242736808584864 0.100194515653576
 -0.98075985375758 0.193449966770585 -0.0262148739052804
 -0.973813919891538 -0.200084949978251 0.107946571125149
 -0.313702924684974 0.0944143019743341 -0.944815545292727
 -0.817125755865513 0.048802147406605 -0.574389980335414
 -0.85764657995787 -0.50255780181932 -0.108986236365438
 -0.208430543686178 0.156740366226298 -0.965395859766309
 0.140500911587025 0.0934071771419541 -0.985664543899996
 -0.619628074469719 0.257514301471248 -0.741449549104134
 -0.065030334741969 0.838681383338537 -0.54072598680358
 0.154255125388522 -0.955905227555975 -0.249901084876659
 -0.2247526510611 0.371178952783542 -0.900950848188469
 -0.316692835124538 0.506580247224539 -0.801923999704902
 0.762702589853274 -0.057322862313566 -0.6442040428989
 -0.461904188143721 -0.00711292643885322 -0.886901306376739
 0.612089791276977 -0.303228036652678 -0.730341594873432
 -0.336198328774683 -0.941261059015058 -0.031595925543669
 0.216217401096078 -0.177369979015246 -0.96009891469962
 0.516679091667538 0.286374876652835 -0.806865630855399
 -0.439282914425095 0.475407911797578 -0.762245261378817
 -0.116420279783896 -0.262858415625854 -0.95778482541211
 -0.491935543986438 -0.617768076003496 0.613483516350445
 -0.291439478634432 -0.45137557655015 -0.843399738669221
 -0.655228048721747 0.0745297060921154 -0.751745653182055
 0.435022819466664 -0.206433435605366 -0.876436183191588
 -0.00902847619429557 -0.368188640160072 -0.92970727214252
 -0.971764270456483 0.112207187218375 0.207566254002718
 -0.158562135436856 -0.979894945400967 -0.121094777688138
 -0.392927945280033 0.152633607404168 -0.906813438204795
 -0.637313198731705 0.358196838489826 -0.682295325807128
 -0.99391904213816 -0.0900379216908389 -0.0633885662620323
 -0.989632131011014 0.102070068619814 0.101044279217309
 -0.842775590587907 -0.0601498857889914 0.534893723228059
 0.283135441333993 -0.917632891309853 0.278898186883537
 0.355855781064922 -0.763314253543848 -0.539182727300748
 -0.719327778208785 0.690868850610212 0.0725794650967944
 -0.506352709713135 0.435205445611378 -0.744448220816175
 0.960595970360327 -0.11249075577094 -0.254167684007201
 -0.0771710520407675 -0.0114701053452511 -0.996951887209353
 0.341920668892454 -0.0874413579165133 -0.935651786248417
 0.166630083657381 0.207490937882302 -0.963940831128684
 -0.250587287925755 0.0842610545034807 -0.964420077468307
 0.107025774538219 0.765152911206336 -0.634890940285781
 0.336361726045423 0.149229439146751 -0.929834051723043
 -0.815092837253194 0.578785380136503 0.0251227068362736
 0.0992665685846088 0.456973323517331 -0.883923939010004
 0.267712292063017 0.149517749847002 -0.951826964925377
 -0.577317351092198 0.199524734192732 -0.791766731160894
 -0.0535583352750832 -0.437500772709482 -0.89762162329189
 -0.166626423591616 -0.109323313736303 -0.979940839048349
 -0.0140538869878855 0.0725687674429338 -0.99726438934334
 0.0179486777510299 -0.315352949698559 -0.948804701760804
 -0.374816261989118 0.432732952954633 -0.81991155692286
 -0.149326346266965 -0.965889899777003 0.211561678522669
 0.507661236192603 -0.420896674391482 -0.751748667277561
 -0.183128077689886 0.623193259188326 -0.76032510734806
 -0.43171936991421 -0.403655028282292 -0.806648004883976
 -0.0373104759489598 -0.994649650426049 -0.0963327633352227
 0.0986337895774513 0.793530247213345 -0.600484073320116
 -0.964873513266964 -0.200908581788442 0.169277420702295
 -0.267193743353339 0.338048168385572 -0.902402869767151
 -0.188303964422072 -0.011617195749885 -0.982042085526807
 -0.480244834761382 -0.292954428702455 -0.826766352356354
 0.549803126902658 -0.833388129854438 -0.0563981087074894
 -0.920363882785581 0.158196456045299 0.357636973142539
 -0.208734323735291 -0.148318234919725 -0.966660066044454
 -0.95728024662284 -0.139003730786997 -0.253559642398017
 -0.0544971558749583 0.487402831103756 -0.871474922320536
 0.630574510477316 -0.706390091117584 -0.321541328459011
 0.0121280278232492 0.302181894481923 -0.953173128864025
 -0.366138773269606 -0.0570157165661356 -0.928811932940721
 -0.745277904893663 -0.664037215082397 -0.0601283748568547
 -0.525797471934632 -0.752573825731072 -0.396446283034219
 -0.518747415077757 -0.835925600517588 0.179247063433281
 0.336995972359702 0.428418564002161 -0.838386097589688
 -0.0507202789053385 0.449074536839672 -0.892053537446043
 -0.847911419376574 0.530035391092172 -0.0104263646863265
 0.0935875833690839 -0.976581469538186 -0.193726605281185
 -0.00395917116459569 -0.999152938146388 -0.0409601166640057
 0.401823704169349 0.0229021474337485 -0.915430610374455
 -0.911753254107336 0.211733314122126 -0.351958814800177
 0.121724077689418 -0.957606824274748 -0.261098485275371
 -0.981327576915636 -0.0422846941324661 0.187638459349383
 -0.911943131789597 -0.217883243395681 0.347687527284429
 0.364589867738904 -0.913497819690201 -0.180543517644301
 0.342866961483356 -0.837440904283705 0.425599551874366
 -0.940254474066938 -0.312698396650923 -0.134689408377377
 -0.99376823420015 0.0845274978455124 0.07266222404174
 -0.940355925891714 -0.196956269849992 -0.277378730992689
 -0.98624227911912 -0.15651725921746 0.0531837799049468
 -0.388335005068152 -0.226966442054858 -0.893130538062425
 0.475582850425491 -0.869243902046092 -0.13504070177857
 -0.220567989955122 -0.417060186269323 -0.881708887806035
 -0.942283258840368 0.276257282850078 -0.18916705257911
 -0.115538854788347 -0.132680619099691 -0.984401659054636
 -0.799628896070358 0.0689380188835994 0.59652424772318
 -0.0526345662578393 0.188256510687675 -0.98070846260168
 0.455513512323011 0.392044144503127 -0.79925517130136
 0.118470931399364 -0.991594890010352 0.0520020434091375
 -0.403109372212622 -0.216768092983835 -0.889108782938565
 -0.987565522632245 -0.0902081383112321 -0.128751039958997
 -0.511965855012155 -0.602297594612894 -0.612477404338474
 0.704551432948931 -0.53750005335732 -0.463358361282588
 0.294268385392957 -0.0438736399348838 -0.954715256543586
 -0.768085086501901 -0.338820923471401 -0.543365145837819
 -0.939044652115335 0.0109538468262489 0.343620655044623
 0.417830448903651 0.500602233908574 -0.75816562793015
 -0.320887777212798 -0.181163211553229 -0.929629455866772
 -0.402727141291095 0.477128120296735 -0.781127138492581
 -0.887948979497175 0.0101505668446148 -0.459829942264158
 0.442255882237932 -0.881507672054128 -0.165390322376072
 0.000377844714866478 -0.972261068307559 -0.233897995474127
 0.0306876831447572 0.343871570290357 -0.938515108695247
 0.210798945564064 0.227889022868936 -0.950594760034433
 0.324833500472 -0.646927894187885 -0.689903976429138
 0.20805238734149 0.462813738736565 -0.861694636955685
 -0.273681132377783 0.150370198340739 -0.949993390098784
 -0.330018607205276 -0.31664325973156 -0.889283287240271
 -0.456783467322272 0.34430931588644 -0.8202438411685
 -0.990761352051785 -0.00692795614083847 -0.135439826876107
 -0.976615208787515 0.099869220443628 -0.190391367380196
 0.32227647225956 -0.946004722860059 0.0348272846256544
 0.0540487011811044 -0.118796386520161 -0.991446497018568
 -0.162014057298802 0.372774386116123 -0.913668814337738
 -0.723856957737704 0.614327286005859 -0.314059055598453
 -0.0431084396433855 -0.99902882220211 -0.00911454008593537
 0.148685077776689 -0.93032508718434 0.335243165183111
 0.352118744065896 0.724270548599431 -0.592827599314451
 0.130902641444624 0.149268177716812 -0.980093622866674
 -0.0363590211843882 -0.85432117132318 -0.518472137927877
 0.0494384103628308 -0.813482165457943 -0.579484779836927
 0.29459212237021 -0.0490761724777287 -0.954362096236199
 -0.969399481969742 -0.0787914576639316 0.232500646356067
 -0.179277147611646 0.53145826716514 -0.827896016783544
 -0.353583866244362 -0.787299142388651 -0.505112373562343
 0.470810761972609 -0.0769332201450235 -0.878873430050589
 -0.997714771044992 0.0113340144640093 0.0666091266627149
 0.357538677158957 -0.787844763114218 -0.501464578578513
 -0.2822368842697 0.718228651717935 -0.635995239769269
 -0.224361790856483 0.354671233921852 -0.907672905088625
 -0.717815049913416 -0.403588539284711 -0.567325166968497
 0.131127019650209 -0.941302991696321 -0.311053665050276
 -0.937559691595831 -0.338714003882784 0.0790863342709973
 -0.0240379892695357 0.450679348847943 -0.892362202019937
 -0.394012244389021 0.112071154990707 -0.91224690051026
 -0.0463756060370607 -0.814226098369121 0.578692633354956
 0.0526994171668961 0.657546428731245 -0.751568669845314
 -0.467928918109159 -0.640581497224962 -0.60884963086974
 -0.262866842825928 0.175782302299602 -0.948684144033714
 0.13732818646194 -0.312873917426539 -0.939814280056036
 -0.887932592597057 0.176081572790387 -0.424936454928889
 0.0104141962848671 -0.935201965399305 0.353961619994339
 0.593151890364078 0.00261350208971445 -0.805086333609227
 -0.770830671423337 -0.32588446889668 0.547374998447112
 0.04526928902113 -0.24065478625983 -0.96955451900435
 0.0757800677305102 0.172809091229832 -0.982035844215006
 0.0815564405135405 0.340909792722636 -0.936551685832966
 -0.616994116548132 -0.126694601432592 -0.776702477215585
 -0.847900158598997 -0.116245984433869 -0.517254475235156
 -0.972421253330318 0.224565495670231 0.0629860637433219
 0.84836298454664 -0.528340522553648 -0.033712589322902
 -0.937436075420233 -0.322591705230179 0.130951121482014
 -0.350630881980521 -0.0146745147386437 -0.936398762931021
 -0.258834701737104 -0.0420986943041719 -0.96500378088096
 -0.157347979486131 -0.777205581666861 -0.609256183536538
 -0.0417002522642626 -0.988930039439952 -0.142402479101986
 -0.81553252557023 0.193957668959366 -0.545240426223966
 -0.704450130016589 -0.387897422171498 -0.59437833422183
 -0.773902801853245 -0.585153192329956 -0.242219311347709
 -0.169159054382076 0.865166760236617 -0.472092884189371
 -0.373259373813083 0.56815779088484 -0.733399048620547
 -0.866772168770122 0.365749130811258 -0.339018555180021
 -0.585343112753817 0.0548218330196302 -0.808930161989303
 0.277070460849171 -0.182240294088828 -0.943408943637512
 0.494688583424654 -0.0232932677942851 -0.868758095849917
 -0.223805862825919 0.0839227957456948 -0.971013851661742
 -0.00860361440402804 -0.551228028618559 -0.834310276986017
 -0.643143760197527 0.457021260962787 -0.614408390850068
 -0.983739195383234 -0.179507772326141 0.00584424000643914
 -0.731355371070278 0.672940438624619 -0.110772231494909
 -0.934961728444873 -0.0546734692329467 -0.350510168333828
 -0.125784305454564 -0.934982791622776 -0.331640600455665
 -0.997426490194373 -0.0716789157280686 -0.00159050261932207
 -0.816524214083292 0.14797850423697 0.558023807824945
 -0.36999690910523 -0.0229747125214018 -0.928748862630332
 -0.357595339666892 0.0243595149912438 -0.933558882491036
 -0.0142971871965398 -0.413606810531626 -0.910343340020744
 -0.0971082535587515 0.769049196519221 -0.631769990126082
 -0.953534053793524 -0.0112515905624074 0.301075090244785
 -0.510529933879623 0.158394921236034 -0.84514509732915
 -0.971502157679295 0.212573016500556 -0.104863102568678
 -0.669066738956068 -0.189142724478497 -0.718731332696401
 0.385096371078001 -0.640775366927764 -0.664159404150197
 -0.11576553934061 -0.548460791608481 -0.828123843376929
 -0.299089438270149 0.185996286304565 -0.935922480441707
 -0.854622848303865 0.233646301039907 0.463712403508207
 -0.150418636919466 0.155627066550873 -0.976296292026176
 -0.928387193967342 -0.371596359920488 -0.00365559451896103
 0.125682584048241 0.0345692137414146 -0.991468031521066
 0.196855121540072 -0.226605351371214 -0.953885777152261
 -0.448056498759192 0.00411280985668119 -0.893995782268986
 -0.776219206536464 -0.549356360650232 -0.309340156489639
 -0.446424851602799 0.0903852061968839 -0.890244554250216
 0.678752135544866 -0.330757523864834 -0.65566378495391
 -0.642634444064639 0.120724192593243 0.756602035831547
 -0.887486279398957 0.397791423992392 -0.232658734795627
 -0.249989005563943 -0.036391539463722 -0.967564547176369
 -0.95008320219465 -0.287932913659561 -0.120152179085841
 -0.53027402678733 0.633134999493275 -0.563870134810667
 0.339916469463076 0.0868912304610931 -0.93643297029564
 -0.182303079888265 0.389324081545269 -0.902880028903168
 0.35531193222948 0.554810336979727 -0.752289120482142
 -0.363410268835413 0.130272489060964 -0.922476045813025
 -0.0793949669015539 0.36894344700258 -0.926054626976485
 -0.420759921667142 0.0350847444763182 -0.906493325415964
 -0.87635070698171 0.316552074479869 -0.363048512619385
 -0.985983569836589 0.115300977849838 -0.120590565630844
 0.139164952023035 0.269041835499941 -0.953021304525376
 -0.412928028822111 0.314433177852507 -0.854764423498463
 0.347335114247952 -0.0796660564016465 -0.934350917946663
 -0.944729221455868 0.313071783188574 -0.0973280879218104
 -0.871721238253943 -0.484099514861521 -0.0758270564366881
 -0.823252278093114 0.491648277331604 -0.28379157494782
 -0.941437546487775 -0.294537487628865 -0.164143274136819
 -0.0840365744432556 0.0543076171054594 -0.99498167665549
 -0.120295165960313 -0.166090326618875 -0.978745664843639
 0.0472824118573311 -0.299580128969374 -0.952898798328368
 0.239480006701202 -0.118787445060391 -0.963607217327899
 -0.210293321220476 0.179536233717839 -0.961011685585808
 0.00603197876548081 -0.0234015818334811 -0.999707947952733
 -0.121175540697545 0.258600713110387 -0.958353880106643
 0.264205449276389 0.205991451908958 -0.942211760865412
 -0.499672330998452 -0.615384456730427 -0.609614248561475
 0.0202536876281233 -0.433060750057533 -0.90113715654004
 -0.984094135405338 -0.0304660525989216 0.175015862994928
 0.266780019826685 -0.403732477532716 -0.875116282334278
 -0.768798245921743 -0.345225076642687 -0.538301870259339
 -0.105571069785063 0.285797399174787 -0.952457135964325
 -0.878166756601298 -0.436367528839302 0.195975833650576
 -0.980495961504539 0.0837246327739142 -0.177814103321878
 0.0281955084757999 -0.105473572851144 -0.994022302934801
 -0.980637030022142 0.0236145769711155 0.194405162235545
 -0.890817565642856 0.256622437588714 -0.374951982616658
 0.0882033965213916 0.450402343327898 -0.888458153188336
 -0.527289883722093 -0.000985372157876276 -0.849684887217639
 0.00637923100786095 0.599885550456324 -0.800060392573874
 -0.373214143687255 0.610484384922276 -0.698584296071605
 -0.115866899444444 0.371632768427186 -0.921121027359748
 -0.874258301580049 -0.454795849577667 0.169803290089728
 -0.0989497590815537 -0.120018549377158 -0.987828169765929
 0.0907479600506818 0.127101406662638 -0.987729740450807
 -0.17808672211357 0.41783725131018 -0.890896823893989
 -0.22753711907088 -0.403901793997979 -0.886053158817313
 -0.911189218273429 0.093184186895734 -0.401311494745463
 -0.700991320931629 -0.370248156472065 -0.609530532957593
 -0.0969874822425888 0.606956592401996 -0.788794728194859
 -0.991013680335561 -0.0108290469146051 -0.133321480379898
 -0.841888009550911 0.301863986690473 0.447328417288394
 -0.0469104471438559 0.457880206786148 -0.887775380477651
 0.172995848377879 0.65151771732632 -0.738645449761873
 -0.936260016796668 -0.302727887537671 0.178249844473654
 -0.896923613874437 0.392563284732053 0.203524195993503
 -0.261674426697858 -0.482496438343619 -0.835896932281768
 -0.95308439079595 0.278111855233801 0.119515438331319
 -0.0398095153518948 0.0205617304672215 -0.998995704559154
 -0.838134090920731 0.545153701652703 0.0184034564915372
 -0.925108570290878 0.0486754066164614 -0.376569831459039
 -0.887635474506197 -0.0860992068997122 0.452427000707738
 -0.97993567792505 0.119223788315368 0.159723997662546
 -0.985609651757646 0.0120109918894729 0.168610054373998
 -0.972275749215889 -0.121811627883556 0.199604095145963
 -0.909904180514478 -0.413374529440083 0.0345815079553453
 -0.983900444652199 -0.174331114955605 -0.0393519678229769
 -0.984783981904677 0.168834555416933 0.0411752581186324
 -0.997506846364812 -0.0663151563497862 -0.0241327887661172
 -0.961636553509893 0.052167121913836 -0.269320868751091
 -0.915228214504317 -0.220417836483053 -0.337302968761572
 -0.751475354597123 0.24542698885332 -0.61241357314769
 -0.668389066923066 0.0860946664204464 0.738812400837767
 -0.341902383790146 -0.740195622805688 -0.578975992540205
 -0.989609234104547 -0.0270457781566243 0.141216463838022
 -0.982517793186503 -0.135093347258971 0.12809595465233
 -0.999928454363979 -0.00201334987878113 -0.0117912075517854
 -0.614920781316094 -0.369081962822587 0.696886602988342
 -0.860962075711773 -0.0686574761194747 0.504014340231484
 -0.945743607382621 0.0809506218677595 0.314668120269801
 -0.905947684491332 0.0178092941097745 -0.423014919368225
 -0.936608384876943 0.319428794238413 0.143979091501499
 -0.841216775730001 -0.475982478851351 0.256505391867198
 -0.994623090710962 0.00654799089108227 -0.103353912552273
 -0.999867047768116 -0.0100767061571125 -0.0128197808287027
 -0.997227614486577 0.0732979277064897 -0.0128257046334648
 -0.943803689402301 0.102134964671618 -0.314329516371169
 -0.928756018916136 -0.267853007359744 -0.256255778033181
 -0.84924917918175 0.426210324844588 -0.311641766544527
 -0.950406558154392 0.144225731658919 -0.275547296384071
 -0.821982266153161 -0.490234558186977 0.28985381158255
 -0.883191815110326 -0.0857445032677913 0.46110746890664
 -0.924491559888847 0.147438075971552 -0.351535729973631
 -0.687013449369144 -0.546352043661544 -0.479074070236291
 -0.915110302549722 -0.398243639440786 -0.0630486939778575
 -0.992995219150888 0.0463975609229187 -0.10866352232412
 -0.960332201838639 0.181281501817793 -0.211894028255722
 -0.884908307558567 0.313335045119228 0.34461345985606
 -0.975036082676564 0.215984762046603 0.0515288272951422
 -0.813878586502564 -0.363476829270066 0.453305902251854
