 -0.0430873113969984 0.377796661512517 -0.924885488126273
 -0.585113857263136 -0.30837080138192 -0.750032814544622
 0.445533842693731 -0.895235684835414 0.00725696987897635
 0.0862042331898479 -0.919088376396856 -0.384506679463884
 -0.547477622316823 -0.306424319615488 -0.778699164896498
 -0.229111218308213 -0.622748496924699 -0.74812589797664
 -0.334649043863024 -0.119497634578234 -0.934735434640075
 -0.110949930097415 0.267784555260848 -0.957069247742883
 0.556702057814553 -0.0670584819554057 -0.82800119494049
 0.211666033526074 -0.168181444503254 -0.962762946927299
 -0.976157199896776 0.0432404284343497 -0.212714330590346
 -0.475555191258628 -0.225122055962475 -0.850392450569852
 0.437894602596328 -0.81992311140893 0.36874707916742
 -0.848885894030294 -0.0140050242159 0.528390573546785
 -0.263121893750923 0.332109711377038 -0.905797995492366
 -0.712207641555368 0.125716370191985 -0.690619772071356
 -0.50599459556455 0.148073093828107 -0.849731621244991
 0.0643540238893256 -0.268476973856098 -0.961134056268076
 -0.335181829100346 0.32622578439064 -0.883872094275896
 -0.498536544138537 -0.846278121023606 -0.187815484013327
 0.684096044697832 -0.332697051204652 -0.649095735426224
 0.0510703381151316 0.246207122292756 -0.967870793803143
 0.217468947194088 -0.136379471588501 -0.966492574588929
 0.260373102963847 0.134232195784504 -0.956131562530936
 0.217926860845461 -0.969245836123108 0.114325817207055
 -0.428489753101658 0.12252250207993 -0.89520096513071
 0.0977333715735916 -0.501056101089166 -0.8598784632971
 0.135011313295466 -0.99079529223907 -0.00983026750043679
 -0.968522514855747 -0.200076618179383 -0.148099578241803
 -0.0248713189016761 0.179497137574198 -0.983444047772297
 -0.474794612551714 0.0830729587056167 -0.876167198326759
 -0.155394515449882 0.630012600381223 -0.760878878619314
 -0.910690740232764 -0.124126792049821 -0.393998623284042
 0.441566408185762 0.272110782654882 -0.854970659803524
 -0.590143758108478 0.0959170850420728 -0.801579851020866
 -0.188824708852934 -0.837931059021269 -0.51207105918427
 -0.690492345831891 -0.300053468980941 -0.658170370117096
 -0.260379107047551 -0.949820961838185 -0.173328765835062
 -0.969970956697634 -0.223479673651797 -0.0959853042270656
 -0.195984164983871 0.840038231553924 -0.505891269546462
 -0.339819274786865 0.208047397020439 -0.917190896747427
 -0.913026433069091 0.403831668601345 0.0574692609295295
 0.171734576298578 -0.966312814871432 -0.191694494231831
 -0.270839360894848 -0.959740731405868 0.0744564911246755
 0.241325544400387 -0.97039232786071 0.0100355193651848
 -0.52650590122078 -0.033595544614371 -0.849507431022094
 0.186624174136635 -0.809940675544898 -0.556028344354578
 -0.320444698481941 -0.911988495516831 -0.256109701611956
 -0.0299697978776848 -0.24088878888847 -0.970089894083542
 0.0940443952803105 0.161121514760687 -0.982443641741134
 0.506126325625088 -0.855132110612199 -0.112183848700132
 0.132814903230754 0.372388329350911 -0.918524432795907
 -0.137166389942942 0.793467246200083 -0.592954560381888
 -0.989681350870298 -0.0726898167436958 0.123478800938904
 0.268818204761399 0.0723362473530396 -0.960470842924312
 -0.220588806930878 0.578809784553124 -0.785060387207492
 0.79615728744252 0.117195519552793 -0.593631858856076
 -0.38841275324426 -0.198533504159888 -0.899844420354546
 -0.410837820222942 -0.0951310626438137 -0.906731694821969
 -0.808729855222465 -0.266631826795564 -0.52427425095222
 -0.963662392355484 -0.263601182480634 -0.0432343631214398
 -0.192733151832861 0.265355086553372 -0.944690748459422
 -0.369104869552345 -0.877279209678541 0.306826960253724
 -0.487204116081009 -0.0130475238753558 -0.873190650084187
 -0.685254727467424 0.728019488521391 -0.0203367356426262
 -0.390041887465128 0.16829668400323 -0.905286447582287
 -0.872709160116365 -0.289838255986587 0.392902668883329
 0.169871393262872 -0.875775559011273 -0.451841653667989
 0.133845899731855 0.40008762108629 -0.906650522846859
 -0.197269553090548 -0.0172038056040068 -0.980198323042942
 0.475724293617334 0.112216605022749 -0.872406917682028
 -0.972784814739649 -0.222161541452057 -0.0658327708029355
 -0.772649518383008 0.626446447683625 -0.102847313659975
 -0.776004958547275 0.455780035094374 0.435982641763882
 -0.104566095455129 -0.347711614443716 -0.931752416075329
 0.10169223315234 -0.905828414323869 0.411258523948132
 -0.604378192250324 -0.165657710572954 -0.779284623010078
 -0.972407612326164 0.149213289502587 -0.179328831273576
 0.193916360560372 0.234055884794121 -0.952687927865291
 -0.440030958950032 -0.0148282796855061 -0.897860165775876
 -0.387105847475931 -0.86216503775955 -0.326834071839237
 -0.824937792438898 0.549153269928372 -0.13382198897421
 0.0212198862808498 -0.367758759196396 -0.929679090579408
 -0.108206931045635 -0.414976867349195 -0.903374484717569
 0.362164671311928 -0.172269394983624 -0.916056770296197
 0.0772949332547847 0.119957824402692 -0.989765433654718
 0.182518221408462 -0.893509934279945 -0.410276853108897
 -0.929642749138558 -0.300279427402555 -0.213533661170545
 -0.645025459625474 -0.211482374705079 -0.734314211781337
 -0.991660074754668 0.0856594471622971 -0.096295146551715
 -0.27039363076161 -0.808796157722187 -0.522241380682709
 -0.361833343572205 -0.789319436583788 0.496035743178262
 0.0618379040614205 -0.992927231199917 0.101348838981793
 -0.771244677656565 -0.094894102393823 -0.629425735506018
 -0.272258496715095 0.715638175262307 -0.64322415460994
 -0.696887808548878 0.0563272619496029 -0.714964769661557
 0.585811211542851 0.136091685935479 -0.798939470454387
 0.0542542889394043 -0.939004807753833 0.33959747223274
 -0.922420320219925 0.0353423189284611 0.38456686458681
 0.861910351802943 0.450852752298115 -0.232039525081701
 -0.278848684612372 0.148857988476882 -0.948727943278033
 -0.375825393221201 0.703267112341919 -0.603465527191394
 -0.905562306276636 0.338172080557666 0.256118241018164
 0.0230443178994085 -0.999730560823184 0.00278660523109964
 -0.754776406079076 0.650457530434672 -0.0849563295298326
 -0.383428381957868 -0.801096555919302 0.459594368985744
 -0.137958625844958 -0.963028725070135 -0.231393803384535
 0.132571636193527 0.143498796929952 -0.980730776796888
 0.297442673135408 -0.0282399093102399 -0.954321939242839
 -0.247738640321895 -0.739230650794156 -0.626229679125724
 -0.958059925637706 0.221342899318829 0.182012361690649
 -0.389023313376838 0.2759450974567 -0.878928418495453
 -0.257229442897815 -0.964657284892564 0.0571781112855917
 -0.620198649604197 0.327200509485431 -0.71294702581721
 -0.7045362513876 0.332860139655004 0.626763749677309
 0.141584954332359 0.58906214161765 -0.795587514997271
 -0.939695870395467 0.00528809877935384 -0.341970330837349
 -0.317688002172706 0.319052036282503 -0.892905443717028
 0.0254588232137059 -0.804878514111875 0.592893266820963
 -0.761128730804087 0.409402991519018 0.503062864540645
 -0.0532097624832403 -0.00109539974360246 -0.998582756348155
 -0.240218146943109 -0.078939102128028 -0.967503932826343
 0.182165482103311 -0.981045546833326 0.066070963127293
 -0.091948177531396 -0.980326017964033 0.17466090332824
 0.252062480679466 0.420732023158268 -0.871463751697605
 -0.865192275607493 0.134526565054054 0.483057894588097
 0.177379499113038 -0.187034154366072 -0.966206364290246
 -0.242995784008839 -0.290891937377785 -0.925383666228516
 0.495992983865707 -0.856089520984562 -0.145264214507272
 -0.588448166159303 0.141614191751114 0.796036542150191
 -0.853299597562682 -0.259405618495104 0.45231462710434
 -0.037107924962324 0.383368266361336 -0.922849811319314
 -0.896874854273517 0.341522020770772 -0.281030612390369
 -0.546238780328717 -0.0162813672583927 -0.837471260369687
 -0.799984000534368 -0.443399493988596 -0.404255473209312
 -0.564412578731585 0.529285811250335 0.633478469230516
 -0.843953531690478 -0.371853324761822 0.386610322173049
 -0.969687929747306 0.195904100685202 0.146037331655665
 -0.976824136676735 -0.206196835684321 -0.0574236097744231
 0.186801394079499 -0.208483510207527 -0.960020762870004
 0.209736776668501 -0.065618231001967 -0.975553551719679
 -0.935767339988706 0.352387222815598 0.012756590719009
 0.330257263141872 0.407616439376645 -0.851339520104609
 -0.879207602906102 -0.290726678835277 -0.377454618736498
 0.529472808399135 0.287462827604089 -0.7981376246687
 -0.861321802548663 0.506873225502515 -0.0347028201015054
 -0.286714362770368 0.502756084669643 -0.815494447258124
 0.28792704573468 0.316895302385633 -0.903700937069569
 -0.415872810098029 -0.0952288945986241 -0.904423166142207
 -0.311146771688247 -0.91456433363676 -0.258379113141003
 -0.196503187929773 -0.931789769584091 -0.305211930356373
 -0.387938811902906 -0.0659536757080165 -0.919322354171791
 -0.994083136083967 -0.0932455942443156 0.0557133530447492
 -0.331383034043994 -0.0463980945861702 -0.942354764176724
 -0.139293112798713 -0.244880768413206 -0.959495095343485
 -0.935940643897047 -0.169183822327405 0.308855865031361
 -0.918864439790035 -0.337157440439915 0.204970733631291
 -0.819134035599547 -0.469899694684142 -0.328958521181849
 -0.731201796623063 -0.301479165972614 -0.61192666643942
 -0.294796411375511 -0.454560513464986 -0.840517587822271
 -0.907442670152231 -0.359324878355288 -0.217792176585724
 -0.703951719468295 0.136815237697575 -0.69694588555453
 -0.784093376375362 -0.173187742716263 -0.595989582876353
 -0.987113228942981 -0.0230414822617999 -0.158355812463392
 -0.152536881882804 -0.182134927101609 -0.971369840995263
 0.189690831406856 -0.0752418518644239 -0.978956614058145
 -0.15844141276146 -0.97094498427738 -0.179338105902656
 0.116372329706682 -0.102274700279838 -0.987925790007179
 -0.011732735398393 0.303414965891383 -0.952786283168058
 -0.982870481263941 0.0758488246432969 -0.167965987212352
 -0.564404503337219 0.241430865905041 -0.789404011644867
 -0.586905716635975 -0.341631794935441 -0.734049995892106
 0.0966986300673698 -0.334725410369671 -0.937341066312551
 -0.75156148861543 0.132536872215169 -0.646211502786494
 -0.973977951916275 -0.0639708678792719 0.217427406836743
 0.147893539518811 -0.904546516531233 -0.399903863947086
 -0.0621952994154161 -0.805285316835624 -0.5896162338501
 0.071765405103955 -0.652210395911327 -0.754633239458384
 0.0914456292442953 -0.980671640548635 -0.172976386584309
 0.0212120723552848 -0.732409937160227 -0.680533417206934
 -0.865345264591341 -0.212058526176043 -0.454102141071132
 0.370287940331719 -0.928156736931798 -0.037575429911199
 0.0883293572747578 -0.969016798692634 -0.230660721612734
 -0.329298490072513 0.300717334818176 -0.895059544933082
 0.338111418417974 -0.929762572272473 -0.145678508835931
 -0.377740057802334 0.558115327466773 -0.738796135600442
 0.0424076495311655 0.02734634429639 -0.99872607291232
 -0.984547732768834 -0.169645643317933 -0.0434294554765878
 -0.52763038563219 -0.843759806516214 0.0983644502111794
 0.0853476641995408 -0.549929835384125 -0.830838704183954
 -0.0190859839982124 -0.0514404644294022 -0.9984936673981
 0.31416567768754 -0.94915468810781 0.0201321883086375
 0.0839253319361515 0.583656687497727 -0.807651787466967
 0.242532031451982 0.0990443974934291 -0.965074308561231
 0.539875355746025 0.356985709074978 -0.762296401522622
 0.699407870320454 0.395435581164818 -0.595364873067474
 0.137113660149572 0.422782477379716 -0.895798426556476
 -0.019689277127337 -0.344074702851088 -0.938735815458289
 -0.935317999175309 0.104332524011753 -0.338075383386655
 0.487846476270427 -0.871576403863846 -0.048583822598608
 -0.251757206774182 0.435261815226028 -0.864387332764314
 -0.337139861839817 -0.0466178155329867 -0.940299682459566
 0.0859973344540971 -0.994241703545379 0.0639366358043052
 -0.860706012009381 -0.442493678453457 0.251762795940218
 -0.850812149999344 -0.164098566389724 -0.499189689318931
 -0.225953507432394 0.768422599336501 -0.598725079905572
 0.22414960336761 -0.146449626036871 -0.96348817447014
 0.223003259601473 0.0273934746727175 -0.974432729208371
 -0.0772318844206172 -0.995784098727128 0.049490046989694
 0.0910876359281877 0.0894821031429057 -0.991814496666658
 -0.980002966251338 -0.17152814330723 0.100857732436105
 -0.546031277484891 -0.559361749448171 -0.623670006704266
 -0.629962684352259 -0.2012482272199 -0.750097438580178
 -0.0195756848270777 -0.990626854767649 -0.135185898586751
 0.128317081066967 -0.963076565550254 -0.236681760164108
 -0.9917565734418 -0.12783721803361 0.00874898396424893
 -0.970945144773187 -0.20719091771199 0.119739089102261
 0.0948237561042519 -0.539607910226349 -0.836559476964689
 0.358297822190605 -0.858487821414243 0.366907796451502
 -0.962507325105073 -0.271180731117039 0.00637653431778797
 0.538499565587579 0.0209699156169691 -0.842364814377361
 0.17639459896053 -0.00542475178883025 -0.984304585748529
 0.144723661466027 0.279807275285436 -0.949085323092296
 -0.739598784986685 0.339944840042037 -0.580888236216756
 -0.0702793836965389 -0.0833007036478778 -0.994043158519288
 0.098777741103841 -0.990411061738908 -0.0965861617812432
 -0.087999855127211 -0.941498991178675 -0.325323954093649
 -0.675373365557137 0.376235584521007 -0.634285110999905
 -0.134671294134191 0.473973922264659 -0.870179500763651
 -0.961630421921895 -0.0167473938062726 0.27383655058267
 -0.334489975100721 0.518576831407978 -0.786889144977856
 -0.96258807885659 0.226422450974327 -0.148852491205081
 -0.973861525542746 0.180544750999965 -0.137830772884416
 -0.940890831805925 -0.329380875700551 0.0789473327370322
 -0.990678145688181 0.135619651915083 -0.0128109980195953
 -0.530503676614622 0.0952517656406728 -0.842314044902911
 0.0472639542804184 -0.0537553437239496 -0.997434951085482
 -0.0734809013118886 -0.963115518306153 0.258861073821969
 0.750931633260518 0.138420374566552 -0.645710060378143
 0.465163555436608 -0.881799854818828 0.0777938476684894
 0.0779807261099592 0.576521814749532 -0.813352078421928
 -0.372742760497206 -0.0438276871033206 -0.926899114434843
 -0.22839088228967 0.0621004648793184 -0.971586916929576
 -0.913431425701672 -0.381507236195795 0.141757748539039
 -0.827368320340661 -0.425975057485019 0.366069546530859
 0.0239750300829584 0.103711095803219 -0.994318463340502
 0.0574726308929811 0.295166243146356 -0.953715778209161
 0.208797687236063 -0.248273000065786 -0.945919681179753
 0.0574215579676549 -0.965459532321538 -0.254146918395726
 -0.214333723228384 -0.940721899810372 0.262875183888139
 -0.955078068169848 0.0424992449062928 0.29329114866178
 -0.167095153216259 0.544230113211165 -0.822126993624341
 -0.428758794423796 0.217218861211348 -0.876916109179378
 0.351975917438582 -0.924587028218521 0.145779905313841
 -0.216251007666433 -0.558724421788114 -0.800663800968165
 -0.32548392587349 -0.933589282542413 0.149904187799817
 -0.984428789974111 0.105428675890819 0.140658280133155
 -0.439281213547017 -0.187273253491686 -0.878612965959016
 0.0634210896155916 -0.772502566604193 -0.631836648178867
 -0.243223573431517 0.807543626554524 -0.537322607507232
 0.44936914375487 -0.51028605084636 -0.73326360809237
 -0.228154137289482 -0.157166581577593 -0.96085605335706
 0.15480863937792 -0.113075434953229 -0.98145210335711
 0.151256108930604 0.205420664413174 -0.966914649875171
 -0.26001607351937 0.0543333708098529 -0.964074440242043
 -0.130610672648336 -0.115422846772116 -0.984692042535823
 -0.0284370655920035 0.0405448536522217 -0.998772971271668
 0.0725858924025602 -0.923855041445334 -0.375796687878119
 0.267473908303309 -0.935988067326762 0.228875612940451
 -0.828828659897176 -0.32612131132357 0.454629456627754
 -0.878865843935623 -0.213466016379004 -0.426646326850009
 -0.924022464346032 0.1079587091341 0.366779773850719
 -0.0231868924309498 -0.994774016868007 -0.0994335123772963
 -0.40418233274659 -0.525743787613987 -0.748485211397543
 -0.852639977518348 0.19122864558163 -0.486247543794851
 -0.21654821877331 0.428488842977996 -0.877213873801301
 0.219753853694157 -0.0432657269162098 -0.974595465134627
 -0.509333427236605 0.382206374902283 -0.771036799954107
 -0.576323888259221 -0.525849528976208 -0.625566182507712
 -0.499705460273734 0.288482096781375 -0.816745084349601
 -0.158449899843319 0.168795748499379 -0.972831755509747
 -0.312263191773747 -0.119993583002623 -0.942386990095611
 -0.223036782181052 -0.210949337254606 -0.951711600699584
 -0.0504897742583073 -0.302269354957392 -0.951884457142246
 -0.568605946684475 -0.11136811588076 -0.815036453270786
 -0.979047415724273 -0.0538306315712819 0.196388443825647
 -0.270292465610959 -0.121690275130115 -0.955056783637866
 0.0806310274154193 -0.978467187633282 0.190001579316988
 0.0383132540985608 -0.994354425540455 -0.0989513565773183
 -0.859163180119152 -0.172962829633866 -0.481583315214088
 -0.300077420701021 0.548217842875204 -0.780647640320959
 0.0927851454163087 -0.995671423052582 -0.00541609698228183
 -0.841906841975211 0.205828454671921 0.498826138732421
 -0.0459463612563373 -0.66701916903102 -0.743622457993618
 0.0323173322075592 0.204807650245557 -0.978268580932598
 -0.378077466175578 0.42385194359418 -0.823047361627319
 -0.902691176666731 -0.206401530911267 0.377554032696669
 -0.462558140973449 -0.886085724270162 -0.0298672975645517
 0.275730995647034 0.762829299688389 -0.584862272314105
 -0.298135536269259 -0.151837703303895 -0.942369626987648
 0.432487250273698 -0.0629457730834234 -0.899440163658276
 0.00883685756391137 -0.56993818156018 -0.821640054493615
 -0.913788626143338 -0.376630197443369 -0.152118510066457
 -0.260637777219094 -0.386770975551802 -0.884576826260443
 0.0279454539413884 -0.987703411757479 -0.153821396452655
 -0.725401359005618 0.317739744521774 -0.610601607518389
 -0.0598614678632141 0.360839630298533 -0.930704768372484
 -0.030309364460525 0.141279475002612 -0.989505660604822
 -0.922095193278812 0.156323055091441 0.353982424675278
 -0.191623779256882 -0.062045022571392 -0.979505355982
 0.0138188101782413 -0.999269307897676 -0.0356355269212804
 -0.939523792479245 0.259165815005538 -0.223893107749952
 -0.763937380785936 0.60287365510708 -0.23009353362438
 0.356993692256028 0.740686664706901 -0.569156189823826
 0.32879675589846 -0.403349231030994 -0.853933306024161
 0.0674731967811347 -0.286126029540658 -0.95581340382704
 -0.441013867227566 -0.0410871450826171 -0.896559320637484
 -0.0654340500836828 -0.395824482754327 -0.915992010850485
 -0.0721572577050146 -0.939581648527085 -0.334633614437668
 -0.944025245260405 -0.200698864345516 0.261794389094672
 -0.907660250447954 -0.363044380421564 -0.210598308637748
 -0.987206947082718 -0.15078376466955 0.0518333863807678
 -0.745135666456033 0.277673332807288 -0.606358275958048
 -0.977444343434052 0.128947972529032 -0.167257214700672
 -0.0727031556630292 0.478376921954936 -0.875139858364112
 -0.277255344439108 0.486472663357773 -0.828537157757904
 -0.116070441560685 0.211709785430769 -0.970415694096486
 -0.0874541705424764 -0.973143742267383 -0.212939016952181
 -0.49428872385577 0.264981755883339 -0.827927126332999
 0.326271301226542 -0.940389802841502 0.0959898781521233
 0.448446325263969 -0.873668962120508 -0.188675483262974
 -0.483250041000223 0.554221337334853 -0.677722736165794
 0.0498014121494829 -0.177270580355421 -0.982901297531125
 -0.581870157970561 0.553540406971565 -0.595835662840911
 -0.333598755039826 0.107072208089684 -0.936614869031385
 -0.384071466492624 -0.283778487852185 -0.878611904346016
 -0.807795925312568 0.579396314669483 -0.10846959756463
 -0.6016127959946 0.410849234259771 -0.685029160257955
 -0.29985665713233 -0.0332754689795315 -0.953403759347327
 0.459198530921013 -0.494843820956856 -0.73774406270793
 0.113264557695655 0.0800752187432865 -0.990332822496166
 -0.624486062646951 0.273486000178715 -0.731589068580139
 -0.0148763779204863 0.673109836960788 -0.739392886608053
 -0.221527306119298 -0.835797582026705 -0.502362473242022
 -0.544561287338277 -0.251157221819303 -0.80023312494578
 -0.796499426901299 -0.153363116912761 0.584866153334851
 0.647888649452908 -0.708395536869229 -0.280028679341677
 -0.942462370724025 0.130685556494906 -0.307710846563568
 0.343550817628854 -0.763083784994579 -0.547426682565705
 -0.536063838741119 0.14727280642666 -0.831231785533585
 0.0265067251924775 -0.174277753557658 -0.984339706673701
 0.510943345005766 -0.854587937104141 0.0928243284403793
 -0.425942494629487 0.30476798649276 -0.851874090272711
 0.018951163993521 0.506522136735114 -0.862018664751863
 0.203760573181367 -0.974077851871544 0.0982546045237562
 0.304709274253991 -0.950653174111474 0.0584020610542627
 0.39163110397027 0.531711688796056 -0.750937919138909
 -0.991992719985959 -0.0307059162229208 0.122505470097335
 -0.119735687199361 -0.894308557163835 -0.431132891107182
 0.608096843495003 -0.793212357896438 -0.0321307362471948
 0.104951553038412 -0.611557184977935 -0.784208506085396
 -0.816406770185968 0.0200686510634283 0.577128438771657
 0.444496422510557 -0.738036682924128 -0.507666017213744
 -0.891690376255488 0.0742339273643166 0.44651718547153
 -0.247165903967824 0.698522150081791 -0.671547333969006
 -0.0528380808906802 -0.701085762593822 -0.711116650554626
 -0.351973089591672 -0.475984272893677 -0.80594907789585
 -0.649105362990379 0.107911883054554 -0.753005480214286
 -0.161579343953236 -0.986783284826769 0.0122826867636573
 0.0623256790548973 -0.491641169340262 -0.868564603434935
 -0.976106112835621 0.184357044688743 -0.115018853057081
 -0.152060092977685 -0.942433908198799 -0.297818832179489
 -0.102591722292325 -0.252200721159736 -0.962221250421962
 -0.81629406481956 0.351303933694806 0.458529765566986
 -0.455337828114933 -0.411479014266632 -0.789526746289027
 -0.0286028022324685 -0.94338892208866 0.330453054736747
 -0.40120013198022 0.0111150160851776 -0.915922982851987
 -0.916232983565299 -0.110877186189129 -0.384997882344581
 -0.616406512913483 -0.736547795313792 -0.278460690324924
 0.0331915946099444 -0.030370657077036 -0.998987457997326
 -0.255456165459389 -0.837545689699775 0.482969321172799
 0.305727551125848 -0.708577418255694 -0.635962818740756
 -0.761834329121247 0.541188188002882 -0.355982864950739
 -0.979822774446265 0.00759942158035365 -0.199723757895921
 -0.164965153216645 -0.970858127607124 -0.173841865738375
 0.126044285861919 -0.21942759915812 -0.967452513940226
 -0.09524138440988 0.117369739103775 -0.988510709622512
 -0.0567707746905096 -0.811190180451168 -0.582020249029741
 -0.257384259532072 -0.9384822573272 -0.230226835158655
 -0.249678603922092 -0.0341988419763963 -0.967724668462569
 -0.870485077819494 -0.492089822548143 -0.0101654236570443
 -0.312492321696527 -0.653555683272284 -0.689357322252554
 -0.346028241485516 0.265842829997315 -0.899773330252381
 -0.638465249405168 0.100629776003935 -0.763043755942865
 0.348142706849677 -0.555684009108435 -0.754991349413062
 0.386014702137128 -0.904620214390543 -0.180706716670944
 0.0964071896346602 0.140786972530941 -0.98533480713528
 -0.0880254394726991 0.313311775678644 -0.945561871707364
 -0.97525895609739 -0.151929527767073 0.160584517137559
 -0.446405272066597 -0.111851929694826 -0.887812749905458
 0.35713735160073 -0.902288791652586 0.241511590922117
 -0.902551147167303 0.0347346237518597 0.429179371195543
 -0.7865458707742 -0.167684327315093 -0.594329504181763
 0.149059604112635 -0.987515642929045 -0.0509322038814215
 0.32240565359244 -0.420337673996937 -0.848157316982219
 -0.956825593865074 -0.223548989352715 -0.185770375152035
 -0.420882013587875 -0.804647023900183 -0.418809619716159
 0.295905878318796 -0.908648529596865 -0.294614257696123
 -0.301110965859527 -0.0118708222515369 -0.953515217402541
 -0.952604738760447 0.127655275510552 0.276131023837356
 -0.948738005835696 0.166768678318993 -0.268485389201428
 0.263701402959901 0.478326042066395 -0.837654921526805
 -0.999377305251248 0.0190048271197649 -0.0297290816357003
 0.272638835607994 -0.0725376795764903 -0.959378106045774
 -0.310891584164652 0.0814836327562646 -0.946946059967745
 -0.437014157171869 0.441717713373069 -0.783520317620308
 -0.981643020455677 0.0292070971279354 0.188477918780992
 0.0639973924565125 -0.032720879733496 -0.997413493887181
 -0.653628095730952 0.176148313707429 -0.73603130643279
 0.435026350879469 0.145550275038107 -0.888575934558676
 -0.571611539252307 0.24026500093571 -0.7845590975312
 -0.780692674323548 -0.453711660316247 0.429726282126916
 -0.913707255537969 -0.39461330233969 -0.0970535563173127
 -0.356206382647142 -0.889005417845649 0.287726224043832
 -0.750730560324132 0.360336750548077 -0.553679557144624
 0.359793575219847 -0.142178918603855 -0.9221354229912
 -0.574550950600648 -0.147641774602272 -0.805042304202819
 -0.901594888942947 0.355494686573222 -0.246475524241578
 -0.970478496060539 0.220386076445892 0.0979870705392297
 -0.877091783208786 0.0891918840410952 -0.471969079123656
 -0.854925622904795 -0.120890849532948 0.504467622152354
 -0.126931516570477 -0.259568529879547 -0.957346629177379
 -0.660863485369052 -0.563527621246062 -0.495677388831309
 0.0926861404651722 0.60718402785104 -0.789136766149099
 -0.172096004388463 0.250451984503893 -0.952710222854561
 0.337789837345395 0.656617280203204 -0.674352855057884
 0.348191937100598 -0.0383003744446535 -0.93664051602284
 -0.201524019400774 0.13686483444605 -0.969874263343766
 -0.238021363075875 -0.272624579074818 -0.932213317649872
 -0.279305117449737 -0.666050583330034 -0.691639553388982
 0.0844548664830314 0.473642643229053 -0.876658440923447
 -0.997898939319641 0.0538709494843988 0.0359948288839491
 -0.404219535404557 0.603511427363297 -0.687299442920799
 -0.167927041714434 -0.922042806231833 -0.348765784068857
 0.221582166904502 0.394107354128748 -0.891953326543235
 0.102611807055321 -0.832528919601926 -0.544395458356599
 -0.821359455995374 -0.156100367054746 0.548635871459711
 0.236473116079336 -0.942308601314402 0.236928185872057
 -0.135744019907743 -0.828115359011916 -0.543873618801144
 -0.289775192176057 0.068667185263263 -0.954628281409759
 -0.361463140865694 0.0781723096399687 -0.929103593686442
 -0.261036224040364 0.418197446068329 -0.87004079550368
 -0.141862633740698 -0.902441366115158 -0.406785660849003
 -0.936573492611407 0.341861855724926 -0.0772046924608931
 -0.50142235285733 0.446847108923315 -0.740880074844704
 0.0558454008384023 0.32905340768386 -0.942658552232375
 -0.068807963309422 0.00481925392317763 -0.997618283200961
 -0.977977495889231 0.171958306833597 0.118280844793874
 -0.387846520569121 0.84524769937687 -0.367602235004815
 -0.18895647825863 0.278763963440402 -0.941587012448183
 0.471522224084405 -0.87380353145976 0.118887260053164
 -0.951665332298203 -0.202811463604542 -0.230652564547489
 -0.975169068822152 0.107364167031446 -0.19369621279256
 -0.920589974953822 0.00476796266200288 -0.390501427073673
 0.458451794989702 0.344549502435926 -0.819211567326705
 -0.787643294960532 -0.442483938676498 -0.428749348590816
 0.38027075972291 -0.754356790772902 -0.535107448569509
 0.697738928085844 -0.680626835936482 -0.22339986221283
 -0.532205352726753 -0.0443999944204799 -0.845450236870541
 0.212761012173794 -0.974021293741513 0.0775581784010655
 0.294588370675444 -0.938544036443928 0.179868795287915
 -0.147203709607657 -0.987910270321277 0.0486247434079308
 -0.621987891919327 0.0642135281618985 0.780389444512644
 0.424192050203758 0.188689885639817 -0.885695902441219
 -0.263853729603488 0.571877020705375 -0.776748274902155
 -0.154625320653537 0.319744995042525 -0.934801662577708
 0.57799960142903 -0.670732100984038 0.464795556624007
 -0.970457044494273 0.13458369121581 -0.200250729961637
 -0.213148329242789 0.894411369529935 -0.393187095155212
 -0.329378128803908 -0.943018349140563 0.04718518252422
 -0.136617972914263 -0.887941081698763 -0.439199459139499
 0.0207052435831319 -0.996628812359761 0.0793870471962237
 -0.995771731033883 -0.0813150203806045 -0.0427378887439096
 -0.423047175053428 0.493844481465269 -0.759703044488841
 -0.982480957804755 0.185016651069722 -0.0223608223908628
 -0.255315654270859 0.549043546096952 -0.795842384629976
 -0.657659884298515 -0.175111272830942 -0.732679683567104
 -0.426258843279012 0.275421569288698 -0.861653269997271
 -0.00532675245445874 0.379756591689728 -0.925071109037835
 -0.0583421847911914 -0.047600147223146 -0.997161178274669
 -0.407041297605284 0.137025412419506 -0.903073318393956
 0.237577554132906 0.100453730594157 -0.96616041824427
 -0.816190115265515 -0.309100470860918 0.488150176335546
 -0.849690779934228 0.467712892278527 -0.243454777918237
 -0.232622558731562 -0.0353750453729827 -0.971923531628924
 -0.165314072579921 0.309646378818874 -0.936370854678529
 0.18437216125037 0.0206129871287335 -0.982640326323675
 0.0625413324029241 0.326821413823577 -0.943014498938179
 -0.96357617050605 0.267228147160061 0.0104919492134418
 0.0626770976822114 -0.994160465718221 0.0878438946601512
 -0.14966799879787 0.720654319428914 -0.676946705453457
 0.10254906217365 -0.869591492211583 0.483005513964942
 -0.141994941128692 -0.952192472919854 0.270493865380776
 -0.407659265708649 -0.342060305400034 -0.846645540088366
 -0.160744154417088 0.207949537400731 -0.964841078476428
 0.708740284820312 -0.504005710737807 -0.493624809158232
 -0.0214970707610832 -0.28686076694009 -0.9577310563719
 -0.355783679732137 -0.0288910604822794 -0.934121662237029
 -0.930528344550893 0.35026660366081 -0.106912610796371
 -0.170257823816456 -0.905707897607215 -0.388208033973027
 -0.961893708670525 -0.155005061928302 0.225241923266223
 0.214584949932988 0.546127519272168 -0.809751833561299
 -0.491677827144898 0.647487305788343 -0.5822483174188
 -0.298063087905016 0.0584948456313578 -0.952752196881797
 -0.122014579148753 -0.45418961565079 -0.8825101900319
 -0.857229559979281 -0.42011692507596 -0.297757033103247
 -0.294220046433244 -0.210837342496066 -0.932192136464375
 0.447808019416968 -0.741287701308389 -0.499960520076112
 0.580399973134111 0.517067285829442 -0.629108331776728
 -0.994561690693556 -0.0516315082471176 -0.0904501562237643
 -0.320122723978731 -0.193668587868786 -0.927369354499785
 -0.577779267680823 -0.286657085871807 -0.764198163409005
 -0.916198735520934 -0.37220757232326 -0.148463463973692
 -0.805664578039095 0.286667076124059 -0.518388440418545
 -0.341483780217055 -0.934768622958227 0.0979614688612288
 -0.778437898724222 -0.393010572439368 -0.489466166124583
 -0.236622154206797 0.262777476416036 -0.935391871905542
 -0.0797955598266122 -0.98291944879203 0.165837347477369
 -0.0506316635260061 0.45418133000421 -0.889469366602469
 -0.34278811560723 0.0114845880394642 -0.93934254243913
 0.311668959497286 -0.940341377402207 0.136457149432336
 0.250229892267081 -0.944224873783989 -0.214066318564167
 -0.966004521494823 -0.180225669676139 -0.185348246394039
 -0.344885783533483 -0.163995670551707 -0.924207344894419
 -0.973994934708458 0.118090574737896 -0.193361018099152
 -0.0395917539790387 -0.960414929090279 0.275745638220042
 -0.627490811106645 0.551989630521826 0.549147275121258
 -0.315196055405841 -0.913720516289894 -0.256449341522895
 -0.0623668475580178 0.0959515872591513 -0.993430253831704
 -0.559826276875124 -0.144870585086726 -0.815847444867462
 0.911568748020041 -0.292271166404616 -0.289171200021129
 0.0980429554786263 -0.994161293138612 -0.0450655312403896
 -0.975793319985878 0.122271118323045 -0.181320628431986
 0.091430720931704 0.412377870602469 -0.906413214327374
 -0.29653515221338 -0.458990164608845 -0.83749324313342
 -0.885635724621075 -0.462745784165029 0.0389320242524858
 0.602120234864375 -0.791091256346909 -0.107823220589721
 -0.848114203678616 -0.30103592614608 -0.435981271028881
 -0.977227826977417 -0.188683051966097 -0.0970797614426151
 -0.330513669154408 -0.0745936761965976 -0.940848817809518
 -0.877416135040988 -0.461418364056089 -0.131278403713395
 -0.277778919766087 -0.0284717179875783 -0.960223012121883
 -0.557051354865511 -0.122908211785764 -0.821332672866558
 -0.808653331142849 0.580264765472785 0.0968121479071035
 -0.0224327427437982 0.464696230399033 -0.885185960974258
 -0.1094823460214 0.567849700794506 -0.815818811512238
 0.204850632562425 0.452681351049068 -0.867822454624887
 -0.444143889179078 0.854622004354511 -0.268993374226878
 0.449231489219667 0.666902606921047 -0.594501456663811
 -0.0183608942667863 0.424858445628275 -0.905073576423514
 -0.230960434965946 -0.914863599969295 -0.331182534158376
 0.495006302291213 -0.867890429372133 0.0416528906108013
 -0.775081924535066 0.449339175050743 -0.444232277107074
 -0.479714731231557 -0.5890448645111 -0.650307561260467
 0.0865147081420167 0.184588265895144 -0.979000703456808
 0.313621062525746 -0.219252931322779 -0.923888511264531
 0.21611416217941 0.401765616814814 -0.889875866652706
 0.153421228890758 -0.908854495586235 0.387872959070803
 -0.999663267793623 0.0258353150446344 -0.00242642138130133
 -0.537626451514011 -0.827792259839016 -0.160367618873223
 -0.865528877661947 0.295021899722098 -0.404749108235724
 0.328363641080986 0.0600179725137088 -0.942642648192506
 -0.0106781576965793 -0.670783662183109 -0.741576196689472
 -0.251205423648288 -8.29678898428732e-05 -0.967933793317505
 0.312898613186952 -0.2189235277439 -0.924211527122362
 -0.495255761186439 0.772911938607703 -0.396647029699358
 -0.703025881780603 0.0303098271896166 -0.710518067273691
 -0.936411766486268 -0.202011496670813 -0.286922217332303
 0.393044432143616 -0.904034275971729 0.168041965678739
 -0.627995178717478 -0.199863324333366 -0.752114823078244
 0.183796331618611 -0.81980913360307 -0.54233927844526
 -0.965322297339493 -0.106095652031604 0.238530029302793
 -0.362041467288632 0.426885009649121 -0.828670721396843
 -0.992323391847335 -0.123433891522913 0.00763939893638307
 0.140803031090587 0.125442243741903 -0.982058424901849
 0.0667366994159257 -0.647489255396902 -0.759146808658664
 0.0721864639551999 0.675792980123117 -0.733548200487167
 -0.0438138566242163 -0.954511955038418 -0.294936050113325
 0.0620644132972888 -0.997601525842654 0.0306464392462054
 -0.965060233307074 0.258577401985069 0.0423848236040585
 -0.509476466591514 0.30961289950091 -0.802853400349071
 0.534488794136051 0.0971116153074102 -0.839577907710401
 -0.800081161233889 -0.44778657632414 -0.39919583853359
 0.100970228967859 -0.494542472586305 -0.863268646291756
 0.0932070186514121 0.809844497743548 -0.579192835891999
 -0.0681570932557473 -0.996541872274493 -0.0475279648478178
 0.00975103639100015 0.692765070090064 -0.72109741016898
 -0.952119304012683 -0.233944393885106 0.196821877585125
 0.401960022817588 -0.913472037755668 0.0632216441971622
 -0.00370270757372203 0.419755059837269 -0.907629869328701
 -0.380971650858719 0.558565325195273 -0.736793986628204
 -0.981806941844524 -0.183590049941744 -0.0484749678523968
 -0.453177489577162 0.136747680957554 -0.880869022439359
 -0.951702755391423 -0.126557972173301 0.279722979141428
 0.140467411536563 -0.367419790447101 -0.919386536710227
 -0.589726570345414 0.33685604809859 -0.73399630454658
 -0.889892246295532 -0.455041726418529 -0.03207518045369
 -0.921064961395136 -0.368503561118976 0.125874788312869
 -0.924713403108195 -0.19159615991804 -0.328931654932633
 0.457124535683853 -0.744919061806501 -0.485934923866503
 0.46895417688947 0.22827130758551 -0.853214035345834
 -0.553445266072175 -0.514704405481826 -0.654811203660948
 -0.421169801957832 -0.406224304016922 -0.810924048690608
 -0.0695849878996159 -0.892383402977557 -0.445880916332158
 -0.399752249121769 -0.331820108661194 -0.854455121589286
 -0.399199866302106 -0.19177204762299 -0.896584044300849
 -0.630558177339926 0.240483796790036 -0.737945749002729
 -0.997588337654319 -0.0630027799715491 0.0291231573142352
 -0.392069128453099 -0.845441862846115 -0.362642875376477
 -0.335908919797085 -0.359507927484261 -0.870585577457338
 0.099247224318521 0.914099851867273 -0.393155757024235
 -0.224790360883712 -0.865417086817024 -0.447797453653889
 -0.792843072546372 0.385829537505325 -0.471736611154632
 0.392620575542847 -0.91686128614974 -0.0722112568804106
 -0.228704076185079 0.441456932199884 -0.867646369524472
 -0.220681267001963 0.24858554021288 -0.943135731266438
 0.48574511673809 0.436741849905143 -0.757171207922312
 0.480225093472126 -0.829546660788113 0.285019643489673
 -0.953354415214998 -0.210699942935797 0.216150163166536
 -0.89969188587626 -0.139959037947598 0.413480323818681
 -0.958263056657998 -0.0252380042493406 0.284771763673966
 0.0483073837592549 -0.157366306121138 -0.986358070059816
 -0.936711312502286 0.0880653054577021 0.338845715636021
 -0.97706969650053 -0.036895522621115 -0.209698661395055
 -0.808337389817627 0.128330389737982 -0.574562420710338
 -0.173122608748511 0.386985871847037 -0.905687858663734
 -0.514312662749832 0.258814096726037 -0.817617115935731
 -0.353014225675563 -0.929711437583293 0.104964752643399
 -0.375583785359833 -0.359869985912715 -0.854066984149348
 0.0166092080866319 -0.445140043223239 -0.895306917278063
 -0.685455452943706 -0.595979791704338 -0.41828089833244
 -0.162367781917195 -0.339055252425988 -0.926648929852962
 -0.302348809599678 0.126866485208283 -0.944716937640346
 -0.0857709128662941 -0.962274781048839 -0.258206499266559
 0.0805042452704602 -0.957029886392829 0.278590852406108
 0.193531170970031 -0.881603603618617 -0.430488991670678
 0.396707847393232 0.410123842698015 -0.821231585770568
 -0.997953593704624 -0.060589283323074 0.02043437198505
 0.405328569113005 -0.896308269900566 0.179833913288508
 0.464891911952241 -0.87766292436433 -0.116547421239773
 -0.163712659687779 0.467473912919125 -0.868715319191526
 -0.538545934969072 0.431394981849327 -0.723786325902547
 -0.824102781838115 -0.192751177203245 0.532636450736752
 -0.99343429059792 -0.0308404826686567 0.110168847198162
 0.48394834489537 -0.0954821277897162 -0.869871923185121
 -0.177867557423862 -0.804854197235498 -0.566191534031083
 -0.239586153069454 0.322028204150453 -0.915912829361514
 0.548990755446626 -0.822592189453512 -0.148159509597663
 0.347613579818209 0.688434471323049 -0.636571109790668
 0.000992377170690944 -0.809114435414379 0.587650274901342
 0.105380905357712 -0.0955913165343929 -0.989826835860299
 -0.00531789303484254 -0.971319523436741 0.237718538200732
 0.18365904656765 -0.640113091821307 0.746005753525285
 -0.99328791051099 0.110796073859814 0.0332168157709566
 -0.121924210143823 -0.931381325751219 0.343020863830039
 -0.130920800836988 -0.432830237007084 -0.891918006231847
 -0.890020649631485 -0.306772707192693 -0.337273997443051
 -0.977777197796291 0.128477289906904 0.165666343738884
 -0.161131050180049 0.181143941777258 -0.970166819173523
 0.358093564814123 0.165188391436213 -0.918956905503969
 0.091114487517192 -0.404070976242515 -0.910178442022717
 0.539365432181502 0.469295669283549 -0.699175589790839
 0.303179340317503 -0.945678982498518 -0.117360767146483
 0.0135816806037542 -0.999830965907472 0.0123926415468919
 0.597526665991801 0.200070822786761 -0.776487958244139
 -0.467235723983739 0.31850057648773 -0.824771581112234
 0.257474557467959 -0.895322798932156 -0.363461054267124
 0.109438408882506 0.0354108246234729 -0.993362626718336
 0.224286744404102 -0.92572825871944 0.304503936416071
 0.409530675069943 0.410265553454606 -0.814841580815157
 -0.320363392607178 -0.925118959513276 0.203769986568909
 -0.994685375940617 0.0973225374864673 -0.0336054547219369
 -0.963962193259717 0.21447510464179 0.157408130205559
 -0.426343102766028 -0.113437723103813 -0.897420437532408
 0.310913870589573 0.0466813399880907 -0.949291007843183
 -0.127540417504096 -0.989428404157555 -0.0690280736303407
 0.1436196431177 0.251388536269453 -0.957171459009851
 -0.928109786930987 -0.169964360456725 -0.331246644628221
 -0.814549737224942 0.215570921439841 -0.538551672002191
 -0.401592182558717 0.578750868192301 -0.709768378750691
 -0.920391261662521 0.0887511303157606 0.380792807604014
 -0.688780934308068 0.314756706847961 -0.653076595835383
 0.0289072968044497 -0.965234487099822 -0.259782126222345
 -0.869497768460937 -0.401826255187267 0.287244305920289
 0.231143218795545 0.601066200901526 -0.765043942880826
 -0.305356753266604 0.0183013152616513 -0.952062138252631
 0.441904092218084 0.699895626231501 -0.561130007808286
 -0.0400454866857365 -0.593383745470687 -0.803922937604894
 0.200783968537116 -0.839874923720651 -0.50427761251489
 0.502281377877506 0.10370747375084 -0.858462682546943
 -0.979617880147472 0.0488799497668149 0.194832131349442
 -0.152402056772632 -0.984751075812146 -0.083898341928154
 0.094413235889963 0.0503531688074599 -0.994258869349343
 -0.498593021299247 -0.86449971533933 0.0636022113601968
 -0.196772878774866 -0.140737628472229 -0.970295498346079
 -0.814560020167129 0.564516979773203 -0.133463677055094
 0.165487487940504 0.233459281722881 -0.958180909386416
 0.0298092987060106 -0.962244747049149 -0.270548429097223
 0.181034688165326 -0.972072117639117 -0.149339344412271
 -0.0196666564209031 -0.977355951567816 -0.210685942958211
 0.0710255607926473 0.378714264982115 -0.922784305898809
 0.111468253077722 -0.270520781040155 0.956239162333998
 -0.110046479318703 -0.867062188198665 -0.485893953641844
 0.0911394954224237 0.360340618265618 -0.928357814208562
 0.059196565678668 -0.974741187225184 0.215349447500313
 -0.346352816765811 0.570940603772329 -0.744356469228606
 -0.873349205567752 -0.24532052168531 0.42080756501544
 -0.475406930298879 0.60934414891775 -0.63457699202185
 -0.548463319654404 0.741844926774992 -0.385816137054787
 -0.93132953072687 -0.362347279970612 -0.0364657907355262
 0.155470263107979 -0.157732416990413 -0.975166386787146
 -0.186809050314353 -0.844007406636201 -0.502746333913917
 -0.119797822979898 -0.897429686944084 -0.424580308776467
 -0.903237713593505 0.0396204328880371 0.427307680764273
 -0.563586870054537 0.311935600538307 -0.764896085111524
 -0.476722639854581 0.62726280882251 -0.615854604040739
 0.174146356290469 -0.178018393975075 -0.968494965395943
 -0.334541863664154 0.420779468829184 -0.843223801886513
 -0.591097027839881 -0.707129134388108 -0.388036971148864
 -0.250890877431795 -0.967645869410036 0.0267439532455337
 -0.0687759399326938 0.748549151246787 -0.659502872059015
 0.0926073437226249 -0.131499427205685 -0.986981144973508
 -0.970367693018104 0.061899273757952 0.233570161311246
 -0.950739951539988 0.0244154005297455 0.309026589086947
 -0.459215173532647 -0.885652032059434 -0.0688614733096602
 0.256088268904185 0.199364255749628 -0.945871392980597
 0.0686479849075996 -0.0319135459071952 -0.997130372496874
 -0.0517992097565197 0.17873130457687 -0.982533440974327
 -0.893997756095525 0.370842404009789 0.25148344574625
 0.562369911899687 -0.691276731003704 0.453736226636986
 0.118114678018296 -0.990086815487432 -0.0760067144046441
 -0.209894411431621 -0.956772328091353 0.201323243189717
 0.176677996563846 -0.984179003510118 -0.0132881368151348
 -0.446079816019179 0.26463986383721 -0.8549728300996
 -0.173897320583381 -0.931998899272738 -0.318021655942368
 -0.823273737410721 0.024610558960134 -0.567110812520316
 -0.436389031641476 0.315343265854835 -0.842688102291128
 -0.973810729576868 -0.227346822213857 -0.00246685837224389
 -0.186673698311222 0.619950310129104 -0.762111896856123
 0.133885710334759 -0.958175237034577 -0.252932464705285
 -0.430474838501255 0.306829796341909 -0.848850333977728
 -0.269626821537293 0.440397459706272 -0.856359419047843
 -0.716433753923983 0.348011503303554 -0.604657481394873
 -0.328887488933753 0.535903618928448 -0.777586220841292
 0.480701309539742 -0.61000663161833 -0.629935044578754
 0.274659931431449 0.311410624764706 -0.909717178495453
 0.463270374794564 -0.886207121170311 -0.0041830879424888
 0.157843234352018 -0.909537345267713 0.384483199805474
 -0.543442586066711 -0.836653518051678 -0.0684181728846695
 -0.460325185177181 0.0658834572334793 -0.885302261351771
 -0.953622464128993 0.0992285126882025 -0.284179341575411
 0.0708768829357127 0.105230231776424 -0.991918880647807
 0.700417392880535 -0.652147919084312 -0.290032010965059
 0.14803314498733 -0.964542321145999 -0.218504688058285
 0.701695303801821 -0.693871213948326 0.161760437302658
 -0.975090792263203 0.207077873554513 -0.0794776769140844
 -0.946423769074383 0.253250895768046 -0.200364750202528
 -0.759723584240128 0.322532891580345 0.564617223788077
 0.0804236520550187 -0.899018625125514 -0.430462016753586
 -0.707590179514466 -0.706620383352019 0.00194208293615062
 0.320387514493386 -0.0343403036578935 -0.946663923523778
 -0.215969566610594 0.122559513295471 -0.968677609939865
 -0.729682961734677 -0.106650995046476 -0.675417160434724
 -0.853258561852631 0.0340611061582963 -0.520374545565453
 -0.907935420990175 0.400495752842098 -0.123516894661562
 -0.515786144669844 0.300513822751831 -0.802281805416089
 -0.901425347923533 0.371319678192537 -0.222607364451244
 -0.778939236481511 0.139443493553882 -0.611399360463428
 -0.940682190442433 0.0707090800990496 0.331839181797406
 0.432194709024126 -0.431027640551188 -0.792100313453054
 -0.838921722983207 -0.466796765189171 -0.279841245558643
 0.0167096019463 -0.974577880978477 -0.22342502794069
 -0.940224642341256 0.299361691978088 0.162358243739802
 0.528435056499144 -0.706022291494232 -0.471475253832034
 0.227611995896648 -0.970191093011844 0.0831986920836401
 -0.755448654579764 0.314690978587691 -0.574688540245188
 -0.220900365457054 0.491321140947489 -0.842500186943005
 -0.161754808718754 -0.753737635162574 -0.636957580373991
 -0.578823900440463 0.0824771334570887 -0.811270863975522
 0.299859275990389 -0.953126746434553 -0.0404205372750376
 0.0433167016940239 0.170354758179585 -0.984430251323031
 -0.0887639798110041 -0.943236940187721 0.32003910784999
 -0.0320834464237078 -0.91181633158313 0.409342924604616
 0.195501245084647 -0.569916783296442 -0.798106586420253
 -0.947001577872342 -0.0213806837748441 -0.320516579709405
 -0.100601643339026 -0.992446905863706 -0.0702029087648349
 0.238775258755923 -0.967817273226968 -0.0794739042048283
 0.496484221505388 -0.784244389991287 -0.372107719032249
 0.240173978875063 -0.290560069483404 -0.926224220096365
 -0.185322723800231 -0.0204330555871821 -0.982465255509137
 0.0944433502891191 -0.31562270311943 -0.944173057686858
 -0.254097885752929 -0.278589186661097 -0.926186984108177
 -0.0262973906704588 -0.946409181222766 0.32189766843079
 0.136181975012474 -0.935156754046275 -0.327011184890267
 -0.515966288363146 0.218477817650159 -0.828279078854213
 -0.781862451201287 0.505934700703758 -0.364309190146658
 -0.638313014779121 0.159367413446431 -0.75309927811344
 0.0190031455484524 -0.953287191350023 -0.301467098150442
 0.20059536290756 -0.364529423246241 -0.909329313267612
 0.106575236162407 -0.942987900912607 0.315302295851717
 -0.724521978973447 -0.475660030286528 -0.498814031049868
 0.181443242226226 -0.319396110675021 -0.930088422858873
 -0.140759512883322 -0.435115402548263 -0.889303854707778
 -0.951290263391842 -0.272227277427703 -0.144703642663828
 -0.171365466870709 -0.92783198818952 -0.331303000977152
 -0.996058531843213 -0.0807272777981585 0.036749255252888
 -0.985443917898052 -0.00945068728626776 -0.169737942686823
 -0.628684536993981 -0.0504263599133899 -0.776023798069717
 -0.187881266657572 0.142708263685846 -0.97176899575718
 -0.801770452484903 0.198692154089735 0.563636025663136
 -0.548334551129984 -0.290760014987516 -0.784084073120695
 0.153898636724388 -0.945120396534633 -0.288205908455383
 0.273779067748827 0.0953193215920457 -0.957057599621786
 0.537110308098599 -0.826253436188278 -0.16975799280532
 -0.427153099536605 -0.904161432194413 -0.00568630709865113
 -0.114913226680994 -0.96875242894767 0.219803734594643
 -0.320940565546006 -0.431808995946817 -0.842934246787026
 0.182526906973665 0.255387196448798 -0.949453162678734
 -0.929447936184448 -0.310180066454652 0.19978703735893
 -0.0553781197929563 -0.0554952267194051 -0.996922034895186
 -0.999236429558193 0.00633815240935738 -0.0385536725595613
 -0.277382898951414 -0.874780286956697 0.397263359651086
 -0.0382484558933737 -0.0243417157511664 -0.998971739588294
 -0.033132719105394 0.174700907113903 -0.984063928806591
 -0.918587130525994 -0.347481569236992 0.188292970321832
 -0.855106471536645 -0.364203657531095 -0.36898322208079
 0.489533882244361 -0.409411058028596 -0.769895553759515
 -0.733735660195668 0.278311524594545 -0.619818260649916
 0.017650885989314 0.464635695705934 -0.885325994478675
 0.274414921734871 -0.960629738661429 -0.0434391059820398
 0.301715488534297 -0.786303127628501 -0.539161530026159
 0.0416893625849192 0.726145894999774 -0.686275554148799
 0.216111605600748 -0.963880544786678 0.155660108269278
 -0.879602150992009 -0.231141380190233 -0.41578085373666
 0.407576665553015 0.391779191982555 -0.824857761329905
 0.0694150877126495 -0.995921834473669 0.0576302456740138
 -0.773648312664409 -0.569230817269197 0.278288636100282
 0.0936518670034664 0.167110475654283 -0.981480217188999
 0.414294654589827 -0.839545220490196 0.351459474093906
 -0.56669440991965 0.46263366810354 -0.681782615576904
 0.124361437431023 -0.778431642771114 0.615287258451494
 0.698785408684683 -0.709438900765306 -0.0916264082581835
 -0.241093863382245 0.424624910221694 -0.872678311096731
 -0.90665630757281 -0.296076076041672 -0.300521708257829
 -0.453893779938506 0.153482773964986 0.877737702636242
 0.124530887434816 -0.950823525577749 0.2835959824867
 -0.201565786038443 0.236456187919602 -0.950504973734086
 0.107722089988686 -0.0598083828798371 -0.992380425374145
 0.567250395123764 -0.802206577257202 -0.186256802928695
 0.568419096285694 0.107446118958032 -0.8156929952492
 0.165059877792625 0.260940067247491 -0.951139063464412
 -0.773970434067929 0.429870746487829 -0.464952587370689
 0.0127991615093142 -0.460906691989676 -0.887356299771288
 -0.611078410227868 -0.788518170085556 -0.0694425805850163
 -0.426954253999164 -0.346637134413361 -0.835196241632894
 -0.827173531336039 0.0930942422452508 -0.554181749174266
 -0.0289696851351448 -0.469015350347267 -0.882714766208089
 -0.349711902518229 0.0449950243616574 -0.935776166088758
 0.740498647898508 -0.381284251921453 -0.553429373720964
 0.51572930163013 -0.796088998763628 0.316647427729364
 0.277232081051943 -0.0368755755405412 -0.96009508131443
 -0.44050840176378 -0.514304518464959 -0.735828247801106
 -0.469039452148156 0.343604375194028 -0.813595738482005
 -0.174787736463329 -0.984164947937334 0.029472061915165
 0.268873853747958 0.317521440562821 -0.909333264295128
 -0.353670134941233 -0.910375347480738 -0.214788645765961
 -0.022115245404224 -0.00316422127343372 -0.9997504206673
 -0.995813964446294 -0.0633710141027167 0.0658685265156935
 0.212823283192852 -0.964775817980468 0.154641104403499
 -0.191677912461123 -0.969776784194046 -0.150972072625373
 -0.0790430479532243 -0.869512372630752 -0.487545311137647
 -0.76357560081541 0.258470986870009 0.591730555900089
 -0.975312378087948 -0.185733689418347 0.119451922393411
 -0.06099339759062 0.770995076877259 -0.633913556316144
 -0.902547958022425 -0.405314563968394 0.145352288267718
 0.076092520385486 0.509733622628559 -0.856960653882867
 0.182332358009171 -0.601478434749026 -0.777803705156177
 0.569463810386713 -0.737292684284172 -0.363470035024741
 0.293772475718939 -0.0184056479753924 -0.95569815560802
 -0.959023952668395 -0.215657075794138 0.183752779212204
 -0.612025441142071 0.413532181466721 -0.674103845328172
 -0.898330227608865 0.122376502691733 -0.421932214642524
 -0.818531832293875 0.336205382844966 0.465802082506831
 0.0993808144832144 -0.984627372471692 -0.143639796338425
 -0.288336096486859 -0.934872936229018 -0.207062523333545
 -0.916441591337139 0.027707219987293 0.399208115684073
 0.198599956859433 -0.915440703843435 0.350037676375084
 -0.855805441852006 -0.375130828517803 -0.356193637214422
 -0.791678299013865 0.590394774024835 0.157097045404033
 0.0776063863148868 0.52314256218118 -0.848704370459853
 -0.885094898190049 0.454464561946424 -0.100344322872752
 0.602859312175381 -0.651148183420855 -0.461049555851806
 0.316843544106064 -0.383139980074908 -0.867648502693636
 0.524993625702672 0.112868335365452 -0.843589018327879
 -0.807347783743609 0.151603773845673 -0.570268227977004
 -0.485147240833783 0.764507817964722 -0.42445253089384
 0.30462127903931 -0.862834911796436 0.403387891912601
 -0.966528290326027 0.221055937902104 -0.130220337573165
 -0.99657608346672 0.0824876750873874 0.00564741718043615
 0.0638554889072646 0.291384896541837 -0.954472272307434
 -0.988857005774343 0.137347675106361 -0.0574233251726083
 -0.922401035787003 0.0234010117996887 0.3855239575251
 0.279454689365907 0.328041663909954 -0.902382260093023
 -0.323552084270157 -0.0400404897176508 -0.94536279170888
 0.00871909247634627 0.0380646273026104 -0.999237239885855
 -0.350105699309086 -0.931630340363085 0.0974212924686324
 -0.995925611813382 -0.0901782428088278 -0.000245475158530546
 -0.950280538668133 -0.26305940094146 0.166633278203734
 -0.272093418314252 0.0397279001251812 -0.96145039688052
 0.0631317813006445 0.145171623661268 -0.987390286499396
 0.25961853044074 -0.954267056724081 0.148231586050172
 0.110173016394421 0.618531603979297 -0.777997790059428
 0.201377534957224 -0.068246436435116 -0.977133313488216
 0.184095998496711 0.209326425989896 -0.960359886042621
 -0.913065324277994 -0.295964992087571 -0.280564497147672
 -0.948381917636664 -0.283937463415627 0.141248912098124
 -0.982984478209877 0.149042659627814 -0.107367598508688
 -0.855622929290123 0.454930270761699 -0.246876186817758
 -0.0102657883915865 -0.81621324172493 -0.577659551657878
 -0.553713482263383 -0.678508437924278 -0.48272940580134
 -0.184988828032049 0.497474100114624 -0.847525016278856
 -0.979226317744674 -0.063078797928266 -0.19270932486035
 -0.942788420140575 -0.308576717481622 -0.126215705350427
 -0.0633966306288207 -0.98658460809403 0.150438287336906
 0.128477821144886 -0.221865669851429 -0.966575953567664
 -0.673184720939991 0.656943100645669 -0.339482096740021
 0.099865779865845 0.20461426121686 -0.973734989675561
 0.0236306159528912 0.348312672440346 -0.937080506790719
 -0.487478033494239 0.275432194617954 -0.828554327143686
 -0.920220629291885 -0.0914731335135678 -0.380560979700832
 -0.977285461570214 0.177739958010089 -0.115419382817903
 0.0389530992520903 -0.934299622098198 0.354354162111611
 -0.00704797376738111 0.0822015138318695 -0.99659080729732
 0.0385383314729176 0.521944092252205 -0.852108655964898
 0.335729177641614 0.151957978472385 -0.929620724843563
 0.0116534594563343 0.27925094998844 -0.960147438580791
 -0.693779135644979 0.0502038879205076 -0.718435856970802
 -0.903243784139728 0.263225162477479 -0.338914709405846
 -0.946324351435609 0.162648902568819 -0.27931264986236
 0.0868434051507901 -0.502154815253611 -0.860406162518277
 0.326059887592458 -0.882323793466448 -0.339396041795084
 -0.389747841585358 -0.283018394767621 -0.876354499162704
 0.323745858302163 -0.523710522682203 -0.787982174712175
 0.651146434700867 0.346400851066353 -0.675288657506445
 -0.8970908314837 0.220518781192011 -0.382883150856072
 -0.540920690389354 0.217725205530476 -0.81240417378631
 0.227758984461651 0.367358832831476 -0.901761239429647
 -0.833022821315322 -0.270726115594412 0.482473159360209
 -0.905436402288919 0.308700636247103 -0.291356892128421
 -0.346490801897985 0.290507915611454 -0.891935690040027
 -0.944943598087358 0.200293479567476 -0.258774261619023
 -0.155649789405389 0.588442048747212 -0.793416094066816
 -0.708812853787657 0.200220030696245 -0.676384711250478
 0.841733650760111 0.13631167119434 -0.522401751025264
 0.451589215779963 -0.757178706497147 -0.471961424926387
 0.323212921319896 0.118308005944664 -0.938901817668523
 -0.904709650512416 -0.318945245623877 -0.282443584745037
 -0.32476609563262 -0.94558958164134 -0.0196806051456498
 0.200612509508951 -0.112962896826401 -0.973136169797993
 0.237206286880092 0.454215695209751 -0.858732367906138
 0.305385783243286 0.483661371423903 -0.820250694108352
 -0.585616719349902 -0.236003876636192 -0.775470971881312
 -0.994639716955941 0.102252598528841 0.0153700861385083
 -0.613816642460767 0.63108103320457 0.474305659852002
 0.484955906567459 0.564459502926633 -0.667984459580575
 -0.213319152666517 0.00449097109004543 -0.976972246424794
 0.249961989120576 -0.159974631693615 -0.954948753184891
 -0.591448966567692 -0.734423375927387 0.332881998367933
 0.548348853677523 0.487902852305775 -0.679164443549893
 -0.121895459126906 0.224492507505012 -0.966821912824877
 -0.887452362166673 0.179669997734846 -0.424437270746518
 0.235320785905006 -0.843940420154659 0.482067106272796
 -0.169016379710936 -0.198894064783081 -0.965336529083756
 -0.733873529336984 -0.335768747935739 -0.590498933824731
 0.682852540591848 -0.291880196688401 -0.669715132417058
 -0.0108495455768527 -0.0749378298190033 -0.997129183718335
 0.597734528331711 0.145569410740046 -0.788367287688209
 -0.239400125965489 -0.469321911230713 -0.849955600797159
 -0.328299940963872 -0.379370977721222 -0.865041507689639
 -0.131069839166799 0.769146657842143 -0.625487102977392
 -0.200723842196258 0.315341416132586 -0.927507267058036
 -0.397766292907238 -0.550485839703467 -0.73399408479415
 -0.976307309788047 0.20528836579142 -0.0684158148757637
 0.188228960864559 -0.972594995470446 0.136487483227185
 -0.972326104853801 -0.0524048588754395 0.227674497004122
 0.0119346046664099 -0.99705882269196 -0.0757051471405964
 -0.0505337837206313 -0.685068860524445 -0.726723463941144
 -0.928531964234574 -0.322673894394593 -0.183602694073128
 -0.0071228819318707 -0.951904793754421 -0.306311162350212
 0.0632638900631005 -0.814945622830722 -0.57607405083299
 0.546854004761051 -0.826847596584874 -0.131429637063408
 -0.82259295001286 -0.234085249081246 -0.518213213602
 -0.55025147505608 -0.647639011777557 -0.527055048948778
 -0.336872868067964 0.287535566439677 -0.896571229067651
 0.0367038203004734 0.166559350069145 -0.985348066664717
 0.366839519800065 0.425267437091597 -0.827391306252611
 0.0528460464572139 0.399742685212547 -0.915102770727367
 -0.407724020272885 -0.872329314258618 -0.26981973756122
 -0.490861243722258 0.179724174549896 -0.852498950435599
 -0.312063798983043 0.810043730870536 -0.496432613192983
 -0.29435045444226 0.342199040569772 -0.89233268829667
 -0.39163496010803 0.744109745484146 -0.541223377817977
 -0.976525647577933 -0.16128735085634 -0.14277272175119
 -0.0150609060071129 -0.982585773705956 0.185198181473019
 0.496279800382143 -0.769885837208846 0.40122581845875
 0.0335541581407734 0.215509972106989 -0.975924981949898
 -0.276680481452345 -0.825359097735318 -0.492168945555121
 0.414119913868219 -0.80899463742839 -0.417171875310269
 -0.777002705548341 -0.0132540928297452 -0.629357707979984
 0.0752007358555139 0.316853148616736 -0.945488726288394
 -0.11597865023821 0.27830385000755 -0.953465216858957
 -0.479011883774609 -0.8308015651347 0.283401437138968
 0.146300401003396 -0.929565862943328 -0.338383656692625
 -0.172631283058026 -0.751574000774573 -0.636659219260541
 -0.210067381870207 -0.548802056022682 -0.809127924607397
 -0.747720992414573 -0.658614938697276 -0.0844966273134565
 -0.783398601715063 -0.0467870125020674 -0.619756086127451
 -0.216579891487765 -0.880678676761806 -0.421305374876968
 0.258440872755463 0.427226529146196 -0.866421264791608
 0.217967603826649 0.521457565016129 -0.824967957904741
 -0.979403813329144 0.19845241352256 0.0372130353962553
 -0.167303826150029 0.592666774405923 -0.787880399725009
 -0.0123692675407708 -0.916613407237239 -0.399583361632393
 -0.411648191771885 -0.299391485909527 -0.860761583933567
 -0.147584320300748 0.350983764062178 -0.924677925423827
 -0.274314900855159 -0.248976133997864 -0.92884994475335
 -0.164413096709413 -0.976480744512921 0.139476482698383
 -0.717226871410526 0.68376230136489 0.13436789110073
 -0.978281041186546 -0.0719542699567083 0.194393383349239
 -0.800463814189718 0.0710245714694151 -0.595158123880061
 0.0223929205919841 0.12744489804265 -0.991592837343161
 -0.978700878305443 -0.187869111026429 -0.082763445592205
 -0.0589301971504117 0.744254089141214 -0.665291727485315
 -0.0775717219501454 0.30034442005312 -0.950671266682992
 0.359274761726181 -0.76196890110443 0.538818187644315
 0.531036769742455 0.134557867910314 -0.836596754335641
 -0.899851929091871 -0.19103934029661 0.392135787921321
 0.315821033263686 -0.188904642830568 -0.929823698808174
 0.3796678625529 -0.886459080788944 -0.264655648402471
 0.466283766726615 0.107343564058024 -0.878098404589463
 0.435208596922487 -0.90018969974023 -0.0158739297703612
 -0.677020235532824 0.297411303183093 0.673193967158065
 -0.430879301721736 0.526322240296731 -0.733026552531911
 -0.217770386695324 -0.97496689443281 0.04489558373172
 -0.500369113430777 0.656641336109284 -0.564316317358547
 0.389161563455349 0.382514300298534 -0.837995278981995
 -0.888738285563132 0.0852252335263205 -0.450423044864146
 0.40124347015718 -0.908426988714189 -0.117320432286514
 -0.971590427014023 -0.0428890125945937 0.23275002628006
 -0.372737856413055 -0.906248396851971 -0.199450077963968
 -0.692294830225169 0.717938120235234 0.072751106909814
 0.0687430031326117 -0.962075523753968 -0.263979328951793
 -0.940296618650328 -0.318056740078516 -0.121170041864261
 -0.913027031413795 0.083874581295159 0.399182532834635
 -0.128537130486188 0.412088421686588 -0.902031783696247
 -0.0266857443972128 0.323583983691527 -0.945823068308385
 -0.276263683010742 0.185168758587139 -0.943075239995536
 -0.159844593970383 0.837011775147313 -0.523317297672442
 -0.476734281826144 -0.872225412710795 -0.109303494697993
 -0.989517297523207 0.0471982810183231 -0.136483845825374
 0.161228851060592 0.927771360884582 -0.336519775805303
 0.229363170362897 -0.907807563552023 -0.351109617696271
 -0.0632326647990409 -0.668219396816876 -0.741272195499131
 0.162616636461244 -0.979838655250023 -0.116069113996177
 -0.0484926524044076 0.526365912693828 -0.848874188921291
 -0.255792763183528 0.674179306740132 -0.692858084073738
 0.286115047288458 0.207384539034417 -0.935483742608393
 0.302247852127275 -0.953204915769194 0.00682820898133963
 -0.0787719478824464 -0.345348383088596 -0.935162806427254
 -0.879034104640599 -0.138605731580801 -0.456166081654095
 -0.768677135275999 -0.499344176253465 -0.399738483693565
 0.359556471294801 -0.905606546955562 -0.224935381968367
 0.0149286242005578 -0.996859005810464 -0.0777769806179916
 -0.435075699205027 -0.412176308392078 -0.800512227740173
 0.0427674531240409 0.0555389200440731 -0.997540161253481
 -0.948677354537628 -0.28301795870706 -0.141110283242494
 -0.0161344136338135 -0.277155270141416 -0.960689667337758
 0.738552693524583 -0.457705442613637 -0.495020854802541
 -0.188605633768586 0.653503671178257 -0.733049020644111
 -0.00335322498208983 -0.665831316307042 -0.746094775552712
 0.0196297350118497 0.528111498186355 -0.848948125026923
 -0.728271935196613 -0.352353627114676 -0.587764331908727
 -0.869785773330691 0.491463978908836 0.043998476639855
 -0.98250483989653 -0.0743439393487613 0.170754848428972
 -0.748470689268896 0.20147729217532 -0.631821595106596
 -0.552540283385376 -0.598569488343813 -0.580011898895389
 -0.41909483819423 -0.903220694569707 0.0924764483529067
 -0.851602295176708 -0.398952652571943 -0.340015164155328
 -0.354723471861474 -0.912135337955304 0.205378635119883
 0.199012479868628 -0.354670825102119 -0.913565891809628
 0.337568872646701 -0.941240191096159 0.0106845161472959
 -0.210415172064032 -0.227998355769633 -0.950653567358587
 0.295082006667207 -0.849856596173236 -0.436658190444307
 -0.154135403747364 0.287664893807689 -0.945246627173167
 0.083532255740453 -0.109206315039802 -0.990503075717758
 -0.419144716907334 0.114991896558107 -0.900607889158562
 -0.922359882343936 -0.364239071647096 -0.128771682167092
 -0.852561215916158 -0.510843554624175 -0.110355044354575
 -0.488088858436556 0.0897304585662481 -0.868169171921919
 0.0492826097627338 -0.672361283722543 -0.738580752880786
 -0.345392099270295 0.144120126189888 -0.927326095280764
 -0.977253174551348 0.129078426741623 0.168270593328783
 0.142422441442045 -0.985050072114244 0.0969133819521835
 -0.655644284442826 0.574957049573969 -0.489443524242227
 0.285675419893232 -0.958202429300551 -0.0154161912075805
 0.0549401040311273 0.596395602241963 -0.800808260818715
 -0.771868985198535 -0.167759826936237 -0.613249468124439
 -0.809463968934065 -0.39792071076605 -0.431772151650558
 -0.0479767901064356 0.800454661201372 -0.597470135631966
 -0.656834497191379 0.680726506594141 -0.324314456229574
 0.184515874846279 0.927500969581945 -0.325108971506884
 0.0171722328637928 -0.986839504717751 0.160788389963004
 0.400947980130356 -0.0897762126371507 -0.911691257429793
 -0.934119100572958 0.267260091103461 0.236629562075699
 0.701318777714009 -0.483687377333545 -0.523639659531175
 -0.939543594445588 0.318881645714055 -0.124789142808826
 0.181055883088277 -0.216346358244786 -0.959381582308803
 -0.14403187950417 0.0980307537939564 -0.984705432602606
 0.59698566929533 -0.0886936213666232 -0.797334027986314
 -0.480827482026692 -0.514363256141919 -0.710095326881507
 -0.939698572655254 0.00895304918721562 0.341886582743355
 -0.132798900302806 0.144897486176426 -0.980494350100049
 0.00361825172429553 -0.94003112201683 -0.341069491297945
 -0.89415205459364 -0.0172690632754925 0.447430310461371
 -0.577813011386794 0.00991248304589266 -0.81610897958054
 -0.558670381591637 0.471470981998764 -0.682350729365314
 0.15525327340099 -0.335723277221398 -0.929078200277028
 -0.136838041711557 -0.986327333126513 -0.0918354085747225
 -0.35760658625925 0.156742052076284 -0.920624493794794
 -0.991877389227857 -0.111706872710822 0.0608343597623832
 0.0835017004878527 -0.992319961612861 -0.0912609434549439
 0.102330437887682 -0.991416439521893 0.0813752107674583
 0.494185891362862 -0.268442855519689 -0.826872866950131
 0.390683997658776 -0.0596750772435803 -0.918588536358543
 0.223147939451899 -0.944583911366356 -0.240761773349108
 -0.939652968785799 0.312033880307322 -0.140310925420615
 -0.843390713227453 0.21962015927987 0.490366281956226
 -0.895615016361937 0.168936435368503 -0.411502397650355
 0.685529652928556 -0.61083044478726 0.396150555567769
 -0.344477347317895 -0.192687731579745 -0.918807267757215
 -0.315490918712313 0.162136170350761 -0.934974514344669
 0.684221133650427 0.0768817891260885 -0.725210749208046
 -0.0128463373317046 -0.248734066905733 -0.968486621269336
 -0.195876863515505 -0.429725389385861 -0.88145807844531
 -0.95823441591497 -0.285983867738372 0.000177621780463792
 0.121006998286166 0.165361500554234 -0.978781324147649
 -0.917085048273528 0.249507989181751 -0.310967486351258
 -0.694720936631467 0.141729613986933 -0.705177663234601
 0.441027142069404 -0.0109540972763884 -0.897426914969098
 -0.969811891674791 0.017023394648221 -0.243259324180627
 -0.270514078001897 0.162401815073651 -0.948919271626184
 -0.971647602584169 0.208457511701374 -0.111563444764437
 -0.954971503748051 0.0963095056721995 -0.280631263665262
 -0.0729961228800323 -0.205847535973766 -0.975857754991993
 -0.990045089525807 -0.102987910175595 0.0959385796408328
 -0.683155661428024 0.561531202321372 -0.466884408690581
 -0.67616061947951 0.535051322509681 -0.506484845721693
 -0.323751003635279 -0.0743887271381996 -0.943213446108519
 -0.0446124555513182 -0.770270416055606 -0.636155024313419
 -0.845460474684762 0.186772341591423 0.500312580455732
 -0.806488708297049 0.589379915188466 -0.0469816875153977
 -0.755179078748111 -0.525329023197362 -0.392089245462892
 0.0591762048032131 0.193074975554935 -0.979397891870076
 0.0340126203598334 0.216516421371368 -0.975686312773114
 -0.410328884237485 0.0331812763714695 -0.911333753165536
 0.45201485363083 -0.482928918640639 -0.749974820669122
 0.0960269199793096 -0.984592510428669 -0.146138355838087
 -0.711005325300677 0.205622784196145 -0.672451260697386
 -0.874783353031337 -0.297994761476974 -0.382038227657303
 -0.421993773998409 0.597936349102632 -0.681464142217619
 -0.41443186412107 0.283528667715402 -0.864787676013404
 0.409780955322836 0.20297540894198 -0.88931465298821
 -0.143471443201852 -0.978570516739151 -0.14770134987348
 -0.586958017723891 0.108696589959212 -0.802287564879875
 -0.967315132963164 -0.252727007442045 0.0207483312544809
 -0.0437945943413845 0.503970553729901 -0.862609827488449
 -0.170346582786397 0.197892024000551 -0.9653086493811
 0.599035307273058 0.160234776480307 -0.784526301054706
 0.189217220231542 -0.262670384397841 -0.946150681830404
 -0.173926917061608 -0.914180137999575 -0.366093024801789
 -0.879057600691884 -0.270135599545301 -0.392790647195334
 0.0277877269888176 -0.472471047220585 -0.880908026849046
 -0.348004432596114 -0.0363329901703849 -0.936788572047469
 0.576408955853819 0.202820270774109 -0.791591216079756
 -0.130501288501465 -0.970337987337612 0.203503326825508
 0.188522400426661 -0.948399902008133 -0.254944955644024
 -0.625553353044644 0.284530813662876 -0.726446982629114
 -0.0617114711537063 0.4219572420144 -0.90451300722524
 -0.481304728504706 0.548227026852421 -0.683953862002084
 -0.914520331313509 0.0451573976281532 0.402011657857932
 0.263395390786607 -0.878512404232383 0.39854588659552
 -0.888262166139889 0.254167837743162 -0.382608199678782
 -0.997588833038582 0.00639738018947197 0.0691056707038634
 0.157096393608053 -0.141186321909659 0.977439075145334
 -0.232184083248491 0.111862188781917 -0.966218092465141
 -0.139179218638433 -0.445349664935541 -0.884473188424045
 0.0548337236591203 -0.997436610074524 0.0459725095325254
 -0.997250944163169 -0.0659874595028142 -0.0337077076353806
 0.145146334858035 0.365478405606673 -0.919433562859483
 -0.141286355950087 -0.194171185252388 -0.970739777921987
 -0.515735579499779 -0.67607503163658 -0.52625028611453
 -0.249275410063012 0.516729854009922 -0.819055570711049
 -0.274752433196699 -0.00134965268389388 -0.961514055482356
 -0.944817696648236 0.314593658554259 -0.091380250042165
 -0.795701868652038 -0.573584415016702 0.194575062825642
 0.490703532782996 -0.670816916608303 -0.556070775447169
 -0.513119153785142 0.251087515625399 -0.820770244048775
 -0.895535696610709 0.409791393708101 -0.173455555514214
 -0.941512955243431 -0.00814647370795647 -0.336878301579229
 -0.420601818536973 -0.0999514481038026 -0.90172269477115
 -0.919664732207142 -0.0167416420970611 0.392347419711484
 -0.299019221940785 -0.44228185950607 -0.845561506728979
 0.547219335559425 -0.744510775209987 -0.382432614176832
 0.495280537427082 -0.76433735989904 -0.412899006427123
 0.464144135404421 0.317015659693257 -0.827086025198668
 0.196821128674578 -0.0402340981221975 -0.979613526170172
 -0.388936407218623 -0.510056325183302 -0.767183821701407
 0.360670842008653 -0.17236252180936 -0.916628444245697
 -0.99249202787472 -0.0563279782026132 -0.108566723616086
 -0.719919352763986 0.501589338286801 0.479712686128783
 -0.880579324613948 0.257716658608867 -0.397696086148612
 -0.660640434565531 -0.0140983633824843 -0.750570084913463
 -0.0726722538994392 -0.273787351240485 -0.959040786314062
 -0.747466803436003 0.321999323001665 -0.5810420068701
 -0.79853535874147 -0.361326732324261 -0.481439792027521
 -0.175274820417138 0.0600716109191579 -0.982685167736502
 -0.975483065635135 -0.0850510161106528 -0.20297564710483
 0.278286734466252 -0.0910022125379872 -0.95617733226285
 -0.557592077247786 -0.193691330554695 -0.80720179872102
 -0.186549275008809 -0.628075039444721 -0.75546086121003
 -0.119473507254096 0.771706862005513 -0.624655585261198
 -0.95372377699079 0.0672699874653245 -0.293062631512167
 0.0939039111638467 0.640252765855205 -0.762403076648365
 0.101897111158361 -0.644290710394606 -0.757962043401116
 -0.514096648850342 -0.366462969508524 -0.775505981678957
 0.129677069589891 -0.159651660717512 -0.978619029476087
 -0.959791742369649 0.168693723472444 -0.224370762221896
 0.387058504677783 0.377020108000539 -0.841452049804302
 -0.291294908200789 -0.879494748292537 -0.376345936848189
 0.213020221926232 -0.0982703591147488 -0.972093267937782
 -0.691026577874727 -0.15799148314059 -0.705351656924247
 -0.387336737861596 -0.918120716936103 0.0838128906283132
 -0.445510533122031 -0.416370357854377 -0.79256298801896
 0.620439233106078 -0.760957546523414 -0.189733419333042
 -0.686595513062425 -0.538555280879189 -0.488410494235827
 0.24102261393318 0.317464693939501 -0.917128272203358
 -0.309692205607216 0.0938857427360659 -0.946190364090142
 0.395093989199702 -0.488112429607665 -0.778233252798136
 0.932156739022377 -0.0170742499288618 -0.361652158689168
 -0.559321688910515 0.665015362240255 -0.494887680487958
 0.00715065177791324 -0.369369125741255 -0.929255248641778
 0.259803254928036 0.314678634335691 -0.912951053354682
 -0.0375367432134155 -0.876643165137105 -0.4796746333999
 -0.18308850091704 0.602657948615625 -0.77671230053499
 0.291583003436193 0.224763300338318 -0.929763846860135
 -0.330585156458109 0.00812387500831473 -0.943741202334844
 0.258569475241865 -0.92216211862603 -0.287678385431193
 -0.60766131226466 0.666629284786824 -0.431686374861889
 -0.916844890134007 0.391598749326977 0.0777551732086548
 -0.625572826451053 -0.06640363486489 -0.777334674437447
 -0.96529316154009 0.171896629227759 -0.196623144985712
 -0.159992567657366 -0.947162554483853 -0.278002650487412
 0.42490151426386 0.28295727418004 -0.859880156861921
 -0.294124632335901 0.189363028778065 -0.936820337089919
 -0.119661968567143 0.310815263315767 -0.942907675951674
 0.154750837502391 0.589217775629567 -0.793016135506999
 -0.997281835836788 -0.07094179506241 0.0199048140742049
 0.0135563387187685 -0.280921866369845 -0.959634894465507
 -0.354631433255898 -0.934768935693573 -0.0210614199229751
 -0.807835411679606 -0.55189011030182 0.206928136770927
 -0.864084047739855 0.148868753198858 -0.480829338500185
 -0.994067153303635 0.0449473947890148 0.099046587142054
 0.937484830385736 -0.0768049692692448 -0.339445414598839
 -0.621576325326968 -0.780637070698551 -0.0651815590808357
 -0.254135831612639 -0.611605187099079 -0.74923565999227
 -0.998398011580752 -0.0457256986352653 -0.0333252300204825
 0.228073176879941 0.744359235510725 -0.627624055066232
 0.21605621171523 -0.120762454307002 -0.968883967773754
 -0.919677225211155 -0.326572303243435 0.21804662845866
 -0.92176959177442 0.358536637905504 0.147622149284707
 -0.451262201251461 0.317036060824671 -0.834176577145668
 0.193581382060863 -0.282249290766699 -0.939607144705223
 -0.627631917727095 -0.0455751785543516 -0.777175063257918
 -0.938680917847156 -0.225655179933974 0.260687311234333
 -0.890684085703369 0.227542595999046 -0.393581283194168
 -0.845583263951691 0.531152754442612 0.0535321881939335
 0.268601436914079 -0.209524953669984 -0.940187514210481
 -0.666389135300498 0.410647202610207 -0.622329812351832
 -0.287165590164194 -0.499975761128191 -0.817043549702179
 0.0412897733450851 0.388123285098379 -0.920682067915713
 0.498586014455654 0.723188690083353 -0.477922697436261
 -0.290463638364538 -0.956875711840511 0.00444374591425733
 0.443383556517055 -0.325689755535315 -0.835067185889635
 -0.817595736943279 0.575747148034817 0.00724102630502473
 0.438356174087991 -0.480398350407463 -0.759645502563352
 0.12422371312912 -0.256243782300404 -0.958596679072485
 -0.812859852923505 -0.382843085651294 -0.438964726685611
 -0.240359135068861 0.134582337353446 -0.961309045344645
 -0.149668001031377 -0.985835786283305 -0.0756788738714362
 -0.522318693234736 0.844427118463638 0.118852952427591
 -0.820249335726715 0.541602017724506 -0.184006199995069
 0.1154797917027 -0.535848259448846 -0.836379734662398
 0.341689081888975 0.616446800238444 -0.709395456564005
 -0.0626974391925593 -0.465088856693074 -0.883040988006007
 -0.16921714518724 -0.954276236640176 0.246419199654863
 -0.672438372983922 -0.382874172905589 0.633430345231894
 -0.203070955919292 -0.973670757529898 0.103573369131158
 -0.0110324134406715 0.288310996670067 -0.957473265972887
 -0.75139928070994 -0.131067374071087 -0.646699670946796
 -0.189394045843794 -0.135871224172407 -0.972455091940399
 -0.553854941000762 0.545525520838396 -0.629004459795826
 0.00985294685629085 -0.596395112441565 -0.80263054345948
 -0.437555795350325 0.163845729395366 -0.884137717165287
 0.459027874723031 0.254183073951067 -0.851283956822895
 -0.737482498088565 0.609779724295076 0.29032439245036
 -0.989735835213934 0.138265789296837 0.0361323678091863
 -0.332014357274773 -0.209468935092393 -0.919722366692622
 0.0578187172703906 0.598852289137461 -0.798769636208106
 -0.524794132133134 -0.53685492614484 -0.660589060727356
 0.601192411717678 -0.65534330405809 -0.457266703269883
 -0.530296262191331 -0.172745744601979 -0.830026976686789
 -0.240534027400706 0.137225447395981 -0.960891543437328
 -0.429863386628959 0.173530080624549 -0.886061386109518
 -0.782699475662495 0.414776447866667 -0.464049597664696
 0.206922036114585 -0.313529026293352 -0.926759311062876
 -0.928052138006027 0.14566933113369 0.342782256118232
 0.0612687759893129 -0.878921806851981 -0.473014370319572
 0.512828773888408 -0.804351539567175 -0.300042079495572
 0.332790698477213 -0.899700079837585 -0.282471445189231
 0.172323600032467 -0.980524591309515 -0.0942130707978369
 -0.237442217076967 0.335821615095941 -0.911507013897276
 -0.304518129147317 0.01414224488092 -0.952401546581245
 -0.0551219112203551 -0.99225175512411 0.111346438454662
 0.208293402317973 -0.956183586536841 0.205734798681085
 0.217092606619059 -0.928030930817756 -0.302703471398781
 -0.431247267038819 -0.103230021188958 -0.896308739998042
 0.0717608836751107 -0.593149388617136 -0.801887883907274
 -0.104326059794571 0.0254351227085309 -0.99421784724503
 -0.909258974867743 -0.376218620146584 0.17806646645975
 -0.4136775441487 0.25098035167254 -0.875145560773423
 -0.427308690470273 0.278407969397259 -0.860172241835712
 0.29305284454636 -0.955833304135135 -0.0224215300414228
 0.48993198558529 -0.86379899123712 -0.117549786210737
 -0.287012805474605 -0.868590679033851 -0.403947870138104
 -0.687570899451033 0.201149281436398 -0.697699953279143
 -0.82977775661348 0.0164757897947771 0.557850717468516
 -0.726096679966634 0.387301941870926 -0.568138026508032
 -0.0460341688365426 -0.996523221824345 -0.0694429525895606
 -0.516508534974508 -0.836637836776406 -0.182362450555434
 -0.750413671872688 0.281699978630287 -0.597933477157991
 -0.380844156190426 -0.57909902222712 -0.720834274400986
 -0.686750914493137 0.171732673567605 -0.706315135242168
 -0.734138072208766 0.659055481431925 -0.163362062083366
 0.237356597314473 0.0600814661400692 -0.969562820624716
 -0.31044511774629 -0.354806622001298 -0.881893468538871
 -0.204526797404163 -0.887960236993277 0.411941023281781
 0.335951166711455 -0.941357703987086 0.0313446443491486
 -0.226742920537383 0.770532863504119 -0.595706936543734
 0.340172028762705 0.541999505150827 -0.768452683815812
 0.0518606518984316 -0.0529994930033312 -0.997246973686087
 -0.381324306051517 0.61887449696403 -0.686721290351368
 0.0744585458506844 -0.212803562443376 -0.974253852320436
 0.431720556829359 -0.901999921577437 -0.00367454558356166
 -0.190437240284778 0.689038420656558 -0.699256542602094
 -0.375346218477626 -0.0493584112666883 -0.925569534671369
 -0.335940425416624 0.203941597013287 -0.919538936412465
 -0.953091354556148 -0.0757802036782941 -0.293043052469775
 -0.115493142445333 -0.920829058995269 0.372471714574395
 0.694761974900663 0.205040624407839 -0.689394038685115
 -0.938832809034033 -0.045274521680726 0.341384203453893
 -0.842611038392337 -0.495995267949052 -0.209750642791709
 -0.616477240127092 -0.607578501101741 -0.500803531740987
 0.32598545593446 -0.927769312524901 0.181597316214407
 -0.671502116747303 0.161963457472778 -0.72308557283862
 0.266680908667606 -0.958081220628285 0.104697982939666
 -0.0329487901577418 0.545658539565268 -0.837359621325652
 0.411482641518258 -0.166485343642166 -0.896082957142645
 -0.399733016333567 0.196222406374524 -0.895382757757519
 0.369394029906941 -0.145978419044667 -0.917735447633102
 -0.795173115973633 0.321835857358723 -0.513927423427626
 -0.416364642029818 0.152339489909284 0.896344333769986
 0.146633971589274 -0.352790504809374 -0.924141405896469
 -0.129479319444303 0.223992661458627 -0.965951548189101
 -0.00613980514769401 0.526318615444705 -0.850265263214438
 -0.633401245886934 -0.445325884389461 -0.632840989824161
 -0.470779363505063 -0.856144557331501 -0.213033536912421
 -0.206003770984207 -0.73077330914356 -0.650793989664669
 -0.709461866293483 0.414827507527008 -0.569720983705443
 -0.942753230575602 -0.169496362487732 -0.287206074696711
 -0.0327931757067908 -0.0545966549999846 -0.99796984568166
 -0.720318065170494 0.295594125309269 -0.627507767339723
 -0.460382246827572 -0.0365035508692651 -0.886969941756727
 -0.967039203924241 -0.214374816055537 0.137399477126825
 -0.383535381586099 -0.747021467291167 -0.543009703852294
 0.00555463793488579 0.0619742582376369 -0.998062291299149
 -0.200438728934738 -0.0217696108134395 -0.979464343397991
 -0.409275793942787 -0.698570414481032 -0.58693500534923
 0.310929433440174 0.0900356367866393 -0.946158798262214
 0.503985013091862 0.168450695280606 -0.847126596110804
 0.356041974076676 0.389271669139991 -0.849530270385081
 0.259081748037936 -0.051482398516234 -0.964482353636718
 0.383491931930153 -0.187091863148016 -0.904395142008339
 0.180765161483327 -0.911727277415415 0.368886605897505
 0.239002535324698 -0.590457383963526 -0.770868254522987
 -0.893517848609138 -0.349309592377508 -0.282150071575318
 -0.801908773685479 -0.178653077305351 0.570109986454876
 0.517580029495632 -0.328785656409398 -0.789943608877711
 -0.401219717636374 -0.489618376211733 -0.774142482916145
 0.392528178999921 0.0386089795082052 -0.918929254835399
 -0.0196758525388174 0.00842595594773544 -0.999770905804544
 -0.157234788495495 -0.0504162900134578 -0.986273501108114
 -0.393344897488106 -0.895798817269663 0.206940258524882
 -0.907334341180878 -0.222172851798609 -0.356908415756108
 -0.0595203920014412 0.143263012333683 -0.98789322916653
 -0.262328188737666 0.218649026819948 -0.93988112251726
 -0.390072615860758 0.0636474489241456 -0.918581709267605
 -0.833464406215405 0.0551182636753319 -0.549817297455635
 -0.954441646724735 0.0384656145944961 -0.295907991597462
 -0.235482114862741 -0.12923100510338 -0.963248421176874
 -0.612314005771859 -0.516984921799435 -0.59816230988558
 -0.0277321127616925 -0.96159990040226 -0.273050474213351
 0.501299371874687 -0.661049854478213 -0.558311767431404
 -0.032225871352265 -0.720589424235715 -0.692612716382849
 -0.656987619259641 -0.112272676887106 -0.745494543349683
 0.0489544494614311 0.724203020290252 -0.687846965015043
 0.200998570664049 0.197068065637768 -0.95956435537008
 -0.0241991589130114 0.0649870938643534 -0.997592641481967
 -0.909714969519554 0.0742009697955728 0.408549740317423
 -0.792835583783644 -0.171895752957209 0.584691018574531
 -0.138501391760743 -0.106184091667409 -0.984653392396078
 -0.976754680961547 0.143195752300565 -0.159515735094635
 -0.578080782849537 0.434949079431747 -0.690392574410779
 -0.864546865006362 -0.495107073134722 0.086184130439656
 -0.963733517619391 -0.0424680322569955 -0.263465696539746
 0.328421586665544 -0.0911613093465327 -0.940121735250447
 -0.270391136619285 -0.960739639831609 -0.0621930678931444
 -0.242640787536115 -0.110824516886432 -0.963765207237086
 0.204371346858805 -0.960697210893994 -0.187864902426234
 0.436868224310217 0.0756079987142992 -0.896342337011064
 -0.168816433362901 0.429244490828406 -0.887271198067475
 -0.841961641776145 0.411866551814683 -0.34852049763809
 0.29553626680169 -0.743081405620442 -0.600406811775206
 -0.186878808139604 -0.875186298535229 0.446234527938533
 -0.372188694911964 -0.178517878427814 -0.910827614019998
 -0.219879083262315 -0.974668221310708 0.0409273394046581
 -0.27089990883877 -0.948339833322606 -0.165120561786827
 -0.815557324126953 0.112418760243049 -0.567651542240749
 -0.271944541354591 0.550061250553949 -0.789606729370049
 -0.873310788933276 -0.332091234750203 0.356431869695774
 -0.298510504927805 0.172873670951682 -0.938619290415148
 -0.992085352391626 0.0483441170043129 0.115885719228288
 -0.977110685427578 0.191546701309536 0.0925449601041834
 0.327608246841716 -0.933540221785207 -0.145518008887295
 -0.842485222815116 -0.147838254782091 -0.518037160598688
 0.21108839689648 -0.935943666877663 0.281870787999161
 -0.0932466832423705 -0.955985548059545 -0.278202602370265
 -0.650143860953122 0.175056175951445 -0.739370201811126
 -0.0132268687205167 -0.99562898807372 0.0924552218706435
 0.133996430351131 -0.121272255358987 -0.983533424309158
 -0.157851576878484 -0.985766430959926 -0.0578569206707935
 -0.947798228837041 0.317437571449446 0.0301977755082441
 0.135800725644116 0.172714348132176 -0.975565434434723
 -0.263045517657053 -0.122228682807043 -0.957009511311036
 -0.292749681559658 -0.348405272531738 -0.890455720414443
 -0.477687997076535 -0.867081303737815 0.141365448951784
 -0.221982865703348 0.127254026718057 -0.966710928881106
 0.0468477670520828 0.355274645042773 -0.933587282107016
 -0.469598392705316 0.567746638150758 -0.676122107638181
 -0.63992722219744 -0.176346401764682 -0.747927200251012
 -0.23969517645102 -0.964468001223138 -0.111120191696913
 -0.298315365689141 0.222993358870136 -0.928052748766776
 -0.685086893819444 0.634312106849788 -0.358195615579825
 0.587731883362876 -0.797383972711897 0.136930761120059
 -0.525937242134602 0.601405567941392 -0.601416128969734
 -0.295143008734749 -0.944424119656985 0.144753882867192
 -0.82323030519656 -0.366989051398694 -0.433140740128962
 0.156522258474063 -0.966778614909627 -0.202088822935862
 0.0620667022462367 -0.997780648236825 -0.0241143624501707
 -0.24268241960519 -0.834038816603683 0.495463919587389
 -0.522236283414217 -0.513035361096493 -0.681222417827171
 -0.848889352889396 0.525803011638163 -0.0540190661087342
 -0.92867852409114 -0.298492085161222 0.220133309583096
 0.530152824200205 0.159224188406453 -0.832817891749963
 0.471233074951256 -0.818702132070432 -0.32812529316606
 -0.915628034092857 0.253234761002521 -0.312245831042219
 -0.057739989470469 -0.0803423669443752 -0.995093562279309
 -0.632887588899028 0.407063774660418 0.658598802896564
 -0.116224740860256 -0.854205651057437 -0.506778566351721
 -0.631165442278826 0.766892581283365 -0.116215116252191
 0.358458343066512 -0.390942204760962 -0.847745131995843
 -0.83139020228159 -0.203595066355453 -0.517048721597777
 -0.914779575991605 0.403046060431758 0.027059203962048
 -0.970031779676252 0.234672954927755 -0.062983733166576
 0.492333064178517 0.402921793737743 -0.771532359689309
 -0.236533999184587 -0.733021764504226 -0.637754466854492
 0.427970100185599 0.195869060887505 -0.882313382157482
 -0.941265431886133 -0.271409133533761 -0.200889195753938
 -0.810508285544226 -0.160731099859487 -0.563242250370228
 -0.012602166215383 0.566913678705067 -0.823680803651371
 -0.0242882101505934 -0.0190987339583745 -0.999522546623571
 -0.235570309502989 -0.130280954504516 -0.963085407517972
 -0.0382501553134728 -0.993729641184511 0.105063437264344
 -0.92863475486836 -0.344123292946715 0.13862413679475
 0.431978433292693 -0.733543389771167 -0.524698702583699
 -0.12206460356137 0.792374440479899 -0.597698066444566
 -0.430957905068728 0.348813759702274 -0.832228481308552
 -0.344557259726026 0.190053370563993 -0.919325845991158
 0.576001974782786 -0.814923766774207 0.0641948548784775
 -0.109633497125146 -0.902674047941998 -0.416125052694642
 -0.25880316011347 -0.931106993022707 0.257022745801794
 -0.808949816100106 0.0210817122621305 -0.587499579948532
 -0.0695162104947991 0.335596414866243 -0.939437354381529
 -0.747649490379185 0.150456060967723 0.646825489026076
 -0.822078770775133 0.314298432033977 -0.474766248022992
 -0.878886309851619 -0.453953124398017 0.146579040809666
 -0.728939823299461 -0.212462390350148 0.650773744626235
 -0.270010536159361 -0.347936940180771 -0.897794072168322
 -0.121849865638426 -0.085059599999223 -0.988897100153433
 0.0144359555749953 0.489331390505111 -0.871978436346319
 0.17277527696956 -0.498170774702751 -0.849690874906958
 -0.308522461813641 0.12991371348275 -0.942303728956631
 -0.978495411410123 0.024534543378977 -0.204804262725459
 -0.505079987988472 -0.15952969052108 -0.848200733067246
 0.0221440462874836 0.0978404747304252 -0.994955718973736
 -0.200747994460062 -0.946644031763816 -0.252121637005257
 -0.361777016690771 0.273782876203453 -0.891156735312083
 -0.421123276414985 0.470599956094649 -0.775364989785599
 0.0346710318089806 -0.949804452877692 -0.310917064258315
 -0.284891093009307 -0.131133529180245 -0.949547820095806
 0.188179039484686 -0.159602904687228 -0.96907975002784
 0.051301347612153 -0.998634399540433 -0.00987460316648617
 -0.936772854903362 0.349548020374252 -0.0165166512539876
 -0.450737964958407 -0.759578493051591 0.468909159474016
 0.287724333128795 0.157435691302034 -0.944684450612923
 -0.265211719395172 -0.87479764096107 -0.405452625178829
 -0.209471422185596 0.600623370293242 -0.771604361279232
 -0.944618589519509 -0.116560557521042 0.306772483714817
 0.0383638418147886 0.0937027114059701 -0.994860803085728
 0.349140071574475 -0.883234902536834 -0.313045232133823
 -0.93562529271352 -0.237259950914931 0.261367609558998
 -0.657091377945203 -0.728436460941816 0.193936183835396
 0.17479464256278 0.0281618118717589 -0.984202085591902
 -0.306551925916097 -0.0992056170352851 -0.946670038749395
 -0.363796805223456 0.285363334031821 -0.886690279691534
 -0.821547312386251 0.563493872511027 -0.0868024720469116
 -0.0505184320282575 -0.0351809390715641 -0.998103296032755
 -0.49259917978187 -0.233995046171197 -0.838207830102755
 -0.224172473227665 -0.922225742691897 0.315033937478759
 -0.875552315236607 0.481988956405945 0.0330875986817521
 -0.722855304657255 -0.117863562975966 0.680873254762939
 0.100274973384003 -0.622007059446934 -0.776564322970748
 -0.989219011745481 -0.144220237270225 -0.0254218402759256
 -0.286727255549954 0.105008613327687 -0.952239818560318
 -0.286770038851409 -0.431436877198215 -0.855350902151049
 0.226398600487846 0.171754141928012 -0.958772229691556
 0.11792671712829 -0.246927301173287 -0.961831688666277
 -0.38974939361793 -0.698092165126295 -0.600635279652917
 -0.35633757545466 -0.52909183724806 -0.770120354280139
 0.218611761844997 -0.9585104089151 -0.182939043357162
 -0.915489197379132 -0.393000577067021 0.0861978880663617
 -0.00150053636816665 -0.161116051513694 -0.986934327265621
 -0.329845450027371 0.269784489930467 -0.904664749003297
 0.669847879324104 -0.365277129497314 -0.64643362940924
 -0.0745832210798458 -0.996139915205729 -0.0462883621148812
 -0.952463047334727 -0.0975488582727175 0.288614559077562
 -0.948122515158212 -0.249673297208312 -0.196791617990188
 -0.86086036998524 0.205209024792039 -0.465627189426021
 -0.0559674018187142 -0.287723465391098 -0.95607680517676
 -0.478532905694137 -0.236657401074427 -0.845576449934968
 -0.0924852141975787 0.324518677299305 -0.941346967509184
 -0.0591655477452754 0.123853589536666 -0.990535070716269
 -0.620991208569511 0.455328249573767 -0.638001648915948
 -0.957810392472974 0.284019521762609 -0.0439563798385014
 -0.896648585383345 0.313427060527563 -0.312705599660603
 -0.575980403003362 0.677581945905447 0.457306551384377
 -0.66860960676391 0.239403907434135 -0.70402199031584
 -0.281060086123574 -0.762125652814438 0.583240702720906
 -0.789553654034146 0.177824931370654 -0.587352808101187
 0.066577148966542 -0.997718686160508 0.011176158626125
 -0.622174037502513 0.0749124950803365 -0.779286587295496
 0.244173036256515 0.779731783021355 -0.576539569250554
 -0.549647076231217 0.327187779459596 -0.768658733485006
 -0.993400137349356 -0.0239263799686261 0.11217707188137
 0.375359742440241 0.430086191727048 -0.821054767625717
 0.0873272526245082 0.0875491800850957 -0.992325093916043
 -0.950983299049741 0.0774690488686014 -0.299381548188705
 -0.456434163868019 0.294990640678886 -0.839433366007072
 0.427089540503622 -0.312637637796284 -0.848441059723988
 -0.0336734171021178 -0.0504702302163425 -0.998157731444573
 -0.951426291856249 0.29592812474178 0.0849385433797967
 -0.69293594379974 -0.531955874918638 -0.486685447624963
 0.134487965612254 -0.975577957964176 0.173668175092405
 -0.763325541794278 -0.167530890334671 -0.623913069287817
 -0.877546155477592 -0.142613240495162 -0.45779275730615
 0.180937936772464 -0.973416447582804 -0.140434620417466
 0.114950837125333 0.0201666333472726 -0.993166457319025
 -0.048574995583983 0.0965626500687668 -0.994140897667787
 0.0698018475594977 -0.141571909235056 -0.987463972301178
 0.159775495153343 0.22497354275605 -0.961175684361759
 -0.968813218865868 -0.187058659587279 0.16251155289445
 -0.470848604574676 0.217151394620428 -0.855071262167361
 -0.780810427053962 0.169313749858757 -0.601388336362267
 -0.347501181975034 0.216489961398853 -0.912345891172574
 0.478417861789711 -0.754110664954046 -0.449926054505769
 0.419908854819359 0.00407346144256074 -0.907557139003474
 -0.850164391436736 -0.415645813820593 0.323201276275978
 -0.85048406107715 0.359787369823513 -0.383705499529518
 -0.963278353668708 -0.0854866674385565 -0.254532597212132
 -0.895891663499825 -0.443424025663241 -0.0274455959330996
 -0.866597367499418 -0.426264366331204 0.259437261470546
 0.00989298422687119 -0.257575124349722 -0.966207629952958
 -0.397972776271328 -0.210808702460251 -0.892847893156453
 -0.740533011745678 0.468956826592781 -0.481342241349026
 -0.18492224915414 -0.0290707227959013 -0.982323090863642
 -0.195380921842 -0.440731646562839 -0.876117521282493
 -0.135387960444336 -0.957657061740428 0.254092605688189
 -0.335645293771878 0.85117771310185 0.403532820830592
 -0.142822856137357 -0.397101147888183 -0.906593795539466
 -0.218108815802631 0.198995157031353 -0.955421096662221
 0.178312858337249 -0.98390584692615 0.0115675812569598
 -0.263276211324024 -0.0196750942971732 -0.964519842831274
 0.373269623577486 -0.849864480319574 -0.372021710664125
 -0.119565673984271 0.797375103926691 -0.591520915304426
 0.240774724236684 0.186052976437997 -0.952581661658102
 -0.41421790756422 0.330489651567213 -0.848056669839995
 -0.0361092480291575 -0.901767801268046 0.430709826684931
 0.0793487074269391 0.237665379987593 -0.968100691965989
 -0.190947954646431 -0.980862433621522 -0.038049506257099
 -0.815635862038195 -0.414240508563315 0.403909571095335
 -0.147156784632443 -0.0798231503030603 -0.985886984097232
 0.18599625300686 -0.937005910360189 -0.295677726278936
 -0.0435322657009764 -0.808875348274262 -0.586366449242393
 -0.342038558039323 -0.557262120299035 -0.756616517196264
 0.295786932944082 -0.945372591263658 0.137042891048638
 -0.824195823517638 0.336115548015087 -0.455771415161812
 -0.3548814416427 0.132315339542344 -0.925500844569789
 -0.91587099922627 0.147668445414727 0.373328733162975
 -0.0700138150369208 -0.192743915911142 -0.978748102722664
 -0.206714217183794 0.0221592510997957 -0.978150397436298
 0.0242519474551589 0.642228550444001 -0.766129448617679
 -0.373572257647321 -0.0362491484228021 -0.926892532904924
 -0.241033525736793 -0.631525575384542 -0.736938455439879
 -0.760698618497595 -0.464907484068964 0.452988568368471
 -0.769120369187528 -0.202468929365819 0.606184947307585
 -0.969154840334419 -0.158603957766918 0.188636369868157
 -0.0022213490936277 -0.910665820656595 -0.413137784154457
 -0.473378555567741 -0.480224722499315 -0.73844225165483
 -0.215991270083737 -0.253518189266793 0.942908425542216
 -0.358002337373735 0.264253008356735 -0.895547136676433
 -0.301352546944985 -0.909293914753011 -0.287003865902385
 -0.906904297914645 0.297556634406386 -0.29830293955087
 -0.16160591006737 -0.13269625846495 -0.977893262488652
 -0.973714646496329 0.2132042873713 0.0801481069335123
 0.0579533411212317 -0.297856243438425 -0.952849971662715
 -0.786889938648167 -0.181913672903124 -0.589670789564125
 -0.65776434064795 0.730082031994562 -0.185273578069457
 -0.028251559217423 0.412733730990022 -0.910413486666823
 -0.110573474395406 -0.186329536699312 -0.976245261455106
 -0.106582948529018 -0.0784990746846957 -0.991200267532504
 -0.495825866342087 0.532810154338793 -0.685762385742752
 -0.866157006886208 0.493382758580148 0.0796586025346191
 -0.65416085723264 -0.707363901067032 -0.267787013000793
 -0.552032939502264 0.478198306479085 -0.683071016355565
 -0.247846649536456 -0.384536763667259 -0.889215112164578
 -0.761014476918925 -0.0394133088973136 -0.647536529472724
 -0.174020134108093 0.984159484015989 0.0338689082549674
 -0.20912735759078 0.409016184403091 -0.888240682024548
 0.212457759928747 -0.277486827833236 -0.936943307049635
 -0.0834659403741175 -0.386540116288091 -0.918487983207975
 0.207767182518836 0.257148113947861 -0.94377308997515
 0.382813186317818 0.102573862129378 -0.918113646118531
 0.453323222681311 -0.878308289481541 -0.151896689910746
 0.0364468746813917 -0.927344372097186 -0.372429914031667
 0.0249234675079475 -0.986502777654665 0.16183661652114
 -0.87575626673621 -0.300232075751245 -0.37803658812654
 0.109459928297297 -0.99397817318101 -0.00509071084356974
 -0.986043299570707 -0.139819577879784 0.0903830571137762
 -0.242688555459032 0.34081169029321 -0.908267392791734
 -0.605843113960724 -0.742661364040487 -0.285321256880549
 -0.820421055937578 -0.206269485215629 0.533256214631531
 -0.435892009204123 0.271475412069613 -0.85807881744839
 -0.916432120869449 -0.386352001455206 -0.104327842929298
 0.334461940213337 -0.307043528560753 -0.890987924787812
 -0.731150018517569 0.479158159612603 0.48562033369539
 -0.130357420226488 0.591579674649149 -0.79563837987738
 0.146284703637911 0.112718906193626 -0.98279969152828
 0.135629328660366 0.253667105608413 -0.957735707144403
 -0.833089355253746 0.446571689522852 -0.326398303119982
 -0.962923335026082 0.165654653535182 -0.21292530761839
 -0.303983005082312 0.185296411032665 -0.934483586094235
 -0.25230866680628 0.193965953454187 -0.948007144253167
 -0.886437644624624 -0.317979855940824 0.336328876857461
 -0.289867659785427 -0.15408370887908 -0.944581891880523
 -0.00682828515909498 -0.26993652684226 -0.9628539068821
 -0.660964283528441 -0.227606271911206 -0.715067549876525
 0.280009067607709 -0.88904334247532 -0.362211067276765
 0.128586802228657 -0.780315119875977 0.612024303427199
 -0.982426524257991 -0.0470253332179883 0.180628742093002
 -0.584832205273938 0.0634376314308533 -0.80866986996726
 -0.244142192248967 -0.650325893936824 -0.719354447848305
 0.0980178357746194 -0.110380876360251 -0.98904426898092
 -0.108172671023493 0.648666666417644 -0.753346022171926
 -0.176678405288804 -0.0497162424665776 -0.98301222593598
 -0.0725609032656518 -0.879818194182812 -0.469739140909259
 -0.951451702318551 -0.289234877441376 0.105275086447855
 -0.020878087202559 -0.998482652019632 0.0509558543310285
 -0.67588180766321 0.301134080262109 -0.67268272445084
 -0.245759887719416 -0.915655366168044 -0.318083837998422
 0.302111047920395 -0.915134376963649 0.266941916573241
 -0.118960412658715 0.592174374478776 -0.796980508187458
 -0.593397456776426 0.480964319462197 -0.645409003419952
 -0.227038124166328 -0.640365378897338 -0.733747825676305
 -0.920665256695186 -0.0786902362520674 0.382339288895322
 -0.662707170440723 -0.72145135929935 0.200816190611141
 0.757811930103957 0.649529253852789 0.0619098294421344
 0.0155713328155893 -0.0433614773870602 -0.998938094114524
 -0.217397931174997 -0.976073850681256 -0.00423999258220116
 0.195755892869528 -0.968938766132465 0.151120143900644
 0.439053032134128 -0.876963415066898 -0.195365308097502
 0.470585196668582 -0.245317577424709 -0.847566433315326
 -0.917556753406975 0.35684138717878 0.175367695638551
 -0.980443057082075 0.158234184319953 0.117018608486657
 -0.791947395695786 0.358252938082472 0.49444327764258
 -0.389060224235048 0.571419379980558 -0.722573203281722
 0.0058509868521693 -0.988379282665558 -0.151895225568063
 -0.859172576246824 -0.0213297716354193 -0.511241161358684
 -0.951742088457277 0.260395360992861 -0.162423068042623
 -0.0870329840961422 0.917670705488099 -0.387692837138236
 -0.837137064905366 -0.217881176678334 0.501726347136457
 -0.0888911792861328 -0.697481390740472 -0.711068258197382
 -0.934258178329677 0.145350229734765 -0.325630107545608
 0.314124620331507 -0.0271167351444564 -0.948994418095645
 -0.047608978680588 -0.736934172754195 -0.674285851976802
 0.480035641431723 -0.385761574935001 0.787879299295839
 -0.990575683510228 0.0401100196315321 -0.1309618324681
 -0.574097958469348 0.427147534947524 -0.698538844638994
 -0.904439557611377 -0.40658800939798 -0.12913278918046
 0.132698949900173 -0.620471996635743 -0.772920105888212
 -0.0221298347741961 -0.991806521595097 -0.125817701991018
 -0.789817430091624 0.587201577846541 0.17715172620665
 -0.884671980651421 -0.283495275319902 0.370116083846114
 -0.505444397022169 0.0984807279657748 -0.857220804541179
 -0.134229950457124 -0.640911935369926 -0.755787146953859
 -0.929010164883601 0.361098046659916 -0.0809216549592108
 -0.465329979463771 -0.170735517662001 -0.868514474963391
 -0.635342036351538 -0.0403056322759476 -0.771178288628199
 -0.460678541028795 0.576053667443087 -0.675231407786212
 -0.316585757552277 0.234857163259571 -0.919029689934291
 -0.459231202227396 -0.0861090807275413 -0.88413343400023
 -0.691562092518134 0.241740236575558 -0.680664036226635
 -0.471565220584177 0.313471751802864 -0.824234010191911
 -0.0561192750352514 -0.516864154932688 -0.854226007749258
 -0.960881193040816 0.141943975871722 0.237821867317089
 -0.36713580889482 -0.924635848409516 0.101290896250159
 0.454181194588471 -0.875382529754825 -0.165604556345026
 -0.962502543726855 -0.258852644568666 0.0811428476154335
 -0.277062244649244 0.595279987641878 -0.754240179851888
 -0.715984751983041 0.654492086502143 -0.242911390498377
 -0.991454297869534 0.071155125851098 -0.10934040104711
 -0.249392849173261 -0.963547123907682 -0.0968511579201674
 -0.972934867361222 -0.128460317665205 0.192082510026695
 0.63933498524006 0.36782143923934 -0.675246744149124
 -0.781326239799445 -0.571759861841525 -0.250239819748619
 0.12328468227558 0.941942245378753 -0.312323059486556
 0.533442780100997 0.226228058232171 -0.815021267223513
 -0.165020276559745 0.307199357126244 -0.937228287721496
 -0.222662285255385 -0.497999639625403 -0.838103732039071
 0.239753982072936 0.523252499356407 -0.817755984384978
 0.154876544373873 0.31929857727716 -0.93491265610836
 -0.0485620817012548 -0.92453057210758 0.378001250605432
 -0.949955134435616 0.0240122163558773 -0.311462126148734
 -0.237293966438844 -0.945853317857318 -0.221479287045141
 -0.381487586767422 -0.916397910795121 -0.121169675384172
 -0.0737544367423483 -0.937203263776231 -0.340896355844411
 0.345155685262024 0.545035697228085 -0.764070442877093
 -0.988888571657344 -0.0357224950569084 -0.144302793432448
 -0.846772734428007 -0.525716938406245 0.0812258388819685
 -0.510135334817707 0.412238309841134 -0.754865230401925
 0.338262881962383 0.601881924007736 -0.72340609082261
 -0.610978409211757 0.492423438569934 -0.619858484352705
 -0.346107633760329 -0.937967760982122 -0.0206394091730019
 -0.396546307622803 -0.274241690801861 -0.876095041041129
 -0.643200863463316 -0.435185248100924 0.630005118293004
 0.0202918379381827 -0.396986811970934 -0.917599974081432
 -0.575395798247366 0.808325639206034 -0.124616757947853
 -0.0188404951713201 0.288022618601359 -0.957438252273073
 -0.854085777269563 -0.208567176931643 -0.476484226152988
 -0.455650749385419 0.0252330523898806 -0.889800925854539
 -0.552951020458945 -0.0372836781021247 -0.832379178211822
 -0.16636887106672 -0.800978566480791 -0.575112801786191
 -0.104419179999762 -0.969114629593362 -0.223413226010228
 -0.963444650031535 -0.167387995742757 -0.20917854862972
 -0.445338907052944 0.0299159770654553 -0.894862163788987
 -0.878678917212908 -0.230218364028158 0.418237809517205
 -0.523299802435845 -0.851559451372456 -0.0316830798510246
 -0.0360298031603192 0.407830511368433 -0.912346495187651
 -0.00260750478788467 -0.644827724985946 -0.76432349565366
 -0.220652170152026 -0.787332644709477 -0.575690825341157
 0.34196050639654 -0.918743908424854 0.197414900139898
 -0.914525817055898 0.186747655706995 0.358842365149635
 0.0908120647735818 -0.986099879847118 -0.139140920857447
 0.00491075074297698 -0.444620636154242 -0.895705517697049
 -0.390841159282518 -0.16649755719454 -0.905274406828641
 -0.916304484336086 -0.251644519119681 -0.311546349653793
 -0.232835561600105 -0.241391929519663 -0.942081492025577
 0.153365827776926 -0.985632555012764 0.0707629095593843
 0.274596416788437 -0.938828179751609 -0.207842384491787
 -0.870791116381784 -0.166747275495468 -0.462512894680143
 0.371338505726344 -0.924429641980951 -0.0868190715908458
 -0.551708493026315 0.043627586155083 -0.832895174946352
 -0.762755610980164 -0.410665445409454 -0.499557574124275
 -0.642453885601573 0.213623967952653 -0.735946876609722
 -0.903140453818826 -0.406651082027968 0.137739675335058
 -0.909414534604339 0.30738957199655 -0.280137207950231
 0.681859669053208 -0.729851773185231 -0.048823978709486
 0.441078296696486 0.0158150409518766 -0.897329271038796
 -0.468482994371785 0.361743220984183 -0.806018316204064
 0.233036495896611 -0.0146521017528824 -0.972357602682497
 0.184335603093039 0.604814006837083 -0.774738925423267
 -0.0815064928452164 -0.958652715372626 0.272656675936542
 0.325816258025683 -0.902456800250158 -0.281807540155313
 -0.152916453449625 -0.871673900380752 0.465619125100544
 0.34599938052779 -0.929020949560949 -0.13116594051528
 -0.946264893313545 -0.257754879140399 -0.195307895287476
 0.102187963013294 -0.992397627837753 0.0685898569556322
 -0.866152347374474 -0.394632626589938 -0.306667900453267
 -0.977016269485975 -0.185314312394403 -0.105346166430005
 -0.0464886073351284 -0.505056211265517 -0.86183352966229
 -0.31296997098138 -0.346434744152804 -0.88432616454999
 -0.740465964551364 -0.193320492471024 -0.643690408917034
 0.179490053975219 -0.89339835273113 -0.411852769641381
 -0.720251809624681 -0.0915305993452254 0.687647787836096
 -0.0759629434685404 0.210356959399692 -0.974668959622554
 -0.841294993028028 0.0581788800404219 -0.537436463801269
 -0.432565324388626 -0.821581818649948 0.371336175722763
 -0.152950707663972 0.314850895453402 -0.936736352800126
 -0.896318713750121 0.12067823642882 -0.426672622315704
 -0.0585102340938259 -0.997989048780562 0.024380545940441
 0.259863016812775 -0.925595494207986 -0.275216630302089
 -0.214653090337333 -0.915695802666103 0.339742914257699
 -0.740679075364033 0.480861095881966 -0.469219686058754
 0.222148909972027 0.322367128577483 -0.92017894792858
 0.282852882943824 0.496782081081905 -0.820488763193195
 -0.128049458619262 -0.959777522638306 -0.249860847644424
 -0.771816825931177 0.0880136147269222 -0.629724059276937
 -0.24511632417119 -0.939915477816009 -0.237648652819048
 0.0875966358054497 -0.968493745759305 -0.23312377360681
 -0.943576568113758 -0.22349999431702 -0.244358369300001
 0.0296592223067529 -0.948182107387512 0.316340041351606
 0.135791400082959 -0.985981363026496 0.0969610614005598
 0.127501900948461 -0.0429220174540013 -0.990909161160703
 0.0280027216364199 -0.997599951783771 0.0633260118906183
 -0.484395462901027 0.660855577402144 -0.57326341356952
 -0.830706038278498 0.427936010232396 -0.356087417797962
 0.305072491912311 0.397874103989329 -0.8652323225892
 0.0444015590549325 0.382190765690784 -0.92301609962892
 -0.570180202353912 0.677076822482945 -0.465254245869988
 -0.0115340856508301 0.859249579089866 -0.511426559441419
 -0.0483009623984152 -0.699995385796702 -0.712512088946366
 -0.306671244383335 0.0427497387250872 -0.950854987738569
 0.0218880157782049 -0.0898054463008385 -0.995718783884285
 0.516554841920948 -0.812771273646073 -0.269395530816241
 -0.748980689151157 0.315184784703668 0.582826285242834
 0.323386386347536 -0.945571847093693 0.0362646812877781
 -0.452556269215994 0.28272488908286 -0.84573013443201
 -0.832185035550763 0.159286490490737 -0.531126990984755
 -0.285993300947929 -0.861370669903009 -0.419819486021968
 0.0997268197884059 0.125836273680083 -0.987025730992461
 0.0519198189449966 0.16180316402875 -0.985456274276543
 -0.0435407716912984 0.673783835789806 -0.7376445918116
 -0.997317195315622 0.0498283157433406 -0.053624163191273
 0.420951714745317 0.12697530532864 -0.898151950223166
 -0.724320522070955 0.415145577311547 -0.550467011677832
 -0.933773563337557 0.132198873661186 0.332551334705778
 0.0680501564769432 -0.993460251060121 -0.0916837268386517
 -0.998502793105451 -0.0476705068821492 0.0268271305623933
 0.0624785626594974 -0.899476881550852 -0.43247863388098
 -0.981401316199957 -0.0875460632225973 -0.170842451911747
 -0.999891399215382 -0.0103326456041934 0.0105083875986357
 -0.698379728072701 -0.219424794545006 -0.68126244205591
 -0.994843315821518 0.0989909198477204 -0.0220810949218833
 0.08546845995269 0.317786791652971 -0.94430222778739
 -0.71774430083337 0.215557941233644 -0.662101119612653
 -0.10965239943478 0.292847736039326 -0.949850806597982
 0.175842764209272 -0.911392119434997 -0.372080269440649
 -0.16373799476728 -0.982050971054974 0.0936256338807521
 0.366656543918976 -0.265587717371545 -0.891642385254741
 -0.00496630096626942 0.133855456684362 -0.990988422016389
 -0.150632850023104 -0.984412523655967 -0.0907839620373981
 -0.364672546653764 0.513212236784083 -0.776934446225765
 0.298092188390428 -0.948453396224695 0.107597408939287
 0.101831079321674 0.158839865589362 -0.982038862970166
 -0.989441384305796 -0.0471276578223336 -0.13705739998705
 0.238790553491603 -0.832238243565641 0.500358449024249
 -0.0729401027013684 0.0108191681396783 -0.997277637881588
 -0.645862292435062 0.487704120952996 -0.5873726156504
 -0.200287077408489 0.51867977141083 -0.831177707444308
 -0.434765430057483 -0.370163831431107 -0.820949303384305
 0.398283760845678 -0.882626451507016 -0.249680982348988
 -0.292819924269554 0.262563713132031 -0.9194111096224
 0.204200043988954 -0.883976640219821 -0.420580125042289
 -0.950519592578128 -0.0085035610326502 0.310548214573636
 0.445354799798918 0.130535088503779 -0.885787611657206
 0.0520689271971792 -0.998173186277612 0.0306450161842739
 0.00334563768693219 -0.258890384233956 -0.965900913996701
 0.638028897488784 -0.765668378620577 0.0816765569168006
 0.115797318618495 -0.125286021041322 -0.98533973528545
 -0.977398812974672 0.159085138415577 0.139224563676815
 0.104436257994504 -0.990139221447961 -0.0933669650707913
 -0.129584090042971 0.428233324301306 -0.894328901224593
 -0.437425853861213 0.13377472599949 -0.889248528285288
 -0.155268999121924 -0.484790327992098 -0.860737983242862
 -0.783221893539881 -0.36482118002356 0.503457021091195
 -0.922604804152162 -0.357515819491725 -0.144854458573121
 0.502359405378328 -0.801913800455256 0.323371743458424
 0.0101702182679252 -0.924808787822788 0.380296295835404
 -0.237038200802519 0.822914807550918 -0.516356573380973
 -0.270264892663379 0.484935522669915 -0.831741802873049
 -0.903811612267649 -0.282939026472485 -0.321045287816152
 -0.100302050528625 -0.853251320396031 -0.511763307498871
 0.0576263686972481 -0.986857366449457 0.150969334353741
 0.305404335367814 0.309426604012734 -0.900546150215351
 -0.888565283658215 0.378982862019315 0.258502856798615
 -0.95620539740167 0.204692134388304 0.209218469785712
 0.28538089103268 0.12395911517229 -0.950364080128819
 0.328645995463533 -0.902780211663072 -0.277452156407843
 0.0710336959264377 -0.180577851617842 -0.980992280065503
 -0.388657720380886 -0.200277607159165 -0.899352020322928
 -0.336043987502361 -0.932970579133282 0.128997429955874
 -0.987662646479192 -0.142526202822887 0.0648750973687678
 0.471467648255013 0.358448386365616 -0.805749968017854
 0.416646791414408 -0.753654462637943 0.508340832660521
 -0.437332660583977 -0.274257845380919 -0.85645944342599
 0.188817986993237 -0.111908567402622 -0.975614801204715
 -0.0376934632288065 -0.109847276266251 -0.99323349657908
 0.0508569085048641 -0.0372274551320412 -0.998011869389197
 0.067069397602304 -0.328174011250929 -0.942233258935779
 -0.0763785724109072 -0.932846142894082 0.352085767056987
 -0.395568808236335 0.447073525023123 -0.802278368880705
 -0.144498637200264 0.598338736918543 -0.788105893741437
 -0.995350101678678 0.0160273430960209 0.0949805209583982
 -0.0768998774185805 0.398386134905906 -0.913988455270492
 -0.919394606683789 0.237989407737235 -0.313168643075325
 -0.258258181395672 -0.434900820011969 -0.862649400680901
 -0.757476283436041 -0.628772722250552 -0.17571153572134
 -0.33970242893143 -0.910605019406548 -0.235373657000283
 0.0941538431962297 -0.0137564496146979 -0.995462613012351
 -0.728436510325914 0.0787520677894393 -0.680572084531162
 0.319585780429168 0.264999550020193 -0.909747309661631
 -0.998733931492567 -0.038917785284737 0.0318738148631569
 -0.847504074934296 0.188244577393839 0.496287035949538
 -0.967352727652343 -0.111746705989529 0.227467303153797
 -0.381405360180036 0.374269104574709 -0.845252973130993
 -0.87817361912184 0.459513611107589 0.13288467137075
 -0.976941423162707 0.213108718314275 -0.0130433848088779
 0.44069973223582 -0.155545696246954 -0.884075382751
 -0.808247125583333 0.124165802250415 0.575603541978149
 -0.200040258670953 0.47223620715443 -0.858473563695037
 -0.933821866519454 0.0293522759481017 -0.356532138112106
 -0.772829755292543 -0.00339758653219281 -0.63460430643057
 -0.653641658969459 0.646871544735318 -0.392822843367588
 -0.971975478654192 0.00604469617384164 0.235004533026749
 -0.297769244892719 -0.700585936619449 -0.648469600063926
 0.446914191297004 -0.727269758988878 0.520909208286439
 -0.557980687788182 0.144087258659949 0.817249297306084
 0.0168820394344335 -0.958412183498085 0.284887843312007
 -0.873929413109081 0.120528325339655 0.470871854853988
 -0.772846967446494 0.284405108535989 0.567292957075434
 -0.924987548033672 0.28599275788108 -0.250212266730131
 -0.996547257228739 -0.040334426172122 0.0725720206087974
 -0.184777225337083 0.278584639653048 -0.942469084663317
 -0.805042689395369 0.333384490946865 -0.490674076599906
 -0.323267434162795 -0.0165432691141023 -0.94616303365584
 -0.0946510672353724 -0.154821564931837 -0.983397914632354
 -0.969045177575198 0.212430384696979 0.125796563847137
 0.373250341433715 -0.302353899796071 -0.877078275809932
 -0.607373133071129 -0.514766670522174 -0.605072848624755
 -0.955919136681109 -0.246944151211339 0.158862173941297
 -0.169857620249775 -0.243449094591632 -0.954924566227929
 0.00626709607796731 0.174853070558277 -0.98457459200565
 -0.102752398130838 0.0116144338952114 -0.994639155474816
 0.344413613725455 -0.565068398623504 -0.749717925327681
 -0.935368589181338 0.166667214883693 0.311941728301658
 -0.940504246117272 -0.260416507294307 -0.218254451876739
 0.394359319979678 0.123806250315818 -0.910578244374366
 -0.916855116362065 -0.068389710548735 -0.393318627949102
 -0.127523990206013 -0.969294834110375 -0.210250223516832
 -0.580195528799319 0.283922636128174 -0.763387899468748
 -0.590037181128053 -0.146959421464588 -0.7938885648057
 0.00618942365542855 -0.999803060316219 0.0188555460577728
 -0.392083066196638 0.76608031795983 -0.509305228361548
 0.108843823082065 0.209572664949382 -0.971716172698023
 0.0832014371180621 0.0356700892298862 -0.995894153811449
 0.467377130479659 -0.881275556407246 0.0700857445112737
 -0.588830331787019 -0.779937003078687 0.212078079009184
 0.183066291012111 -0.982500859533182 -0.0343335712041149
 -0.945120667110877 -0.316558380485021 0.0808561459914598
 0.0777453264131522 0.153899950362249 -0.985023080693752
 -0.4637895035594 -0.394039632456269 -0.793493581852969
 -0.833813710546819 -0.411478904384282 0.368021476752181
 -0.353509256486219 -0.171106499491559 -0.919648721746682
 -0.777714738150108 -0.385175828427404 -0.496789057105098
 0.152028123417173 0.283722954139168 -0.946778081170449
 -0.431091933857253 -0.70351229053861 -0.565004603188622
 -0.470893693215036 0.0693839069421577 -0.879457220760479
 -0.18814688087983 0.245291755239204 -0.951016669689265
 -0.332680088085321 0.348035631783199 -0.876467431226519
 0.0538675947514497 0.242804310460394 -0.968578519820436
 -0.417731658364257 0.0150803375287897 -0.908445290053433
 -0.587153236138954 0.222798956458243 -0.778210577088664
 -0.992445953867499 -0.0340118367041556 -0.117873761355274
 0.646364265655874 0.0578966419953918 -0.760829294210469
 -0.35253670339602 -0.177505968905389 -0.918808741665874
 -0.667167889570553 0.411805501260675 -0.62072798894316
 -0.688313148859697 0.507223909508147 -0.518602848748557
 0.284306298778729 0.0055370049113577 -0.958717513166079
 -0.31087783574682 0.45063169203956 -0.836830956269506
 -0.206636013393727 -0.180553828890468 -0.961614201663921
 -0.176275707994784 -0.277336019367508 -0.944463661096775
 -0.999515958262195 0.0209262766802171 0.0230204283954159
 0.344565221901315 -0.484001606135794 -0.804373826721176
 -0.267781765574645 -0.132633262711318 -0.954306734571373
 -0.284080236428625 0.308885131372141 -0.907682981490714
 -0.107474878438886 0.0877231436471742 -0.990330147260601
 -0.244334593081638 -0.275764752897853 -0.929652842561575
 -0.122037647125452 0.647458645228054 -0.752265987137221
 -0.234150369098475 0.47423671002357 -0.848689075879423
 0.107056415869078 0.355504985116847 -0.928523090385122
 -0.353604597484949 0.0948530798055959 -0.930573308175611
 -0.283930072410528 0.132241799816427 -0.94968195747959
 -0.705631224337956 -0.0893603885973491 -0.70292197019943
 -0.197212691163063 -0.288367524305929 -0.936990568453008
 -0.692522257524061 -0.0485702766435638 -0.719759578651473
 0.75967380260302 0.514098269188766 -0.398244501852546
 0.0703375579136426 -0.298188741664188 -0.951911814345989
 0.039372459259613 -0.531296524741651 -0.846270531360566
 -0.249693803212619 0.234419473544789 -0.939521428739229
 0.69007514656954 0.268541663615153 -0.672072664962528
 0.102533147521441 0.688995395292138 -0.717476340324597
 -0.248685050336727 -0.84279854742259 -0.477332540480315
 -0.0943629418207337 0.136466800978095 -0.986140176365278
