Format: x y z  (R = removed from domain due to fracture isolation)
-384.8503151 -413.3295296 -35.96824091
287.8821619 512.7575282 60.46293641 R
-140.1555614 356.3295618 -187.8554012
344.3324784 61.13615951 -94.96349761
442.3825122 53.35603118 -406.7883001 R
-378.8133224 241.8674671 -284.5129248 R
493.7316856 7.825196624 -80.00403187 R
-76.69794504 -70.80637649 -133.7380427
-278.069548 -379.5805501 75.78007052
-407.6400451 493.8724959 -282.1666726
-173.0025364 347.5181384 511.4612121
-75.912864 274.6402229 -295.2736961
-24.61780569 -69.68998293 -426.645931
227.8571328 -500.0033349 -265.1948809
5.054342215 369.9641859 320.4720822
-253.2537429 -127.1164908 43.38261485
518.9854681 -221.761457 -328.904296
-300.9354266 5.651919901 -533.9718693 R
-333.6733134 -62.99064509 305.0899307
95.88717598 -526.9196472 162.9565291 R
-420.7177783 -18.84754929 -486.1447649
150.8344645 27.03264787 -163.7500305
109.9415932 -172.5886888 64.30594393
201.8100797 460.1509427 167.6287131
413.0454822 99.82910735 237.0586672
136.8109672 -335.9117371 -76.20594698
14.30447632 22.93270692 -432.783796
457.0663312 -185.4461779 -488.4879213
191.9377729 -150.967113 -260.095699
233.3158386 -2.824321452 -69.58047937
410.2416992 -133.0457031 -428.1563884
500.1540295 269.5702716 -251.8778166
465.971833 453.2269151 290.944482 R
290.2795141 -244.6596049 -480.3374476
190.1728986 -519.0794141 49.89747035 R
160.1893432 -514.1659123 -325.0786355 R
88.82542931 -69.27001401 297.0300524
-467.1735831 -503.8666075 -153.9714313
306.0342733 -463.8607409 -483.7345426 R
-217.7783805 -52.75316727 -158.0288324 R
-59.57819549 253.0245042 111.8607606
-194.0723321 -320.1209985 17.30186555
-347.9971404 -62.73640206 359.4674312
-324.4327764 -233.7030716 -135.1471101 R
359.3461752 -274.2746482 212.1334899
-3.23439331 335.3879321 -170.0462563
259.1870268 -257.2941286 -155.0642911
-137.3702504 86.00039609 -136.6285824
-78.06779786 -495.2420798 196.0564226
128.6860226 457.5981363 204.9453665
449.3813877 -196.2843378 504.9692074 R
-387.7256918 -213.2302343 489.9147143
174.631934 357.3698665 323.2713055
-59.72986671 -526.1455049 -287.922544
448.333827 124.0421927 -410.1857285 R
-194.0870672 -231.1093317 69.81646492
126.3185289 473.3885095 -259.7871824
51.53578429 -497.6405106 126.140839
-395.0412503 57.64003538 -32.7759068
322.238229 -19.38611419 -273.3634519
263.0018942 441.7910075 223.1544308 R
320.2332215 -291.8077432 269.5388553
460.8913568 -152.7916843 49.69846464
531.4888492 -497.385383 -184.1713517 R
481.2185908 471.314097 404.4628535 R
-354.202295 206.5504386 3.5473461
-67.90234955 188.7361297 190.7415071
63.60033765 -314.7788582 217.2346078
178.5964436 -284.0995604 -242.9686027
-473.746123 205.9814612 316.8652478 R
409.9021228 399.6472708 383.5702409 R
-222.7097829 -470.1901421 -376.9066129
272.9946167 -117.9560102 489.8937018 R
0.08563249649 412.3048069 -475.4982743
311.7789379 -161.7378263 65.13654538
279.9816109 510.9595681 446.4289727 R
-496.2382159 -304.5381534 87.72285803 R
-23.3900205 258.6926216 429.1440846
442.695498 -243.4263848 4.461919826
-12.33430002 417.9933984 148.6244221
-520.8952326 -386.3779344 368.8831985
-178.9125679 113.7022088 197.5455062
-329.1973492 315.1461459 -425.9215895 R
-404.7738777 148.7115625 -327.6519227 R
-129.0467374 127.1196237 -408.6099277
-437.8615193 51.3476524 450.1877281 R
-24.21601729 5.507493271 299.7342454
-417.2854263 441.1747477 439.1880505
-443.7024018 119.5391162 -278.6333765 R
-425.4550243 -467.5564574 200.7508132
381.022081 -252.8941493 -11.04085976
8.472181675 -105.2075665 102.9046214
-276.7887155 -462.8682727 239.4354562
-100.1920238 505.9019901 -179.8088136
114.8876028 -116.4965836 60.91957964
-305.401308 194.6537909 -134.7208792
154.3457819 318.6269788 405.8872947
-106.1807592 356.5547939 392.1009783
-299.0502329 33.30522086 -62.54541775
328.7465009 -32.86438452 -79.02084693 R
-352.9639351 16.04865826 13.96227181 R
97.10105584 194.3228863 -11.66303617
-492.3756648 -340.9017885 47.04194213
-500.2681146 -184.3553677 -411.9535119
-428.2622564 150.4422678 -461.125534 R
-251.6344281 -69.3026949 -441.7110845
159.6909501 285.0356629 -389.4618072 R
48.99945427 -370.7691936 -338.6898703
-500.5860013 -27.95844814 491.787281
-329.8183324 424.4041477 242.0381093
284.7371115 6.798597788 -174.4886139
1.19862486 -465.2717424 430.9221896 R
401.8879059 -80.96211476 31.75882384
-125.0522241 -244.5534572 -277.877403
-456.6940205 450.8477603 329.0250727
-492.8798405 318.1908828 8.200983264 R
-540.1515847 263.4414623 79.34870026 R
419.9656419 142.7401656 -314.4039279 R
207.2374769 454.4613119 401.5514171 R
5.316098361 4.519750957 -112.4309549
444.5571781 128.0226438 203.5376888
40.82456448 164.7932573 246.7153882
265.2904507 444.1116522 286.2760194 R
-382.9354833 434.437868 453.2444234
78.35903342 -496.3034685 374.2914645
274.4750398 508.5076242 -49.66573979 R
268.559694 401.0217745 -209.5975788
-176.9936756 454.1443311 -492.4261583
257.4827508 -243.834721 459.04675
-411.7351803 389.5031094 -515.5905001 R
301.6894663 320.7874381 -339.9727751
357.7509396 461.9064125 -158.5832754
403.5621856 261.2373873 -291.6109656
-528.8890147 -392.8374292 217.8530032
-463.0108921 -391.2427777 -272.2529349
-95.01639832 168.6865106 -187.2123375
-474.4924781 -253.8949876 -315.5962174
-466.3780752 -463.5477171 0.1730113673
54.3518316 -439.1260652 -267.140401
-133.6736957 -471.4703952 -13.0766548 R
46.85824326 447.9864402 183.939167
90.98246724 -250.9315057 50.44429377
237.4047803 -13.45390526 -64.77002646
209.4108294 -38.78367978 179.2502112 R
367.8281848 43.20714046 101.0010069
265.70417 340.9193118 -180.1316911
451.5580108 -1.318864791 -47.3897812 R
-293.1868032 -375.7582249 -295.9493647
-121.0230192 -456.6900636 -367.0692664
242.0204884 482.3923526 406.9147669 R
86.8156718 465.8414584 209.6562057
-126.2566022 237.7373529 -455.4288717
-394.7577344 203.6128827 -161.5948287
33.64575244 -120.5584315 -113.9240674
124.545593 244.4304238 -139.3586811
-466.3520911 -437.9835415 -514.5239749 R
-178.6759626 -419.7505514 -464.0061166
26.55256319 -153.4711283 -328.2146586
123.9904782 97.20973628 -94.25929142
318.633651 -392.837143 214.8501162
128.0874947 -74.70736183 -334.68169
-60.33829475 -356.3862553 -417.0030978
-425.4990932 -339.5217318 387.5705844
429.2829637 505.1109954 -94.42860448 R
36.58044029 360.1057928 298.7225721
499.4168328 507.1314548 -319.7777407
340.3193052 -121.7186795 436.7754816 R
-404.2492719 -432.1929958 -8.200887266
-470.0757785 -292.9273999 -102.4446148 R
313.193548 283.6350887 -350.3580469
15.12749074 320.3041345 -310.1577124
-191.748074 447.9774496 -348.0359517
-68.34955876 435.8721971 -70.63190048
-444.4513123 360.9896704 386.6770866
-6.233469173 -149.6397083 -58.13345656
94.2330762 52.60134307 -206.0895514 R
454.4243646 532.2838553 111.3400333 R
-133.9786563 -85.0849841 484.5942604
167.8815455 377.3452402 207.2076741
75.15414667 306.5798586 -125.2809919
-63.49763897 -425.1781088 -464.4398648 R
-263.1130128 467.7062939 502.2344672
374.1447097 -155.824224 -33.50215215
343.1033194 -15.77773315 20.82886608
426.6129882 255.3005906 -299.5101487
-20.73967569 -513.0978778 225.0577836 R
264.6501187 -473.6221203 519.7086379 R
-70.53493009 466.998037 93.50303981
113.1709065 348.7551703 -213.858328
395.6376685 -216.1141761 275.2101974
249.2860483 -246.179649 -467.9188828
-360.9295726 -169.0243011 -407.5364433
-179.2842017 -375.7096178 -162.8048156
-272.2871652 -468.476999 60.65670812
158.4213299 511.0099279 -298.1012268
-351.5451808 170.8567585 -409.7237872 R
435.0197427 125.3995556 -471.3639534 R
-231.1183806 -56.61100903 487.2593984
-524.9230939 484.862222 -441.6678831 R
-341.1641951 -117.8913434 -361.522301
14.88169818 172.9749055 167.1093208
-154.0344999 182.9794628 -239.4256111
36.90470917 -155.8741175 -397.5549159
-317.8260162 182.7575983 132.8834531
-105.2371802 -347.0624931 184.9350904 R
294.4441025 -159.0808965 -177.6758442
-223.9251605 -233.8233153 -66.00916877
220.904408 187.0920074 -204.2367865 R
339.4189048 230.7421904 -305.9566923 R
-68.50770013 325.3401837 327.022186
418.4181823 406.2258653 -129.890156
5.509376111 -135.854913 34.4063116
-395.2481477 206.6060167 464.7324446
-91.48490409 -326.2125089 368.1811623 R
-365.2172701 -68.82124312 465.7955847
528.9939497 -22.12527704 -247.9372857 R
-482.8175994 371.8321469 -436.9999973 R
-211.4699467 -332.394074 -365.1034369
-473.5438234 -13.2343453 -509.5669648
-10.84722339 -430.8204988 -393.9891757 R
-345.2549659 -351.4655179 28.45324476
415.6323067 337.9788587 208.440411
74.17609617 136.350855 -425.752477 R
-301.0966939 406.2084033 24.86830044
-489.7260778 -144.2435155 189.7819295
-455.168119 -79.61420759 11.60032269
49.10107999 -176.229449 539.8753066 R
350.9596921 258.7834549 241.1436599
239.6482578 -411.998759 -137.6798548
-516.4868629 -350.5035072 123.793062
360.8085726 -169.6577505 196.3608556
-137.0812129 -474.7442515 43.44254431 R
320.9662008 84.96287246 153.2174714
355.1066992 230.046212 159.3314872
98.43219872 -527.2582158 8.35529973
373.0764337 -55.06562457 426.8885869 R
430.5179983 -232.6945729 418.874546 R
136.9057973 157.1241957 325.0468963
-60.53053072 114.0626195 130.8329639
-326.6622958 -450.8028398 -202.4932813
425.7150125 -60.12508942 52.37154692
-155.7544494 -23.77655196 478.598117
-88.2471891 407.3195607 -65.94591034
-263.8958457 115.5116876 65.1819815 R
466.5911251 264.2390482 -496.1592887
336.9894045 448.7903814 545.3200259 R
155.9507492 -90.09574689 464.0106484 R
112.2406744 -233.9429823 141.8329686
-492.0064344 200.7858911 297.8045309 R
-372.5277896 192.1933193 -511.1447281 R
-236.7835218 381.9099794 -16.78301465
-466.1749935 -493.0550455 -194.2442302
-200.8018044 -436.4387837 124.6436182
-400.1652361 -329.0552019 501.8127664
-99.03012235 -16.58052572 404.1128865
472.6696957 110.6793668 -0.8087443831
152.5530366 -157.1303561 -244.2642151
-342.6813985 113.4620185 462.5621746
-396.5761504 236.1795546 408.2469279
106.4520981 -141.0627845 149.273853
226.6051972 -356.3551716 252.0089821 R
-216.1132071 -151.3414099 -359.7047813
-325.3667552 -197.024804 389.9269382 R
95.03174838 419.4499259 -271.3721661 R
-69.28073729 -503.8687393 -377.9754771
530.1186975 139.4761748 318.5463323
226.1289214 269.0964654 476.6862037
88.31977856 -238.8160219 -322.0260433
-294.4462635 168.8327624 15.6818399
-412.8857009 211.7629061 -98.97942967
-327.5683592 -185.2380542 521.4708339 R
177.2771207 -461.2537482 430.4486845
-481.2926797 399.4546838 441.6785442
472.8196892 216.6994752 309.9791018 R
291.8523685 504.3065719 -241.9421638
460.3279977 333.1795244 -105.5487635
121.774677 -37.4805403 -47.10497213
504.8992394 -112.8962393 -146.8374636 R
348.7812361 -176.8736029 -165.2489441
-31.07560027 -222.4394991 -423.0510969
-69.5992174 77.7024686 -80.21389095 R
469.7366115 400.8179132 162.0365533
497.3150742 521.3641278 266.08494 R
-264.2878345 -230.4461241 258.9105419
-156.5187687 185.8890301 -462.6473255
-33.47266724 -451.1064062 476.6422071 R
-338.0419733 -240.4206532 -25.13689922
-378.9421831 -228.9333876 -115.4923876
-114.0655662 -115.0496 -55.7697739
-410.1522707 -160.4258354 111.4191177
-64.64439957 -270.0788738 -135.9064913
-452.162653 117.8937961 35.96987483
-373.946333 272.2477133 -334.8879336 R
0.298506535 34.08539986 16.38423822
155.882459 342.9332079 73.56073655
467.0523215 -169.2219126 139.7412257
102.0298137 98.52459966 -409.8145228
438.861282 -131.8195659 -158.6368636
-233.0617085 345.5285577 431.1623047
-515.047158 -417.1755557 500.2748176 R
-84.61972145 171.6355099 80.95642425
172.7256932 361.8556377 -90.87411392
396.1702921 157.9688923 -63.50493462
339.7941299 237.9460309 190.9751317
-130.8555563 -12.80062304 74.77635367
-351.715931 -48.49567398 -342.5221694
-64.29639182 494.5898041 -54.9277885
278.0399301 169.1022161 429.3086638
-426.3787254 -223.0465613 187.1714005
-504.6653901 71.52326087 501.0935336 R
-339.6868637 156.8904482 373.5772039 R
107.9287144 38.51394018 -291.8297526
-179.7384307 56.6734705 460.3973899 R
282.709526 137.5577444 457.9537008
-516.8801153 166.3851597 -149.5949414 R
407.8676255 -519.4494273 189.7619526 R
159.7892129 347.5823123 49.3614338
369.9991883 353.5169525 -99.85165515
-317.4209751 382.8773259 493.5042776
319.9032301 -286.9804987 20.29876101
-20.65074964 284.6672793 30.6434479
62.47152917 -318.76037 -454.7651645
-312.2083789 -111.8259079 276.0575467
1.735339894 -95.68644984 -145.7103748
309.734411 -437.6622654 -11.42148592
-383.3720761 10.34636035 89.92816142
152.0771066 485.282819 -167.4262176
-486.7219661 -65.36785136 -509.389015
513.4879379 -422.7782933 -355.5651016 R
-120.3543133 327.1069489 -64.37265903
281.4460929 123.8391272 121.5880112
313.2493929 -512.6485525 -421.1698979 R
-39.60893775 -34.82819081 104.3190845
126.0296843 -372.3706185 441.4532304 R
370.2051349 299.0666822 28.58418382 R
-515.3065555 -152.4939126 -350.7636913 R
-375.2382523 196.5219329 312.3166378 R
-409.034571 247.4135038 495.7283657
376.296546 -516.4523799 256.9486207 R
-510.8565394 184.0731645 410.5813103 R
-347.5715123 529.4314721 -72.32737196
-20.09489351 195.0320428 -75.83542502
140.5927467 488.8602638 159.4723345
-430.5093695 -78.70143616 301.0806446
-336.0568043 -26.18113023 32.94861525 R
350.1023455 -414.8733913 339.2946496
-58.13066777 474.6990862 66.09370507
-72.55264693 49.07044156 -170.378215
-177.4330983 273.8402406 -56.94590349
-63.89256426 -397.4681397 437.1863272 R
58.46464098 508.9911754 67.91299065
4.052851148 8.444428102 336.1392931
-275.8681539 410.1581845 306.1370977
364.6628672 -146.082698 -495.4016813
-124.7285951 319.0554385 361.4920965
-159.4320626 -8.729255564 303.8959707
-368.7944287 476.0713742 -323.5164968
-395.8442946 28.79561914 -424.7408555
-263.5977149 439.9445367 343.034618
369.6419217 42.95241146 -92.42613839
405.8199644 182.097428 -4.623164224
-290.6276673 120.6138694 -389.5688373
-133.2380016 -247.2959438 -319.6689179
228.0411368 301.1030107 472.1297462
-469.8413346 531.9191955 -52.50784193 R
161.7054862 -240.9633272 -115.4204161
504.0773997 113.8914893 -411.3377587 R
-410.470803 -210.4061056 -23.05167063
459.4814558 -522.3368862 -335.1510689
241.4578059 305.1505764 285.8252218
261.0263818 -130.4726691 -241.1004522
-21.81129845 -164.996985 -156.7790292
411.8790029 -37.87186084 -382.3437884
-478.2583149 -199.6839745 144.5825738
-141.8128065 -312.6790675 -138.3680139
-82.59465156 165.0039649 -305.9225908
441.2771945 -409.5665371 -354.0995966
-314.4832797 -323.5124291 -18.65085425
214.7285116 150.9597793 56.67291908
403.692845 84.95431418 434.9069946 R
-353.7244051 -294.7889666 -26.3599022
265.8911086 71.21440929 -495.7624711 R
90.38109594 -312.3715752 81.05460699
-253.4180474 -461.9852751 123.5409525
-163.7962157 285.8547598 450.1862271 R
-217.159919 -136.259314 157.9555826
-11.29083415 -201.30288 475.1454564 R
-462.1034013 -177.9649323 144.6551508
349.9248696 16.39996989 506.8965913 R
-113.7891078 -477.1203469 -56.67215991 R
402.5496834 11.86858432 -270.8839542
-208.5728493 428.462536 213.2425147
288.4879203 -283.9889247 -464.5259238
170.8882026 201.1521861 -329.5119013
-250.3197404 350.3215903 273.1238607
-49.35997241 -486.8419779 393.6626841 R
-0.6223870994 -532.3646259 140.6831972 R
120.4972827 -456.3175797 -238.4743776
-245.135686 -272.0756355 497.4186646 R
347.888931 -474.3668534 -409.0654466 R
-458.2490753 390.668621 286.1098897
-366.3878123 -538.7708654 494.5182756 R
-403.3461018 258.9351339 456.7876445
404.9850478 370.999085 40.78460412
168.7594954 -209.0253849 -301.6637946
340.5933992 -513.2067835 289.6374017 R
-182.5234017 -16.59295682 -330.3778623
65.57429191 312.8881576 302.9824613
267.6524009 363.0554176 -277.0004408
112.3241964 276.6209324 -424.9636451 R
31.67337236 20.821375 -328.6251303
-106.7572633 -177.9134424 -281.5124643
-390.3235215 -457.378377 433.3570097
-504.7601018 199.8133312 322.19648 R
-346.1598986 152.1391213 -504.9035233 R
-382.3866657 -141.521484 -3.60533393
462.9872535 122.8487088 -0.01624879928
-417.4207219 399.4723351 -83.69110749
1.220210527 405.6112177 29.33441227
306.2411691 -462.4270063 -194.6835279 R
298.0556315 -322.5867619 213.2520488
-326.273127 221.6346826 -286.6498039 R
439.8669786 -510.0907163 -160.7299619
266.7687236 -500.9986797 -242.1260463
-438.5380818 -385.2443556 -368.4337919
479.3581766 356.9829602 -546.4632681 R
-411.6081006 17.67786679 -187.0162786 R
-475.5074702 -476.8346982 -75.06944431
58.04809222 -148.1015388 275.1853434 R
529.046531 -248.2413535 61.46883031 R
-128.2530203 -405.8820819 391.4179157
10.7644926 115.8257684 -290.3031319
-490.0471134 202.687708 140.2779399 R
-520.7669552 352.1115869 447.4222854
-41.30058655 -97.19494392 414.9001474
-86.58683292 488.1160528 -169.2962102
103.9101277 503.0400446 -340.1731494
72.32909869 266.9543592 526.6345223 R
34.37178686 -119.8254572 89.02079754
300.512466 112.2661694 -225.8863899
32.12819978 -459.7360394 -128.9193074
-479.8939725 455.1910522 432.2610573
-292.1322816 206.4386189 -45.41752052
-365.8263278 306.5618459 -172.2241737 R
213.8729432 -500.6085892 -294.5709542
-515.9655454 27.21939339 343.6730096
-112.7529236 297.4688026 191.934091 R
364.4527586 -336.1628432 -471.2811964
377.8655963 -463.6936341 -368.772854
133.8788065 504.8950221 457.7350566 R
-205.6898452 -365.2367129 257.0679328
-7.699430563 -386.8321998 134.4134736
-336.2427442 167.4052707 -313.2697307 R
-214.2392966 -465.007568 207.9725807
-387.7947306 -188.7461649 -170.9316348
253.3273951 -70.66199081 -383.7086186 R
-325.1626315 -300.1106549 61.15242767
23.42965667 394.4996553 262.6256341
162.852053 31.77551972 -528.8988751 R
-424.8172665 469.4997465 -441.0012615 R
-43.53183149 465.6735621 31.97703034
-157.8909481 516.9881974 -479.3632967 R
-229.1964382 460.9731197 -27.83810814 R
-462.2544758 -139.5713713 356.2329317 R
535.4423328 27.22998339 498.569809 R
350.8038961 -260.0181413 159.1351708 R
-506.677192 65.04368378 -75.69198625
109.7952925 -22.53054786 -339.5269074
254.3117012 236.2540344 449.2097525
382.0526235 -95.59563535 150.630722
304.8208622 512.1093766 -346.0585957
-13.97289083 -508.28451 211.1207158
-264.7853929 380.1385725 68.93219901
-477.6697037 -171.3174769 117.501524
-0.6141492034 -465.6088019 -311.7862922
-450.2226098 -76.25294647 -184.4901336
-140.9180531 -250.3098094 316.4859468
-61.40315476 -246.354252 -424.9575668
-214.0979207 54.11714198 -468.5959963
-371.9235876 -177.6011567 -7.356719951
143.4907337 -230.3908747 -293.7576605
-25.93167006 417.7526986 474.860603
-283.5276754 286.8719591 465.9065421 R
244.6988732 -485.4539585 -535.5989995 R
393.097407 1.270345588 -397.4090047
-517.3852742 -46.4854516 -193.6084713 R
95.37119439 -85.59159736 -34.93155291
-124.3551985 -247.2098731 521.3482373
308.8971087 216.3069485 383.4273287
-245.0948103 436.6906017 -333.8504282
-109.5570501 414.6921224 -267.9019526
482.1842623 -492.3613008 372.6241115 R
465.8863287 -314.7171856 -140.1808677
280.0561065 -360.1755808 52.71002982
-259.966439 10.50853724 -468.6145689
-382.1913877 128.4228511 -151.584986 R
-341.7173579 -158.5228723 7.85193654
389.8059721 -197.7650341 146.5713762
-300.9538028 335.8501972 -403.1547884 R
5.332247473 242.7118816 127.6530178
130.4035484 436.5597684 -29.19270168
271.3411135 260.4273537 -217.1520816
309.4089035 -7.81129003 -395.884184 R
14.79700096 -410.8387201 306.2884185 R
-42.85152934 243.8076685 331.992168 R
-127.9315288 474.8603888 36.29117767
358.2172906 450.7582675 -51.31414019
437.6548969 346.4529133 -40.75834219
-301.484934 388.0377009 -105.5673016 R
173.0810107 311.7035313 -249.5665981
286.7862488 -190.9714937 -251.1033043
175.5800004 357.60371 -238.199692
451.3075564 99.20647233 220.4387975
100.635748 271.2005603 190.6429959
531.1863965 -501.0596848 -515.7599305 R
-98.27795807 -450.0849455 -44.22981097 R
-485.1146039 189.2298598 393.4412103 R
409.8798922 283.8050545 281.2040215 R
-8.293107127 107.1221565 -92.65800455
-87.01525438 -404.5928601 87.37767731
142.8448874 -297.3413606 -309.1611472
-279.5021153 69.29022147 -499.5140036 R
454.0853709 -454.9597878 263.351817 R
490.6451392 -206.7642966 -38.50042547
545.8266535 260.1484013 293.9465873 R
217.7520767 -518.7732772 -23.33397753
-277.0963172 -225.2140696 357.9232916 R
111.8490657 -436.3699774 300.7343401
53.00577963 -512.9979407 -202.2248039 R
-365.3088853 4.908593908 -276.5053225
-413.1899076 -8.265944573 514.2871503 R
-209.7745874 -93.19156724 170.2243325
89.4099968 489.7719007 -488.4576991 R
503.5727106 -48.31585372 -305.8390838
-466.3292872 -321.3590886 422.8865935
-218.957417 458.0211162 -317.6078276
461.7473005 157.3619753 293.3798602
-117.6258362 -237.2068326 -22.73293179 R
-7.598406603 -150.9393518 216.8248659 R
245.3859383 232.8087774 188.5739526
-361.1674469 354.1227648 -419.916772 R
98.13300311 -290.7076265 -174.6632788
88.43399706 -450.0300756 -23.3559075
444.130106 -408.7156678 -66.55747024 R
299.737856 34.41265316 244.1523947
315.5815071 86.84916632 -43.17949547
236.3566132 -0.783250193 -70.26623979
352.1234387 343.4611656 430.9486445 R
-443.1138767 -209.685139 224.4079067
74.05917956 -134.8748065 513.03359 R
-4.908103006 -420.4394491 -62.78802787 R
-425.6332685 333.4596273 -271.4396006 R
-239.5752558 -244.8088316 222.1091054
296.3333839 279.2956447 -146.9427578
431.6076074 385.501221 356.921702 R
-147.0610118 -218.7309656 -240.1817406
115.413124 -368.6406364 51.49795433
-15.41172892 213.4703748 454.3125583
166.0048071 108.0021546 449.91049
169.7225804 -290.5811904 202.069285 R
511.1575293 -173.5379917 -442.1736126
-321.1389685 13.93037625 352.663104 R
-514.3576087 -478.2842351 -114.1477696
389.5234625 25.57165657 -25.41289735
-337.6902072 459.6859453 398.9823434
438.4100032 39.93855241 -219.8518789
360.2782731 -261.3781199 -279.3092734
233.6770703 -267.5407683 179.6602554 R
-409.5669305 159.8892069 283.8078974
-79.20911393 21.78000354 -209.520281
-431.9964656 208.0572087 -107.7814272
103.2600517 78.42352177 -418.0540866
-360.8642551 401.2915145 337.5001502
350.4356833 -175.9231587 115.5828393
441.2629729 298.5079252 -151.2450113
15.54285844 108.2109158 475.6309098
297.398541 114.3941369 -218.2490588
-392.9542853 118.4324368 330.9357072
-49.86993842 231.6228611 -53.20069812
-272.0838571 -315.858585 55.31130055 R
238.517339 196.6625342 -123.7431402
433.7684719 469.1395876 -375.4979345
137.1483275 282.4986652 -309.7594001 R
-524.6632552 194.0086681 -503.9822919 R
-293.1443381 436.5811107 104.8729529
-524.5525017 -124.0459775 362.4456069 R
449.2411615 303.0553442 13.26741557
-185.6746875 327.6520879 48.79583877
248.6182774 323.3171354 -184.6289792
542.6166262 134.6752352 165.0138182 R
185.0263854 68.94009015 -122.1611533 R
362.7692929 -131.1438227 508.5623802 R
359.6710524 -359.1115872 343.2071575
-199.9790716 -352.1155761 216.2579771
-540.1397516 -457.2411399 -257.6272829
-64.77903511 384.3523279 167.0280489
16.58141235 -275.5080187 21.7846141
269.0339504 44.77075282 200.2261977
224.7652986 434.4816381 -524.3366524 R
242.4578186 97.44227517 -102.385938
392.7176352 438.5704482 -148.3777863
-79.50425946 -440.569376 39.55528072
288.5141055 133.3928315 -233.4076268
129.8852861 -166.6641149 182.5804661
-218.9583082 -314.6129764 -518.7706028
347.3248863 -112.2002741 -286.847709
443.8120399 222.0996391 -504.4082758
-335.0400486 -437.0162353 137.0626992
-437.1239521 226.1030143 -275.0890021 R
415.7794482 -265.4075884 55.7909027
-468.4535994 5.930859005 164.146422
-485.9370241 -128.5227588 411.2833577 R
474.1552471 -73.64681855 -171.6735898
-476.9079843 -144.9500145 168.468847
237.8422941 220.807287 385.4880982
322.6877814 -147.3177652 -300.8243564
-468.0478787 143.1452109 145.3220295
247.9340269 527.6208394 88.55052359 R
205.3849347 -145.4895077 61.74966581
386.8707358 -493.4377132 277.7791095 R
172.1657872 -165.8754981 -492.6142851
-34.22405187 -235.9314134 -282.4190594
-349.2133281 -355.3735516 -121.1384684 R
438.9029756 -451.4994229 -356.4196596
475.4410529 -436.2514562 73.19713174
-501.0125402 51.27069292 279.3656416
-495.2200597 193.969212 279.1785335 R
322.2579797 431.7132917 -56.99669401 R
419.4133352 -405.9491194 -14.24191045
-90.31048503 222.9389958 -22.40855058 R
332.1510314 177.4845699 -350.267629 R
-112.3959898 -194.7093198 332.7283369
-149.0452954 193.8072585 112.9216747
-233.310049 -282.5888049 410.6208946
77.7647331 138.1643068 6.029097868
-451.8475474 398.7118602 -117.7771416
-348.0639789 -88.79401378 292.9214143
-237.0701005 -1.888532026 356.247237
153.4281666 183.6665507 -343.1595799
-99.48129741 -178.6909959 319.1686474
160.6000754 -69.70226887 236.7731808
-278.7169302 503.4220323 163.9002613 R
80.43683225 -306.2393804 199.459853
-401.7902839 -451.3630542 242.4336335
-21.39142215 337.2814661 -261.5097011
409.0840903 293.4360916 28.22795627
-217.77038 283.8353343 26.18141114
-21.44453284 14.17700052 330.3506945
-434.9388915 90.21200651 -54.01679229
330.3258219 -315.2034294 -307.0074656
261.7205156 -445.1391344 18.21757626
255.7062375 -450.0205838 -381.1600464 R
485.4916398 -208.0108674 294.0185594
492.4470221 232.4521101 433.0873314 R
-35.75884121 333.4739391 64.71054292
124.982515 -225.5882129 216.5300047
306.8091765 -231.6384807 -487.720416
-414.3687903 339.3896272 -47.50318124 R
-228.5413318 -316.7767234 -457.7699147
372.1209934 388.4224929 482.5990604 R
-391.6858453 -125.1268475 107.0883928
-389.2279043 -508.348537 -10.11174296
132.4431171 -210.3630161 63.77855075
472.2069837 -95.27485053 -183.1989757
-493.2476249 136.0622817 189.0700457
215.2869559 -228.139083 483.0438916
387.0292484 46.5929792 489.8338047 R
-480.8802847 234.6818381 59.83100452 R
-440.4644914 251.8431445 348.6811477
85.24139284 358.5895425 -217.3647513
-129.6778823 -13.07652417 -528.9323037 R
519.7772374 376.6126137 16.40907887
-19.21694925 263.6534796 399.6968589
10.16493152 89.15076629 -491.6040417
401.3146729 210.0861287 11.01142441
-158.3386339 -341.5793073 414.6019322
-351.4753826 -477.5083915 538.962796 R
-172.6433402 -386.0624351 -444.3654279
76.45689115 404.0822876 -258.5549818 R
122.4975322 168.3113387 -258.891513 R
538.0978033 -294.3752824 -387.5209578 R
232.8090001 112.2465425 94.92494173 R
-292.0420293 195.0899931 435.975849
-350.0211601 443.2876227 -0.4701555314
-0.9476264528 -249.8536753 19.37141053
82.72554093 -243.9075223 282.8906083
-318.9253589 394.6984629 -285.9350655 R
122.874894 151.6937813 -332.0461023
352.3264521 -427.4869152 -147.6369289
-318.736034 181.2538644 141.8628294
485.3904141 -150.2924237 -181.8713087 R
269.8767582 158.168213 -357.5645857
201.4967927 -484.3824248 463.5407355
-516.715167 -452.5750222 149.8792012
-289.7570202 -140.3815649 88.80648216
262.068866 267.093584 154.465933
-403.4900114 376.4335115 -110.9576445 R
281.2088282 -110.9406713 -531.7939258 R
-500.4083091 307.4670462 -351.6820544 R
499.378064 -424.6155101 288.7465656 R
64.33240835 282.9684898 138.2774119
-428.3452559 -159.7110148 -334.0262515
-288.078208 501.2804729 186.4915712 R
-74.30292504 -177.2053258 350.5802083
28.53736161 118.4405887 212.8944641
343.485096 -299.875274 -338.9377799
176.7358335 -245.0604135 493.2815397
-215.5360407 -458.0291841 244.7922692
446.8650595 -105.9937131 -465.7842864
46.17794155 464.917729 409.5026803
-408.3792672 -133.4556966 -265.4234729
-190.338893 203.056763 342.0829056
516.6946501 311.8947554 260.2512279 R
-219.5101715 368.7117841 271.274751
-264.6773527 200.3689822 365.3317896
38.62612519 134.1832773 -235.4779695
395.2322548 -228.5940628 -462.8299682
-261.2862094 -362.5520839 -341.7878381
375.3194497 -4.503592678 -342.0766669 R
-18.03091894 302.2676146 -265.6928566
-155.4627616 22.67359744 372.7166783
398.6699464 -488.6792726 60.18074819
213.1347487 -295.250788 -317.744138
479.0909407 -64.97113784 -83.25888902 R
38.65919352 -30.00010231 119.2116548 R
-538.2847671 351.0662333 234.4931556 R
-158.1950451 211.5562948 -446.6696752
-226.3730072 -409.9494311 352.3772321
-49.66617528 497.7855161 -50.30439755
-524.0839348 313.5930172 47.27315674 R
-161.9810208 165.8169654 38.49991313
-85.11920884 465.9345039 72.31075001
-527.6544583 364.9238755 -234.1871745 R
-434.4114307 -354.6281229 -499.4186929 R
-238.4545874 -440.3156875 -413.9063938
228.061635 -61.63232101 -99.11127948
-96.52538479 -310.4620153 2.686013405 R
-256.9890119 25.69059501 3.655255819 R
273.6775287 97.51812197 474.4736108
-171.4717454 485.9267705 -483.4549953
5.193781345 -177.9254501 122.829233
260.6175545 54.92612076 338.8585712 R
-126.7110143 -82.19874439 -90.0984708
435.0276231 -304.7857672 235.2451356
514.3509648 -15.04709094 -189.7290328
-263.9098668 36.61839973 270.7411423
448.3310943 346.8504834 141.9735077
-202.8582814 -22.58938037 -359.3127751
-430.7251847 183.6967676 447.024713
165.0030817 505.4208965 223.9016999 R
35.91841803 -237.5205116 525.40224 R
505.9196587 427.2814415 354.5147354 R
254.275863 259.311301 -215.4675249
-484.3084596 478.8875061 -336.9002125
-479.9568383 -72.21721681 466.8185747
-72.04391688 -127.2781161 172.1263184
-250.5481102 -440.7151349 204.5968429
265.1564779 -141.4476921 -191.0866048
276.0499342 474.5425888 395.757645 R
491.4932309 530.4959571 -314.0142432 R
-399.187297 -502.4052663 24.00810342 R
28.21464168 484.6669282 -227.469815 R
317.8313485 -387.43563 -48.21693383 R
-354.3058629 116.8117003 519.8177578 R
496.7211978 -388.6399998 -69.38424938 R
-487.0516322 228.4541683 184.5067975
365.102049 44.24719783 -268.9569087
-412.7108645 16.99583971 212.6404853
280.2503686 -474.5430102 165.3281575 R
-196.0478687 -458.7583439 -68.97914988 R
-405.0636531 -123.755829 -355.2393025
211.9798361 -47.3778353 372.8484822
-274.2775921 -64.3194371 -339.9442759
-99.93511066 525.4304924 -483.9042448 R
187.3951129 2.025746362 232.8548519
6.89960286 371.8134264 380.6842183
373.122676 -385.2182741 532.788585
403.3676871 -145.8817955 -326.8639189
485.3027094 503.1694186 474.516078 R
-414.6939877 -516.1668517 -377.0467932 R
-371.7373393 -411.9417862 -219.8358188 R
-512.8891804 455.1553982 497.3689688 R
-124.7072588 -141.3524018 -469.2311988
217.1605001 -15.02931317 53.38269537
-131.8407001 401.6082096 356.5624677
399.1192638 -170.8480824 -214.2086906
316.4893848 88.57918632 -489.9197024 R
-60.43609936 -473.2300895 331.1050421 R
174.107731 111.3391002 -44.27503856
337.4702902 -81.16965048 494.4184606 R
-138.0513955 478.2760157 233.4954479
513.8207145 43.64087127 358.4623224 R
52.9495026 -498.7841651 -81.36312003
492.2852503 -431.0487892 76.82319101
25.63103496 280.5526862 354.3736642
-218.6459608 48.04529381 -525.3560574 R
-433.362372 -333.2011526 446.852087
347.5292033 453.4832633 226.048707
392.0687669 -275.9667243 384.9807357 R
-5.037008654 399.431339 -498.2311582
-345.1768928 258.8475454 -367.1565905 R
-28.57000607 -78.66779245 98.13822672
-233.5838578 -350.1627323 -489.34799
-329.074804 -285.5914931 213.7141737
360.9428135 34.19949312 104.1216111
161.1992365 -446.5109098 -280.8313408 R
4.785953819 -174.503366 -180.1587717
477.7740969 102.3258397 -306.9309268
411.647801 531.3292286 150.824835
49.01894735 443.270494 -517.7733243
-40.18550881 404.9356158 2.193772881
-57.47547888 111.9322374 15.94519248
471.9688602 -512.6996009 -331.5455932
305.5999364 -467.9938366 -36.72260799
-5.226314752 -398.4769529 -169.5561205
481.5142844 414.2859592 396.9276786 R
-173.1998122 -114.6421764 -287.9480071
-77.40195471 -111.1783727 229.2753489
-127.6463893 -385.6042956 -425.6371956
479.0797003 270.6979895 -186.0038842 R
331.4530443 533.0762417 164.1027658 R
-502.4920593 -188.1457228 -407.9047417
-328.6263102 -36.21306124 -331.1669131
98.13356463 112.2076626 27.03625742
222.396483 65.56337228 31.04288981
-69.76502802 325.7359163 280.9953352
-227.3659038 526.7533569 381.661802 R
306.6301688 333.8003715 207.8212687
420.3753478 -147.2901247 494.7138917 R
219.8905207 -202.2376143 -54.80085558
477.508882 446.7569566 130.9131802
-411.3554631 -204.8844986 -357.6372172
-44.13912958 -347.9239906 -132.3397093
140.2645384 215.4748446 -54.10230829
307.9557897 298.1062789 -334.1507759
443.4637275 -235.0428025 -418.4484225
-236.2667077 105.6683915 -149.6683186
-70.95123514 330.3738535 -497.6851516
278.2971674 -357.3558419 142.9820484
-171.0909863 -28.89723345 354.5850429
-30.82136481 -82.41597966 -124.8410886
-282.7036319 189.7664388 259.8389281
123.7100896 -518.5888917 -5.165146185
258.5414629 480.3911841 -295.8819316
15.48541965 -381.2400785 445.7922303 R
384.7292409 214.1403952 484.395223
-293.6142984 335.0046289 294.9178692
446.0986246 267.7465569 186.9803531 R
-507.3473696 -150.7441571 135.7949184
308.9764673 121.9692245 104.0818808
59.86484606 -59.83082951 461.3767862
155.2626781 369.5781097 -181.0977344
24.28407198 -383.2206776 67.26808348
-434.5321821 444.2187317 -125.5734245
59.86678873 52.7851502 150.8192825
-27.23260389 160.7486082 -347.6835347
-452.7786415 -133.6362047 364.608456 R
129.8237746 -531.5385813 10.43878283
-190.5757991 -412.4763932 408.5908785
471.9945504 -222.2658224 95.02515335 R
19.20840874 -124.5099603 336.2902388
-333.3519708 136.1804257 73.69902462
337.3283507 521.2635248 -85.53835425
-83.72008773 -32.91745237 233.9365056
-342.7450147 103.2729553 104.9718514
25.16446847 -65.25708006 -467.3461788
299.3865609 522.3001413 449.205397 R
506.2666776 -37.88213352 -16.00093089 R
311.1736867 -215.9696885 -495.9201716
96.15326734 525.6082026 -159.2092527 R
-128.5037769 401.4077727 -459.7354465
-383.2856669 372.56521 383.8006631
32.61245379 -508.3789737 -53.3586 R
-376.4683978 -86.01474618 177.977983
-126.5418556 -111.5403705 -488.1215735
-27.52100197 327.0907702 -287.4950163
516.3729785 -207.5451923 -518.1133067 R
345.0732772 -157.0840577 -23.71098331
201.8048511 279.6685703 -29.4046946
240.8832125 417.0930944 -167.9693884 R
250.4584059 -484.6339878 34.64622392
469.306131 -30.74293145 228.3597375 R
458.9246528 -211.1777066 199.1625534
-387.5262282 -412.7152205 -92.77796544
-161.5639781 -324.1220371 394.2111124 R
184.6617941 -386.8017847 -48.93178207
389.3120413 493.1017777 413.0262402 R
260.4075572 -51.67562075 26.66782049
82.63211289 -263.1407668 115.6683643
-322.6355823 -374.31994 153.8194123
-48.55964768 -460.9172457 17.37821681
-442.8717562 -87.12401269 514.7091185
393.8032463 485.9569593 -142.5741396
513.2280868 23.79957046 -166.076747 R
-8.913400936 280.1159159 -238.8272785
-234.4160391 49.14876762 174.3658611
-327.8471531 486.0123376 -147.8020964 R
246.6830858 -199.4442434 -86.74056699 R
-188.5791285 -52.85486677 177.2527974
70.88360373 -91.12673487 90.92345701
40.84123262 143.1795953 509.4663533 R
549.7058846 -404.1963086 -248.8214314
529.6303299 367.8735107 -116.6822147 R
-336.2205695 352.5197823 -275.4764378 R
307.5200744 -180.0167462 79.05195012
-7.48360814 -283.3818078 -68.04114187
95.62693092 -181.6691547 8.229093928
-441.5271078 -88.65470282 -456.222489
-233.0742924 -23.40708663 305.972815
-225.7596009 -177.0763483 401.2902413 R
-430.8286717 -306.8626317 227.5888882
480.5199196 -328.5095716 251.5226689
520.5216383 -321.5656108 242.7081313 R
484.7573907 361.4447797 67.36372004
162.953377 20.41404923 -434.2948671
320.491394 -424.3393627 -132.1923842
-468.8301629 -65.33771432 21.95460107
231.2663067 513.1998499 173.7645833
-239.1587256 408.5987023 218.8885366
-232.9510737 -376.7635574 529.2580352
-132.1279738 -184.8302022 525.2562852
-177.9443006 -421.0315292 -307.6483175
-32.01669118 -8.711457946 42.58884347
-6.729745994 -25.8043735 21.72569503
45.72836762 -248.075622 -230.1181788
466.0311372 -195.4069034 -283.6124075
473.1935872 213.2960041 -11.70831435 R
-373.0010815 -352.7528396 -208.018821 R
-352.786628 -55.70444755 -484.7966708
170.949569 -439.1605203 143.102297
-463.8527776 451.481789 -502.1186362 R
-252.7526793 113.2891625 135.7625618
416.828394 -138.0489217 -337.9260634
-70.24092395 -16.99521103 -510.9787533
258.1518039 -246.33598 -261.5087171 R
180.2683985 -282.484752 9.255583672
126.0952811 -150.559745 -399.8991693
-192.3637632 -5.547434228 5.658539603
-376.2124572 -243.0676775 68.34318033 R
-435.0486936 -180.6244775 231.2869336
387.0217601 393.9955584 -389.5021052
-34.17277857 -166.0368436 -125.1628733
-146.3937583 -134.3444058 -259.6129788
37.27776781 466.6382496 -306.8493995
-388.7635507 18.9938292 -36.7827464
376.1355704 -505.9392591 -231.4266066
-287.035639 -187.7776302 281.2417928
-156.338157 226.8571055 181.0276792 R
-317.9205225 -193.8672056 143.1111039 R
-287.3723891 502.7598546 -203.8235612 R
-141.1422646 -457.2879917 -473.291218
72.84099944 -408.6730995 -179.6583451
-317.5518704 -107.8830819 -380.0575943
347.0022015 318.0251194 -221.1772767 R
-178.6243193 9.956391842 -194.0157869 R
340.1418725 -81.20380388 8.473297342
502.656083 -104.2242664 91.11765444 R
31.49978195 518.1630021 -286.0140402
96.31811372 -428.9744637 -276.3149452
423.66904 323.016518 -439.4144384
413.1373493 -77.89885781 -320.9846687
513.7987334 -265.7373207 310.5730207
-287.3326844 -414.2045827 -492.8957675
146.4730167 -124.6391391 -479.8032906
-114.8354372 -153.3369371 -515.7459855
391.7229933 140.6925375 -222.3280663 R
329.7955095 -69.94770924 -169.6904579 R
-347.8815395 -45.70074396 187.8927677
292.1266103 259.4407716 161.976261
13.46479978 -193.2496172 174.5081385
-31.11483282 150.9796065 160.5774463
-191.1541215 -187.927548 -304.7514373
168.9244386 -304.0214239 519.742853 R
47.56782309 -154.3565176 -127.2953637
-96.84507077 -304.1125394 -407.3112574
-85.88258314 415.2351521 64.88952047
302.5032725 253.3103724 -56.95123608
81.24853608 264.4393945 99.8234531 R
181.2668959 241.4311816 -386.732062 R
273.5028677 312.9768754 -223.5534695
-368.8150723 -478.919322 2.392348768
252.6212569 -456.7274017 -134.7312385
-414.0653116 380.2659549 -446.159627 R
106.57467 10.7766622 300.5569533
-44.24498185 -176.5999129 -107.2284362
478.5895532 -32.88747478 -65.47991728 R
-423.8254199 -30.22785881 216.3454845
-524.677908 154.0926867 30.55754324
9.283707299 524.0531917 340.8739023 R
23.3910962 -384.5355072 508.3529455 R
-315.6723632 470.5851526 -379.5090014
72.92891312 -458.5773402 -133.5949766
212.9788508 -338.4170388 496.6792339
528.9717144 -232.9272534 412.164184 R
155.6832021 -248.1560918 230.191375
41.1527658 115.7373744 76.73797323
134.9000404 -505.4893447 449.7929146
302.7627232 251.7834269 -388.4974561
-105.988348 277.4141777 -446.6505489
344.401952 -197.6672162 -478.134528
-289.3764482 -255.5276737 464.5604286
190.9691484 -251.345409 48.51303025
-414.4088705 238.4948828 388.4255658
367.7136789 -279.0751017 428.2856275 R
-378.3091079 -493.2575964 -173.0663667
-263.4176993 338.5981153 417.5472947
-327.9950579 318.4904393 234.2310087
358.2391203 -185.4444869 232.5283234
-407.166549 -148.1149751 -221.5488474
-420.3438888 -84.30736006 448.3954943 R
146.4718316 225.9783632 -107.046105
-233.8109572 429.959667 -301.4698588
450.8926117 -350.9118583 -274.3069346
180.1636948 422.4827431 68.37809188
155.5122217 90.83808804 -425.7471938
347.5140486 -335.5567095 -373.4983787 R
-309.3300228 -64.07190788 -242.5225585
267.0630435 -518.5786075 65.21634109
-15.24229795 -263.7813555 294.2837131
-228.8535566 -107.5288399 497.3693068
-195.0552359 338.9222068 399.1546353
-3.06303064 -187.0154377 139.3402458
105.3029504 -121.0587919 -46.34477209
-93.70738179 -536.3893232 286.3823055 R
99.92068405 292.534999 471.9869829
-209.0951892 -264.0589268 -442.2040443
-275.4358639 200.1094582 491.2670619
162.4624071 265.7682398 -69.81749579
286.7719007 -66.11357373 -418.3179519 R
-224.9926531 131.0977895 278.7956255
-188.5665659 -67.40701658 518.7675923
88.12243534 21.08887646 -36.65045243
461.3350158 -13.838255 -321.9924765
493.0766977 -164.7299715 -145.6888272 R
-262.4353916 -404.050642 56.93522062
-173.9177868 268.2463508 381.9378875
-134.7670415 -401.9533285 373.7223893
275.4739219 -42.17094458 425.1416325 R
-23.39610689 412.5492044 199.5799131
-107.8907254 -121.481906 284.3600884
44.94565381 211.0414781 -450.2739421
-228.9833041 -395.1943392 545.8941739
-58.6508317 169.3390413 256.1431596
440.639382 174.8536286 9.0720072
431.7718044 -536.3209802 309.1452219 R
316.6465753 -304.5545485 69.74892299
-327.3454119 -212.1480215 24.91027657
474.9351051 69.45766345 183.9508035
41.03652453 186.8806931 66.52192102
164.7181298 -154.1010258 226.3785963
12.58315795 212.6588244 -296.5786675
161.5811789 -490.4643622 -265.7242093 R
65.3518325 -8.680322662 -391.4579654
142.8706702 -397.2234203 -507.4574353
-166.9893723 163.9146171 -99.52449733
-245.0370267 -154.1444082 316.6758428
-417.4295432 264.6213854 373.9081324
-490.4951072 -87.0190911 -146.1194363
202.6648731 -8.97504645 -472.8505461 R
323.152046 357.6213241 514.224357
347.8900342 -422.4306071 453.6843339
-297.6687899 417.6259749 -60.78569304 R
-441.169842 -212.2692512 238.196321
-389.0533021 42.74282148 48.95227054
-41.79443433 140.983446 335.9867471
-364.8400765 361.4949808 478.159714
-441.9874941 -436.937159 -199.3784771 R
-512.3741064 177.2706341 -79.23311315
-534.5615044 76.64384706 406.6846137 R
424.6862546 -110.0747928 -326.2922119
407.9378192 233.4299875 219.8906382
96.00550211 -282.5769472 -94.46779724
72.03381196 -244.3204419 379.5910141
448.7259775 -317.0516123 -492.9373533
490.7983128 -21.41441236 -450.7154191 R
197.2543977 -458.888251 -455.2878623 R
329.3282585 531.3302704 -328.0746143
191.1111097 382.2396521 407.0602075
-300.0829165 196.3775715 -524.3981403 R
275.0655674 -504.1088359 -371.4546166
496.9080217 -283.3049401 58.74890049 R
-273.4961386 435.0324895 93.69546257
-39.14170403 419.8139232 212.4932634
-290.4933726 -315.4635651 -217.4297802
-119.6334462 -126.674896 157.8806445
448.8728601 382.0696768 -470.4998455
288.1514235 -459.7897745 -261.0734427
87.46613729 38.86933675 304.4665641
-348.8757766 -199.3072284 308.2588248
199.6563876 417.640508 -364.3431621 R
184.7285163 -349.609822 -57.55770009
-312.3588847 228.7508485 253.5332685
-36.15723363 -277.282236 242.1510472 R
-408.1458255 167.1876594 200.2259653
13.53245549 -258.8463763 -427.1044912
-399.4920286 383.9243589 -422.604302 R
-118.050652 202.5953982 344.9571136
282.3592239 295.0008252 -288.1924422
342.4227795 327.3026569 126.2883457
-496.4778088 -54.13949429 180.4577928
-97.24561094 -544.3937674 -267.8968157
-60.09799431 -350.9249218 175.2964343 R
-352.4634849 -307.6361432 -467.6456665 R
158.6650656 -323.6280417 524.9112695 R
439.706835 -126.3778903 -407.1956146
45.21465404 -102.9179657 -162.8481302
-186.6689027 345.3917358 -2.110751826
240.323327 87.36297854 -36.20570042
408.2175232 -529.7562194 423.3180921 R
-90.99500612 393.9385144 125.5318153
-14.4200762 216.8592347 341.4905537 R
-273.580994 -420.5923836 -99.52539182
426.1663964 -169.3046216 -234.0896701
236.9973679 275.8289237 54.74133664
338.0117453 -85.77498586 303.6677888
139.7105975 166.6802679 -164.4896456
-47.946829 72.33482443 -294.034272
458.156627 -473.2721967 469.1263289 R
245.9949152 528.2435209 -342.0835495
-167.7562967 -159.171558 224.2835633
30.76302462 248.9810708 440.6490734
237.8410972 -8.991075748 429.2506981 R
-501.8622446 -31.32206049 -388.694884
-135.5835585 -234.2522072 105.2236282
92.15794958 465.0292459 -100.1801594
355.8745808 -139.1280576 -158.3923076
118.8075637 182.2692164 -133.1082451
-24.93245348 25.88260007 -174.6129426
477.527415 332.1309127 -305.3337804 R
-173.7597835 401.7285135 -305.5152931
280.8963496 -236.1319245 85.47156308
526.1172244 433.3067829 318.6509389 R
121.9628486 -336.3905437 270.9935189
327.1481288 478.5844984 346.2343928 R
-448.3313811 464.4151771 -152.6619561
355.2591308 -88.73597044 400.9248992 R
-341.1406739 -164.1963009 -459.2687226
-12.59896079 -225.2068821 19.91272183
-225.3776186 -283.9040203 -242.4842008
-428.2851308 141.7192932 115.3077386
285.8249988 -430.647884 463.6453543
-485.1432656 -198.1687344 -380.5013106
-56.71219703 -282.0423646 -309.3423207
-306.6489085 227.5192426 -149.3639429 R
226.185316 341.555884 364.0330723
459.1577209 386.6422487 -48.63195332
-5.357944072 271.5548369 -316.2741916
169.1189417 217.947195 51.07502166
309.561217 241.9095773 -466.7385758
416.5880563 204.0325268 385.650681 R
433.1669227 -278.4657586 -31.11166021
187.1181423 -489.6157793 -41.07798246
-257.743435 86.71197098 -406.1464635
326.1083334 502.8423676 -457.9506288
-517.3949418 52.40920274 -65.67515814
-4.741577254 -97.7998345 515.6091495 R
285.7320834 297.2244532 342.3565689
281.0823407 -221.2741862 -13.92297592
73.40873955 202.9328101 325.3226738
300.0937344 -211.6886576 -436.4950073
-118.4095285 -50.90842086 51.69569069
-164.7929573 -375.2146098 256.2104293
-511.5282765 93.13516836 130.2770682 R
227.7458692 -69.59748475 28.85559478
-14.42780155 -543.0874319 324.6311009 R
-98.31834066 107.4610722 -395.4543309
174.7019999 426.3587439 -202.9445928
-197.5550628 457.7438895 391.1081937
228.7504065 -220.8442539 -333.9568807
-96.90756192 -287.8631543 231.2863584 R
-303.9757416 -356.8635216 -269.2582319
-44.82829456 163.9187717 -205.1034204
-375.4474913 38.13693513 -438.4079323
405.5453392 -478.227948 -193.4959768
-347.7661174 -395.9244152 188.4449082
119.0563611 -408.020883 428.6446719 R
58.05722948 -175.9230812 -6.553068892
416.8112866 320.2838606 213.3579894
-237.8181931 364.4220012 -453.4335211 R
219.4424201 183.0395021 -421.537154
66.51958596 -499.9560899 430.3424659
-54.44957893 -548.4153727 283.3916831 R
-200.5992702 -491.9301876 -8.250829507 R
38.20296608 5.985619238 -450.4608905
-449.2623294 -158.3676056 -5.29603751
322.0080101 -360.0540013 475.9129036
-513.5405808 154.5210895 -95.85743749 R
372.6924147 546.8728375 13.9951102 R
-430.3846127 -492.6205776 -493.4556592
-512.5672838 -516.8550351 -50.12772291 R
168.2424993 515.2302442 -433.9473961 R
-511.224929 -92.69914321 -176.6104293
-401.4030153 -343.7754558 216.7433707
-81.68642093 -109.1369771 -368.5433002
266.520157 -284.2532089 -211.7120118 R
123.1622552 -55.44046574 -149.4942283
-165.7947475 549.2394018 -355.0273322
90.05914553 132.4770604 11.80148656
344.4517625 414.405945 -327.3651891
-447.4679856 299.9049141 -440.8843331 R
-157.2002885 477.8232231 -206.1869774
-457.6886056 383.3467632 -248.1436437 R
-474.7051719 -524.7442076 242.4659647 R
-74.14460114 36.04613346 -118.9650452
-440.4105211 -323.1940675 146.9705222
-267.0616623 67.66344585 -51.76473509
169.0823745 307.578728 125.1467201
-239.7033157 -307.5862099 -427.7134353
-451.4323905 -440.1264943 144.7009457
-28.45701138 -147.7272022 -13.07238029
-199.0810603 79.62283852 -376.9310046
331.3388762 382.4767355 -76.83813081
140.4648332 -444.8382894 280.3293156
-329.0790853 485.4797203 -240.0237971
474.8888604 -212.4211101 210.6557532
145.4860243 365.4607659 371.8854288
-143.9517866 33.89915526 18.85829884
-114.3581109 -200.5520813 -490.1489075 R
321.3012602 -479.0042221 -402.6842324 R
-218.1184655 -208.3988584 -109.6794972
-232.4793646 273.089315 -484.1999685 R
202.3841266 -359.5001817 25.57128757
238.3224433 -357.6552005 -167.2429941
-164.5874907 -462.8517005 -280.0800769
190.4791106 -307.8495819 401.1268456
156.7603912 -389.7331813 456.9908824 R
537.513325 480.6067192 -338.8667643
-76.77547047 278.3275028 -520.7357346 R
-259.722012 387.5247131 -296.3349289
223.2496242 -171.6306187 -392.4416186 R
-243.6529227 115.3770675 -54.95748256 R
-34.45677042 -235.3815221 -256.3611627
-418.0666894 -338.1521149 267.8411353
204.1418628 -277.8808456 -226.1647662
-92.81052864 -97.50658807 -385.3902328
119.0089296 227.4203019 -458.0855976
-2.041538777 -140.6843851 -292.5377529
-469.96712 460.8724168 117.3657742
-427.1860602 361.7023305 -56.75851492 R
-106.431621 -337.1561108 -372.7483091
-501.9982287 298.3375361 344.1177453
355.8423876 94.36376868 -57.33750164
371.5029758 -150.2548971 -432.4566217
-322.3961201 204.3293354 359.082108
-409.3848805 463.380888 515.686485
491.3099859 371.7286525 193.3619271
-196.0357314 -194.9916374 503.5395645
99.19957001 -186.4195392 -511.6809864
316.6702012 492.0710416 -256.3859358
515.8215589 309.7522049 -91.2280157
-278.1549149 -52.23842955 -529.8137235
-371.5137991 -79.26486614 522.1083548
254.1297155 9.007380326 -467.5043585 R
404.9807573 -17.24901122 -12.55657122
-188.8492719 -318.7183645 507.1163276 R
-216.7369915 -132.1530748 -197.4665407
-94.6130123 -104.1680168 -151.9881294
-118.4938008 236.4897039 27.67293353
-455.3206123 -523.5971038 -209.1523253
-167.5232363 228.6179198 -396.6720481
-217.0048477 453.0318802 -387.1951885
388.6431466 402.9060928 65.79879682 R
-453.8680953 -298.2544635 130.4968558
-213.3540713 95.30150389 522.5268529 R
197.5948005 280.5969644 45.65112519
466.9869168 -471.4595651 75.56530497
417.3339121 398.908858 -404.3465214
327.6030794 23.62384635 -291.2747635
492.2572941 -375.713396 -352.8733859
-72.75208456 -371.9896077 -473.5850142
-200.2486543 54.86069656 375.38978
52.91211738 38.73439223 299.63162
-403.1703981 -516.4584137 366.1785722 R
-27.83324045 -481.2241649 74.32062924
-229.9927844 109.2343006 240.0230372
-344.0816022 338.7620042 35.7683243
355.5065402 -135.4679734 -152.6778529
489.7803225 147.1143352 -357.142229 R
-91.02808584 370.386833 360.7020308
-459.5619619 -304.4271053 -94.04505599 R
-27.00884582 -347.9938539 272.5616227 R
-459.6139545 -156.3135506 92.45101616
153.485385 -187.9565191 270.9315366
-428.5444652 1.274649276 -387.2417073
-504.6641177 233.9111003 -14.63086287
-197.4386476 101.9607097 -301.1877217
-362.0801568 102.3707669 -455.8043535 R
505.8134226 199.8385916 -443.0701289 R
-393.1143131 370.6334109 -447.5403707 R
-42.72453556 -524.9066458 -150.8635399
-422.3683576 -478.8993632 -438.6855346
-125.4324028 435.7223979 200.6827005
-180.3204567 283.4121848 -447.2423166
-284.9273859 -68.07223879 -386.1664718
488.6077959 -201.0658563 -338.1037125
232.234908 251.8530051 -514.7310538
231.1269391 -74.27613916 -221.819449
-83.58379796 -331.3170453 -413.556185
-257.2498163 489.185823 220.2263503
-19.31561388 -388.4985142 90.14062041
-49.34121862 130.7190151 -506.7864648
-482.7689964 425.677611 -403.1217747 R
441.4301775 241.1716914 -505.5762807
45.8986116 -284.2919544 357.4640433
-411.1664614 -466.5245865 -386.4979751 R
-398.9172405 193.8505768 -421.7495347 R
167.1363478 259.8818699 -185.4323971
-444.4751914 -188.9740183 -111.5623715
-75.31505141 -511.0422443 504.0565978 R
-9.653472183 169.9504174 -200.4346233
377.8364616 -313.0439779 214.9622016
112.8681736 -297.7771628 -255.6840542
483.7870908 297.6207036 -105.5148554
380.413835 451.1649133 -159.2806525
-351.3395083 -208.3611957 241.8239522
-7.360788864 -206.0282617 -114.0886928
92.53448414 -114.4877123 57.03747649
-175.1974992 -231.3430576 -76.65335276 R
367.7420195 -208.712972 224.1605251
184.7849227 292.8326338 79.56164938
-256.7237032 105.0961717 -316.6466094
356.2211599 422.1364687 -69.31778092
-298.2701355 90.35241322 124.1893004
242.8091605 192.7639953 118.6016874 R
67.21033126 159.1399278 -460.5687686
455.530194 32.72553258 -397.6512798
-64.78232383 504.7874274 -495.0326451 R
335.3739426 86.48928954 415.087497 R
123.531231 -269.7607982 -150.438349
133.5601149 273.4544412 522.131936
-359.9826125 -221.195372 -430.0661648 R
157.7089736 318.7765558 311.2211545
333.1699679 -6.127369099 41.33978534
35.38358296 -54.3925077 55.36860212 R
112.7909715 -321.2713851 -78.81820208
33.69886191 405.4892228 0.3769946189
338.6564163 65.93281381 -219.8992607
225.3500354 496.4370674 -237.4760143
525.0232304 -188.9813641 317.8282752
134.9832193 -466.6272196 -435.6899955 R
-324.3260931 167.5289866 -381.9190647
-40.73282395 -247.948185 272.4265989
454.8556795 -477.2137816 -325.4652347
-548.2413106 61.7001189 180.101226
371.8637735 -17.86489483 214.6157799 R
531.8821523 407.0411858 -363.7577495
-407.5486 11.93855676 387.5542318
-207.683888 67.95097475 127.6420022
-461.6765215 159.6341631 425.4063248 R
-280.3068705 160.701334 -170.1648098
-214.3592586 -379.4148037 308.8028234
-487.426666 268.2634514 163.0708373
356.2501913 -94.63613871 236.4726604
122.1019814 -286.4793511 -80.64493188
-126.3339919 0.8073030588 192.9918497
95.91713916 218.1349374 539.2462861
-428.7069899 36.24475102 285.5682259
97.03450472 -456.2300201 -26.24839628
439.9543981 -369.433973 -23.36811686 R
-62.65558536 -472.4698934 -348.8540908
445.5960362 -265.6397731 236.7879949
265.0623849 -290.5154662 397.5987246
124.4444851 -278.5837125 -434.0443055
526.6862364 361.8323959 -212.5578241 R
250.2587538 36.42308914 250.5613943
-343.7150296 -135.5331085 383.3731311 R
-207.0451682 -354.0653878 -279.9146785
-189.431409 -298.3491405 -515.4048599 R
528.5009563 155.3163711 -136.5571851 R
-72.74192618 452.5326004 493.263109 R
420.5083831 -481.6211654 201.2332984 R
-11.69751015 -330.9148453 -82.51352561
353.5685615 -416.0605324 445.4234174
-229.9743235 100.1123116 -336.1791758
-191.1918624 323.9076989 22.91678232
-106.6456697 -434.537812 282.4564347
409.0399949 -481.9173514 125.1126719 R
-135.9034392 -309.1603213 373.6817116 R
-226.4861416 -202.8432507 -527.9860349
-68.96887208 369.668411 -119.6166029 R
330.6868176 47.50458641 55.92359736
-173.9628632 -223.0652129 192.6928324
28.82190026 427.4703676 -299.4179618
-435.169063 260.4700707 -173.2123135 R
265.4552762 413.4610165 506.274213
422.3093442 -246.7695167 -283.1825203
-326.2362733 396.9734389 126.116901
-30.29105817 -212.1394441 28.77476809
-479.7496414 -324.1485759 -274.21093
-3.345801899 518.5109794 273.2924137
103.6696459 -449.7632558 -369.9764622
-378.6196955 -132.5689471 12.67905769
-84.23851733 -435.7527198 270.5168737
-362.3261388 203.1787718 -232.5241837 R
-338.7842196 -328.5433771 -314.3244314 R
-19.634255 21.24690022 -198.3015337
-104.7561925 203.7226094 -381.7048088
114.3384516 -33.94564444 -131.0016652
274.7278753 225.6304565 -61.78911312
-138.9589411 84.70845202 469.275899 R
-279.0555401 -20.13005752 420.4393592
-26.35726138 447.4424026 -515.6897379 R
487.1909204 -100.1047833 -454.4479577
-183.9412188 -361.150854 -303.4167231
-174.6690193 -13.98729422 -334.3125506
-453.7835599 -170.8228012 254.957545
-180.0459656 395.207408 -52.03507819
-475.0526844 -289.8372545 491.3421996
267.4345997 -84.52480425 450.898662 R
61.12764452 -318.9498211 -191.8346599
302.9147765 259.6770615 -40.83387093
-170.8516742 -314.30864 -404.0756962
30.58974013 -296.7006357 -422.9269426
-31.0573105 489.1979602 204.7651112
-127.1932492 212.5887268 220.380572
-325.4497356 443.9929925 231.5250298
367.3957594 -421.8102226 -346.173936
354.1314785 428.9679067 265.6538817
365.3345678 123.2646366 257.6085793
-30.94648888 48.52445486 168.1666821
152.7143924 372.1038318 -229.0578725
-515.2556809 77.51009443 377.4889898 R
21.13635453 122.6681084 -455.4864013
-483.7716703 236.6154214 -64.93703282 R
196.3843768 350.1161347 -435.081055 R
-325.5109523 128.725006 -513.1589022 R
211.8609563 439.0324652 100.8094433
443.3284769 -474.4702775 -465.58263 R
-509.6888866 105.5033405 31.34236812
-237.2976142 -493.5706906 -443.6214421
161.3304657 -89.59281543 45.03891489
-53.40137093 218.6125772 -321.2475523
410.4873909 -371.701134 293.7883113
-96.22687517 -205.4035976 70.77088419
369.4043185 -288.2088089 42.28125736
292.0022176 -461.8930923 111.8547962
162.8721294 350.7368887 -301.4496644
-262.1564962 -148.091548 166.1958066
234.5142498 -262.7467525 -388.8157681
-397.3405068 -462.2555151 143.7272428
-493.0398323 -77.5848365 -68.93910794 R
-20.36855905 31.15313066 137.6090219
401.3611704 259.949359 187.9922947 R
-128.0426976 84.02279375 323.7733668
486.9453464 -46.76953977 200.9793808
-441.802163 15.40626352 -495.8631607
-482.9284851 -508.4452037 -156.8381849
463.8850567 -41.09510891 488.6677082 R
-440.8555829 -21.33204515 -536.1633613
173.7691441 -133.6578584 -436.7526963
-530.0594253 73.33943858 -316.8984187 R
130.3487314 264.6011901 -197.1363172
432.980006 -398.7951308 548.3996795 R
-236.2353956 -533.8970531 -157.6480918 R
433.1179591 -266.3952046 165.4553156
-323.7640444 426.7484614 -483.2999765 R
165.6547903 -418.2833734 318.2299512
452.109224 -223.9230775 -43.38550906
352.4384802 282.5874138 496.3359409
-89.47502517 71.02712082 220.9288434
71.56684182 470.2998576 -136.7112031
-224.2210049 -478.9487415 338.2638759
-146.6697061 -243.5685074 95.64754015
-246.0978043 -414.0906473 215.9853852
-281.8389675 84.31848437 515.4148948 R
495.355186 -485.1229716 67.98885673
85.93259624 -491.461316 -86.33729733
-38.06589343 217.7390529 107.7555621
-315.8450328 479.697165 451.6183145
-230.1267103 403.6089456 -235.6500411 R
-381.3165413 -272.728161 -419.8373476 R
-85.80064174 204.3920502 62.56101966
-333.0514072 -373.0349504 -522.9933685 R
-251.9637102 -263.3076576 -453.2240792
111.4486812 294.6300403 -236.7238582
391.1010529 241.3617774 324.6935066
-187.9157658 -418.2412901 218.120183
-403.4808721 -482.4798041 139.1578915
-354.3091907 122.6096783 380.0689973 R
-393.932901 241.0221889 218.7768469
-37.77670292 404.8518547 -45.1131146
-460.7404074 -336.1588521 219.3138938
414.5179303 134.2825716 9.375870009
-379.1199487 -4.717165682 -89.69630054
239.7843795 -349.5328177 77.26309446
379.2832014 -463.6635879 -237.5511531
-346.1096292 -73.54317045 21.9580943 R
71.43107034 -306.4315893 333.8519675
464.5384673 387.5883549 193.1723436
142.4143613 -175.3329643 -420.7233949
443.6090717 176.3104537 6.739040335
-179.399984 -197.0006309 -430.9359377
476.1425601 330.2948356 -128.3919037
193.4192541 157.8900265 -358.3970256
217.2188581 43.4960206 117.8778612
404.9655661 -73.87007086 -195.9901471
445.007467 358.855335 342.6263079 R
275.4315347 -407.3243811 -204.8840943
158.5481042 152.5934371 365.9948309
134.3821168 347.560192 307.2050982
-290.3847029 78.15602452 235.0409023
-252.024654 207.891216 -263.3499184
-29.10849662 -226.0849039 -298.7177873
-514.1941197 -431.4650346 -218.3899061 R
-420.5539266 79.81637524 467.7486569 R
240.6191387 55.91207822 -35.8073342
289.4015451 -392.2085081 -75.16534059
-262.2254732 195.9713117 -216.4750319
289.9457258 213.3528727 326.130669
-220.9512926 519.2570863 247.3662746
504.2221105 -509.4012427 -243.4810763
-331.508262 -524.4663322 -328.1536385 R
425.0792489 -517.799264 -447.3616843 R
545.379528 254.1614922 136.7160525 R
394.6500811 400.5270473 59.65752368 R
-102.0028922 -67.09423059 -458.8857314
164.588428 -196.0188186 -485.6915772
79.16514235 -18.0977378 406.7350841
257.581723 -417.0145827 -231.4266494
-327.5139998 -453.3264074 147.191085
-166.8852142 414.7790987 -239.2718971
-312.4506317 -289.5944884 266.1835103
-199.9984218 9.215382932 114.3350024
132.1754607 -289.9675946 -292.1314748
159.1710406 -247.7414698 -241.4731323
432.849891 325.3469944 -348.8836774
418.4058292 -94.54742195 -343.8415187
314.6733102 -50.56830849 138.9246825
224.3448931 154.226892 159.6118902 R
-232.9091239 229.9835584 -199.7880242
-286.0975704 -478.5119512 353.5586682
-435.4446116 -433.6569266 84.14931961
206.6311214 94.15299166 -45.42550048
-148.1790248 -111.8653202 -101.215186
-328.5869509 -162.2984921 -134.6489882
443.9024316 103.4991707 -235.5497495
364.5175355 273.8635447 -288.6028661
167.6963197 -190.5081108 -308.1475344
17.59037521 314.4949052 -481.2462268 R
-353.9511011 158.5895843 -257.4212889 R
-17.22825722 153.0558573 -506.8596656
178.4158807 -177.2167525 503.3072268
-143.7060471 101.7904918 197.2768783
474.7490831 -288.9216061 296.744273
-297.836168 -149.0062464 81.19784965
-301.8981602 -249.4755626 255.4373617
172.9143575 -293.6947534 -74.07199319
306.9503974 458.1248459 -65.28509214
-134.3330856 142.9168296 -480.2514831
-167.545757 -459.0549097 -485.5430412
523.8031958 -297.3607349 -330.5554404
410.5168595 267.1557778 -413.4186919
420.7247782 -366.4555159 250.8891696 R
-49.48319539 -539.9444565 -414.6456387 R
190.7966993 -101.0503162 -449.7676977
469.9849526 -467.0291918 284.8013879 R
-248.7476901 335.3511792 15.37851768
535.297196 -100.68721 -19.00461834 R
452.5280422 -468.6084471 491.2337062 R
-39.87759424 -284.5516698 -389.6357954
314.3729213 -337.1113916 -461.4965345
-445.9389351 -300.9831321 499.9166005
-139.9123518 402.0289538 502.7198797
302.7662818 -234.3775964 -69.63414184 R
-378.344344 105.2881608 178.0033164 R
87.74759627 -294.2044571 453.1245912 R
356.4538363 -452.5959389 81.646006
-256.2446968 -517.451284 421.2887414
415.2747824 -324.1041939 -125.2172834
-466.7817392 360.8370995 4.205397695 R
-38.44408774 420.2674668 395.9269854
-445.929043 -395.1598898 419.4644941
303.5499258 -375.2580614 -439.4254818
-278.949255 522.2456215 -481.5207181 R
314.5100531 224.515549 253.2760341
364.709526 427.8807704 -474.6352095
-369.8472735 190.9122251 161.1486887
-391.1912573 -450.809216 -473.6780654
-424.5942222 326.6790913 397.8252161
114.4918648 403.7463811 390.5858156
110.2498125 -514.6296639 -49.82942675
484.2674675 -372.2969263 -48.43211137 R
-256.5974964 176.2328842 -201.3662593
-402.4670576 -516.3163215 136.5885771
304.4506309 375.27925 -235.4909971
-209.9427814 -469.6108428 131.9650577
280.901728 315.5027791 -332.1037183
-77.54889863 -42.3403356 196.3194432
-265.3628745 -28.25505518 -237.8253958
365.5308364 -373.0861977 -117.3706548
-34.78302828 -370.9468731 201.4953637 R
421.2412245 396.4213816 90.62567423 R
100.5323165 441.8730979 -114.0349199
-188.6837427 168.3745686 59.99613612
543.8816028 163.3025012 114.3393404
-315.5697842 -380.4977473 -42.03247683
62.58450429 262.4678748 -60.4635351
-267.4564644 -269.0123807 -384.4038889 R
88.70432124 408.8776987 471.4263314 R
135.6459613 257.1845936 327.9211211
-182.4827464 361.0487291 -374.3897294
-2.237127278 -325.2504689 -107.7808518
242.523178 -13.41229608 424.5333686 R
79.96485263 237.066844 444.8780482
43.87527543 44.31526142 182.9114313
-31.84796214 -57.33076067 -285.9552371
58.93433071 -167.0083272 269.9794893 R
-157.9467247 -354.2324677 439.7083089 R
-194.2817053 227.8756747 372.9310129
520.1401498 278.7438033 -319.6100516
204.2924032 -298.1320878 468.5647219 R
39.36257281 216.727332 -520.8167532 R
458.3670045 -356.4511008 -72.18162818
126.2557205 -390.5608107 198.1285338
-95.49538155 382.6152023 105.5954996
-41.38426268 -341.3951051 250.3034345 R
-239.1154037 489.6388109 -380.0511586
-67.96902553 334.1900354 -404.5424435
-2.375227645 -457.1560286 319.3102519 R
452.1170141 -98.49610064 426.7650299 R
497.5579238 317.0392515 -5.250938011
79.40125283 -233.0396516 -143.1356029
135.5399682 -1.39851027 -36.96080559
-209.5573338 40.67100155 30.54397233
349.6927437 130.9289152 -93.88924192
-143.247915 485.7972094 -3.202254979
429.181248 405.8089031 -158.6082034
-383.5105219 -433.4891531 -224.2933918 R
-434.1838467 516.9390588 433.7502884
381.6466572 -263.162914 402.5274179 R
107.40329 -22.48263005 -512.2506493
39.90154666 -50.109207 385.292961
-298.7363721 403.664253 -372.813035 R
242.8663467 35.88001052 483.0222779
-123.9432369 230.8438469 -156.2722387 R
262.9404164 -447.8567604 -402.6713681 R
-328.6943505 102.5836216 359.6590562 R
144.3453951 473.690842 -438.183238 R
-315.0057587 80.4909685 -448.7877763
-300.0349701 -169.4770588 -500.9380696
-273.7939244 -475.3831707 338.3375452
-112.3750469 -473.24529 -356.9250141
-102.1780481 -12.66063656 -319.7605413
-404.7138843 -321.889609 -505.9908687 R
321.6738418 501.8966061 127.0901636 R
-487.3042255 -545.8586062 -359.9241776
-183.4471125 493.565754 161.6883807
298.5182014 -168.3009479 -207.4581026
433.1513349 43.82842425 -315.4317584
-102.6290877 420.5024152 305.2824619
-278.0473991 -192.1055754 -473.7930394
246.8994697 178.8543947 -107.8133096
-252.5632467 -114.6182138 362.1550096
222.1794625 -391.618266 -349.387679 R
-436.5686722 -57.06627459 -477.0094366
-104.4832023 439.8620725 302.8847421
219.5389889 414.79256 -300.2904639
-294.3952312 269.6744809 -428.5963161 R
252.1019037 -471.0744463 -352.8293709
71.89974189 -341.4087097 -204.1903564
138.7836793 183.9173911 420.7530398
15.99832553 147.9774339 178.9845958
-474.4654113 -288.9108968 124.3843175
-298.974352 193.3077648 -143.938227
348.6250959 -313.152603 -64.59393315
330.9832994 -513.3299284 -419.1864935 R
45.21218974 -162.417854 85.89963476
101.9114149 -489.5812215 0.7553336369
-394.6758724 -206.7379584 -27.63118885
283.5662207 -230.5010194 -427.9934332
379.822025 -33.52878967 -415.2953418
126.8100254 430.0579886 -34.69491017
-424.0506473 -455.8842607 146.8203963
-71.69112994 -334.3276061 -151.4014944
327.2742865 191.4805868 -237.5370597
85.30222632 -51.23930851 -409.3588975 R
-168.3868619 415.8407924 -439.6749263
-9.049280578 -404.3419368 458.6806138 R
-314.8565582 428.5590261 410.1381531
-145.415485 146.9018372 242.9844909
75.2285155 54.58150191 378.1121054 R
501.8833661 38.68336449 -79.9743219 R
388.3882474 -239.1069309 477.6159689 R
-488.5367504 304.9670812 35.3677593 R
-511.1161263 -196.9330627 -326.0424472
-298.7712104 -93.22389853 -140.1193927 R
-367.392916 512.8234042 -322.1688335
486.1305503 495.7297552 -278.3982827 R
-157.764445 -327.9366417 -481.5999239
-419.3311699 -434.2989177 505.8506051 R
534.4479466 -108.1450593 -446.6489547 R
143.7873261 53.21633946 487.6038011
101.0110227 -128.2851133 233.5565799
-171.5298744 -278.9227584 105.5857702 R
159.6805909 -182.3389314 -359.6539729 R
29.07676999 461.5704423 476.495241
63.95943345 317.5504483 259.2632042
401.0761339 -110.0548654 387.6420075 R
-519.9851322 399.7264384 -423.9722276 R
-47.45006532 216.2392204 357.8602868 R
-306.828831 190.9880722 320.7612322
-173.5659493 302.3283869 -275.1913442
195.4729424 -371.4057344 52.57583855
-66.50520038 1.952427858 -205.4227304
-54.28292755 -420.3475457 -50.00728237
-265.61809 -40.42106442 -449.2683796
-433.312591 97.136613 328.9343287
-548.8152021 -431.9193793 409.3738183 R
380.5999701 125.0376465 93.65554361 R
496.8908181 337.4260937 -371.7140251 R
-317.687181 122.2291892 -496.01633 R
15.74828745 191.2850582 -314.6511552
-359.4334576 -206.8716561 -57.44401691
-330.4706812 -102.2715761 63.43233042
-125.3940894 172.3218535 -274.667836
33.94253969 192.661672 372.6168435 R
-529.6882473 101.3184802 302.1208815 R
-113.0011496 -140.5444669 -187.5809574
474.0219794 142.3312755 -84.82515968 R
221.2229558 -94.94350921 -261.2147248
-470.3296535 269.2961746 329.8328499
451.4721766 340.721931 224.2078466
514.3377018 394.4931908 -64.72730583
-15.96518478 257.2373047 -329.5578971
-141.8723957 428.3434831 257.6808228
415.5064329 -42.44533308 148.7983731
295.0527472 -4.235057361 267.2192029 R
355.6412634 473.7041508 382.5607615 R
-455.1183157 456.8859985 365.562454
170.4477053 360.1355852 -91.46376598
-358.7817908 315.8508843 406.5027539
-479.1828623 -69.24474059 360.0573771 R
359.3460468 -0.05586305609 454.5074573 R
209.8500997 66.49646727 231.4096955
503.3779831 496.94316 157.0844106 R
235.7746513 -184.6600946 42.15043779
515.9714264 -130.6867912 -311.8753269 R
467.713699 472.6897747 76.725915 R
25.94129165 155.3692487 -130.3718831
-280.0692807 306.9301633 126.3257384 R
-476.8796419 183.1555534 -476.9934267 R
345.3860311 -329.8945747 -452.885559
234.2849118 248.0153639 -490.2158073
515.4127571 -6.625333378 -328.6099683
192.254806 306.4317385 136.9942389
65.13873311 -93.29819986 -528.6341246
323.7036031 340.4254155 513.363317
-356.7153304 -412.6610874 461.8394677 R
-27.47380701 195.3978155 299.7430727
-7.593229907 375.0649293 -287.5640934
-387.101811 450.5168806 528.4811947
141.5692366 170.2609694 -174.1496324
477.037935 -403.7001897 498.3603087 R
-55.72955971 101.4658597 -84.82560725 R
19.55373972 264.2628618 258.2089653
-504.1137438 186.2740151 29.38425199
-307.677191 260.5049609 400.9948473
-12.53419592 -512.1025291 520.449873 R
-241.7375689 68.97302015 -179.1172473
-303.4640872 -499.5762281 -104.893514
-227.1539267 -423.017661 -317.0023579
-217.6696348 -508.7163478 137.0972504 R
-156.1511825 435.3835104 128.2842634
269.4975883 449.8200107 -310.133583
-392.2855411 60.68778099 229.9870902
180.7262773 -466.229426 425.0922466
278.8343118 366.2345648 -430.7711274
247.2403483 -526.4091509 66.36116329
447.9091599 -191.422738 -331.9488442
-347.1655941 461.2783644 424.4282161
-123.7694601 205.9069318 -123.2309864
-367.3962326 -465.4157332 -137.7251375
485.7344546 -458.6132708 -522.676175 R
345.1876916 75.70057303 -504.7653129 R
-58.13173476 111.0063168 157.9231725
-347.8147469 257.4560223 454.6167596
-145.0452135 -350.9061887 -212.4988461
-2.752195514 93.83545955 100.0913058
-141.241443 -184.953323 339.6382464
-489.4172543 371.9056019 199.2678315 R
-270.5622754 -374.6323062 -263.3203015
288.4611125 -513.4793724 447.6745833
498.012888 -282.667895 534.9726548 R
-44.65383995 11.46050878 -67.35548494
-187.9236686 -290.3489557 -107.950388 R
-257.5515669 26.51739027 134.4932468
-124.3923239 -249.1308716 -194.3979803
71.0556106 -270.9424003 159.2882108
-310.5057148 -115.0149947 -412.0032878
-175.8379468 411.8460313 -400.9471108
-321.0914228 361.4711639 -178.4590243 R
-91.21394635 -471.594953 -394.1346378
-11.36405574 -21.61059361 -3.499803266
239.5562951 -157.7231687 61.52529639
-246.4340807 47.35938189 -475.1183721
235.3267357 473.1432975 -74.95864114
-368.7588812 386.437 441.2577349
-279.2908976 -295.339875 -223.2933851
-461.5681443 -20.73927987 -41.96855923
418.6232302 310.2352616 -67.36493285
452.9552807 -139.6383884 -359.9737952
-34.50944438 78.23378397 156.8087984
248.918162 381.4105036 -276.3926686
524.8922814 296.9385247 -467.167607 R
-436.8718205 194.3642129 41.25111544 R
-267.821676 -153.6419663 142.7722194
-363.4571069 -276.4715514 435.0788553
-376.141036 143.7075973 185.3700313 R
-311.7559245 -34.32529763 195.8121906 R
-28.47391562 323.6827052 -387.8642712
-380.3782588 488.7482186 -4.62636285
428.1108068 399.8975455 -314.1921161
269.8651313 273.3633849 -385.468328
45.78825224 -201.0769971 -427.6518609
497.7617302 -437.0571812 29.83353923 R
-459.164097 -476.0018797 -144.6035606
-30.65510705 -166.3887528 -159.3844366
435.8655211 498.9294179 -333.0498503
169.706573 -101.8774817 127.6876464 R
-195.6785885 -375.3478664 -159.1056988 R
192.4992767 371.6734118 367.4623042
15.62951292 -85.64683594 -375.0291321
-239.0275889 352.4113396 -135.3047055 R
-470.7174587 -24.13640784 -364.268387
-35.22639791 -81.20378263 -402.9463682
545.4310766 -356.9392177 150.2823113 R
-502.6137608 -456.5513629 -39.13071305 R
-196.5646275 289.0023126 -467.0197599
294.2973558 -112.4749372 371.0519737 R
-0.5512933316 -119.4275298 444.58017
-163.7356425 424.5637865 -195.5366905
123.8111038 135.868292 123.523293
-245.626503 68.189499 266.2672559
93.65586925 312.8858393 295.0253994
274.2941623 307.7100739 43.37532724
-402.7486573 513.5319551 -92.01569823
-263.6402844 -224.6023917 -351.7477508
63.22423615 318.8532525 -144.5120597
160.108862 -135.5046763 65.09265769
381.7049723 -113.190523 208.8820852
448.9622856 -474.8778068 312.2442812 R
-41.00753731 446.4479215 222.1723202
-305.176211 -21.11656632 378.7524828
44.99257941 -125.7740602 81.41014675
-277.6651114 -283.9562741 -135.8268811
-386.4636354 -413.0605297 117.867387
14.81364617 467.9259815 -375.9787738
-58.75303267 -74.67525423 -146.8493191
162.3461648 -367.3001101 -336.7825802
-350.2200886 253.2341451 -384.6799692 R
-253.3528936 442.0417241 -364.8234077 R
448.4093748 -136.5943221 269.2752931 R
424.5460246 -14.42488283 109.455856
-352.0860263 -102.9874858 -377.6632455
-250.7286417 212.1107825 65.68396529
-325.4216028 220.1227337 430.7676714
-4.380336236 -167.5539821 -446.2737959
-427.9160795 7.911166328 -67.99238366
219.7492854 -327.619351 -287.3544659 R
278.916436 -224.2728874 225.5884328
139.4848267 410.484492 260.3973106
19.77321626 205.2259168 315.7457373
-412.5151057 291.9212483 -297.2465366 R
-84.09149224 180.0759064 -219.5472699
36.79059478 205.7626209 -168.2468607
478.9248858 171.4293511 -501.5254464 R
30.17549392 323.8310311 -225.0154959
-56.88472719 -201.055151 -407.1311284
-243.7974225 -444.713114 -235.8629614
124.4651163 -396.1444238 43.13842299
-481.441745 -166.8208304 274.2634403
120.3961246 164.1220657 81.84371053
424.705601 241.1865604 56.86827213
-338.5458776 -156.7628098 60.0807367
-8.469300117 209.8928869 -176.6473917
-318.0914938 229.2200718 493.5894957
-325.5850788 -407.489689 -63.70314493
-96.07591826 340.1945658 -274.5933587 R
-182.2650762 407.121626 244.0170072
308.3932828 -321.609327 -161.4221749 R
-461.5304379 -202.5101304 -397.7532352
219.0117434 184.7756777 -501.6717148
213.6587726 -304.7872003 -165.1641593
412.6603466 273.4949166 -46.44317064
281.4892796 412.42816 -323.637575
175.4812371 183.5771205 -290.3757002
-193.5212747 72.47810624 97.60816502
-452.5798115 115.8150639 292.7700551
194.6451188 -77.67174054 541.7213953 R
452.1875912 -26.86687736 -63.82743637 R
-334.0928385 508.0299446 -283.0362042
-397.1320867 -68.734316 2.716782741
-470.2837674 -317.582337 153.8400926
-282.4560716 435.2748917 -516.0448737 R
-7.708407397 282.8981078 403.7044596
125.7300456 101.4036507 -187.3468369 R
264.6288983 -308.512 178.2197472 R
153.2486514 -49.72211502 403.4896599
296.1485999 -420.8646238 26.66908578
-266.9302533 -387.6685598 -362.4188659
428.614574 428.4383403 -165.6558767
209.9596119 525.593023 -176.7944559
-398.4349091 65.17629523 -49.68475091
-361.4870721 382.7749771 -409.9573848 R
174.505962 -386.5132946 477.5069455
-407.0327431 -486.2395941 -465.9004674
120.2000939 -198.7747077 86.32236711
-485.5831341 -321.2855344 252.5013806
-18.8357867 -247.8640456 -516.3639843 R
460.6117823 -94.9788069 -186.7554369
-462.2941545 -41.74710658 -324.2658442 R
286.5600346 -417.3574216 15.46257335
462.8846121 335.001823 -493.7952327
-339.5630262 -135.7287789 -155.1587951
-51.67718675 -396.9298463 29.73835949
289.270992 79.23066893 169.9489728
102.025985 76.62054542 30.19822483
357.2536619 475.4209567 -445.1654089
541.7364385 389.646605 399.0953139 R
-43.56017013 454.9944894 -435.168813 R
-99.73715897 -472.0805732 -135.979087 R
-501.7661937 34.33462811 12.5242229
-161.5892783 175.093204 -253.0841335
-151.795789 -443.9885243 315.6704698
-45.36921135 -38.08815663 -472.9217691
-137.1238617 531.4706529 -368.0034307
-184.9358737 71.61805639 -503.7349424
92.24535139 521.5544658 -1.954985445 R
15.74166308 542.3483325 490.5562249
181.3973034 -20.06797597 440.7246801
-114.2714464 -18.2004481 -13.94836232
-276.9206364 -249.81057 -78.35767559
115.9523044 469.504115 -257.2876722
-492.878262 216.7730496 -227.9784507 R
41.54192104 352.5324049 -262.5635789
-185.5972041 -159.9657628 328.4120172 R
-389.4454301 -399.376129 -16.2216853
-125.0495082 -15.13029431 -10.04011342
399.3039757 -140.740962 510.1032024 R
-129.7223213 -234.1716595 -503.6124119 R
-247.4144587 -260.083603 -318.7348149
-492.3979326 -309.6308164 288.3527463
-195.1873615 497.01773 292.2908221
-249.5251066 -288.2471852 240.8848532
-165.1551721 -289.7103386 29.59476084
30.33215612 132.6762091 507.5786711 R
-113.2929481 -188.817521 -341.9794639
525.5082187 -382.3131181 101.9406864
172.386922 334.2680272 450.0334873
44.75044594 -500.8713708 179.6135901
15.1887774 133.670722 278.560338
-347.6284562 -446.2093619 122.4618933
-108.0396129 -218.28886 408.443717
258.1393657 279.4296233 126.6284833 R
132.9919602 282.2585646 -46.06795802
-257.8975155 15.09115288 210.2393035
396.4288706 -265.4808287 -27.20194527
-33.870833 -77.66385574 -75.24965821
-347.9784928 -463.4501687 -161.7764079
-39.33427545 -257.939333 461.9903253
-346.2280575 -82.77415033 147.1353095
-113.1147391 178.2323108 432.4609216 R
-21.78441242 -431.414882 -71.48731738 R
182.1670081 -498.1845652 17.63742176
265.6487834 -485.1818702 -341.5539796
-89.07200019 -470.4277584 373.3756248 R
-301.8399894 -131.7040172 -407.9556509
136.6971703 27.10793942 -462.4670991
-199.8952897 48.44875328 -392.1319647
227.5608225 -436.9894165 -240.044701
91.80332837 30.53021865 -458.7353859
302.701258 -349.0926096 285.8258457
328.163822 5.576234584 -521.0992683 R
245.7966707 -316.8346508 -496.2053679
229.3105068 -159.2198836 413.3679359
274.0600202 -134.5738708 -221.7266735
296.0795149 -135.6125374 -85.9176605 R
355.3983661 -497.0677706 358.5341151 R
99.23776117 -278.4138801 493.7343822 R
-424.4649822 430.1440947 373.9456324
-71.50497102 -415.0244905 170.3841475
193.1427251 -369.4911015 -315.6354445
44.70808281 -406.2814965 176.1294598
-399.4461237 -487.750871 112.9815195
42.94373945 50.85586632 374.3526237 R
273.1152683 -442.7493016 -86.92823731
379.3515315 -503.6001479 354.0777242 R
430.5531629 -378.433396 527.8316814 R
13.20455461 68.06587099 278.9930931
338.2765417 -398.0216399 -290.4855588 R
-169.1549096 364.6961371 226.0474943
411.6516679 457.5920061 185.3079363
291.9429015 -231.5268228 -387.8786498
-348.227087 351.9267299 -40.42618618 R
142.9900371 277.3335338 263.5750553
-402.2449627 385.7977464 -286.3161361 R
-531.8861381 46.60235386 277.5998705
409.1662584 475.730361 -460.8692018
-446.5788173 530.624161 36.28576038
480.162458 -402.9709146 -433.1751537 R
-62.71136977 -128.885083 156.4935171
469.2142736 -156.2110355 139.1278269
176.2818202 193.9530399 -324.1322311
30.83211298 519.1690519 457.304146 R
-163.7309431 196.9215004 -309.5293759
-82.91238237 487.2808017 -135.6449164
-396.1492442 175.3537707 -241.1430863 R
-35.7514754 -442.8273738 -437.5715234
-512.7198971 421.3097707 302.0456094
-425.8286337 384.3052914 241.2911167
517.9376654 -213.4716788 96.3505218 R
22.7544443 135.9949308 87.96446008
-523.1377216 -29.68277705 -286.9286944 R
279.8923782 490.4839174 -415.9883735 R
-421.4144069 -272.2064396 435.2882945
162.9191577 399.5751569 -37.71259571
-335.0331049 -432.3357912 49.66425395
159.5627244 261.9312134 -486.3049697
70.98927197 -180.5604749 327.7664187
-131.2496835 18.63590181 -61.14491318
-171.0022859 -28.79210551 30.8413442
-317.4751271 -90.94588161 265.0167798
169.9812309 95.84325625 493.1376209 R
229.017418 -182.6539832 432.4042131
483.3710917 -443.0807486 -319.1004598
100.3517302 -10.85984324 -487.1827662
-145.34461 465.1809015 -173.7431639
-153.2305846 -91.56870523 -223.3305234
-155.5184474 88.43951187 414.2844965 R
-175.3578618 384.2470814 -29.25828883
180.6166563 -79.01487077 0.9418261454
151.6980544 193.0606588 66.12796522
-179.6311896 262.7210689 -80.6785493
-394.5886675 -346.476142 -132.7250329 R
-258.0388621 142.5220978 263.1076232
-211.1826197 -425.2316496 177.7893838
117.8691433 -67.62212932 -464.0748344
511.9456422 -489.1016364 -170.3912396 R
-492.9702923 -229.8899336 340.8046419 R
-48.08466294 -149.8978265 -252.8553514
-13.26386473 -366.1940433 -201.1680577
478.5520163 -277.5114178 275.1756345
-278.4306175 320.029477 -321.560429
-311.4947575 -394.1786592 291.5057134 R
39.15576678 -429.3221189 226.2072001 R
438.8166777 -233.9030822 -503.3208402
-139.3566993 -190.494755 367.1654841
423.3562862 121.9270394 -442.0175418 R
409.8238545 124.8940855 195.0650559
-337.205435 -218.2724744 447.6026502
150.7479441 423.2473198 -150.5301986
-182.6801297 299.6680168 -10.15641423
526.8444836 -40.33393032 -323.6638813
-162.9081381 -215.2204183 187.2790312
21.07531468 -153.9936708 -54.20314625
-119.9280932 -39.66849623 433.4916737
218.2270535 -76.33817062 219.5784514
-457.5839604 -474.9600386 93.99293579
-308.7977812 369.9590548 516.6248661
-51.55913753 -498.117204 -61.83909311 R
160.5849477 135.0701996 -344.075244
-286.1094109 64.27148793 338.679635 R
1.524817286 -215.2094372 -52.46878748
-248.1328791 -190.9784265 280.8950428
-135.0760161 417.8271517 448.952321
452.7072302 -79.44915716 -339.960991
293.7320599 -273.2115997 -517.7227186 R
-0.3314452629 153.1022712 70.20236201
-18.07697854 -417.0126996 -278.069118
255.7984681 -2.767061364 166.2655389
-84.50925581 -302.969978 -539.7295435
434.6665195 310.1076199 172.0609946
289.7033712 505.6571612 250.5613674
381.1300259 191.4776356 -495.0943764 R
421.3133068 504.2528099 242.8115582 R
23.11880171 449.9878016 173.953617
-28.78334114 406.019958 -456.0457106
-119.9677504 -312.0392526 -428.9667805
515.7148155 -86.12999595 147.3366828 R
79.46844103 -404.6851502 -501.255144
308.3026274 533.1698059 210.0517607
-518.9789761 -409.0149323 383.4018719 R
358.0470757 -388.46112 -117.7132668
-475.670744 406.6205867 8.403571283
-87.83028204 -108.1657352 -49.27935075
198.09223 -427.1718639 214.2276705
-273.6760492 352.827591 -221.1888374 R
308.2553145 485.70671 222.5781131
-372.7523046 -86.31607191 469.8406762
453.2379087 -42.63211748 45.5858511
370.7531738 -170.6146537 -68.98154817
404.3513932 81.91840991 459.0583853 R
448.2308609 334.659715 -68.73619011
-371.2813733 -240.5407041 -414.9020199 R
-12.6947551 276.6011595 38.00938845
-377.1981345 -80.76151076 -409.9942932
-266.2525466 146.7452808 420.2095054
-92.4523458 -487.3552991 -243.5051298
-392.7361 40.87932303 65.07184399
423.3992543 -215.1706857 -265.917776
-305.9827851 -194.7692544 -156.7014871
-117.9086717 -127.9242744 -138.5038954
227.8266828 -514.3036927 -335.0421692
336.4119066 294.1931649 -438.1287024 R
-70.8660109 -438.3249101 236.8870534
-82.62149408 -157.9432169 -391.4503486
201.6683141 -522.6575943 427.1851232
54.00243628 56.137749 -272.8961358
-249.3158376 -318.8173926 421.3553244
65.62319687 -449.3466822 19.05034746
118.5414456 494.8819367 302.2006329 R
-116.7575707 -301.4989393 -81.14981773 R
-165.7042144 -100.9236031 -345.2088764
-23.94739753 147.0767372 -487.0791726
187.9341224 539.2691564 273.7611034
384.9848553 7.042409822 474.9700807 R
467.7251351 499.7985451 496.0407209 R
87.22135979 -218.6602532 171.098148
-223.7202355 101.2318804 273.1157914
-527.7465607 139.8094812 -72.99765711
-367.0553441 -51.50402336 -342.8983004
-69.26919877 466.9660196 10.39199409
452.8529985 208.3517448 31.12683969
436.3844808 -16.42589843 328.1535621
-415.7873734 -323.9105879 -384.3089084
-520.0835993 419.600648 390.9391835
-297.9473008 -312.0276263 475.0905605
-462.7275079 -232.6805646 61.66130938
-11.39669868 -143.0120595 310.5590012
438.9603203 -79.67925824 88.77690127
363.677101 -40.16261733 -434.4826616
124.4698588 -493.0187232 194.2431627 R
-12.1679228 279.7254569 -226.3990749
-438.232 369.8237388 -128.5109237
340.1555208 -414.6774424 99.09299635
-402.3549091 211.9676055 -188.3748863
267.8478062 -76.89588387 -303.4914859
63.49350465 -240.6361721 47.45217864
399.4677519 131.1415885 312.2398723
135.5922656 -476.8857592 241.043752
-190.0001822 -123.8420585 248.2720816
13.64952678 -368.1578715 500.2084797 R
-281.17982 -338.4451636 26.16471782 R
-374.4854347 399.9701743 51.73614396
-20.52126557 349.1063639 -287.09463
301.3462074 -70.57738075 -110.4020712 R
-164.7386187 54.03996783 125.3806575
101.9297742 -289.4023963 -274.4411698
22.2241914 139.1188063 410.5227598
-72.25786278 -235.4382476 122.6486119
-271.3565754 24.22520693 -463.8033153
390.1105885 350.4548795 -298.7912446
-91.66116025 391.858613 -461.8506717
-229.6538069 423.1101209 -502.2228769 R
-108.8689431 403.9403371 -302.8681258
-111.5166852 494.7319378 209.4526626
-174.9595467 15.39025159 221.7898281
-359.631216 -439.8399375 227.369698
475.5911818 -326.6439992 -153.8266723
-217.9840927 -470.119244 329.0386922
-485.9424436 379.9703709 59.81966591 R
-272.2803903 266.0881846 163.1449634
-205.0295691 250.7461874 445.92294
101.9551507 -330.8900592 176.9896582
404.6138909 -313.0510163 -128.4980866
-500.7479832 -397.3240807 361.4640633
285.5435193 52.74145957 -421.3770378 R
-275.5628669 -360.9972923 -533.4150133 R
113.616478 -448.3319242 -57.57107447
506.5915298 526.2669427 -142.6149869 R
94.10110142 36.80890993 250.998544
91.79758986 -142.3112021 -300.1531458
-488.9865602 143.5857677 110.2100202
140.9299481 -548.7379846 -136.1721499 R
-221.5976655 225.1743106 -102.2119237 R
401.9564977 -223.0275264 418.1872858 R
176.4282108 199.5688464 -72.34945069
-454.4384312 530.923913 363.9067667 R
-277.8189292 -400.0109861 -56.60033861
-299.2328768 -406.1256395 -13.25491391
248.1094686 353.9190692 501.8369109
50.20988469 -364.392207 -293.4361386
441.2028274 -32.96181322 -162.3549113
-306.0995725 -104.122926 124.8925285
484.7219656 385.2685608 -501.9385921 R
-141.2733463 106.5840454 450.583322 R
445.9217977 386.5256839 -117.161832
35.38024505 280.2960871 -93.09275977
-144.3392175 375.6819142 403.4340953
0.01634782512 -361.1410363 473.1482486 R
-218.7370741 291.5144534 171.1664384
-415.2450881 -129.4961569 74.37722812 R
259.5777216 -175.8256046 -68.40135273 R
-256.9722403 -375.2051694 417.4005474
451.3478917 347.7388986 500.7360561 R
235.4135679 -201.5204135 392.8752428
265.1500674 -111.1779952 430.8408487
470.9260971 439.5505859 294.4473445 R
-443.1525299 532.6273269 -141.6617658
-473.5134936 -448.6399268 13.1893574
375.5021544 -425.4661022 92.71983635
434.171042 -287.7815111 212.7213287
-226.6920147 -206.6343375 -517.3214096
-227.0689898 420.8173856 -377.0531617
517.7467549 4.652724871 -164.2777948 R
-342.2831328 74.06130572 302.6672418 R
398.4328906 53.58069211 40.760663
330.3006451 -385.9277171 487.8171179
-304.2486946 15.52144791 250.5466003
-294.6964179 221.1271143 -231.6844289
225.2346024 130.4684386 -355.1294105
469.5256505 183.6052752 505.7745711 R
-359.1342895 507.956415 -149.9121883 R
-12.24679955 -296.4026407 -364.4830889
-412.8467145 216.9140009 446.9373545
179.8877801 435.6215701 -46.47044189
-467.8369085 275.3639304 253.6076577
470.7983899 298.0913316 -226.9418262
461.6305886 67.16365166 462.09909 R
133.3757036 -61.92649113 267.1602054
259.7883414 -393.4057218 310.3404938
-143.47412 482.1947429 -286.3199923
508.698084 526.4923614 -361.3718843
469.722136 174.2358846 -494.916575 R
388.1942521 -277.7534495 -356.5756616
-94.16939706 447.4190917 290.7739725
290.5509131 56.2290044 325.7721095
-425.7585714 -454.4133598 -39.96804866
504.5993496 174.8882353 356.4338429 R
182.7174627 460.9777364 -542.8604482 R
-475.8732279 -35.73307824 -466.5545034
-371.1436532 -117.6443636 396.8695744 R
341.6156928 -396.5492673 386.4387992 R
-481.1214947 -404.0399921 -351.3943569
304.5102048 -72.65981203 214.5581488
-442.6520445 -320.8540741 -132.5036721 R
483.6231293 36.64843963 540.3081506 R
-530.2533448 152.7415539 -466.771349 R
-306.9576442 -470.22015 -76.36381992
421.7979759 306.8475215 -245.6271247
-413.8042851 475.0645265 -401.7331658 R
-413.8610613 502.9088264 -308.4574498
244.8385805 -362.3880088 -14.812647
421.8804593 -519.6861343 347.5028228 R
-255.947138 -74.74966571 161.4933344
309.5832428 151.2997082 335.4340451
-443.3822876 -190.2136303 523.1177302
-141.940938 -475.6457533 284.0801038
-400.0044753 -112.722935 -300.341702
463.1508091 -374.5863279 -314.6873084
355.8347629 -99.10800041 112.79646
272.4827994 459.8454587 5.165402977
-478.4493253 -320.610357 -262.9734472
424.8683638 -499.0539207 513.0479361 R
61.88506817 46.09780411 304.8902961
-264.9118726 375.3629853 -209.3055261 R
492.7292221 199.1210668 -187.2816317
-270.3158518 -448.8885866 121.6698133
-536.9155008 -102.3534262 218.2858903 R
-170.5417746 373.2009989 272.6402603
-271.5227798 -340.8451763 310.1121799 R
-60.14089122 425.9132166 416.2164712
258.7242168 -42.3114334 -171.7512977
-141.1575182 -482.4655325 -226.1083828
334.1521999 -60.34593386 153.7812096
345.4866946 -478.7076033 279.8029265 R
283.5448893 499.3116438 -311.7103488
209.690002 474.8980938 -306.6290634
287.8823025 92.79956213 27.04482857
-500.792121 398.6306616 189.9092971
126.8682412 -99.12444257 -330.2692503
476.6675255 52.53465629 101.5312075 R
-264.457412 175.6783158 426.0017245
-335.5263806 164.8262614 -208.5693779 R
505.8480722 128.1469731 -253.3617254
-209.8542448 -215.3659298 47.7535835
-425.2379707 -269.9526501 122.8936081 R
-249.1935035 -364.7684292 78.52520308
173.3787127 -165.3439191 -302.2032811
-455.0458078 -439.6378495 279.433773
335.9350186 -80.93691927 -411.8673333
101.8746791 519.448954 -303.4821613
258.9198867 363.4688224 494.1369168
-127.2062487 228.0324912 -446.1764109
168.0690955 366.044835 -112.9565684
-189.1793995 517.9855383 145.5555154
230.7388661 -543.1701679 -64.55689007 R
-150.3422425 373.621899 449.6174559
279.5955987 99.2855621 -510.5322397 R
-419.5908148 -166.0984065 -133.0217202
-396.7671209 16.41254956 64.74166129
-534.0585195 -25.79811041 -501.1510587
252.845123 233.5972772 410.6218731 R
-186.3760123 -251.5891505 -176.5608061
-343.709608 -207.8843155 -261.8320557 R
192.6673511 -13.55069333 22.56831468
299.9383902 -435.2489773 -40.84891053
50.67247176 308.6526632 -101.7754193
-449.1285822 -432.8661493 -339.4347179
-74.6941402 -464.5531551 -114.4260446 R
-521.7236266 -205.3177005 172.314954
345.4691895 -74.68866009 307.7578743
-19.16436106 61.60614715 -322.6668928
470.6640065 -507.6025178 393.2577797 R
383.0052417 417.5221004 -313.3154376
285.8544918 437.8621411 -393.3901361
494.8367552 122.844185 161.1985073 R
-242.1321509 82.89403001 132.9624731
-351.2896359 -62.93339826 -0.7626369613 R
-51.63530311 -400.6246352 -314.2950944
-144.5459482 366.2937922 389.019989
371.7362361 -265.4656936 395.0348655 R
-255.3512218 -93.89935682 -414.987865
218.0127149 -44.31781797 -175.4588909
-176.9967398 -268.8073017 340.133214
529.197808 189.0389964 -328.0214664 R
-376.6557917 180.4479143 54.77954284
344.0881121 520.3988488 -341.3405284
-86.64190758 -111.1510654 279.0063078
394.4010179 453.3101244 -37.75995146
-211.9154583 -435.5109431 -3.362024752 R
-56.66014513 -378.125945 1.265572385
-426.7048086 216.6736613 -346.1086014 R
468.6256266 69.56502256 -298.2191851
493.5437965 418.3357916 318.699838 R
486.8977873 -158.9822099 505.2341019 R
38.49521121 413.7985302 -392.8821037
-68.3687252 -23.51619675 -170.6144441
-429.0686885 -160.4807477 -422.9135186
-203.4253186 -25.80910126 159.7085498
-23.28872015 221.2166963 -293.4141945
63.49622322 408.5727811 -344.2074628 R
-501.6062799 357.338308 144.9465985
322.6644844 -227.5291178 279.6783567
-423.2728195 -323.2620417 -518.1824758 R
-133.6912335 -523.6071646 285.0635472 R
190.7861603 -494.7515784 414.3934351
-380.317838 378.4263141 393.2606325
-31.60853917 313.3420346 18.7677963
58.03524137 -97.16653613 383.9015059
2.825319719 36.40510644 104.2196183
-410.3232023 267.411388 131.0890949 R
-500.0737684 271.8040483 178.4172543
14.29105549 471.8354169 317.3853613
-540.8958499 371.5056583 -313.2380416 R
356.3395239 234.9762139 88.18175224 R
191.0175602 205.7652061 419.4749762
486.5892899 -431.5655222 -63.8656935 R
437.8107208 403.9315084 327.2854378 R
-380.826808 -53.24353591 244.1290919
152.4333422 188.1768021 -211.5693225 R
484.0478712 -300.8245104 418.1982316 R
299.5185978 511.7925329 297.2404733 R
216.7205882 -523.3009867 173.3272195 R
440.2549581 27.66430915 256.0461378 R
262.2052726 -245.9899548 -390.0383977
147.0488102 161.9529269 -409.1669408
-111.9325733 -150.3287819 -367.8242517
-490.1875335 170.1042643 318.8764632 R
-510.7520614 54.1003362 -54.85805122
-145.5410135 -473.889068 227.1770353
-424.6023592 -47.36610054 334.4061553
217.2207359 293.2845789 411.4702889
-202.7215023 -349.0992996 -445.3667365
454.1215741 497.5974487 376.8730666 R
-174.8263122 -522.0989507 311.8386289
456.4991597 -405.759457 64.70296149
-472.6380919 473.9080699 31.81353373 R
-334.2910925 157.0621189 184.0716236
-208.683774 488.6414619 -466.4295112
-93.6040334 283.2901153 476.9516461 R
-7.682721513 -216.6955609 402.4312783 R
-390.012627 -465.1522703 332.8962627 R
-19.06409489 -38.63888139 296.6037819
505.9689414 -370.6599119 87.72652661
275.8394903 -193.6373758 84.0585391
-163.9779634 360.7188159 3.424716986
437.5169293 -31.97672776 -60.30331042 R
-233.3451842 -423.454712 -482.23919
-40.63113443 375.5223673 415.4595341
-11.58888088 36.49508757 -479.7949551
-189.4824395 285.9230686 -389.6085102
-350.6305883 490.2661716 -139.7582812 R
8.898463121 -480.7794365 11.36854609
347.8121405 111.4614532 -190.6097654
483.9597621 214.322345 -81.67569257
-101.4097664 66.02524854 -288.7883576
422.5142284 -97.16187277 -494.7987901
44.64089089 -180.7707742 -476.3549473
338.6833379 -365.0085646 380.7741318 R
-532.7915472 284.3689553 -400.3112245 R
-260.0215312 70.2843532 -192.2291699
-145.7845182 287.1558652 -478.4390794
128.4618056 193.2481564 -365.188317
11.95355553 -264.4341418 427.495469
386.1623748 -436.4077683 -104.8789551
205.4667048 480.0512361 368.4498591 R
-239.5494356 212.4544759 -302.5472538
-518.9259264 -38.57633307 202.2918856
-278.8086481 225.7307503 103.7045009
-112.0481625 -292.923692 -160.2797483
49.57333108 192.8446587 254.6035617
156.7354633 10.95979803 430.2078682
267.1968512 -129.0634812 81.87344858
341.2393555 -5.537051123 391.8249633 R
-259.6297078 -195.8996951 -354.0102763
313.4579509 379.7930062 -511.5883063
-263.6313395 242.1051686 -342.2459322
-491.0669967 109.5357712 174.2959738
-28.02269891 -218.8916238 459.1089754
-543.67033 -332.255484 163.3131151 R
-61.64527292 287.6748533 -75.26118653
244.8589417 -288.2907177 -400.891717
-311.7996805 177.9598518 499.103304
351.1314454 -213.9850916 454.6814428 R
-437.1280753 -264.2985021 85.36829011
502.3183738 365.8122441 -532.4286653 R
-194.9677944 410.292336 400.0379881
127.0974894 -50.45999925 106.9715969 R
-101.5909693 -350.2644234 75.399615
-233.3769133 -120.2020687 348.3251341
-492.310524 -241.4273034 -424.5257405
-371.9461438 -83.83754463 512.3490923
-458.0554345 -467.1245049 447.1134161
176.4621587 -242.551125 515.2674352
283.6575778 -7.970851272 390.4266689 R
422.1891294 125.2158102 397.1837379 R
-64.39336751 492.3980616 -307.3247998
88.8685654 -265.9455691 280.0889504
-103.7415508 335.7144618 -245.1216303 R
381.227943 -91.31082336 414.0438829 R
480.0370645 -339.6257085 106.2974789
308.9302599 -497.4995268 95.35014309
200.0439601 43.64869698 517.7419665 R
-174.0398638 -526.4888274 -180.0879894 R
-264.7007289 -382.2102607 454.9692216
484.3726178 -69.85170599 250.463265
152.7517555 77.03762536 -248.3762306 R
25.15549143 -20.24529944 -81.90461653
159.629379 206.6567746 375.1211499 R
-201.0841725 -93.35856321 -268.4133911
-482.2593535 -274.0397834 430.1293518
-179.8456656 159.2615196 233.2519824
219.4689725 -370.6059066 108.8399391
-87.52910047 388.9403646 -260.2120187
-512.2332173 -30.87170319 -384.5648106 R
139.787063 -8.263920316 -46.47648891
130.6020359 -125.0386395 -493.1431012
306.4880028 419.808212 -408.4663384
-182.0731927 -194.1507506 516.821069
-400.7596135 -76.77329609 -532.8015456
-40.46629681 429.7994885 -347.839732
254.082349 111.7514973 246.2894588
249.4090291 -373.0150997 349.8840645
-40.72573371 -87.92858228 482.971655
136.3168847 -8.301829441 -162.8992083
-67.78540034 254.581922 252.8275033 R
516.6344287 -202.9663581 -6.852630594
-197.5245342 243.8534977 238.1310979
-240.2037543 -292.289284 -275.7194629
327.9399652 199.2911654 428.9665169
379.4922468 45.80135264 -418.0264665
-473.5895581 -260.0098947 207.8460476
-467.2707421 -272.95211 193.1092539
341.3724798 -359.3621905 292.0999037
255.0375168 -262.0342615 472.9636579
-264.667676 -457.2157279 203.7829641
-489.1183926 -35.53563811 -47.25947937
-236.9691713 271.8080197 -34.30261447
-332.8474004 340.4727394 90.8101004
-217.5798005 105.7839365 325.2741069
-390.0680008 -540.6876121 467.0615289 R
301.9819507 465.9334651 -5.054395325
56.34101873 -422.2644839 -158.6476615
-279.8884395 -509.1604474 85.27405419
-150.1570981 -418.3778546 387.5444148
28.51941303 443.5739394 255.3786925
-251.8615454 277.5881117 178.6053176
-132.3568851 -83.85401729 -361.6164599
263.686011 -275.2521609 -6.538911522
-177.17245 444.1932281 461.3375541
117.6622297 -507.1432798 -122.720652 R
-343.8367589 377.106213 -495.2670057 R
-376.0820034 488.8987663 -192.1429275 R
197.4312005 -515.8989045 -108.9335793 R
-138.7721999 76.84919272 -69.09293648
138.2760954 -345.2369059 352.5108907 R
-258.4816551 -391.9047008 -68.26950168
362.9746089 465.4867082 -74.77922141
77.67602668 -94.43165325 206.5226652
110.4829608 -254.5981878 -241.335543
-461.1465645 -480.0859737 -309.321695
29.38921582 -537.0170348 68.15317382
-50.68284234 -461.4564514 398.2412655 R
495.3704818 185.213886 -79.55794573
81.24745539 -70.86949266 -158.3745366
-383.1591637 -501.0480514 -157.3386344
-301.0999282 52.22213112 264.0722311
185.5302684 125.7891534 -48.09275379
-183.7000794 -330.8787707 141.682999 R
-57.79868227 -251.2070559 -373.3801172
-0.3403372663 -178.2026858 291.9677957
-221.5659003 422.4660746 -342.4554161
220.061594 -320.211979 23.38007382
390.7366413 -350.6092303 274.3386493
-438.724706 -260.6427733 -158.022492
-31.43455635 478.7848691 -145.8326495
518.1608997 -102.459598 -482.807006
231.339167 130.3839269 467.2562216
18.13773804 -255.7516928 -512.994174 R
328.2660222 -201.2299676 -212.8784162
154.5335456 495.7904624 480.4975641
152.0246967 477.7240894 493.2204577
-417.0331787 -504.0131389 -285.0591108 R
-22.28298576 59.41467462 210.3955532
-246.1908553 -237.6694433 453.2728644
-497.5146664 190.9268236 -15.5749452
294.4122024 84.70644633 269.8540512
-358.5073582 -59.03195024 -444.2862934
-389.6595745 -472.0084438 -63.10569814
-7.950964943 -241.1118661 -5.840714612
-19.95496948 0.1721309191 -39.19436717
76.3543668 -485.8895948 162.3765221 R
520.042949 72.15341311 -211.7034432
-14.80275791 534.938162 -12.92787379 R
500.2863782 187.3663793 -464.992997 R
-3.451627912 -70.02746217 155.6004659
-355.1909571 31.01894918 214.4971549
154.9286734 -130.2819506 -225.6533217
227.8328621 -54.39725278 276.8002369
94.18903098 60.23378666 -25.37199043
-529.2926636 160.1666656 6.327048894
425.7985069 114.7400383 -178.6842701 R
51.20723466 -34.20045993 318.8283878
-415.7137738 103.1184485 -453.6771209 R
305.2769791 82.53663934 293.5074345
-326.8776992 262.9842708 -15.59858301 R
-134.0951383 367.9167246 245.7817188
-445.3822072 -313.367745 411.2626566
49.53552675 258.942248 -283.4768178
29.14861176 -213.3010031 261.2631944
167.0221255 -96.11378631 381.3987557
426.3587019 220.6587445 144.7349941 R
352.3132887 -511.2233168 439.5503568 R
135.3825347 350.7138216 391.1688315
-491.911665 40.22817127 32.47728259
175.9697654 486.4667899 -32.01649348
184.7478956 -258.4086018 78.59932585
236.2134224 -284.6202931 8.569977535
325.4032828 -533.8562015 -338.3693108 R
129.7657662 187.2006379 103.0123861
-541.735493 424.7660421 -99.89960045
-443.1181938 281.7938564 129.9348548 R
-506.3595262 -184.7091946 -457.6045705
-384.685621 -207.1798328 372.7085789
259.390891 -286.2241187 77.15006161
-470.9804195 465.0418565 -362.2044686
494.0700781 500.6623899 229.2567697 R
111.9870808 95.34723937 70.71006366 R
80.39783927 -371.5206417 -240.3408481
224.2240643 -38.2411791 255.9137678
266.8085888 -380.9908945 314.5173304
216.2280079 -345.753846 4.488138792
367.3632094 198.3558673 267.4900775
-264.6828419 210.7216376 254.1124055
170.9867421 404.1440847 247.5318981 R
-432.2070063 12.50445957 363.2387401
114.7059366 369.5705987 30.27223818
264.3865447 -3.023898842 382.7885126 R
-260.1010662 351.6235974 -5.325217613
368.0444425 -307.2441081 -143.1728448
22.31478027 56.14928397 -81.69395502 R
-24.39992541 129.0527944 280.8398319
-191.5631851 139.1453407 263.4994232
-265.1671129 186.4273579 94.47875855
-36.40607257 -371.5461473 -477.7556621
-249.033989 -189.9358861 -399.6708341
-206.764276 288.8881739 -452.0703214
485.2547282 -363.8748382 278.3816956
-407.9469963 -388.5664278 -189.4342026 R
284.8312157 -58.50977427 -188.9560029
139.5740826 40.29324822 -388.6456028
-463.5382818 469.6440183 475.8099029
256.0067202 476.9438866 -453.0208394
304.4456733 -377.1946691 430.9923903
21.32000966 -336.2681203 -387.6145924
-20.08769052 -89.91955058 -437.4082176
-238.203077 -305.712261 431.489335
-540.6177793 268.7799703 350.1834928 R
-120.1714172 -61.95574449 -262.8823994
52.95333343 223.6482645 -43.94684814
-287.0590567 298.5679923 -500.576502 R
388.2225327 -303.727053 445.0103586 R
-471.2447429 341.3850908 -112.1361077
409.0072692 -309.3918943 -497.6800493
375.614691 402.9009574 -98.39130186
-43.32522871 417.4947062 318.6302073
-341.3960918 -316.7410672 -529.4214028 R
207.603208 17.78116411 -412.922186 R
292.5849728 -30.87487095 113.491576
-118.7355638 127.193383 207.9254603
-47.82834654 141.2126504 -27.0340201 R
498.4405813 239.0923143 396.7158854 R
105.471918 512.8517612 233.9299253
28.61294533 223.9432131 -293.442813
216.3757229 -483.412213 300.358248
96.98131914 -500.8766485 44.5082062
-246.568033 395.0819122 258.2036004
-461.6577724 -137.865027 437.6257884
323.3011335 -183.2881385 16.62785875 R
-389.3150005 -27.78697695 398.006088
-496.7386739 -170.5553068 -278.1020294 R
-152.5722741 341.1516817 -381.8487567
-13.2250858 -424.852453 -514.2572932
-82.7820346 -358.8645446 -487.5663165
-211.7678196 190.857128 255.3569787
-58.02623655 174.6064774 246.6970254
418.5367567 141.840973 396.079101 R
78.64757986 -101.7771893 -74.36888299
-329.2159655 -239.3862843 490.0157769
-288.0261833 81.28277383 440.3876764
-267.2086623 -475.2627421 -68.90342907
155.8841991 -79.05360362 -300.6751928 R
414.1366905 362.0004891 473.4858537 R
-228.4870099 -56.90646347 27.80294943
-159.4460133 329.1180283 306.0644272
108.6728621 -103.2210316 369.0164012
-17.00239289 24.20518485 -414.1591915
-527.9930983 -393.2725195 -30.83918102
-409.8566247 -418.8096027 314.3976922 R
114.6905325 -474.9723638 -19.43689951
443.921741 -303.6506297 -122.3188215
201.3053591 445.7638589 -298.4544953
264.8018483 -419.6646269 326.741026
-316.6911965 95.50079544 91.44581376
251.5044106 297.8246309 503.422163 R
398.6272444 -433.5729222 -288.0202792
-377.5118965 -491.1065287 -345.2713887 R
398.3204723 99.63582444 487.6307691 R
6.581587547 290.7611759 0.4726675956
-401.466346 251.5775585 -86.48083727
-276.0370683 412.8512925 238.7236848
-40.71671191 -319.4672635 130.2975095
-87.54175491 -268.9604143 -354.0485119
-451.4303878 -494.1750848 -18.73822758
14.54974855 -236.1458033 68.29106727
114.4473856 499.5134702 -76.01723505
-331.6200903 418.7538403 10.95429955
217.6116984 92.30326881 428.4622866
137.5068715 496.9364402 -127.589579
159.8514172 473.4571308 -139.527888
451.2009437 -424.3903518 -252.7460858
-111.3405756 406.5697642 516.600578 R
-390.1765235 -233.1499645 -355.5318394
398.3273287 -131.8229866 475.5676647 R
-60.6116688 98.66527714 79.13513466 R
166.788227 147.6521051 170.7703162 R
-300.2900577 -138.0502127 -295.475293 R
399.4236447 -483.6460271 131.5857953 R
9.716803005 -267.723417 282.0246087
445.5803657 -295.8706905 223.4223859
-82.72409531 -291.7363449 -4.874366865 R
-250.8659546 256.5693477 497.0746467
420.7411514 -495.2110418 37.07020474
274.8401625 -178.5445336 259.48477
-160.2321993 -208.9975784 -327.483456
-204.5743517 392.5615104 163.8247936
277.4484958 -334.8643439 -327.3288067
-380.7704349 409.6389058 424.3516773
-190.1313499 -256.5787582 157.3404165
380.5373392 -312.1942832 398.9708651 R
163.1293635 -21.73439436 159.7496711 R
-344.5217806 105.1588433 -72.93033022
-390.6946278 -67.05635306 307.7737425
-456.3344386 -452.9025797 93.63786387
89.19238608 399.3369739 -482.372874 R
-261.6734265 -5.864204167 -417.7890134
331.7694278 93.16649629 -501.6113375 R
442.1281138 393.1391163 -427.217536
-108.7228202 498.8554599 322.546735
-161.0273543 -165.8330967 -313.4816877
525.0885807 -270.6468779 53.91078754 R
-387.8367634 -354.8948181 347.856924 R
298.7612728 389.5677391 -544.263997
278.4117538 83.87056717 259.5645325
-307.2878918 -94.09053754 -544.505717
234.9564666 -343.2807023 -8.119947971
484.8003348 -63.11596018 -509.1925626 R
-90.18343589 -348.1517551 -202.6157954
-38.96736156 479.7444531 137.2847023
-64.9445325 227.1468318 78.32136661
-363.7385468 404.4771342 348.3663658
-436.2271054 270.1805113 83.49150098 R
75.62873214 -510.0762855 329.5396975 R
-545.9528389 254.6063075 -229.7197151 R
-185.5662919 -378.8094809 -36.32363788
367.518478 -341.3406634 -188.8989854 R
248.2482348 515.875644 217.0017143 R
-39.46268686 420.0114374 10.85320723
-49.32750372 231.683145 420.9681591
-31.67841091 485.4799199 326.781136
386.276327 -273.3163063 183.3096902
-530.1560954 -462.5146454 312.7455779 R
-514.3352393 395.5265685 419.2726211
341.2508954 -112.9976334 91.68394409
458.7806037 -128.3993534 169.8750615 R
-229.0459871 -11.72831243 163.5365981
-69.89572608 360.9034332 484.0066027
-461.2000397 524.2610559 -292.3512708
-153.2351632 351.5998984 484.4944466
494.5116096 -515.2646925 246.0810113 R
147.5225426 -399.6926284 83.79207394
-168.5438183 -444.792962 489.4951473 R
-455.1643198 477.1864636 -223.5067575 R
492.8388159 354.4542846 413.1970187 R
-502.4154914 -333.9848907 -50.16836317 R
330.3419681 498.086905 -495.3720025
-419.1356315 359.8348909 58.20315127
-353.9206172 408.5584869 4.995147198
241.4056186 311.5154053 255.1446817
468.3233417 -506.5853528 -350.0345278
-92.63432845 -481.2313275 353.4314601 R
-4.660899184 -329.5982086 -295.9939258 R
-451.4383917 -29.00601154 410.8282497
252.2575415 48.66919042 158.8196252
-94.98267759 485.8210113 -33.02515463 R
520.0941206 137.6875275 248.0154203 R
-494.6945954 413.7130971 343.7517988
347.5267994 373.02007 -345.3124124
149.8894054 283.9620109 70.02105733
-117.152312 191.2060734 304.6779033
308.8838462 333.5014615 180.3962797
-212.6385869 -240.552177 -236.0364105
135.820381 -337.0345712 -356.7967005
-458.4378486 81.88406085 143.7562414
271.723457 396.4440505 -109.7139432
478.034888 -514.5134994 -264.3838381 R
128.505164 178.1644026 2.253642944
241.4169562 -59.94934548 3.468878089
-79.44497459 -516.2610097 -6.831928914 R
336.6349288 171.1096123 248.1155667
220.7776629 300.3194075 -43.54044327
310.4415449 404.8634195 -225.8397717
-318.3295423 -209.4276787 505.4847
-340.4892376 -78.10784159 124.668459
340.3772753 130.8678353 424.1625187 R
-456.7699998 -70.01752577 208.371342
306.4408206 490.5808494 -111.6132889
95.48576088 265.6057054 181.9038864
-36.56681616 -149.3478264 153.2537141
-416.0216291 211.7564931 145.8855499 R
122.9283749 293.7334424 -295.2956102 R
-509.2266655 197.3337468 -110.474924
-238.3830622 -62.25898924 454.5419814
-23.44905913 0.103849153 -69.95235046
-303.410579 456.0869811 -311.5433813
-408.9533876 522.8523237 214.6083119 R
93.27535922 -288.6458038 359.3345727
-225.5968425 -127.4661222 474.4311131
177.5216397 -393.9218106 -516.9104213
-135.9648645 278.3577654 67.07430192
-92.40924476 -156.5883482 274.9949218
-274.9398338 184.8648852 -78.38228191 R
-150.9035522 41.16252929 317.4775682
-111.328366 -126.4980743 -245.3703614
117.661819 -239.1266811 -253.043669
-438.8176017 132.5302358 -516.6079092 R
218.4850757 23.51088371 -486.5809487 R
-121.6523468 -446.7751717 448.5300197 R
-511.3168659 -228.6205585 -341.0868671
-65.71197457 488.2316379 438.673779
99.42322611 -504.4650343 321.4154349
-291.0993302 454.3408519 211.8795814
-451.1565652 -479.377549 414.0914784
-15.49922198 278.2624032 -459.9085596 R
-38.64092758 409.498072 -398.2462455
-216.7538393 129.2331466 -374.2215862
396.3393333 -444.161946 250.8385749 R
-355.5224072 286.2804086 -77.90373211 R
304.5594227 279.9525522 -196.8809808
-60.4315877 270.5290286 -194.238032
-499.4118867 101.5321308 -28.55100793
-515.3718805 -528.0244626 -217.5999152 R
-352.7769072 -327.1841626 -54.06382465
-119.0819112 127.8923979 -401.7000112
246.3884905 -297.616934 36.52147765
445.9432988 478.1286383 -376.7449794
362.7497801 -190.753206 -234.1665273
-50.25825454 -89.39888877 -373.2650412
-258.843783 -475.8018001 -11.85852558 R
16.62815042 -466.8801733 242.2132873 R
-33.88043352 -165.727273 7.238354613
-341.441584 -97.16541167 486.5780968
-459.5450364 -204.4456767 81.00025196
-318.9240391 -39.74698155 -209.1685096
256.9330687 502.3008032 -234.8765895
-26.24076369 -410.767112 -523.0759802
335.9089075 399.5984049 -284.2651536
-66.43741453 248.1020446 69.09367577
168.2132379 -491.1285012 -190.5395919 R
-508.3164356 197.1662547 488.962539 R
257.100752 -63.71942651 -357.5832393
503.1749533 -153.5907736 21.38134812 R
-418.2569061 316.6926164 -380.8189375 R
80.16479472 172.0481244 10.06061328
-247.7732017 -5.665838179 527.7270231
444.7663354 155.278283 134.2808141
-48.65355882 182.3264553 -109.7569443
