Format: x y z  (R = removed from domain due to fracture isolation)
115.5083562 344.4152869 339.5115702
229.4944699 387.0757114 -365.8854699
-447.5563133 -56.98730401 101.1846897
-467.4996574 137.1345936 50.20416152 R
-242.2012745 209.5897708 478.8294676 R
-385.7898125 -54.58053162 284.3353758
136.0122934 -522.9714687 343.2783022
-307.3864441 -48.22280581 -281.7903727
46.48697309 -326.3273236 160.5038616
-52.63649561 -178.5721626 406.8226591
-293.9327471 -142.1472598 -67.1275983 R
363.8803547 -81.45365453 148.6056468
53.78158065 254.1598597 -172.7346521 R
-377.963184 287.883995 -178.0443365
-368.8085673 -249.7972929 38.82048679
-459.9584198 -317.6104702 -447.5486922
-308.2591468 -7.688627394 171.7052277
492.9127095 417.7534209 365.0653609
5.004630952 425.6547617 500.5874984 R
520.3463393 370.1338719 -337.7288752 R
45.01220027 -72.61366676 271.6398542 R
-403.0131704 317.0702628 -173.2861039
207.7883444 31.48224955 -205.1448309
171.9805244 -442.8164574 -113.6634067
-248.3312915 12.60134068 206.7807817
95.49733172 -416.4436575 58.53060746
-469.1149127 -73.82667609 -55.89953684
-277.2397317 -258.5293883 -120.479311 R
46.63189281 -168.9945573 -296.8138789
-206.84171 387.8175261 268.5960007
143.8887139 -423.9731947 141.302138
-28.4850095 -397.9708863 -346.1579951
407.0881261 28.26520641 410.1122183
233.4108369 78.43831039 -76.0226304
389.4646918 20.08027629 -526.2756592
-148.8472873 417.7133044 44.75299223
-286.3113803 -126.4021369 133.3987706
-435.196248 -392.4739935 6.455188822
223.506687 339.0472637 -80.77237344 R
240.3645311 -302.0349596 64.40386631
398.4610052 303.2115893 4.15242627
-29.62157963 -54.94627318 -418.9550545
-467.2679089 177.0396726 277.2974793
-425.3619251 -530.9262936 -45.60067853 R
-464.5015712 -101.1568979 79.238324
-118.1986826 208.8490703 -265.2438767
500.5391213 158.5955451 163.4218221
-124.4187678 384.1962303 -391.7872182
-365.790011 -54.35383372 -181.9497559
414.028073 -402.4836912 -1.158150631
7.00677142 -14.42605479 -303.8591176
180.202057 -503.8478907 120.1902471
-362.2437967 -483.4355272 268.6342489
-443.222692 199.6044478 424.6284887 R
-343.1476001 290.4032365 -437.5410742
-87.87565155 -485.6373146 -375.4323337 R
12.72485443 -534.2401097 448.3352597
334.322584 -499.169129 -291.9748236
452.0687 -79.99053538 -358.5083443
-169.4466494 -304.0514366 8.165104331
-178.05831 -43.8538035 -346.5147724
7.194074179 111.0810687 220.5289786
496.0955074 -418.9060031 -52.10717849
329.9586959 -462.2653948 -7.659596279
-272.6533681 -379.5193526 515.9348432 R
-389.1905583 104.7262694 226.6649708
-70.98340621 485.7690176 -153.1991538
-153.9675102 435.3876955 -483.5595651 R
-289.0689205 51.41437215 12.93104826
-435.2828778 -225.4518222 240.5086119
-143.2294822 -518.3791465 -50.48694844
-319.492049 261.4023633 176.5730204
-101.9503461 -10.3361282 64.32368978
-316.2003006 -407.7254061 -445.8131093
-427.2455819 -93.61044785 110.4410218
475.5067758 -453.5202485 -210.0986376
529.8453627 146.2345989 -135.0633108 R
184.6994574 126.0441084 -255.9852843
-275.181379 502.8080809 -239.2988573 R
-258.216016 -193.2411837 -449.6674443
-383.3585774 -230.0567827 -184.2228124
-151.1654265 439.2662139 -471.669992 R
187.1272039 100.3223639 -432.4985802
-275.9732013 105.0963508 70.41592525
-86.36260696 93.61294035 361.4717673
-95.29972269 239.0665395 -469.2520608
346.733912 -423.436355 -457.9699051 R
88.78361012 -386.4628938 -70.73802414
268.2583265 214.9066925 218.3626294
474.9413841 250.4886716 -390.5607516 R
-397.2582336 -37.32186347 457.718776
-304.1906177 -282.2552004 33.8643163
-192.3616875 -113.2896374 197.4383725
-136.5285261 239.6754587 484.6035103 R
439.4783321 -173.2219625 -59.46118953
-37.53463618 173.508204 241.6537172 R
-117.7880347 48.16484357 -1.440342593
319.9230554 301.3092786 -173.1538319
239.4608637 -331.568919 74.43352775 R
-208.6893603 5.34600231 -49.86222607
384.3063983 -417.1268441 252.5542663
281.7039301 126.0919862 423.1394372
3.700085969 158.0712198 460.4569082 R
-482.5887612 -245.5112958 205.6809289
-95.34509959 467.1859971 -432.0924318 R
416.1575668 -140.5428101 -250.3938015
-141.1802715 196.1719157 -50.22494404 R
-168.8564544 -274.7606546 -24.53533839
279.9851205 73.71401933 205.4854001
458.7237051 408.6033267 -29.04915352
-339.546272 98.34798151 -300.9827234 R
-192.1712288 -136.219708 -529.9184708
-247.4890053 -510.0492022 428.4654471 R
-196.0834545 339.4799841 -429.8421361 R
344.76982 484.7441453 127.5426935
156.6434917 -469.6841946 -317.3059495 R
448.045716 -520.3112921 -74.18888131
-289.7890741 95.54638702 -50.77956636
-33.76682823 -179.9845081 -455.0726642
326.4464687 162.962747 -323.0101179 R
137.4425054 420.5386474 525.0528597 R
514.3152431 -456.0049872 97.88233172
-300.7783311 406.0820806 261.2636049 R
219.7950405 109.8223582 8.695568018
327.0368495 -469.0463465 -250.5022935 R
492.5843822 209.3206143 271.5964709
-175.3415163 533.7235791 -418.4867023 R
441.5136067 295.5488315 -443.0332721 R
-72.65449564 49.56582116 -211.7909224
-189.0987203 -306.3248346 -212.8375973
410.736227 -185.8702961 -94.34141865
-379.7513838 -95.97963261 -435.8892283 R
-174.1759848 390.9392218 -493.2063328 R
-499.7313437 -381.0279861 484.7027399 R
-406.2014556 341.6220413 475.1527866
-300.3928109 515.8662651 -193.4198614
390.4919118 199.5697211 443.0879989
81.48035693 -146.3261508 456.3401321
-19.94602538 -422.7710224 -288.3439907
177.5608008 96.49740938 11.72587822
317.2695145 -264.7112232 -293.6220509
-16.50806736 255.2795029 2.442586342
178.0597795 380.870049 254.5441799
320.4921118 -159.283686 353.8179673 R
495.5142825 458.6219042 -66.57368201
-391.96796 31.09223215 -453.6478306
250.345409 161.3560379 381.9188939 R
257.0534708 51.35069605 -494.365662
-5.089763653 -201.0498567 293.117671
257.3950307 91.4270283 -207.0259454
-441.2773213 -61.07625483 -338.70019
426.9401503 -336.1017486 263.7659136
-310.479947 124.2037729 -305.424679
-179.7756938 488.6936986 -58.85419939
-429.6795122 -83.27252068 -310.0260319
517.737882 241.9212629 439.4061263
-361.4217313 332.0397585 -86.56111458
154.3713576 356.1988149 419.5287289 R
-476.7637471 -89.58715662 -257.2649033
194.8533075 -12.08379022 -480.6941486 R
382.3748636 -297.6886031 -476.31684 R
-166.759803 -412.8450241 455.9132693
110.1125989 -164.745028 353.5200085
249.3840335 211.683243 -201.6395048
94.27834089 356.6859048 -354.8922118
-411.2440986 -169.4796865 189.1312859
-315.4762849 -286.4997239 199.8478789
242.5210318 226.9451029 329.0659804
373.6442411 72.32361818 -30.90569344
-433.2162474 -511.8185681 513.0931711
164.1594087 188.6786431 475.0936076 R
329.6352419 231.7739827 288.9436653
304.0926058 -92.12953233 -384.6424724
186.8131989 -105.793247 -332.9050644
521.7754751 -308.2370795 17.48852298
-403.5187316 65.08790385 322.5059403 R
-359.3274874 -397.8953505 469.0292204
-317.1866599 -402.4413332 -144.4452987 R
-339.0200287 302.6277431 -444.7137016
193.9753859 501.4246227 358.592888
143.2720233 -261.0171246 -19.26585531
-304.0337631 -219.3717262 -211.7908343
99.22907638 -101.8178332 -416.4219077
358.4608857 216.4346381 155.5341479
-133.4797196 197.5265629 355.3191475
-311.5184711 -493.1214682 -436.8285619
322.1486851 -67.59946716 0.9698712208
101.6203501 -126.0130639 116.2680795 R
479.2800512 355.9018585 -378.4816476 R
412.7374088 -468.7079792 301.0312229
-107.6385501 106.6889227 172.9788933
-369.7460045 252.6396878 476.1714059
494.3614473 -405.9551054 355.663519
-358.9284561 -352.4642636 511.7593816 R
-306.2504829 -107.1376191 -180.6480299
-331.7890904 458.1461687 -269.9188744 R
-397.5979064 -483.3803995 494.4055056
482.5110982 -335.1362178 266.3462733
358.0859432 94.8270736 -315.7710016
-520.9403688 129.1527463 -240.5228451
135.36357 497.5525616 367.6426101
212.2028204 411.5923167 287.6966601
402.7785896 336.1034609 -273.3881612
285.4837939 388.7544379 -141.4761199 R
-470.9649945 -191.7325716 -204.8735678
-115.0915964 233.1706818 71.1433011
196.0978212 459.8988312 -296.6348008
521.9484513 -413.4389405 -397.3708644 R
-64.26348391 147.7954788 -50.94860454
346.0857341 -335.435987 429.5308272 R
-363.3862376 -412.0676273 239.5382806
329.0510504 320.8621972 -7.762434649
-332.894166 -472.7326677 5.591988297 R
-343.4600708 -336.0710013 -84.14138136 R
-481.9123839 303.1372035 -451.1493658
-351.8389942 203.5809034 280.4810807
341.8154541 106.532602 -535.1064849
71.00080357 300.6356763 381.8786458 R
-485.7390938 -168.4893274 117.2607265
112.3315897 -17.85639703 -30.04957724
-515.9500844 113.1574977 522.5832835 R
-221.269785 -97.32719391 -360.2003412
455.775241 -253.2143605 505.101903 R
-390.3736135 161.5054197 395.8987128
-119.647294 122.5752913 25.20022191
421.8879727 527.6648369 -384.8135909 R
270.1508164 164.0510705 486.3695159 R
-386.2353216 1.450612639 445.2545683
-492.2311161 -243.202068 -15.47524243
-28.70495954 169.6943776 -347.6570763
116.0988738 46.68026207 53.15030135
252.7349925 -90.30167945 211.5770168
-183.7393831 316.3421708 -281.9857071
-505.2568709 97.4124138 195.4670867 R
-447.6629282 -86.65037539 189.0895039
-335.9547397 122.7255507 130.8341629
383.6423278 436.6779174 315.0617575
-454.0162626 -17.05683993 411.6057771
-382.8987426 234.8427055 -374.5147443
-240.1904201 -63.28195768 -85.32323666
-196.1697962 383.9785744 -74.57244134
442.3413858 -249.4636177 -188.7915737
-459.8326504 192.2422808 324.7827839
-321.7697383 56.8629019 476.2125231
306.6225128 463.0328528 -3.057605146
-170.470072 402.9886692 73.85341766
154.6103729 434.7968711 -230.4348169
-6.173708658 130.1833354 -251.8770079
355.482045 -58.29352166 -216.4386
-2.691358746 -359.8434441 -495.0155394 R
473.8477742 457.6471734 -343.3931861 R
-488.9736632 -255.3584733 493.5665347 R
387.0575916 390.3464284 101.883658
-336.4444916 415.1586726 232.47601
312.9132995 -412.738803 -98.01801325
373.69405 203.9277541 416.6917563
-191.9424501 -401.8494437 -326.9930586
-384.295147 -304.3430562 71.27508124 R
-91.02967221 11.33342788 399.0224955 R
81.62829325 457.3537795 517.1254228 R
-105.8791882 -545.8464649 -298.8553835
487.6870921 -173.8987176 292.2840514
188.2345867 39.08412197 277.3873525
170.8615264 56.6945279 465.9087821 R
207.9691572 121.6340434 -273.2479832
110.6540066 236.9586336 -18.25609827
-271.7997565 441.4720267 -464.1594101 R
158.1223944 434.9928928 -461.6758713 R
34.13380529 175.0740994 26.17977885
-205.2905166 455.3371996 62.70646579
154.9139916 -253.9599247 237.6438511
336.4352156 -532.8796455 -56.86857298
48.97761431 246.5256329 -467.9869812
463.9576234 414.7668408 240.1496481
401.7872043 -276.0346528 51.54647233
-32.85374973 -68.78551274 -189.9454516
111.3498987 231.4969532 -84.88891306
437.713533 158.7272111 -97.97591161
-491.0701946 -72.65183948 281.5307821
-59.93304146 236.1569045 257.5174069 R
177.8706714 153.8188085 -292.6557609
-533.7958039 -151.5431618 77.5010196
110.782311 341.3463253 227.4424459 R
473.0982691 409.2377249 -126.9116011
-60.53932024 -22.14859814 -79.50028895
-215.9173374 14.9934345 -407.1713844 R
182.5152679 -194.7924944 -492.5618112
-256.2129443 -216.4403167 -408.0420672
188.9922121 -498.1751014 373.8989602
540.0336297 -15.3233526 -301.8699511
274.8127481 1.787801928 -125.9197545
282.1144583 97.35023518 438.7507631
-415.886739 393.4059801 -336.704615
518.1622742 -263.3050863 273.2588851
131.3240714 267.2606255 -390.4517409
349.7827513 -90.69916843 -138.5608459
249.2126566 -37.14553968 397.3640541
-271.4495889 -428.3850687 369.6914942
309.0564922 236.7414522 -474.4893742 R
65.92531606 -175.555727 26.67041781
-531.4450028 21.42639714 -314.4233361
323.5604615 332.951918 -251.8716741
-470.6411388 529.62333 -488.3535433 R
264.4040541 381.4749479 212.582584
173.0791324 276.76378 -196.6572395
-483.2693862 52.81406473 -236.9448542
-548.3445524 -108.7486899 -37.45375998 R
442.8145363 22.71195168 435.9466147
463.2277774 71.88185344 98.15745551
112.2684192 181.7494187 -11.31000022
62.74229801 176.7333305 275.0923069 R
171.3817637 181.9810305 414.4488643
-242.5685094 -160.8253587 -439.7913503
-323.3060697 443.8882377 430.2082722
-344.3151147 408.6130014 29.90472813 R
29.64029078 -322.9024736 289.7653668
-429.0551546 426.4290002 -422.55173
-48.402615 205.3067049 175.4003703
-288.896365 -489.1787182 417.7853122 R
356.2379014 -303.1667779 319.1664476
444.358215 -450.2635471 346.6940512
-466.1369053 -355.692483 -439.8975728
-146.6636923 -317.3686829 49.87899575
-208.5000956 -89.95841879 459.4015924 R
285.1781872 51.3528793 -139.0774118
461.2496723 522.9421167 -36.73430625 R
288.2214836 108.0955984 -78.23608589
-173.1127202 -32.50164591 -82.41243796
-96.29321302 -136.7758588 109.4194053 R
-493.0186823 386.0733218 439.0436983
-64.15233391 208.6552664 -306.6654595
424.6073094 -370.4624689 95.34648583
115.6478703 431.4890787 258.8812215
-217.6342394 181.5563657 465.6504218 R
221.2146425 -499.9565245 -56.27171361 R
33.47181767 22.13307022 -323.5254601
104.5113605 36.13261274 230.7668908
451.4329157 -144.7203056 -185.456644
-159.2386301 -509.6701277 -226.4955616
-178.1884756 12.98073355 -312.2107252
-379.1055941 324.8824213 -86.07163659
267.9370865 -38.04146888 363.217171
336.6311853 325.5041 -280.7038538
278.5540338 64.95893052 18.58852894
105.1450544 440.9939567 396.6243246
426.1906595 279.2382849 394.7900789
361.4398244 32.5885991 -386.0804237
2.785149175 315.5759077 -284.2099395
8.016937055 -363.389575 -159.6967685
-341.2944699 268.6775494 -445.3154509
108.3692724 -509.3679316 357.9858108
-363.0191463 162.6453587 417.6689826
-480.7399561 -454.5908068 -392.8345813
-325.9688721 -349.0039551 202.9867081
289.5147737 359.4971672 -265.1609268
459.0498006 -486.6977143 173.6208965
266.1605686 288.2133058 347.5613979
260.6037515 -524.9778162 30.26055303
-231.859166 385.3801034 257.4321797
401.8653516 -35.92099174 218.3949874
-100.9461779 -508.6811299 -120.7689406 R
-18.69528388 -537.4364778 84.71598715 R
513.038335 -491.7095694 394.1827918 R
329.5401847 286.8940845 116.5002615
423.1163452 -385.7226373 -535.5028022 R
-461.4010892 -243.3076601 -462.0342054
-253.5002169 494.3017624 336.6227987 R
486.0675673 -131.3296578 342.9944975 R
-252.2688525 143.7024204 -261.9236096
212.060593 -223.1030342 -484.7954875
302.6168632 -214.0393245 176.5036133
-188.154455 -335.9114032 -114.9152489
488.3681466 -348.3444954 -290.3589874
137.1243136 -299.3136449 -109.8760238
-66.05144649 536.5953731 -27.65643617 R
-92.40491256 194.315751 28.09197111
-252.0711224 157.8756105 -397.002731
78.75941528 521.6406443 -270.7741096 R
245.0550723 -10.88642542 183.1439101 R
417.9952272 167.9573593 117.2748664
64.69262238 -203.4703521 387.005225
236.0317313 -476.5143203 -186.2156205
-159.231493 -457.0317776 46.36740405 R
384.288807 78.79082133 372.9606434
373.8264933 415.0097607 35.82264626
-322.3843723 88.01855596 -39.17802992
-191.4057872 71.52097271 180.2846282
-380.357542 527.2198779 162.6202626 R
292.5955073 202.6807029 -243.0303287 R
-183.624749 179.9887284 -146.8631199
-322.9623323 25.08493514 404.8612151
238.6992923 -290.793904 469.2649418
178.7836214 -200.0031804 -70.80950984
-460.1242231 11.61353807 -74.45867923 R
-280.6130473 391.0489341 -317.3230484
-189.3244778 -277.406862 482.5369141
255.5823781 -426.199326 367.0342601
-518.2435626 -495.9092052 -183.0886518
-121.2249072 64.8039942 -343.6925689
-349.1472956 -491.6150883 342.6285528
350.2016981 -370.9126699 -232.4692677
-543.5769399 6.021486415 83.89270429
-439.6388914 -408.1416318 -385.8479063
-110.4333029 325.8117253 -210.7065027 R
-2.842295782 53.58329064 -415.9453338
523.9437187 -82.9196068 -362.9300986
-179.4856082 -167.530049 460.0492681 R
230.5939715 224.8607129 -456.0232249 R
124.5302309 257.8011908 -315.3278876 R
95.87779057 -209.6211244 351.9998352
-115.1020444 52.63470257 390.7550229
-498.1498565 53.9686878 -246.0548877
418.8267687 -418.3794964 -316.7817693
-21.53804971 -0.5507268404 155.9936199
-540.2185124 526.8652071 223.9642155 R
-506.3031516 -475.6180074 455.4252625 R
-453.2201527 -221.2714481 234.188162
478.328631 -351.1797322 15.24827146
-52.44223027 99.08465351 -385.6274549
372.9877784 3.146884785 53.72948926
-34.41143016 213.9119586 33.01282434
24.83970519 -468.1677142 59.97243428 R
272.4376348 -399.657252 102.6577415
-249.5429377 437.7114505 -45.86792113
-161.6395693 77.03899306 -438.3512836 R
-313.8368422 252.9567328 526.0685905 R
-265.0342452 151.2937452 -288.6570868
-357.2165083 491.1603588 -306.2608243 R
-490.3261157 312.9264344 -156.4282805 R
-198.2642896 -149.7767329 341.8743589
297.5391961 215.4697487 -482.909542 R
-236.1635088 158.4887052 254.0149387 R
-473.6805183 -95.4707225 -316.3580315
118.6000412 44.1782517 401.9213325
-503.4130289 55.98305733 156.9605719
50.75653637 -76.26620465 -73.91494171 R
342.7801786 190.6352763 314.7163091
289.3858274 408.8125774 468.4776632 R
-264.5667346 256.0793868 128.4900664
160.7209986 -515.5984617 -200.0132257 R
-100.8438224 -413.1961011 -151.9311244
208.7419995 -420.9985214 -512.0798698
-34.75548267 100.8369781 311.8402034
-223.7494376 433.3026172 139.7361428 R
-349.6878228 -305.1059965 408.5560317
-53.17077607 -465.3252646 326.2821924
431.9576371 -325.4580038 -58.78563303
379.8429778 478.9630776 436.8851531
251.8105661 410.1922075 224.5100476
130.2429712 378.6896825 -320.3296385
510.6163158 39.04680142 291.0294148
43.82706815 209.600798 -182.5115845
-381.0395568 278.064801 -265.001089
402.8049197 315.7485676 117.8463552
-324.0127604 5.926356596 75.15430312 R
524.8317399 475.4924913 132.4291617
-91.9737191 -360.4056738 -204.7307092 R
155.070194 -107.6373706 -397.7179446
332.5679573 -370.7261347 -364.7368689 R
454.7762383 375.6535961 129.173221
-393.233438 339.4705104 422.1877876
277.0529517 384.4084663 275.8964615
121.1838595 -136.014049 -286.3051535
-521.7488042 108.5852589 22.32406283 R
-372.188394 371.3425507 405.6922266
97.04885281 372.7270477 432.1428843 R
-48.59116738 46.21529707 -426.9436618
-369.0644023 -346.7387732 -384.9526047 R
335.5003809 135.4568675 343.9900243
121.1598326 -80.67743957 -462.1732974
349.6156756 -182.1560295 160.7085768 R
139.8327371 -173.8561771 199.5768344
524.0563475 -327.4889929 -336.163102
-261.4903075 175.0725653 269.9191481 R
-476.542699 181.456562 -57.91375788 R
-212.1173915 1.209687156 -363.3935857
-144.6068836 501.1171635 12.97046485
-510.1444226 -63.06707282 194.660038 R
-7.627675316 519.2524098 -325.2110346 R
-34.91626954 -97.41448503 -314.0084817
371.9027673 -78.44356672 -171.8729562
547.1990578 310.8306924 -345.6333015 R
-191.4507672 19.15594288 400.4327529 R
518.5890347 374.8701472 199.5438309 R
30.42294144 352.1861042 185.1031547
261.5954219 137.8194661 -261.0152193
-42.11986713 -225.0631387 -502.769144
16.01490935 239.5230723 -317.4747519
531.6727051 -54.93389973 -230.1074332
-384.4459438 -170.6484203 59.8993514
-38.93044238 364.4438605 -291.1168723
-497.6775068 -153.5429438 -465.3363938 R
123.942235 266.9488429 -10.4764117
206.8375293 -386.3374776 496.5538695
170.6541877 -120.0128865 -148.5742947
-103.2727706 51.98546532 134.293313
-194.0451886 327.810732 260.418159
242.4354949 -164.845686 -251.8938211 R
238.5043447 68.67494731 175.7578441
242.8918252 330.5547744 444.9215965 R
389.2685015 -270.2846858 -437.4333455 R
-415.0227167 -221.9386844 -395.5749382
-55.59161365 -473.3874454 123.0920746 R
516.0211782 -103.7192956 -192.3919129 R
-480.1063078 94.28166201 247.4424264
306.1537677 -196.4322958 -134.7138622
-363.1361535 -203.2502446 -255.0276575 R
-438.1343876 223.6954872 -226.5927967
199.6839544 324.5528681 167.7739617 R
-227.6033555 -153.7978202 -323.0622065 R
215.5210035 -257.0187396 -316.8483816
443.4556627 37.79765453 -146.4356805
-381.9930743 -525.6751837 13.53911217 R
481.3310546 285.6805383 159.0006535
473.1854239 -223.0051426 -247.4981995
-172.9449112 334.0351638 -479.1630279 R
187.0034486 262.2664145 112.8416288 R
15.71203189 -47.67795855 -49.33364886 R
472.0824106 174.9427502 130.0538132
-57.77650959 -176.3837117 86.95954501
40.94001567 -443.397776 -518.985126
-24.52395587 200.6395937 196.1097358
33.01638757 383.9304977 113.0229335 R
489.2239892 -87.07483024 -140.4958515
-220.4922191 -83.25598285 -254.0535089
-341.667804 -336.0051894 358.3563735 R
-289.5490867 536.1833855 -317.189775 R
427.348049 33.24666951 77.50239286
241.4530686 215.8067927 531.5853444
496.3336058 359.7674323 201.3045582 R
13.91980709 -445.7841034 90.84261683 R
-487.9542543 -536.4839025 352.2600229 R
-144.7901753 245.8895085 418.3609836
-181.2369427 150.8592334 342.1960554
341.9112957 465.1381855 -469.7290427 R
-4.935037372 -148.5618277 -402.3624232
-418.9490085 -447.4485884 -341.1875862
-395.6399872 137.1845935 230.221578
283.0118895 -166.670326 18.4326984
91.16554945 134.7134677 320.8071352
-44.34939654 7.931186199 154.7264494
458.6337571 395.5575127 -144.1508536
-283.0280815 500.0471058 264.4982987
251.7310688 203.7124638 536.3293753
-145.0492436 418.4368559 478.4701313
-358.8619104 -529.9431422 -166.9635
-519.6004618 138.8921035 437.8029707 R
305.7527883 197.8708335 -37.42581524
-322.5439776 -45.82651617 511.5702862
200.8399648 152.2068065 -23.70989219 R
-11.31775444 -12.34902621 330.5130115
295.9782913 398.2154359 -172.8621767 R
-97.24283984 -407.5591915 474.2746045
72.06687056 -155.5141932 72.32412464
499.1738198 -478.2567279 385.8242703 R
298.4128621 439.3403197 -37.44816148
82.91645428 93.73971357 -412.0262086
-388.5770023 -477.1033949 -313.9204039
479.5019685 300.9055615 -285.6865701
194.3237048 522.858924 -333.5646945 R
-297.2673668 -28.22550461 439.6967855
-122.6853175 122.722244 81.89987893
-304.128674 -87.40054749 333.4991624 R
193.832738 -55.08925307 -206.3588286
-121.3809368 494.8003327 280.6626671
-66.05300008 -228.2283061 160.6481238
447.739124 -180.430073 -345.2468103
109.3349566 -39.90859775 -291.513273
295.3965957 196.0202507 43.51576155
-502.4261418 -334.229857 -182.4739611
-202.90211 -538.2629241 -498.7809811 R
-426.565878 -135.17156 -190.4752991
270.9984111 32.26352652 -345.494962 R
90.72639033 -12.80033882 -57.36167954
289.4507026 56.45814747 528.6336591 R
-8.718291045 99.21294918 -431.2952368
-15.181493 324.8946486 -259.8847586
388.1096582 321.8972567 -71.988141
260.535579 -12.8325393 359.2219069
412.3753501 22.90852426 146.4980236
-64.00680027 326.935227 92.30088714
314.940635 472.6292382 206.7464015
-383.7001815 523.4573785 44.60356315
-33.84611597 86.77958285 210.4971776
-192.653233 -308.2120997 -289.7467046
2.874398798 -186.0170833 -427.622419
123.4967847 -352.9956172 255.1741092
-104.0102423 391.6885282 457.1344531
-274.2887668 -4.065864623 251.0565257
-43.34884159 -147.252647 -365.6191305
-429.5566932 257.1447712 -227.6140873
-455.0728438 314.7781248 74.13478784 R
-163.0168752 -146.3522447 -410.4219576
-300.6642691 179.600349 -241.9867304
13.01785211 -307.3501474 72.15190723
-522.5574003 -404.4849748 -126.1277612
269.491394 99.29428998 -264.4575132
-177.5848906 498.6056524 289.3858209
-24.8224641 120.2753373 -518.2291907
-288.1095957 -345.0983711 58.48474067 R
-211.5214856 116.7470491 301.1534709
-366.2785842 197.7133143 -166.0397735
428.9071218 174.9681635 -123.7443341
467.5273164 -41.81342099 -90.05820255 R
453.8000888 -481.2450601 166.1301074
167.2654113 -503.5892049 333.0683717 R
228.2245675 -310.8836838 364.2134144
-220.5468374 -28.21072087 -85.47715555
-491.1199674 483.4337801 305.5053218 R
523.6318444 314.5619218 -247.913048 R
-472.1255338 -272.6716743 411.9294706
172.8082491 495.2311583 -7.776886142 R
-76.92842989 153.672739 148.2477001
-218.9467824 310.4538033 223.8837706
-351.0114116 15.00264032 -343.448994
-257.2398015 -179.7029274 -361.9070707
-6.539084452 318.330452 -21.43666076
-215.6768116 -325.6255423 -443.4111644
9.465309092 501.8142759 106.8681149
476.3211208 -407.0858905 -498.9762148 R
-497.6344267 -295.5221775 0.6633051941
-300.1612257 -526.0336685 -264.7094281
-331.2138783 48.47454684 -224.3873694 R
-72.2015588 -93.24075536 193.0936038
40.23726098 233.38205 124.3276092
120.7224824 343.4099292 284.5404545
334.0860564 389.2919797 -107.1489657
-460.1652238 -105.6459824 -419.5598242
-509.1860237 306.8360313 439.4271632 R
-311.7620952 -286.2135202 321.7718102 R
314.4010766 -97.63401091 169.5425889
495.1333176 -277.6887851 315.299614
430.5526957 435.7903109 -455.4544633 R
-303.3878996 -72.48172429 -55.184875
472.9662143 -403.0705409 313.992358
401.4742691 167.3408363 431.1565967
339.6358782 244.9046309 348.4957805
-104.862764 -331.131423 -330.6933428
-269.517862 512.511027 -139.0869659
-47.01547603 62.39505437 474.1027981 R
-425.2887915 498.4968473 -225.6230425 R
103.7267996 63.49359379 249.2907746
331.5771756 510.7179599 226.1439811
-465.6201476 -26.88721377 -181.7682225
-72.2371426 -160.5068296 -166.6401966
-335.3261001 -183.4320129 -53.79659917 R
405.1295441 426.6918829 32.09775109
-140.9909019 239.5685686 -64.03344594
386.0689908 112.1698492 422.8903266
496.7700974 -525.1676791 161.0341674
510.1430711 136.9127139 224.8764106 R
114.9729988 109.8558464 -65.35552205
192.7555989 -461.0818807 -271.5718399 R
468.6671551 6.936952127 -400.9500508
262.0873922 359.5140226 217.269876
-205.2303852 -277.8419369 -482.7772355
-94.70693183 -220.6923758 -508.9327855
130.760408 -451.4921596 -237.6949921 R
189.3052819 -3.499212154 439.8631
391.3542738 107.7762389 -365.0681196
-86.62255415 -223.0142915 347.9614361
182.8930056 501.607004 -178.3406287
503.7604122 351.7467488 55.71120533
15.17630373 -114.3529871 -205.4036791
-369.5063712 412.570807 -202.7848984 R
529.5884945 -240.9085135 416.4110393 R
410.8724045 201.0445582 512.846491 R
137.243048 -417.9032709 405.2610212
129.7132499 417.2604147 252.077448
-547.7675746 131.8360224 -157.5787025
303.0637642 -376.5861843 -155.8808511
-160.0232665 500.0363306 -384.553961 R
35.19474849 411.6512603 -99.76115727 R
418.0509847 522.0374353 -9.638706492 R
-327.1347646 40.03906211 206.6702109
-532.0399767 282.050776 512.3215794
288.5139128 384.100393 284.2747854
497.0198506 -356.7413947 -219.8796205
19.66833364 362.7367097 -123.6302418 R
478.4233974 2.056823897 -355.0278446
-19.81287968 -143.5358192 151.3594141
-176.8009395 203.1083143 240.078161 R
-420.2071502 -391.9990985 -27.4176996
-417.9274233 443.8850821 -44.86836632 R
-233.9949285 66.84515795 -331.9983772
-370.1366222 -148.7428642 359.2339372
479.2810114 -454.7229716 409.2416342 R
-468.346516 119.4060451 -436.4857876
63.81705551 546.4399246 124.0015907
-437.3527396 -310.6017981 141.5290929
-35.45888033 -423.0670956 86.09324918 R
-497.3521923 -124.9211504 -345.091716
-48.82468852 -174.338031 -243.0421987 R
-343.289947 463.5527773 -335.9951887 R
5.268711216 2.470981472 362.5180707
397.4115608 -29.08270935 -217.8403936
-344.8517487 -473.9421102 -254.5452433 R
-169.8649836 -451.8487945 238.561533
409.944885 -406.8299681 -277.8431352
198.9886888 -78.17341889 511.5114655 R
-201.1088065 462.9216822 176.7722537 R
-188.8621669 -162.9429511 291.2377165
392.029951 -413.3030098 -372.6975896 R
196.8439656 202.2607954 -245.9381772
-148.8568269 460.3010098 393.7543632
210.7598971 -47.01544029 337.5528347
-2.934465831 -276.3537946 353.3089431
319.5153749 73.96345391 -464.0150404
-430.4859125 -68.83065603 486.5273521
-227.1911962 511.6964652 259.4793458 R
485.0675849 -63.90603442 -248.540311
-475.1546158 476.0354576 -400.470185
515.5889717 -112.6974769 51.27461744
-463.4285959 -525.1074552 -444.9742135
-522.8227816 91.43781807 492.3897603 R
109.5365307 -380.1535087 97.12583758
-224.1693311 86.77758704 -370.3497605
-425.9662859 338.5557781 453.5807255
-46.86531567 -272.5489118 72.36825036
-187.9104655 418.6116888 -133.4717863
-271.2154856 446.7031697 369.9265457
-466.2406792 319.7690032 -87.65716193 R
-188.2301157 -205.7121987 -245.3289694
200.6915837 -453.0227871 432.6607721
310.9136116 33.54091133 -467.6957858
137.4781808 -411.7123956 -530.1538523 R
-464.5234438 -483.366405 -525.129996
-328.7002145 -38.45884542 466.3499909
-460.2272749 444.2104065 -177.2836738
239.5848429 516.8291584 -112.9944122
94.26128918 178.5693477 -452.494792
249.4271268 548.5287308 -298.2360846 R
303.7036785 -242.4450468 -131.0296681
246.569756 194.712616 170.7206294
78.7426495 66.49071731 146.1904293
445.7567915 -309.6630318 303.7096088
-337.7978801 -69.84742377 -405.5770401
127.287651 478.4309636 144.5000957
-24.27701345 154.4343938 -387.8195917
349.91802 122.1316057 425.4175261
-343.8975555 184.8633082 307.9954023
110.8660832 -416.5162249 333.1672262
-248.9731646 171.2076381 28.58670561
-51.69835029 427.9904594 107.2610489
122.4308748 318.9175513 -225.7629307 R
373.8273644 321.0147795 -165.1157661
157.0747026 325.6721785 411.9430378 R
-72.97325499 -179.3048182 214.986934
435.9164029 407.7615246 -229.7884939
522.4155814 -173.2662925 381.1351601 R
359.7736149 -539.9610624 -150.727801 R
-494.8929969 226.2489416 -499.3773765 R
-101.255576 445.7741357 -184.407365
-54.72880098 220.0959908 -271.5820875
165.2300474 -128.7529412 80.62803716 R
1.472967419 -507.4978944 -385.4744182
336.4234502 -292.1549417 -52.7761182
445.8433849 519.4836542 -99.42772942 R
266.8189214 412.0275086 317.0867937
100.5435101 -274.5039835 439.3287944
-181.6997708 329.2524834 344.6384942
-523.747045 -123.6693334 -439.8091096 R
-394.0016179 -263.8431465 -104.1534991 R
-452.0040653 375.6958895 -143.4742549
19.83774415 -412.590275 -320.0780814
177.91728 363.146637 -510.7581761 R
-200.7488411 24.21300232 -168.7174487
-26.73449342 -429.8204965 -304.4072923
384.5846541 200.2909863 50.32746153
486.2902243 -406.1305861 231.6128782
-158.7580009 67.86095258 175.3780468
38.75510684 -441.1248852 -143.6487924
-6.330588939 -325.0351621 384.9874079
-142.1703425 339.9723158 224.1776193 R
131.9482053 348.398293 -156.2404609 R
7.398805473 -34.80150008 288.6058165 R
88.49772693 4.37176194 145.2221617
363.7605664 76.43548645 -72.17879058
-127.4106801 86.58357103 203.1689099
-295.6833373 -459.7818138 176.8560927
86.17822865 -349.7484659 -240.961984
73.08108788 397.2074762 110.9008367
-501.2431807 44.13910157 376.6001358
223.0758258 -418.2114694 435.5487971
-245.5990969 148.4578307 -247.9718566
-341.3438703 -438.6545423 -99.56671223
344.9502329 245.714781 262.126766
-29.57908505 417.83222 96.10538494
265.0028072 -461.6225426 -9.048567851
471.8750098 472.8712696 26.78143739
343.4017893 -86.00539144 65.91596249
99.98577067 54.22747503 -518.6058617 R
480.4215066 -178.3020356 -198.3219089
-128.4474322 -481.0340117 467.1691706 R
-254.4354665 238.9930162 -210.9253996
-209.2430473 418.8768083 322.071682
364.698192 332.9377403 -415.4073416 R
-359.978173 267.6209177 272.2991988 R
-53.90851377 -451.9582724 -177.4040312
107.7656111 277.4650721 -172.0870365 R
500.2843382 414.132006 73.32692452
373.2726961 -429.0835089 242.3851129
519.1483957 -372.1336968 420.4708084
-300.9248274 60.98793385 343.6826479
-383.3143638 -358.5089287 -105.9237043
75.98496144 -492.960277 -343.7875861
-464.530675 317.9951493 212.0690006 R
-388.930796 -233.2392469 405.9595831
-496.36763 286.6460659 325.8933577 R
-128.0407593 363.301131 -469.9195313 R
-56.00193597 -465.4456242 -409.9221904
-42.71351169 284.5610743 -486.6433967
382.5394652 -125.4377876 -112.2539982
-40.98314599 -422.3294032 294.2324558
129.0387555 76.98163196 38.14707544
165.6168194 421.3361421 -303.1484219
-33.66590343 -191.7929056 400.0527821
-298.7836632 -481.9124765 223.2823281
317.5660321 245.2810183 -207.8983862
-134.7295859 262.757657 -224.7266223
-19.99376844 -434.9192185 195.4788141
-534.4559608 -435.4058056 426.2836461 R
-298.084649 -334.5071936 44.94802761 R
355.5679104 19.70522494 -211.2432207
326.1421955 379.8700452 308.3773397
-253.7200148 231.4807492 -64.42978596 R
372.6531179 10.99716381 -121.6412295
254.8994163 440.5479882 60.99089688
165.1850308 -337.1725965 331.3131133
424.1428851 268.7748315 323.7806077
401.7859332 -85.4795634 102.5028829
-374.7747522 528.9506121 487.6051046 R
516.1575382 -239.3738795 -56.86076334
381.5781039 -441.3762024 -48.2939024
-246.0571959 134.9647224 -406.8898003
191.8312023 -117.5718212 350.662426 R
451.5993115 -115.2832277 -146.7151029
509.8191655 -310.617727 245.8492348
-63.79108127 134.6763488 506.6191199 R
392.6486251 208.6768882 133.7206332
374.6468569 -490.1119085 352.7443903
47.39531325 -185.5648966 -444.352335
234.5572571 -47.75651165 273.3321797 R
30.05613168 157.8992399 383.7859195
-428.7129434 34.76313843 99.47497887
-353.0315995 470.8400751 68.85804727
-180.3514303 -395.6249669 -209.6518877
-274.8976842 172.4066963 253.2089942 R
-466.9957776 -42.32797095 357.0439943
-60.4125409 -284.4271438 -374.7900094 R
344.7314086 252.4603094 122.5101172
-434.3147731 -333.7838494 276.1558829
-178.030559 -337.5538713 -80.26411819
345.9220346 -11.80119297 209.5912013
-415.8403273 -256.4932299 36.97172656
-153.8780454 156.8138872 226.5638391 R
-397.8475186 58.03632375 383.5540016
-521.3981962 330.2782617 -158.0946853 R
-58.07621665 531.2725743 391.1884193
313.8654436 -430.0424878 348.0447739
341.1565488 -183.2056765 468.3436469 R
-82.40437592 -229.9416242 -201.8787873
480.1367474 414.051568 428.4286742
-264.5538134 -389.1574115 42.32608869 R
-76.54690359 -298.8281606 364.1720917
-13.01550154 -160.0941707 -66.83440235 R
-53.82911763 424.5589041 399.4286826
325.9133364 -536.8884306 185.5278975 R
-81.79614227 33.90531368 494.6893701 R
-47.21256179 -20.7899008 402.6829826
345.1908306 -484.0089421 -349.2716748
341.5335997 121.0406513 219.6852125
-233.1514894 -419.4547957 -348.4058257 R
-31.91869996 237.4181107 -80.86396187 R
-433.998562 -7.73937539 -463.665329
381.0124689 417.377998 78.78916735
170.1114054 326.2784387 526.8609213 R
411.9606364 -194.0738824 -25.02036378 R
-473.6479103 -326.1988885 -468.3685828
482.4894274 44.37435969 -227.6390294 R
181.3276983 288.5061443 15.16570709
416.3132505 -184.1503542 309.9826232
-391.6372082 187.0526823 -429.0817325
-402.7006425 356.8623011 504.680795
396.6349735 444.4660845 445.4412358
-259.459554 370.0555888 -185.9466085 R
93.44800035 -368.0441182 272.9051409
-398.4544447 378.8874973 250.699352
114.6279874 -510.2092794 -214.2362214 R
274.5271108 285.5945505 -47.23439932
-462.4589367 -284.6876912 190.756183
-228.6266864 -154.1467493 428.1181972
-243.7616806 -465.5176806 -459.2065872
288.2611507 66.14796714 202.5913169
481.5433235 269.5300181 509.3882361
5.327887326 227.7152025 311.057181 R
72.31249483 503.9426221 113.2783825
-68.7098487 427.7248618 435.3123188
510.9308749 187.6856241 75.4731979
-135.8012602 252.9481148 -483.0251211
472.7100211 -255.232615 299.2148466
318.2174176 358.0927618 459.3737063 R
476.2476476 -471.3553947 -125.7361455
172.3206103 -201.5612869 -111.6443139
-113.9737012 362.2013076 159.4978897
0.2596478752 -254.1313628 360.8722212
-510.470986 -503.3704768 165.2603599 R
388.9458719 -408.4883668 -391.874941 R
-274.855618 -91.16892758 -296.8374815
-385.2605349 336.3045582 364.4197975 R
-101.5241657 -43.51861561 -547.2603985
248.321522 364.6666421 -450.9963584 R
-63.14167684 80.4719896 -518.1665646 R
-209.4438927 259.1088537 -349.3909021 R
-17.29482455 -453.7440339 356.0237228
437.4228277 20.50417733 -388.7240885
-114.1095923 -31.94720269 -258.2623327
48.21040883 -27.872734 -345.8376469
8.79106463 -35.89181926 525.8507178 R
-400.313087 338.2489272 259.2978929 R
197.015466 -468.0643828 -467.7707247
-492.7204499 90.45220961 37.89354015 R
175.8047153 -127.0520251 313.6236639
31.49417198 -469.6702542 -173.2837941
-186.8954182 -438.761911 62.53076976 R
-510.3237539 -279.0266077 308.5101609
448.3130757 7.822011871 -458.2321267
485.0457754 -326.1109114 2.485993399
-127.903125 248.4836832 -51.28440893
288.3708372 434.4145819 482.2260567 R
378.8494422 279.0439529 171.1427455
-447.3858956 -484.428436 436.5560365
-243.5857365 163.8448104 507.9814156 R
9.314916417 189.4025839 167.6554258
157.5079417 16.28000217 22.62853004
-292.7670285 -240.2547543 111.1108049 R
-326.9824909 -447.8151756 175.9451418
63.86031576 -16.29061521 -305.0797907
-328.2036937 349.8225129 60.75860601
-301.4725984 -313.6545257 -225.1497922
122.5839297 -408.0736436 -185.675709
161.4888486 425.5390542 -296.3944071
-203.0094132 -165.2792196 -524.5961013
334.7444617 132.517534 322.1986039
-93.80937237 -18.0785551 289.5229662
410.4823266 515.2034553 124.596433
-52.72981266 -411.6416289 -46.24431819
-126.4009719 406.6231294 225.8967306
457.2980442 243.1009664 104.8151964
-6.232642108 190.3839732 -216.112 R
-295.621522 332.6416319 361.2994334
-248.1660068 122.2324984 30.15722936
-34.1505518 482.4357235 -317.4353334 R
-56.37679302 -463.4518776 114.9648191 R
-36.8490087 -126.8552892 224.5613394
118.9942749 -76.5371865 -313.01564
-458.5600104 -91.50340945 -13.37181274 R
343.3222368 -145.6310091 -55.13220413
-179.6892871 -57.14738674 -300.0368083
-473.8352523 -356.6030394 251.7984556
-139.3654477 414.6797385 -316.995415
-441.4197929 218.5443063 142.8742347 R
-346.5794983 112.1682477 483.6959195 R
-473.9818348 338.4291509 236.1239906 R
278.9937251 -219.0401681 392.0119781
56.09886561 -253.8624992 -76.47551216 R
-168.5361618 -51.53336122 -15.19938272
-330.8035962 -42.56133262 458.7547109
-160.3536529 440.7719279 215.9722219
165.7686802 -38.90866683 129.0191973
-178.4959654 -208.1583673 104.7677179 R
195.7086876 36.78125319 -181.3507039
122.3568524 -114.8776079 202.4942521
499.599738 282.7386429 -9.802940411 R
-496.0129217 300.2413344 -95.8206272 R
519.1464107 124.2091127 -532.5251138
-296.7306436 -522.8445859 -450.7275408 R
-548.1092553 -55.40846064 -115.3822775 R
239.1290667 -10.04811253 524.6253272 R
-191.3241939 -154.3764985 -220.1075418
345.0682137 125.8982053 -527.2111922
134.1391776 335.2064356 494.1680735 R
165.140429 286.8564022 -279.4485038
-178.3296012 -50.26621628 370.9074391
439.5158097 15.32306014 85.82640862
488.6575759 106.7758861 -280.705469
456.283924 -502.3157495 507.4442399 R
-204.2877316 378.9878646 -488.758376 R
399.0805519 432.6121565 412.1167382
1.652393386 307.7303411 43.21554792 R
-476.4405778 -46.72970194 289.6727273
228.8884597 -514.1220994 -17.11145421 R
-466.8608726 -324.7972458 -423.375014
-174.6726312 -456.4734014 -391.6301754
461.87718 -410.2455048 -386.9439061 R
-82.62290538 -448.5773833 62.90159603 R
-66.10820613 200.7227376 360.578215
248.3146854 254.0711775 -461.77999 R
133.2573351 10.59141346 -136.4509813
240.0732171 -250.9590987 243.0368766
-529.5114637 -371.0318058 406.6860264 R
-487.1054827 391.4146379 -231.2681768
418.5526474 405.4451178 128.2380185
158.7229219 322.8814534 -284.7911838
-490.8863504 -368.6912802 -469.4242149
395.2094941 413.8978193 199.6286234
-454.7290272 -399.1168351 164.4235805
-274.516603 -121.6865439 -171.5468693
388.7064371 439.6912484 45.88535731
346.0946163 -263.2078538 -276.8290122
521.7165976 -212.2328737 253.151783 R
293.2489352 -374.5424096 283.4231013
-407.5841734 505.389533 -303.4171058 R
337.6773984 495.7058298 -374.9116605 R
442.138284 168.5735658 -101.7445781
171.509342 -521.7435495 -307.5399027 R
337.2719822 490.5911101 -5.077479426
-132.6152808 -331.02285 -360.411388
-282.3981365 5.559780423 -151.3142027
5.037763887 428.6893791 451.0975653
-278.970251 273.7364676 -69.1760991
-443.4352727 470.1053494 -262.7566642 R
197.0547231 -402.4738676 -474.2095433
-366.3907955 326.0017525 -127.5687655
-5.439198017 -459.7905874 -330.06421
106.1342851 -51.16610425 -177.2554878 R
-253.4739376 180.526097 375.0569096
312.594738 473.4611885 202.5227973
374.003388 -401.0733065 134.8179626
38.78883249 76.44001577 -25.81706312 R
-89.33123173 74.22871053 -148.0516408 R
214.77143 -95.94642645 -423.8852091
-2.785960135 353.8237157 21.48880035
-53.52460586 -27.52331406 -228.3920124
490.7211629 239.3088005 338.9703019
166.9544177 221.0966946 241.7576054 R
-224.5983264 -188.4687531 -196.523745
171.0210727 353.4424318 -407.6278693
-189.244338 194.8007281 124.8174582
295.4872166 25.02880457 348.0831184
-242.6777632 -126.9547427 388.9922358
-385.531415 -315.1793803 221.6547168
350.8610838 350.347556 -78.64461861
-412.9600038 108.1647728 510.8048282 R
-483.5651231 -290.9697504 -217.7468716
127.1697705 428.1875251 129.2463487
492.6305217 -13.58239592 409.327618 R
186.6893386 -445.356743 -162.5651627
256.9666481 82.53553548 -183.51743
337.8091015 -182.3368689 -369.4412252
-62.81275952 -55.29000129 165.3107714
93.05424961 -386.2619506 317.4015521
-457.7379518 -162.4597602 -374.8287327
507.7700139 -522.1626211 270.9608909
49.92587311 -119.4331895 -306.5858476
-466.2953535 367.9833189 460.0512768
244.9045625 -257.9011309 -495.4923596 R
-145.9972773 -409.1244641 -385.1902587
21.99442196 401.6682035 -320.0180188
-184.2603039 376.8977728 407.6083279 R
110.4512664 430.4454082 22.24275444
-197.6080182 8.712405379 1.970844634
93.45228779 488.3613237 -131.779375 R
438.6101202 416.3029592 71.91381421
174.9870812 -81.64320518 -150.3360787
428.6712614 450.9490995 390.6571515
323.6234243 307.8407059 -219.7264523
-77.67872519 -392.2718491 -136.4448304
-209.700636 262.4438958 -242.6461939
469.3216106 121.0745517 204.6955017 R
-456.5789535 196.7269532 333.1951215
494.2398654 -262.7558938 289.0182599
-198.6835565 332.7705524 62.70385832
-319.3895403 133.1051067 -248.8771405
-342.0560892 -189.3645656 -202.9359319
36.8285597 -51.24893587 -480.4623938
-206.6700289 -444.6188708 -246.4301217
348.7726246 -458.1302193 198.1884321
-350.5453855 -464.7295523 12.13962241 R
-303.798756 5.659934728 -356.1793183
-73.20967056 -159.1581973 209.6751715
-383.1214042 -136.3985734 -335.3870007
-389.375428 514.0578679 299.4295066
-176.7256228 403.2860355 501.3842165
137.9547872 387.8314422 -115.7982392 R
512.42761 400.9299646 298.5960513
-439.8790321 -426.3712108 317.0087982
-474.6172898 371.9050879 359.9505875 R
-7.593838112 334.8986591 439.0824899 R
319.4405302 -279.7409905 451.9099526
-94.06932826 -475.2350868 -482.814601
416.248561 240.5535068 -0.5018633373
-221.2735711 276.6149855 265.1072766
-61.79265078 -133.2119721 374.8964164
133.0340001 337.5459388 -513.0408168 R
210.8187305 513.6010637 464.0193592 R
-72.73265866 -104.9943139 169.3394152
-223.6630488 -352.4148508 18.85656901
-227.1231601 -330.1642711 -24.71922657
430.4530356 334.149803 -61.93106673
-407.428463 330.8784892 349.771929 R
160.1612109 -442.7081711 108.0680796
-293.5515637 -490.5812607 -304.4287011
133.2727643 180.3100494 -482.2962419
12.02627153 -240.4536615 427.2569315
-229.4140914 356.3544031 -299.5215898
-513.5330573 276.722408 317.668176 R
240.7816489 -386.5266487 -388.3032626
-511.371052 -92.62537094 254.8954341
442.3661977 345.2042582 470.970841
-412.9101591 26.92349916 116.0453659
-137.3683053 215.0018557 236.1169986 R
479.5365123 162.4889031 -110.134215 R
324.453076 263.3151072 131.0671029
191.5277361 410.0308 212.5010365
-66.37559268 35.56771077 83.78670831
319.319177 -256.672964 -94.32231342
237.8440882 -249.4088119 332.6835051
-395.9210594 34.12745293 -386.6761005
-90.02357986 -124.4180746 290.5588659
334.6090659 -314.9721244 -452.3216674 R
49.45447899 -257.9003526 -490.4159596
-488.8136208 237.9937179 -156.3828139 R
-412.8821507 -188.2274112 -503.5030454 R
-43.77307761 -362.6547561 347.1924207
-250.9693819 -136.8685827 308.6784788 R
30.20634155 -474.1470372 254.8967308
-305.4477584 -220.8776907 -224.2725626
349.3922743 192.9181264 -272.2271878 R
12.98209998 -294.8911403 226.2928925
253.0826924 240.8914734 -447.3088947 R
348.3841406 60.25033417 -288.5374329
-224.5399661 420.4978599 -475.6084476 R
71.75448903 98.18183584 -420.0183633
-528.6730309 -466.2472811 -228.4357284
332.0711588 -74.21389887 -16.12765934
28.63266917 450.7372918 14.3481203 R
-388.2205378 -229.0295031 -467.1657071
-198.0488236 134.5549196 330.0744367
470.3454626 -216.2158683 147.679367
491.5700303 -177.0298503 430.4731087 R
-44.79166736 423.5000556 193.6089065
8.050981239 -514.4266331 209.3559295 R
487.2176344 -129.2625222 456.6746449 R
-205.2031808 -222.3381429 -330.5789865
49.58960811 -312.7213155 93.84118254
-456.6084912 -159.3364775 343.3056579
411.159139 140.9119061 427.3420208
255.2618866 -345.3328953 -358.5975185
66.7559569 -51.19002803 -525.4340663
357.8714509 474.8856019 -298.8330076 R
-256.7699608 -52.59689781 6.591482375
-137.0433487 157.8837594 -103.7584455
-359.2401449 -79.95718283 367.423753
-120.0585972 106.6062283 -311.0636747
289.8298664 427.0241313 -14.25708577
-503.7654057 336.5653568 503.0386374 R
-180.3631881 244.118184 109.8396633
118.3162601 492.8570888 274.5210828
155.1849422 51.10922683 -130.3045153
-182.2201952 346.499446 -207.6349736 R
-472.4620065 -387.2380344 150.6084751
342.7537676 415.8026231 12.53310756
-71.32976926 -74.29189428 -175.2102909
337.1067133 -503.977281 278.525641
166.283995 230.0475685 -36.67598519
31.28219977 -62.68538033 -346.7787368
55.98130498 -133.9714251 470.575667
392.6403597 -220.1542179 -223.5875148
-375.6133382 386.37053 -70.16240228
-435.6643624 -133.2333329 97.82081123
380.8291012 246.7502121 -275.2569966 R
-24.23923113 445.8131545 -91.01921218
-60.2689941 -98.15959357 -205.3018827
-32.47377801 -48.1114019 178.425521
107.8077763 -82.95095124 -351.4088347
76.3939859 305.5552578 51.03802545 R
-439.902425 146.8614433 -465.628094
476.2382003 270.137211 452.3851135
-422.2900482 -219.290335 494.9714384 R
-135.39757 390.9228386 -358.962546
195.9641499 385.9699248 -324.6889578
-318.5882216 -389.1556689 -400.4212186
73.05942613 409.9612952 51.13381182
-67.12832489 -506.0381853 -541.4695664
-327.4449058 510.9017433 10.18011946
52.56331754 302.9856367 441.8995596 R
225.4520581 325.1721524 143.9267792 R
-97.31620721 -183.5695821 31.49224284
-165.6063584 273.5474571 -364.2109885 R
162.8391461 250.5840245 340.1554782 R
106.6892962 -228.0620213 -355.6163949
-401.1325643 -9.253250236 503.5673657
-147.0293324 -513.5522707 -49.56556291
43.84554446 -77.11202592 -413.1458988
-217.3021885 458.1644716 450.8553396
6.232535264 -33.62047227 -100.1589896
-350.0514024 513.9159115 239.6323143 R
464.0157938 -183.1443804 -32.40984772
128.9807721 -139.60292 25.57177645
307.8962495 -175.3559421 -320.5528082
13.65363461 428.588151 161.8275811
-126.6288288 -65.50786583 -309.045534
417.2804342 -344.7315713 446.2389334 R
325.7596833 101.670394 -267.7438824
-372.5051115 -505.1188277 222.8187906 R
-387.6591429 -421.3907155 -259.4732047 R
451.055823 339.1367016 -258.6044315
10.63250187 -353.9001521 -74.1179181
-445.771896 -350.0748978 541.7624998 R
275.7683126 218.6463364 -38.29129998
191.0988748 -367.8173757 179.1281489 R
378.7174362 45.22654561 460.2077735
-439.0992657 -224.1101474 430.5089291
133.9497974 -470.9131543 416.2042774
452.4867347 -517.4429353 -316.8067258 R
-277.1950925 -423.9646938 481.1577283 R
-449.8526974 395.7280146 -526.9035084 R
182.7521849 388.6226285 -9.625496174
-69.68823215 527.3797596 -350.9445646 R
-390.939539 31.24177099 -227.797252
-223.9359343 219.297677 95.78807952
202.6176097 251.5041761 -424.1280286
63.72373529 -450.6867541 -24.53155762 R
528.1066078 82.34623947 236.9008065
-489.3356424 47.28405485 152.9402046
-287.4520582 -5.046646885 396.8157993
228.6376469 -195.4033 182.6602697
-494.408087 -486.662393 322.8001742 R
-270.2354278 491.7559815 -114.4827102
344.4025436 -6.983054476 -163.9805959
107.7184828 -172.8630836 18.74836109
-514.3049335 -517.9333758 -357.7106494 R
367.1986703 156.0570456 -356.2356158 R
-62.22219519 -33.86742825 -131.9773096 R
-244.5123998 -471.3136318 426.0722502 R
86.62450194 -61.71179639 515.0963609 R
-527.9619624 -437.3494859 -474.3908284
-141.1940868 260.3831429 401.5343405
205.0393349 -379.3974599 -276.0426462
-39.72876044 220.4852547 -45.62185606
161.5637748 -210.9753299 -402.9727592
-494.9143142 -268.3159549 325.313623
-131.7723952 190.3016438 38.3469946
483.9171973 -329.1890748 119.0274454 R
-290.4272035 -433.501975 284.2856786
-92.79717895 -72.54071472 -158.5826216
-282.6810721 -233.5782936 -510.5662497
452.2780441 -394.5681978 338.1531354
186.6944421 251.6902037 329.9392801 R
-189.3540476 453.5766017 -447.6883686 R
-389.526014 29.75685033 283.9900994
-77.15239327 -32.65146188 379.4555246
-470.8958533 506.445126 376.6504758 R
-171.1443251 44.08441938 303.9018721
159.4629821 439.2566734 477.9351003 R
-476.5760675 -492.1892778 -30.52929462 R
106.9043595 -382.2867534 154.5484652
342.654555 -408.2790348 134.3571384
88.23322591 508.0726575 -153.8346814 R
-429.0930007 -178.8125017 10.46993669
-192.7122578 -346.496378 23.99003495 R
-152.2359288 321.3133268 -139.5830713 R
272.3307319 -44.24237848 -304.7632988 R
-212.6563397 -288.0313007 -236.3898723
-137.1357883 -168.6720855 182.1309247
323.874562 -348.3166113 -287.7272964
207.0430018 -232.9476713 -266.7982381
245.1658823 318.8845436 -251.8833608
125.6961034 471.3221447 -340.0811341 R
-167.1596068 -363.1666101 498.872652
-85.00694499 -86.80779561 -479.6801862 R
-76.61377566 22.77405598 404.7759485 R
-465.9164228 481.0979719 375.5843397 R
-498.6065097 -237.9444652 -229.0326705 R
445.9032823 68.54020954 -500.2647943
306.2048953 440.5744511 -443.7353338 R
-239.8857284 -328.044138 -271.425312
-158.7414668 -413.7745193 -405.2901624
-117.0581232 -407.0917432 -464.0239966
290.4943691 -400.677822 -240.7610386
-174.5739582 174.7191683 -395.4762413
8.335367228 3.961705545 -0.2881082982 R
-288.9244754 -407.0462301 162.5678043
297.0269455 -346.6077101 325.9067022
-211.027241 114.0938448 448.1807366 R
-130.3449073 -471.7117793 -411.6821784
-106.481143 -235.0429086 178.9651462
63.52154131 -181.9669342 -386.8977786 R
288.4420982 -486.7604583 -76.6987548
380.8788545 184.7330954 403.4869914
454.994495 -297.9406045 -431.4460223 R
180.6234493 -311.4398428 263.8009535
-298.0328268 -264.8976553 -508.7183904
399.5952586 -61.12987522 -468.0820846
-16.01071619 -300.8761953 276.9108527
295.0348065 -48.54332533 -177.3245036
-87.9567193 309.720364 -282.9816612
-155.2468975 -304.4170549 -5.467876269
-170.3672306 15.51806457 506.2523306 R
-150.1339887 398.8467432 -452.1348314 R
-221.9470042 -501.9951028 -113.5470624 R
-63.58558975 64.38129027 263.4566537
-386.2769727 450.9330014 256.4684301
-185.7792643 -159.6624397 148.7351872
-236.6573922 94.52584321 169.0956507
427.216688 -379.0196613 -404.8871131 R
-498.0050278 336.4315703 -95.03561667 R
528.7279189 301.1677607 32.53275796 R
135.0616714 -376.0875233 -261.7993946 R
-163.5897098 98.54873289 -242.5572729
-395.8665967 -313.634272 474.2829217
92.35524535 369.0882217 -205.632788 R
146.3745875 430.879932 -11.45853547
-150.5694062 -65.73571296 -457.275507 R
60.64957884 44.71729745 72.40122562
-304.1972158 187.1687733 68.30365942
81.67309159 55.29459012 85.27874223
-136.4961844 429.3182147 -147.3030579
474.9630291 -160.6674816 -240.505508
435.1413853 -344.5786801 -498.5672369 R
376.8055043 -318.4401995 -451.8269663 R
-451.0781473 -516.1632264 -353.3901808
-412.2552331 -401.7755585 -427.6729923 R
-229.7017524 -57.43031175 432.7831653
350.8528857 17.26542581 5.387144834
-473.5766935 121.0751729 224.3221403
-70.82206513 -477.5010785 -46.71765855
-512.3149764 104.2250705 489.6645688 R
428.8026131 -461.8628023 -517.0316301 R
74.26145294 -114.339697 -64.53215404 R
161.2810923 -440.0560511 155.7229261
-541.9146837 201.0507242 -449.2423368 R
-516.2418797 67.07271969 -105.1101977 R
-484.3399848 -501.8104163 -65.59774881
-542.6406133 76.76132386 122.840224
405.7125209 408.8979227 152.7726729
-119.3746987 39.48394486 324.0882244
127.6166037 -409.0991457 -199.5587292
528.4398562 304.3515447 6.234015636 R
-257.7857323 -188.6684599 -32.7550716
462.1095502 352.634096 369.2405732
-132.3757805 -336.5722971 -234.2273464
-438.9067208 -128.2412557 144.3463224
45.76273153 457.5308127 92.3264683
-254.4189435 254.9000404 133.6240385
241.9414018 121.7129571 -436.1428973
-451.4698399 -256.4601049 -401.6311764
115.8756421 49.8499002 254.6460074
516.9973216 -219.3399739 292.5230385
-478.6060245 2.124459224 -332.6857472
89.20387861 -402.9303726 -319.9218309
-19.1005664 366.2098544 -58.48468256
485.6524523 -9.92494532 -385.9600841
249.8579119 -488.8272658 -376.8943829 R
-447.9853874 260.332472 -4.116762735
-11.89316713 -379.5003984 -206.4974151
262.0830618 -122.9631243 234.0402475
446.7537731 -341.3188351 -433.824965 R
-130.5248658 347.8124572 -413.7479102 R
-392.4239593 369.2189622 -148.5602338 R
-72.58058168 -487.3770247 -19.80698118
456.3783307 87.70543203 -71.43167028
370.5575017 109.0724815 -299.9485019
-243.0529107 -23.37738331 -109.2665989
333.4282584 507.7577935 -89.91360048 R
-406.0115456 23.23288364 -261.7473792
-374.522709 -481.6690665 97.69304668 R
305.7648517 -402.4958555 -141.8872401
-191.8326527 287.4893305 -311.3088427
-104.5841304 -199.8523348 430.7054677 R
-318.0814941 -381.2423393 -401.3738203
-350.0289066 233.6621334 119.131493
-283.7067951 -80.35059407 -358.505488
-351.4444187 510.3745111 -167.949045
164.4722444 -256.5530842 84.43243536
-34.21150805 -386.4087085 451.8310163 R
-59.72197696 393.348117 -161.0505363 R
-375.3433721 -341.1526382 -86.92632948
-259.6881695 170.2994219 -212.5536397
520.8754562 -296.9771221 -46.45752899
170.4307754 -10.45427968 -462.5791587 R
347.4803953 128.8228432 114.86117
-95.86653071 457.1077877 -479.3869124 R
426.112639 409.4522464 514.0447173
492.0444591 -243.0266273 -441.9049792 R
334.8940812 -183.8362405 -106.470729
260.0729551 7.537466119 18.03541906
67.75772174 -168.8017517 160.3315132 R
289.3460341 -128.1123755 -193.3636491
453.8879684 162.0262511 275.2568046
210.9546641 -152.1941519 295.7566428
-16.9334698 441.4996159 -421.3939072
502.2352395 458.6937219 436.2150612 R
-420.1182338 336.3832345 44.05768028
202.1712732 362.8427471 395.9485509
209.5802814 -539.9146463 -489.5465093 R
42.86752927 -426.7186273 -200.9232981
282.3630553 387.2732339 486.1729864 R
415.5933543 -371.0286929 346.3063253
132.6707703 -449.2132464 214.1755603
493.6905272 -86.68794191 503.6517927 R
439.9031664 316.6462074 -80.92059816
411.259535 -139.2568226 156.589884
-64.71803344 -100.7597036 386.3460223
363.2283704 196.5513043 234.4560525
-218.9761567 74.05313622 -493.7259105 R
14.36896063 -485.7046745 108.6295404 R
-8.927078846 -367.5577479 -57.2987284
14.10472162 -370.6050589 321.9005789
-287.6101061 -433.1132895 -233.1105914 R
328.678588 -403.1275246 -487.2801382 R
326.8325319 -176.9164832 -246.5821628
170.3716917 -127.4531894 197.2074246
389.9281417 -500.2999488 -232.3450743 R
-108.0697454 217.6897184 -484.9928213
-242.1639576 -316.6815029 -378.9224326
-320.4730585 105.7310516 344.9434957
174.7594688 11.35148818 -45.36250813 R
529.1353546 -154.8382506 349.4407476 R
-33.8175552 -448.8357129 134.7622282 R
-367.4258135 332.5006226 -321.283316
-165.7573159 -470.7440018 6.469308274 R
-285.4201169 403.729288 320.8858446 R
-158.6956787 -460.796526 -374.9177266
-526.6957003 -385.7563626 -447.076539
-262.9897532 -353.4771281 146.2454171
276.8061656 -520.7348232 494.7800519
262.2006599 -476.9231501 -417.6676707 R
-103.0736823 -359.5430305 -49.8197421
-34.46717415 -274.2422457 87.41450532
448.9731022 -177.4518344 -156.1480208
-464.8685713 529.7121447 -307.3945179
-140.3715298 511.5556126 176.1394239 R
18.7720116 263.5986652 523.4590094 R
-242.9644998 -382.0523639 372.3354762
-484.2752559 454.0478296 -510.7977204 R
-36.41748283 -162.8962519 -488.4474142
-402.0937168 -86.25155458 196.8879635
539.6101669 361.076832 444.2796408
290.688525 -199.8782765 474.4011867
-252.3499384 -154.1447087 334.5120656 R
328.6423195 -36.82667604 56.8203834
-417.4193194 -58.14844662 247.5519737
-487.9510169 509.4151576 41.77466584 R
-368.4966888 -250.4411781 485.9681013
-292.8803211 -245.0624261 29.87131122
-221.9379169 451.9689425 331.3697588
-256.3607342 459.2333691 431.585279
-409.0681466 -197.6888922 -393.1933939
-221.8983919 -487.8696452 -474.9481517
-119.8030789 246.0578927 356.20723
394.3683033 -477.9308806 228.4613887
-136.4970322 449.4387062 392.0908254
281.7114545 -463.34493 -193.4535648
102.9295018 213.1079937 463.2024743 R
-156.3290605 405.9750807 232.894549
131.4925774 59.53773267 417.5968883
-330.6382324 310.8734346 175.3476534
397.7556755 169.1542474 515.4611962
-331.7928652 27.2453385 170.1681145
-66.20554961 222.6158665 -370.9851481
23.852346 60.08202386 263.4173147
-431.2449742 378.99141 -275.8357904
-508.8235657 -94.1619698 -396.6910234
53.63282727 48.48771493 28.43052696
-422.2548378 -355.5927184 -125.2540444
332.851201 -248.7476234 368.1402033
204.0283734 -220.6054419 170.1883421
-486.9299894 189.0846564 -38.99033217 R
-262.6113053 295.7352504 -315.7548427
342.64116 188.4573536 -85.9950902
-68.58383165 -100.1252466 -193.5052918
531.122966 165.0732281 327.9379036 R
-277.043485 433.777936 448.6466043
469.2994393 -249.1904328 505.2209125 R
383.7134644 215.8093801 -300.2900703 R
-477.4518674 -257.4606987 -188.0959995
-166.4090199 -464.4111366 491.8644299
-77.3263214 287.9046766 263.8210158 R
-179.176414 -418.6507443 45.27664158 R
-104.7825741 -184.9113887 -50.12566755
197.2009703 -65.5412689 -241.3236534
122.6103426 77.48248213 -186.2913861
-90.18986823 215.5010628 -541.6555099 R
-440.5304146 374.6656408 466.9587764
-271.6152008 -202.5353564 -203.3031448
-76.36745849 259.6798748 -49.19175949
75.35446489 -87.43432703 -248.9561919 R
453.4257181 -249.4090061 195.3257484
170.5912914 490.8713664 505.6895079 R
357.2149914 -354.1691823 310.8178865
492.7949767 -233.3215365 291.4234591
-77.05792958 -210.0323867 -235.7577901
-429.0963889 -165.4508142 -319.3604772
-329.4801063 169.1456161 -340.9600638
-239.5097812 486.3491662 -325.7643151 R
259.3822074 394.2580816 145.3123651
-369.1366598 318.8103529 498.6465407
100.8675208 54.02434572 -68.49222472
307.0234636 -500.6212898 489.8402316
-271.2952465 10.58334479 110.4588645 R
500.6916995 137.4043276 -530.486529
305.4754908 -492.5432661 375.3386718 R
-199.4395881 -472.6942627 221.8561181
-508.694288 -203.802246 415.9557617
-129.2537868 280.3306324 253.6102527 R
111.5025438 -373.0889018 -410.4314512
-119.6586301 -113.7180785 465.2452199 R
-190.0433713 462.0240513 387.4989223
313.1885762 -267.3604009 132.1698538
412.9330365 -467.0798987 355.5698768
-521.5890129 -318.8957815 26.86682721
-239.8892954 -262.6877704 -207.4174027
-33.92176282 36.61322943 497.2822433 R
-339.5366809 -79.73695524 466.7837813
176.1407567 25.18949715 -427.7380847
204.0710905 294.9499852 -406.1662755
321.7584834 352.9333869 -457.2300559 R
-15.10020013 89.23326434 177.3647638
14.637558 -350.8183715 320.341325
-108.0551891 128.9727641 -289.8866887
-23.42401311 386.6476335 296.1984368
151.7263738 380.9026004 60.71236273 R
286.2755288 86.98123548 -25.22384399
498.0746394 141.2766402 148.7404417
526.9053644 -126.864002 -482.0084973 R
113.9524077 -351.3972259 -395.060396
-105.3773404 428.0713687 108.0249417
86.69693639 47.93820665 -57.38138601
270.6071136 -524.2259489 -195.1231754
494.5111311 -378.419162 27.30687208
-128.6918981 -538.741362 -90.11677473 R
122.5143158 270.1212316 327.3357558
-237.9226897 238.3948339 295.8580345
-425.6108608 -144.3622418 -485.2457607 R
413.3356451 183.2134754 4.633778465
-366.0751255 -274.1880357 -138.9618012 R
-119.4324882 -463.5020495 -46.30191645
423.3421622 355.0224618 153.4487808
-378.1360996 -198.3402421 117.7512818
-131.5369145 490.5286441 -209.8218748 R
-162.4761276 -331.6833214 -229.5836989
225.8287161 70.04407343 496.0258945
-77.27500132 -291.8050981 438.2655477
222.1280431 437.5148235 -186.9561051
-118.0498701 403.5956617 -223.5292228 R
-477.5524827 -393.3489313 -475.699557
-65.95160436 -256.0571439 -460.4132442
437.5490181 -451.2414202 242.3976546
-378.3421441 -386.321148 436.882946
-302.7281012 160.1922446 49.87435804
-486.3777711 216.5768147 -351.6455737
77.81582007 -367.7927112 -301.8162672
511.735184 196.2853296 -202.6664296 R
448.8017902 -269.5193427 -421.2794284 R
246.5213573 310.3236547 -84.03509544
344.5751305 -122.4688753 -470.2846006
251.0138774 250.2554971 -111.5741928
-41.35218196 -426.382334 -27.79277248
230.8600385 15.62496107 106.4709953
155.6683128 -329.4734405 157.3507576
377.0207677 276.522612 124.840002
135.7380006 -209.2306479 78.40757336
-286.0911861 -206.639027 346.1695135 R
311.0565526 -234.6230295 319.3018175 R
374.5495274 -175.8456964 460.3483335 R
93.2378402 -321.4166125 116.0733501
417.0403811 191.0038813 269.6819444
-459.4738172 -260.4051991 -423.7378616
-326.1255262 -32.85601632 147.0584095
-511.4100948 -241.1016178 -253.6678342 R
-525.2083996 -345.5441143 32.86419023
-193.9544362 280.3060636 324.1861486
-409.1515579 466.1132553 -353.6919227
-342.530406 -8.728383565 94.86622326 R
-265.0898897 323.4218988 148.0421995
79.61188041 -290.4800568 -187.8753914
527.7538566 -88.53246277 133.2895145
502.2545159 373.4210347 -283.9071908 R
-445.9684749 203.6382897 208.3275686 R
-319.3177371 -73.85989159 -80.86602112
-187.2321664 417.2199168 240.4179271
-364.0861007 217.6067974 524.4108839
-284.1807333 -84.88247602 112.8742671
-351.6767235 -365.588655 420.5783874
63.30141387 299.3259131 -351.0898559
-341.2294315 -457.8332986 343.2507964
-147.4177588 -428.3020339 415.0106568
251.5851815 -374.5651529 39.3032981
-309.3055482 -248.1729343 -271.6742899
190.3720238 -327.6522045 -232.7318611
-135.0332734 -294.3306557 192.7833987
225.6822582 354.2208105 -9.015466481
36.7181222 209.5140054 282.8155917 R
63.58969979 -70.74938216 -406.8830076
-369.4321688 4.638942796 340.4397637 R
-229.7010479 -415.1435081 -435.6172398
-308.4199684 -166.3992657 214.4159551
279.3493943 -431.604347 321.1144514
492.0391209 -56.49157361 312.2849583 R
268.5506338 -306.6059809 -144.5916446
346.6064824 -132.6001342 -360.7952016
204.2867808 -279.8101445 449.9571557
266.3519384 439.5176313 312.1868325
499.9485374 -79.77379884 -248.4408772
72.17550901 534.5290517 27.20858396 R
112.1763176 -495.1036153 138.4353931
308.4826083 458.8929919 226.318595
-248.7911661 312.6615708 107.7019312
-323.3352096 -108.5662404 403.9151093
299.3420157 502.669071 27.55566935
-17.61835706 -408.8735672 166.4669756
-121.0910758 321.4774011 519.4351157 R
321.4246525 223.9766259 -520.0449142 R
-523.061169 -405.6725813 211.7935785
-269.0650842 481.8307633 -69.13310398
30.56343393 423.0758795 -426.1602028
129.6269536 17.33323133 -320.7033874 R
118.1495495 363.3185013 -326.3990419
-519.5192886 -204.2789552 352.0921364 R
184.3211276 -287.8787599 273.1573582
358.5095506 -281.2347324 124.4013272
493.9222106 128.8343625 -493.5483917
15.79649834 -65.13050824 -392.9706209
417.9642791 66.9324403 -513.2856209
-398.3007165 103.5751416 -349.5422069
412.6277695 253.6818343 -140.521623
-240.9020512 -528.4994505 -44.01709484 R
-488.639238 -292.6983695 298.5095712
-133.381895 -43.08097206 -77.79424332
275.1497078 -7.843102156 -220.7030916
215.776788 268.1092816 -268.8721973
345.4329582 -301.5745898 -69.65374607
77.7109039 -537.1975326 -371.3278032
-343.8467406 533.5637681 253.6364253
-61.19904224 -348.8266515 494.3995276
-341.9428034 116.8079784 -511.2912812
355.3670838 -57.96399799 -512.7181835 R
-175.9697845 -200.7565383 -162.1014452 R
225.2043087 394.86429 414.2495113
327.8857459 358.7879483 -131.4090594
-206.1294032 377.2804179 137.9024884 R
-297.7281916 -388.9412322 284.5760131
-69.11283728 48.60660805 308.0067183
-148.4976502 197.7031548 40.77821897
277.3238502 -505.2732159 16.43116345
466.4160473 -281.3414731 138.3412269 R
-65.80586242 414.1390494 -500.4075917 R
360.0151216 195.7147475 244.6081909
-510.9373783 -123.3526495 456.1198081 R
460.1581127 -520.072633 27.48429086
-218.0253047 -79.88347208 268.5213662
-237.9396283 482.2982975 178.8946499 R
50.0416374 -226.8921188 377.5707676
462.9028844 316.0827782 295.217822 R
-76.44435631 -259.1836918 -146.4690256
-117.7233258 -18.1190099 -315.5208964
-204.0642717 -412.540464 490.5403273
-357.8005378 457.551125 -391.174343
369.3975031 -82.53229987 -441.2967162
-523.9920049 -76.7912148 -257.3979159
422.3297762 106.4629738 -120.8751217
30.45251209 334.93303 -327.6986525
177.0403842 -265.563676 58.20581485
-165.4548406 279.0970916 332.3635602
53.43486678 392.03469 -486.7895057
252.5988723 40.34125154 232.6486643
202.1506108 -519.9102638 112.9709316
-190.9263832 -171.9881042 -94.33673978
178.2157145 -193.0661393 459.4244667 R
-493.8978981 61.35825453 -295.8572171
221.0283717 329.9223213 -209.0878513 R
-63.68619199 55.00215812 -283.291222
88.94712093 -241.1727624 -357.5463336
73.80988312 -491.7278898 -353.1736117
47.66078964 -456.6398356 -142.6695197
60.97132705 -271.7024143 343.3353933
346.2748321 -85.23419187 -338.2385249
165.6941941 -189.5509089 -111.4941559
-461.2998639 153.2291367 238.3050695
-456.8689122 -458.524817 407.4659733
-408.0977268 481.0289244 -258.1548551 R
398.9879506 -309.4519909 161.1514691 R
423.6954608 -500.899185 -467.9194003 R
-313.5242294 162.6267221 -97.77876553 R
175.4289579 393.4922855 -314.5771061
-123.2470961 480.463329 405.7145958
-254.2825268 -177.5177484 359.2632101 R
344.7587277 -320.4153227 -25.21552208
259.4343509 -490.5426313 -179.7040183
-527.0621297 343.3784751 466.6321396 R
238.7630564 38.57133683 8.943782165
26.21163417 532.0801185 177.1947257 R
-446.6543555 123.4397086 251.0353043
187.4117031 26.47957054 -410.9522789
361.7512419 -44.53700028 -431.6435734
184.8987026 -242.6092683 -244.2877626
329.5796961 286.4653476 -226.1792236
-482.4832006 221.0545636 539.5303525 R
-518.6027701 -36.4796603 484.2870282 R
-406.874381 -246.7648711 264.3982207
243.4392571 -49.38676017 -50.64308028 R
372.0412059 -439.3633701 351.2585222
420.3649511 490.1916243 -451.9329865 R
62.99986197 -429.8900234 -421.7851287
311.7806397 -392.6350019 272.8257324
-129.0097255 -513.5378283 -255.2224521
332.1934015 -96.37596184 126.0823208
141.5104839 -394.2205509 195.0429623
329.8835442 -439.5055648 -85.50467695
-97.14109319 -87.7860129 -321.0010954
420.1870624 126.9960043 -11.90591108
-495.8965781 -354.2377627 367.8152894 R
322.3613076 -338.0308999 49.66820255
35.72736358 -370.795905 460.6899675
285.6049279 516.9135505 103.4374506
-259.5275663 -434.1624815 379.9666327
-501.7825155 279.9313614 511.0905893
-507.7799613 467.2005818 -130.576657 R
263.333003 40.3190465 -251.8045243
-482.4690324 413.1451715 262.0202937
-426.840252 -69.4143472 -80.1376659
471.4028271 -297.3080188 -38.26372132
65.43575298 -425.0118823 -371.287692
-73.41314841 347.655874 426.8363734
378.3226828 -524.3361365 -151.5434341 R
65.64206635 203.5691236 438.4222311 R
-453.8360691 167.7625712 -22.73127978 R
102.6943835 -444.3554963 -357.3773116
-499.6537814 475.5130546 423.6535522 R
-434.9634425 -87.71849175 434.4529043
-108.7206096 -224.6269474 -406.6789419
-2.338127875 -221.9958227 -169.3189728
404.6004307 316.4447419 246.5973814 R
-478.2328814 -406.9212063 -268.1452723
-87.84522155 -452.4548023 -193.6189757
506.0852464 -162.8538911 -365.9915147
-452.6872803 104.3738044 483.3949966 R
-248.0320692 -176.7951158 -379.8268228
168.9366495 12.78657969 382.3403729
-201.6889293 -427.6542786 -310.8586605
-539.5219646 -119.1785288 -157.1085133
-88.92073794 -318.3098163 -5.057002239
-476.2076988 321.5575554 94.51941465 R
340.6373407 283.970631 197.4349891
446.7862731 162.4959679 -3.178102883
116.3608992 516.8079187 152.1852722
-75.57411853 109.4652482 -416.7939218
-56.94425422 -38.39847357 146.3107087
-466.4616084 83.26750349 312.3554906 R
-19.60154445 303.0981103 390.4763893
-481.993642 -238.1472044 238.5120059
-402.3401767 130.7587085 -347.2328314
-376.6345015 42.6301944 -354.6735211
-309.5268082 446.1744638 278.1369899
532.8102051 128.5001268 258.7004051 R
79.46486989 -359.9898096 -413.429915
206.8762049 -468.8387021 -436.3061641
227.1649768 -182.9579197 -476.3691399
267.5737256 168.525579 156.525529
102.1341876 -134.6644421 -335.5700882
-42.09642015 -214.5664798 -496.8741363
-525.6925047 -160.85316 -244.203515 R
447.6131621 329.4182104 -207.4615759
270.2110488 -73.61180236 -485.9822205 R
-62.03167629 -200.0941312 -107.6561514
-451.1927238 421.8077582 240.3790959
61.98237819 -484.1353071 18.04871953
402.2598643 3.374233244 26.35884585
176.2950683 385.8271595 213.3560861
172.6535041 -104.3276851 -120.0859505
-432.8057211 332.8614813 -172.069495
243.9526421 -201.8583298 427.3826838
121.6166042 -496.4620134 -428.0310738
-251.466866 -55.71291683 -441.7761022 R
207.8720988 -442.9389558 132.572547
-382.3973694 -537.8685967 -240.4234344 R
403.6479631 375.28049 -80.67847942
97.7722765 80.20515373 308.8344345
-131.4134088 15.3290155 230.7291331
-102.5516671 337.2362831 -171.3467547 R
401.5032337 171.9158938 234.3210913
-229.509099 -529.9125743 54.75500472 R
416.2262673 -32.44433772 -166.5776569 R
-248.4643239 377.414713 -303.0688681
-414.0587852 89.20228847 434.0581298
-421.1016676 -122.1391805 -40.92302653
-169.2132982 177.7823964 104.8602145 R
-113.8897243 521.8824678 117.7919455
-169.0979547 -376.6938572 493.7325177
-462.6824833 -117.040163 82.41460841
-250.5262473 461.7704576 -120.4004102
-318.3941722 -78.74704103 -353.0201627
-502.5955956 304.9759393 85.83850066 R
47.44863847 63.23545068 527.9292158 R
179.4716547 -531.424307 -400.8057303 R
-504.1717082 423.9541971 -373.7962481 R
-108.3625416 147.1270903 -412.2534877
-413.3345887 188.7935014 -225.2479539
213.5106713 358.6928818 -505.2582992 R
103.7907425 59.57260585 -331.0660702 R
-37.87836993 -298.5364752 53.27068249
112.8743788 -255.1903544 -331.8519123
404.6231446 -494.5450388 265.9031348
-182.9021696 -173.8991195 -484.3371803
224.5351544 -415.2721777 439.4148976
-222.4859146 -262.3175486 323.2965728
329.0703299 -403.541375 -20.00981514
332.5048167 -407.8514157 456.1520397
-383.2316668 505.0839844 -118.0794192 R
-346.7412707 160.767157 169.5135178
-148.8312737 74.11589855 -204.4420382
342.7992232 172.449361 -523.1590222 R
108.2075774 539.8357475 53.58803871
-96.05561949 33.08750295 519.6824083 R
209.3443787 -142.359393 96.81882581 R
-368.141421 56.21566428 382.1239581
-376.3768463 175.4611704 -131.0793782
-357.2316572 337.9745924 -259.8050657
-457.9219287 -128.3144291 142.102316
253.516741 297.2322914 468.5152814 R
500.0904811 451.4813302 238.8665227
175.6159774 -228.4140088 -483.0288506
-5.516293207 390.381547 269.3599526
369.3606913 -260.1990478 440.9036094 R
187.0125454 60.24405777 -431.3070393
-3.107866045 29.72162473 348.6650098
381.7125178 -155.4050248 -236.740507
8.18160026 224.4748133 -494.0082635
-450.3565839 -440.4193276 -98.53016565
260.9252523 -312.5365586 201.2021962
512.8519205 197.694735 -271.8019557 R
363.2667548 83.31567287 172.2770109 R
-381.0947854 -318.6913355 -411.7391154 R
-35.92154088 300.4578981 -169.0723541 R
-349.6220105 35.98096121 -263.0271662
-394.990964 -390.7869613 -137.8497058
-409.9949312 -409.4080133 48.6559071 R
91.29359824 -156.7355575 -122.9741817
182.4876812 285.4548025 492.0056823 R
-352.0518805 -74.09448642 -196.0791509
-417.281698 127.4171899 -178.4428034 R
-288.8240755 435.879047 489.8238769
-161.5600138 -380.7018821 337.3949402
-140.3023333 181.9140979 279.4964621 R
449.5035177 -83.03581399 -1.183241332
28.94034904 535.5702712 -484.3577636
-379.9767519 229.2869715 180.5373288 R
20.71563618 209.4070183 14.49548611 R
-446.2007731 -287.8573008 -182.8491456
362.3416326 447.7497519 -294.3465892 R
121.2245634 403.6491576 -459.9159466
-305.3024259 -310.3337622 393.1340884
508.8094155 50.23789204 384.0681831
166.1377454 -106.3077632 -289.3598162
-128.2342583 57.44291158 331.4863376
5.756941288 -412.3637654 269.6868322
424.0858031 158.0596652 -36.54300256
212.8793519 -521.9889231 304.8730618
18.24900463 445.629145 -234.1514033 R
299.3239985 203.9811404 -164.4905809
-516.008588 402.4025743 -161.7182509
-486.1698807 129.876498 364.6405672
-32.17749899 470.9573028 516.8988784
-222.3107199 -128.7437168 67.121678
80.12901937 -382.0582925 249.6087513
-278.1040369 -481.6902968 -268.7092864
71.26204543 -363.2883665 454.8308793
-85.01986615 -469.9823811 -51.23152751
126.6176466 187.3081782 -489.5370733
78.85646412 -517.9743012 -392.072838
-180.2298346 -45.26293361 270.1189357
39.53359488 208.799049 104.2288071
317.861842 500.695297 -125.8086127 R
-150.2568763 201.5270446 -276.0261518
167.6302097 175.8177002 92.86658112
254.1701959 37.15586294 489.9896839 R
-85.63659894 -198.3244305 -377.4571084
-257.7201678 -204.2941397 -110.4250172
-374.1314672 91.08463458 430.2738518
142.7631852 121.2418246 -60.85548741
-82.6392399 263.191488 544.3621339 R
-56.43266664 336.2948398 -41.68632934
-55.26458046 -448.8487165 -261.6114149
328.5381391 -63.14888155 534.8466263 R
510.7209534 44.86473439 -291.8815625
-179.0032432 -81.15404258 474.4055291 R
500.5772942 -198.2248365 33.57916364 R
333.2188805 201.0806751 -39.87638318
291.6234692 -127.0530208 -352.9797004
-113.6872513 470.2781623 -266.99095
-121.2542999 -123.684402 510.0835678 R
172.1082659 188.3147156 -303.051605 R
-454.8846974 -412.7563512 -139.4814651
284.1141105 -197.5624967 277.0111602
-399.0616634 400.7487362 430.8443763
-12.00893724 -249.7935732 496.341837
320.2131407 -461.6481316 130.1668869
362.3390564 481.2733947 -14.87082002
28.01460871 -406.6661211 -98.07369897
-306.3430564 -275.45752 -232.7625799
476.9911195 181.1161197 214.3116192
-88.71653756 -282.7211056 353.3889625
-534.5313322 -99.72416833 -379.6631717
-365.2648744 -298.6043024 -414.3012972 R
-237.6902723 429.6019476 -145.4652521
-379.007231 -211.8123444 -167.9116533
-355.9594261 86.15643187 270.9090504
-65.83363444 -98.8509092 -508.940468 R
-192.0166286 -138.0888466 -238.1310047
-482.155238 -534.2463424 -179.108258
97.52427266 177.7017403 -374.0453204
-476.9941586 -186.139328 36.39594951
-372.6258916 275.4973488 444.6682498
-360.1186708 276.6351518 406.2939985
450.580306 347.7066289 -226.7429107
-507.5104232 -300.9176169 -58.97309493 R
-117.5532824 -252.679584 422.6133485
34.80451778 480.1598295 225.2162404
378.3369444 -268.975573 -183.954484
300.3330425 55.59904848 -253.7244826
-137.2670597 397.1836017 -168.8156501 R
-365.1880323 -452.4439936 -299.3038332
28.36188135 242.4296089 -331.5624044
-247.8882496 87.9822219 458.5202751 R
-159.8419819 474.4176016 212.8411709
199.4334047 265.5861695 -282.1703532
-103.6809878 -498.4897848 -69.30926775
-370.3986974 333.5826698 -404.6699454
-419.6532888 145.1837704 -412.6961716
-110.3215327 -232.4364797 236.4602127
196.8972921 548.5842874 470.6113446 R
-366.3989741 -453.3666006 406.0813678 R
269.2911177 -496.5756869 9.523667257
323.2938164 203.0174552 -367.619817 R
-1.594796392 -448.6286476 431.4564642 R
-110.520498 395.835887 401.71377
500.0370814 -452.7422842 -497.5837079 R
456.7196035 -195.0365862 280.3450777
503.8478596 228.5566899 -492.2355953 R
75.62740498 -300.7172394 -32.66284902
-325.0625787 -498.2188196 395.8089556 R
-114.095617 209.3839055 397.7665131
492.9302447 54.0067323 -321.0949445
-82.39919923 230.8906273 -510.3874447
195.2642935 -438.432421 -523.06038 R
147.2174378 -262.9539157 -232.8766755
-67.73460248 450.020768 -359.8320426
98.64482095 233.7613411 -56.6259385
261.8010327 243.7575532 -404.9001541 R
230.958808 216.9189645 431.9665502
78.99378182 391.2132246 202.0032666
-173.118556 438.53529 449.7757408
304.1761253 458.0433376 -388.1915553 R
-34.06323751 -333.4353997 490.8065364
387.9973617 114.2224287 -311.7303245
-466.3348997 -399.5520121 -455.460832
434.3513553 -426.5962532 -82.75373583
-367.0011651 -266.044612 -362.9376995
-287.899574 271.5025679 -501.3997092
312.4498388 443.0569256 -542.11074 R
322.1670562 -107.642814 308.7021198
-361.0611474 -515.1816348 500.5112337 R
58.88057552 164.8720036 336.8178312
-162.7772002 4.312117212 200.0008223
-502.3237879 27.908223 -208.1485404
-466.8478954 118.4543748 -140.3873418 R
256.3400273 -278.9607358 -143.307172
392.7150578 -240.6737025 275.7401991
-486.1965118 416.9279023 487.1618675
-200.0949976 464.1955225 354.7817176
249.2461426 498.3652766 -89.13875538
424.4543296 -197.6000296 295.8941847
-103.1227062 517.0551652 175.431487
-49.23012724 -64.6496846 390.7212692
-43.18169624 99.1630182 -0.6556307322
-309.9403256 -252.7421616 491.4645194
-76.48184233 -312.420148 -290.4738165
-27.10270812 169.7747218 134.3420428
-501.0567756 -372.2365099 247.1574351
50.69955458 285.0198129 -191.7339218 R
402.1160521 -482.0179994 39.4632666
-407.7553795 498.356263 302.6553633
-119.0810236 92.63783099 -117.7518824
-102.1835931 281.5750539 113.9512041
211.7105585 197.6935336 -496.1487714 R
308.9826005 199.7539967 331.2563757
74.05767688 54.03165979 437.9621747
-139.0338199 471.9562478 -477.3834035 R
230.7976618 228.3066955 357.9671094
-155.0111717 97.54870138 446.732316 R
177.3233731 -42.16684948 -310.9685289
395.5860114 326.8349132 505.055222
-330.6768201 -28.80308755 -243.2352005
-116.2308491 -377.0604182 494.8489594
-372.0997245 425.3052604 195.4066153
473.9516714 -527.0098918 -57.85809533 R
54.61024956 -349.4377823 -468.5177257
170.3953998 233.7471591 -297.5956249 R
511.070021 -15.55915874 9.323404578 R
-26.79381561 402.0921239 -174.1451603 R
-45.33786389 97.68118829 -433.8520955
-108.8186497 449.0592219 11.25406794
-98.46580244 -325.9687579 164.118125
256.2352012 86.40522587 -454.9750251
-156.9223419 -49.75418264 46.02049773 R
-131.8425487 96.46760332 -365.7439829
-220.6366613 295.0744119 -366.8932292 R
370.3905841 343.3835217 171.2347015
-201.9801346 -435.4402564 304.0357034
-64.42272596 -240.6684829 -332.3854944
-52.10823721 307.2693248 -466.0678272
-48.71460025 523.1502386 -8.386448193 R
43.75262909 92.90582797 -444.7114079
-290.2852432 -374.5825663 -228.88965
292.3423225 -12.20128715 -118.341705
-440.0730176 -190.866176 -274.9376616 R
-426.6395596 -150.4087567 121.7666913
33.54142656 -451.3262377 -484.9916466
-447.1600769 -207.4555518 -414.6824383
-193.2966679 -549.0700041 -21.85085844 R
-409.193323 -364.8276346 -20.05125809
-265.7695762 94.9953002 233.6457854
210.2452908 -280.306932 478.1537738
424.147324 11.07505652 480.9460523 R
94.93028484 -155.7480464 -37.28227977 R
298.3502914 -298.2592278 488.0412339
-197.0323557 389.2735773 -57.09452145
114.0018918 -157.7811991 -479.2423155
-427.0968978 418.1984031 135.1415714
-413.3902533 423.771251 216.6611632
-267.466506 322.5005135 294.4069381
-117.2357363 12.81707844 296.1444426
-302.5309267 85.06938973 -247.4797066
-103.8309194 -278.0173196 -184.0872478
86.6613571 -18.15584466 -487.5843641
-137.3149189 -345.0560247 222.1782668
-424.7500928 -265.838656 456.3787109
-191.8463602 -293.8738644 -447.0536512
-203.2319464 288.7471509 -356.6595285 R
-459.0565424 216.2878385 378.8434479
322.0832522 -243.3799755 -65.51785695
500.6121886 145.6604642 -179.4058627 R
-284.317873 -433.7900288 -63.44547223 R
241.7178409 -87.09822021 -121.8435278
-494.1267308 441.9494177 -329.0423289
-503.6788272 -150.4879068 199.4558394
247.5357915 305.5731454 311.6617351
-199.3113758 -312.595048 -489.4602989
215.4950607 283.7530925 -151.9256141
-219.667707 333.913237 401.1579152 R
206.7089836 435.0994545 -8.389571388
-5.513837006 -263.3431456 -17.45839325
108.9606523 -197.2444836 38.93782084
259.0896593 -169.8686562 -129.5954674
-85.80523175 162.5869895 -325.1285752
374.7975918 392.6367457 450.3437741
-50.0947971 -257.1227836 -369.1326068 R
330.596404 -78.2425221 460.497491 R
75.43386584 -38.98996095 -481.1615435
-196.9467674 485.8559877 -47.92819231
483.7446321 -340.5867921 -282.2057052
478.3948343 -129.2494408 -131.6965939
-393.3406708 119.4545607 -466.304174
138.0589727 -234.8700999 5.573739655
-159.2402136 -187.6378039 -452.0135704
98.7285911 -130.9748456 464.7634898
-299.6871279 521.9940339 255.4369657
406.7585372 -183.7037758 504.7353932 R
450.7959308 142.4336233 -528.2207067 R
297.909146 -29.26457668 -407.842203
-393.9367176 482.3642733 390.5611232
288.2447946 149.6222631 -172.6536852 R
353.0644265 453.2215561 442.218539
-82.29082878 -469.3503039 513.503228 R
-364.4852826 391.0580725 284.6830917
-548.9934812 205.9289516 237.0594487 R
-169.9879865 -312.9642774 -92.44118693
347.2217793 -463.5366518 494.8764485
-102.4092023 -254.533417 424.0819304
-402.8315107 90.70441243 204.5146275
-126.3369042 -453.5364177 369.1347398
-7.024200373 240.3444406 -490.234547
178.2970249 164.5335858 295.2612581 R
22.52046125 -111.2217364 79.55269991
349.3690369 18.98948852 -371.36308
87.95893359 190.5436488 -133.9062551
398.9309711 478.3728131 -481.8902331 R
-103.1072789 240.3312559 -238.771932
-27.52371186 -139.8178625 499.466902
7.078073819 8.416702626 461.0698059 R
-125.8224332 465.1919582 -35.59982197
500.6241388 419.0405827 -227.8405269 R
233.3799391 106.8015439 503.3988005
-269.6105168 -130.2087346 123.0785281
-444.7099859 -32.35091745 347.9447832
-202.4254514 247.2440553 54.42693973
-322.2828833 -436.1713833 -378.1221228
171.6098659 247.6661581 540.0698314 R
19.42010614 -398.3669497 -123.8301296
-212.9090227 422.2703864 -252.361362
-272.9801223 -360.3802705 -458.5385691 R
95.06516179 263.7424143 213.7282996
81.34809354 356.3047431 -366.2260092
-195.5984384 -233.2302617 -427.091232 R
325.4906311 153.2994156 42.48382212
59.99936058 422.366456 -153.6349841 R
-8.429955779 -79.7433577 360.121756
153.6281053 -90.00277228 222.4818044
-79.24840421 -202.543615 -103.5840239
33.10052951 -286.9190288 393.6453651
160.8308831 -150.9456172 -150.4975804
-312.0138363 45.35496034 -18.68357986
-463.6449846 381.2905353 -291.129551
-69.73394661 -347.3719174 240.3196767
-480.3463514 -275.8485621 -97.53632813
-226.6297416 242.4892492 -149.4777437
-371.5953176 359.8586927 -274.7025355
-462.5934555 -126.8957577 399.7593651
-272.0712058 -510.4721345 53.12876182 R
185.5649217 509.8543718 88.42428265
174.7721499 524.5834112 -375.1037069 R
88.98410304 -168.5511714 348.2529503
-105.7648114 -420.1856374 -24.7970407
-548.4841505 -163.105981 95.36133914
-184.248277 82.42723005 337.2968386
92.67075142 -360.2933466 359.3138197
-271.7559049 -372.0807395 175.9331437
-475.5955201 16.33428403 -492.5226355 R
-160.875285 -488.7870857 307.9915268
325.0603592 -423.1172243 -208.9455456 R
370.2841321 -382.8051505 -169.230415
502.6054659 132.5254735 71.62124601
85.90238549 127.6423136 -168.2833588
380.6458299 -124.7284959 261.3835107
347.4839577 191.3417134 -354.3236472 R
513.8016865 111.441864 341.517743
-280.1403766 258.255983 -15.68733978
80.81455952 304.42729 -264.2300055 R
231.1003572 -124.7568574 -404.7886227
-54.55083214 -201.2241043 -67.14320792
31.85836901 10.814846 -358.3796008
109.2882278 152.0944389 -37.94259091
-51.89230675 -129.0672015 184.6653823
463.485268 442.7713488 186.1292074
382.4851251 -509.3716073 -20.82687144
473.308914 77.54371581 31.37361537
172.6354251 -30.75886713 137.5777815
-407.1372831 183.3056621 -422.4271558
15.85957133 -84.57329128 -478.6471824
-58.32627699 10.1360465 10.5478462
-45.10012243 459.9660004 486.6114219
-464.192207 -27.17554883 325.2511821
122.9814801 215.6090052 -313.2201923 R
-527.0595748 -471.6413668 -290.3109601
-453.2231903 159.9031362 501.3879059 R
-368.5464968 -182.0169895 -437.8172261
505.3098421 183.1987972 -526.618617 R
-279.6210314 -515.135981 -203.3652178 R
225.6853661 -505.5391736 333.3573787
516.2530091 -402.129487 -178.0707543
-48.96824075 229.914723 263.4756384 R
6.683747875 444.4381275 403.7205531 R
-23.88138535 -80.51882395 461.5604186 R
256.7512611 -370.8053112 -78.11784226
332.9045229 -13.56657342 -124.880909
103.6715102 -304.0587573 -27.52863649
338.8814791 -171.515533 -183.6181372
470.5594773 -502.4940422 118.1085939
306.131683 464.3340614 220.1251074
-265.4323207 -44.18298531 -21.08234054
-97.03579768 366.4692278 -460.226859 R
-428.1434748 468.8217803 -496.0814289 R
274.5851805 -93.82637517 -528.642173 R
-240.9631018 321.5292145 210.5805235
-107.1233445 -396.3479305 209.1015444
-388.1498923 -335.6669722 173.7646948
234.8365721 -322.3351918 -466.6651507 R
-73.71556143 -120.2598552 273.3598862
-523.6814396 382.8791227 35.24689304 R
-129.5658472 -242.4724175 80.06677181
414.6960226 414.4486671 364.1206123
516.9543216 -16.92035712 -497.5182136
-38.42131719 330.8721955 -307.1222657
201.5535693 67.23216644 118.2612733
426.6439493 115.7129473 -328.0162388
-18.58504436 -321.9419196 340.9430847
5.740831113 -474.6816322 -456.4693989
-383.0306381 -172.6320999 -355.6373482
94.69833609 -179.1939581 -293.6001315
159.4702815 463.3482607 310.409466
-441.9443497 329.136964 -340.4956937
-186.7800201 424.9536683 28.76775803
302.9621849 494.1360858 173.645121
522.5203354 -227.5511261 -459.7684115 R
-473.9265868 209.1926177 41.40070953 R
-354.0401589 -483.4689692 401.4178678 R
-415.8140517 429.1980224 66.01509803 R
444.9814864 215.5789351 -133.9475023
503.0684739 471.1350249 -165.981649
-246.2629827 185.4055592 -292.83918
-139.4790038 -339.1851987 -117.6980438
384.9608666 -517.25324 386.7789206 R
-491.6647677 -377.0085339 10.32833452
-220.7395048 -377.2763219 223.4425748
19.43779496 -335.0847168 124.0287936
62.57121201 -322.469903 -410.4255835
-191.5681197 369.0178303 188.321514
-46.98921067 -100.556503 -373.0549995
177.6630742 62.66887703 163.5956899
380.8004047 327.2532798 -242.6410158
112.1617266 447.5675303 -267.1709991
-138.4033633 -421.0450156 195.6149789
32.70544512 -57.07879628 -19.43588905 R
-388.04096 225.3421735 -211.7811461 R
-40.08902502 258.7191739 -443.8563916
519.6802391 -435.4376424 288.6446262
-331.5902586 -25.94595933 -242.4721665
-426.3546203 -362.4901057 -544.4338954
-505.9690073 -247.7769201 165.2338024
-247.4261268 47.59244155 -533.4813282 R
158.7715216 -183.4341975 -100.1081061
61.035111 -412.6663137 396.5655428
-471.5766425 532.2697487 202.4013968 R
-420.732644 -475.4100403 -124.5108675
104.484862 -99.99682622 255.4596894
83.5222026 -100.8612095 340.8194488 R
333.7206996 -520.4143835 21.79556946 R
-7.134211097 -272.4309662 -345.9416329
246.4736206 64.20083605 -446.1676442
-4.958384913 492.9170166 508.1277259
344.4789414 -434.7043785 50.73997134
-343.5460383 -379.1224509 -396.067346
-1.513764706 481.5891715 -0.1281372333 R
366.5694516 71.85019794 -281.7795379
165.2394328 -168.2138863 473.4012172 R
110.8964397 -327.3005115 -106.4421026
-317.4174484 89.36013132 369.9105326
-221.0284289 -508.4239968 -469.5354046
-190.1375098 149.8001636 -73.40272126
-328.4052447 -167.1398134 -192.2660925
-121.3287749 81.92828367 151.6011672
426.2127096 -52.76150107 -314.9933917 R
476.9119881 -31.43324625 -417.7383764
-34.17101352 419.6978422 417.0307002
337.3362739 241.8264758 -526.8195457 R
-291.5508286 446.7080645 454.2271416
-225.2622102 409.5541658 -54.31533271
307.7021002 -206.3861727 339.394576 R
-197.4687896 -110.0865872 -412.1210615
514.535629 -155.0419613 -495.665839 R
264.7782586 213.673268 163.6653632
-136.531332 -35.22713851 222.3414579
-360.6787628 333.0107396 -127.9557649
145.7885889 -187.6538368 491.1537702 R
523.8854049 -283.6354629 -322.6692512 R
-337.8215045 -484.9412211 376.6005194 R
-61.73984785 -509.5745568 356.9102621
-264.5235499 -27.97132962 224.4580377
-72.71628184 -413.496124 -293.200389
388.6076934 -214.9081368 -239.1460008
-12.92161988 96.00362453 138.5944919
513.3262454 -357.4281009 -380.1336643 R
-508.0674796 -494.7796157 -45.96821934
-205.4108521 428.0021259 331.1152628
-139.4050754 -132.6685537 358.8038483
246.7427146 -488.8125335 537.4691903
-449.535561 37.27196849 -203.4608239
99.05448678 -97.66552298 -14.68678055 R
-95.4788991 -272.9240534 80.22654411
381.1579092 -514.1758782 219.2802774 R
-219.0233419 498.3903748 -395.3729102 R
170.7583588 -38.86125948 442.3318453
-239.5052712 200.7727228 -488.8510178 R
-240.1008425 -57.07328053 305.9002547
-344.9325854 499.8357185 -239.9438779 R
137.1246813 450.6865796 277.4913415
-62.12730158 -109.3549925 -47.09667751
-522.397816 226.0418433 307.5091842
353.0637079 211.6360004 -34.58119323
192.9524069 -280.5447802 -513.7768539 R
447.7297971 138.5171345 -338.4322984
-365.6935578 389.7647999 466.6226478
-533.4401327 -499.010782 115.6120003
503.8591389 -311.272005 -77.81505875
511.3908706 356.3774189 -319.169333 R
441.798372 96.24865619 396.1620611 R
167.5677054 78.65828186 110.8637063
115.9738443 -218.9304462 255.7847777
492.6606063 -10.86396479 190.6035346
58.16580664 128.0341535 128.6678385
250.1325173 -196.7777374 233.6840985
-476.4433467 -245.7411054 108.6071782
290.8343105 202.2442881 -151.4691247
429.2506839 371.1271914 81.35279653
85.99895185 74.18612936 231.3833748
-13.6941636 -39.42103729 340.0511397
437.6317557 172.2948767 81.25378661
268.1825438 327.6627504 0.01992636634
-41.66917666 92.56585849 115.8683233
150.3461542 455.5088012 -144.6589767
-249.0148514 100.7553266 310.823748
67.82482762 419.482386 -437.9060824
-84.93751858 -330.9756789 -61.46590965
345.0913116 -216.1810999 -357.9111908
62.74879072 281.8026646 303.1364342
238.0917205 -244.355936 -303.3280192
63.72122532 -267.4582119 177.2817521 R
-390.0254617 -150.5960232 97.33188924
-250.1705714 -429.8727475 -166.9652985 R
103.8724702 441.9788139 465.3875029 R
-193.8165136 -505.2652441 -125.948789 R
187.8992549 -445.2876016 -180.7533555
391.7915152 -286.7921844 -55.78032791
-298.4229734 -525.6176483 -84.7708405 R
-218.1892304 -146.8515881 -220.127757
445.8334676 -351.177606 -285.5439928
-417.892623 -373.5200359 243.6367643
293.8896477 92.88487821 405.1268934
-227.1387817 74.76478618 -31.19656963
-315.8180668 384.8497571 501.2953558
300.4070857 -249.5339472 -31.44986124
-108.4746492 454.8059672 473.9142452
65.74442173 -115.6382717 -276.6546594
79.19841736 -447.9130814 -172.5106649
-448.2975375 353.4937655 -289.6451674
147.9213389 441.0903451 319.7372365
222.304142 -286.3510307 32.68998316
-93.28711077 -268.5944477 -497.8163919
191.3391502 -425.7718309 -59.85738046
358.2382971 133.6186732 -399.2471909 R
270.7648433 491.8819087 -273.8336363
-389.5640691 142.0839216 158.6074
197.2667483 -322.0511335 -516.5831729 R
127.8158441 77.22948621 450.1542862
495.6331741 180.4300565 -329.1913525 R
88.80758997 -66.74390351 -164.6150851 R
-55.90372241 263.5838453 517.9890653 R
518.9305829 -312.4661058 -335.2643557
-234.8705394 285.4681602 276.112785
526.4682398 -239.2721029 250.9437513
-168.308414 -127.824631 180.517179
-64.94565758 -317.1465314 -182.8888745
-432.7552664 188.641508 -409.1153772
127.3629476 116.8463366 132.9175447
177.3925314 -267.1689352 289.6925221
328.4826257 15.81866266 -7.723368103
-488.3647976 -364.7053047 -429.0730303
0.2241791244 23.62751276 -326.9503571
76.97082568 400.4724928 -456.0283421
-242.1508866 345.6472907 64.350602 R
-286.332348 -6.451783664 -417.7148416 R
-257.3754445 -513.3021138 539.705664
366.007104 139.251262 -476.4863202 R
-289.1752925 231.4312416 -374.127314
287.6872395 -387.7518364 68.09041648
280.6683034 -192.344583 167.8132387
-282.9669787 8.160612504 232.3911323
144.1571409 150.1406902 -275.7738462
-210.2729502 292.4522078 127.0535393
-369.1391669 147.9282229 -464.8979472
-86.28929222 -24.1415746 -322.200151
199.7252621 -543.4494044 205.0394611
481.8635312 289.0609384 537.6089824
-11.64681403 -102.9141794 -9.136260472 R
-410.1168439 -534.6355227 -432.5784561
-282.7307786 -224.2480617 336.7208782 R
-390.6025146 441.183437 -220.224042 R
352.6685303 -76.23118902 -96.65088884
58.14705382 40.90397321 -187.6397921 R
418.8027204 158.400876 107.3911578
-321.2995141 79.33487999 254.2971122
-197.2496063 465.5771767 -116.7701668
433.0700772 -318.4118732 -60.07082168
51.39737705 -382.0945579 -497.4681966
-451.9385937 -277.608904 187.1973452
-404.2503057 268.338132 -294.5466135
-454.4849848 23.86639892 -377.6964111
25.62142878 -496.9366436 169.6356377 R
-181.011435 -167.8786757 -315.5536211
-161.9793349 -69.19318562 196.3994892
-49.20628731 -292.2558994 -426.0991965 R
394.7596409 347.8237667 -201.2565676
225.4604266 401.3400627 -238.2487105
-373.6812026 150.0455296 129.3544781
-423.8092478 383.8503597 -383.1600449
-266.0816051 510.0661334 -479.033838 R
-63.3459535 -427.6987657 470.0792329
-67.59724817 3.648753882 -8.550569777
-313.8819535 -156.3641899 -357.75539
-376.7113672 -467.5084149 -247.8246062 R
-216.1947109 -164.8110998 400.4366268
213.2880033 239.7645673 159.8698144
292.2237192 483.5534401 -2.018681606
139.5406296 335.2302487 420.947753 R
-111.4893274 105.6216617 40.03146174
289.1912699 -454.6681329 -94.35135269
-451.7914194 292.1450232 1.239689153
129.2632256 442.5480168 478.2057934 R
341.66718 -419.5837081 430.239218
-287.5235959 -274.6783309 -376.7841627
-199.1778984 249.5171353 309.2174812
297.8095711 -244.7747854 147.3819774
451.7787011 -435.3169667 -500.2946342 R
23.09301781 27.33295225 -92.07358577
-194.4673405 -323.4932962 62.84611528
-265.3141221 411.0989385 147.3397828 R
390.9216141 -215.7107824 -512.4607477 R
-136.6603173 -139.8274058 481.2365749 R
426.7172229 -465.0148766 453.9563044 R
-45.15493781 39.33103498 -310.6046283
189.9099625 -239.1528312 131.8911247
263.1860232 -429.6008715 -83.73796576
-218.715826 388.9709062 -518.9694427 R
-348.1822938 -394.2984854 -443.2896619 R
365.3268215 -427.5649517 -153.2194656
-236.7782069 -339.2183609 -182.6965337
-372.8879992 406.6917855 -452.599376 R
132.0119888 448.844346 345.3400694
-147.9865114 239.7411834 -267.4966758
-317.6213832 384.6411792 -68.71132531
537.1688698 -84.97351931 327.5928673 R
408.6431606 451.1408471 -133.6427593 R
-342.8712066 125.8964909 32.88070385
-231.3653475 -514.8694008 -138.9948703 R
-445.3213011 -162.2811789 199.4031007
-271.59945 353.8310801 9.265349011
449.6002037 436.6414453 327.5622996
-216.2904336 497.224159 -229.7466764
-28.13320522 271.7056956 -159.2499661 R
-526.6368497 504.4355773 -37.80432197 R
-46.65599932 303.1772031 -373.8116098
63.12537929 -425.3341334 -221.0193759
415.1644699 -302.4720634 -437.9689082 R
-376.6600104 -44.96254959 -39.22637666
-257.9624029 287.7156904 275.3203776
-69.42510989 36.33619205 217.3900384
121.975524 369.0477489 431.1135231 R
-411.1639853 465.3559753 -1.803275998 R
248.2426813 -209.8017189 260.5259265
204.3966269 -203.3102517 -223.9313359
255.1222265 -472.7004474 -4.80621278
400.0065016 439.3336385 -263.3457392 R
299.0746975 -191.7437819 -177.3658844
-26.74893484 27.06594751 -241.5263618
-483.1657 118.4143075 375.2432503
403.776512 -455.8825064 287.5770937
-75.41127986 -22.62745463 -58.03683185
-402.9481581 290.7451657 -420.5268721
500.8074989 -222.5870535 -147.3571568
273.1440987 83.60442483 398.387301
82.51785576 205.4634114 -462.7265754
148.4199116 -16.09093349 424.5850038
-9.620432559 63.85249712 -68.60400421 R
398.7380106 -26.77387343 192.6678478
190.9028779 222.1955974 -128.2326748 R
62.64870107 -493.5238261 483.6378472
78.42652224 -193.2642541 77.59627686
205.7626835 -258.6731335 -242.0662631
317.8976424 -175.695599 408.7915681 R
-259.8662323 -185.7600541 119.1167831
150.2475969 101.1591645 -66.16493062
24.84310884 323.8297266 -245.0719787 R
546.8638456 79.39786956 402.5189355
-482.1847004 260.2677334 -457.3585956
355.4878608 -112.0602491 -450.2799763
274.7165607 270.8340365 -398.4261738 R
21.60789805 -99.95352746 -8.3193344 R
-127.7252907 486.0409375 -411.0542131 R
-160.0545668 -147.452648 177.4431282
-320.3934104 -425.2219751 494.502502
-264.6816284 -74.33768479 -403.4557343
-375.740307 -104.2576778 -522.6334227 R
-150.3640027 -37.67514374 302.6393094
416.1979695 -231.9378655 -70.86652926
460.5619301 -137.4539984 -433.1644956 R
265.3579362 183.0936059 175.0137661
-167.6711866 -457.4199411 -192.8611128
-368.7567875 -198.3988284 183.8645036
72.48395785 368.4081905 -165.9701373 R
-182.6699108 -445.8124507 159.5748399 R
71.07927267 -89.30619605 -205.288061 R
-492.018595 389.0825134 -298.7934121
430.1513106 -71.99962644 65.25977085
-477.6022866 -111.5360519 375.0109038
185.0979598 -331.9233516 -109.6603232
163.6476194 208.2540439 88.31347007
-342.2714408 489.9044174 78.70193588
-460.4585873 58.30432867 -113.4373247 R
-237.1956596 -374.6381464 -265.2767547
-10.32040748 -428.5002175 174.135879
-512.2918577 159.6672872 -7.190198028 R
308.9734027 -324.5098388 383.2324397 R
236.5789425 -200.0196828 282.4965442
156.0307029 209.2705768 -323.3002717 R
-173.4073091 -443.5490864 387.3234506
408.4101915 -430.1091044 409.7641221
265.7742522 283.7647186 141.5806109
-182.3713544 471.7103387 -417.229214 R
-209.8282791 85.46225676 75.78637879 R
490.192552 119.4099931 114.4443835
109.1776249 0.484439055 312.9096224
129.3477729 60.64602703 -183.2574995
-261.0422695 123.0159882 343.1994489
434.9483473 -482.9634209 -261.413842
-341.7918887 -12.2019425 -50.68540821
-529.0971546 43.6951987 -459.7492268 R
-493.664865 317.2059601 -253.9989695
-455.8693582 458.3026774 -18.14203236 R
49.24406216 258.7572047 -461.3985532
500.9901315 -269.8714281 -513.8225898 R
-322.2215741 233.9630242 -31.99115875 R
105.99053 187.6326566 273.325211
-385.1120752 321.30521 -487.3796577 R
-296.4437392 -147.4300086 -119.9902562
293.8809964 -487.1249975 108.935527
-319.8184516 134.8517124 -366.7875375
-180.987212 -212.0112762 33.12912052
125.8701717 463.1746897 -509.3847592 R
-173.6243108 -473.2992471 -98.23272234 R
363.3147301 393.160543 -169.088394
11.49430441 -269.7624483 -445.0668715
496.6862772 -334.4052437 -130.0103792 R
-399.265699 316.4947767 515.2262046
416.769501 -223.9279997 78.13631653
238.7395633 69.62702965 331.485284
-389.1261224 -419.8437834 344.3740161
-314.0282169 -502.8680742 -286.522668
104.0788388 413.5203289 109.1581175
-162.0860539 471.4438545 -505.6532374 R
253.2016906 423.7554067 -72.50221376 R
262.6305811 304.3592247 -93.80762554
105.58666 -221.6025436 372.6801025
-468.3022178 159.0064918 387.9197642
426.8836179 -303.7211848 -139.653491
169.3489951 115.1577993 96.30964029
-374.8776351 221.5479446 -339.2224997
-125.1323752 242.3255576 -438.0076254
494.9200644 -420.3015808 483.7715825
250.4348705 440.8745692 -314.5661303
295.840957 -289.7546809 -344.6509228
58.18181622 524.9177879 446.4213548 R
-508.5187276 442.9738139 206.5917194 R
73.2977669 404.6629464 -423.5527064
72.16876242 104.7300794 230.529422
-154.8013329 -105.14879 -26.99403804
-332.7026948 426.5619059 -490.1846902 R
37.83792751 -402.9968402 -358.2816519
230.8814798 -85.98114542 -136.0966797
216.450762 391.1811362 4.500367791
-330.5963 476.7380048 325.9600758
398.2434215 -451.4023481 431.9248725
-460.230716 434.5755047 -240.4584775
-372.257026 413.2549654 275.6208155
82.27913581 -282.0226582 437.3038124
475.1780593 182.7377026 250.2656967
365.4424786 -492.4667059 -186.4921912 R
-164.5683558 -271.9163794 61.35118276
-445.4672919 -25.94507758 -532.5335273
-176.4224654 103.9754613 8.645787969
49.28136783 -3.360262162 -497.0449876
86.96322329 364.563844 -89.08793197 R
361.0058362 211.7303906 -344.1649776 R
32.75802844 379.5241737 27.61441835
494.1111418 488.420783 351.5904938
276.569105 -140.4006978 -134.5152394
395.9062322 43.27721847 274.8040774 R
172.8053703 -422.2809725 194.6414499
-61.2124913 49.10135049 -294.0999056
229.1271059 -444.5014431 -508.9359231
-187.006869 278.6528699 -456.8107888 R
64.14032537 -416.2964942 15.59687647
-115.8346145 -262.9657038 -479.2980533
292.6217986 260.4267961 -44.41866502
431.1050837 -405.3021293 -228.860672
418.0469185 36.76649832 -356.0560448
-182.8370014 7.130662118 -115.6563539
158.7786005 -397.7810383 -192.9152142 R
-468.836488 -68.93705968 502.0751622
-108.7073487 -525.072697 -160.0308689 R
-253.6177776 260.2165427 232.7510755
238.7000415 442.1834837 -425.1459073 R
-6.323883319 449.8386018 -86.64016041
-463.7081141 -331.7701483 9.280476227
-212.9269575 92.50106233 -267.7372252
52.80574351 179.884364 376.3048316
150.7338196 -220.1103485 -247.8922941
474.2040266 -38.47440688 -195.6167404 R
-152.3698841 216.2042226 -364.1341488
-507.0094394 347.1794524 508.1576295 R
236.7972103 -363.9621437 320.4612171
389.4363978 -488.9361662 343.8658681
504.8022715 -322.0411696 -215.8331152
351.1122704 69.62658916 -378.5410377
62.7181702 298.9031029 405.3048102 R
-389.7467741 392.8256398 272.7305314
-217.1770173 -372.0823801 308.6136703
119.2307688 243.1181531 112.1520122
59.15655932 -17.26469786 473.2303635 R
-395.6490164 141.1619069 -68.99303592 R
51.36143024 283.7544336 291.5685117
305.6188274 -213.4366463 404.9135799
185.768266 524.6478837 -442.4077662 R
286.539301 -428.4115865 423.1583638
440.5216085 513.1450573 -86.77493798 R
21.43754059 46.3160099 -261.649225
-274.0287589 425.0861351 517.8288522
107.3041282 -297.7473299 407.7364636
-119.4187729 4.486621305 -146.718619
-128.8248863 291.2423888 418.1780496
462.7977001 334.0558499 387.0544949
-66.77491714 414.2378657 172.6501588
258.4703146 -514.0649855 -135.3586539 R
-124.5052047 -93.36570231 243.8231281
-510.6764933 -405.3549592 494.7642374 R
117.6829932 421.5138954 181.6725908
-326.9974302 -315.2414509 419.7111637 R
-487.860115 15.02040657 -312.1596326
164.948252 452.6577252 446.4033037 R
444.9187874 -217.4316751 -158.9391906
-371.2622328 423.6923664 227.391278
364.1088553 -480.6162446 -329.5215734
-176.09089 98.57968982 -95.84224086
452.9455621 -284.174538 30.66874809
444.4522464 260.6134028 212.0226667
-2.392777325 -91.55468861 -285.3642836
-73.6792747 -484.044201 -417.5411851
-251.0434343 276.1926551 169.9601255
13.5861391 -389.9501302 425.8274991
323.2795437 234.5074823 53.91801514
-231.5290446 280.7748093 118.1928293
-477.7429207 375.0717179 295.0760668
48.23476573 -475.2657849 -517.074145
510.1146044 -424.8310533 -525.8311674 R
-487.7064152 119.8532058 -112.4719334 R
549.1887372 -389.3046482 -206.1135558
492.8798195 -437.0154162 -340.6419908 R
134.9278074 -59.62555606 296.518585
296.0284865 96.89164377 -268.3892528
-371.6641265 264.3185802 -358.7853229
95.48475559 496.460186 61.51642794
-352.0390606 -51.23072155 372.6432347
255.3840359 -125.3482712 -148.209741
-448.0250004 -544.8326136 -368.6623707
350.6056826 -44.42716409 284.8507736
440.4519567 105.2818421 438.0906246
-25.86842316 -255.5619566 -60.7878327
321.0632866 466.1517806 375.6366083 R
291.559287 315.6856169 238.0041461
390.7859835 -443.3397712 -445.2482979 R
-19.23669144 109.4169846 207.3407507
-437.8971916 -34.57291195 435.4358858
445.5677054 164.2200016 225.5858066
-25.78062858 528.4849221 426.7204643 R
-22.29217097 -285.8471671 492.6438695
290.1967967 351.0190687 -487.2596583 R
413.3152005 220.3761845 -486.4174564 R
13.47147791 355.6970224 199.7318406
325.7187869 -306.0783159 -373.5113494
-108.2384159 -527.7852998 -461.8126624
-329.3935142 -155.346521 542.9084438
261.9679302 -101.1055318 -369.8682238
14.19385566 211.083256 479.4147213 R
502.5540375 172.8610748 169.6149551
473.8829472 86.50714724 -404.162349
413.441143 218.9393366 382.7761479
-172.1201072 -500.621912 -261.0405235
-65.89142362 -469.4228125 281.0724686
-125.3562838 -33.61493659 -114.4451306
413.3707452 -491.3846708 -270.8330265
-398.8382425 211.3526981 -123.9162148
129.2483968 -19.63966637 201.5316094
313.8757728 -402.2621084 521.20368
206.4715316 -245.4907315 -9.911388444
106.3321279 338.0464033 -439.8072793 R
-247.9401489 441.8883791 207.5103258 R
-302.6167225 -54.97064127 159.4299186
37.25087461 -56.76576794 -121.1734075
408.2749682 352.2168778 -110.5403744
-327.2341365 -44.11328589 -482.231601
382.0103823 357.0662587 166.8387867
-216.3016984 457.8366585 -169.0276543
-379.2780708 454.7234195 -237.2532812 R
-461.9402499 158.9899341 130.5540028 R
231.80798 195.1774204 30.97195854 R
206.7431965 351.7113106 308.0477681 R
406.3542375 -79.39919953 523.4058975 R
236.1557363 -348.3532799 43.50817879
204.0408663 228.7751272 21.6893637
16.22432197 60.01956746 -530.2546116 R
87.64164547 -470.0219922 -141.6976027 R
-222.4462319 -362.5425427 -84.88016693
-257.5365552 -475.7743738 181.5155014
430.8698123 -457.9883427 -19.67267545
-144.7183154 197.5437717 -404.2948014
488.4933505 462.00406 540.9848226 R
-267.9321686 15.45688989 -263.4352227
65.80134758 -514.1009549 7.291580223
544.9087669 39.3272606 -233.3512767
257.2449104 332.4778767 372.0073476
-496.7349254 104.0888453 290.2556186
391.2336827 365.8446076 309.3449065
217.4620084 135.8762927 65.07642417
-340.8072152 -405.8726549 -285.2792367
62.29048492 -310.346789 -188.0895699
23.70367776 -18.49682153 139.4608848
331.1219194 81.78590466 369.6055214
-109.1379795 151.5526422 79.20175493
-370.3055717 -469.7476355 -188.2406017
84.83426076 -410.900361 -230.5084791
351.5152156 286.298458 -303.5134127 R
496.4605904 158.3930502 3.478428494
273.1192419 -419.6220345 130.1801386
467.7866481 -213.634925 423.1523149 R
421.8361454 -549.6525233 -466.4412791 R
-57.79910599 344.2226902 -501.2695688 R
240.8089052 -234.6540415 -299.3415997
33.74431332 -75.36714571 51.41297279 R
-166.4816223 476.4861212 -212.8701706 R
-41.0093706 141.5096948 334.0034171
284.0608785 44.23965208 256.5384765
-156.1181102 103.1011743 7.146690267
-197.6981922 406.3254117 -473.3209349 R
-217.415673 118.7884265 -24.64184852
315.2990172 28.78697556 486.8375816
93.31297824 451.4235192 -1.290514986
-154.8846339 102.5683371 278.1231461
-259.0799593 -249.2121326 425.0000442 R
-381.8642242 544.8139781 157.2970451
-114.1015127 -277.6317986 45.30212886
118.2147237 -244.5826227 -81.82822896
-143.4402546 494.836102 -154.686361
342.979088 330.0896514 -203.6162482
-135.1749576 112.9641647 517.2540239 R
513.9495137 -483.6910237 1.784950682 R
146.7066759 -500.9208543 188.418552 R
298.7445088 -258.2667445 99.79870279
197.1087843 -217.0760001 361.6671011
-438.0142879 24.53708185 -378.1559023
-89.77749846 -371.4204814 -135.7391807
411.3143828 -296.1817584 -289.6047507
-273.9945997 112.5882285 47.65169454
-471.2946123 206.756636 166.2233743 R
-253.3403174 121.4954114 -489.1128518 R
505.7238556 512.2564398 -352.547657 R
-50.47075931 452.1962363 258.4423001
-149.7187368 231.4128953 -229.1419955
362.6348288 280.9043714 -96.58709203
-265.2711048 10.55987258 299.9079846
195.670785 -350.1900861 263.0777604
-195.7873851 -25.74983211 -269.5322812
355.9388095 481.8695121 -94.3250216 R
401.6885334 487.6625284 92.3997495
-161.1832417 -142.2043086 -332.5408424
234.5983981 84.52538465 -21.10246126
182.861262 476.590953 -210.0072877
171.6446374 454.4916843 -390.1815347 R
221.7848556 -270.4591747 387.2666339
-243.9924443 274.3092391 140.1132047
-196.9986254 -150.8827181 367.3059809
-51.41576696 -411.2914045 -137.281284
-514.2466588 509.0400241 475.5929417 R
350.978056 -187.6213595 -348.4626586
363.4688228 520.1909891 512.7311659 R
284.6508401 -403.6045681 -371.2300578 R
253.3954865 377.0462577 301.7290033
-330.5810121 -450.1437947 -240.8759317 R
-149.0514126 319.582969 305.7874109
-467.9474016 -147.38874 78.54717883
-109.5701117 230.9901807 88.59677181
221.2904873 -20.87872232 -10.46599836 R
-329.5298573 -63.38361394 -334.8198665
-167.4428645 357.3479375 -74.01648513
-474.5704012 -516.2279104 97.21034028
-475.5853506 340.6961899 -236.5557355
402.8894045 -484.0052766 -304.5255557
-217.3715865 -214.4631171 386.016007
479.3617259 35.16034889 -52.84614867
-222.3889573 452.8287639 -43.75769033
39.68992627 290.6791456 226.602807
-398.507026 361.5135153 364.2264248 R
-446.822217 -404.6933199 -38.68879277
105.5599487 -405.0059257 -374.0068369
-437.2646673 -382.035512 100.3821059
491.999697 53.69629099 -308.272583
154.296606 -321.6202509 -99.50178153
-476.0556506 -331.2526161 -358.843629
220.6727961 60.82401591 70.10702904
103.6737271 -497.1102627 -516.6401953 R
-1.113023444 460.5874625 -390.5648309 R
-33.13432343 -157.1505813 -205.7711183 R
-311.4364668 173.0368877 -274.4172369
-275.3644278 -336.0541473 170.9809102
358.1024355 324.4799846 57.06514023 R
