 0.358371793433413 -0.906270581058851 -0.224150154090001
 -0.926110996293125 0.209803529004456 0.313529746215939
 -0.577143388980942 -0.383187517702513 -0.721160755194416
 -0.384572620836712 -0.0994038936854746 -0.917726955702484
 -0.644509328153506 0.48278221668916 -0.592898859141942
 -0.0901847381820394 -0.335899992389538 -0.937570215030184
 0.233056374518188 -0.266704102352928 -0.935175731124668
 0.0555864614412935 0.102869318553261 -0.993140497918005
 -0.724846984484117 0.688581101824714 0.0212818066466483
 -0.224356735754257 -0.122489591817291 -0.966778338099343
 -0.935141974380556 -0.115282906528282 -0.334991550959165
 -0.975566203916371 0.118870807388932 -0.18477097425436
 -0.456216000290343 0.619777430067356 -0.638547490996703
 0.391438817778997 0.0308403471592669 -0.919687188626044
 0.440047062598012 0.665603637852118 -0.602768927514424
 -0.156100861748304 0.335730308635029 -0.928933625629552
 -0.318738151518896 0.550397638238446 -0.771666009739873
 -0.543999775476114 -0.832763635590139 0.102805503357712
 -0.263166806861315 -0.778390061517698 -0.56995801941625
 -0.492619040236744 -0.00681193693626251 -0.870218408625907
 -0.858968194460625 -0.51185516336205 0.0133391395772785
 0.289582267494869 -0.936013295662423 -0.200053044704897
 -0.914549099496042 -0.00161893899234794 -0.404471659881774
 -0.2146222763809 0.378403484605352 -0.90041550481964
 -0.899212754038872 0.265423766688224 -0.347802597820749
 -0.0790221522963719 -0.865118635838744 0.495303185302659
 0.384748859392651 -0.912453984676507 -0.139269670222984
 0.0259372148453921 -0.871487790831067 -0.489730835580577
 0.307113051715234 -0.803569799178761 -0.509859933034517
 -0.993002375770367 0.0937798990967065 -0.0717747326001111
 0.267881481739676 -0.0492691535619504 -0.96219128152787
 -0.383134316227154 0.403636000623612 -0.83083456519919
 -0.935734337729399 0.134020540112502 -0.326251044476605
 -0.154382488153456 0.353214535569278 -0.922716391538661
 -0.89347145102302 0.367535931579807 -0.258120330862533
 -0.0811463178342138 0.975906785493453 -0.20253696237918
 -0.84564674834774 0.367917416706601 0.386676029115893
 0.0130386958876279 -0.511647970048616 -0.859096238587203
 -0.14123827935986 -0.0840964321234645 -0.986397251895792
 0.414148541771046 -0.886403354172328 0.206809281853991
 0.877461944251238 -0.477303286775878 -0.047350911541182
 -0.475203746850267 -0.00834444640034157 -0.879836217255086
 -0.333093767763948 0.360481841200416 -0.871264244670683
 -0.824218758367345 -0.393628463461289 -0.407087301580995
 0.407249956920974 -0.911192106808407 -0.0622608791932905
 -0.533246782813435 0.257948973296785 -0.805673752702827
 0.0932745728560895 -0.98664851010656 -0.133508694709445
 -0.554748464408185 -0.0118235135036633 -0.831934099412441
 0.0285609329357402 -0.877172297932642 -0.479325602121781
 -0.859975686612168 -0.177967207707011 0.478298537962328
 -0.623983972530795 0.245796671218118 -0.74177354930112
 -0.439868612421305 0.326314325334803 -0.836680682750503
 0.283857600788678 -0.124015787081864 -0.950812782323082
 -0.831358780391811 0.527654298105465 -0.174423392801164
 -0.404383204840144 0.165484259242193 -0.899493848553884
 0.190305222309152 -0.0791833539831494 -0.978526401694836
 0.0814962634994959 0.413327296440525 -0.906928279993951
 -0.962789416029321 0.138904288139397 0.231823508554261
 -0.885876979188583 0.412091284937777 -0.213079212083307
 -0.557597455968469 -0.706367282180492 -0.436039378683206
 0.0923253744851902 -0.995722739257008 0.00350025037535484
 0.252271099011068 -0.909228064287709 -0.331154978394368
 0.564988894122508 0.416117353849267 -0.712484313752738
 0.281433551195671 -0.958499326124392 0.0455433648348368
 -0.121912110609704 0.214620858595362 -0.969058989093273
 -0.628193049723691 -0.6266419174969 -0.461186946383629
 -0.602139955822589 -0.0864858079313064 -0.793692433268984
 0.58057237662067 -0.231032138695411 -0.780743150078726
 -0.0449039614389252 0.349183546705164 -0.935977822898328
 -0.350600588995096 0.66068021940308 -0.663762664425915
 -0.96723765822226 0.112916952717928 0.227378702401117
 -0.471836498460209 -0.025965415195267 -0.881303645705921
 0.524880184665095 -0.848890577372042 -0.062334415814192
 0.463309902725848 0.491636905856718 -0.737317493916833
 -0.135114325633239 -0.0201604082234816 -0.990624892150878
 0.489011595003689 0.249172617735474 -0.835931017801588
 -0.0914759786953445 0.461024666411231 -0.882659845173747
 0.200114268841589 -0.0741211609672832 -0.976964857557762
 -0.575467779065885 0.777632473810177 0.253228298049096
 0.222784465797298 0.660052244523647 -0.717424641546908
 0.164474620894867 -0.0445704114273915 -0.985373826274416
 -0.783382121620431 -0.523492151263974 -0.335064798345764
 0.418092783374792 -0.891804354563629 -0.172868208966452
 0.0512777075060819 0.188373377638407 -0.980757904536088
 -0.730703576638676 0.355424729280301 -0.582876955200214
 -0.835859380119468 0.324907706308637 0.442463647148055
 0.105739302156567 0.597989769594325 -0.794498228720473
 -0.867660318403019 -0.124119227842156 -0.481414570976657
 -0.996979322436884 -0.0632367042187831 0.0450926809231656
 0.0573225938210645 -0.105026920300184 -0.992815927677374
 -0.101838490747143 0.105477318855828 -0.989193336516846
 -0.887079337055547 -0.188270361535765 0.421478968320228
 0.174479910344194 0.344319848945742 -0.922496939023791
 -0.557849961722044 0.141991481696491 -0.817705227653798
 0.0167787731141748 -0.999759431990113 0.0141262493107609
 -0.364056326985279 0.599419069348327 -0.712853259853368
 0.0760205395348265 -0.91044912918669 -0.406575037025186
 0.59019226549689 0.0443900972507596 -0.806041319668984
 -0.779883452724767 0.624876288267672 -0.0362135958848712
 -0.760706599227162 -0.513039434052163 -0.397638037667024
 -0.139318784667369 -0.981744096846146 -0.129494418978393
 -0.332204021886888 0.741450675501311 -0.583002044285289
 -0.943312375858486 0.297206414712479 0.147750156026898
 -0.173029988909871 0.445544780665792 -0.878379457500755
 -0.314614096422185 -0.14405162378893 -0.938225505950582
 0.0809579199124774 -0.944309819543502 -0.318943223657697
 -0.213686699836629 -0.341442989275523 -0.915289396523048
 0.138572316928292 -0.78742119878253 -0.600637635092081
 -0.20916067039472 0.554544139985102 -0.805439389878726
 0.154624272589424 -0.528115432571869 -0.834976301583236
 0.340825790685179 -0.915406245997106 -0.214170925181989
 -0.00588258831561353 -0.498431425730677 -0.86690916998195
 -0.0703177967417063 -0.933498460400193 -0.35161915745855
 -0.321045152644678 0.35820647164214 -0.876708693715903
 0.0710047446704117 -0.973790021479754 -0.216081744487473
 -0.0714854020128497 -0.9620314549338 0.263410928051623
 0.125619983917028 -0.192314008351814 -0.973259955937952
 -0.781591833280301 -0.00755912860456353 -0.623744391336931
 -0.0428684362348544 -0.21668567440545 -0.97529975683491
 -0.777889605720467 0.61596630772313 -0.124391595624427
 -0.214986087828745 -0.173943038967129 -0.96100197774769
 -0.99305563955357 0.115639168743297 0.0216351427822949
 -0.0235770172469426 0.26295320648886 -0.964520469173653
 0.417296223708169 -0.90745043413146 -0.0489650004955192
 -0.958882215503264 -0.14232114272383 0.24553938406157
 -0.292285501812052 -0.850853987147189 0.436596699467837
 -0.506487248675213 -0.855842398735728 0.104902123218204
 0.496574290643531 0.368437421571153 -0.785918469217943
 -0.339012068245372 0.0480606895730644 -0.939553610871544
 -0.852609508382661 0.369853172471053 0.369141784452228
 0.362304516063417 -0.346153725837396 -0.865397617126915
 -0.381664413252402 -0.630660198474219 -0.675721828652263
 -0.477593227523378 0.0740530999626936 -0.87545465182939
 -0.25176323435235 -0.188429965229425 -0.949267834718991
 -0.766039157405976 -0.181802512399766 -0.616548340202028
 0.183526528234696 -0.226678668918233 -0.956522239412957
 -0.448436241506673 -0.868539275943559 0.211055593261128
 0.191817768466133 -0.897175926188053 0.397845825878923
 -0.996746149651004 0.0798744990195446 -0.0108248585337182
 -0.998541166974247 0.0510055031154981 0.0177193823155549
 -0.877465179902556 -0.0871348662028971 -0.47165917053565
 0.351598026176528 -0.583367624649182 -0.732161896372613
 0.364322226968601 -0.930751945426199 0.0311469263649706
 -0.0475902353387736 -0.989627434455287 -0.135545971809739
 -0.788725274358082 0.476674207822662 -0.388193432692268
 -0.437075580754015 -0.241321434754619 -0.866446133257292
 -0.374622355132145 0.123343367039579 -0.918936616335743
 0.353384113568536 -0.735750632618335 0.577746202825342
 -0.983294429339422 -0.162860473354392 -0.0812928745268831
 0.253406180958843 -0.954512125028066 -0.157136598621265
 -0.512855635085017 0.00564432627303117 -0.858456311726152
 0.376745453708848 -0.779368163466041 -0.500647709357873
 0.940583959238848 -0.231864115884208 -0.248074277964903
 0.020280223542484 -0.691542906482236 -0.722050636054819
 -0.814648150412382 -0.543007438621169 -0.203694164451909
 -0.993021327778914 -0.117720205508956 -0.00711307184914068
 -0.390965083718043 0.598317972115106 -0.699401106345573
 0.168537740366308 -0.911117063368024 -0.376112651890158
 0.197134949169202 0.953032143258689 -0.229929436418667
 0.168539998847954 0.558469045164123 -0.812223241714866
 -0.681347855682148 -0.0714472102094188 -0.728464409364404
 -0.64218695829835 0.556535185693485 -0.527128539994403
 -0.94101705542938 0.0732993033544417 0.330324255117261
 0.397370882056087 -0.693318421360051 -0.601170482223449
 -0.559140335312548 0.285632668353408 -0.778316172384901
 -0.180550069978468 -0.932020460838943 -0.314228472306909
 0.492348886276774 -0.211501700157363 -0.844310135561906
 -0.664441568706699 0.280336052645995 -0.692769153009459
 -0.826118724091855 0.0154160210604904 -0.563285185318688
 -0.0524057259594938 0.00376420122693093 -0.998618781455557
 0.270202595029286 -0.0864341309590346 -0.958915897586851
 -0.2738901607897 -0.175232621783034 -0.945662576231944
 -0.850941257511559 -0.519053973325793 0.0805105523478351
 -0.961721259365198 0.266652619700486 -0.0631553615450415
 -0.231752446730928 0.645888067771739 -0.727405943984731
 0.0695383616435273 -0.117427545010773 -0.990643824960655
 -0.993034243458802 0.116955754407376 -0.0142948532418596
 -0.0164093532673181 -0.997332042438998 0.0711303750152111
 0.050827242234595 -0.530083636861494 -0.846420657462067
 -0.863378893566065 -0.0649016953067062 -0.50036452321378
 0.120192448262918 -0.245755463757236 -0.96185135411561
 -0.99107878759577 -0.130291864589944 -0.0280511461329739
 -0.985765684834008 0.0448903502762801 0.162021205574495
 -0.0107411244587985 -0.427361008186705 -0.90401725477283
 0.0969992152847409 0.56675923791841 -0.818153480997477
 -0.619919327681894 0.155234000154069 -0.769156962110202
 0.364880306931589 -0.915641389446562 -0.168710425125061
 -0.367766132582575 -0.675953704752881 -0.638619339478621
 -0.107315835787083 0.124924144808616 -0.986345410813654
 -0.782933226048873 -0.426891124989762 0.452525724079504
 -0.769137097371264 -0.421893511544167 -0.480035405323648
 -0.0273544867241978 0.330456185684641 -0.943424846714784
 0.674878413297549 0.360823155906043 -0.643696960865116
 0.45193344003446 -0.876570773783824 -0.165468559934046
 0.0578931941048767 -0.887786558854986 -0.456599829164179
 -0.473795440172214 0.483608659361997 -0.735962326116025
 0.0578819089687467 -0.69446675851194 -0.717192865229467
 0.230245551479953 0.0342058473481077 -0.972531205684882
 -0.930537176048604 -0.295476081022648 -0.216320247630654
 0.0966635218966092 -0.935657244563836 -0.339413736065223
 0.0312029197731158 -0.929702082337489 -0.366988304847674
 -0.0698048194746339 -0.32882256720875 -0.94180837035586
 0.679571400161242 0.0990494177649656 -0.726891962346063
 -0.00298987702374483 -0.991748537859855 0.128163560687984
 0.315656166862697 -0.915934075424264 -0.24784259883694
 -0.937798371173018 0.0030794494773058 0.347166720778579
 -0.333329123456138 0.778120575672542 -0.53237211156389
 0.385745580967665 0.521488123150584 -0.761085070262714
 -0.0561257889451533 -0.162628402590331 -0.985089792093189
 0.0412533755411976 0.111479225311274 -0.992910137590737
 0.17623650287866 -0.976496455875215 0.124078067023324
 -0.239008201887153 -0.286466386695269 -0.927799595130558
 0.48066363372633 -0.718139262214908 -0.503228050965393
 -0.954709273962063 0.276467704621061 0.109980955225858
 -0.8869044206246 -0.369026209852906 -0.277885237315949
 0.316363057917049 -0.733475725625563 -0.601604334678058
 -0.0875233419532089 0.0509343316232703 -0.994859466696394
 -0.140787712048988 0.111184087110879 -0.983776864390158
 0.186602260601023 -0.944633945371467 0.269900547592115
 -0.962418527160585 0.237260718743824 0.13212845991388
 -0.71139206301986 -0.482269933837879 0.511211349236649
 0.126678137443898 -0.173197795917691 -0.976706287981704
 0.632480590718582 -0.250122408268814 -0.733080543491697
 0.232334444003592 -0.970861737002568 0.0587213228214236
 -0.408626364223949 -0.703480537387171 0.581497745463019
 0.415573513215574 -0.777212053026939 -0.472482888307413
 0.315827589173259 -0.871617432102949 0.374881295840789
 0.00557981076707566 0.440556891138781 -0.897707352861686
 -0.847591062479155 -0.302204552110265 -0.436190095588256
 -0.0620935949522097 -0.992911614668829 -0.101345502720399
 -0.904526504761256 0.364461082049642 -0.221359259701485
 0.292488511545527 -0.100780744280187 -0.950943590438578
 -0.983905989985623 -0.165921750174345 -0.0663247743267419
 -0.350521055361913 0.551284591847131 -0.757113127966959
 -0.729875451987724 -0.445944879449153 -0.518087819851805
 0.42237881960047 -0.105846408121973 -0.900218123923636
 -0.227832502117769 -0.434725155474606 -0.871267117580101
 -0.938205953508202 -0.16971505894021 0.30160634537537
 0.473981614800557 0.244238760347144 -0.845983957752833
 -0.424758046544244 -0.883848609960374 -0.195939369619871
 0.346242250535849 0.47342934929256 -0.809926512204838
 -0.734422589185526 -0.224471617304421 -0.640496645985571
 -0.792832722301862 0.105574473648491 -0.600225211867398
 0.637800845333632 -0.770103901351721 0.0122500128393051
 0.200565699131511 -0.155056134137385 -0.967331895265662
 -0.415170187171573 -0.252290753964476 -0.874061262811685
 -0.304006842743573 -0.826542784761441 -0.473716016748311
 -0.538345928725535 -0.839790216670387 0.070257049534874
 0.0851940439757159 0.0609840812499153 -0.994496313067659
 -0.123952139724548 0.028338570731578 -0.991883457098967
 0.525081437608334 -0.793332599845391 0.308079324041256
 -0.958518163671379 -0.103089675835799 -0.265735674398671
 -0.942959264390398 0.280717101946694 0.178957353509064
 -0.27173188008222 -0.0270392545733711 -0.961993068612814
 -0.998955233665486 -0.0419582026997598 -0.0181093997288796
 0.0229502797527895 -0.108480795362196 -0.993833588533238
 -0.915101757889729 -0.255344163925951 0.312070714191649
 -0.202062690465081 -0.813311608167685 -0.545614238397155
 0.30652739069654 0.00954485674116965 -0.951813981018645
 -0.229733450707445 -0.341621417303007 -0.911327245760783
 -0.0028537047587564 -0.999990115954252 -0.00340945200153124
 -0.331192175643733 -0.0301357940172918 -0.943081956518795
 -0.279698066687131 -0.940793162477855 0.191512968037149
 0.104762839953953 0.438210388420927 -0.892746550172423
 -0.200070091230145 -0.854680216482132 0.479054992823598
 -0.934630633497202 0.228166238653452 0.272774167522063
 -0.731193351522303 0.437735929995406 -0.523205063317088
 -0.755016575452191 -0.632221213062478 0.173914658802112
 -0.410708960350364 0.507833508126933 -0.75724717094976
 -0.340090348795906 0.0963220966289985 -0.935446742661961
 -0.96171299793513 -0.20900691243363 0.17726877942149
 -0.350185577066174 0.00888399546240113 -0.936638209897212
 -0.141955633110013 -0.0945309124220959 -0.985348925419306
 -0.473788141966944 0.159899384301553 0.866000567800908
 -0.109804667866867 0.151066252967799 -0.982406189989108
 -0.703369371200605 -0.710640634086862 0.016168390194742
 -0.865163909145995 0.191635192462978 -0.463429998296288
 -0.302142707245576 -0.0928900061349414 -0.94872610969582
 0.341554876544002 -0.918250777269852 0.200389062456821
 -0.0435685796238679 0.342236081035542 -0.938603347376831
 -0.982516278067491 -0.186153012564283 -0.00296972147627947
 0.285993910367409 -0.946653062978041 -0.148510813030738
 0.193922057620288 0.354013086347696 -0.914914733875727
 -0.484936395131768 0.394758107205795 -0.78038626940247
 -0.591764332495967 0.456807952131623 0.66418481588705
 -0.123159906869964 0.400990793530747 -0.907765399672935
 -0.271773933774077 -0.882244520399481 0.384426241489904
 -0.643563297262769 0.32189972478541 -0.694411153135771
 -0.887181251013389 -0.242690916423914 -0.392441775217214
 -0.142370276404263 -0.974908606561823 -0.171125431331111
 -0.970846180434943 -0.0427218282224404 0.23586551110371
 -0.464990602194277 0.115183931405174 -0.877790636665174
 0.568456249480485 -0.719066734848574 -0.399750576310767
 -0.234305252272814 -0.0541458973743791 -0.970654042671691
 0.240745793968707 -0.935575061918971 0.258342343028956
 -0.553196314030565 -0.108932204177024 -0.825898064555264
 0.864359686411588 -0.497847748645858 0.0709221522143282
 -0.807179132636893 -0.305384430387872 -0.505175412616478
 -0.977472687008786 -0.105762284389353 0.18265126704343
 0.113427253207518 -0.992112646843291 0.0533549829294
 0.276590506623929 -0.672899014928863 -0.68607915531175
 0.237939928719817 0.144863881924417 -0.960416079641838
 -0.451700723643954 0.48035310785625 -0.751816033370112
 -0.915769892517334 0.387044807675092 0.107525907624826
 0.772368092129228 -0.56582176625867 -0.288605715620073
 -0.950243231462702 0.284947220998477 0.125868511966128
 -0.0648637122297016 0.111683244010558 -0.991624703122638
 -0.178708608227263 -0.204742712372342 -0.962363577384292
 -0.355033326301752 -0.328668489605378 -0.875173332063788
 -0.718580093190091 0.109466590083589 -0.686774865095099
 -0.971379064082721 0.0254257681640701 0.23616994765432
 -0.870344112194686 0.0522793868405727 -0.489661099210074
 0.387764475282528 -0.85578789108413 -0.342440939700034
 -0.202071455221758 -0.913462141943004 -0.353205382492199
 -0.142280402336761 0.0733043414400155 -0.987108282123565
 -0.267498348643315 -0.0430889791378336 -0.962594397111244
 -0.0473891510401123 -0.119440785400052 -0.991709719195449
 -0.102899913946518 0.206730126273777 -0.972971871433408
 0.579440976287614 -0.711653693420913 -0.397236926328897
 -0.508740757542684 -0.859595918716351 0.0477252358934904
 -0.00964574708883209 -0.9999146510534 0.00881193349129792
 -0.83204064135767 0.455489088582195 0.316603950246484
 -0.110868096160278 -0.300697215989321 -0.947253635279415
 -0.893242434358365 -0.210874428524339 -0.397051544331558
 -0.918388949329649 -0.000930690046402849 0.395677737009832
 -0.992515942658962 0.099675025378725 -0.0705478056607171
 -0.280536609026482 -0.379865126415249 -0.881476997277553
 -0.380302763573265 -0.0788601731822568 -0.921493831289283
 0.121612709689396 0.133569548595568 -0.983549452000243
 -0.447305496935685 0.522830635719211 -0.725648619350003
 -0.964866052547376 -0.0467691333007432 0.25854622180945
 0.00704221480477025 0.368473746436101 -0.929611480887574
 -0.583305678739132 0.788104979556899 -0.196583382686077
 -0.810244517059162 -0.174782376971005 -0.559423760020908
 -0.941619316665099 0.307914591370565 0.136167789525461
 0.489608270706964 -0.0172917132560156 -0.871771035254102
 -0.167926776773769 0.236784041739179 -0.956939870221756
 -0.297037012758325 0.393001803407673 -0.870240538914344
 -0.584864999506141 0.178842284292058 -0.791168989345437
 0.790581229927362 0.498021106246783 -0.356309271026269
 -0.615172690568191 -0.534862414816574 -0.579210460882464
 -0.717789815705759 -0.286224989851904 -0.634707047111792
 -0.664717191221616 -0.439751176080804 -0.603961885246077
 -0.781549734136168 -0.464835234242763 -0.416062757379414
 -0.650077230374661 0.148078478644484 -0.745300180270168
 -0.986281852994982 0.037358046521683 -0.160787072903476
 -0.431924269394871 -0.213242987610972 -0.876338321507427
 0.575559698142168 -0.647912071078002 -0.498939858125114
 0.198123104876674 -0.169796049962326 -0.965358242690877
 0.516207974015949 -0.853591182816536 -0.0700815252418026
 -0.224125133484317 0.532966218227619 -0.815913558392547
 0.0402010567041628 -0.0827253193716604 -0.995761214636685
 -0.588427790148626 0.301239106388219 -0.750338414692485
 -0.158726211409186 -0.173765774903373 -0.971911233232705
 0.425292180656126 -0.837370744021441 -0.343419274546049
 0.352254086503375 -0.835371348295319 -0.421985508031892
 -0.0692170849440501 -0.189946207228071 -0.979351537248765
 -0.377408485255245 -0.737760203365509 -0.55970770727892
 -0.37074053638098 0.456636316292514 -0.808724136728184
 0.0482856428276655 -0.992865495293483 0.109025707758982
 -0.948591176285659 0.07795816409482 0.306752840123699
 -0.867337504692017 -0.421317055846518 -0.264986021154792
 0.0706918884238242 0.0756143843215008 -0.994628132416711
 -0.769349563491393 0.517094129321324 -0.375119861613625
 0.239268559619686 -0.948003933487896 -0.20985494625812
 0.198895800365365 0.568293586447063 -0.798425237702414
 0.139375100093493 -0.210241835989297 -0.967663656377451
 -0.103248718635417 -0.808691610558473 -0.579100665784876
 -0.358072697181267 -0.158655943937884 -0.920115337871569
 -0.80501035282466 0.0705284461371272 -0.589053537575829
 0.327664143385645 -0.443059688178494 -0.834466489351446
 -0.346857664520415 -0.92324028303846 0.165278977303548
 0.140600221340758 0.0654277367456763 -0.987902216326732
 -0.920014175472274 0.0403400045412187 0.389803284957537
 0.280745618381322 -0.957213653359435 -0.0701706461561593
 -0.145283089082488 0.444564464315598 -0.883886452602615
 0.100920416080973 -0.240077760838558 -0.965493520624964
 0.235399270367528 -0.102826979811429 -0.966443891663295
 -0.339107113887972 -0.924443064775302 -0.174388604270509
 0.0354187959844988 0.635466253342705 -0.771315856023713
 -0.0346494742603765 0.692098221263575 -0.720971196413058
 -0.439379268356911 -0.682211413679963 -0.584408628942911
 -0.175519829457448 -0.937359073037389 0.300916529392648
 -0.266753887522547 -0.592647803857874 -0.760007200014611
 0.270204099630393 -0.374310502834866 -0.887063352873084
 -0.754194509775755 -0.0426212681136379 -0.6552664106518
 -0.778339536710826 0.587673812534551 -0.220968449453495
 -0.0549579515504205 -0.838857202368845 0.541570140974644
 -0.94687643314764 -0.296230569078013 -0.125189737172498
 -0.514591740280368 0.299289761662092 -0.803505432090829
 0.198952497095297 0.737578881864948 -0.645286988034316
 -0.635365609097672 0.21017233693625 -0.743059978442319
 -0.316071601962019 0.202421954611257 -0.926889472766048
 -0.782396879261214 -0.342280800609991 -0.520287398325287
 -0.134260482866914 -0.676482608978925 0.724116981218787
 0.336748260139652 0.337685279968135 -0.878959191877393
 0.0691782901425765 -0.989605632254959 0.126075599471954
 0.0833092437091628 -0.825101779846568 -0.558808216480961
 -0.450988658826389 -0.0045945140722858 -0.892517854191396
 -0.611508192360913 -0.237763579568931 -0.754669603804246
 0.00351118259461484 -0.999111208155331 -0.0420055393392503
 -0.862206070106555 -0.49163573693784 -0.122045052488812
 0.34319829553248 -0.939214644732828 -0.00952790968624048
 -0.992058851240356 0.104432694577526 -0.0700931378876886
 -0.935508891477866 -0.323541243998047 -0.141930184943343
 -0.965582987919183 0.0447449778426845 -0.256217447491231
 -0.618281358063599 -0.335856123176289 -0.710583441121467
 -0.686263758718274 -0.349371495311574 -0.637951104500667
 0.250748482783382 -0.889031593681368 0.383077046843321
 -0.300025817492379 -0.94808993534351 0.105403905707369
 -0.359614104514369 -0.137695173457207 -0.922885548180769
 -0.0303249352582973 0.108662520482917 -0.993616050063544
 -0.277344054337219 -0.934266434508813 0.224112705739731
 -0.0335887271440083 -0.174862089626326 -0.984019840765602
 -0.327885778098928 -0.864782662747637 -0.380318107288579
 -0.415288337818463 -0.730245702469797 0.542472866138364
 0.20736929669648 -0.0439385880770632 -0.97727548586128
 0.232698566977982 -0.970623293781887 0.0611702419023773
 -0.881079411369583 0.301791663157098 -0.364171474596105
 -0.985009659858937 -0.130524129232029 0.112780413515833
 -0.382914912900893 0.505342556998753 -0.773307875017488
 -0.939770964337935 -0.307311345718389 0.149633790903327
 0.335658077866704 -0.344430144316423 -0.876756254867336
 0.211113202021202 -0.936398591714262 -0.280337106655367
 -0.263244520614479 -0.0886878364708055 -0.960643945501444
 0.742449662293642 0.669891980883328 -0.00363770645706477
 -0.625106353297938 -0.201309399860452 -0.754132993970148
 -0.360021530565303 -0.512212587123891 -0.779758143991627
 -0.99629578114095 -0.0762065533974189 0.0398406538604698
 -0.918498930191592 -0.328795355862893 0.21966640434963
 0.437331624791481 -0.491919463550465 -0.752832180062374
 0.181963819844499 -0.978737878298256 0.0946643219583169
 -0.963129619805435 0.213498172916482 0.163706644992687
 -0.941203204071185 -0.0266637389886856 -0.33678713406138
 0.694409299230953 0.131255597389882 -0.70750808708834
 -0.892980810034327 0.0982466628811909 -0.439241239119401
 -0.15178929424886 -0.265749096332623 -0.952017556534452
 -0.0551417918675435 -0.16403536367735 -0.984912068284715
 0.606885036232379 0.453841705400098 -0.652470887654579
 -0.719868406298816 0.211196325413629 -0.66120011323697
 -0.154694650574741 0.676071241068899 -0.720414632057898
 -0.99311585893807 0.0979399165690754 -0.0642546766246773
 0.142175902473834 -0.0113493858718666 -0.989776340491165
 -0.910663351783799 0.385050218645694 0.149761773623309
 -0.904853419982773 0.0136218436357354 -0.425505268735232
 0.392372583898283 -0.144674887756091 -0.908357271263762
 -0.459614568198789 0.48328245938358 -0.745112416452443
 -0.98932803307087 0.121919970396589 0.0797844834452062
 -0.79643407169149 -0.0715169413438903 -0.600481553879658
 0.0332759114863267 0.353644833402808 -0.934787700776093
 0.283330235190443 -0.439954096521612 -0.852152786054696
 -0.696575115607038 0.622067055353033 -0.35751319830385
 -0.995842541000283 -0.0696114576683685 -0.0587526892608736
 -0.549890347106083 0.212201019706985 -0.807831253044141
 0.272637419729889 -0.893823919265571 0.35601634613001
 0.10507628320192 -0.0538056830918387 -0.993007514158624
 0.407713577619232 -0.90902975258279 -0.0862238223706059
 0.481368213870387 0.876253903513708 -0.0215346059221797
 0.302064956836953 -0.916356822987904 -0.262767834436798
 -0.333607240195062 -0.942087700300386 -0.0343070580517187
 -0.907780652723463 -0.236161075279341 -0.346644245681171
 -0.488179177807304 0.419763443278976 -0.765166479951887
 -0.931967039756824 -0.284829277179833 0.224298282802423
 0.300199152875797 -0.874392389656418 0.381206528700116
 0.262348885698691 0.455043969582265 -0.850945384804143
 -0.240261281986473 -0.0539299985381382 -0.969208992754346
 -0.247414982682027 0.130590475653991 -0.960068723588534
 -0.305403575688751 0.483656735489397 -0.820246803207586
 -0.276306672369312 -0.203915207216893 -0.939187527105152
 0.303759356280424 -0.265621603944271 -0.914972905057945
 -0.208803996007666 0.225925046410439 -0.951503423354678
 0.00265243020778075 -0.86701475811546 -0.498275399577366
 -0.843159071525639 0.415870469469934 0.340785170931598
 -0.26194635835438 0.779858921864777 -0.568510481286657
 -0.824648849490546 0.244376381502634 -0.510131805710639
 -0.387042340656224 -0.482926556930959 -0.785480850912459
 -0.558552889130554 -0.702166760055243 -0.441565975950859
 -0.238946717817132 0.0950234726892907 -0.966372084490486
 0.0494022279007799 -0.979637262018154 -0.194602812785464
 0.909893190237364 0.0573711243460897 -0.410856345272819
 -0.726987872154646 -0.685259898556754 -0.0436749947916119
 -0.86476272880634 0.489431451020889 -0.112437883380114
 -0.501500386715404 -0.237669628108018 -0.831871690826955
 -0.978025230368668 0.117191503576926 -0.172432016318588
 -0.572418742103551 0.673857813561047 -0.467174946664859
 -0.781750332244274 0.62257894490328 0.035522885568134
 -0.614127985665092 -0.103050542484894 -0.782449616854981
 -0.175206724330891 0.193055648572977 -0.96541810647165
 -0.440343871683871 -0.855403635450913 -0.272730444079535
 -0.853469003046964 -0.492771957329167 -0.169606777305633
 -0.981369345425777 0.167286841897947 0.0944950812814824
 0.383393286587543 -0.911770809235035 -0.147253452341504
 -0.572739887379989 0.152523256316461 -0.805422670208991
 0.293340228668551 -0.953942127035098 0.0628166260828774
 -0.302434064316964 0.22920827942615 -0.925201168061966
 -0.961746110001184 -0.273852641819955 -0.00701073932061257
 0.62578279574121 -0.46270905460159 -0.627930110238406
 -0.348786490530201 -0.104542429269168 -0.931353243676172
 0.00822676433390026 0.187142080997564 -0.982298407750158
 0.0121089513718642 0.408642322170787 -0.912614280968439
 -0.996589512853713 -0.0800294849957078 -0.0201152778086898
 -0.0610440409688276 0.170792971036658 -0.983414147806847
 -0.5606819979872 0.26237419143648 -0.785363279509002
 0.165911162519034 0.614623903386321 -0.771175040790186
 -0.329439719631733 0.0363009248954243 -0.943478518028207
 0.226927695228366 -0.964820463266311 0.132760290753384
 0.0453138339481474 -0.998972765646609 -0.000264479272323485
 -0.198236627692325 -0.959261709743984 0.201293844069368
 -0.991264532809609 0.113911575539953 -0.0664738967697308
 -0.683801168788477 0.620996143176489 0.383118456516309
 -0.842609982285851 -0.517588126744151 -0.148697507732031
 0.64319700882095 -0.0302305751881805 -0.765103731638773
 -0.218935154851511 -0.0917195701158002 -0.971419023093494
 -0.736159431155999 0.0297700861119981 -0.676153114237419
 -0.659583349976637 0.0126358395115807 -0.751525209153648
 -0.17205158354459 0.462299540398014 -0.869872052400572
 0.63550175295525 0.390109753878596 -0.666297157370183
 -0.483493009317537 0.166224527462651 -0.859420686515568
 -0.0210624420365186 0.387143624570269 -0.921778817010921
 -0.87383507220566 -0.469858637633858 0.125080482986692
 0.425407889911357 -0.860447138790425 0.280461848650647
 -0.362735199167254 0.748729117368409 -0.55482238967963
 -0.149207305454562 -0.534539780740252 -0.831868020063972
 0.00285790604145325 -0.951420684901335 0.307880679346616
 -0.063629846518478 -0.198963649973745 -0.97793901068582
 -0.609145688624011 -0.732274389473408 -0.304492608370265
 -0.0964464055000854 -0.407006343905012 -0.908319286862934
 -0.198237073699382 0.0913223772936722 -0.975890509235815
 0.165988375618337 -0.957875556011919 -0.234355026305056
 0.36948380522409 -0.0166583856096073 -0.929087840769649
 -0.973345429277513 0.196938833850393 -0.117532000009451
 -0.309186931411289 -0.390681501265032 -0.867047522350287
 -0.643578650254602 -0.73299522445814 -0.220282822430678
 -0.61783517269174 -0.767127627948077 -0.1726119979136
 0.489163339422962 -0.862987856437244 0.126377161728007
 -0.649199259912263 0.013474016197403 -0.760499028149861
 -0.834880868171314 -0.48888327776412 -0.25291713402639
 0.277585176394361 0.928935521128495 -0.245000545778661
 -0.947703781604544 -0.0448912610445798 0.315978348964409
 -0.442000912803191 -0.72677778701283 0.525765386256912
 -0.108328895251662 -0.988299494407919 -0.107372993842053
 -0.783823014346391 0.440526178163374 -0.437673586744401
 -0.362440343109562 -0.472654268305778 -0.803265174359596
 -0.285127759547375 -0.957022141764248 0.053016798361142
 -0.71373267035738 -0.378203831675886 0.589531625080625
 0.0822680001993087 -0.336828966879048 -0.937964937092213
 -0.117448781277927 0.610136815908804 -0.783542500218716
 -0.633938835436757 0.255382825227007 -0.730000798290085
 -0.130542533934687 -0.763336968456573 0.632673153706904
 -0.891998143677363 0.0106157835109744 0.451914391026207
 -0.810402041767772 0.248329282564748 0.530642156372356
 0.023602278687283 0.56863316028284 -0.822252553335967
 0.174652744120894 -0.585702162511825 -0.79148556259733
 0.0936650828899223 -0.557541005089589 -0.824848398125931
 -0.0236230156993885 -0.739664773928365 -0.672560759588877
 0.247502284061491 -0.108644523606664 -0.962776706653534
 -0.156521598882883 -0.178712918566743 -0.971371546742287
 -0.08419390050021 -0.91068920702176 -0.404421259743647
 0.509464067063531 0.358176475889261 -0.782403972696097
 -0.875289210075997 -0.0761467266069023 -0.477567246313638
 -0.16714521646643 0.239121657642769 -0.956495326417524
 -0.391777546897017 0.302326954510804 -0.868969945581306
 -0.042252573454269 -0.725273688400652 -0.687162860572518
 -0.257372808566176 -0.140033019481101 -0.95611191335835
 0.543739851370412 0.581944285134313 -0.604721277144434
 0.524787932217108 0.614199312427721 -0.5893698590975
 -0.430194711632788 0.229384902039812 -0.873106566691242
 -0.155778234924113 0.203951911325095 -0.966507506122311
 -0.845013289875617 0.0941849970283592 0.526385530071215
 0.099787570849391 -0.968459021159572 -0.228318998418049
 -0.986512914753255 0.0512652016185075 0.155448216869965
 0.0145168289479092 0.340745737189395 -0.94004340552155
 0.246981613709051 0.44123274863682 -0.862736196076222
 0.0195208927643869 -0.999560688307587 0.0223016845942965
 -0.995757052648864 -0.0854200720788536 0.0342243098701875
 -0.0566031803793416 -0.792790956054347 -0.606859604825842
 -0.999878131204659 0.0113774683182123 0.0106899931406689
 0.0437400182163905 -0.856759196106864 0.513858434486338
 -0.97927753955236 -0.141305849593229 -0.145079831124147
 -0.647538514488168 0.363701705767692 -0.669637918188723
 -0.448953799386703 -0.32453194062482 -0.832537990442798
 0.127482865018504 0.0155913687247695 -0.991718220235951
 0.663754186841375 -0.745957895383395 -0.0545637037390421
 -0.0135432602399647 -0.997955099858435 -0.0624675817413636
 -0.566428749290771 -0.824109712460061 -0.00128600384471979
 0.0929900837253475 0.687340684411386 -0.720357985922027
 -0.0921304239816272 -0.290652744809388 -0.952382783817376
 -0.994486082174741 0.0477906386654502 -0.0933460616024194
 -0.0977196399052799 -0.991724656518748 -0.0832651045129558
 -0.0420989939845164 -0.99723350246269 -0.0612618663728661
 -0.0252832112057636 -0.58672520840469 -0.80939130774527
 0.143501641382807 0.0838676696348395 -0.98609000243916
 0.264102525175898 -0.845026950579717 -0.464950867285628
 -0.634062172842209 -0.15461676500707 -0.757666692516812
 0.391246942851342 0.504476382654603 -0.769694360803823
 -0.172286946704747 -0.131285936217366 -0.976258782775697
 -0.857860243144122 0.433964400123042 -0.275228455393982
 -0.0164550526029584 -0.101395270264197 -0.994710123810894
 0.239319239338227 -0.277196426975271 -0.930531268982787
 0.182788544217103 -0.136669230531144 -0.973606629768418
 -0.511471155689538 -0.13403171934007 -0.848783102511091
 -0.834038444142779 -0.354477359672674 -0.422759595008064
 0.263377458969398 -0.940831727884107 -0.213232206557615
 -0.861469302604549 -0.401335320004819 -0.311127950506961
 -0.997985565187925 0.0353729135916066 -0.0526646813393834
 -0.840620202231432 -0.144608955655956 -0.521963528940941
 -0.526504942504355 0.223224813733889 -0.820343359851201
 0.0304556245150634 0.276089038985969 -0.96064941445212
 -0.271368698810872 -0.344056293680954 -0.898879466938821
 -0.286138214810561 0.155829048763279 -0.945432297727636
 -0.271073833403786 -0.590027752817924 -0.760517079195732
 -0.606247626286072 0.3181766960086 -0.728853487156063
 -0.507686099104343 -0.861493175568695 -0.00918331229898174
 0.403466451172879 0.386307678575815 -0.829446321500872
 -0.867144279367907 0.301662054388567 -0.396308975045459
 -0.316985231147007 -0.546531611286307 -0.775128093349397
 -0.470446334581301 -0.205543485385091 -0.858156233966035
 -0.595638857400517 -0.674951463420669 -0.435493827259244
 0.325072354569974 0.130439360078202 -0.936650168225428
 0.205001798574108 -0.920222896428164 -0.333412782404547
 -0.96899440102455 -0.0359207362350422 -0.244457668096966
 -0.185436771120613 0.640524836993534 -0.745212142353282
 -0.800610235813173 0.103680910920729 0.590147031697883
 -0.726839789546997 -0.281287558217421 0.626563029489738
 0.457640373176533 0.238931158386453 -0.856432828884409
 0.259189884676848 -0.959845059487205 0.107322250531781
 -0.292180936148931 -0.186118585132802 -0.938077914045149
 0.195575430362465 -0.858614152472023 -0.473848064481946
 -0.184382382607001 -0.18742232550078 -0.964819158644793
 0.154908106857939 -0.890259188690014 -0.428301360472608
 -0.930092221011278 0.340866620544621 0.136888302687987
 -0.90287952829285 0.305777727116023 0.302173028229588
 -0.112817765893559 -0.958493155919919 0.261845415757963
 -0.995117611705616 -0.091875440767971 0.0360533251864909
 0.00265011041456846 -0.99228366183327 0.123960120093312
 0.286594486749541 -0.947512950727871 -0.141713825605448
 0.400313943061113 -0.0440601979995231 -0.915318221135746
 -0.267419932375359 -0.192106869481345 -0.944235950632275
 0.373532843344206 -0.762965409275629 0.527595488221862
 0.0206637121519561 -0.55727110555197 -0.830073446097986
 0.737474884634592 0.099421174131757 -0.668016635023005
 -0.988259715782358 0.116301977173442 -0.0990786771577057
 -0.473451361368155 -0.879272371825904 0.0521910390995418
 0.131195587698245 0.202694735435284 -0.970413603570834
 -0.930427396826791 0.0261360024161029 -0.365543114573132
 0.365989309463151 -0.917285206412654 0.156970301188412
 0.124074795603716 0.303821631569572 -0.944615192174199
 -0.857039722254718 0.207914885479771 0.471438558959159
 0.0434827199438649 0.382331159986421 -0.923001699440321
 0.225820858511548 -0.582839257400609 -0.780578849248309
 0.260948504757363 -0.952039400968274 -0.159771264215022
 -0.376902708146942 0.180307110782254 -0.908533815767392
 0.361409561882765 -0.863555255740077 -0.35164676717325
 -0.981899730720278 0.103724053056369 0.15847472867623
 0.62966265006534 -0.727545019886425 -0.272402626916767
 -0.125238642464993 -0.722866937420367 -0.679542988498907
 -0.888872297246485 -0.255014950523859 -0.380622403698299
 -0.0266422516550694 0.275735607370523 -0.960864228314676
 -0.147502342683173 -0.573555617740039 -0.805777272117934
 0.370431821973136 -0.906230134052984 0.203782259787191
 -0.48254782252259 0.349763435943568 -0.803002576493785
 -0.107938196301612 0.0469138950856353 -0.993050065317479
 0.378224824350597 0.103981245473997 -0.919855359735777
 -0.980067279334619 -0.164437213945005 0.111483320042253
 0.087871290708532 0.756591737510271 -0.647956463815592
 -0.118455424422715 -0.552153753790447 -0.825284523422045
 -0.259249852622046 0.210926205673177 -0.942496498495227
 -0.0976151643275951 0.114773982953218 -0.98858394308746
 -0.527176342856678 -0.142284260567673 -0.837759089910082
 -0.991725163342428 0.101261052688892 0.0789138745834426
 -0.19967708870948 -0.961342996667808 0.18960143196259
 -0.148506380676087 0.711260908713541 -0.687061696381393
 0.329281213204684 0.484955097765378 -0.810180495804376
 -0.299949971703309 0.491691291086933 -0.817477638069965
 -0.604541428838718 0.673471956847327 -0.425400028394302
 -0.198728188866717 0.265774725434125 -0.943329689064311
 -0.235980678010044 -0.528249064343561 -0.815638428242608
 0.196485853127488 -0.301394426525682 -0.93303521325833
 -0.997721412116839 -0.0673770218683667 0.00351008941927525
 0.403736605152962 0.0246894933688187 -0.914542061677183
 -0.954385330699556 0.0461186246927077 -0.29499442876426
 -0.897297721626075 0.422798219029256 -0.126879725529116
 0.125514829545451 0.244920127956682 -0.961384500855854
 -0.929793689084836 -0.0894623029957525 0.357043683714904
 0.220594145538891 -0.481063832993633 -0.848478527447478
 0.468390453921531 -0.274573376595958 -0.839773685905838
 -0.265465067348619 -0.0161310282987026 -0.963985522683624
 -0.0624462928637654 0.253004696572957 -0.965447608117395
 -0.963254946523818 0.151847080748089 -0.221545417613815
 0.0672457058223882 -0.142982842305587 -0.987438059755985
 -0.213975705858702 -0.483092074025727 -0.84902087448766
 0.349794064260313 -0.140882340037357 -0.9261729206114
 0.527053742390478 0.846573579891142 -0.0743473366199967
 -0.527840044673029 0.384728442765296 -0.757211273401925
 -0.935970033265432 0.272651230010964 -0.222758621836763
 -0.946705803026894 -0.291004389156907 -0.138074501652618
 0.208113575046217 0.092825733810995 -0.973689952204465
 -0.120454601761564 -0.974863935345894 -0.187432645172555
 -0.472709504473214 0.404436418980382 -0.782928417789911
 -0.0485865843165979 0.0713875689101085 -0.996264602818725
 -0.0188518259317237 -0.995027720151687 0.0977979794718489
 0.72982407339761 -0.629980006661497 -0.265484487486747
 -0.287715346490924 0.130506576617129 -0.948782331651093
 -0.6275358628095 -0.669217856708815 -0.397927381754507
 -0.985526652719384 0.13745894470074 0.099208141306472
 -0.664865909964514 -0.0830208158847602 -0.742334739788518
 -0.318672361948178 -0.146017903716052 -0.936550424443201
 -0.257803347730661 -0.58883846986029 -0.766033086956077
 -0.00901260277135572 0.409684397645191 -0.912182803673355
 -0.00121213100922011 -0.167853096348668 -0.985811274425578
 -0.447561662579585 0.490890397233611 -0.747472525309677
 -0.99936428168129 -0.0338031533761728 0.0113304598965104
 -0.985758800517114 0.153053929496753 -0.0696712413314423
 -0.266262486444559 -0.384741428612451 -0.883786355077748
 -0.0812676302938939 -0.444689020123576 -0.891990609618705
 -0.451842236112838 -0.845406237086118 -0.284827821605336
 0.499466330832249 -0.853670931167862 0.14757820179134
 -0.201545256734883 0.281920100872841 -0.938030152080154
 -0.165676922175639 0.446054113551633 -0.879537881641305
 -0.0238656281663121 0.510112284956581 -0.859776650374156
 0.631363031201833 -0.770380456604457 -0.0888519831716837
 -0.145612813167604 -0.973889506082464 -0.174172726291665
 0.397915804854856 0.685536143982052 -0.609674673527556
 -0.996802675944335 -0.0741287709383137 0.0298219809769093
 0.604294272232251 0.253319864822705 -0.755418743898707
 0.300519180976115 0.103030958994072 -0.948194517677785
 0.369031650899255 -0.817652112562291 -0.441883087996127
 0.368754510985017 -0.910038396179746 0.189341564657097
 -0.321149073208625 -0.227747405831094 -0.919235765141048
 -0.361946044414917 -0.81876582261194 -0.445665332570292
 -0.277665956681056 -0.0645532228738313 -0.95850638908512
 -0.223598662036416 -0.212466503007192 -0.951242147634039
 -0.460258328580394 -0.887273213838351 0.0301415821971491
 0.317194055745676 -0.241365285551259 -0.917131795289188
 -0.982970705234592 -0.0170085445008127 -0.182973500990097
 0.658620977280587 0.289426499389567 -0.694586718658704
 -0.271615722798433 -0.65630125235291 -0.703913038157901
 -0.484400659796724 -0.804821116898179 0.342956222546356
 0.105982477760103 -0.0607593261728989 -0.992509958988243
 0.661533081475456 -0.0357172610199915 -0.749064923340305
 -0.983174360550519 0.179790492203734 -0.0323041122648125
 -0.200878021306113 -0.841610659243839 -0.501337729283655
 -0.325903789398568 -0.343769395466467 -0.880686847180241
 -0.99911475943844 -0.0209093385152657 -0.0365033838859239
 -0.977700347940147 -0.209675665389969 -0.0117535093053028
 -0.353121097930896 -0.896660593649008 -0.267030466413641
 -0.00569038109416757 0.108301987094987 -0.994101754929686
 -0.973166390662736 -0.216648337956228 -0.0775285350388337
 -0.65858755788209 -0.190678441895423 0.727945163044057
 0.0688933608424937 -0.934076917546052 0.350362693418538
 -0.521289736990145 -0.591059898821204 0.615552764687329
 -0.159875308300595 -0.930504413555001 -0.329547298806185
 -0.775874190690154 -0.554663153928903 -0.300612750718498
 0.0511372479522678 -0.000804545743556676 -0.9986913109555
 0.186012476113466 0.0700878991876985 -0.980044409768043
 -0.448240802703656 -0.793078627015509 0.412439661238803
 0.455883498528146 -0.338235255499482 -0.823266146338435
 0.741665314896657 0.372976294860279 -0.557513447507359
 0.468233114136469 -0.188086307289188 -0.863354673257973
 -0.743919298269607 0.520159095984414 -0.419545697781222
 -0.849939291301417 -0.497477843249823 -0.173548254320088
 0.26674215937911 0.652780874105436 -0.709031558403371
 0.70896174948226 -0.575643505134039 -0.4074405389355
 0.065435727437566 0.835374482978906 -0.545772515579927
 -0.933758763188017 0.153033306324934 0.323535746595092
 0.3579797191473 -0.933727672301396 -0.00177613564736235
 -0.479511152569553 0.486532465792766 -0.730311724054208
 -0.938241978634368 -0.309595054925071 0.15444381338923
 -0.768809217123944 0.0741293918128012 -0.635167081117034
 0.295133550220268 -0.774405774019695 -0.559635492708725
 -0.13376619922567 -0.169643871454124 -0.976384945000063
 0.407093824186144 -0.00463376979149196 -0.913374592643686
 -0.683003883066038 0.157278840198934 -0.713280493314091
 -0.671886408188673 -0.699376270850125 -0.243806247383237
 -0.930409978672977 -0.0490307212139867 -0.363226182925993
 0.0149350147507737 -0.015780942373211 -0.999763925730573
 -0.965031352535008 -0.227415399774372 -0.130371486797978
 -0.986470405575138 0.140475372199755 -0.084515139056645
 -0.308310557362871 -0.545150442186886 -0.779586810818422
 -0.0324953203583958 -0.375436442934521 -0.926278322898404
 -0.949953127170155 0.268279833313441 0.160046828200236
 -0.981465277114504 0.069674254267402 0.178525651128436
 -0.960587043057199 -0.273127678243663 0.0517088395523745
 -0.942555350851665 -0.00141583162766979 -0.334047011664072
 -0.415041485095628 0.28587158417185 -0.863723337077732
 0.708123040523396 -0.676485097891905 -0.202310829690554
 -0.605582830620622 0.0688522893785616 -0.792798081168747
 -0.834950193914433 0.393824913421924 -0.384395774235962
 0.669795292849856 0.161185408205919 -0.72484034784059
 -0.945038229551774 0.312365713580966 -0.0965940249948337
 -0.890898067486984 0.138152703283365 -0.432682867610281
 0.195113526087188 -0.752946405562552 -0.62849218156494
 0.637806536961015 -0.283401078019408 -0.716161050593534
 0.0585284233211299 0.041093980155566 -0.997439576344611
 -0.225653915179555 0.227456714768659 -0.947282298721341
 0.0913981940718725 -0.993039351510412 -0.0742914293319344
 0.393969068283983 -0.831797965624077 -0.391024957795658
 0.0180353101599463 -0.927099636958246 -0.374380809790409
 0.0212899520241772 -0.202208600012469 -0.979111035594945
 -0.242944225994547 -0.852311993583815 -0.463187185324781
 0.106217290837234 0.612663740911029 -0.783173689356392
 -0.96857901899934 0.127226086754257 0.213701209176447
 -0.160865476104918 0.730391388008709 -0.663815274696395
 0.0318455242110468 -0.957946891552003 -0.285172957262044
 0.432715543447356 0.342893579551211 -0.833775300402703
 0.497943908038898 0.507039288092034 -0.70353608633678
 0.391290077686952 0.0712799551565564 -0.917502721029545
 0.476398900612404 -0.878952043400178 -0.0220769766486278
 -0.847554359774006 0.381224159774525 -0.369215041990819
 -0.846926477050267 -0.363403090677446 0.388141386813239
 0.250008147716481 0.507032524300928 -0.824872078189341
 -0.183874822757768 0.894925038227897 -0.406570074536477
 0.869915748439386 -0.397446404248313 0.292032440607596
 -0.910818969949868 0.104812058474029 -0.399278394579393
 0.257833468819902 -0.964707140388297 0.053497996599224
 0.373758154159432 0.325242160233818 -0.868632476600878
 -0.757937358627213 -0.0975158789702147 -0.644997374991457
 -0.233523080859188 -0.351038515634309 -0.90677391407522
 0.1495621163866 0.496968302366673 -0.854782826093709
 0.0575401965043954 -0.989272905765144 0.134269295467071
 0.231891547744279 0.327125416107579 -0.916086934860009
 -0.592150347695665 -0.531421807971179 -0.605763012849535
 -0.918601171732566 -0.0209521998433549 -0.394630070589255
 -0.961406816285674 0.27019238549701 0.0518942040971693
 -0.914692486687463 0.175905332955011 -0.363861194187416
 0.116753336459786 -0.976876791418972 -0.179110001988952
 0.242674165932592 0.278605793045886 -0.929240583094709
 -0.26397167727142 0.511766505940777 -0.817565897647206
 -0.888276814418603 -0.110249790758366 0.445880347855874
 0.263568452011393 -0.118201265090012 -0.957371470243102
 0.161987606498328 0.1887925270189 -0.96856460656105
 0.328940549597554 -0.938336110598119 -0.106411739850707
 -0.419149785420867 0.298531342141411 -0.857433668070533
 -0.000328156993037931 -0.891458286061929 0.453102655614063
 -0.926944102845607 0.262368992979782 0.268211002239892
 -0.20068252869917 0.0717698576794348 -0.977023853446568
 -0.954565849628351 -0.0567694401780783 -0.292542765053543
 -0.217602698988311 -0.650828698436728 -0.727372717858016
 -0.972251222290124 -0.105947346723969 -0.20857305788982
 -0.398239799612097 0.776546436354115 -0.488242454309988
 -0.273280929268115 -0.0642705270049628 -0.959784784760032
 -0.27479296830379 -0.0424112991851831 -0.960567595889127
 0.576150848761138 -0.759093382476235 -0.303030421166933
 -0.122765440393945 -0.294999668168281 -0.947577881984106
 -0.364608052774296 0.358141418954242 -0.859532251798371
 0.307677899395525 -0.143593681422784 -0.94059298576962
 -0.997503892338161 -0.0671561037805541 -0.0218183980904506
 -0.197271607564297 -0.113436847106067 -0.973763828948084
 -0.948062042172662 0.306599256044869 0.0847069087154872
 -0.966340976973281 0.0031189400671115 -0.2572457743777
 -0.15439907725859 -0.712121544054596 0.684867747404558
 -0.00377925199025309 0.351074114080511 -0.936340047032582
 -0.143960132811635 -0.947866674335793 0.284296056681165
 -0.894437325761273 -0.0455375688174388 -0.444868744812691
 0.103620001069988 0.601759382883403 -0.791927105540681
 0.0675055643136666 -0.996614989784255 0.0469207941537902
 0.352234132973491 0.693320627018086 -0.628679269357326
 0.100635255797385 -0.426969132967387 -0.898648933000909
 -0.347819098710692 0.256008611819469 -0.901932073521255
 -0.0444718731100735 -0.974238237840298 -0.22109298594011
 -0.292076474474637 -0.0449437964778323 -0.955338363207835
 -0.888140297884303 0.397899483720422 -0.229962632027473
 0.384189447748233 -0.353747453238369 -0.85279611136911
 0.172880442042758 0.443764695241005 -0.879309529128826
 0.335099648044721 0.458361864744486 -0.823172294740452
 -0.885126432345012 -0.24981484482748 -0.392611439043761
 0.259856516465579 -0.62262538203467 -0.738113964436763
 -0.104232604866779 0.0639082702274504 -0.992497504822668
 -0.206887147045525 -0.088978214527834 -0.974310312850481
 0.371245545537272 -0.895736544626679 -0.244607415134927
 -0.821822838279549 0.305894035686425 0.480662107320328
 -0.66102148050481 -0.323023015157031 -0.677278918902758
 -0.975847243244444 0.218182442342853 -0.0108894309092256
 -0.712948098559407 -0.212419931609498 -0.668268495004472
 -0.222671182223186 -0.937418375152535 -0.267701950933703
 -0.899191833348992 -0.394574177860914 -0.189117066929092
 -0.979316717469896 0.0529736223090851 -0.19527560580739
 -0.468701134427767 0.218630644645381 -0.855873756933854
 -0.110138799265264 -0.898391934692299 -0.425160412757626
 -0.974518306508745 -0.199176790038128 -0.103163349060775
 -0.13106638670046 0.393512129141704 -0.909928462295607
 -0.139489524939718 0.489319786918931 -0.860876773157288
 0.293904254746331 0.347728424765737 -0.890339952856179
 -0.305847144795948 0.0362174644842698 -0.951391517350506
 -0.132060919737332 -0.974779359380562 -0.179903068355576
 0.0876442296771714 0.0195471499950902 -0.995960038320497
 0.0902330998171438 -0.994073733037116 0.0606250854270904
 -0.856473288525988 -0.438994086465346 0.271546861683091
 -0.881974559776973 -0.0866756167492169 -0.463258257743299
 0.283596723925832 -0.528821923901016 -0.799950167810573
 -0.817112769421571 -0.553808232240686 0.160072370978431
 0.180132139096728 -0.000962807925317119 -0.983641949829986
 0.329805971216867 -0.796927638288484 -0.506097185016512
 -0.828948763047708 0.519806161865157 -0.206507874737718
 -0.122232020600296 -0.978428291502554 -0.166545523888701
 -0.923679426458934 -0.0717546461165485 -0.37638755013574
 -0.0393301288560447 -0.845053752854883 -0.53323287197063
 -0.111813147886383 -0.964133881666759 -0.240714931364728
 0.00945253778136105 -0.880795378375609 0.473402736537993
 -0.817391699681528 0.55477499773267 -0.155227288781513
 -0.118426188053056 -0.125569233713967 -0.984991170279059
 -0.585557475465758 0.0324022542394078 -0.809983047258628
 -0.35531393665826 -0.890365915139811 0.284605944375124
 0.575592486330907 0.268436154343832 -0.772421724655967
 -0.935848303204888 0.230743722626453 -0.266355566596642
 0.368832029479821 -0.888956645401171 0.271512461273683
 0.0397694382804401 -0.975107948446021 0.218135005572811
 -0.938615186180754 -0.281768059273664 0.199018323387625
 0.114835574160491 0.405611875896001 -0.906803064087985
 -0.348368678240619 -0.840030166667303 -0.415918962190699
 -0.486566267189313 -0.176126902131759 -0.855705896893862
 0.0838301028889943 -0.304316699447083 -0.948875049881308
 0.203264273562706 0.774975717927459 -0.598411456872147
 -0.781699327938058 0.0812621300759795 -0.618338602156378
 -0.888617635144189 -0.174210311828651 0.424275224074319
 -0.931020802314251 0.239962652582184 -0.274987619764691
 0.400178565014942 0.36016021772081 -0.842699076583024
 -0.0172700870291447 -0.557272358438926 -0.830150144620793
 -0.98997263562058 0.12507248272944 0.0656586230919924
 -0.963300500148208 0.132339443902767 0.233534618422449
 0.475526092328615 -0.211684495089897 -0.853852803504921
 -0.226513814530282 0.267362662882729 -0.936594201521234
 -0.60670152581312 0.339023550187167 -0.719010633436336
 -0.13056617057816 -0.711432380851879 -0.690518966123293
 -0.619387480259324 -0.408517219723496 -0.670427349149324
 -0.801867869374246 -0.594294577401644 -0.0618213178135824
 0.48565252900725 -0.37074666986332 -0.791636613512867
 -0.910148777372783 0.414129986420706 -0.0112052395786298
 -0.906845797355498 -0.395869281316079 -0.144631296505848
 -0.53056493612505 -0.0645677809634547 -0.845181548672282
 -0.0968156808205622 0.145641831340332 -0.984588838506249
 0.0331668099456322 -0.115472086563556 -0.992756848348421
 0.749447345589811 0.280766150868903 -0.59958239193179
 -0.752108968487174 0.305444875782022 -0.583982471808584
 -0.262645762214107 0.300750363934778 -0.916824095551633
 0.144583780727242 -0.980716861485079 -0.131491322715509
 0.347425805165285 -0.727605597448316 -0.591511119478859
 -0.103014591966919 -0.879934605920056 -0.46379206886945
 0.123500237676535 -0.0541201758563742 -0.990867649012276
 -0.893662024367086 -0.39766444861713 0.207921072790027
 0.387502320015849 -0.856592842253332 -0.340720786836807
 -0.944883984450869 -0.112355022721075 0.307523340248505
 -0.494094848328791 -0.343076227744282 -0.798854794572645
 0.160402161217858 -0.940651457964874 -0.299075210114775
 -0.371785903722685 0.01749183888235 -0.928153692750086
 0.399440287646602 -0.911378319527541 -0.0991817286598449
 -0.911126855691935 -0.236749042220249 0.337339211839837
 -0.966984222778077 -0.117524825482204 0.226118173293646
 -0.922109529166946 0.348999323682732 0.167073302141631
 -0.337616850826398 0.220095450782653 -0.915190064731281
 0.545005890841722 -0.535367639161637 -0.645251942954313
 -0.845402389817478 -0.485641219533422 -0.222367725133365
 -0.0803336136373875 -0.239044464294493 -0.96767983063104
 0.0766203102962769 -0.957187676622102 -0.279143475246842
 -0.125327914310708 0.560499090017752 -0.818616933604357
 -0.521353525780845 0.234442220566646 -0.820504324407655
 -0.276626010516631 0.179198989828337 -0.944121693612723
 -0.190453339177523 0.324029629732454 -0.926678112750906
 0.243551327650259 0.070616645148887 -0.967313827166609
 -0.335644190668914 0.400248696008653 -0.852727364761787
 -0.457424344777152 -0.745108641739998 -0.485361804028262
 0.0411165162426043 -0.518757757169095 -0.853931977073679
 -0.373170563207636 0.460785494835411 -0.805245588938295
 -0.00195765766155552 0.00877925525167051 -0.999959545308562
 -0.971179950940774 0.138808614865908 -0.193756732346732
 -0.726227693215645 0.0807265630663294 -0.682698000306271
 -0.11213139640015 0.325549156645191 -0.938852649007797
 -0.110421979583778 -0.71258891831634 -0.692837657693018
 -0.794265479617261 -0.218151184922426 -0.567055912944486
 -0.974625458026551 0.197392356768548 0.105553181173732
 0.0998530963900803 0.609716592548447 -0.786304671175508
 -0.0918176046255802 -0.00251447128061786 -0.995772667286565
 -0.969038089004308 0.133868707419124 -0.207471326290673
 0.717231339510167 0.361117901761396 -0.595963981002123
 -0.775455667888436 0.263117684264273 -0.573966542027587
 -0.0892644974381259 -0.958104741583709 0.272152813051662
 -0.160613120485433 0.473653047060332 -0.865942386385142
 -0.859260678810361 0.323671179909674 -0.396116211668037
 0.0284582559405736 -0.18999252290289 -0.981373001926289
 -0.00101148382038685 0.448233308671162 -0.893916035149937
 -0.973960392062008 -0.198515582145484 -0.109511270378254
 0.326965074792977 -0.875377095679622 -0.35610220474624
 0.295226958556814 0.109453700419446 -0.949136939754103
 -0.587939596522571 -0.0906321160506259 -0.803811452009153
 0.182070557013478 0.409718360882792 -0.893857470195512
 -0.548697021866579 -0.38584763938417 -0.741655700022869
 -0.0308304249188509 0.669437691483919 -0.742228173892641
 -0.848795260154812 -0.370771158742965 -0.376928844986853
 -0.990240379837337 0.0787590201995337 -0.114982637284137
 -0.740376009999319 -0.420884722823822 -0.524117748135858
 0.103490732282837 0.438832544932885 -0.892589304125526
 -0.449110348873775 0.55783158457981 -0.697942560516017
 -0.910853316161145 0.102578219815544 -0.399779871001179
 0.558249463289066 -0.284058640295195 -0.779530772715943
 0.559428874305895 -0.208910666745222 -0.802119484810652
 -0.0300853469997056 -0.603875787951333 -0.796510454810271
 -0.57213805629776 0.353027198968177 -0.740290376355457
 -0.330337303235768 0.422897858548349 -0.843821466499958
 -0.126949575954434 0.517410293946211 -0.846268511102407
 0.408661737235128 -0.857872254779237 -0.311529740153257
 -0.411989398156268 -0.155523295774178 -0.897818044081524
 -0.3902215879827 -0.902365519901191 -0.18293053535622
 -0.214728391731772 0.0291971401965065 -0.976237289181597
 -0.0430414841107557 0.13014330458148 -0.990560523601741
 0.0410655287389846 -0.0544188621946675 -0.997673398355807
 -0.900951516915346 -0.428156530036228 -0.0704865232173833
 -0.993974906144869 -0.10501734394716 -0.0313885874894611
 0.353895880366823 0.374561898743097 -0.857007053570365
 -0.185654335057845 -0.971254640013639 0.1489862145509
 0.0873002741528357 -0.773026902902939 -0.628337544255578
 0.542350002327897 0.382171098670939 -0.748198988448646
 -0.93031631163249 -0.358660178120651 -0.076644875503736
 -0.0525872440987103 0.150574769293705 -0.987198977212928
 -0.337216132898201 -0.940173030866687 -0.0485793345377451
 0.224439558506419 -0.963319263463797 0.147115197097415
 -0.567511167678463 -0.441774133608207 -0.694814140209413
 0.222494729714135 -0.934809448414784 -0.276816528415268
 -0.869863553240207 -0.493034404567254 -0.0159522618250624
 0.620921228867371 -0.650177086531658 -0.437865942602343
 0.529095224923423 -0.725363104061397 -0.440348282873509
 -0.907136039140173 0.418787091179347 0.0414919119180925
 -0.985811082237081 0.167675143183149 -0.00784579486506839
 0.208031098592745 0.398261318998848 -0.893370574737938
 -0.840698865450055 0.426580729257294 -0.333548046100266
 0.105736525805928 0.133468469333221 -0.985396344018152
 -0.130880353229872 0.192939843202335 -0.97244256902065
 -0.616704779060321 -0.779128879218342 -0.11239842103931
 -0.37188255086865 -0.903594507212888 -0.212650734525239
 0.0980081616709206 0.404211395885576 -0.909399553376909
 0.0992410755492078 -0.991333929788385 -0.0860711831808685
 -0.278209502953717 -0.927479119126398 -0.249763800521145
 -0.933384885668817 -0.197055205628258 0.299936495178252
 -0.912268093702815 0.387959094285984 -0.131357018741413
 -0.207698479742077 0.454863100152326 -0.866002830037319
 0.273896245038158 -0.942187261966244 0.193038882980992
 -0.955287869495318 0.252995031644247 0.153031370504293
 0.0445268275570955 -0.958796983687263 -0.280581014503667
 -0.985280175684073 -0.0040356790993138 -0.170899645108377
 -0.566466058141087 0.0723319081912904 -0.820904562072538
 -0.677236225214232 -0.732924450286266 -0.0645975652029729
 0.102378539377705 -0.114592736353343 -0.988123038619149
 -0.116295463372591 -0.943986141538603 0.30881309846251
 -0.0803616825292019 0.575768460770514 -0.813653906500196
 -0.126422324029346 -0.373131513932873 -0.919124729999787
 -0.430614348393544 0.797766587607114 -0.422066054848414
 0.0389254105536283 -0.996754398379291 -0.0704661743304461
 0.550758574912887 -0.284601505376544 -0.784644489751461
 0.469206064387612 -0.705631297911234 -0.530970941342364
 0.274635941586421 -0.770744091209704 -0.574916207333092
 -0.0486167859245556 -0.785986065705226 -0.616329710985595
 -0.503559093354334 -0.204530374245942 -0.839401909403937
 -0.198011179088766 -0.975488898445273 0.0959842797853049
 -0.973231548659975 -0.222635769016708 -0.057040924319694
 -0.0541251562241331 -0.139430626217156 -0.988751519814966
 0.0558880799435985 -0.356830229294632 -0.932495957086013
 -0.187209438666076 -0.982318256384068 0.00186259198345401
 0.31751872828736 0.468038793267968 -0.824694819422944
 -0.0921334490045055 0.733381053383696 -0.673545587256241
 -0.965793340046477 -0.0404795391782089 0.256134010294984
 -0.450874081984779 -0.380092461137415 -0.807615182609197
 -0.0260502803699197 0.264856559456699 -0.963935882621562
 -0.971196468332528 0.172917577528836 0.163941853350459
 -0.990290189115186 0.128367719229802 0.0533579422574421
 0.0840204201865904 -0.871436764515125 -0.483258248189392
 0.724518880792877 -0.687229765664774 0.0527981113201689
 0.662413864816927 -0.728316879100916 0.175392118736857
 -0.98157233854432 -0.0927454160349211 0.167074929325569
 -0.874631471350941 0.238714317810393 -0.421942251729792
 0.148416595597018 0.341296873879133 -0.928164294740819
 -0.735783719520319 0.249887552012853 -0.629427143868032
 -0.248034552590484 -0.105668917441659 -0.962970892918341
 -0.477511250733755 -0.539976042137529 -0.693115343460361
 -0.370069505067981 -0.722580527505606 -0.583888638944499
 -0.89850097063612 0.347497691369754 -0.268218866336135
 -0.0763274249297473 -0.90876893340759 -0.410259856526111
 -0.0146575793256225 -0.854117362558452 -0.519873721536785
 -0.915009652867348 -0.382959644836733 -0.126882802562437
 -0.0649200483330873 0.426536362132227 -0.902137527821249
 0.0202929805363377 0.162029771766201 -0.986577188060998
 -0.8960458772118 -0.343207839524149 0.281620604396947
 -0.152751072345605 -0.987669695478567 -0.034288227287844
 -0.0875769872257678 -0.789882634344683 -0.606972565499596
 -0.561482581691965 0.365342939606272 -0.742470098344959
 -0.0145211417785552 -0.964225136688257 0.264686649115438
 -0.38066945098174 0.0484103202231368 -0.923443127639788
 -0.721731184751589 0.285216811364563 0.630678576988389
 -0.158441826857827 0.819806969449782 -0.550284217785245
 0.159361129524562 -0.943153669500657 -0.291659366563292
 -0.258266969977125 0.0999485513307319 -0.96088941054927
 -0.0923579838264625 0.784077710616471 -0.613752512449395
 -0.736217328836761 0.487386116619509 -0.469509124562045
 -0.163727248749097 0.277734683696158 -0.946602785485679
 0.330822273118652 -0.907616179748143 -0.258436634144608
 -0.320455998440872 -0.00744129425446625 -0.947234173899507
 0.098919322104553 -0.519257198915626 -0.8488739182521
 0.526813817758129 -0.751551507172833 -0.3970359347532
 0.417274048698721 0.191083946075627 -0.888464570950775
 -0.685540345083449 -0.380370585507445 -0.620767793094639
 0.131202181459802 -0.952280825078019 0.275585227777028
 -0.467663172785749 -0.86894399644583 -0.161949028588369
 -0.920092099431905 -0.383308252183214 0.0806555166819871
 -0.849877926813682 0.349250350493646 -0.394628562315178
 0.460152668846325 -0.866990191219337 -0.191278670225046
 -0.758257841572127 -0.272516176733091 -0.592266814124477
 0.10472452919303 -0.190317724165818 -0.976120861806386
 -0.171115983888439 -0.13656811274746 -0.97573996056249
 0.213889453993005 -0.967901307352038 -0.13197863727433
 -0.389364100500177 0.512966545963601 -0.765023476740329
 0.463666294600513 -0.374195026615462 -0.803113721279673
 -0.202803056403686 0.0271311849843699 -0.97884361320625
 0.101690309694326 -0.10132636364522 -0.989642384371602
 0.220501887119475 0.563285525152555 -0.796296637522952
 -0.503110766007576 0.168086510205252 -0.847718397944913
 -0.0569252687681546 0.287944982893008 -0.955953555672251
 -0.976077044163457 -0.0274953665481856 0.215679411802587
 -0.147725853721562 -0.146746878720898 -0.978080991394838
 -0.798251975738677 0.203599437619073 -0.566869519581443
 0.158531068474699 -0.259794754400394 -0.952562116564746
 -0.0959627763520311 0.759138220792727 -0.643816982757105
 -0.7108218295522 0.52211665076472 -0.471303012536833
 0.592971295914134 -0.283071970327711 -0.753827103410789
 -0.322818911030322 -0.0438318292507301 -0.945445250358651
 0.0216909823011579 -0.538059106149934 -0.842627972224958
 -0.136065891152806 -0.191312432732908 -0.972052275521543
 -0.308288312478474 0.74884016452466 -0.586682814120078
 0.349911430665865 0.743988467615439 -0.569247881633826
 0.087543411329156 0.450898777726159 -0.888271604509516
 -0.947174308265444 0.254345960005255 -0.195368785610401
 -0.291978648863866 0.25744557364787 -0.921124446107447
 -0.47022977159825 0.641194573711544 -0.606426813841151
 0.00753985250754959 0.0797093822548435 -0.996789629262221
 0.171381719157628 -0.761521811709424 0.625070265353722
 -0.17074601256328 0.516304830697178 -0.839211011005277
 0.184463331762544 0.0686923176288801 -0.980435946267697
 -0.430278150047207 -0.886483095295275 -0.170318628892029
 -0.0355692756945766 -0.102613610629675 -0.994085144009357
 0.203922212133903 -0.389419915168151 -0.898202572401597
 0.183981043556898 -0.98083645343556 0.0641157330432017
 0.50318285710604 -0.863715623234573 0.0283255096179415
 -0.233035748709139 0.503934537186562 -0.831711682047413
 0.0250343970147503 -0.216730257212404 -0.975910484918957
 -0.0198713554646616 0.821316594124897 -0.570126460925185
 0.522041468629168 -0.846542640330944 -0.104106979271395
 0.152471662698267 -0.0390529617802989 -0.987535952889925
 -0.978053198144231 -0.0679580836487789 0.196961012554841
 -0.897097044139827 -0.37947683630901 -0.226305598915473
 -0.979718298754113 -0.189568361238183 0.064929896841255
 0.438679718514773 -0.284173960114719 -0.852528747290388
 -0.280710062944598 -0.0699472280854399 -0.95724043262119
 0.238111240761714 -0.197247265598224 -0.950997662056506
 -0.213008195458291 -0.761975936863214 -0.611571893001166
 -0.362814485190827 0.100484786141424 -0.926427793780944
 -0.812245802291534 -0.147052063307996 -0.564475373543119
 -0.193862922309793 -0.316253454333454 -0.928655436626344
 0.572797416061176 0.148946052617015 -0.806050986950236
 -0.507708831299989 -0.0442365215270256 -0.86039227843071
 -0.203303899672791 0.895943677907285 -0.394908154379981
 -0.889052709444908 -0.287089406547925 -0.356601952429637
 -0.470025566717272 -0.697485971435393 -0.540915230219055
 -0.61374182235467 0.0475955979322005 -0.788070830922098
 -0.687419279774645 -0.00589526303148268 -0.726236861958892
 0.382441618137872 -0.92307833556815 0.040801900946151
 -0.0214368597585133 -0.995320719439647 0.0942185040097618
 -0.884297558598107 0.265252628082395 0.384264064352641
 -0.0203002129654697 0.263604703037161 -0.964417161756388
 0.1806601469172 0.222269026775854 -0.958101451335907
 -0.425980434780463 -0.526594051359554 -0.735689726893736
 0.471842769612011 0.145058949406458 -0.869667926258041
 0.0480622992104082 -0.998844337740326 -6.60204482735337e-05
 0.087893604365238 -0.915574411710424 -0.392426057917664
 -0.976373911477316 0.0304240792122111 -0.213935411726473
 -0.946346136631135 -0.303894199473883 -0.109896793444815
 0.48417018045774 -0.0662410309410456 -0.872462814207796
 0.110425706060276 -0.95751366329235 0.266408986427925
 0.202112394907208 -0.942757274176733 -0.265253278606937
 0.626707205272942 0.0244325029901695 -0.778871704234153
 -0.992093724385849 0.122514407066164 0.0272077580010037
 -0.605934063308226 0.499069855433294 -0.619494302088868
 -0.99337222503147 -0.0712206308223035 0.0902177603429541
 -0.934496416722222 -0.0913726189897151 0.34404576967649
 -0.105366163596848 -0.992792053511922 0.0571131338000679
 0.304158631913481 0.417506649352541 -0.856256809829232
 0.152488210579765 0.0273789855005281 -0.987925977382488
 0.294216088490862 0.334565417958218 -0.895266929122025
 0.442411634155694 -0.785040745696156 -0.433570033051769
 0.212608329049169 -0.0921444192166841 -0.972783174415625
 -0.995175769290321 0.0397877986653463 -0.0896778640177325
 -0.853520441870463 0.215107268719183 -0.474585838656636
 -0.318249496302756 -0.895069479802634 -0.312358583088226
 0.0365074434349033 -0.264452388768521 -0.963707497453699
 0.453591078545252 -0.172877778416678 -0.874281652097234
 -0.51396430329188 0.282458065706645 -0.809974157648843
 -0.165171882249345 0.444488768523655 -0.880424888318438
 -0.956599552599131 -0.0901668382932237 -0.277105101431472
 -0.43065357679876 -0.207342740132272 -0.878377188288081
 -0.46901291367079 -0.402105446782507 -0.78634476947321
 -0.400136397353274 -0.270533485335183 -0.875615495994413
 -0.845441335234449 0.176631572192661 -0.504014123196703
 -0.978486491673313 -0.019890633722129 0.20534981934003
 0.320883444248893 0.0612837264122436 -0.945133916481679
 -0.0169105446862012 -0.999362872684585 -0.0314305930270105
 0.141942568175521 -0.0252637859515611 -0.989552448564062
 -0.909265387537328 -0.288102561350668 0.300388696807616
 0.177918368114876 0.0916818209952177 -0.979765021822243
 0.0122174050341707 0.100768853061486 -0.994834847231893
 -0.0122927880464013 -0.0721339277521299 -0.997319198566385
 0.260279624760943 -0.10819190179812 -0.959452463293314
 0.585600698545478 -0.809514901373916 0.0419219073591358
 -0.980974630419144 0.174560193583713 -0.0849559491150531
 0.221098570343128 -0.944605837023922 -0.242559755220361
 -0.732773340760296 -0.367642802129141 0.572609815767796
 -0.3326001296248 0.157641549517983 -0.929799061969378
 -0.392068706208704 -0.29862578220565 -0.870117676991967
 -0.205591397240544 0.516737871920508 -0.831092142366745
 -0.0548821441141121 0.353865225811449 -0.933684824884099
 -0.966195603556361 -0.0829887908191373 -0.244087927326888
 0.584760230701551 0.127120908410588 -0.801183965912159
 -0.323910235246837 -0.942739329105165 0.0795280885013709
 0.0742559238622702 -0.400605604210879 0.913236665736871
 -0.514827331965909 -0.525878582297173 -0.677055784217208
 0.424960076324463 -0.885510051717105 -0.187832057536184
 -0.325959270775953 -0.16490033041167 -0.930891204612726
 -0.83485752348889 0.026510917918045 0.549827324443902
 -0.835793957830044 0.0530677037717832 -0.546472578334156
 0.107192585528408 -0.982561185800041 0.151931779976911
 -0.970074788511347 -0.0485025002581702 0.237912614552848
 0.00937779960493077 -0.150437098535788 -0.988575104005105
 0.139013760624754 -0.289537283623345 -0.947018128521824
 -0.323090696303936 0.134876061189801 -0.936707451705047
 -0.065318115448069 0.318018931391042 -0.945831646262279
 0.278474098884713 -0.75418301128274 0.594693334200784
 -0.328908598080503 -0.930276680821656 -0.162494403682591
 -0.289552829992715 0.58409496321428 -0.758282422709981
 0.263540636371488 -0.887709902996968 -0.377514848849717
 0.268537693063734 -0.912540037997512 -0.308477205730842
 -0.0369620249309483 0.188230526782538 -0.98142909957886
 -0.268638946451807 -0.962357894963267 0.0412358879028108
 -0.813569300900266 -0.140482612118131 0.564242526157962
 0.121023854615779 -0.552043977197563 -0.824985256749377
 -0.380070922122067 0.323454286382249 -0.866558375862949
 -0.864122363967147 -0.278341840403961 0.419306999670129
 0.410774274727382 0.45970029964244 -0.787362768824412
 -0.739562278481945 0.654748904826236 -0.156049696813032
 -0.273232383749413 -0.0214154301476442 -0.961709646318578
 -0.225305003341352 0.201077549893926 -0.953312894278688
 0.407531852611278 0.302227822260864 -0.861728572439533
 0.130780163259806 0.113424951786508 -0.984901685047785
 -0.920759606984492 0.387155795765134 -0.0480846748063213
 -0.961790037907522 -0.190806766731089 0.196348416727703
 -0.858875865384852 -0.319871263198059 0.400018278131762
 -0.999832818246511 0.0136809257424193 0.0121312747916312
 -0.17817293451023 -0.875893804676534 0.448402105634307
 -0.0405862983296127 -0.474130346212184 -0.879518713381708
 -0.686514731713422 0.484193471560423 -0.542452030357261
 0.181382596545278 -0.409046577034482 -0.894304898503227
 -0.288417513572647 0.396608579362402 -0.871502709485581
 -0.923520650650847 0.190924794276681 0.332651966403092
 -0.883407485065845 0.207301211765434 0.420258757113069
 -0.965057076200303 0.156778055150507 -0.209965428342258
 -0.0613412887288073 -0.949275887455349 -0.308403203279326
 0.278120743316191 0.00267916420224417 -0.960542385434618
 -0.517375205732652 -0.530655722597251 -0.671362346701008
 -0.972714087206547 -0.204229664340802 -0.110079738159106
 -0.0764290185491354 -0.176594391566769 -0.981311890272802
 -0.279944395969314 -0.945972412492398 0.163607243020254
 -0.75845462989692 0.571091686830528 -0.314007738154632
 -0.120841778570991 0.0806186806470963 -0.989392688917055
 0.609307782072602 -0.784006003594195 0.118653331322915
 0.00684507611530878 -0.999941014855618 -0.00843277786331964
 -0.313929458660876 0.0689370676365944 -0.946940323193894
 -0.670625367255716 -0.157605391973684 -0.724860094924502
 0.199834178959695 -0.661757078708946 -0.722595232269149
 -0.298650635569525 0.383580151020959 -0.873884469261616
 0.453572406456707 0.0127355823517058 -0.891128429039964
 0.138629454064199 -0.828257366062059 -0.542928733840642
 -0.414367770206089 -0.897904431629145 -0.14854959668466
 -0.999300727227664 0.0354529069923463 0.0118805701905643
 0.611850318979344 -0.102943479990491 -0.784246024594529
 -0.280005472780924 -0.0361563000855689 -0.959317287020751
 -0.515436275940465 0.843144537720207 0.153077542301944
 -0.426990329182683 -0.595749688597355 -0.680265806373228
 0.0952293148771997 0.427040702035721 -0.89920387921364
 -0.954154049385937 0.16037867188968 -0.252722637773747
 -0.550716092868454 -0.249656473202446 -0.796481908422169
 -0.323571099287371 -0.946122689839057 0.0123935256351418
 -0.542586570319854 -0.194564001295444 -0.817156449591169
 -0.799481027111656 -0.135081527498463 -0.585305961200784
 0.465774692148363 -0.0755935590155485 -0.881668616879074
 -0.708084231065274 -0.217857260999157 -0.671680679747932
 -0.682605769936417 -0.729334047333925 0.0460565983223719
 -0.083697041428342 -0.985856550921652 0.145195269416767
 -0.417419553153591 0.028454364379089 -0.908268278534948
 -0.931020013361747 0.237439221529801 0.277172059918049
 0.00956827207842329 0.0616532207019489 -0.998051766466304
 -0.575981812600865 -0.323792575938295 -0.750601971300546
 -0.905485646782718 -0.424134497838311 0.0143412417149464
 -0.949727648033412 -0.0788294339017146 -0.302990618520868
 -0.982562215385912 0.157479313720245 0.0988522060761886
 -0.890044388791646 0.410486680314836 0.198296927017569
 -0.898878398604578 0.427506013929926 0.0962093164709935
 -0.724864297430911 0.65550668356064 0.211855465158025
 -0.289745671333418 -0.950330323478938 -0.11366495598893
 0.0899680959071473 0.0331488063232639 -0.995392836199952
 -0.789131019680465 -0.591256912976068 -0.166395602814739
 -0.915131946618337 -0.18825256707988 -0.356503143417234
 0.0413426389323595 -0.962742267278543 -0.267241675270678
 -0.979163232502956 0.184494643150235 0.0848592408829434
 0.247675721433921 0.472497995394506 -0.845814625884632
 -0.404530565739148 -0.229485230633963 -0.885263548500469
 -0.169977921787402 0.392760859516312 -0.903795559480596
 -0.445409934011994 -0.782192656593005 0.43564278790703
 0.0261831961865413 -0.0248007178449715 -0.999349470721745
 -0.0227528105080712 -0.422958252192537 -0.90586347013014
 -0.808622115367359 0.121893128264095 0.575562628929998
 -0.708768627566048 0.600585952069999 -0.370058842286349
 0.0322033569801589 -0.992342755542994 -0.119242606984861
 -0.32472195074205 -0.341933331012828 -0.881837429376157
 0.257332650394596 0.421702326707801 -0.869452157792549
 0.730134154572525 -0.43133427991017 0.52995740895004
 -0.581765381771097 -0.335852267454804 -0.740778168562085
 -0.414092331559372 -0.910232513062499 0.00207680226573181
 0.769951162595653 0.0527802636174347 -0.635916229538197
 0.549613966607682 -0.216610522428599 -0.806848417785509
 -0.119992274695023 -0.0253783501003771 -0.992450398437976
 -0.991051690027921 0.132233724758655 -0.0181876257178626
 -0.37436124709363 0.280573953668198 -0.883816673975717
 -0.296700311285336 0.747067438430428 -0.594860628820049
 0.0177753369540807 -0.466643713585976 -0.884266748196978
 0.0932321252916002 0.0153598708513046 -0.995525913867159
 -0.561324244185883 0.00163860166383738 -0.82759434983193
 0.118111516637796 0.168461824102748 -0.978606296453019
 0.168257897335025 -0.973273866651426 -0.156292227822688
 -0.545557694080928 0.301476458982157 -0.781971065390965
 -0.859016986161381 0.328529941005225 0.392629463170203
 -0.681451841100042 0.194245580659062 -0.705614655924739
 -0.650652027480474 0.473479879401812 0.593690780572844
 -0.426574179277789 0.577054977256458 -0.696449583815677
 -0.468020907271385 -0.676756209757314 -0.568293465483974
 -0.946198719109266 -0.321281471776837 0.038551262610897
 -0.524045859328933 0.367605359706369 0.768272241354164
 -0.300794671467705 -0.91187630683757 0.279292260266747
 -0.706733789717518 0.283656307496683 0.648125334861138
 -0.0363935822437514 -0.999337425787378 -0.00046539458962566
 -0.0903658654934153 -0.146277575506518 -0.985107548066485
 -0.328130670962252 0.548976811354393 -0.768735795555941
 -0.920478687408663 -0.0928064934264165 -0.379612882821853
 0.224625178163394 0.235722538554914 -0.945504317363115
 -0.745290643176091 -0.212830545869481 -0.631858382819337
 0.568183091978386 -0.802139226823408 0.183686240042703
 0.423971879807415 -0.868855924416898 0.25561147810344
 -0.492352708238972 -0.103202591602021 -0.864255769883185
 -0.902425889047438 0.113397397310717 -0.415654357682073
 0.158751781030097 0.0955173088598144 -0.982687292951299
 -0.31985394587203 0.18823925052492 -0.928579257722198
 0.674049336474146 0.314542544066486 -0.668371513434666
 -0.0536200937625756 -0.992625309568066 -0.108719273129436
 -0.0386319887603143 -0.998827859240015 0.0291629396740534
 -0.552260161489667 0.786846088659614 0.275466779834654
 -0.963471273850853 -0.103374065903322 -0.247056485368894
 -0.548164991453272 0.573719779877527 -0.608572720652443
 -0.139395513398671 0.0816676973864641 -0.98686335328044
 -0.203795021695587 0.683374323723134 -0.701047161614712
 -0.632966088637765 0.635724919615349 -0.441823219415488
 -0.24529129532394 0.0132116265064011 -0.969359393291961
 -0.989571632179599 -0.0756142656551427 0.122598807558796
 -0.927200946305416 -0.343744286619022 0.148789349709985
 0.212709471749939 -0.845865212713919 -0.489148977866967
 -0.822520513705879 -0.467663960656222 0.323651702353552
 0.550155172575962 -0.798571479304021 -0.244157487147336
 -0.924511678022696 0.195632209887399 0.327118014872662
 -0.970750585642738 0.0650050104293748 -0.231122584559272
 -0.974001338138752 0.011012126388391 -0.22627444923439
 0.240863371147562 0.542211423574734 -0.804979259723189
 -0.517470795612178 0.302627311378824 -0.800400328645687
 -0.892683920819009 -0.37686399187733 -0.24716178737314
 -0.872450459215012 0.215423677038274 -0.438660273545285
 -0.972126908848681 -0.225541273161698 0.0640344219378095
 -0.170191615796896 -0.948796203321406 0.266121360426641
 -0.0389114900275795 -0.0442486723807313 -0.998262465955911
 -0.102485942083544 0.278134729628047 -0.955059005428451
 -0.950790007176971 0.254248553468671 0.17707635446751
 -0.457334452107164 -0.302852836041528 -0.836137164954079
 -0.594571190549005 -0.133267170243329 -0.792921787255512
 0.127293455791486 0.149224665233001 -0.980575532735118
 -0.409192196370279 -0.655040798847817 -0.635203351907467
 0.446644296353114 0.766318250183948 -0.461806465925115
 -0.723162200050473 0.0808034752933201 -0.68593529636452
 -0.857481025074554 -0.324948427316639 0.398917048045749
 -0.984760908998261 0.0467741635592148 0.167505611047076
 -0.360321313418747 -0.873387067338613 0.32766382421904
 -0.904439590710233 0.291917480181506 -0.311083930025941
 -0.528033499136994 -0.0375316627382556 -0.848393775366866
 -0.408139334547776 -0.184001816698306 -0.894184329457088
 0.222393222831797 -0.553536805298067 -0.80258224476928
 0.216455545547932 -0.0225127517782046 -0.97603287486074
 -0.954320489249466 -0.295430528641595 -0.0446453418086046
 -0.112705350479527 -0.9886443599288 0.0993973518473184
 -0.986303912278765 0.122248262242051 -0.110724681089634
 0.249417902849649 0.722182186587224 -0.645169434423376
 0.080086664445151 -0.401969118732716 -0.912144151855009
 -0.623285161334692 0.0580973932605554 -0.779833508228722
 -0.334570293473734 0.232041665677029 -0.913356110241088
 -0.258197007051725 -0.191265032788654 -0.946969900673663
 0.865957377529604 0.324583907441687 -0.380477472831096
 -0.450092396030392 0.31427531692005 -0.835851577859624
 -0.947084289079242 -0.241172383840141 -0.211818862833627
 -0.399086743391508 0.418665298870659 -0.815750659681438
 -0.886898824475806 0.224983794564728 -0.403475857179447
 0.263753966223017 -0.455455255697442 -0.850290747544159
 -0.741256254437798 -0.0863303428769771 -0.665647231764386
 -0.381965472262947 -0.889685927614489 0.250122626332944
 -0.977059092599757 0.17964628457279 0.114379814684808
 0.819869320171891 0.296437485254946 -0.489835804302427
 -0.533378555022713 0.653603414078108 -0.536944963797338
 -0.262291043363994 -0.916692783041757 -0.301459367229126
 -0.673939583645699 0.121690109018799 -0.728695378716275
 -0.263230958726294 0.237784285427966 -0.934969569543067
 0.46585084000939 -0.825841555766287 0.317755754679698
 0.736463406519147 0.149504874410221 -0.659749909727768
 -0.630702473828299 -0.660548189755849 -0.407296548619228
 0.157020809716985 -0.966954690129362 0.200855899969734
 -0.495875008192438 -0.868357405416544 0.00796195380525696
 -0.233856622816288 0.225991190942659 -0.945642142452037
 -0.221748384281876 0.269811851553342 -0.937032133296257
 0.198204571492022 0.333236526858231 -0.921774573855847
 0.437856260236766 -0.896851549076728 -0.0627630009651097
 -0.633830934054672 -0.0973796759343264 -0.767317108991001
 -0.0271379339291327 -0.122766129774798 -0.992064519031991
 -0.925637621245058 -0.271246435344672 -0.263856713859244
 0.25338297563693 -0.960512873366381 0.114943846093789
 -0.374119210307678 -0.904414720331537 0.205106874888161
 -0.584478815153751 0.115759491936281 -0.803109117532059
 0.186423078248933 -0.0387350669675486 -0.981705674060822
 -0.80152359169923 0.520858955739324 -0.29371053807398
 -0.932895517941191 0.284327209184853 0.22105200908924
 -0.913830574068192 0.225198169844873 0.337934115171461
 -0.99739855989787 0.021754740062116 -0.0687229510315487
 0.112569733817167 -0.991264616942421 -0.0687205517027351
 0.0749907164040806 0.786391639557924 -0.613159507539925
 -0.412423872023323 0.354518743793581 -0.839179962871082
 -0.157622157578811 -0.908485501835084 -0.387052126199632
 -0.745000821339381 -0.267898500165129 -0.610904386801178
 0.388220983768569 -0.402753065171568 -0.828899533270873
 -0.996646039857771 -0.0648581555336934 -0.0499008105804949
 -0.979359501988455 -0.0982221838172445 0.176656073971707
 -0.197155102202086 0.3342068928256 -0.921648316042265
 -0.2530277220941 0.739578209651164 -0.623699481850875
 -0.0500072548977991 -0.894935382903567 -0.443384635372982
 -0.920449954175739 -0.101375402527099 0.377484979330765
 -0.469489280921809 0.128215747888965 -0.873579153307127
 -0.809490498548846 -0.111968777876473 -0.576357636836704
 0.656114434404207 0.131039034987213 -0.743197564767315
 -0.933346146815545 0.213600843021988 0.28851282481871
 0.468571270760337 -0.326181632223213 -0.821003353841045
 0.132748113287061 -0.991135879646199 0.0052541884892402
 -0.592108032633921 0.500697353897565 -0.631435061974201
 -0.16307502049156 -0.375422812295687 -0.912394788290505
 -0.194062456144074 0.165465768533193 -0.966933732248001
 0.0313392177861172 0.249311360896342 -0.967916163082614
 -0.965523279679138 -0.258822538766232 -0.0278512086675559
 -0.984923154371107 -0.0760889938778654 0.155360371376751
 -0.984861462477398 -0.172709929293238 0.0148047306765532
 0.251653756267642 -0.0979815992126978 -0.962844739909872
 -0.0377343229498726 0.105865311320531 -0.993664257549059
 -0.133750357258819 0.234295329280244 -0.962920838184843
 -0.0303221882442703 -0.353514161068403 -0.934937593010455
 -0.0582914021093799 0.15162954634213 -0.986717078557072
 -0.0871772736107588 -0.954340011271705 0.285718858061063
 0.322690656706574 -0.849403857348856 -0.417592896485516
 -0.578908509233917 0.104338648796589 -0.808689300228379
 0.144856557521053 -0.98919616836005 0.0225281655921094
 0.770016822916546 -0.436540989840652 -0.465302113270993
 -0.262722217082282 0.215941782143539 -0.940396822291549
 -0.240764057380994 -0.938027780329403 0.249272044168085
 -0.308488960846195 -0.930998033069071 0.19513386035631
 -0.462861210078216 -0.803119795937903 0.375177416134809
 -0.0879004186680132 -0.974320335786435 0.207300264522254
 -0.106795704787687 -0.988983449682393 0.102500798500373
 -0.917709752976628 -0.00847087928566605 -0.397161243697952
 -0.325317780244343 -0.841553046478589 -0.431227100052281
 -0.93267312623761 -0.358802938025732 0.0371657269304169
 -0.733390882356978 -0.352272880753546 0.581413476934661
 -0.410952475133955 -0.521440554241072 -0.747808673106992
 -0.841111281005702 -0.349334698800055 0.412912922029841
 -0.951366257473768 0.30186564301487 0.0614766435939241
 -0.16345642020677 -0.978357347806987 0.126881435542269
 0.195035004367466 -0.540417173085904 -0.81848068157118
 -0.681223508710427 0.0103473105867945 -0.732002366351281
 -0.0408479413620011 -0.239079444125397 -0.970140435753081
 -0.01536938026544 0.510089765831663 -0.859983844583173
 -0.949063895704457 -0.135070463354149 -0.284664173719797
 -0.253822660341841 0.190475112587182 -0.948310755281143
 -0.985818098435882 -0.114168816644478 -0.122996577603859
 -0.582928817143056 0.0955175356437434 -0.806889332268523
 -0.467584266068737 -0.335473505888188 -0.817815676648503
 0.589364249772759 -0.470490146068357 -0.65672582067585
 -0.0569220758486401 0.461072557303437 -0.885534852042962
 0.288594103740451 0.198756720327577 -0.936594474364904
 -0.949642257896093 0.287578593062756 -0.124411152354024
 -0.282135510418743 0.438261266386137 -0.853420538858994
 -0.936835713752548 -0.218111134022188 -0.273434413805779
 -0.062877981676339 -0.996705184293959 -0.0512360714912381
 0.441928696170404 0.540595149869878 -0.715860259714346
 -0.0955340831555808 0.517221858431782 -0.850502667906454
 -0.409467239891588 0.620252020235036 -0.669047091653436
 -0.114157975148452 0.0340074625218687 -0.992880380107709
 -0.717424541730967 -0.0376057102227227 -0.695620469423346
 -0.0477340459586572 0.181552871446421 -0.982221978844892
 -0.11497760164346 -0.0877736481709299 -0.989482661701095
 -0.369571458856528 0.346267912779531 -0.862273430750342
 0.178693733088819 0.287851769694807 -0.940855944572999
 0.708270195515363 -0.261201329484001 -0.655840831010406
 -0.829460041694516 -0.0878763886382644 0.551610169913526
 0.269267707108683 0.299819094260409 -0.915206759494979
 -0.806376678422598 -0.446041480540227 0.388334456536657
 0.108857914547354 -0.926961303824038 -0.359016288841107
 0.332734389654083 -0.508944071900149 -0.793891527615215
 0.201780288083443 -0.94119820121491 -0.270980924366976
 0.178020125362345 0.202164157448332 -0.96303607845666
 -0.76644710632835 -0.0455991118110717 -0.640686783227921
 0.287395822270522 -0.93356632237507 -0.214143790637361
 0.543674664492908 0.533962175742201 -0.647535523400206
 -0.995010245701487 0.0894260784401176 -0.0442446318087031
 0.151600163793592 0.414685914470379 -0.897247447852387
 -0.871910647393459 0.210880892719434 0.441928808800438
 -0.979631217624911 -0.19866394089049 -0.0292457867836508
 0.00559586136684808 -0.990597599434872 0.136693388023828
 -0.760252732808311 0.529465827130673 -0.376406323217778
 0.185837062071915 -0.973269153504486 0.134950884388135
 -0.307478678943378 -0.597730040744008 -0.740388857552166
 -0.968821700242399 -0.195582025411028 0.152092683833076
 0.102363860195613 0.0610082909961232 -0.992874427385249
 -0.866263872756715 -0.455104566780441 -0.206074588564736
 -0.863602215387817 0.424612500477298 0.271837153486553
 -0.275958454731225 -0.24763300415664 -0.928722147100365
 -0.254257339348115 -0.936310928952206 0.242229332889877
 0.0378075934353396 0.296186246781934 -0.954381628645407
 0.477554338368643 -0.793821347780044 -0.376549494374858
 -0.107284855124544 0.905326753135917 -0.410942124778276
 -0.190038115177551 -0.89993381888256 -0.392434244697396
 -0.50085168526083 0.532229671419026 -0.68255341639507
 -0.319858290574539 -0.888770314493144 -0.3282956015948
 0.0338554143699899 -0.518431628916279 -0.854448627511947
 -0.28043887806373 0.524042560387321 -0.80419738284395
 -0.117571033810808 -0.0910199987227427 -0.988884427949581
 -0.125132715411181 0.62851225849234 -0.767667991034329
 0.0445228506539433 -0.949561924004811 0.310402751679053
 -0.918154221748044 -0.383111527007939 0.101086017628006
 -0.135082199900699 -0.874237794877575 -0.466327221248753
 -0.904293801790665 -0.396971444310661 -0.157055380184487
 -0.691752704665495 -0.0697963080511407 -0.718753553709756
 0.0349159157573107 -0.965134203866914 -0.259416359069753
 -0.0990848788141481 0.179234707256301 -0.978803916269818
 0.0634122253691058 -0.077439885774731 -0.994978368490961
 -0.0981961537559155 0.874351534865397 -0.475254572693488
 0.347655652666719 -0.308166229118461 -0.885533241837812
 0.694539737947352 -0.715586157952493 -0.0745050532434852
 -0.502412278182545 0.316437894946641 -0.804642132486961
 -0.209660726765233 0.461289239591445 -0.862122159029346
 -0.114130844232983 0.218602716959094 -0.969116609357599
 -0.0472781357442137 -0.05603272286867 -0.997308935008844
 0.0415055577279009 0.216470139796709 -0.97540656510713
 -0.773692925686262 -0.160308149568713 -0.612944168684953
 0.320952397205649 -0.946500008196105 -0.0335751874562242
 0.361773920593851 -0.931343401791121 0.0414620105433398
 0.0895925397994937 0.244041966647105 -0.965617261303509
 -0.728252966598745 0.18988927112099 -0.658475270115186
 0.379401928388315 -0.806796533335878 0.45291669270677
 0.0203621596467875 -0.981772468731313 -0.188966140077375
 -0.185021015232138 -0.345070839040114 -0.920159410084264
 -0.250333526999419 -0.261009177119999 -0.932312895287399
 -0.236459218851198 -0.966095400680034 0.103666361975162
 0.643982321131601 -0.15179826921458 -0.749829350941541
 -0.178824390872939 0.495726729641707 -0.849868723243573
 -0.670041046007843 0.251494900973668 -0.698423447092779
 -0.93570331651696 -0.304710832042073 -0.177793735253494
 -0.967969878149222 0.161550851692942 -0.192186464958033
 -0.984486872426401 0.17537786173485 -0.00531070931180007
 -0.946975460743613 0.0742018886693998 0.31262046712798
 0.317994216873326 -0.878799258781078 0.355797050017209
 -0.936261633009661 0.320639367849014 -0.143542851927455
 -0.00901094607572587 -0.964477503985293 0.26401126331488
 -0.279153756728929 -0.401234233077002 -0.872401438737486
 0.205886871627779 -0.701342241868863 -0.682443884771256
 -0.724381926795429 -0.169197468843975 -0.668313579593392
 -0.19316240216739 0.53772783027836 -0.820693040626671
 -0.926587031002567 -0.272588174602533 0.259098747671049
 -0.152313452894651 0.213782425729756 -0.964934032209669
 -0.82116585296123 -0.568031774188271 0.0550140476876582
 -0.994904589369579 -0.100545725546719 -0.00744413363889747
 -0.753207226624366 0.316456290749126 -0.576657861999761
 0.0439741030258455 -0.864244032633767 -0.50114721421953
 -0.283484856907359 -0.444179846409669 -0.849906230091119
 -0.538516914224375 0.658865773510348 -0.525257485040306
 -0.983829740951338 -0.139728246630344 0.112049354809533
 -0.248279373538939 0.378797054218398 -0.891554902622702
 -0.231761347994857 0.776190886478551 -0.586356875395222
 -0.701111963637177 -0.104440497860025 0.705361040072084
 -0.31907908368748 0.599287980404024 -0.734195106832253
 -0.445992195563257 -0.683987089414179 -0.57728036776889
 -0.871181205868911 0.176185457533533 -0.458259741952629
 -0.236504388016101 -0.834296272254442 -0.49801145022125
 -0.960634681441573 0.125741772972056 0.247729722361873
 0.0191633497225391 -0.0680912130753719 -0.997495038949736
 0.0795221650065933 -0.920362111049807 -0.382896604603131
 0.0297683177533819 -0.643452024889236 -0.76490740545773
 -0.942298880020343 -0.0888223200535802 -0.322774559364127
 -0.0341268077861971 0.630782549120715 -0.775208834260225
 -0.668463025138358 0.316137855015697 -0.67321173537673
 -0.78007688467106 -0.0667891775151734 -0.622108720215961
 -0.401072539518887 0.776388752539907 -0.486170055611612
 -0.95875463961807 0.239720502568711 0.152720730940593
 -0.64550030027397 0.158691227444294 -0.747092000143515
 0.711633883344106 0.106413377218431 -0.694444676864583
 -0.161587221024063 0.401545700986599 -0.901471363949461
 0.141279892483505 0.521531434136508 -0.841454071941759
 -0.732994787402494 -0.65077470419188 0.19801748918907
 0.467212542837404 -0.759952575329286 -0.45186781592164
 -0.912468342237151 0.0964619791783938 0.397613645374467
 -0.936838851237639 0.340589677773636 -0.0795715917007553
 -0.91699767505314 0.398744072572498 0.0108824875572336
 -0.277613729735855 -0.161280072119548 -0.947058263993964
 -0.518537739529711 0.680287718406051 -0.518003120520819
 -0.142974406781601 0.586295986153804 -0.797380295483521
 -0.578431329146526 0.339813428240255 0.741582113760431
 0.721998224246086 -0.657554637882552 -0.215268349704838
 0.00381784798353392 0.00405739859029792 -0.999984480656302
 0.187388108653252 -0.063228555680579 -0.980248869666222
 0.404841328298703 0.498653322324316 -0.76645180085656
 -0.931049043318265 -0.327867625494769 0.160157731903788
 -0.855528447177594 -0.343931143177524 0.387017370181879
 0.193121658562139 0.126532789282767 -0.972981746093179
 0.0921456896416898 0.203480151161353 -0.974733296837556
 -0.926520963547057 -0.371367538007921 -0.0603742976917157
 -0.934864917970296 0.207109846168249 0.288328106102328
 -0.763468012041204 0.220017223013987 0.60721414358286
 -0.827094883098722 -0.227037052482386 -0.514167512734928
 -0.399536541587165 -0.131536537298894 -0.907231332842944
 0.2348259661743 0.352142292437511 -0.906009145366183
 -0.0598770710881339 0.409734376506494 -0.910237593745029
 -0.683115958332717 -0.360898966157882 -0.634905129682652
 -0.367961813718355 -0.905264424498879 -0.212368607335955
 -0.767466685067424 -0.479343541237349 -0.42570489401187
 0.032266010883795 -0.990725207347146 0.131994197102
 -0.314470025390765 0.234895136817723 -0.919746094218461
 0.451768193102528 -0.892111752501935 -0.00649004998464182
 0.62119333318448 0.0886508631503833 -0.778626911472913
 0.273792826103589 -0.128317900528849 -0.953190434686626
 -0.491589279718916 0.555116198401735 -0.670959004960395
 -0.380964244571298 0.683831666439448 -0.622286506629276
 -0.0621419190249527 0.254118649229278 -0.965174644307331
 -0.84740105302127 -0.137664396965903 -0.512796225752937
 0.272995438731262 -0.913764872327195 -0.300844226357747
 0.383336474420569 -0.117443269904336 -0.916111470145956
 0.0684960608715277 -0.901151535928882 -0.428058639602217
 0.112317369180699 -0.991513086484707 0.0654721918824831
 -0.368353759964355 0.243235418662898 -0.897302646060964
 -0.382653050675406 0.862642245382011 -0.330794497068932
 -0.85370883878852 -0.10494615172996 0.510066195519198
 -0.196402614561678 0.442825813651824 -0.87483216204992
 -0.964773793834026 -0.242141701455108 0.10285389223323
 -0.86719261717839 -0.402569508535947 -0.293112189286662
 0.119223951252106 -0.3751641585286 -0.919259214587139
 -0.887530910148086 0.454185402022568 -0.0774887354478619
 -0.48898131576595 -0.346867548173343 -0.800362528393236
 -0.88873857916964 -0.0915463090514632 -0.449180377125475
 -0.754904118179583 0.325697939804125 -0.569245662577111
 -0.298637346105176 -0.1133193277791 -0.947615146281944
 0.3408909446519 -0.919144055086883 -0.197402051288166
 0.14997283947949 -0.985681128950493 -0.0770769709403542
 -0.895931283814661 0.262725468471207 0.358165412761755
 -0.625986174251637 -0.371804798503957 -0.68549434822997
 -0.285368412507151 0.293249355045623 -0.91245256584026
 -0.389305753280425 0.0565765890953676 -0.919369414342839
 0.379206502836448 0.0828998414981773 -0.921591039716711
 -0.926280401455011 0.373439417839277 0.0504739446071493
 0.206815225914229 0.619328203927827 -0.757403484379085
 0.0908949426007603 -0.995831744083183 -0.00756616718364668
 0.143484951796698 -0.802522860386042 -0.579110634650846
 0.0990529071252981 -0.989945426091486 -0.100978091438559
 -0.363333649264636 -0.00121496731791621 -0.931658297428011
 -0.922656344943747 -0.342596704166847 0.177010642135041
 0.0535548367038545 0.361837335371255 -0.930701682708833
 -0.987708820734073 0.155257721071164 0.0180644815008702
 -0.96114356138202 -0.257100015476806 0.100511872212753
 0.396763757433763 0.390285135930932 -0.830816486029506
 0.549404317325231 -0.502418126746764 -0.667630827644042
 0.250084000066493 -0.954329542701854 0.163441478325463
 -0.0987422322971385 0.793339132228533 -0.600718730218941
 -0.965453536970497 0.064297208440864 -0.252517993295268
 0.181123647658725 -0.978026592247842 -0.103238602832816
 0.284194255385332 0.477929011425658 -0.831154308924444
 -0.999668017111596 0.00726546157326583 0.0247198024324053
 -0.785650340475022 0.206755474060382 0.583100091285834
 -0.403477617587651 -0.284029732568485 -0.869789010693322
 0.16318215959732 -0.929678521098481 -0.330256612647341
 -0.043415119082801 -0.969796134390223 -0.240022051396966
 0.0224888366421857 -0.945327124961177 -0.32534732062692
 0.327289000713953 0.374542980844856 -0.867524907718223
 -0.79656544716875 0.250563714787104 -0.550182981569709
 0.092580513321708 0.519563816115716 -0.849401135822388
 -0.189035230766865 -0.364887420734794 -0.911659394575862
 -0.133910227726939 -0.984610563204545 -0.112294655866374
 -0.427313637762213 -0.266880526642811 -0.863815859706963
 -0.924836721002391 -0.276179491979557 0.261537621950379
 0.340450870951536 -0.433176839394903 -0.834536416389473
 -0.9572559294544 -0.280856130499689 0.0691441934303571
 -0.147538528651796 0.586989534419441 -0.796037479673735
 -0.964563630203045 -0.0533014517225944 0.258410445868171
 -0.940237695313014 0.0099329184152893 -0.340373931793002
 0.074632185425136 -0.0710893536838885 -0.994673987139241
 -0.34256101327773 0.358036379441102 -0.868597664732551
 0.136805282452023 -0.965970966386403 -0.219509468569675
 -0.989553725990635 -0.12760303153079 0.067088670594993
 -0.958993943289241 -0.0654451342722621 -0.275767204603154
 0.476137824626975 0.16177778242028 -0.864361452793141
 -0.383949313596015 0.0354528943609189 -0.92267329909919
 -0.0972884562273564 -0.00768399208170334 -0.995226563426935
 0.00507173943440001 0.114156994739011 -0.99344977629031
 -0.176335217321825 -0.983197888182784 -0.0471996165766118
 -0.923767743909313 -0.207759998096191 0.32169696688618
 0.201851535397238 -0.803136213082055 -0.56056059520269
 -0.725169918566476 -0.68816771179102 -0.0235327358078524
 -0.913334706705864 -0.144184487120687 -0.380828763619894
 0.606675138193923 -0.560503352991186 -0.56372091320353
 -0.353125975466511 0.42639114984198 -0.832762050520591
 -0.870614260321753 0.209791410007573 0.444992555006757
 -0.494343354651871 0.112376699919115 -0.86197222984666
 0.245716491511542 0.313502042960134 -0.917245809398485
 0.154560580941013 0.459290356864476 -0.874736185892912
 -0.519844665469095 -0.717231975276256 -0.464047214650239
 -0.546700133808904 0.153537031425304 -0.823131425517476
 -0.940908439975718 -0.257023547786105 0.220522569062451
 0.0199075709755377 -0.989245496785843 -0.144903539317663
 0.32659925986563 -0.230996058203055 -0.916500815356906
 0.119755583446864 -0.377605771830064 -0.918189785019373
 0.374310710055045 -0.68727396966632 -0.622531913203802
 0.436345581815303 -0.803862105831036 -0.404237860719598
 0.202098672518642 0.236321547728201 -0.950425300928774
 0.347261034868223 -0.0272724933636151 -0.937371849784269
 0.0216705823573368 0.607613031999937 -0.793937522229638
 0.27544840816784 -0.130797201866084 -0.952376116049645
 -0.993636925785522 0.0706283355992037 0.087734246027331
 -0.128452706874011 -0.863210321757904 -0.48822929296321
 -0.873476812990273 0.433211485408844 -0.222184756628844
 -0.91648228670315 0.320089354528995 -0.240006298410222
 -0.608018224512393 -0.793051176461386 0.0371977173225598
 -0.0528270106038539 -0.981061231618912 0.186354948324543
 -0.0996485220106445 -0.273437116276158 -0.956714333280146
 -0.632815328696324 -0.250367442336856 -0.732707925154809
 -0.748957902699163 -0.281875643443359 -0.599673395789627
 0.078156914330274 0.398745456436014 -0.913725099641027
 -0.434854653797555 -0.100499666625601 -0.89487498963752
 -0.969379190697442 0.000953496190713718 -0.245566845253563
 -0.704818945254866 0.709385802504069 0.00142745069139399
 -0.946579782222967 -0.283524606852265 0.153624585258965
 -0.878286533166506 0.471425858085183 0.0798149483931966
 -0.187280143616971 -0.168568698952614 -0.967734850845122
 0.801702227895603 -0.483867891115094 -0.350920791255033
 -0.885957735239222 -0.415178151458952 -0.206654285996969
 -0.69499460857722 -0.18196016879472 0.695609797962043
 0.124190190367338 0.419327016828062 -0.899300644709322
 -0.0200329449318103 -0.999511644558229 0.0239823583048696
 0.111564721390941 0.410962383836614 -0.904800106107581
 0.0539038850894371 -0.568160034760222 -0.821150745036214
 -0.807643664234954 -0.525626699480377 0.267260704957729
 -0.982021721500083 0.00134176206140972 -0.188763180140046
 0.176323884839691 0.00416588185734231 -0.984323388456959
 -0.908578241499799 -0.124055088160155 0.398868291763972
 -0.899000935835036 0.231707876828481 -0.371629892747295
 0.0273310381638144 -0.938677420890623 -0.343711672573127
 -0.969797059747516 -0.041422479642127 -0.240370216718649
 0.0264385947830223 -0.993600537143628 0.109813356627476
 0.495632686289811 0.128133923988535 -0.859028484862083
 -0.0344866254139238 -0.936716257285872 -0.348386747744381
 -0.856611383469368 0.503034172139825 0.114776127179371
 0.556610604642784 -0.824234353116953 0.104030600983905
 0.207444470497158 -0.0433820417260469 -0.977284395718991
 -0.259037296706233 0.715647461676976 -0.64865120790023
 0.185733795879188 0.207967812948128 -0.960339703358078
 0.0175104669738448 0.0356064266184234 -0.999212472865419
 0.442727236988663 -0.804050382465956 -0.39685712301121
 -0.182393145672077 -0.625982859107582 -0.758207227949814
 0.132198476964536 -0.50907102383575 -0.850511760870523
 -0.954512126377512 0.298156702408179 -0.00303008372183564
 0.0683237688145869 -0.91744226289343 -0.39195861627467
 0.0500954959417624 -0.835699623353172 0.546897230577844
 0.0863813642568934 -0.995242776945285 0.0450563519090902
 -0.978908179426428 0.104742407756877 -0.175407537663946
 -0.711580983264797 0.0536151604536104 0.700555435940253
 0.281451956632618 -0.854074717390203 0.43742562021733
 0.405272936101671 -0.371636265907936 -0.835248665443733
 0.783033164588014 -0.289331291442703 -0.550587383570835
 -0.0615146598107093 0.109783662863728 -0.992050146916272
 0.0271759354736126 -0.236026830949291 -0.97136646205393
 0.12127014436935 0.297003064377279 -0.947144514757459
 -0.032965699203872 -0.614914728348144 -0.787904270540862
 0.572631593288592 0.540763256901019 -0.616172182391879
 -0.832707868019986 0.356400251505128 0.42376463663771
 -0.422650516760638 0.24052976759355 -0.873791720940041
 -0.208174623459568 -0.611585562143218 -0.76329969626971
 -0.0478351465527425 0.387567457191998 -0.920599405213802
 -0.13805634589361 0.56805815936411 -0.811326304848033
 -0.776267195131037 -0.367681557067598 0.512073739178
 0.467292460021229 -0.861756861198514 0.197516756212209
 0.171690068158344 0.936505871082504 -0.305743804391494
 -0.813026448340072 -0.422997604330171 -0.400076269016877
 -0.646960449855147 0.344331730367857 -0.680351259119216
 -0.861408985606701 0.383553956587195 -0.332957838025091
 0.0280826962667805 0.562204445476573 -0.82652133889983
 -0.0658831125120237 -0.952507174613937 0.297303713052333
 -0.812523852225308 0.560289396903092 -0.160875048664845
 -0.166853392566915 -0.985977766207859 0.0027910450857786
 0.565435836306465 -0.578574815730746 -0.587820974126087
 0.647360852908854 -0.144237130441184 -0.748411368381864
 -0.467812909492169 -0.134039952458657 -0.873604242696516
 0.382354426973136 -0.899446450814496 0.211662878869328
 -0.995993147020611 -0.0886964920351678 0.0114273088973054
 -0.35609760558628 0.0624555261300872 -0.932359266887787
 0.128549516485628 -0.988892405535672 -0.0746112061635795
 -0.733726235188813 -0.123454271450022 0.668135356538175
 0.394415829585535 -0.867138413169905 -0.30414984099541
 0.430009400432541 -0.898314353813584 -0.0901290035012557
 0.525625454528413 0.158679131102779 -0.835786345248752
 -0.934235083952213 0.229332496602704 0.273150899531327
 -0.0668613273041954 -0.0856944285211766 -0.994075463851488
 0.206715524304879 -0.971176518447709 -0.118679661387895
 0.0139733193338929 0.0661313008125921 -0.997713083706748
 -0.302315971194407 -0.350832196946505 -0.886296690249079
 0.251762784817227 0.665276267417482 -0.70286768896581
 -0.513442266331858 0.0599480214384899 -0.856027612796232
 -0.684313226735197 -0.60615686442455 0.40532611984211
 -0.105148420485005 -0.766229827568475 -0.633905088332547
 0.554343348490322 0.358143833336216 -0.751289855267445
 -0.369182528960496 0.382172043799177 -0.847141540268622
 0.345850196319128 -0.167114578681651 -0.923287798737791
 -0.847726724651802 0.254059267125674 -0.465632139245878
 0.109257640047449 -0.38377758879814 -0.916939218502267
 -0.12506469233543 0.28962877727996 -0.948933081993857
 -0.93726969119719 0.265783895765454 -0.22557581145784
 0.218855825385348 -0.25898859228663 -0.940758755877557
 0.191524214578334 -0.749199166318892 -0.634049749165812
 -0.95968364893335 -0.217820005517387 -0.177656238748814
 -0.161187247741706 0.544791474502559 -0.822934335457442
 0.218311905337183 -0.130490375860165 -0.967115388046288
 0.52808685985555 -0.796057196719631 -0.295664012011587
 -0.0334856463502435 -0.728722820533665 -0.683989592261437
 0.743874836327189 -0.357623214573609 -0.564584682999136
 -0.95591090063921 -0.110604189961131 -0.272031364372155
 -0.970369934534939 0.2328725831389 0.0644402837740048
 -0.33467484603858 0.120811330936331 -0.934557312178577
 0.69360494044973 -0.240561068806035 -0.679001147833068
 -0.933662209444281 -0.274685590641094 0.229831905856815
 0.220165220336811 0.461100726466788 -0.859600718825807
 -0.966693283429287 0.0910304505754022 -0.239201908104311
 -0.974899212614284 0.210005303217836 0.0739547014356395
 0.266584509574662 0.834608246757313 -0.482039182742981
 -0.745575884366023 -0.357518932045388 -0.562402715036964
 -0.947970901826805 0.245872195668218 -0.202232620234629
 -0.215249214642914 0.616538246428111 -0.757329760597693
 -0.136796998524135 0.273736325323321 -0.952026788169993
 -0.460767546571455 -0.536606158163404 -0.706927930589558
 0.256427998052816 -0.599179254636294 0.758438463310057
 0.33091057464744 -0.02486528035923 -0.943334463177911
 -0.974983173460276 -0.18486449811971 -0.123421751746917
 -0.00665760643423963 -0.320292103610957 -0.947295436831105
 0.222196050476581 0.669861685571009 -0.708459058348875
 -0.509958105282444 -0.156985340402576 -0.845753116314346
 0.163213078924072 -0.539309220171252 -0.8261398525107
 -0.290212872282081 0.589116200312253 -0.75413433239141
 -0.635309125462044 -0.736248606125654 0.23306716860743
 -0.414973014191395 -0.1701993630688 -0.893772663658877
 -0.887954339770639 0.440868273605219 0.131042954067903
 0.0701378174955372 -0.918669042200489 0.38875169126243
 0.064569275210355 -0.82899073134512 -0.55552243522894
 -0.24467592229853 -0.659705237389589 -0.710579124945358
 0.240090330679365 -0.53772046427287 -0.80821614399642
 -0.269585716358529 -0.141185770580022 -0.952570270227443
 -0.913509149328634 -0.358613671326407 -0.19208661804163
 0.455793172672626 -0.861374972089204 0.224244824250961
 -0.241943490621502 -0.948447364250636 -0.204721627074192
 -0.557414027719188 0.331267597933762 -0.761282720322133
 -0.891823579154738 0.442743774313137 -0.0928905483383054
 -0.0597696165873452 -0.0604300496654488 -0.996381353714748
 -0.388806100043366 -0.624778746152702 -0.677112497983109
 -0.642123315161566 0.0435736740858696 -0.765361994779319
 -0.8595681220731 -0.218915994353745 -0.46175581310021
 -0.97269169812703 -0.198516542471482 -0.12025823364711
 0.523323281547401 -0.428841885491643 -0.73636090352383
 -0.707118395270609 0.0402152771357513 -0.705950640310506
 -0.349229647218658 -0.240084958943837 -0.905758171915919
 -0.120618786222745 0.217168273050788 -0.968653214308552
 -0.604815664015073 -0.306870095767151 -0.734866489156953
 -0.647207153579376 0.307822491695008 -0.697401042415595
 0.0030437463140988 -0.627936495091288 -0.778258629082161
 -0.216143794906113 0.0819590277550583 -0.972915503881519
 -0.617146707134164 0.384302720386775 -0.686615875855475
 -0.298011122882187 0.21561464647122 -0.929892302831672
 -0.828700391404714 0.300336056003162 -0.472285840090658
 -0.226651427725251 0.0333943884598039 -0.973403279802108
 -0.955089327394707 -0.100496705571352 0.278755787143569
 0.226765970760504 -0.850228384332666 -0.475067246797872
 -0.729618406759267 0.188147435066392 -0.657462944352004
 -0.555522840035922 -0.0913199119211849 -0.826471444083297
 -0.141868950894751 -0.271451342991539 -0.95193874233593
 -0.500936200876457 0.660120935102855 -0.559735003095567
 0.150325443759053 0.497164687306503 -0.854534688970595
 -0.316923880128088 -0.494372324796567 -0.80941661626124
 -0.501686068988906 0.622029937332019 -0.601157088659182
 0.15962792461043 0.769772081250438 -0.618037109413291
 0.259219735598199 -0.932134952306121 0.252842953956927
 0.320321324972958 -0.910230644352381 -0.262439369854101
 -0.472176963247129 0.293739120084498 -0.831123483431135
 -0.220481073971332 -0.438028619971134 -0.871503886455266
 0.0880854785635465 -0.93557633409635 0.341961798370909
 -0.111953781861134 -0.993432233525055 -0.0236378535491468
 0.160465756135791 -0.480509902496083 -0.862183840437162
 -0.0618050891556644 -0.993793192011067 -0.0924944456003431
 -0.55449635583899 -0.685313097942449 -0.472101418288279
 0.305001251131272 -0.695325351269945 0.650766388721549
 -0.552250483684915 0.430956209881957 -0.713649878045219
 -0.818442796199571 0.128961568109303 -0.559928837710487
 -0.0963607831632576 -0.338418142485951 -0.936049015973268
 -0.167380193847528 0.293793794766777 -0.941099929265804
 0.632235728975734 -0.17808290639399 -0.754032135559747
 0.189598654258133 -0.981393911417194 -0.030304140587804
 -0.31439155910779 -0.945954622569012 0.0795474676032555
 -0.2545536121823 -0.933233693691174 -0.253529744772625
 -0.0407055804615062 -0.0441224458552153 -0.998196506451032
 0.0435460378405727 -0.932643711371846 -0.358161207038026
 -0.0938699741855864 -0.557294791559213 -0.824991480711996
 -0.0418645508748152 -0.139165554118222 -0.989383802134954
 -0.500016022793193 0.426292900038625 -0.753829118784049
 -0.409653127565186 0.101986339750235 -0.906522532307064
 0.170154357384052 -0.948598945511079 -0.266847400659045
 -0.100591225834997 -0.174958207609589 -0.979423825968642
 0.589918481503864 -0.646585911899004 0.483655707827282
 -0.341473996856123 0.0649863700681721 -0.937641872559277
 0.00450878397003127 0.374377181345548 -0.927265548241104
 -0.350412587566537 0.553026074352787 -0.755892306853873
 -0.686137139309799 0.682369411256806 -0.252166240089361
 0.241013701013915 -0.867163367977616 -0.435821166490676
 0.203277466507273 -0.943396399848 0.262071563440633
 -0.395265327866509 -0.276940436004582 -0.875824934271783
 -0.154901995465394 0.0697162593615544 -0.985466902022321
 -0.467719529072435 0.207127538403565 -0.859265165684691
 0.128077559549047 -0.829960840388452 -0.542919093568881
 -0.452977488670094 0.557746592893709 -0.695507104833297
 -0.0529149984559241 -0.750980017500799 0.658201349324741
 0.0510851649540943 -0.602881040725448 -0.79619391900178
 -0.432581621583906 -0.321479615934069 -0.842332474268161
 -0.24759635430426 -0.360090040230525 -0.899461621339131
 -0.450894333964675 -0.77349789761497 -0.445415875316287
 -0.459116507982384 -0.819332870745489 -0.343373963797515
 -0.690957231833868 0.122609800554114 -0.712421883847316
 0.760793347419792 0.191665671822321 -0.620046573062609
 -0.737669148170956 0.123795410180375 -0.663715996684582
 0.244456261302595 0.0569282553493247 -0.967987763379703
 0.188777590279541 0.225599949581588 -0.955755033550457
 0.00338147219003428 0.335905854601759 -0.94188949590177
 0.116033318899691 -0.0703058959909221 -0.990753930042186
 -0.488053171736008 -0.171188909697993 -0.855861238025671
 -0.359332054741028 -0.149517498567153 -0.921154163024742
 0.0186915087948734 -0.985896119436348 0.166311362147396
 0.160875151884311 0.034204036130527 -0.986381908501257
 0.402166366291323 0.218986952640227 -0.888992085677584
 0.0157194200673779 -0.967075580366617 -0.254003389133522
 -0.103144553098929 -0.173587330856125 -0.979402184872113
 -0.297410316046009 -0.883835729243601 -0.361083795845016
 0.00114224354182757 0.327819365503206 -0.94473973076227
 -0.0928665795533583 -0.953367773702695 0.287168393921104
 -0.29371897129745 -0.942715170001027 -0.158168499233893
 -0.222069525714064 -0.966368556523963 0.12968014000194
 0.419987289324676 -0.906354412243614 0.0461774426776196
 -0.335476998415413 -0.00530637211629327 -0.942033452669887
 0.38966105002985 -0.00668722189493634 -0.920934062326377
 0.0579210002191632 -0.998055835678319 0.0230153557883662
 -0.0214965159842879 -0.155004052949938 -0.987679929617703
 0.0576999105429123 -0.860979096605978 -0.505357017890217
 0.315224875606772 -0.908510056513889 -0.274304128681698
 -0.337747175564018 0.355846179646956 -0.871378414828595
 -0.048803451993932 -0.968501178193619 0.24417962837028
 -0.207429749469617 0.0109010791286534 -0.978189176748957
 0.00943522648971356 0.184271819332022 -0.982830032661373
 -0.299906638375148 0.00859656674090108 -0.953929823047161
 0.0735533102248316 -0.347893839367029 -0.934644203472871
 -0.439150863583896 -0.144243358975221 -0.886758350626068
 0.281393439752818 0.044858748447117 -0.958543386994994
 0.517117551909935 0.0536274393545674 -0.85423271727027
 -0.113751572637935 -0.945365206751783 0.305524476246267
 -0.62441111417784 0.166789503189493 -0.763080613118293
 0.553696989955789 -0.722348683207258 -0.414284954086724
 0.389116788219997 -0.912531855170001 -0.125991025177787
 -0.158754674825455 0.464683180270564 -0.871129436533227
 -0.381388558667261 -0.264836025307265 -0.885666216481784
 0.520442636962351 -0.852711891102769 -0.0449654578939639
 -0.624419834299994 0.505344944211712 -0.595589084766024
 0.471369824524195 0.0475815836621986 -0.880651168979084
 -0.51939357340728 0.189754776340676 -0.83320072057045
 -0.26493849354341 0.230636524228978 -0.936276875892236
 0.0102719406188958 -0.103782688142134 -0.994546952575852
 -0.562989575427546 0.0360871297645444 -0.825675757804036
 -0.0584241498375368 -0.944125287512495 -0.324367168799817
 -0.6421273309235 0.332768391750304 -0.690606753755695
 -0.0260177614048666 0.500112657386177 -0.865569411435972
 -0.0637376687201914 0.25435115652814 -0.965009325736758
 -0.0633972969917681 -0.780499612997402 -0.621933386179777
 0.0649063384500866 -0.984473694255053 -0.163091117320384
 -0.173127500933149 0.00557103766636866 -0.984883664175603
 0.427697583156157 -0.125051354548148 -0.895230102313397
 -0.48534876016756 0.495982635504782 -0.720026253883525
 -0.112028035371363 0.399668719880202 -0.909788235602194
 -0.469759413027979 0.15715579506647 -0.868693357836144
 0.1495437857413 0.364626149277423 -0.919067150652921
 0.151875620341846 0.449357877924586 -0.880347257332521
 0.0962498917555078 -0.758547110011118 -0.644470511529297
 0.26362948345441 -0.913363561875118 0.31026843102765
 -0.443511493789814 -0.848518162935948 0.288642481357356
 0.0672027013279129 0.368427804988811 -0.927224217460566
 -0.321896846872967 0.048797792008359 -0.94551636446354
 -0.016495496195176 -0.962225618478861 -0.27175311911411
 0.184767539606506 -0.963575322551159 -0.193348271464186
 0.15902895800109 -0.984864224101737 0.0689365694067487
 -0.386503577273071 0.742895893641004 -0.54655345206709
 -0.145626248922526 0.414553316409332 -0.898297580692935
 0.167694945139826 -0.707377500627922 -0.686655282496207
 -0.294455812308333 0.0826095461882704 -0.952087935789761
 -0.765962326894045 0.25088251550148 -0.59191188296461
 0.286740304553942 -0.946533789895025 0.1478302483637
 -0.402182000477257 0.120393679429127 -0.907609497771827
 0.493609646871 0.340369041330111 -0.800311459508052
 0.521121530170006 -0.809947996633939 -0.269103313881381
 -0.193719329836477 -0.770217942852427 -0.607648863864552
 -0.288468231867273 -0.117887961901613 -0.95020445570522
 -0.307174658368383 -0.941439973569964 -0.139048572164021
 -0.545935096451337 0.42152449685015 -0.724066273912753
 0.465387134970654 -0.342648047598626 -0.816092598962064
 0.332077160685394 -0.92958872608221 -0.159967370710347
 0.503264550600291 0.0937200165904208 -0.85903512768651
 0.282116450058116 -0.949237017609254 -0.139138035802205
 0.347525316554099 -0.914008256480357 -0.209320475443066
 0.0308717725795712 -0.973034597952283 0.228583912044644
 0.113779576657161 -0.992335449049855 -0.0482137376142921
 -0.0783563641638966 -0.986988537500576 0.140406221505632
 -0.651720219807443 -0.452617182173229 -0.608603681796047
 -0.0782600496417022 -0.989262990772831 0.123426495199664
 0.033923087837761 -0.975363223515804 0.217981206355988
 -0.0080089843395483 -0.982335055971542 -0.186959070331546
 0.0111052045260944 -0.716708798469912 -0.697284140525402
 0.156971217055204 -0.986856284350272 0.038401966806178
 -0.533534841002653 -0.779609189722274 -0.327948295828554
 -0.287500557227262 -0.945202172163277 0.154713552515079
 0.497040457739499 -0.778634958547101 0.382986141653277
 -0.261472813469985 -0.964481164384209 -0.0375240105022304
 -0.169649342941454 -0.97034275884063 -0.172203457587496
 -0.187975910294548 -0.967491449155138 -0.169190286247846
