Format: x y z  (R = removed from domain due to fracture isolation)
207.9703048 202.5719361 145.9633025
391.8953772 -39.78801934 -6.355491026
245.3294126 -118.0435364 383.1304395 R
-529.6316609 -99.97583234 481.7427152 R
512.6149045 83.29510608 -334.7626606
74.11426714 16.25997752 -142.2918936 R
527.3299987 163.7880897 -0.6620986949
-417.2337445 -339.7027111 -118.295195 R
-478.0627538 32.73365045 243.6307645
468.9066919 122.8191217 -415.471456 R
-75.89448954 322.5382465 466.5230361
437.4271611 411.7291018 -142.2567534
-32.11930957 334.2822683 236.2392663 R
-474.410896 150.4884228 326.7487473
-73.6332948 343.1290977 -461.4669207
-61.77026872 -355.3745878 403.2378166
-519.8847132 504.1754895 325.6629164
281.3567609 -380.3148463 -390.94217 R
296.3520678 198.4146773 274.8822705
-411.0096019 -175.0360368 357.5479129
-472.4340271 -408.3033233 -122.0967969 R
67.76738964 -163.7070058 -140.5516975
-187.6379155 -6.258811987 -320.4567418
-286.8085796 291.2662736 370.857972
-150.5295981 251.6321515 -182.237775
430.0638253 -409.2787933 -276.053549
178.8227386 510.2685247 74.66982397
57.66241137 82.72102157 498.4117579 R
-519.3699986 -290.4906099 307.3880313 R
38.42498927 -14.19277431 22.87673683
77.06946108 508.8242668 477.7450374
20.83490206 -182.0479847 511.3221214 R
-85.89835873 322.7455199 343.1047699
484.753351 -73.44536893 161.7438025 R
-509.0065956 -350.8955016 -508.4930085 R
-462.9860925 -117.6451476 -423.4006012
514.930117 330.2676301 412.1335034
61.32157903 -147.3978977 281.236055
-29.3806022 -107.414951 143.7662925
483.9142178 -162.1877606 -234.9965175
-344.9210193 93.96623296 371.6734936
-391.0482921 -480.0195389 222.0785222
305.2698674 81.02989487 469.9455511
-415.8002156 503.8128682 515.3561978 R
-237.4218416 140.4443162 -298.4414531 R
264.4762851 508.5609727 -142.1157067
-268.9424514 -190.2768514 -153.0733087
-236.1000638 -8.94945298 501.9991389
-140.3773983 -196.8144749 397.7254216
-463.2458393 223.8509732 -321.6424607 R
453.7241369 479.2805075 -177.6722795
-114.1333323 233.3349897 -420.5930752
-481.5406605 -246.8957921 268.1956031 R
-15.94711311 529.9701141 -318.6729579
432.5064637 -180.6267355 -289.6827949
199.8701411 359.8992021 210.6006211
318.2682792 398.3130527 -364.2577317
420.5750689 158.362875 -287.2748948
487.1502965 -253.7300708 36.57941836 R
207.2701357 -498.3668972 136.6040114
223.0264527 388.8419537 167.1624016 R
285.9819896 455.6771676 -121.6878755
55.05681113 -153.8341827 508.3123491
186.4874334 419.7768299 33.72088113
-108.7533362 -325.5302513 455.6503365
-234.413293 -2.128758335 483.5801586
-188.7347598 188.4611794 297.7404432
459.4326137 270.5418534 -252.3830041 R
89.00248468 -261.7468401 -19.55785113 R
308.7293908 -399.0015258 -182.0578161
-314.7730586 -425.8446505 315.7584642
530.8724693 -427.6464034 359.5340243 R
336.5915127 313.3695556 137.5793627
108.0345156 -384.9964042 380.1751743
11.50624783 151.851086 57.20639632
-64.99878867 10.45674516 -46.69689018
190.3033291 -441.1591549 407.7810332
-401.3727926 -386.9298558 -223.7907236 R
-206.3723312 -128.2669923 296.1538166 R
442.410553 -394.648875 206.9492125 R
126.0792176 27.73387206 17.54086594
408.1170159 -43.68369323 -171.8072919
61.82268094 -161.661933 137.6583275
133.4355874 510.9527954 -524.9547535
-74.15546998 32.33550256 -427.1618145
525.5371838 -494.5612643 -354.9143204
-411.9667373 378.0064537 229.9286077
246.7165765 -398.1685221 -251.1566191
99.15495179 -4.79872739 -211.9419314
-491.0245632 421.2132645 -513.7419865 R
259.8519599 -300.255281 -40.00155631
-391.826588 126.36035 -288.6304658 R
242.3961957 309.0278418 330.3568302
184.5595449 269.9492803 -293.4288157
117.771528 -520.0852354 -503.3053656 R
61.25527615 -47.20950549 151.7281211
-504.136291 7.162928319 426.6578729 R
336.012627 -453.4617595 76.23467356 R
-236.7353673 -80.01511973 248.5648652
255.9789704 -104.1921423 128.1909527
-359.603072 527.5575279 -194.5523817 R
131.0997548 -259.5018871 -250.9883096
-488.7536604 -101.8811176 355.3366584
-357.9867212 -369.5805259 222.8434208
462.2488952 -415.0051493 -357.7501251
-159.8954954 -160.1669864 -366.8877413
-269.149886 -15.90987206 -198.0518625 R
-116.8912984 -367.4015115 -326.0458471
-14.3698113 96.92076061 -134.3733288
-130.7680411 -356.1111893 166.9385384
501.8407632 93.33211499 -76.09945122
-252.6445569 341.6477558 -320.7548989
-168.1907547 499.1774872 -421.5630417 R
-253.9252795 -147.0357043 404.1610418
19.54159748 -37.43261257 -486.9669427
453.6473083 -221.6313829 -470.6592293 R
532.60945 473.471591 -444.3396475
236.6942716 346.6721551 466.0209511
-83.58875521 -350.1049294 202.8441104
-482.2894326 146.1692963 -497.1591995
295.5888966 -315.722353 -208.2812923 R
-330.3731686 249.9792366 -534.4799768
-417.6125634 520.5885365 -537.2621862 R
-408.8351084 -337.4693928 204.1779279
-308.2061732 384.5492116 -494.1504223 R
-169.8001836 -31.94344476 168.6964739
-526.2737268 -440.0194964 -116.767124 R
-451.0045123 -501.1770595 -93.39349246 R
-472.7245018 81.54403172 510.4524041 R
478.1247186 -314.4074884 -356.8266677
433.475509 -420.1999346 360.8013585
327.136889 459.959194 62.24916425
-505.9222426 -271.296325 409.6040487
462.9885904 276.4520847 -268.8731998 R
427.0841199 -325.108259 485.3537181 R
-378.511903 455.3427247 486.5946793 R
58.35472234 251.8181389 -31.39382516
460.2390049 -337.9205051 345.0010926 R
-161.8055256 -139.5884759 -382.162139
-375.4171811 107.4331813 -85.46900984
315.4252379 41.04514554 4.132011279
-295.7033039 261.5448477 155.5547147
-241.3866568 -458.8780422 -530.6111089 R
-341.2117229 407.8610511 365.9276533
49.76700361 128.8709014 -25.22826363
-275.8782564 462.4279851 -502.9936876 R
239.1706715 231.0366 -488.1575746 R
-136.2801273 125.6518853 -295.6241555
-380.3988746 204.9123152 -373.8213932
-469.6192727 336.7659425 -281.7967512
-282.4809106 235.6139353 391.0819368
-485.3248136 528.4463526 -42.46185211 R
370.6840257 -394.2636406 -73.98197331
-229.7487781 -351.1918421 -201.4151039
273.3884144 421.7796594 -35.2661186
266.4085116 347.6197575 -492.0647396
122.8769527 -144.7523078 140.7186652
19.78616724 487.1146346 -459.4621322
504.7542585 -85.1099771 -129.4727159
-225.6233138 -327.3174609 -433.0777487
7.551207694 110.7605804 -514.0453493
-261.0447539 435.4269333 -105.0398372
236.5365716 -519.6646046 -490.5377835 R
302.404239 176.7347516 -466.6267181
-216.0161556 -191.0066653 427.2995804
-361.2548071 -63.32748139 -508.0834738
-7.362074059 -446.5460661 227.2623926
-435.4393777 177.621253 -49.8443593
-179.356271 55.22006557 507.5582448
-228.8798578 -289.3763346 262.7114994
-424.4333032 -375.6313454 -447.4875829
-111.7130218 -441.8463435 198.5270636
-478.3236966 -484.3209117 -240.6076807 R
-258.3033465 -375.4030177 161.236838 R
-249.8353851 152.1148733 202.1720603
100.2082591 -402.8036018 -225.9777859
-271.4652037 206.4499685 -416.9517351 R
61.47772449 152.8183259 -225.3270343
384.6676838 -383.1553363 503.8000514
-334.8741596 -10.55977787 -148.6514848
201.3627249 300.2428449 -254.3440914
224.479299 421.9633683 -458.7762871
302.6554621 261.9512386 54.58714074
118.6887167 -126.0357842 -88.95180221
210.5112682 -123.6083976 -190.7581995
84.73602884 -73.33105761 -286.2381154
-135.250422 367.610756 -350.6820155
91.03884953 154.4485344 109.9488416
283.4599623 -295.0676777 404.4490837 R
421.7648341 276.9491357 229.8990063
122.9195575 -105.0505718 -423.0252565
-162.8496665 285.5462684 498.6299925
156.3626838 -520.693853 -198.8212516 R
395.8023626 -182.8661959 538.7477793
343.6582527 -78.63439519 159.3879504
405.5038328 298.8385732 261.1938548
-416.3871038 -303.7184456 182.0484911
178.8453773 350.4289576 199.7731077
174.2356794 94.83998687 -270.8554204
89.00038903 157.5591631 165.1886307
-194.1756097 310.6985309 -355.7424308
-342.5198192 -76.68386968 -333.2385332
491.453383 -447.6255823 469.5342962
-377.5324318 -437.8495447 42.14319434 R
239.1873054 -522.9504295 -103.165279 R
-505.7640024 389.9859426 -435.0261306
-412.759572 164.773244 7.627246944
269.1486628 511.9345877 -328.4158281 R
-308.2564244 -204.2889583 -138.8536491
-484.4517687 307.8233767 -167.9770472 R
-358.7743763 -42.15350598 -429.9780414 R
-112.828253 -221.440096 -148.8735166
401.2841172 -455.2572667 -117.2134485
-524.7791727 207.7695747 -268.8997152 R
-460.4350993 -35.43716045 -384.8091756
-415.0735125 391.8517643 205.1819853
-85.20000393 243.2612778 -280.3111095
-12.05920881 209.0916171 -62.04678096
297.6267323 -472.8342923 495.7573818 R
-17.78153338 215.9821504 9.578899369
-221.3082194 -269.5699874 -433.5361353
-153.6301403 218.0020007 194.820451
15.24942683 -129.0100085 187.3917964
-227.4234277 -353.1253927 453.0640601 R
177.751834 408.8379468 -360.5785838
-140.1608678 301.5231792 -51.77767261
119.8970007 91.04164539 -20.07810227
185.3531916 16.76595468 310.3803515
239.7373501 125.2407679 77.0454695
-140.1452713 -32.66060488 -261.5357721
423.5583927 429.758538 -246.7538786 R
-506.5487849 -276.7442328 -179.9316618 R
153.2333572 -505.2653515 -372.5996953 R
-212.047094 -497.7433475 -409.0336196
39.03752288 -179.9485009 -112.3567144
154.547675 -526.80298 273.914648
427.6037185 -30.82577177 353.3049564
-101.3148544 -474.7867572 -352.3654548
-165.4400413 -185.4292846 -296.2830369
-251.1293897 -471.7624406 90.78233677
-103.9521732 -227.934603 351.1266014
76.98741758 -71.88744028 313.7532255
268.6287378 197.702692 -265.2298887 R
-50.97561054 -325.5087923 -197.9923926
355.559355 326.2854639 453.9082974
-371.7296903 -433.2715215 124.3810509
275.292729 -165.1615367 366.666471 R
20.85666727 -476.287502 -525.7512104 R
221.4457108 518.8374283 -487.2646014 R
188.8629538 -385.1063551 142.9794855
-207.9878565 378.422194 265.6869945
462.4385808 -492.6516432 470.7656195
-414.1874166 -111.4990532 -379.0551468
403.0896748 -372.5639527 394.7281196
19.67311416 382.9884445 -327.2142193
-237.7218766 -466.8601902 -428.1025116
31.14095718 -472.8653569 -290.0441201
-414.7470834 187.6087692 123.0570568
-429.4308736 -227.5547688 -258.3325205
188.6271942 -377.4865286 328.6873754
334.1717009 -161.4744009 113.1937598
-186.9320257 460.0033285 -400.7598129
158.9636912 -360.7518726 -436.9709509
-401.3949589 -278.7752313 355.1026603 R
-386.7809157 113.8368288 -313.8821439 R
24.64155775 -45.81448221 -122.3744243 R
11.51498664 -304.1362282 222.5063455
-326.4657856 221.9820027 21.3602778
488.6217849 -445.2096603 1.908457128 R
-515.778017 -272.5434484 463.2893783 R
-504.4489664 503.8983234 2.702349208 R
305.3846165 -253.0230967 -261.2198668
498.1427153 -201.8437653 -109.706063
-480.360242 387.7725466 204.6478779
-210.9712367 51.11478682 189.2217581
435.74555 230.0229808 507.2990395 R
-418.8758424 268.5508117 -229.0165053
398.7302937 -261.1425069 27.71364713
-312.2882524 -82.35003775 450.1747673 R
491.861421 204.9999254 7.839455495
427.2390403 -154.1182919 -216.077015
207.8119318 -236.6183656 130.6685062
-255.8454925 458.6601211 101.9909595
350.7764703 -441.2303222 464.6510619
-401.3796829 359.1365269 -488.0823289
164.9089937 340.5020781 195.6663158
-437.0957981 394.1984821 65.59605255
95.32182186 -12.49040189 -277.1059262
-159.133393 361.4750514 -256.2238314 R
196.1435656 -362.8935913 -52.88224145 R
494.2237445 271.6161215 241.3456325
25.99573711 363.0333974 252.0968674
-384.2938867 -147.0683876 10.40583942 R
394.3963821 11.65845314 -467.1425807
-227.5188684 58.02199763 322.6840237
28.83427011 -74.96887165 -208.8523992
228.8314931 213.8161204 -129.216618
-181.9457175 462.8499391 6.146885979 R
-298.5177053 -378.9932714 310.0832029
-477.101725 74.45224955 -298.0909002 R
85.94421901 439.2250515 -261.4603665 R
458.9619427 252.754465 -208.4287688 R
-61.13310133 356.1103599 352.4450048
-154.5676035 -224.998411 198.4906228 R
75.17399432 508.6185681 -461.3134317 R
470.6651806 445.0370415 -191.260215
322.6137094 63.57324538 -367.2921428
521.3688837 -354.636258 -446.9564388
-521.7235894 144.540923 -1.674084053 R
468.5016872 -497.0970488 500.5963281
-288.9170686 -492.2259255 -375.5017668
12.31859986 326.2128293 321.4685947
412.1734857 476.8796189 152.5468774
-406.7698414 450.2684105 211.9691768
-282.5932619 -161.5091223 -185.8235481
149.5972223 -384.7324347 -65.02986328 R
-440.3357295 163.692245 137.8588436
479.8853371 -203.6063272 -112.5119945
426.9393735 79.58424422 -210.2504213
-153.6364901 531.8246788 296.0648756
256.2034568 94.61224009 -157.6893723 R
-189.4753144 86.50755235 -271.3302676
-288.2023538 -38.31768665 -40.51576273
-86.76711398 -71.29276778 -317.8812099
26.04881408 -312.6168648 -264.0438038
266.3723661 -470.9759415 -405.2664392
-369.3206135 198.2123927 -208.6296076
-159.8043302 438.3734222 -195.5232533 R
524.1306141 8.106951821 320.6575554
-403.4528724 55.15400716 35.39356648
309.7868732 -299.2776973 219.2798592
102.6766232 281.2850363 -97.4194506
-102.267456 -454.2157684 346.4893509
-517.2792227 -282.5428347 188.2528333 R
-8.896628789 -54.75797209 -400.3068885
384.8464291 -41.76319785 -107.9870089 R
379.7444414 254.1406375 -386.8291324
-29.20157738 -365.9189929 314.7330639 R
153.3014774 419.9683807 439.3731172 R
150.9471886 -300.1377492 204.0274555
-217.6418367 -361.8251177 151.0065633
-395.5711438 -28.26210857 -239.0701061
-195.4201109 -503.3061292 264.5268813
398.8771868 451.2600317 182.8711049
299.6385823 275.6660691 400.9845697
-529.6112553 -205.3628296 316.9061461 R
-27.16013361 -483.6078982 4.06872506 R
-463.2510676 56.40602727 -59.7953661
-107.3731014 127.8936773 -149.1077171 R
446.0761978 -268.624628 160.9730277 R
-204.1816261 77.70557727 -432.5839473
221.59638 -1.323892274 118.960154
155.9850464 -196.6139726 451.4044372 R
-197.8531956 -314.968622 526.9989873
-18.541279 -443.6472048 80.72734
162.2726179 168.6596823 -453.6808138
262.0565911 -67.09698328 290.0336244
-194.7422312 -104.787603 -446.1393939
158.0362458 194.6448923 356.4053315
-48.35719052 -166.7683402 -460.1856323
432.9070041 41.58869622 290.194844
-353.9157203 -46.76255479 -473.6251313 R
200.9017339 -226.8844195 352.7474015
-465.3098038 310.6406867 -46.13840108 R
-98.739386 -281.5437133 -25.48861392 R
324.1143708 457.8316969 75.20265342
-174.5838822 183.2355459 -481.9161785
149.1146737 -395.0475242 297.7563251 R
373.5202996 136.578033 209.8195105
-344.5412155 -105.9433429 255.7521558
-98.09849635 429.8165613 -279.3565899
121.6278198 431.6991604 -440.2475144
-263.108235 -215.5580505 -317.6947202
-47.91047341 45.39571876 -318.0803566
25.9213195 -15.9125494 169.8533739
-222.4407746 -129.2067836 121.8167408
-170.29162 -372.3006547 109.4816053
136.3756795 -473.062225 -217.3066651
484.83006 444.2089478 -192.5602132
-245.2301187 -453.960983 541.4273229
-386.4014038 274.5535228 350.8660932
387.6029101 -155.7874574 403.1537871 R
-483.6545384 -235.4093846 405.1086558
14.10236329 -67.73030071 46.29623422
-105.7415294 49.73465908 -459.5856144
110.7523426 475.0672617 -22.67646265
-404.3371806 403.0378444 78.58988623
-268.0968817 489.1969779 -440.0771184 R
-302.652853 369.0415151 330.2128762
-353.0468366 -88.79153806 -328.4558678
-152.4471395 511.0337926 -343.7472728 R
236.6167864 -155.0453831 464.0957618
-361.4136498 391.4409669 321.6720295
10.84215763 535.4639759 55.53609806
-27.35444355 62.55088836 -86.48590666
490.199861 -382.9834007 -298.8437133 R
86.824487 41.64070285 520.2114643 R
262.253215 -355.2799105 -98.07711475
-481.7115923 147.5812527 476.5358805
-310.7967153 -252.5123744 -461.3496073
282.5545061 -42.23573739 62.2927678
400.0663093 -364.8004927 -54.75215551
527.6025501 37.46692752 -185.4951337
-410.1720306 529.1507654 147.5531862
317.2936564 -442.479748 -445.6805443
-15.98909685 -305.0812415 -494.0595282
9.656073318 277.8768198 251.4798191 R
423.5379349 333.3328149 -51.65662883
-252.4626476 515.8472146 -328.2256722 R
-194.8855036 -352.9010113 -273.6652294
65.37865737 -398.5391 -447.8348717
-58.88018609 -191.5505041 -138.9978364
-198.7756013 -537.604843 370.9044827
-119.9965724 -160.4937241 -443.797615
-66.96677967 -33.40901353 -521.9504857 R
298.9451304 -308.5364932 81.7172032 R
-297.680551 120.3730791 -321.1510461 R
-343.4069269 450.2973951 443.3585199
-514.0052711 7.827685664 -88.02320556 R
191.0973782 -330.4079172 238.8311149
-452.8106758 -278.928434 -319.5585908
512.3591949 -350.0016962 445.7484742 R
-42.06548259 513.3560419 46.26039802
-77.66711807 -400.8612122 -143.3293562
-301.0104516 -94.24405675 245.5879591
55.95856484 214.3328088 -172.0117507
432.7868011 63.86436719 508.4772506
436.398178 -286.7346151 311.5021455 R
171.3876035 247.5100104 343.537098
226.5817495 48.91739532 -433.6178474
451.940192 115.2813794 321.6164949
-368.2191111 226.8691273 9.041586024
183.7692975 164.5704687 -102.6764559
-278.1247852 272.8974977 -282.8177193 R
-381.0716156 401.5380301 -340.1958413
-460.6880972 127.5154313 350.7150206
430.7082819 -277.8378046 167.7739908 R
366.3876138 383.1331302 -300.2674081
-269.8648556 28.12891407 -88.02764626
495.4624104 -468.0506487 -359.2695122
-239.2003012 167.3575947 -212.7231543
-454.0609143 -287.7354422 -335.6248237
-325.2508541 209.7020464 -429.7010624
180.0224355 -64.6364964 -446.2736058
435.1986427 500.7426079 -523.8592449
219.7237521 -99.20193474 545.1966968
-452.5953103 483.7233936 -28.88688258 R
120.2506044 -6.299789935 29.24445272
511.2417125 392.6249028 -140.8645673 R
244.3701477 490.0183075 160.4772681
-377.4670476 -196.8001594 238.3230965
443.8073312 409.0597319 -184.3824545
-450.3014886 -381.627056 286.9687331
-89.35405047 432.4733051 291.5412885
360.48251 -87.34487267 26.91393269
-238.4985629 289.3473966 383.210973
9.826734847 -9.927264609 165.2929401
-100.3764115 -216.9750493 504.3366978
-161.8028773 -464.306375 305.0323789
156.2429578 287.5907753 484.3331534
56.61734809 -355.6579272 -240.7458269
-484.8321953 172.7641351 436.1999099
210.4845265 372.552341 -243.5550551
481.2508048 452.6945456 211.1552703
239.6113391 -15.31550739 461.6618251
148.468098 91.0637627 -193.5272531
424.0322822 509.2215929 -216.5232539
-341.245872 -55.89379051 477.9840092 R
492.728587 252.911246 77.33749485
166.665664 -64.82598347 151.721481
-492.1134719 -243.42707 335.3721277
-487.7860926 462.2234536 468.0785922 R
141.2539319 358.4301858 -238.4005102
233.2221403 20.10212104 96.46646834
470.1009621 127.3754463 -167.4076274
446.4434125 -226.6473245 -494.9901388 R
303.9883402 110.0706299 299.3602686
165.2989861 -151.54404 161.8769789
-273.5954352 -394.8848604 -90.68036333
508.713142 -186.7082231 304.3503998 R
223.8601361 -326.837668 439.0813781 R
-273.5690505 66.08674337 -84.44719185
158.6576876 283.586993 -158.5851743
307.5685959 -276.5403693 -517.6692675 R
203.1359055 -207.8477303 437.9834346 R
-253.9198626 141.1306461 -193.979321
-277.3421826 -401.5424311 243.5719465
193.928506 436.237525 -209.1903803
-276.6631996 -96.67698993 137.7180859
-483.9292954 506.4424985 421.9548699 R
-170.4117652 -432.1842646 -238.0342029
-291.327307 -113.2872198 -511.2301648
-525.5416208 2.221346863 387.6142527 R
-71.87858458 -314.9759687 320.9981283
-22.48031565 -364.1887238 -371.8931592
-365.3444107 121.3345323 509.9846594 R
69.03406908 130.0775844 330.474578 R
-338.096352 13.91446501 -221.5666787 R
-316.6424391 -20.50766658 -480.3620052 R
-62.11596898 -28.57243893 173.3100898
-499.042773 -358.7757647 324.2692217
-16.52326423 74.22294025 219.8748094 R
-202.4515195 -166.7461045 -158.3751937 R
-48.1781553 -15.51097338 446.0991823 R
263.9034739 -265.9030954 -141.9521238
530.2684211 -130.2381793 -182.1148071
-237.4869821 429.2315348 520.4084662 R
-508.0819439 -282.9318639 183.808731 R
242.1870502 -491.4353949 -193.53489 R
352.3520308 -89.49117791 418.5638249
-220.0218324 402.5807116 376.7163007
25.99888657 -111.8582221 233.4263152
-95.74447534 301.3391022 68.34822763
383.0473847 -267.275379 521.1470597 R
510.00783 -507.5349145 96.0754652 R
-194.712961 -297.0719088 303.158225
456.8098335 257.0006537 299.5703128
327.3699528 -51.03755427 -398.1988282
121.6316221 -383.4464438 36.67496582 R
508.1705804 -340.0883445 -111.1613254 R
363.3177954 178.7004708 163.6341543
324.5694144 -97.94583509 -240.7270703
-415.2706905 -229.6379212 -36.00638015 R
-118.7000182 -367.3921052 14.3890837 R
406.1982744 -321.2106124 -103.912473
428.2635262 394.8304682 11.96995879
-368.4309447 105.4111142 -16.54239292
-30.5213541 374.2063612 192.0844418
-22.39914016 -167.7354262 -163.1410257
-17.09004984 -74.84170327 -29.15995798
-425.23361 28.33790543 31.1536521
446.8640367 -395.017673 -342.5661646
-165.7590797 -166.0982655 94.35436832
333.6396137 -273.7547296 -48.25723876
-322.5887324 410.6519916 278.9817207
384.5831568 -271.9932481 -170.8475363
-146.7279747 -27.90205377 250.9843184
398.7850255 -313.9397798 64.51758566 R
198.1836546 101.7752953 168.3269375
-271.8762519 -405.9437666 170.4051658
-180.8562855 -384.3691275 -39.46544512
-190.6606343 131.0203651 -98.72275138
540.3055377 24.18906008 -316.7067977
-174.2336868 509.1973302 -125.7921581
-187.9028869 -259.9444481 138.692669
486.0609344 105.9606193 37.11488086
-395.9948576 176.7891171 -68.28538252
362.0201587 58.96209605 -287.7724579 R
-372.6303978 -334.0771803 116.8620483
384.3044083 -85.37980752 -265.0743089 R
2.844958766 -175.9256904 331.7068656
41.29327144 190.7474307 -379.1944367
-34.45232713 -10.16568333 -301.4776189
-73.29288448 -152.0462008 369.5842295 R
-345.7327729 457.9625175 14.56483547
-439.0007136 -458.8084918 -245.752878 R
-79.91239255 -35.63599918 5.010536377
-261.6068473 309.4519316 402.5798757
149.7750038 507.8246464 -176.8312416 R
-8.39174086 166.965575 -37.00546217
-227.7128617 -189.2164025 -337.3207251
-360.0370414 433.4768097 364.2667193
91.52204831 542.8284628 502.9199665
-242.6047124 -305.4098852 -26.66817504
-120.5634202 414.7015947 -471.7348051 R
497.9426288 -489.6573351 -379.0683387
-515.5170998 -137.3498526 -218.8027966 R
509.7759565 -355.113117 367.509724 R
39.72561588 -499.4688685 254.8329542
432.6875177 -220.7637241 229.9546751 R
-90.10108968 462.10201 487.7596199
-429.079981 517.0343896 320.4896822 R
26.11259688 -147.2867027 -358.1089151
-406.4445429 195.4999271 -478.7676037 R
353.3958401 -262.7244003 -506.240042 R
-479.9508154 9.030163909 -264.428559
39.46804133 405.4270913 -153.9732572
479.4613609 -256.3264618 -178.341661
-159.3604182 13.64755654 -300.380257
272.9584516 420.682684 -174.1728131
-213.4480234 304.9141972 141.8303544
-365.8559641 -174.4601289 305.073154
452.3504655 -70.60195626 -416.002885
148.5009792 -418.550577 134.4161196
-501.7833869 291.6095035 -211.7975078
16.63865764 35.56551293 -431.8852564
-329.2033015 -271.244559 -262.1727765 R
-485.3147037 -11.13509063 -528.4868535
-487.4308187 477.64367 227.4381477
139.2391309 91.21484808 7.174514751
365.5556508 306.2787264 165.2322974
-456.5100559 48.18982321 -16.3141782
-433.3410669 -84.87755654 -342.1067953
-80.19415848 -30.76464024 -38.47390411
456.1738179 -302.1771363 -421.2496639
-34.52740122 -494.5202131 -429.1050807
168.1083259 -106.2973563 237.1732641
-308.4889665 93.27533505 287.9710657
60.75283643 385.4000184 -51.30915728 R
-56.29042968 273.4768099 422.1189112
-112.6605256 241.4879126 392.3155458
-292.9332141 136.3751728 -447.7332163
349.5343171 220.697485 -79.96732806
203.0449847 308.1366565 -405.6464875
-496.2608422 139.9858171 -165.9769844
-392.7252375 482.4241093 499.3937489 R
-290.1087692 430.1862766 215.4372935 R
-101.5106214 -265.8057384 222.9077945
-381.6343176 444.4053033 -491.8599532 R
400.8180296 12.61254754 -237.6661733
-379.4302465 -129.5999947 67.95418774 R
-75.39195199 146.7824543 179.2658629
-379.1980844 343.6889041 188.5141029
356.6323531 -255.3521344 142.2763458 R
223.6379468 -340.2650589 -462.3570197
-342.8799035 524.1353979 -70.26669414 R
-324.5742552 -298.2844569 157.8421854
-77.55520844 259.3664449 64.70767356 R
500.8494563 304.9740519 -399.6153753
-160.4389914 133.922503 -65.49746675
-522.9329528 -56.22423824 -408.4979751
-135.5607782 -101.2951108 -96.71848993
114.293158 216.583807 196.3725664
-418.410993 38.00199136 302.2546369
-434.9929976 -124.9766593 -407.1004946
-411.4560073 186.2644769 -191.9472876
257.5374493 -403.8887226 -160.8860334
-342.5469584 465.5122792 421.3676561
279.5747007 402.4562634 -158.5427751
215.7384573 -317.188879 89.37503521
-59.63797004 -105.8090206 434.0892823 R
244.9442401 -160.4324697 10.53516022
188.074588 413.228263 67.17635202
219.1411327 433.1211784 -465.5770682
119.3904746 303.3084511 508.0131672
-300.1192755 -177.4906166 -464.4349084
9.705068112 -274.8925924 43.16208359
-154.5873926 372.6364257 -320.4089492
468.3998249 362.6459514 -149.4173933
252.5085374 -502.283388 -241.5383829
468.9928088 -12.11741999 -332.2059349
-535.1337227 -58.14011546 191.4986183 R
442.2180277 77.65332843 -181.2752204
305.5185007 -127.7268134 -403.8245275
287.1955355 -510.1233695 134.2001875 R
362.7493183 -516.7340303 -167.8153781
-377.0837965 -197.6505106 -416.1916385
-309.6669 70.27894626 22.83368647
375.2697416 -354.7155916 -326.0310727
-91.43908969 -96.97872314 402.351298 R
-83.44237256 -235.0678802 273.7102394
-333.3472609 215.0552991 103.6660434
-249.6564636 -514.0443858 -284.1762471
-432.070085 442.2454682 296.5590019
-53.43483555 -492.6763698 88.51105022
107.0379403 -44.62069427 -435.2340817
-439.1663392 -363.5421068 -83.55726969 R
-430.5982327 -413.870742 301.8335993 R
429.1288847 -114.154448 453.2731249
-399.5642118 -223.5678779 437.1208478
-247.3434281 -475.8137979 371.6017113
-365.7921274 212.3441727 -510.5058982 R
112.4678034 -423.7782016 -414.9090932
-450.6792066 73.20605582 53.04546357
465.0724236 447.5605204 98.59290933
387.3949064 472.2459957 -213.3309292
187.2632596 404.5881396 -68.48697357
-195.3440977 -224.4419029 292.8851402
-227.8433653 295.2829651 411.6686458
469.2422236 -36.48719913 -69.81204951
-6.751382522 234.0009465 515.3385085 R
301.0009095 -111.6266014 -220.8093305
-84.03238088 -181.1002678 475.6179877
483.8313585 410.3741553 -469.2557625
474.018862 -282.218698 258.3049409 R
-447.8361434 -62.62719351 -9.280921081
-488.6543319 -75.83281187 505.1609175 R
-55.28634845 -29.24630066 -261.1615147
-171.1126723 51.53387747 530.0247271 R
-497.6046739 -96.77447966 -14.01429832
224.2278375 -419.0643624 115.5144518
-35.37141246 -133.3502204 -267.4903111 R
-491.2244285 176.3803156 261.0810208 R
143.4588114 -91.03263745 236.3879539
41.63607082 -267.061264 408.3506573 R
444.1677826 308.7066705 -410.602773
-423.5766056 -366.7232784 -515.5233875
302.6515674 305.8930974 -267.530631
-422.2600479 -142.224459 -153.1121855
-355.9297272 -357.967718 352.4897937
71.59312283 -333.4029393 -497.6155533 R
-206.2778801 238.299168 -137.864379
-68.25986528 -18.18404314 471.5903145 R
-100.7112289 -233.374615 193.5314125
-326.4693045 497.2384624 364.6820824 R
192.8629223 56.59080585 -245.8528373
-264.467026 -439.8801907 -160.2992656
-298.4492533 -319.2488042 -184.1986785 R
224.2424826 425.609899 -135.1385216
-505.9766247 -49.15715046 78.31139743 R
-488.300848 148.5222428 514.6060191
-464.1378575 -209.3729567 -266.7781413
322.9596759 -325.8133693 152.5051651 R
398.1612698 -198.1924425 -367.5234097
127.5028646 -44.86564473 -443.8813639
491.5245084 -10.17406089 300.7655648
-512.0190545 -293.0999511 -197.947993 R
-86.67626351 360.7900068 -336.7528256
-323.8382521 166.9987269 333.0957893
538.7052172 -194.9834866 -371.0243047
-87.47924094 4.455242863 -254.5261539
316.4249453 447.9814345 223.4390207
-215.0130461 361.044583 311.0746788
115.8690583 -96.42751282 -169.104132
-424.4545132 209.9130748 -178.6009806
-94.62455691 -133.2281157 510.4117366 R
81.43987145 -503.0350549 461.3882331
-115.3019281 -246.7238442 -19.56220624 R
-265.6435462 -269.7459093 347.5762291
129.8006227 -240.499627 0.2103485862
408.253389 -429.1765071 197.1901267 R
301.3307321 70.1200553 -331.9077018
113.733375 153.5340322 -470.5916555
-242.3994503 141.9968875 129.8994145
-312.1800967 429.870854 -66.3688848
57.16300637 -268.8513922 34.37650587 R
486.1227393 147.4918875 297.735521
-62.59489833 -299.1743473 -514.645762 R
-207.1178374 -8.237718374 189.0650754
-277.2075314 9.52084306 373.6423777 R
444.6607921 -257.4560139 -346.7827816
183.2768226 261.4595954 121.4301505
105.9667721 247.1088024 300.1974919
-91.74999678 -64.2180598 -168.309477
199.4976509 -505.9122753 416.606459
-306.9953276 480.4361787 -363.5210436
422.4207247 101.5794288 20.53352002
-437.1857192 -70.7255843 52.47959418
-398.3328146 171.7280231 294.7133854 R
-468.8440692 -512.8440185 -295.1002663 R
-436.2666894 -81.39130789 243.6978022
-141.4100069 -296.0936193 280.227551
117.8070565 -180.0271507 -119.1076579
-324.4678339 -261.367182 287.9235097
-57.03394354 118.878465 -42.60501784
-266.0738791 -494.4048524 -457.0711581
-62.40748648 495.7193464 -523.8555971 R
351.0263423 -87.34260153 37.28378984
82.35574069 -258.0768964 123.3069559 R
-96.64411784 -163.7073522 129.913718
-116.6741138 -514.5161993 279.9099006 R
-324.3291776 229.1920899 18.95738526
-489.9103041 503.0565509 -393.5430345 R
-75.71362875 318.7783137 -480.5455563
327.6145705 -336.6930143 -382.2785618
303.123354 -446.0486297 -474.8286204
89.45888382 292.5493938 98.9707133
25.07248796 434.8324144 -86.98803063
-496.2065093 -396.3130265 116.5852411
-288.1971243 -527.5875409 140.2354545 R
-493.3042872 -31.8483482 232.9458976 R
-346.3178186 -358.459156 -378.644245
-506.351084 -55.56574049 310.7813627 R
-295.2952498 -162.7307486 202.5326444
404.5615025 452.1204278 -170.7894798
-298.8565087 355.4350577 338.6885202
-484.5195385 -258.9731607 399.9804037
475.6481143 -336.5057697 55.50295256 R
363.8649806 350.1240742 336.2344148
317.9954492 112.9223812 377.0469865
422.1034838 -249.0404385 221.5690453 R
-313.5211642 361.01877 -438.5047289
147.4989639 8.042887833 -300.4127092
-34.46343708 -99.00386689 358.3205548 R
-268.1810521 -356.2701249 92.97134789
-321.0919572 -328.8260776 458.4009646
447.4779106 362.6557087 -377.161568
-92.84955588 -215.2463426 -402.0389577
-279.0251583 -222.1295547 527.7885052 R
254.1660953 -463.4475127 481.2073021 R
-500.7206802 -35.99713464 -318.0883876
-260.7579885 -497.1271241 -373.8230426
531.8506397 83.94095088 -60.09048353 R
478.8618766 158.5802311 137.8273268
-503.852512 -373.8470298 114.6164658
336.9758397 -487.6405495 46.53364583 R
121.8015877 -391.5889857 466.2850738
-362.6795315 -412.3640927 -0.9072324602 R
-257.1104577 -501.6486138 -149.0574916
-223.0852658 -496.5062646 154.5943305 R
337.2419166 -186.7889038 -233.1473434
311.5825475 -344.5806398 172.5990293
529.4544392 -222.7244189 -221.1271876 R
-333.2168301 529.7864891 386.4334472
515.2631267 -253.3830739 -66.05881929 R
-87.51814877 252.3020228 274.5271133
-332.0448515 -384.1162256 251.7102858
-435.5082706 -336.5735974 -44.68793446 R
456.7415 22.73906431 -147.3146205
-508.923241 402.9845588 -312.6516668
-308.5477384 393.2936369 121.2222662 R
226.4122146 -522.8008373 418.884205 R
-64.48784855 408.5879056 362.1222811
451.9762568 239.7381135 -96.09282336
403.5327339 450.5551189 -515.9788398
178.8193338 146.9898542 -447.0190398
-154.0840432 5.358582038 274.1060437
147.3338212 105.3815825 400.3591123
-266.6399571 -306.7255493 126.3700841
-275.2007653 -129.5795756 508.8563164 R
-105.035615 -14.49117594 -56.29616287
-410.3234666 360.9077035 -313.4014254
-29.68376062 -59.73931397 492.1136142
139.001363 515.8458499 -382.0731804 R
-437.4779168 -49.69605004 -237.6088637
2.16005393 119.6856826 27.1933395
-205.2349892 -17.50973408 -361.6255123
-101.6360116 124.9996157 43.22685216 R
-493.2329902 -222.8168829 342.6693355
-89.95244697 -538.8152444 -137.3094191
-10.04460359 -351.5936191 363.7278291
492.9912482 426.8030112 -208.9904457
-34.22905146 377.8116505 -473.832621
516.6553265 -367.9137397 -421.2456663 R
-138.7762101 -205.9553984 437.3637735 R
96.72480541 468.0188413 449.4129332
-265.1417581 469.752809 -178.5306709
-323.9763974 -162.0498573 299.8185281
-104.5672051 385.1901933 -15.71765764 R
-464.3722153 -364.4325234 -390.1718708
-434.1386456 169.3948579 316.6514496
373.2556862 -114.402923 118.4569657
-455.8544998 -308.5173632 -53.76360842 R
-110.9023538 -370.3132235 -198.786848
65.70366417 390.4192452 161.742789 R
215.1821089 -157.6789883 142.9273022
-240.3040504 254.2562796 309.9660299
37.32141691 97.61765243 -330.4894169
21.70788756 513.4755065 503.2238428
-4.136524073 270.2582008 -164.5898496
-50.66714238 376.107901 401.3165557 R
87.04308413 430.3843444 -108.5427636
505.1677362 477.9316721 -496.2895687
490.0943453 -526.8994169 264.6118843 R
123.2785561 -133.6560228 -252.6512954
262.789923 -235.5027401 -204.6084647
-390.1869996 328.4671245 148.3879432
432.9551592 93.60756042 103.9230531
-196.7313361 -244.1823329 294.4516633
-354.1254408 66.75776228 -157.5701316
459.4235152 6.67877621 27.46119472 R
472.8279674 -5.725797958 -189.2990441
309.2888903 449.7333858 -443.1375017
-295.5504565 -460.5877288 195.1289669
236.4399425 128.2410903 420.1631306 R
545.4886949 267.3759078 -209.7103239 R
6.062297916 -98.97191847 -124.2094412
500.9464385 416.0451218 28.15990074
-284.358916 -388.8523367 -33.69776837
-535.5424 256.435964 39.10805536
-68.37253789 170.9643882 -513.4379726
167.0391372 -15.8849224 -435.7768964
493.472678 348.0324625 -331.5612958
-460.4389414 237.3494831 235.9808327 R
472.1720305 310.2779538 224.6807372
-119.8174133 -419.866139 386.3461554
-473.3783469 -315.7981483 139.5965752
368.7015185 -455.9062716 -415.581364
-90.6760819 281.0778174 -509.375095
507.4725794 468.0473233 -486.3983688
484.9242838 -94.12150076 -454.9157609 R
-312.4154913 -378.9770852 359.2432299
289.9153625 185.4854791 157.0601215
-509.4671878 -295.921089 -354.7826505 R
-352.552019 122.0852317 -421.8892802 R
-267.443017 262.4735544 485.6003298 R
513.6197192 87.2251281 253.1580194
115.3769791 358.4722347 204.2829833
198.3432531 -165.2851828 227.7359282
-94.75980245 37.52314023 -424.9438844
-16.41777514 -533.6761249 -0.9267316614 R
11.9327563 -78.62917249 53.52905912
103.0283301 135.3337433 109.2467561
-325.3411577 542.2271324 -225.5603884 R
497.423954 138.2019977 -229.197871 R
360.0379364 -28.4767287 -335.7028971 R
-379.0853843 -90.97108761 166.090865
76.71355426 -407.7456013 -253.5940501
-140.740067 -265.213466 339.6477235
357.7838789 30.40814512 272.7140248
-36.68277404 73.03430434 97.41771927
235.1493171 278.8222427 -381.4849938
103.0866487 -308.0920676 414.3312114
-60.26879837 -208.5179887 148.9757938
446.3567838 -397.9126768 -159.1143174
-353.8220009 334.7844502 -263.732355 R
-55.49007977 444.4031589 -0.02333782228 R
101.3772891 -108.1361468 376.8845034
197.4203122 -72.453179 -47.1124009
441.2599149 -280.3178947 -219.5440463
-313.0651003 -359.8209281 89.78814624
308.1921412 -379.7555895 65.0173504
367.4078231 -492.0495603 -15.17298229 R
-34.53262368 411.5723177 -486.7518718
-166.9692892 36.62981437 337.5337115
-90.91795849 -334.7640945 -257.2044195
450.9056675 -388.6188409 -205.5433306
17.39138647 -314.5451183 306.3134606 R
56.22800809 -377.730802 197.7117631
374.369421 -182.0662039 -183.6946156
509.2050285 187.240159 -238.7871468 R
-186.2762045 -226.0922352 -6.177742791
66.66483477 -373.4960495 236.7940161
-269.0425092 -17.1808697 395.6290349
-367.5087292 403.6420901 -432.2229836
75.93611472 207.2969569 175.2653175
-170.5822849 -347.0784054 131.3601142
-160.5077674 521.0947244 -161.4510542 R
233.824957 -416.6212025 292.064434
-95.05961826 513.8712718 106.022914 R
-389.6087601 -310.729783 192.4500748
-75.30930265 388.1681982 79.65142593 R
449.4463354 -354.4101799 500.8698315 R
-96.07480724 -212.7889864 71.28468204
496.2106456 376.5214402 375.2363453
314.577089 312.2839283 -460.5311312
69.62713404 -244.8384089 -36.10153931
-239.4230744 -220.7854731 -127.0957483 R
432.8524328 -28.06108034 193.2504488
301.3281964 145.6501198 279.7425842
-417.1759221 -396.2079777 -497.8154388
355.8302188 428.3977456 -443.3062754 R
149.2916884 -441.969947 7.349783027 R
-492.3112551 -399.1189131 208.9376017
-454.8382236 40.09751124 -96.4535328
416.0943223 -59.27513114 291.1343327
-171.5395722 121.0407395 -406.9494954
28.29888803 -428.7961386 375.5973855
533.3176963 168.3517599 -348.9045002
-430.3460998 342.5575262 319.2314901
-251.7653573 324.1929461 -40.02110683
-59.2697413 124.0017128 -226.9621375
50.57674177 301.6092928 143.8060429
-516.6994301 -55.45773979 306.136334 R
281.2607788 335.8751405 -145.3719192
-402.7692837 -9.802625168 414.5079885 R
465.1780311 328.7304407 -58.10334267
-157.0247368 217.9538241 -226.8093088
-41.49147004 -182.5432046 -179.121834
-25.85948628 -170.133378 157.8493525
-203.7356184 327.5341429 -509.1734232
154.2556266 495.652752 348.9089271 R
-181.1119089 215.3659009 -507.0143317
431.3540809 -471.5191428 -413.9726495
-49.9195184 455.9425317 362.4570314
116.4555719 214.6282812 -320.8622426 R
-495.6450035 -425.8686602 -177.7478785 R
60.12565855 178.8472039 222.398576 R
245.8920834 23.21634191 421.8382907
49.03972004 114.3539322 288.4501451 R
122.5969083 299.429999 -351.6536505
-215.9398913 368.6950286 226.3484614
-400.546259 -375.5438103 -31.06118449 R
-246.5355135 94.36440731 432.7625719
-194.6851654 -78.94265971 319.0638054 R
-78.80355189 -465.9053614 182.4579845
-283.590986 -273.5551609 276.8560638
484.5728395 -469.7148729 362.4641653 R
158.001762 202.7082056 -537.0047546
-371.5055924 267.0699346 -365.9046239
-140.2066886 45.54430718 -473.9099895
-390.2700001 461.6643025 262.5872704
-257.4820457 277.7464516 76.81161369
143.2050237 -350.3806318 -336.7045687 R
-433.4504004 -277.1829615 -267.0207092
6.259381708 -153.0104006 143.0022148
-138.0486754 -167.8582795 230.716897
471.9386326 49.74469022 113.8971516 R
-338.1422225 -123.9360956 -359.1504499
-395.8026921 8.491221154 -84.02811946
379.1227827 -294.5469578 24.36653821 R
11.4443514 233.9437917 326.1471942
-175.13847 186.7671604 97.1849776
239.383082 397.0241492 -269.3554163
-130.1776994 436.1452896 -290.5125403
220.1345771 190.7670767 444.0609392
-160.4069453 330.4178626 414.6888025
289.7678865 8.250857805 -536.0931925 R
-208.3274353 -354.2832463 -398.5884475
-332.4028436 481.8423159 293.891255
-103.6337129 190.0798693 74.21835128
-163.7118512 -434.5873612 -509.4746977 R
-116.4158795 390.0285455 354.1655111
305.5093251 -400.2572519 196.6407277
498.2070184 17.92389022 418.8056255
360.9212962 103.0677414 -348.9209476 R
128.0776425 282.4385946 42.58247936
-515.6230645 408.6004913 -249.874088
-395.8256521 272.4631258 422.5126969
-222.9126479 -353.9858565 312.8033302
-228.888963 -374.8488923 511.3976268
-280.591293 -192.9699073 -240.2742241
-69.87202317 101.206141 402.4344394
180.5846944 -73.3393736 444.362537
-485.6507441 -203.594095 -2.888120828 R
-194.9253064 -256.0777584 -444.7154773
410.5244534 -134.014083 277.3551297 R
331.9352146 -219.7971766 34.55215931
-336.5657895 201.4563451 80.6559076
289.730435 -389.1949 -48.85131371
154.2145771 -14.40077026 247.6467372
-479.7826693 277.7059739 325.5565362 R
446.168261 301.354717 106.2631096
-113.0871247 -355.8343741 439.4058902
346.2288927 -140.1292185 -371.6753337
-222.5796937 207.4310346 197.769718
190.8426847 -314.6585801 85.68652101
55.8565328 -74.64461167 -335.0121984
1.591846331 -192.2510384 199.3203504
-337.2118341 164.4074533 4.813567553
-418.6117215 -163.9791982 444.7391908
-38.16135366 -161.4294057 138.6701681
-92.67385858 98.63947758 171.2534304
229.3998977 227.6630035 145.6758624
-174.0839144 20.44921263 -249.7778608
-0.7803613984 -344.613858 525.0078857 R
-385.004185 246.9081544 402.2148042
122.9755545 -5.305364733 244.6872683
417.6240221 -477.0835492 -332.5861785
180.3749041 -234.0452302 4.960995768
-510.2858993 183.2850535 31.19034202
-56.51410843 371.1298615 326.4606423
-236.6322093 -283.3154378 111.2313939
-130.872555 -26.22791682 383.9693566
448.8975558 173.7401473 -484.5682014
161.0711063 -157.423517 262.8136183
82.95493369 78.78541182 90.67343704
-374.874479 -215.6789561 -367.0782885
-492.3428879 -461.450329 223.2866326
-283.1979622 368.9487378 173.3206449
188.3899335 262.1768536 389.4974497
-271.6610614 -415.7309798 -144.3921749
-195.7698096 408.0108877 170.4307211
-2.915068637 45.40158453 53.77071247
-287.5296449 520.3600511 295.8204106
-332.3867354 508.1216769 317.4579996
-172.1213241 -192.1343289 331.9833992
292.213253 235.447202 -86.11972734
-285.3294188 52.47480956 -418.7031073
379.5071113 91.74793512 -162.079655 R
-438.1239092 449.597265 -273.5835111
439.2745057 145.6060078 -162.1601519
12.39738219 -176.3497525 -539.6893023 R
-469.5196282 177.1405351 503.6559456
-457.6801119 -367.2192457 -174.8123331 R
21.46270306 489.666841 -297.7091515
-38.47969972 -211.74488 -80.61476386
-524.4060688 -133.4745542 -214.5808885
54.16267143 427.303552 -181.7492957
-14.1290281 397.710504 -253.333696
-514.1157725 241.6653842 -58.41496139 R
-426.7791375 336.0717269 349.2001597
79.73582952 116.5764802 -266.9562524
-469.2053359 -418.0565725 443.8022132 R
-218.8445282 -477.2998039 -380.1112993
-291.9037658 127.7104313 467.6290892
211.9649419 -405.5895292 -527.6405426 R
153.9605747 -172.5114358 -183.3049869
-283.8416546 182.9807457 -157.197518
240.7563304 -296.7613334 -187.3668898 R
66.24966267 -89.94665161 199.4953462
461.3476236 -118.7036042 463.3023403
-400.426522 72.59832722 463.3464893 R
-235.688729 438.2171924 -427.3465245
299.4105002 286.9384397 385.1569573
32.11549861 -236.0616802 -445.9567103
-74.40201681 -212.2732894 373.211005
-481.2771455 224.6181934 247.8178894 R
-455.0252429 -410.1764828 409.8364556 R
-327.8608142 262.6329311 -76.06142246 R
431.3224806 81.48337314 -322.8581458
-393.4819165 54.80941549 -214.3837151 R
352.8398439 425.1035127 65.18061848
-194.2203096 -183.4620519 -501.2057511
395.9860029 65.91424958 497.7601276
287.367374 -477.3773388 -156.6453803
-369.769924 -463.9474565 325.138988 R
441.7947946 220.6100349 -209.0621039
-328.4943453 102.4374207 -265.6165726 R
141.0192646 -26.52669905 -221.8781075
282.3606447 392.9817476 -322.1983503
138.2619897 484.2112105 317.9741011
72.4210571 341.5311097 -336.8526907
206.408133 -46.82076144 -339.9811049
-405.8582359 469.9781416 63.09812088
470.5851134 -450.4644523 -122.7256444
-441.922552 291.0051377 -461.3375694 R
-228.7702602 55.20277572 392.8209816
505.1535994 254.6477385 -98.87135767
119.6850404 -336.6448524 432.1221689
153.4624096 -32.10995223 62.4144527
-530.6121184 78.26742494 331.823402
-393.1648965 511.1824475 352.697148 R
233.4907509 301.0001094 269.1880342
368.4385309 429.5815014 -280.3771831
-43.48533895 35.25433651 -354.5210313
177.1011617 -121.6820315 472.2019558
216.5533587 20.25019384 -132.5088475
-197.7037395 -476.7278688 -508.2898737
51.65000371 -18.2342165 -8.894768476
12.07012349 -224.8128642 -410.2229416
450.8944862 -76.41972856 -222.0286586
-453.4929489 -159.9334064 -306.8350414
117.2310585 323.8918024 39.3475854
282.1747962 486.7395894 -48.26694197
-443.1501063 -290.5525982 -2.378144291 R
-436.1135217 -44.70908832 -526.4037984 R
-444.4640957 522.5622465 425.9898218 R
348.8621041 103.9677607 -257.6197398 R
-121.6087232 435.1507486 22.14259608 R
388.4062098 -430.934467 373.9853874
180.2747496 474.7594847 499.7425275
-259.1672295 -346.1455926 -291.6917731 R
-99.58576004 250.71634 -87.60814033
-408.0665594 485.4653381 -201.6338419 R
-98.88232367 402.9740699 -7.388774676 R
522.9641788 -233.8983886 255.8624556 R
476.7577033 -365.2990032 -128.3565708
-254.2199807 -270.7006654 41.27817198
-56.71040808 -24.40208157 235.5883544
193.5950886 -494.3935827 516.0061639
-324.3663347 361.288041 -281.6196092
-3.817409119 -327.0638286 -534.1932204
-200.4285548 -309.5191642 -509.333942
-161.7559358 -461.4701756 -337.095905
-49.71329122 312.1697191 -322.4831272
-471.338081 327.4587415 147.5112489 R
-333.3426952 -446.0807455 418.7932075
-271.2428303 180.0199758 64.62063817
40.10910852 243.810014 -404.4840417
421.1826518 -176.8629215 0.4418658959 R
145.6572647 -159.2097558 299.3334691 R
-145.3567025 -320.4538425 217.0731229
282.5622439 -477.2736799 -179.5450473
-447.2737175 -111.9769669 -345.4418393
153.3525443 -447.0090726 518.5893063
-159.4876066 338.3017576 -145.7795286 R
-340.9120985 -118.6622987 245.2946763
245.5324987 -118.8966227 -445.6526752
-151.2235875 -293.1472228 -96.73666063 R
145.9907825 -27.9585171 -173.1739822
440.7175957 138.9829204 -20.32295292
391.7177352 261.2971931 -281.4632458 R
420.1829458 373.3486332 111.4976193
-324.1575908 1.54320274 -3.085189067
129.370773 324.5011366 475.482672
411.9513519 -155.3305253 492.2212457
251.5511008 457.2629137 420.8809039 R
413.967148 -114.1236034 189.503384
-255.0561854 -45.372945 200.3185814
33.12205246 -52.47617413 -226.0662915
-390.7597814 -403.7000957 -123.942348 R
483.3780342 156.1917844 115.6135448
-296.7156086 -363.3500976 477.7614574
-269.0334707 354.3218208 -291.027232
90.34637357 219.9594131 4.390074479
-258.9833793 -92.24596198 301.2165329
526.4447449 180.6609161 195.2832059
-235.3542487 -267.1035018 422.2756295 R
-132.4002946 -179.7814853 58.942877
353.4883752 -52.0634202 209.7646671
219.0968564 -111.3641465 131.6431758
-328.6067394 256.3967727 -224.8467637
488.9455365 202.1850336 8.232080245
-223.2563563 20.4907185 -407.0698103
104.2576342 -414.524214 122.9116368
-381.3700891 -259.6421188 45.11940267 R
144.8696076 291.7927239 449.6962172
-503.0315315 -30.50822836 280.5519301 R
401.595818 -423.0542021 176.5938768 R
-99.32257977 98.31945017 -77.69460736
284.1705411 336.9992257 -202.262192
-401.9112077 12.6015995 251.7425076
-424.5051668 415.9573166 -320.3336038
379.6376813 401.4433856 337.1606179
-135.3471367 104.7418382 514.9804906
79.20717931 294.4207166 478.4028231
-177.3916246 111.703166 -79.57558226
-104.975924 283.4870796 -252.6478258
-349.0258864 -435.5013916 247.9744523
-103.3375511 251.3092819 17.11812556
-225.124962 174.8706617 -104.1377385
-475.2420658 -462.5380465 -523.2159621 R
127.0523128 227.7001735 137.6532459
-401.3955162 -71.39757887 517.5677805 R
-207.4222983 -466.6953146 -274.1013252
-103.5904691 473.4549675 142.5704939 R
425.9262604 231.9120965 -382.8104501
-395.787965 366.5707852 374.011931 R
-545.6583254 -32.83828605 212.7906547 R
414.4942239 -293.2239876 489.5282385 R
430.965099 142.3027962 -224.9304601
39.04752562 -424.08054 -161.3236187
-472.6886204 78.23260447 -137.7893726
411.3948352 429.5148807 -496.6279788
295.9240231 -103.9107505 -178.6408141
-440.1951681 416.1752607 191.6131581
-124.9041985 -330.2401048 -193.709989
-401.5988846 390.3534282 -414.1411581
420.9457147 439.9714782 -319.7867988
-276.1675633 394.2130261 -52.63091915
-366.4991858 -446.4890646 -91.26019689 R
-235.7808302 -35.37738644 1.808874652
75.82459541 -63.53450954 -18.45780228
293.9329995 -254.8350671 -433.7790777 R
441.4407871 -504.4641597 123.735106 R
91.73009027 -32.18622188 241.9078914
441.0383012 4.494529856 141.2025546 R
252.5461262 219.0691946 -430.4388534
463.4171871 433.8424286 324.1374897
499.9418669 -388.1257392 -481.1899757
-385.7497421 -495.3278389 -367.0522863 R
455.5788011 -331.0503636 -219.4587399
36.90074929 -368.7661888 359.8682181
-229.8661542 47.5387817 46.87159612
341.5425205 491.0194332 -247.936433
112.5202182 40.48035636 10.66695795
-366.8491639 265.3271473 103.5670245
-82.44482677 242.141662 330.0837809
86.14235579 49.63480468 312.3668336
528.9740299 -393.9970637 252.2537718 R
154.1179569 -110.0811328 -36.23842329
54.22236288 -423.1191802 -221.8723238
417.1518962 -479.1634791 -420.9433137
377.5796789 -286.5013284 86.65430704 R
205.9909136 475.6785409 -405.0374539
-65.1106775 462.0125251 -520.2797425 R
381.3881397 -256.3009535 -320.5154701
173.0126357 -311.7842828 -170.4293073
536.7747136 -432.8647091 198.2829852 R
411.0876776 -382.4386204 221.2813298 R
-325.7777548 325.1886755 217.4108925
171.9100976 348.112223 221.8526888
359.0058549 287.9864307 -124.2472225
-350.843619 300.0961735 113.2847127
286.9601556 -2.923311371 -130.7494215
194.3485288 -204.1028156 103.418876
353.2616333 -180.2613791 -431.4995665
-329.3301508 204.374879 -374.979612
-467.8366348 275.8788631 319.3030721 R
-459.0116306 -140.4416533 518.0041136 R
-23.72454533 0.8186459441 364.759904 R
-470.858367 -141.1138934 6.137559768 R
23.73443296 -217.3631473 -124.066579
-369.1313524 441.8159719 218.7621641
-364.2354168 -523.6358442 449.4491041 R
-434.1736622 156.6572884 313.8079762
397.0932215 377.8898039 -171.1797257
-21.69938941 23.61035481 -219.8873581
-414.2823716 510.6157774 -154.5754101 R
326.352663 294.769489 152.8659416
-10.47621287 -189.4024462 -33.9912027
55.29222906 -317.0109073 268.2909339
491.3614625 327.7453914 206.5327375
169.4364999 146.4696351 414.8619084 R
-346.2515314 -463.4231836 26.77065623 R
-340.1519288 -4.354840456 -283.5145327
85.67841258 -11.44019374 -508.5915146
-62.61267357 -279.5275371 -258.2331797
75.66863439 118.469705 -173.3304957 R
143.405855 104.6698327 -444.8385065
-274.1244225 132.4903961 -143.7094032
-477.3442817 415.6567065 -163.3457189 R
225.374552 268.1331207 268.9937306
526.1617994 97.53641988 -483.5479064 R
235.658764 406.1400433 -145.2221656
-378.2623468 -487.3640464 388.1209576 R
76.57396395 433.4756504 460.8690546
-189.4347841 492.0136906 186.2189824
-489.1425369 362.9445766 -393.1445154
-65.07410147 -515.4049273 -127.4839516
-371.7199567 -470.7354075 -86.77466827 R
-190.5441672 200.8485783 -408.178799
-51.60811596 -190.424514 -429.0718205
-291.67586 356.8793934 -182.8388204 R
495.023194 -65.50165343 385.2616474
363.8231994 -140.3983536 39.98872683
228.1518348 -510.3777894 -417.9296474 R
95.08031446 -417.3926751 -460.5028919
451.8824925 -138.6261494 -395.6716348
-430.0182781 -526.2562746 54.48176263 R
311.566533 -174.7348883 168.213662 R
-50.77005776 58.62520004 174.3693356
-349.122306 -401.4393666 -509.1228324 R
274.4630429 411.1759052 170.6180485 R
171.8526823 -208.8680048 472.5581354 R
332.8678027 -141.302402 -163.6369502
-165.7642317 299.2648269 323.8981503
-179.4941377 212.4701747 -6.898862015
-112.0643679 -487.4995077 127.7658705
-210.4029402 -458.7604884 7.829617135
455.4737336 -144.2776009 407.0429006 R
-257.7204967 -419.457263 464.4801581
540.63176 -452.1469354 63.99173364 R
-25.10487833 197.8893274 233.8812546 R
544.5193443 456.6370215 -250.0748986 R
38.06836648 56.74522123 -441.1467344
429.9054815 92.75116506 189.7915825
106.4883392 420.5233945 -110.6588338
-377.5772193 130.8357952 -183.3142882
-276.5890095 -56.42590843 -464.0108046
50.96162533 -307.5372353 -236.6994234
330.5033236 257.9031557 -135.8142723
293.247553 282.3018591 -211.2640155
-265.8057072 369.9112585 -76.28838543
118.4277563 -159.4217309 80.80161009
477.2984331 467.9088859 -14.09538178
180.6362899 7.462579427 147.4301652
-257.0517877 336.9502863 -237.1340388
-168.4796262 476.6048193 199.1774332 R
250.8941965 -397.1105429 180.3696388
-235.2934962 404.4016865 -460.9806064
340.8134387 329.6534458 428.9505049
-450.0950013 -105.2190596 -441.8459963
64.91699832 -73.77870198 -300.7243078
-418.1032688 115.2488938 -367.0695614 R
-209.1126801 -432.1275762 495.5790086
-232.7149087 378.413481 497.2909302 R
113.6203481 127.7783673 452.580171 R
-383.234461 -152.071808 -336.806815
14.2922976 171.581661 -40.26162338
397.1350392 323.8934148 245.0232924
180.5313679 -468.1995828 -219.7895383
-319.6543728 391.0753817 -361.3698687
-495.2391691 -305.13721 220.1566795 R
-527.5910339 426.8619523 196.7835198 R
413.2014961 78.32624142 -85.08491164
324.0919915 348.4624068 454.2510382
-151.4114811 -535.3239246 -180.835544
15.8128024 -433.8856823 29.79362638 R
378.6869976 25.4300258 2.110993275
-491.4649464 -326.4574874 26.22889325 R
-20.77077173 337.3298292 171.4827285 R
-59.6950463 113.7518901 -234.0301746
297.1231302 52.67331623 170.8678511 R
-81.52738788 -373.3475788 521.4841116 R
-391.6131795 483.5346138 -178.7919567 R
357.6970247 127.3256908 -465.5254126 R
-280.0718605 -26.64141362 -320.9517525
511.4964736 -273.3281288 -457.6321109 R
268.2754378 -249.1194826 -33.34318766
357.36029 -334.8403184 404.9044806
273.0779031 -169.7140176 -326.4248722
-494.5666302 -493.4536905 314.7602442
-119.8052648 -217.7650103 212.5871717
285.4272228 -311.2507673 130.5883843 R
-166.0242961 119.6291062 78.56851045
473.2948084 -520.4776476 455.4354905
-282.6440734 416.6439461 -226.928218
208.2587442 -347.0838034 -195.9781413
249.9438634 395.4927137 385.2557594
-494.9174755 138.7073607 294.2506864
-159.4666643 4.501125443 235.9348999
147.9628854 -275.4070511 283.8727211
-296.3303218 -380.3838661 365.1457711
-76.38071136 129.8017996 -346.9541522
-273.6750133 303.1126692 -143.3569553
-56.54062225 280.7978883 -336.1262063
450.8207134 -420.0158651 -245.3164514
296.6039434 368.9863 298.8427504
87.83367644 416.7529812 142.132875 R
-441.5394113 -99.70648301 103.6058418
-151.2240079 -145.6791867 319.4701558
502.81378 325.2192303 423.2581129
-191.2265078 178.3988837 249.9356199
355.3266856 -176.3921247 300.3801663 R
45.57398438 531.5746705 136.3483472 R
-238.0987833 448.1009386 -70.34201009
237.3428286 -42.40323608 180.7031791
469.7006332 -73.00308138 -516.3038891 R
321.1354613 -283.0222454 221.8762597
-375.646058 -452.7635542 -104.7422323 R
-221.0981631 266.5855193 -174.0133956
-282.2181884 540.3892581 160.6434978 R
-328.5872227 -68.65759998 318.6098005
-103.2056262 104.3019176 504.8602414
345.4301416 184.9873069 -157.6625728
493.4455159 250.2787782 180.7563211
34.93981432 -211.632557 -335.5461345
433.3129313 -274.7932454 225.4657055 R
489.5924253 -42.3271495 156.7894797 R
427.3638257 -247.886307 -478.6576204 R
-89.32203846 327.7465204 -396.1211621
-392.1081261 349.4410851 -448.8312435
463.1704243 324.7850686 -441.9083068 R
505.5487899 -98.70292599 -385.0082189
-528.2412205 -144.338844 325.3492383 R
185.0626126 321.7236964 -187.1496176
-262.4445167 213.8569561 234.1676595
-99.91772141 276.664224 148.8898048
-275.658209 -106.1573502 352.9323689
-269.6494915 -457.1613218 525.527655 R
-271.5838957 399.2953015 69.50441364
168.8101921 357.3338541 -393.8998319
500.9245637 387.645391 412.7111371 R
145.3086528 117.942449 158.2704034
254.4466425 211.1268054 466.7192019
233.1998264 -255.9111806 -292.9719826
368.0853099 -220.7265274 -383.3009415
-307.4503829 15.42794415 210.0744847
-344.1941328 122.1969861 16.28688606
-202.5880173 -133.7871148 482.662662
113.8095345 82.23370788 219.4787858
-449.6216537 -325.6594871 473.0009568
13.43740098 -69.90723207 -225.920075
112.6124745 -17.84987545 -526.9414088
-308.6047089 276.6252899 203.2534811
-248.4370553 -424.9986146 -277.491704
-113.632847 -255.6973518 -84.59128072 R
-84.93504175 -367.5251369 84.99643906
-422.0509089 210.4466694 211.8896578
117.1436025 28.54861568 -126.697658 R
486.0362118 -208.890733 -474.7839941 R
-39.44048879 -189.8073453 -214.6971576
-228.0696228 194.3629008 30.22871928
419.7274094 105.0246922 -498.9405508
-325.4817374 -306.4385749 354.8425207
-285.9031857 -88.88346656 266.9146864
-203.9999609 -198.0818197 -96.08438022
-166.768365 -248.0899804 15.15406548
-84.37522822 381.8703159 25.59558128 R
-140.649994 212.2430262 125.3949711
300.8991931 26.75306605 390.3101886
264.1583136 -521.9608395 79.52454238
301.7311829 -518.2476331 358.8658209
-376.7326457 -215.4289837 496.4630021
376.5506503 454.9546411 313.6902679
-199.3712361 -270.1510241 -376.3311614
126.4355454 184.7972702 78.01737892
68.03443241 22.49804076 -311.9382147
-279.4666054 458.8959903 374.4521041
308.75309 107.358701 459.4938418
-466.1044256 -56.46640065 -398.6095675
-32.76991233 -213.9212209 385.3694976
-306.745791 249.5837891 497.9986989 R
-349.034227 225.8865315 -504.1794593 R
-300.2000062 253.2412481 165.7639493
-411.0329338 63.8086616 452.8429371 R
481.7125867 -101.402717 469.3610077
-264.6240762 -464.4205325 -182.5641889
382.3822465 -536.8353644 -64.44359037
205.5331913 420.0281498 -220.06484
410.8079545 280.6173484 167.802897
-361.0366257 -60.98697527 512.2910408 R
470.8251944 -133.3747917 103.537996 R
443.4263064 505.8650418 -401.96882 R
147.3579164 317.8929673 70.81579119
510.4654251 230.9844096 -322.5654677 R
-189.0031885 -301.7221936 452.6198654
-390.4317035 -359.7010027 325.3700696 R
511.2350538 258.8025543 -246.564639 R
55.68708434 -49.9038623 -304.4032888
135.9158367 466.2134288 258.2019972
338.7202874 -514.4593508 -9.616781275 R
-171.6005699 -366.8613019 -384.740391 R
-500.434182 -171.3875529 228.4007087 R
22.66117092 486.2259646 -279.3460938
121.1997805 192.9512677 -27.43573481
-42.30206691 -43.44801541 -362.3396937
-250.5695435 348.670588 -338.0279052
128.4474222 -292.4804127 386.2602943
-355.3099963 313.4787644 -524.7494253
-61.92744717 460.1045919 -388.5830851
-382.8229403 173.2230204 -30.53055269
72.06882208 33.32085104 404.7410317
427.3373435 373.1473848 -379.8452282
502.2419678 -348.935133 99.02691385 R
486.594274 285.6909831 84.92082923
156.6934465 231.6944163 434.4605503
123.1556596 111.1515162 302.4145416 R
78.50291652 208.3665 460.3163961
457.0237758 -419.3553277 -213.1853606
-83.36087051 443.0129027 366.6886002
333.0310437 220.2760564 -242.9414332
-389.2802742 342.2367325 -542.9887681
445.6092803 189.1257292 396.3994383
-280.0933847 -155.3361964 152.0145595
136.6304959 -0.03481766088 -99.46191457
-306.209833 -49.84738143 367.2411925
-284.7344787 409.8155135 -49.61234434
-334.1909274 -30.4065384 283.460453
401.2706261 -182.3613539 -291.719933
489.6959206 -329.9012992 -181.7651836
339.310535 -412.7081409 510.2849165
54.4133524 -466.913552 421.4713491
-271.2703077 256.8617797 193.9853309
-372.9507593 -268.5422012 -401.8323477
227.3713645 -309.8431852 -432.5466386
-348.2624149 540.1028305 318.7150199 R
-512.0233553 98.24572372 151.9481836
109.0630647 513.3580391 118.9931803 R
102.3923601 -149.7645132 459.3003302
448.392226 -9.55642629 -153.2809244
-279.7254129 204.2012806 -37.14974161
-497.556468 -277.6283568 480.1591997 R
-300.5862119 -257.0576281 376.61889
59.13769715 85.1174709 -180.0144462 R
109.4799072 39.79385076 -64.95327676
-539.3669796 198.6291528 121.9983685
240.3559331 480.9901512 -400.9332395
-510.2909065 54.21133098 -244.7054611 R
535.2268854 324.9888053 -79.60455046
321.2263841 185.6093415 -290.2205726
-38.53064738 -411.3433137 -348.227568 R
28.07512198 -120.312361 487.8365098
367.0984973 -339.0069113 -259.8798637
40.85601046 244.9841726 -426.0016223
-264.3937595 229.0383701 83.4295855
537.7406073 -471.24513 -170.6985925
-308.0851927 -275.9330269 299.276587
-244.9870216 -472.4696091 -457.6476008
-365.9128989 224.3008949 164.0582555
-521.1784297 206.5755731 118.2286451
-441.0545174 165.541164 78.86530269
-11.10663471 426.3886048 217.6565128
459.6854061 -146.9535477 -504.2150297 R
501.4032637 -216.030139 -381.6641546
460.9033184 -392.990889 -460.8980215
-478.9179085 -24.35471653 -35.65854899
-442.7539139 114.4447088 19.71704636
277.6291898 -290.811124 -239.7651557
41.37853401 452.1518477 -352.566335
512.3798888 -184.1341287 236.9525417 R
-382.5716145 -422.5783145 -465.2306534 R
402.0219801 249.0997444 -464.308639
-54.11027943 -285.7201142 481.0255844 R
-432.8477008 510.9454769 340.1043694 R
40.20031259 -132.0239718 165.5651891
406.8704407 313.2098572 -491.557078
86.0660436 29.17695297 294.0724314
-485.0761082 496.656818 -342.2827054
-82.22670374 -44.34077793 -267.2946298
311.9707155 -49.24605862 349.1469672
252.0796893 448.188405 -447.4820014
382.5452258 -150.9274267 -291.297849
-420.3486153 374.8820624 311.5700224
116.6139213 158.036758 -472.2794132
341.5843316 468.6225385 156.9361361
237.7088244 358.5056217 -402.6005168
51.49500135 52.22675715 382.7006751
-143.9324471 240.8337922 -187.4592273
134.483827 -283.3463812 174.5267566
523.596572 111.043637 -186.3258768
144.4366758 321.6125995 -223.6193219
301.5321655 104.344697 151.1895989 R
41.37120551 -313.9231275 -252.8871359
-136.6539148 -211.0059503 -346.2186635
-156.6090935 -380.5272531 112.1442136
455.6059869 -419.309682 -168.0520616
-78.51032374 441.487608 -10.91929254 R
-501.9788371 72.68704902 127.2301439
-63.73426202 240.828926 -358.7228143
-344.1451949 80.78517039 52.77469982
207.7120976 -405.5120938 456.1559355
415.0890716 420.1684484 201.236697
-464.1550103 429.1009975 425.3182242 R
-117.5018092 306.2312777 -319.6405651 R
175.6385065 161.8432914 -414.6191835
75.83145493 396.9199729 -539.9225147
471.1316211 183.1877359 222.6446033
-479.6217069 350.0393771 336.1160177
-204.7077727 -49.96311898 -472.8612744
1.345553179 458.717817 -183.1034272
212.0020535 -490.6458926 -225.8516146
-134.895323 -376.593669 -282.4638145
439.2716862 -264.5545729 417.1193854 R
-394.6547906 -342.9024801 -84.25369516 R
13.23641548 -70.85115812 482.5907393
465.5245013 125.2751087 -365.6629903
64.10413299 -137.2500402 98.81883967
-391.05191 -277.7892866 -49.7795224 R
324.932619 -347.8390169 292.2880527
119.2278458 -219.3835956 -350.095019
-197.7765759 -33.40485175 400.0576459
-238.1471166 196.6717891 213.3765738
472.5111471 161.5513746 -64.30028916
66.04279961 -262.0806442 431.4014947 R
-441.7891423 -311.3507405 502.9548858 R
-14.24734555 -8.100746516 177.8809898
-223.589535 -373.8035703 254.9736728
-195.7707115 -436.5556408 20.49705984
344.4546662 58.72636918 487.8685289
-333.3993659 -128.7521774 510.3162245 R
195.9490842 94.90195051 340.616378
-16.23209126 -41.2960334 219.3687377
-335.8627958 461.5158608 77.44274494 R
493.6953119 327.3150322 350.2077359
180.4282482 298.7562606 24.71938058
260.7936393 -192.9225117 -412.0564958
-539.4240979 -110.6838047 -416.4629592
-100.787843 360.5649346 89.23140083 R
146.6692022 227.7614923 92.29371455
473.2072337 45.8855194 -147.094442
-195.0546744 -177.5335732 56.69070233
-190.4092324 -430.9848828 275.2269128
-324.8121282 6.019790076 139.6067923
-372.1110713 493.038698 -118.8832672
-1.537624665 414.9665567 120.5970968 R
315.8380588 -70.74574365 390.6485867
-364.2324468 250.3372047 -98.47541227 R
317.3428506 -297.7851568 128.9000845 R
12.07637305 480.2619019 -93.18543919
-60.93054112 328.4006776 213.6984452 R
-226.3291228 -413.7742364 -16.53621181
153.7306182 -170.9193138 -226.2551737
-421.931322 -495.7196183 454.0848805 R
-177.3935989 189.9143034 459.7326937
-229.8131316 -80.39288941 468.8940345
-211.8083258 -387.1077478 -244.85355
14.81820748 155.7734646 20.28722267
-478.1612328 339.7782351 287.0829806
479.4976691 -519.3452233 333.5113036 R
190.3729681 302.1147241 214.6623293
-165.0119512 118.4224325 142.6661067
-112.5903789 436.0805164 1.37023992 R
286.6028578 328.2647781 -530.0882673 R
519.016757 -464.3928464 501.2221761
-80.09456805 246.0467969 -10.00549156
-507.6504385 -334.845932 -287.3228011 R
333.506236 -414.8122034 -226.7722747
4.908231599 368.046639 27.04151856 R
-387.4998184 438.7839037 -123.2533762
-117.0299797 123.0144845 -440.9311235
100.0727123 21.81926323 -291.7526439
16.93836027 300.24869 -108.5427539
49.71516625 344.2163408 -179.449219
-277.2305411 241.1131053 -425.9536134
-202.6358301 136.2829516 72.40495438
-459.0246869 326.4784557 41.80690987
298.5585898 -391.050898 -436.2600521
-484.6857119 -118.0998724 531.4629158 R
-139.3650887 -203.1730463 496.1352779
56.07494847 -470.2296057 162.405873
357.9380737 -356.9531705 -380.4946279
216.0933288 -29.28448453 277.2732777
232.7217251 299.661304 -391.6807841
-300.4904403 -125.3922985 256.0488425
93.05836645 -261.0969771 -136.0071579
-491.9356446 49.47501656 129.9479362
50.15179276 -110.5096 127.0159852
-308.298344 -297.4796647 -112.4632897
-447.7847331 450.2397062 -400.6300992 R
154.4748727 -431.2265986 354.9957648
307.1511656 -451.687492 -297.281446 R
-374.215826 168.6999743 -3.620942243
287.4755074 328.69448 306.935028
15.09002859 -458.2120476 410.5326137
-478.1686533 -206.2117581 -484.535036
-170.6894166 450.1573575 427.4685923
495.8934241 -357.8382092 -18.86288583 R
-8.817020516 43.46306091 -373.4619215
-0.5049355685 248.2731173 232.9629277 R
303.9512081 -46.3792584 479.1539982
281.1590331 -136.2209934 425.8629982 R
131.0772542 421.9523728 -2.467473974 R
111.0450932 409.8329735 157.9842321 R
-461.0158406 281.3540179 498.5316432 R
290.1278603 -135.476036 508.0069341
-491.0005481 15.03099341 441.5753807 R
-401.6890964 -368.3715314 373.4291327
60.64383858 331.2014045 -320.7797894
211.3048196 -321.6455754 -435.9963136
205.7022195 -226.5041762 10.35509267
335.3360837 266.6808758 7.785738115
55.22377377 13.55579195 55.93705718
165.7934612 144.559913 376.0297583
-140.1736284 292.9109587 514.8816516
-7.491368216 332.3370659 -520.1727966 R
-478.6844341 479.4954635 -151.2293543 R
198.2247476 -548.1440257 -107.6017266 R
256.856356 287.8750354 -406.334611
-523.5056021 185.539193 173.5777996
-519.7129193 -282.8178726 -94.84383563 R
-303.6503852 -154.1663651 47.49732305 R
297.3957763 -521.1612117 -280.1973787 R
-68.39328934 493.6258453 -276.6547927
485.1364022 -437.9109606 -456.6145642
201.605908 471.0459768 -294.9280421
98.81838852 -25.01657351 -304.9525625
-511.6630856 -46.61918591 137.9205535
-393.7375195 85.45323557 -0.3006020804
-385.0257082 -533.7060238 -370.08402 R
69.72643058 19.12276372 203.2454806 R
-230.4049539 -29.46387845 432.1945403
-126.6953666 -50.15239577 36.17494468
188.2414343 -54.21321559 355.8083191
-526.1817438 84.21042552 -66.94568174
256.7728934 -129.0498378 23.62736994 R
475.3899288 -526.4983951 -165.1735939 R
524.9799142 -9.986567332 412.0664739
-77.33560492 -437.0171409 -452.9315184
-216.9676437 -228.4438857 164.2385359
-1.788811434 423.3669195 -58.73760492
392.1396007 104.1136068 33.78366156
-369.1195272 -191.9174657 -251.8465677
-394.2515972 -243.9095005 -470.0070921
101.2401804 -266.5347194 228.2356423
297.3183759 -229.4786035 -61.06995103
180.6918048 415.2123398 -456.6184472
253.1755377 -241.0391783 -94.25285507
-396.2710561 263.2335554 19.97791807
124.9644922 -161.7538823 -15.70778597
-417.0277514 0.9052084371 -413.4301277 R
-326.9879784 -206.0137538 354.7764022
-449.2322943 495.7316277 405.7526327 R
-314.4703615 25.57100291 509.3189348 R
121.2711853 -143.599784 -516.0664344 R
528.0380977 514.8248804 -23.937288
170.9611373 -234.9190586 315.2295747
-9.039271976 18.39915315 -227.5446338
-439.5093106 347.1261828 40.90157917
379.3571931 418.6281199 -235.9842073
528.1402231 -167.3251809 -474.5081019 R
458.1701183 441.7882268 102.6672205
-175.3311413 341.6275016 293.07833
124.4646058 118.7375385 -228.3610921
-449.8675473 114.2618489 129.8827534
-94.2034604 -228.7412036 62.14966843
89.26610943 -486.8104072 -3.244591934 R
-194.7039217 -158.4597343 348.7165628
257.9824531 429.8454454 114.9848615
120.1824082 75.95927219 -161.9580082
-110.0175554 142.8811412 191.3792418
-512.7530137 -110.8350476 103.225757 R
328.7538657 -65.75319021 438.4225794
417.2547046 458.872175 -185.5329414
469.3891703 151.1356519 -521.3631108
403.4170461 -499.9253986 -165.1635592
214.9299312 -187.8286738 -60.16730528
74.31380336 213.0862605 -451.295687
317.4228465 293.3442543 26.87711415
5.207275889 -49.75186679 112.5456667
74.84555744 189.5378614 -49.38376125
-503.0442183 -119.0146874 412.2761323
333.1637195 492.4189658 -96.5583035
-134.8239422 -448.8435857 502.1266577 R
-322.2398587 -374.7329262 21.28631333 R
-169.1637418 -189.458317 261.5509101
-113.9335203 479.465759 534.5672322
423.762934 463.7629225 284.2969805
-362.6679744 -484.4012183 -249.9969663
314.6303274 -425.2594186 -8.157527941 R
-277.5177858 -186.4186659 -337.9798905
-188.2096015 94.41138041 238.2254824
331.9313078 -514.5964545 108.7568729 R
339.8778872 238.4538351 -4.245155602
54.38138998 -111.6361919 155.3987625
461.4765064 132.3725236 -296.3184244
88.06311988 -516.2126406 79.91909348
-428.4891668 185.873368 -197.4747671
-262.9309413 -298.6668505 -116.3118076 R
-473.8513459 42.48519098 141.7234844
-127.6609542 170.9754502 174.569963
141.8263161 -501.5146744 -190.8461219
-97.52531708 46.58845495 36.76347659 R
214.7827273 -395.0236275 480.9929637
531.4232491 533.1445619 -329.5558847 R
65.053235 150.5005229 119.9220228
196.3731215 453.4563866 -17.45009564
-425.0868249 36.94504972 -37.76785777
332.4987796 140.042277 -179.9740718 R
530.1316168 -365.8647048 155.3759432 R
-396.4801057 35.79478734 -345.1199635
-482.6272822 -168.2914105 -109.4194139 R
180.3465484 -38.83515714 -140.5105874
-476.359721 -166.1767732 270.9165573 R
-200.3122784 -317.0720878 -209.7664431
285.2851577 -158.7832733 -317.4813651
511.9673529 200.0626537 85.21596255
259.2442832 -278.416629 -484.4834269 R
-327.2880141 -492.3158055 -514.2657319 R
-203.0049382 133.2223854 70.4463675
-197.3801116 -14.85795949 -20.76360087
-533.631741 264.0578027 40.79389174
-494.0812541 142.9161953 -160.2490658
-143.4251667 -409.2140133 -121.0481864
-389.4253402 -240.931946 40.07367328 R
118.0138969 96.2094008 -66.44608463
-499.1875319 452.1387538 -303.0506582
-471.3882809 472.9365938 -46.45907317 R
508.5769024 321.0481446 144.1649713
-449.2491285 419.5692903 487.3380379
485.3798651 508.1742784 65.63848524 R
434.4561276 180.5387945 -44.04226432
-303.8535072 538.8370094 -482.1297986 R
-241.4829197 432.7763502 -29.99039654
118.5278854 -302.3102921 336.1979633
-182.6668775 -310.3864543 -450.9879536
-293.5824504 -476.5526606 -90.39771272 R
195.6213709 -495.9712581 -250.9734483
-353.6348503 445.2135819 -8.802764659
22.30422515 -339.6631932 -149.0602321
-231.8800005 -139.8078783 -50.49624913
15.30935722 -0.2964527123 188.9098723
-162.4870267 63.83707281 344.1067456
-17.30937255 -361.9444192 432.2690972
500.7523118 472.7855876 133.79147 R
-267.7091604 265.3850804 -46.52059668
-328.281891 -493.9444356 453.9192893
-113.4314174 -115.2150727 -239.5498792 R
-142.2046479 -52.81495235 -58.06412432
395.5861746 -450.7124625 324.7255332
134.6603542 130.7719807 -421.486802
157.5590565 288.4270848 -62.39626704
500.5890895 -204.0889806 504.8203844 R
6.870043214 476.6629671 -367.9544943
-435.5034961 28.2015664 516.5686896 R
182.0341288 -214.0759143 -2.742465025
207.1882414 -95.66108505 101.0772739
-283.9044043 -474.0045999 -2.050780215 R
342.5958813 -479.593927 230.5213437 R
14.87639774 480.3240004 349.2215359 R
-244.835829 11.86550173 188.8733166
-472.5678078 -476.627868 -273.9748836 R
-404.7716046 -187.9711969 -265.3885236
-100.9947548 -446.0670682 -8.413022932 R
-185.6432765 135.8861607 -180.887684
180.8595895 -343.6650289 -175.2063291
-501.971969 -475.1256807 -1.229355535 R
461.3488118 -187.4103549 194.3803438 R
152.9953501 49.48166995 410.5933647 R
148.9269343 61.1379338 -474.1046791
-180.3750827 -89.27844714 208.0715944
465.3540451 -210.8958853 251.4122988 R
93.12416289 461.26299 328.5859154
-150.8405023 213.0158217 409.27143
173.7724801 -514.7839261 261.8633353
104.3840739 -508.3637163 -138.1068671 R
282.591866 44.7505632 -296.0449106
104.4414972 -60.0368348 -259.95442
-393.5440266 239.3652421 373.2597153
228.1736645 435.5077368 335.6520303
529.6508612 234.2319729 49.08564469
-342.5747433 6.839692998 354.7479042
-338.3594191 -337.0789778 399.8664716
360.2255407 -131.0372404 -126.8032983 R
464.5315059 -107.0925501 -289.3322133
470.6317531 -490.1712322 -447.5993854
131.1499048 316.5535975 441.7374507
-313.2046926 393.8498081 -261.7410148
-146.2295917 -525.3129359 -267.2544588 R
-9.961724532 -10.27754963 -226.523432
-362.5797987 -60.92158133 313.0771613
-281.303758 98.87963151 -40.9463437 R
-204.2285233 278.5546707 -78.01237638
513.1150136 2.21614202 189.2403462 R
498.4149369 489.1297043 3.924119319
-375.5901865 -306.6831958 269.4939236
-354.0517111 -150.5688689 504.1612329 R
-380.4575256 -38.829794 -405.799305 R
-225.3140845 -182.9697298 -355.7363581
315.9156089 84.78893292 284.0835678
-76.52412434 -381.9301309 290.825298
128.0481369 287.4781332 207.2181021
397.014979 -424.9430982 234.411545 R
268.037563 379.5553208 -52.03634162
185.4016846 -406.0071472 -132.4532658
-33.99608415 384.9862172 -43.87632137
459.5165505 142.2630233 528.9951849 R
20.61005501 113.7663824 -405.0341397
3.749280844 471.3432891 -460.5576206
131.0148313 26.85992471 437.7469768 R
247.5648031 -54.46216772 -513.1316098 R
-34.09788649 -437.847969 -295.3424876
27.92027214 -163.3310277 268.9998138
-67.98574014 426.2449868 355.1151605
505.5886943 505.8404273 -336.9575038 R
-72.15736132 -177.9311982 448.3888451
-448.364075 -110.9032326 507.6539216 R
95.48048837 477.8733142 -418.0777641
277.2028885 340.6103454 -345.8777532
-216.4161243 465.2945803 -317.3839674 R
261.8337235 -32.19278444 368.131566
-397.638091 321.5216332 -306.1212006
116.726468 -148.1066319 -430.1971573
-298.5988515 32.69536606 -53.55180901
-25.00341116 426.6318041 -327.5216413
435.7752962 -253.7761905 333.0325178 R
142.0448319 124.2579345 -26.23470958
155.5391897 454.1837565 -303.7250891
-191.5953936 242.2753754 319.3159998
-325.6115698 136.3651108 258.7663565
28.91960539 163.2381988 -475.8422919
270.6997835 -518.3860897 220.2343548 R
-132.3360679 -170.2522222 350.7232134
371.2659858 176.7317003 168.0289712
-202.5366406 222.9186197 -297.6088834
-217.2165713 468.0383967 -73.37895602
-445.0019764 233.3047441 -190.276251
-168.2335325 306.4654972 64.10783196
377.8379022 20.0275242 275.0153803
260.7463539 40.14390275 -389.4939579
129.2952488 -88.36044221 -286.8182132
-255.0569531 151.1845275 212.8165875
-69.27775454 -376.2059039 531.5258111 R
83.19821975 79.55721988 415.8930528
-192.6857898 60.19320901 -164.549269
43.03903384 -389.4605711 108.8185679
-6.409434549 -125.5246792 -514.5997699
-211.6041779 -318.5791468 -121.8762194 R
36.53884359 -459.1842601 -24.12287851 R
226.4302175 75.69523957 -15.7485233 R
89.76484136 174.6879546 114.7775333
-224.0257533 -198.9213872 -503.5957309
-465.8407165 -269.3059634 -463.5916007
463.4489571 -436.864672 490.5640192
52.56072077 76.04640066 -425.8926229
396.8316789 -8.007829015 -278.3745754
293.2766092 371.7342489 170.7423235
-467.5025592 183.5408051 -336.2416264 R
-322.2649516 496.9934884 -58.80577831 R
-6.114369157 -413.7044331 412.0149442
379.101642 455.6394453 241.7042986
-315.0500499 527.4686913 22.2721094 R
-36.39338819 502.7582685 -430.8299818 R
128.6441657 352.8585779 52.99140174
285.2595745 -21.49907389 440.4614328
-123.055212 132.1198615 145.5140875
510.3739894 -99.03418749 -260.1231017 R
-13.88868149 510.8671317 -524.8535173 R
-177.6499917 -126.4436719 -171.6501838
-304.4089802 448.1288977 -133.0961222
-491.3112231 505.4525014 131.0742758
-7.573101405 115.656063 -329.2612174
-153.4801792 194.3217723 -207.6689637
325.4416217 333.9310745 -473.2752466
398.4328769 243.5595296 -28.75466563
90.6510788 -369.5753047 161.5007835
-520.4140266 462.3625554 -288.2029793 R
294.0442621 369.1293587 -16.2818823
-244.22014 519.8062485 -412.4824674 R
-437.1839147 528.7378498 403.2537049 R
-31.46956342 83.31167999 502.3149516
-109.1892677 270.1343777 223.9300027
216.728991 28.66093356 -181.4417363
-13.94590274 -479.4587763 -124.1513107
351.5858101 492.405008 145.4251412
-127.1226522 -449.7746665 -8.025530231 R
-428.8218842 -213.1640138 304.1203459
-46.7463689 482.6239073 -228.6083531
309.2906317 -429.6939282 277.0100574 R
-339.5160434 -27.03463859 -227.0942065
172.0957685 121.3464581 -216.0199138
-230.6924382 -40.96446544 -283.3454226
472.767103 319.4743319 54.51722363
-66.82214909 305.7370302 151.7488942
-168.7828242 337.4472148 -89.72928976
329.8804254 124.8089193 -214.825826 R
84.15237049 -9.362201805 -375.3566592
-454.0843108 8.821511624 105.8924486
178.9764101 141.5885992 -365.1093932
195.794692 397.9889562 253.7105165
-40.21848071 409.403321 -493.829263
152.4207201 -504.2187414 59.41984725
3.573010378 -196.2213294 203.674419
-374.4494377 -281.4308137 474.9719896
-326.7631312 143.8252169 -94.65020358
-316.9577992 -110.419544 88.72970379
138.2788764 -77.40568637 -267.0263729
35.85432217 -48.74522911 493.8142389
-248.1004714 -303.6035186 191.268807
204.5829967 -67.66770541 99.81538393
59.19438235 -395.348639 205.6470998
-194.566153 161.1394865 417.9839694
79.79907242 55.97803213 -431.6165803
-81.60338944 -546.1887783 -487.8387953
307.2693951 474.2481669 -211.1096655
-130.063593 496.5392905 276.7929347
-194.3761889 172.6170358 225.1082663
355.6375489 -172.7330427 -119.9315142 R
127.5043089 -456.2189594 423.8419313
225.632746 -310.9084326 243.426874
-479.6949334 233.0916785 -44.42847217
261.6750423 -517.8298998 -490.6161293 R
-413.921425 310.423989 85.42824208 R
442.8400632 -135.948822 -429.9820188
14.81806144 362.63549 -67.86438181 R
418.010548 188.7289688 -195.2491141
262.4290409 -235.0698146 -493.3465475 R
-457.1292512 270.4506489 301.7784073 R
416.3238829 88.73671564 -39.65502233
-312.7719158 -4.124246721 56.44471292 R
124.4958097 203.3645163 125.0789737
430.695681 -197.7985524 -250.2695645
253.6861266 -495.4916482 489.0306056 R
-324.185344 -90.62853668 -492.1236589
-9.127558613 -7.302864041 123.515599
-393.4291669 357.2667089 318.5824
-332.2638945 272.5272692 -92.16207379 R
-494.4808675 -213.7093783 -54.90199046 R
-51.80761324 -414.4639616 259.8451863
-468.2513182 90.86764165 16.31204541
420.4389295 30.65695183 446.3224714
-472.083714 148.6650154 425.7609774
-288.4256962 -496.1566586 297.609317 R
477.9567678 -80.82235726 511.6148135
257.1401853 -168.1083889 -138.8981186
-74.66029592 -277.7024481 -275.1779952
5.426597878 537.8418342 -40.56703506 R
-231.6171904 -87.33433071 384.7433798
-309.7178809 -292.957593 137.8923241
2.306055214 -293.6654461 -440.1730973
-105.8880634 143.7187203 -386.2385665
295.0116819 -200.9447347 106.2559488
78.01883802 251.9649176 -157.9010157
280.7478527 23.13220595 92.47792749
313.3191932 -18.71599321 12.90940859
-32.90128462 175.1657988 293.3055627 R
-190.3892484 458.0649748 170.5270227
353.08935 436.4477172 88.18661614
-233.636257 499.0567838 -517.5592576 R
211.2155702 -362.4183777 -296.4469092
340.1889391 -429.8896653 3.519961582 R
-248.7456555 -493.5973863 439.6136039
-133.5161202 239.7143114 34.28757074
-166.0850819 130.5177944 427.8578742
-52.11907294 -125.964032 217.2447674 R
-167.7887652 56.18962192 -486.8044733
237.4629427 15.22769985 495.1543201
143.9822071 477.3916374 -102.4234598
271.1528519 284.0283723 144.4683344
303.1801893 456.8827727 -71.37669296
-129.612996 340.1856461 207.2795178 R
378.3702085 466.3366424 -298.4697215
-518.7044042 56.76191677 -422.7356489
159.9513951 -26.87733558 -491.1581231
92.24102475 29.99063218 -443.7116277
407.0375499 -101.9664483 -385.9855609
392.4068597 -367.5368061 -58.51755892
197.6953793 -146.36908 -188.2165667
18.11408296 -398.6035389 503.763447 R
-104.3828622 191.1350674 305.4232476 R
-424.2185186 -447.0110322 280.4531978 R
441.5078051 -393.3078501 92.84879404 R
2.013611161 214.8696775 340.5982123
185.6536377 -380.3575589 -226.0200419 R
-495.3337463 -294.1896891 243.2685251 R
415.5858526 -328.4418748 -222.7380909
-203.5181806 365.5722327 -8.601457611
-203.59238 69.63048484 15.29778934
340.8264062 333.3357529 -117.9716682
-221.7855649 128.1705816 -140.88697
432.1292895 373.7443737 -388.5917629
14.35895384 -459.0650826 67.72703264
191.0948236 239.2907412 -423.2217946
-256.2286517 -179.9585132 -244.1610603
353.8939734 409.4808809 491.0539095 R
-162.172425 123.2408063 -25.2176515
8.046962528 -154.8955618 -463.0214715
41.64966345 -45.92433493 -339.4163834
157.7061249 196.6945713 60.91582475
-452.6411444 21.56684128 -320.7326435
-429.1030845 230.7226902 175.1546892
311.3385727 233.1787936 509.070646
249.2809005 -253.0710197 -241.5283475
-142.7608741 403.784428 261.4351701
487.1933648 -501.8854904 -328.1763715
504.0852278 262.146183 280.0466449
58.96850005 82.09350322 34.93244763
-491.062101 84.67034436 -134.6018803
446.1941344 -14.90499981 436.5727909
503.1927513 -223.6074495 -63.18039994 R
18.68551337 -324.2613947 18.55008624
-173.7070428 -219.2410077 -219.0989491
-457.9539944 -273.1096014 -109.8423032 R
410.1025283 -152.497499 -497.8975496 R
-153.0222482 -30.91962761 -257.0109438
129.6776106 538.1455187 -466.8917392
-52.11476015 -110.2168852 -45.46193322
404.5607113 75.96303106 510.7266951
-85.49083732 42.41541839 369.6096193
-137.9594062 -528.4540566 204.3896714
-235.9615056 380.9296304 19.02892449
-56.89658847 233.9459205 -95.15938286
-318.0993945 -81.96848812 217.2890124
83.33620812 -36.21966299 364.3023195
390.6127829 489.4740798 -51.40824099
-436.9777433 20.98890972 -29.64454782
-43.89923572 225.2175737 -405.4794458
239.9619417 -208.8355506 -91.46641863
144.8437617 -92.8280851 472.0839021
-440.0509386 -258.4304446 63.35650399
-63.90568824 406.1920409 -314.4828702
-484.3997366 -250.722398 344.617064
18.80052135 148.3657014 -14.84578123
209.8902298 -252.4399107 434.8460532 R
34.79906151 -102.4923673 -457.8900763
-341.7170478 118.0680124 337.724767
-136.9365623 379.3667402 445.9027825
-482.4732453 207.5670358 71.51992385
-507.8700196 310.445873 -261.4088041
-495.9715114 80.80218291 -2.566779201
198.9192059 -225.6137962 150.0278949
-101.8204785 -351.3470055 252.0856363
474.699839 -192.3407013 -202.8821046
278.6261566 466.2437408 -397.9590755
-517.7316329 -2.957697688 -244.8032857
56.22059512 -388.8905727 342.4899339
-78.68923384 -477.0833345 -487.3329131
-22.24642068 499.5752224 87.16323353
-539.1481578 96.32291543 -43.99878842 R
-211.5118984 57.12230973 -412.6557428
469.3817893 -32.75593279 -134.6811964
-269.8226285 155.2218823 -113.7071162
43.38754141 -64.68086627 -276.1551544
-171.4262419 -133.2938163 236.2233617
-106.8399583 394.9791949 -385.4716025
79.93501131 246.2636648 -434.6558914
112.7216908 430.8577696 -118.0600404
48.31622429 195.0728939 -306.9024202 R
258.9303244 507.0762445 244.7890269 R
-268.2198803 306.4604576 -24.63213746
448.9193695 -349.3048848 425.1042195 R
-57.22535217 -16.80304156 176.3903552
50.59769141 327.5457155 114.4594374
-222.6699604 11.42778074 20.55077248
-9.727807565 366.3595524 -99.01025292
-401.4357215 388.1781355 413.8243348 R
-221.8567275 -100.5878572 128.8510482
-317.6646133 -190.7981961 -31.59980843 R
408.9353507 50.08340188 520.4828965
478.1919911 28.04524485 316.0944696
-406.2090208 -65.58941638 31.23478721
-169.3593933 223.2793561 449.9767372
-88.55050299 -328.9263535 158.914337
-500.8559571 220.8459629 -356.4233532 R
193.7734457 489.3867459 424.018649 R
279.4525668 445.3393571 342.5414757
-328.7375961 136.229439 469.7725122 R
-207.3950872 -303.9417503 -343.6221093 R
-313.265795 359.6902535 -475.5134915 R
-487.7225208 -396.4143344 140.2574035
420.4240248 -403.9035346 395.6703107
423.3793791 -516.5212159 293.3543247 R
-171.3833341 -383.1302769 48.97208785
-21.86126709 415.5070815 -325.0610416
-420.9329553 233.6624216 182.0082552
-211.8609474 -464.6084332 345.7109846
49.20986564 109.3330585 280.3153661 R
293.4283102 -26.41821839 166.1357242
264.9757105 269.4148293 -446.5335263
-202.8734271 -116.3945522 -391.1743462
-169.6556966 -528.1589934 -138.9358254
462.2465846 122.4677053 20.77299193
-112.6763398 -345.855224 -232.823839
250.2225061 -217.1900226 517.3551834 R
491.6690101 -108.3807391 -153.5191025
-424.8579643 78.45160607 -18.75998715
9.469120564 239.9900136 -532.9828809
-253.5807739 507.517058 -151.224748
364.020016 -29.03987879 144.7176461
191.8425567 153.2763832 454.1484236 R
-283.1886796 -253.3370935 331.2545029
-474.8157769 269.1041886 -190.0005506
-140.4570846 -271.3336522 222.0944466
134.0771722 192.7047308 10.35686241
-95.80179887 -514.7377623 -43.6680312 R
-17.681272 108.1443151 -8.666043884
234.2293956 -206.8864023 -298.4108495
-491.2310034 346.367486 110.5805925
-483.1832858 -65.79752815 -219.8204884
396.2123434 256.8724778 493.3924948 R
436.4747914 436.8890247 470.2789513 R
108.9938114 -306.7899449 416.4027076
-430.6214813 -394.6221524 -188.2455051 R
-213.9117914 244.2991907 366.3395127
291.4651743 110.789845 380.6773982
-153.4396201 116.0945103 -225.8930487
272.2006676 327.7795844 -258.4667933
-164.383344 -467.2097025 -108.9856426
-155.5716614 -363.5799485 193.5794813
-34.79431392 110.3081015 -295.2147226
-310.4592807 225.5967068 398.6855214
95.70207913 -164.6839117 -227.3031694
-383.8760448 106.0792839 62.47371049
428.6258795 -449.8057702 -201.6226313
440.4452448 80.41168258 64.02963444
357.6563206 -352.6726139 -122.8840891
447.3845624 -375.2100969 423.2292469 R
222.5265616 -98.81970558 -384.9996676
-117.1574977 19.73434209 483.6927674
-259.3193947 66.28902364 335.4018067
-21.34966238 526.7939959 -220.0921992
-356.6432296 174.5756187 -99.65326313
-285.0656513 -284.0621284 -138.6992077 R
-459.8011874 -207.1006406 -246.3857532
-356.4910259 -448.2531931 529.7830729 R
-400.5920705 -257.0559754 -25.797174 R
193.3939909 449.299609 -292.4863663
-394.4127203 137.5201875 192.0087882
-487.6138626 125.3715224 410.4056596
288.955632 -221.2467034 -504.6414691 R
29.51445504 -309.832483 127.5123809
-143.4048719 -307.926556 402.4501734 R
-354.994103 435.6360232 334.7514528
-312.6767072 83.17036791 180.1057392
-384.0656382 -83.52187817 -216.7799065
434.2966561 366.8222685 285.0694071
-485.9244894 87.65844061 43.42816528
373.0780061 124.9826096 73.27904846
-397.0790749 132.4753392 43.56425812
-189.0388615 269.1871019 213.8905973
-455.868351 -516.4357514 409.518801 R
-38.55028443 363.5254869 -202.6301237
7.691472591 187.1408132 115.4653504
298.3256443 90.51607785 94.6063767
-349.1195926 257.2206068 199.0467346 R
34.87987874 296.6586302 -397.993397
-172.0132395 204.4934241 266.9119029
224.8594741 -62.69489312 -489.5535519 R
-514.1323253 179.4784231 388.2108184
-351.7418972 400.6943867 -351.4254244
409.9672297 -429.5625449 -442.8957066
181.9846693 -256.724002 272.2221063
-12.37068897 -38.10899697 -211.3399395
-488.9794766 -28.32929992 501.1211585 R
-27.5943748 -418.3876504 -402.8178988 R
423.2738707 -528.4278112 -110.1561032 R
-455.4077252 -341.7086293 -294.1485253
345.7584922 -427.7650558 -270.398286 R
18.68769541 -122.0366703 -498.0911063
449.0389775 -362.9688197 444.1444661 R
-171.4843918 116.866171 -86.13286989
10.12721571 304.7682581 8.797978109
454.9120735 -372.8716508 448.9297572 R
44.48588629 -25.93761063 322.62886 R
405.2294977 -445.2765895 199.7851709 R
-456.1400697 383.538145 500.1613304
-118.8253069 162.8816185 -48.40699279
391.9010922 -219.422484 35.22683069
422.1105351 -358.937073 221.1720807 R
-197.8240279 14.82257368 423.8912273
-114.9857084 -41.02299521 526.1604086
-389.5422535 -431.0322971 -462.3728899 R
-479.6724252 258.9792131 -463.5071933 R
45.77585219 -45.37479458 67.36747867
43.58947877 493.4017251 252.3676461 R
429.606281 433.1917436 -276.6720278
13.75195626 -295.9352119 380.0104193
-234.0595159 -110.5248351 82.89302537
-152.1056359 -76.02945984 -90.7869974
277.662997 406.3088417 -322.86216
-4.915872803 -133.9788025 -460.0391102
265.2232459 -380.2809829 45.69710174
-333.071485 -115.5965185 22.67517188 R
-536.9315826 -454.0357765 -452.4899251 R
-0.5079700596 -80.04648857 -114.1567387
-86.96862846 -470.3473502 -291.5263875
-373.1248201 -206.8314478 326.402966
170.1826434 20.50901913 279.6637313
63.97120981 -171.7726174 453.3924997
195.4536308 530.5475277 287.5122018 R
364.9660918 324.1189745 -341.0190251
182.337367 -480.5074548 172.5833071
197.2618139 -503.7961868 324.3580564
-439.3095485 -108.595884 144.6187339
-200.4684592 -187.7720457 -330.9690831
-195.2489486 165.5725112 -381.1092926
-160.3739426 182.0017071 -137.0952855
-79.18095388 55.51979728 -226.5183488
-374.5078638 234.4734558 182.8059905 R
-107.5887864 -381.164233 87.41827545
-54.29922057 239.9085648 259.0116186 R
74.26500541 161.3860318 427.9561233 R
330.6352988 -407.3355312 426.1220878
27.09256086 363.4276512 72.37681937 R
380.9285683 292.2166266 -426.618522
-382.4094885 481.0370566 326.1003033 R
156.0519775 161.3272732 -533.4453308
158.3266519 387.9803638 199.3369145
366.9216431 65.06983578 34.49307156
45.2535248 344.3208778 491.0474229 R
-225.6371334 392.5822295 367.5688225
498.4180202 -87.94930831 312.7840442
10.33072925 -498.70196 -494.4839255
-129.2729211 -103.2476174 -482.3123693
43.1062466 200.6023443 197.9033768
95.89083474 315.224171 -123.1932805
-380.1134083 -245.98114 -277.2499225 R
-382.6602046 504.2067839 -399.2223498 R
-24.36488402 -496.5592584 -310.2982723 R
-357.1704285 -13.8782919 -70.2318606
2.494905043 241.3392701 -162.5856744
522.1066205 -446.1453157 439.332412
-99.56340166 -70.66615912 -330.026614
54.02686481 -104.552161 -102.4619681
-116.7852001 458.0086879 -215.5068091
-285.9579852 167.1411405 -180.0472965
388.1668656 357.6950933 289.6621822
224.8929465 102.4659636 -474.3082427
18.40108222 -456.1274132 433.896341
328.3035332 269.0481936 336.3131861
108.5894791 -72.52127069 -390.8459707
126.0300171 90.2954337 -374.1784276
205.0381357 -269.8132065 441.448793 R
214.7933361 377.6855676 278.8994901
258.5911038 -188.950183 -466.1385701 R
21.9118767 402.2754587 492.9466698
-243.0311956 -466.1396118 -432.4090226
219.4489811 -334.9807581 440.1643844 R
252.6978573 -31.58046968 -187.122834
509.6358765 -319.1842292 236.1734241 R
-102.4022963 -408.1311769 -259.9927678
141.2909575 290.7761916 29.94985095
-9.358247723 155.2461834 -147.3917974 R
-50.47851219 208.1181876 -452.1970555
264.549706 100.5398887 -168.9178453 R
229.9446087 -40.45664167 -140.4773414
415.5086963 522.6418835 72.13291363 R
-334.8421531 -63.40840834 172.7426765
-178.1012931 505.8252779 250.1045633
-294.7243533 134.372843 -119.3834248
72.33487328 -16.21104334 -40.88527394
192.5668074 -57.60444469 65.12482464
-0.4174080846 92.98359303 -40.7681487
51.30474891 97.56679099 481.0583452 R
513.4690124 -406.9977935 156.0514522 R
487.9245438 500.2234761 -509.891815
364.4851107 -533.400037 -329.5632051 R
511.4802627 377.1317586 -170.6428312
-20.06647892 386.2099573 451.8552277
59.79453471 -216.7371065 -320.6709605
292.014366 -254.5626848 122.1750697 R
-333.2769624 247.0721824 -204.1899037
67.11884202 -444.2587892 -45.55841881 R
322.4033339 337.3173284 -269.5670977
266.8570406 70.35822927 242.717146
-78.58255927 -298.3802593 266.7881805
104.8964649 56.77992864 -179.8223221
-228.2840843 -70.49132163 382.3584941
-224.2555571 -383.4329158 -33.69585789
452.5276518 196.9765337 -155.6744715 R
-381.2035062 -186.3820437 371.6081189
531.1729059 56.88597444 360.9906769
-348.2747458 -507.8561383 0.1562078773 R
-462.6076623 -23.90790184 430.1957156 R
-140.9401216 -511.4134165 425.5871795 R
-175.4691305 -415.2580932 410.8559928
15.50957758 158.7519279 234.222442 R
-110.0998133 502.9528839 101.8860862 R
-513.8666244 -353.5317497 3.961186888 R
4.98867732 368.0073574 -294.3943621
31.97631231 -25.79529432 -545.1836617
374.4739864 479.753432 -260.0218563
123.9827236 -116.2408485 -189.5015409
-397.830944 -483.1045415 -42.34519823 R
441.8206953 170.8562519 -384.1530098
383.5786416 407.1875222 2.159325645
-188.6397588 361.6913327 -235.9708006
400.0427673 -308.207152 -197.550153
-134.5122686 42.67179363 426.6596935
-380.550725 114.1576774 -468.7733588 R
339.4090344 490.6782018 170.2465619
-298.0046734 -155.0662796 366.8186083
-351.6234503 -433.7082044 -200.0222857 R
-215.9064616 330.4727547 -313.8511483
264.2801242 471.9878417 -155.734758
-55.57222834 222.351978 -454.2529296
327.7277836 232.4439936 218.7161954
141.3831599 -354.6380328 222.5500636 R
216.47896 2.660370756 274.8707103
-131.0313118 -295.2764012 -397.3571142
55.56602302 -202.9075619 247.357726
197.2461039 -78.22067023 -393.8760711
114.7487344 508.1064881 43.88987443
-392.2289557 147.4636523 340.9173332
-115.6344829 -40.31952091 512.940436
21.33662331 498.4106127 134.6296777 R
372.0895136 -130.7461698 423.8589306
481.2538503 136.3707515 27.13651622
231.4930304 -483.2910485 128.4732803
-155.0966589 245.3674383 -514.3146643
-202.0036427 403.1156628 443.303947
-143.0528639 -105.715475 -100.8069676
-156.5460082 318.3556971 -353.0034178 R
387.3827253 398.928401 504.0411822 R
314.335367 121.6382285 48.11661876
-449.5333575 -500.7233901 465.6496085 R
-355.2740613 -424.1877077 -318.1634755
539.096634 -162.2502018 386.4289656 R
65.28282947 19.71253954 -492.9962966
167.5687824 406.2171852 49.75909154
-445.1698214 -6.092238972 101.3838859
252.7825531 -352.6165357 -438.2120766
38.22531987 418.3499242 150.880302 R
-480.8425612 203.1700234 340.4359141
105.7794053 -263.3802931 199.4603904
-36.36652373 -10.73878649 259.4304455
457.5476418 -102.8749114 -10.38447748 R
-412.2264588 326.6289221 -334.689814
-353.8741174 -467.6077776 -490.7511549 R
16.89361279 111.8097212 279.8263414 R
-472.0983367 -336.873611 47.22438022 R
426.5793649 -356.3306256 267.577538 R
171.0542761 -360.3061654 -420.8131164
-125.8039975 78.57801295 -309.5263553
191.8786596 -508.4002978 -533.1144023
-87.19877357 333.7362671 -22.89451907 R
236.9555839 -446.2923126 -458.3543101
462.8601237 -336.7021127 485.9275589 R
-397.2916936 -202.5228782 395.3070855
-95.47331586 449.8370765 -149.8624113 R
-515.1874597 -256.2452473 249.3437966 R
451.1710658 -111.8544387 -424.2443822
-297.3486467 545.4914142 -128.8892766
491.1645449 -378.0663359 64.14525843 R
195.765713 -263.3859036 137.7110405
-518.4509455 -520.6983534 -103.6032983 R
-497.5882062 178.1923494 416.8135467
332.9561223 -123.3689412 219.7730188 R
80.99824954 -189.6371077 -101.0925212
-54.87522739 -360.5967889 228.0443533
407.1730139 -255.6394252 -501.8954693 R
426.4192553 510.021414 -71.53658308
339.8454779 493.4723097 -32.79746269
87.30804843 -183.28942 296.5770371
316.1526112 -32.80460579 229.7685761
260.2897996 -262.3133115 198.2911743
-482.4167133 -444.74353 339.7451545
-234.5551998 -155.0564192 -82.65916765
-93.78451523 253.6740044 -111.278608
-453.259333 -33.46734495 -241.5843068
-51.38048336 -229.5928845 -449.9766399
453.3059408 -187.5998336 123.568631 R
-453.6180164 290.4748984 -200.6125671
-131.9100534 428.2283483 -319.9387663
391.1620618 210.1866141 253.2041081
-271.8270825 358.7971367 -282.7595185
35.52154682 290.6303678 -226.3230197
176.7482855 -526.6407761 -439.493881 R
-513.460358 -98.95532163 -442.3611596
-295.6958978 187.0548738 -219.1781628
432.4934049 6.486591281 341.8684098
-257.2751279 -420.9997258 314.7529763
184.980201 380.2197648 -317.3269649
174.0640677 334.7381841 -258.0432889
433.9098008 -506.5713779 -34.33960605 R
124.7425298 -191.2200504 -65.97068688
-306.1788628 -11.5720739 -48.7679976
490.1521156 -456.6048285 -223.7752254
-548.6694559 -34.58647995 59.64921643
-317.9761183 -67.32872941 87.89379908
409.5162767 427.634577 269.6228877
-82.54714284 -514.3367628 429.0718964 R
-522.8758962 422.9450889 -357.9782682
413.3109692 221.1118533 257.5573984
-331.3806558 -224.6671194 -465.6243772
-237.3716457 -161.1333157 -257.9126845
198.2474478 -468.2932748 -487.3622752
211.475893 306.0973354 -185.4538353
-184.6603486 -138.064873 -207.4429547
-205.2243174 254.9262464 307.5031502
436.1923391 -174.2950795 -10.77699948 R
-540.7292488 -140.5566116 -415.7477251
293.2122528 465.1097034 366.2969159
38.93712686 -173.08651 -167.9147843
315.4477185 -71.41392038 57.00497389
111.566148 249.5334814 -356.7501276
-161.2136322 -441.8544211 -101.3313089
336.6330291 -367.2692032 319.4705421
-378.2334479 -177.6760876 328.9789435
239.3395596 -339.6543681 -371.0264932
-61.30856865 -11.25390416 -17.75141415
382.7996447 -193.6390423 -282.3361577
432.5764245 29.98047546 292.3974702
326.1439314 177.5910835 -279.7653661
315.9282954 -491.5102663 -369.745581
365.4640886 -173.1111761 300.5485516 R
-272.1497488 -454.6761876 84.37879594
206.3900906 67.86249766 190.8181398 R
-454.894595 88.81964273 -301.3476075 R
76.55227876 71.8878116 -194.9587224 R
-457.281627 196.8832871 -252.7573921
68.99052089 -58.01694174 144.2992643
36.93050833 16.43613314 -420.9940738
126.4819385 201.9557433 -351.8137777
283.7512085 -227.3729541 266.4263573 R
-164.9199829 149.1164503 -273.3759789
-438.2296215 465.8295555 461.2072482 R
-185.0155945 -76.07628231 50.57807855
-304.9745147 463.9270942 -370.5790791
53.7103905 245.8291652 172.3885783
-144.8096286 195.1159186 -120.9653129
216.0415605 3.2842402 416.6145537
172.3911717 261.0776529 -216.5812056
447.7626053 -485.6390829 285.7990217 R
-46.71479735 -98.14654915 205.4643534
-99.48732265 -78.11419931 80.57774309
-180.4050256 -261.2061033 -253.4517846
-434.3717741 469.6998424 -341.2231196
415.6770331 -297.1561489 -102.2396721
-0.5644462154 -331.1598334 366.2008287
492.6240255 382.0795515 -110.1475474
-111.7058445 -442.4555853 -384.8317422
63.10392754 263.4553243 125.2510235
-277.6510398 -300.7424043 26.18933645
-277.6606675 407.551207 -38.3164807
-260.0169483 -135.2399331 12.88571114 R
399.8183179 -186.4358378 500.2065535
-388.493038 464.9868139 277.8460796
-146.0074342 -331.1309926 -24.14893079
466.5957884 -205.0501519 253.3177032 R
-369.587913 517.5543215 -41.89227496 R
368.4517105 -445.2286002 -235.9910958
-511.0783457 76.48952137 482.5404587 R
50.02572811 26.70129839 -441.6090658
-315.3169815 254.122469 -482.8711456
350.4511347 276.0355075 214.9449151
-532.6437192 -472.6420408 -55.07522351 R
263.2899494 -457.5614403 -145.9790023
-359.3574508 -157.5825427 -259.6674864
-132.343088 -390.1569373 36.53723694 R
-483.0328309 28.50355974 504.2949367 R
-424.9157884 255.8066279 -336.5291514 R
-36.05084112 -51.81791144 -393.7609637
44.36451788 126.3201076 -448.6756535
-417.2049586 152.0106635 421.1332921
255.5075135 515.4657097 195.2937251 R
426.5387198 -506.4311142 -291.3702844
77.08128849 402.8290805 -194.9023279
16.70568243 -501.1602698 450.997253
426.1951046 -208.1567473 -397.26804
192.8008371 -470.7172678 -295.8974304
327.6177971 -419.4804664 -90.29499394
-417.1694231 -144.4663637 386.9709898
81.96192129 391.1513963 -422.3159197
-78.40769745 -489.9876031 504.276824 R
-428.9557113 76.27412541 247.5754147 R
236.0264964 16.40615988 99.14382571
521.8432944 -263.4481016 -38.31601699 R
-112.4858127 -515.5374069 284.9098047 R
143.1139353 -240.4434615 416.0880375
268.0391112 193.963635 -336.9853676 R
-352.3251684 -386.1504051 264.3951869
-375.9677345 488.9984187 -175.4222974 R
-381.8736193 -87.44354442 -197.1571669
527.8098476 -142.217947 160.3032213 R
-287.94223 81.43470628 168.2955715
19.89407629 394.0158846 -232.9092101
-11.55055373 338.0444701 66.3731295 R
-330.699206 -47.74816514 -375.7864471
-357.6736491 -179.1795305 -277.5769773
-144.7402204 310.0795514 67.08194052
-471.5238112 116.6907894 -52.69315402
162.4116877 -343.0867915 -77.8902867
309.3274833 113.7170281 325.8363271
-56.1296451 31.09837235 -441.0194501
-370.6433739 472.702098 -364.8103459 R
349.2287922 -223.3354286 -89.21445916
-207.7164963 -413.3995587 -323.8264751
297.5249782 180.1818431 -405.5195249
-178.3674872 -398.0425723 203.585286
-418.6604043 -111.2582594 -304.5091359
-9.445268256 332.780866 354.7454211
102.5198971 -304.5847648 273.4317196
121.6940641 410.9440362 26.08387652
-407.2552538 -46.11575079 442.9427291 R
329.8330836 -519.6842129 161.9071943 R
472.3321103 -427.2707595 453.9115585
-168.296711 424.4377268 74.43011574 R
-353.2622833 374.3201507 242.368642
19.11501474 116.6310266 -446.7991571
36.06637238 -53.75632092 124.3592276
-160.4382304 170.472436 -189.5147228
252.8152271 -346.5866055 50.25638438
-512.9629406 -378.6218559 53.41976935 R
-487.2267232 456.0452215 105.8338215
294.6301273 -360.7378862 -97.72038135
409.6534843 -133.5261445 -449.6044557
-153.5260611 -372.3348313 476.7894067 R
327.3832998 -525.8441286 51.08695739 R
-80.51346622 -304.3316247 265.7207601
463.5284199 287.5604869 477.1943351
119.2380959 -23.19432676 -317.7181074
-138.6617456 457.9742252 435.1054454
-172.403857 142.2169468 399.7833473
134.8027665 367.6237375 332.5165504
-393.7058259 -415.2396259 -177.5773028 R
-69.62756243 479.9705794 -229.1176946
236.7310548 506.850635 -136.634566
21.76210124 165.7902009 499.431783 R
345.7136061 -432.114949 -418.60473
-343.0764618 295.6393307 457.5975947
191.8336597 406.1472503 245.3187976
-495.4494713 -330.3035527 -37.09816886 R
-238.5969249 234.5158111 298.5148816
221.410966 -16.66045316 394.9346864
9.640417285 177.5587663 -372.6477543
-417.8663588 -500.1584042 257.8640301
-101.4346847 289.4905636 359.0545105
-395.5145475 -389.238076 96.29247279
-5.628585079 -108.1317012 100.6672386
-55.86488998 393.1077037 -58.08175745
448.421147 -422.3623242 -133.0630528
-336.1128811 325.9734882 201.2094225
-301.1225785 33.32429788 502.1735455 R
-201.127991 453.9287468 -401.460299
118.714219 475.9471991 15.90804349
325.9566799 104.5627246 -223.3999115 R
-31.1893652 123.1373424 70.29310428
519.8880892 -247.4517315 -260.0591181 R
-103.9308316 473.5068339 137.181942 R
-115.9364552 -435.0995992 -334.5816493
345.0554205 -413.8140144 -73.24840339
-352.8967952 51.55488364 -145.0356613
410.9662943 -525.2479661 263.6034794 R
-345.3288195 -11.09034807 47.29322562
-110.9077427 131.9097153 -269.7771461 R
-51.35530334 365.1668496 -463.5776888
232.9102042 -410.5212537 -170.4920967
236.5251445 -385.9341822 -423.6581855
395.6354901 -402.5806733 517.1239412
464.3368071 413.129537 140.2681332 R
-4.296435177 224.6837656 -507.9746865
-172.3208509 -496.7981346 -466.5218107
233.1175456 -415.6634945 195.2334162
-43.87181236 -185.6445797 -59.8624549
-464.7511571 -57.53710682 -422.3239005
-412.4466729 -250.2104774 -411.4215262
522.7956906 7.663652089 -292.0433399
-472.9748742 501.5833508 -235.1976561 R
65.55060348 -21.28237995 142.7212135
410.1855688 -360.0552327 -489.0737072 R
245.726607 312.0900801 -135.0791422 R
170.6155693 -478.2476077 215.6974577
338.9687495 -185.5100509 73.19048524
-103.5932761 -71.19715226 -57.30946316
-179.3259513 -409.8504326 -240.7679842
466.5031272 408.4237925 -481.1631914
-272.4821803 159.8797069 -438.7101711
-128.0375993 378.6255889 195.1897077 R
266.7481209 117.9554222 -73.83452 R
-79.68283421 230.4740216 -345.1741387
16.43225322 413.1637073 -282.0120314
483.3432028 491.5677818 121.3344947 R
-15.38091167 -95.26107337 -354.9406442
66.6741188 -224.5348851 293.5226092
-469.362548 -425.6672298 -1.96634892 R
27.62832274 -71.86210747 50.43373804
-142.3649837 331.3028617 -401.4800068 R
156.4331399 -354.3183581 -392.5103872 R
-396.9786425 -527.3718524 186.0164643 R
-491.9266774 124.4780891 -319.6044016 R
-306.3146837 -25.06711926 279.9073506
-118.7319204 260.1662644 -49.15597253
42.89047849 -371.2220176 -471.4616297
357.131612 124.8058581 81.17567289
-184.7156437 438.9555402 517.0618638 R
-345.5099283 385.7447714 225.9228649
219.5547218 98.38368507 -235.9292342
-75.25634022 -134.340883 373.1949988 R
-415.8571666 -205.3529829 -409.4235624
-193.1587523 -492.2762059 -443.701386
-148.8835873 -443.3421749 525.050777 R
-501.1131282 322.9231203 124.5747772
-283.217992 -331.1962583 -388.663189
-191.90382 -284.0054117 351.5966698
-378.9178046 -6.190974849 -302.9074363
4.325442703 -403.3608209 -96.08316614
-173.3418019 -325.5705842 284.9219452
19.33042638 7.303219348 -219.166201
-363.0682542 74.74395107 287.4669123
296.9694529 146.699469 24.14462541
-428.8960937 161.4478002 183.5190539
-260.243408 24.67732506 -327.2641605
61.44858317 -314.9368613 186.9372255
5.354769382 227.1917425 -357.2622603
-7.123849241 -161.8133559 -83.25341876
-35.85925158 -53.21360739 -228.5950117
312.4216512 524.8819733 123.40053
-161.7119438 -340.3821683 -52.70501341
418.0975404 504.9388755 -502.7590924
-250.9138509 -435.8575955 -268.1847423
342.8852935 207.8181098 240.7058285
-44.73362161 -412.3338431 174.2142743
-290.9603642 215.9674116 -507.800382
108.4774377 -67.37482142 -279.0219358
-514.5151672 -127.254684 -243.1820133 R
488.5198642 474.1024151 212.4822068
167.816241 227.27254 -270.4805531
344.4955925 -280.7800014 -426.2767728
-505.5698758 142.0736956 421.0498591
-17.21669375 21.524356 -12.90007859
-296.3626011 -531.3531359 -338.2612399
497.2586484 532.3975202 -90.27386585 R
-34.67065337 392.3734465 13.81438095 R
-41.24656871 -192.1145264 -322.9158877
60.20126498 -161.7035909 -21.97057592
-172.2258423 70.6881959 16.77427462
-418.5988426 -231.8950239 468.8769522
64.01456954 77.23915411 -498.5858572
-310.2164604 -60.35904137 258.7643583
-497.9536313 -490.9777623 -26.45923298 R
-525.2308842 287.790183 177.8504548 R
-105.0186555 -383.5565246 482.839474 R
-514.6510392 284.7149769 23.45629036
307.9868533 -199.132867 68.18419954
-256.9644119 39.68297258 79.27914013
403.9517956 175.692212 -377.1137913
56.85592322 502.1012147 416.0856634 R
342.1023409 431.968128 7.742382178
188.1956255 -271.6379706 -275.6165293
220.3885969 -369.00885 45.08944968
-12.13435036 357.0141681 511.0714004
31.49593626 164.3196417 13.43777359
253.6598841 316.2163266 26.71512444
-389.4108747 363.2709815 -398.6075784
-526.5881853 -176.9951399 -315.6962924
106.6175159 335.0834102 443.9718307
278.2210376 -103.6872683 -407.5777099
413.8417093 -5.101716298 -153.2644413
348.5241177 -424.0714437 114.77692 R
-120.2233522 -272.4222044 -38.90278854 R
35.84888288 139.2555001 129.120936
11.28948328 65.6358283 -84.05852288
-109.8011651 -186.6420535 405.5517535
-523.2910902 -275.4179194 -228.6049319 R
71.27396102 -508.9199186 420.587095
-245.9914663 274.0386448 -314.9296242
230.8872164 -100.643106 -505.9257531
489.3067199 110.433402 -398.4235359
-346.4682676 -39.75872344 305.8881083
441.20461 140.1530031 150.860847
115.3688004 -154.2946009 217.622754
-171.1926114 -100.6462092 -455.4518744
-242.1380543 499.8382428 294.2069593
-301.0598292 504.3325133 -384.2476948 R
-460.239547 -293.4950229 -1.555090546 R
-366.5717189 235.7486736 393.3171228
-77.55412196 -496.7895912 175.4311239
303.1198575 -282.5198637 -482.8203196 R
-149.4966781 -82.73001071 90.59596254
-326.3588215 194.7534232 -307.4221652 R
-104.2556645 339.1628707 -119.5622409 R
157.3289328 -346.6787929 -288.1149945
219.3493449 206.8884612 419.7816111
493.0777725 -489.4380509 306.7974446 R
-428.0628429 480.0883707 121.3214249
460.8469733 -24.83385298 -478.5965735 R
-284.2316826 239.4132482 -341.1836021 R
145.3847898 -254.2836404 -19.55921467
-292.55137 -296.9000789 90.17253137
107.3952615 -298.7882991 217.407709
153.631925 -383.7430342 185.7200068
-343.0551371 -446.3603826 -485.8659289 R
27.67244813 -533.3067283 -349.3207879 R
-256.247263 58.38545366 -228.3670323 R
31.16567973 -371.5927324 -11.80817895
-455.3145787 407.653791 218.893541
-160.2371007 400.114001 407.1462902 R
-285.8672431 -160.0569978 71.49151104 R
12.68640222 -299.3743469 136.1671597
-175.710405 -13.82290729 237.9674578
343.7943473 -119.1280722 73.98240744
-439.5015661 32.74752265 225.7136144
-270.6259337 -58.87765482 65.37442077
-293.9659787 430.1558804 -394.5589911
-472.2642764 -337.0179196 -45.38414422 R
-136.2568935 -361.5238256 -541.9078304 R
95.73275563 -185.2502038 -159.4323373
-492.6058878 -10.07520509 500.782016 R
221.6941682 515.2254999 126.4369095
298.0451697 271.8833417 -45.21557634
395.0978631 -222.2851154 215.3714544 R
430.3114711 218.463427 388.0630363
395.2578741 -237.905229 -286.1871523
-441.722597 98.61269797 43.41792753
-255.3453024 -457.9543218 273.045274
364.2500964 356.5413574 -250.8675931
10.63323497 67.12187297 78.33469512
-419.8918133 339.6732539 56.78630343
-503.0818078 -226.1994743 271.3625432 R
-265.3071204 -174.3954619 -495.5574989
