 -0.132431624643223 -0.647237582457451 -0.750696594270276
 0.353064979010738 -0.123629107460094 -0.927394718760447
 -0.854908875594928 -0.50255002565742 -0.128741159466359
 -0.809173813728231 -0.280088704635817 -0.516515301527399
 -0.761691650063426 0.247449976900398 0.598827470274743
 -0.0689498466860373 -0.430074126854436 -0.900156744157575
 0.0715308342365184 -0.236625185667834 -0.968964324039379
 -0.336846078835456 -0.0286263705658014 -0.941124460462806
 -0.580662349874602 0.180662388253895 -0.793846544937058
 0.362619914873089 -0.717932956712446 -0.594204566629674
 -0.0240636362054157 0.107830263039382 -0.993878048749157
 -0.402362865262807 -0.369238381058136 -0.837715430567607
 0.165656854029654 -0.977990024407445 0.126859445342175
 -0.104514963624654 0.510817721416831 -0.853312297968952
 -0.118418646112102 0.30764157087137 -0.944104701886805
 0.170647018058486 -0.939999942317587 -0.295431385723791
 -0.679351169140652 -0.733679854761039 -0.0139949885691401
 0.109837702339769 0.00724290754541768 -0.993923145638036
 -0.0322429508749367 -0.990289557318508 -0.135229378408651
 -0.483112302591479 -0.845637292958864 -0.226936272644907
 -0.691972323259791 0.295000336017662 -0.658899920770912
 -0.689041091499797 0.610520857767776 -0.390495398763246
 -0.85424103850909 0.0551441611731602 -0.516944261613783
 0.25160167745832 -0.960813660074902 -0.116334459699741
 -0.646652881491013 0.33247351430959 -0.686513956989951
 -0.943284806564591 0.015147415315557 -0.331638854047079
 0.21499605634205 -0.968810648529063 0.123217787084749
 -0.229026438389241 -0.183888882977023 -0.95589317877899
 -0.692159613556957 0.128102704143604 -0.710284989670893
 0.302608861991621 -0.950413065263114 0.0717138900165598
 -0.530833612548638 0.238008189320936 -0.813368168546527
 -0.687498409248916 0.224481840334491 0.690618447943762
 -0.886663985454335 0.107832095674171 -0.449665671405714
 0.626603051815436 -0.77850369145211 -0.0360640797889004
 -0.529826701414719 -0.113725180607039 -0.840446458594416
 -0.98457899846042 -0.151367521300909 0.0877044427945064
 -0.349436475375849 0.130486969462003 -0.927829348790782
 -0.871874012329395 -0.45085507775034 -0.191220829125327
 -0.466899766107347 0.274446729961843 -0.84064475304504
 -0.948856907954293 -0.138582174827989 -0.283664500858606
 0.22850667829932 -0.542944185829926 -0.808081870261974
 0.0473373153626307 -0.931442775669625 -0.360795695965354
 -0.0272708591842488 -0.55346742129782 -0.832424239076022
 0.0105401758073206 -0.238781395746314 -0.971016142883007
 -0.928859784658575 0.348346056505936 0.125994148121205
 0.395363599019888 -0.344601899531394 -0.851432413882274
 0.0584974937589931 -0.862061518644305 -0.503416310121744
 -0.309597857622441 -0.525200056554223 -0.792662643973485
 -0.890412020566446 -0.165815776070298 -0.423876824132888
 0.11977218195729 -0.825254652156209 -0.551914290015873
 -0.857306429536799 0.14109832296936 0.495092869197385
 -0.00748298563285746 0.0509430323155228 -0.998673526426188
 0.0724802350999213 0.142117814170254 -0.987192555895419
 -0.961462946457447 0.274079964737255 0.0216604598056028
 -0.213673395505829 0.778548862369375 -0.59008927202277
 -0.977451959870482 0.193512321151721 0.0845023532679822
 -0.255015028315976 -0.307934276877109 -0.916593593942907
 -0.987683258461497 0.1373575675908 0.0749311656149702
 0.308475117178913 0.229375973879892 -0.923162913405921
 0.171755058161709 0.498187999273339 -0.849887591023599
 0.152529256351064 -0.850327377933671 -0.503664745930703
 0.235861694295951 0.725833528987282 -0.646169443228099
 -0.777340789587374 -0.540737696332755 -0.321471679325603
 -0.983381735723052 0.134464394774184 0.121982328164079
 -0.215270226502375 0.674759600136951 -0.705944906918831
 0.366674395806157 0.0188606685228739 -0.930158138513586
 0.280211272585221 -0.346554046946073 -0.895199382965309
 0.421308357037538 -0.2449928007603 -0.873199745685919
 -0.457897799660903 0.327103023878772 -0.826639714044194
 0.0656473913913272 -0.934102585042236 -0.350917056611567
 -0.216025346642892 -0.178924742036176 -0.959853627536567
 -0.71286540984567 0.385739365061532 -0.585685965076414
 0.108770476369605 0.171192942618414 -0.979214971223366
 0.209205230930599 -0.977442302072277 0.0289778789928122
 -0.915543138575239 0.357439666436771 0.184438733094136
 0.42605019965269 -0.897359831129393 -0.115006786109914
 -0.986038540382205 -0.158441681577298 0.0512272429463992
 -0.995697119250197 0.0873396799518777 0.0309681614365888
 0.14757355965357 -0.961402964874603 -0.232220549524579
 0.291759246270144 0.341711266479558 -0.893369997580406
 0.143629834717015 -0.881626197348693 -0.449561696241625
 -0.528238309468951 0.521404561247754 -0.670150409922595
 -0.368966121107455 0.112762455900303 -0.922577167511884
 -0.91340150070117 0.332402367551196 -0.234960346789005
 -0.689509517459166 -0.714106564773002 0.120948085893622
 0.0899587719782341 -0.467813938685742 -0.87923690670689
 -0.115367978786231 -0.840472888027361 -0.529429460798818
 -0.138987137034396 -0.955466963202962 -0.26031799393567
 -0.943987135432888 0.287879802345871 0.161287034626196
 -0.210807682398114 0.689587898297469 -0.692841000203954
 -0.77186457994812 0.394605884211261 -0.498509043415825
 -0.093035892676155 0.471953020456571 -0.876701014688514
 -0.233501373301841 0.0341811068854838 -0.971755504537143
 0.100222805499412 -0.883713057514513 -0.457172419592629
 -0.151234664641948 -0.179845015460749 -0.971999921103166
 -0.201150468100064 -0.974674297846788 0.0977164382281472
 -0.493656104852676 0.337999121634097 -0.801286617831761
 -0.354596750708021 0.333581820567166 -0.873489732838577
 0.226164967089078 -0.905596781646239 -0.358808969694976
 -0.555954939685529 -0.182971723428208 -0.810823934935921
 -0.986721233337982 0.0995891718851821 -0.128309019648642
 -0.571694525502044 -0.00767252285010724 -0.820430680742808
 -0.329730534712652 -0.0378321601837155 -0.943316755991296
 -0.415807233295501 -0.0477170408283726 -0.908200103916381
 -0.0810163754243145 -0.928657570800224 0.361982683437389
 -0.554461043765778 0.316481866647453 -0.769683167952572
 -0.987949234347244 -0.134593876410609 -0.0764251188122076
 0.0491098182382463 0.642062287067646 -0.765077934120486
 0.147087794021089 -0.0291214069270154 -0.988694656862573
 -0.661871832165289 -0.374672963584373 -0.649265622180218
 -0.931767722914573 -0.0431865327206933 -0.360477230801275
 -0.361010158351095 0.376255545722773 -0.85328976900006
 -0.929208948666979 -0.238463481496153 -0.28232232945685
 -0.571726857938729 -0.7548783473931 -0.321383074458768
 -0.123600960292379 -0.99225748867667 -0.0121605419233871
 0.0796919907380598 0.111499219957644 -0.990564036577667
 -0.718878445062657 -0.482962024420735 -0.499961462706599
 -0.536497453986624 -0.274190201531129 -0.798116667693508
 -0.725212914819159 0.0330346236768328 0.687731736811694
 0.144500833992327 -0.753680367680251 -0.641159428183727
 -0.221454725614655 0.185069675591142 -0.957448181198088
 -0.00247787876827278 0.152751534131519 -0.988261518494612
 0.13307246846777 -0.985693605416968 -0.103440003750931
 -0.808020239284501 0.309700623821886 -0.501187406576573
 -0.655757030887895 0.126028105614735 -0.744378689267938
 -0.162885836274334 0.439588415509626 -0.883306418685468
 0.188605120348058 -0.10977743970966 -0.975898059383913
 0.278616586142262 -0.570989895398571 -0.772232696328743
 -0.166405751641032 0.171021719945894 -0.971113122724398
 -0.513197659034781 0.432534289964983 -0.741311169999285
 -0.857799969436129 -0.160160198019944 -0.488393205732419
 -0.173570154330689 0.347524114067271 -0.9214664354535
 -0.477913176950373 -0.22301946948956 -0.849624217831505
 -0.817111189503577 -0.576009577188475 0.0232867124172403
 -0.917382764381874 0.397995748304065 0.00287192391231301
 0.479172135333976 -0.763416696224448 -0.433115472645836
 -0.989164816653985 -0.115041250260717 0.0912056809214185
 -0.470181266739277 0.442481945392455 -0.763635583514255
 -0.908157995068244 0.27192257331941 0.318287873022169
 -0.700559162752202 0.432164473309621 0.567847450899404
 -0.882043850588833 -0.421519264504523 -0.210523526689991
 -0.61206832385491 0.0538886743138152 -0.788966651839062
 -0.0561480836538314 -0.998232252313717 -0.019487512480716
 -0.785731691849824 -0.617470666585118 0.0368196188158269
 -0.0293456770350082 -0.956589127580925 -0.28995874229504
 -0.231019969655342 0.410392063745389 -0.882161055383452
 -0.175572618356597 -0.870579055959084 -0.459637208033466
 -0.885139776775571 0.408501335908317 0.222832300465648
 0.193319883607847 -0.959734567821605 -0.203806236239534
 0.0133749811431029 -0.925999901636975 -0.377286750426958
 -0.54883143194071 0.060434554245381 -0.833745599069088
 -0.0714773868525408 0.159725016719473 -0.98457041505557
 -0.232606414118211 -0.674200661340364 -0.700961999226266
 -0.139938805102423 -0.424094795455611 -0.894740596650208
 0.366103770153262 -0.882241973154327 -0.296001909257908
 -0.143393243109649 -0.303899425220645 -0.941851112002879
 -0.691571415114753 -0.403826502749028 -0.598876559462522
 0.523225799106977 -0.00312339667108516 -0.85218836388565
 0.241264046726074 0.606021401557534 -0.757977387928955
 -0.244005934660145 -0.250457285000223 -0.936873658633301
 -0.768213771262286 -0.0818145326057359 0.634944079346741
 0.535664258066702 -0.806565850631947 0.250030660568288
 -0.713456383891391 -0.336271041258287 -0.614737159358117
 -0.389452622799087 -0.109733676625787 -0.914486290115439
 -0.657915757205737 -0.554317463512025 -0.509783293239389
 -0.0362171107345899 0.0241104470852991 -0.999053055263526
 -0.867471292991991 0.480249614174384 -0.12982243226869
 0.0935792647930702 0.0121728793961411 -0.99553741376605
 -0.702855829613384 -0.593684379558919 0.391832285865042
 -0.0661271121915776 -0.989616460661244 -0.127618438407289
 -0.211069413828684 0.042364924974735 -0.976552566776567
 -0.848394347318561 0.077304448796843 -0.523689844883523
 0.459169756020114 -0.0102147071609486 -0.888289814708041
 0.266427080558466 -0.869801736173115 0.415284902802074
 -0.0737408442942996 0.2706941878291 -0.959836936441971
 -0.00422248435857457 0.242595803762535 -0.970118264245474
 -0.897778953504356 -0.391328045472175 0.202126968689363
 -0.178082611038463 -0.634166172074183 -0.752409363207624
 0.749330337687857 -0.0723328453477423 -0.65823400436661
 0.302054630892173 -0.876616874522758 -0.374574231973509
 0.746846534867239 -0.657703197435733 -0.0982179079374554
 0.116310229451456 -0.98978962531785 -0.0823919179173477
 -0.787035131878743 -0.457314976919977 -0.414051582623821
 -0.093424519507956 -0.936228941982386 0.338743601193071
 -0.90766967668896 -0.237518350431457 0.346006923670147
 -0.977777879205341 0.207873438156231 -0.0271855227246537
 0.206305595137457 0.515265433215775 -0.831829029757882
 -0.181567381514727 0.448634701673994 -0.875077248260845
 0.0665462611572675 -0.619600397774332 -0.782091389930793
 -0.954343302254078 0.297947308415076 -0.0213603101801667
 -0.955449465670594 0.239292355231724 -0.172787404857618
 -0.87091641173208 0.459656131147131 -0.173841436011583
 -0.322003779843402 0.123415339734585 -0.938659799759614
 -0.0551848534823424 -0.992519221597918 0.108904667966047
 0.577934510032803 -0.703428986038777 -0.413738279246195
 -0.809324158077099 0.139859504318057 -0.570467988764227
 0.206853421508327 -0.865025112222613 -0.457103070690358
 -0.827640068416163 -0.518221864587362 -0.215541216976445
 -0.0233911518020789 -0.316460982505014 -0.948317088620327
 0.0072352148993324 -0.994635849363339 0.103185167667791
 0.511447088397168 0.0928042889792371 -0.854288733226137
 0.0916542988571054 -0.0362156393101939 -0.995132110310167
 0.76751039185616 -0.635235907100465 0.0860415058158152
 0.107025471369279 -0.173820925006112 -0.978944244841453
 -0.486407102050404 0.626665126175338 -0.60885051589908
 -0.0316792991067908 -0.958863303314458 0.282094997412199
 -0.320256931679539 0.440336789730937 -0.838772322695891
 0.415342118684247 -0.49433057861563 -0.763628315014848
 0.0441427300726728 -0.0903230265761805 -0.994933751689955
 0.329468921795894 0.57190714319736 -0.751247262311474
 0.130768644276449 0.260629141800577 -0.956541693873505
 -0.392133125981367 0.677434672455538 -0.622345463599711
 -0.883354201457408 0.466339228047375 0.0470433752161144
 -0.102000752917836 -0.460766020596975 -0.8816408115936
 0.328006901072731 -0.386737811341433 -0.861884759192029
 0.160676717572416 -0.308003121522762 -0.937719078169144
 -0.988150581674893 -0.119676649651804 0.0961037328291136
 -0.955980043518075 0.237983171350817 -0.171657119132844
 0.274187579751822 -0.434277868425114 -0.858034908442528
 0.464125347888939 0.31889768829275 -0.826372752363309
 0.154824108972309 -0.973212952980216 0.169958946314863
 -0.470978998327418 -0.8634158481615 0.180808894355505
 0.149610104444912 -0.107571580650601 -0.982875969634172
 -0.516022012215792 -0.126589705933543 -0.847169598876414
 -0.202875725803867 0.730073974137836 -0.652559140742155
 0.52683522644597 -0.848500966522275 0.0499074542166733
 -0.996739868362664 0.0804180968191719 -0.00652414901433542
 -0.297486812025627 -0.95428783733289 0.0289192010495526
 -0.899721233598024 -0.434966374940919 0.036137992246455
 0.125259140275545 -0.990105434440798 0.0632564342041961
 0.713389309331438 -0.663958669698108 -0.224130716913888
 -0.206132022273658 -0.15747018358852 -0.965770537277862
 0.0345440041198898 -0.99597441985189 0.0827143686432781
 -0.482626721042398 0.303668114714797 -0.8214968802384
 -0.113177667847695 -0.988515265498055 -0.100141826315813
 -0.254437352531042 -0.880664679807106 -0.399614007984258
 0.514624555592208 -0.833819369556552 0.199766928528816
 0.0699161052522895 0.366704668529039 -0.927706539971212
 -0.000384044782536335 -0.89804980803328 -0.439893617595202
 -0.986514692049605 0.103908401362953 -0.126458714592818
 0.0724626834836803 0.0694514414239404 -0.994950077534788
 -0.00297879059656997 0.121543192594706 -0.992581673788343
 0.456936954968416 -0.886994540066089 -0.0667031114502127
 -0.0620468302620514 -0.162009637042104 -0.984836569365658
 -0.459684879077773 0.190532389912018 -0.867402571094684
 0.431819448895258 -0.570416935457068 -0.698681961481448
 0.491486649620989 -0.82082368830325 -0.291014339792019
 -0.919757141797858 0.390614457816726 0.0383033347945178
 -0.665545913012428 0.213083726911757 -0.715292921115433
 -0.0477491407591236 0.683165544114735 -0.728700802038247
 -0.839202383978217 0.0405649340643048 -0.542304199550063
 -0.621904008864046 0.100793710200797 -0.776579700831013
 0.127097025116596 -0.944257968665792 -0.303682786502073
 0.428316838799971 0.188287836705791 -0.88379430647015
 0.133208823359893 -0.665483884721409 -0.73442944423217
 -0.843482023215571 -0.326762722770003 -0.426338128156631
 0.0556979643923845 -0.291289135439379 -0.955012238841746
 -0.224384055042899 0.000395435327492977 -0.974500712915802
 0.230452910967445 0.733456201913841 -0.639479050243832
 -0.026191929493067 0.266433302085811 -0.963497420011637
 -0.21045266768802 0.752407783954097 -0.6241732141868
 -0.379680458168126 0.530191475124811 -0.758115920813051
 -0.0784600547024738 -0.929003014484535 -0.361659257996712
 -0.218672210853324 -0.536263456652169 -0.815232463325638
 -0.945389730811341 -0.172741217707493 0.276403199296594
 0.267755137960532 -0.963437084814686 0.0098066150895838
 -0.0499456103485197 0.36170735727273 -0.930952857937335
 0.0554741801515001 -0.99831160675671 -0.0172206605957809
 -0.873874964810363 0.380626487208384 0.302433501968766
 0.550617231822949 -0.321838260715364 -0.770221265584989
 -0.168688523338045 0.453887518591724 -0.874945885504171
 0.292974869595109 0.0482294757057778 -0.954902949759228
 -0.963222310379693 -0.0978733601488284 0.250247050252315
 -0.867726117205253 0.0132750878727547 0.496865331414727
 -0.206267649282141 -0.976923533491276 -0.0554442654432288
 -0.38424013774903 -0.576994987561857 -0.720719294088274
 -0.853998023030457 -0.146801217285928 -0.499136032824161
 -0.910579282930769 0.0594872182808225 -0.409031343980502
 0.459348944349462 -0.653125553394378 -0.602017905737298
 -0.270173495102012 -0.852175800550157 -0.448110128764195
 0.259088749106595 0.35491614244485 -0.898280330363772
 -0.731524561494105 0.681614246249328 0.016547967875775
 -0.40435418569453 0.451359045966015 -0.795470115174645
 -0.852974306445714 0.328161471416131 -0.405887769243486
 -0.291775143646487 -0.910919311532963 -0.291707513489772
 -0.923683421471407 -0.342998564456544 0.170765692337849
 -0.182514877906899 -0.151005107811582 -0.971537841135096
 0.44459402369354 -0.624947990952995 -0.641697874937889
 -0.609775925547868 0.0189767541093096 -0.792346643474758
 0.221834052215371 0.0711427139448588 -0.972485664434324
 -0.352164287496743 -0.690212917919234 -0.632128501611284
 -0.152142471378272 -0.0726527057133398 -0.98568466192563
 -0.356772471964823 -0.921593900970036 0.152898937023578
 -0.483088922619888 0.0049944164681544 -0.875557050480492
 -0.415640994673971 -0.388842394996343 -0.822219043442768
 -0.550095843204672 -0.469223007985459 -0.690814252940701
 0.320949357476481 -0.900950854992179 -0.292025798217034
 0.329566680820589 0.382991608939633 -0.862961893929698
 -0.937758798821656 0.196783401277123 0.286155077212289
 -0.954968043823669 -0.0676897478460794 -0.288884290524995
 -0.377611364471012 -0.849183805308678 -0.369183588779099
 0.901557346195305 0.0479023880378983 -0.429999665978412
 -0.97278458520354 0.231276821528894 -0.0141838857112095
 -0.0522318357233328 0.287300756085832 -0.95641523978316
 -0.58333936867731 0.506316914621366 -0.635105001491453
 0.271427924011763 -0.962320589090889 -0.0163084603328914
 0.147064380078942 -0.921243477412973 -0.360114597643653
 -0.850113791203287 -0.145011208011279 0.506239361919916
 -0.921775557309551 -0.0231206557433946 -0.387033922576126
 -0.899170146628899 0.279313075901521 0.336863849413669
 -0.164077366253882 -0.975949165741626 0.143533423882429
 9.9557449946218e-05 -0.99367198479346 -0.112320865047153
 0.407043698240367 -0.247827421374927 -0.879145606220869
 -0.880238572902218 -0.193759715276878 -0.433171129590708
 0.239534426327402 0.191277580907776 -0.951859309796396
 -0.87860303348734 0.350804100439346 -0.324026530799232
 -0.320434190322324 0.887744465870272 -0.330502183032399
 -0.396829557019054 0.213674730372015 -0.892675423811201
 0.0184119358831682 -0.0344457057407082 -0.999236955868356
 -0.823212394852203 -0.0199724471846805 0.567382106093553
 0.15769832985535 -0.100344914941934 -0.982375760493982
 0.227285764238459 -0.973717662722412 0.0146661064002281
 -0.595149383047653 0.165828746968508 -0.786319298082435
 0.0670693327244843 -0.957584763773932 -0.280237622020876
 -0.925154375663124 -0.0636418648302932 0.374217976896217
 -0.142195697438136 -0.000526111188056342 -0.989838424611361
 -0.993587795943984 -0.0999975952832112 -0.0527614697364498
 -0.144953508676068 -0.944984370355449 -0.293245665111033
 0.22983914243371 -0.0974143766134371 -0.968341059665628
 -0.239639932181697 -0.277309867992808 -0.930414928952542
 -0.950424094392967 0.127522230182176 -0.283605574004942
 0.66889004908379 -0.682926884391942 0.293593209750157
 -0.514975062764557 -0.0144645170113049 -0.857083112934954
 -0.436583520512041 -0.266343997672116 -0.859334454401398
 -0.545042352286352 0.508493796864013 -0.666605500101056
 -0.981521383306612 -0.185846805801423 -0.0455712506442703
 0.273147423833417 -0.743750693548536 -0.610102770604461
 0.175933934500694 -0.960060341876966 -0.217557786912326
 -0.0472145630304818 -0.117973643894878 -0.991893645702
 -0.696335034778463 -0.717429402302793 -0.0203118697202692
 -0.967111138444225 -0.12063860715244 -0.223924925726087
 -0.898437593573757 -0.0872043417736114 -0.43035484571366
 0.00960663018596047 -0.996759765751378 0.079860390906435
 -0.161449188229058 0.378282611093 -0.911502290597693
 0.0696893665612089 -0.675249777242987 -0.734289541340195
 -0.315963164205499 0.320341505336 -0.893055764677836
 -0.985112484836333 0.11045490912637 0.131731185637537
 0.0696307039753631 -0.945671396569463 0.317580186369139
 -0.307107350141559 0.813478795904562 -0.493900115511925
 -0.959431377469711 -0.0909278634804825 0.266877416746803
 -0.515172832456678 0.00397123592439632 -0.857077115540834
 -0.166815810014491 -0.0521156917749758 -0.984609790830878
 -0.0232576788051908 -0.220839224904714 -0.975032880019992
 -0.274117466447349 -0.703532228243261 -0.655669137912986
 0.356866375623468 -0.197706211547193 -0.912994328495543
 0.544096737410532 -0.691416927376103 -0.475290829784252
 0.265744329028205 -0.888347581829952 -0.37445764172497
 -0.542891245351385 -0.128151378976713 -0.829967661892431
 -0.339887310354578 0.816032475758156 -0.46751215467402
 0.132617650420618 -0.846268244588121 0.515987031812482
 -0.0781377149472821 0.606982204338817 -0.790864780552787
 -0.171445169631008 -0.201369344593297 -0.96439459811234
 -0.984216018240915 0.146590613213522 -0.0991464651698799
 -0.0925550722375649 0.425144317110397 -0.900380957279658
 -0.998103232418904 -0.0591022855754382 0.0172295465608879
 0.802359632821396 0.233271675981593 -0.54936631203911
 -0.744849278069059 0.544983894424803 -0.384957280457944
 -0.938431911885904 0.246578369358296 0.241960026696084
 -0.0340042562877752 -0.995977154038237 0.0829048803642374
 -0.309602238439075 -0.481419606548183 -0.819988790401739
 -0.225953921744554 0.440695374766827 -0.868753366558877
 -0.0695531101642354 -0.98521334773905 -0.156579131123195
 -0.109774838721215 0.580498753141863 -0.806827541909964
 -0.530794937605154 -0.69143972180126 -0.490069225036767
 -0.169793873817723 0.687188333857924 -0.706358431834392
 -0.826608399659531 -0.0182833341560295 -0.562480464820288
 0.137446326524432 -0.954673392509849 0.264021250960365
 0.380284163913105 -0.891149457350884 -0.247460298512985
 -0.988980399789615 -0.0435806675343847 0.141486728173459
 0.156966250982787 -0.937558159116521 -0.310396994712336
 -0.909075708971861 0.0167403188021945 -0.416294507630968
 -0.93227911535045 0.359008188170279 0.0443708452486025
 -0.796750776383499 0.573959868880995 -0.189098570186038
 0.0060299694112584 -0.750085828433103 -0.661313004146089
 -0.357344860686828 -0.471102640709446 -0.806453316973338
 -0.0952902048457122 -0.31396581840249 -0.944640271074295
 -0.412463101250014 0.0326512424438172 -0.910388975369373
 0.128639732925108 -0.887540345642654 -0.442407000362196
 -0.932510179932167 -0.0868426611034764 0.35054688207905
 -0.516915098892515 0.450276892613391 -0.728044985227815
 -0.126814007612791 -0.984138873720065 -0.124051943580844
 0.431329231477064 0.06522917583128 -0.899833456087168
 -0.0366132641039395 -0.0543976617995291 -0.997847865800393
 -0.434654817439282 0.695822139116482 -0.571757588836552
 -0.159110524950562 0.228404346815138 -0.960476597948074
 -0.622266007191408 -0.711863448122892 -0.325630845468685
 -0.232464641929196 -0.13705374973725 -0.962900025929842
 0.461135529122295 -0.218747982334378 -0.859943802818382
 -0.763349453487901 0.211310392804259 -0.610446991763112
 -0.364056358243366 -0.302665409964508 -0.880827234838702
 -0.414268631339632 -0.619125251668874 -0.667132238640843
 -0.168959310345652 -0.273309723533035 -0.94697124901964
 0.206142961141884 0.383997348645996 -0.900028397221166
 -0.124216641863673 0.83737440555777 -0.532329156444473
 -0.92277303332175 0.246692068353982 0.296028634401151
 -0.681765103726989 -0.00800503821273981 -0.731527349251784
 -0.272540577920935 0.475349858761031 -0.836519064434512
 -0.944207095191229 -0.278929182409299 0.175132728497621
 -0.340145539850282 -0.313406938650546 -0.886609893090334
 -0.986922740713332 -0.0620414281372457 0.148776224772562
 0.077530158361032 -0.157223887566949 -0.984514968765254
 -0.920447194696929 0.275394343958766 -0.277371442455913
 -0.139594458121648 -0.989207742852174 -0.0445132423333955
 -0.209499868860312 0.0258377304120839 -0.977467245811677
 0.422934093020383 -0.905152414059891 0.0427300863862749
 0.621645745806926 0.145197792789967 -0.769723435845026
 -0.999609301105756 0.0236478131305772 0.0149005394870147
 0.124114626060076 0.0661374925927876 -0.990061307026745
 -0.965676193188685 -0.0558127658705721 -0.253681739734034
 -0.125758073256834 -0.968478432209035 -0.215021936919604
 -0.122085996936682 -0.979488420564043 0.160304221194995
 -0.715645738176175 -0.697457373897942 -0.0374751787942733
 -0.596672511181441 -0.0951585042006317 -0.796822924794921
 -0.855468071652294 0.398369693663331 -0.330871524241795
 -0.862306634274027 0.127082055350223 0.490181007072859
 0.526965772184726 0.592613911652586 -0.609192766422564
 0.0907098980795046 -0.0653927268940192 -0.993728084367032
 0.242948256772519 -0.950283509135488 0.194775246877875
 -0.528715332998525 0.626801217054096 -0.572346338288071
 -0.701803652920017 0.306442827438787 -0.643089749770156
 -0.335464773433952 -0.940329797983307 -0.056949598853557
 -0.206884860288786 0.047074185853372 -0.97723215031513
 -0.93617536708469 0.274974621995967 0.219008308796771
 -0.485258928478422 -0.870059182903006 0.0867224917661356
 0.232259243073416 -0.508683032948279 -0.829033905215886
 0.268463119101366 -0.301477041799743 -0.914898435319485
 0.337592289299813 0.0302822213039936 -0.940805204746555
 0.524108466427863 0.235151580340009 -0.818543859351611
 0.476331912351448 -0.844665708923909 -0.244228887406226
 -0.987246564588592 0.120617344242106 0.103902247213445
 0.363747009761554 0.335414041143985 -0.869014116049325
 -0.39684753196415 -0.879381384196219 0.263059722312453
 -0.905312199877569 0.409142999829771 -0.114069393104076
 -0.975995232397007 -0.0408476950321963 -0.213927025288692
 0.0752354088734135 -0.996184064648355 -0.0442373438661573
 0.275730933548216 -0.757122262867471 0.592231653455866
 -0.19524514391606 -0.968255602119116 -0.156078258390287
 -0.421319866925592 -0.021631603587067 -0.9066540925072
 0.271838440992797 -0.958545985403575 -0.0854017322148402
 0.476850155681113 -0.776273097877025 0.412327547635743
 -0.169645178172255 0.354611267394474 -0.919495167230252
 -0.939656561852425 -0.319100896595206 -0.123370026991223
 -0.817812411593791 0.154212695647591 -0.554437826942076
 0.0450220105096421 0.235971773193644 -0.970716405973195
 -0.995589836010981 -0.0196583211873738 0.0917301958992937
 -0.426789526766014 0.519650110299027 -0.740144893050713
 -0.582944448040259 0.321447314230187 -0.74622208133587
 -0.924467098808418 -0.326493373905022 0.19688235069925
 -0.0697260329289682 -0.137543063637597 -0.988038554904196
 0.405479036985706 -0.369849363665825 -0.835941504389589
 0.561974411261844 0.669163414269619 -0.486215061562196
 -0.969450636657302 0.145882478151981 -0.197189669234949
 -0.594241502941756 0.411525805022235 -0.691030786566217
 0.269355040531233 0.410890270345789 -0.870986250107074
 -0.394631121308618 -0.0509426235458566 -0.917426360642078
 0.259514430982971 0.144504841047818 -0.954866802766401
 -0.374391602479122 0.0997314845136841 -0.921891836925467
 -0.808732370010821 -0.0764110982834482 -0.583192333416513
 -0.923544681982757 -0.338342955472726 -0.180524970193457
 -0.288676671883901 0.227404194719816 -0.930028554042222
 -0.967545456610232 -0.215348206844288 -0.132215502880136
 0.220272498505878 -0.752062760704828 0.621193714040162
 -0.306046212988001 0.338681760351219 -0.889736129827885
 0.662478988300483 -0.740972285428109 0.109916615158095
 0.305346387597669 0.50513659671611 -0.807217815858347
 -0.040979025954557 0.131697003804007 -0.99044263772359
 0.101924612504479 0.355192810039231 -0.929219802340785
 -0.391539307901914 -0.911824640270147 -0.123583153236626
 -0.568197942767131 -0.16788181266127 -0.805584753339316
 -0.0364741938077567 -0.299981648446636 -0.953247420023423
 0.24967677489743 0.170579558351713 -0.953186299916943
 -0.976566693440367 -0.208277363512475 0.0542036263661481
 0.609381488546274 0.722181234276477 -0.327274298220973
 -0.106814957708166 0.037000758163433 -0.993590211659281
 -0.565923606864546 0.413398619149347 -0.713324647603625
 0.278403369387166 -0.740097062123221 -0.612166564384605
 -0.897056198554248 0.125451748810787 0.423735808441671
 -0.281671075300429 0.558488571670289 -0.780225557549085
 -0.358879181857427 -0.116755887442378 -0.926052803881554
 -0.929447759729279 0.368895963079253 -0.00652919275676967
 -0.904778149620509 -0.338173562248947 -0.258872829329663
 -0.777766981201593 -0.579047571348479 -0.244504464310959
 -0.932834138234012 0.25142377956043 -0.258082455073484
 0.600264458679774 0.0946587647342108 -0.794180267889395
 0.169634115700855 -0.948925656701474 0.266015722926421
 0.340932103523182 -0.880927359434885 -0.32822597122461
 -0.375807968623849 -0.26216523101382 -0.888840684468419
 -0.173738130397606 -0.97710745975135 0.12278466575354
 0.265151823910682 -0.963532736370685 -0.0360440871553033
 -0.164526477834824 0.193073053774876 -0.967292010717193
 -0.0848359662914741 0.0789897578767527 -0.99325901806828
 -0.146785231938517 -0.25745819059588 -0.955075586422275
 -0.839723669095865 0.435413930384006 -0.32446705347035
 0.257859870283522 -0.937737489396691 0.232715896056449
 -0.784546072510153 0.481836150809698 -0.390283722286476
 0.205417298058263 -0.798012397650108 -0.566550921678863
 -0.00936159399173006 0.0552440413159047 -0.998428994198897
 0.877118522052637 -0.406738639364085 -0.255395335745291
 -0.21345690506312 -0.332414797458912 -0.918660194038702
 -0.883111883516696 0.0559173834111822 0.465818255786568
 -0.0522234353239932 -0.813593189005832 0.579084480543453
 -0.00691064378868625 0.0523037649299207 -0.998607309795288
 0.426407370198621 -0.90446606858195 -0.0108575054320582
 -0.054749510695346 -0.210517878768119 -0.976055691954917
 -0.883599277903362 0.329964960456353 0.33222799544845
 -0.909495453743468 0.0984760767477621 0.403881767264049
 -0.411879658851803 -0.0677304677523858 -0.908717629608981
 0.0135218544015584 -0.950189628661914 -0.311378915530381
 -0.264909325545177 0.100966791233038 -0.958972760982972
 0.229546680309053 -0.95075488242856 -0.208262995026357
 0.349435116565182 -0.847322490809906 -0.39992461274442
 0.357090999540024 -0.31541542622842 -0.87920368911001
 -0.231762590025317 -0.768387540134868 0.596545631138343
 -0.160228238957564 0.488899921071551 -0.857498558959016
 0.597642330122681 -0.794961226260618 -0.104212734287833
 -0.880457806018317 -0.473297474087714 0.0279920139254182
 0.0613478458575432 0.462477243002132 -0.884506213383369
 -0.875435762946583 0.150084167207413 -0.459442017786566
 -0.475655165171589 -0.148304479469145 -0.867039759881272
 -0.588308331292818 0.704220694886831 -0.397450022297858
 0.382356892011738 -0.340980341714157 -0.858798936710812
 -0.976982212727423 0.0882899617829671 0.194192272406991
 0.562626926025606 0.697122744398848 -0.444376891110233
 -0.99879611828938 -0.0281395897033505 0.0401805622334258
 -0.153526624857587 0.445846488805488 -0.88184493187842
 0.237876243335422 -0.524450361425931 -0.817536978525643
 -0.76666496853155 -0.349761445198667 -0.538415970676073
 -0.982733509358191 0.175060218633342 -0.0599063388681013
 -0.622574600336674 -0.779787412956532 0.0658214069295856
 0.286129914326862 -0.956903022188198 -0.0496616376531788
 0.22407041790168 0.635174577233448 -0.739152017015226
 -0.145727966594427 -0.0443702022281606 -0.988329218887353
 -0.183835393292056 -0.898922931463968 -0.39767085819982
 -0.210308181647667 -0.96745419701803 -0.140722583135226
 -0.991281739095177 0.129117537916375 0.0262521454143263
 -0.0698189409355613 0.156247216182934 -0.98524723948952
 0.330760667146098 -0.802441815659717 -0.496673447598928
 -0.112815092601942 0.788226342501895 -0.604956186733635
 0.519931751034304 -0.850182392258627 -0.082830393937251
 -0.0538828513767408 0.0658490373869473 -0.996373696261962
 0.122591980557434 -0.926819786858718 -0.354931386313139
 0.0293897381324411 -0.260904112175485 -0.964917243882826
 0.0216864887001143 -0.548482436739236 -0.83588080059088
 -0.153367099175548 -0.910135203385237 0.384879779216044
 0.479636249643622 0.297966457319427 -0.825327243183158
 -0.898772487711177 0.0287284458278376 0.437473075438683
 0.0222646077330039 -0.462462464355711 -0.886359270445421
 -0.983754919503635 0.0222526430960203 0.178132193125326
 -0.121128853720508 -0.991937136024736 -0.0372628363306006
 0.375756879315327 -0.864899472332935 -0.332799745200348
 -0.453767258725415 0.178560761023498 -0.873047151952019
 -0.33650932302392 -0.278879518200221 -0.899437429644995
 -0.0613126111911385 0.138871592962224 -0.988410564683047
 0.203846682775426 0.0691452501716379 -0.976557967711163
 -0.931804850867214 0.162735370160114 -0.324433227643502
 -0.63592942738127 0.357923259583669 -0.683728530660767
 -0.940823259713145 0.301653006519461 0.154457300379435
 -0.20682124432921 -0.977768318151247 0.0345555916430116
 -0.554148375755226 0.232981301641673 -0.799149104193452
 0.0400125099414297 -0.995171172121497 -0.0896288861166553
 -0.279229564602587 0.686637579215316 -0.671237428233245
 -0.48363813595533 -0.115098090626297 -0.867667322759037
 0.079473292416943 -0.186444960151176 -0.979245767224264
 -0.890247375530067 -0.38260128845353 -0.247135316042701
 -0.0822765461654722 -0.20508897648562 -0.975278976331984
 -0.164286889305709 -0.934132740067833 -0.316868808713665
 -0.0619530176278339 0.13570580961911 -0.988810273430868
 -0.137238634674373 -0.586743553667594 -0.798058619013815
 0.261690085529304 0.66330114441365 -0.701106190926316
 -0.85730326281791 -0.415058832397023 0.304560800516065
 -0.994603296491568 0.103593736123663 0.00571143099810249
 -0.0981757922668075 -0.378362659589304 -0.920436424551578
 -0.374240282641827 0.315099851419155 -0.872156118182858
 -0.62227850160887 0.358176345563639 -0.696045380642739
 -0.830288318445137 0.053952647072473 -0.554716522313353
 0.230789142679989 -0.965941236217803 0.117020937421724
 -0.29180057769506 0.27720203452155 -0.915429655906964
 0.773027940961909 0.0320039395354221 -0.633564164348336
 0.272683174774245 -0.809515666445891 -0.519931026169533
 -0.720823287701722 -0.145015258231153 -0.677778992583152
 -0.250218049406512 -0.962302929357277 0.106602063308376
 0.592992449118388 -0.664725610057092 -0.45442251113122
 -0.987521477379977 0.156797296034363 -0.0146948858307974
 0.2177808932139 -0.848817129428932 0.481747821312129
 -0.182572311938879 -0.960880034588698 0.208271241514796
 0.139350829715799 0.950959564146296 -0.276147159348428
 -0.934853520438937 -0.27393219624442 -0.225854039555716
 0.522343841875766 -0.848141711197553 0.08838862246551
 -0.844861651886666 0.169849883569665 0.507306422414211
 0.151433670226867 0.292038800441177 -0.944341666219647
 0.560631761959727 -0.610822187367736 -0.559095951426252
 0.105541260253559 -0.974369437753999 0.198658604533122
 -0.649566670418252 0.74541196922622 0.149746909203614
 -0.999361361562805 0.0336968739527935 -0.0118907401428885
 0.0442792483048389 -0.0455158100372852 -0.997981793023404
 0.215863485216185 -0.95871164990638 0.185134891590182
 -0.203990267284313 0.216439564702675 -0.954747027062453
 0.626906740657605 0.123857867414643 -0.769186041993454
 -0.584300319408515 0.394579088975673 -0.709154763984728
 -0.996709312575901 0.0459061780287335 0.0668069535547628
 -0.953162639041944 -0.183009847632098 -0.240807764003307
 0.162177465022223 -0.960646408373625 0.22551485077001
 0.314047753698444 0.315774601852473 -0.895354906850839
 -0.385469836830353 -0.214159008548627 -0.897523773474247
 -0.176920542673188 -0.962803553284129 -0.204226441392098
 -0.994460955598719 -0.0866634063542453 0.0594715208209921
 -0.173481088544156 0.288356542721097 -0.941676598513243
 0.0335334533125717 -0.347775687519034 -0.936977896580062
 -0.408185207158514 -0.636060679675144 -0.654837115951864
 -0.379784282020637 -0.912861833235987 0.14982380502144
 -0.775252710555574 -0.455213114159394 -0.43790895797362
 0.113229795857995 -0.374448573345214 -0.920308252299028
 0.0718785547875336 0.0919097581370824 -0.993169708418878
 -0.733221200995201 -0.279923897760254 -0.619700961653168
 -0.522123602509623 -0.330122444744543 0.78638801820619
 -0.37835543182893 -0.137178896239338 -0.915439303084645
 -0.990357317019908 0.0131745977730141 -0.137908718356196
 -0.992315005631283 0.114436607265612 -0.0470658317309165
 -0.944722549409429 -0.324255024702462 0.0485590732258678
 -0.290793600976694 0.678022749993118 -0.675073501274326
 -0.0779333772033574 -0.852071414230317 -0.517591241975004
 -0.818604830917964 0.470468025807298 -0.329463150429233
 -0.365837910173744 -0.29898372371005 -0.881346331719932
 -0.748263906037616 0.46297682206295 -0.475135337723708
 0.288318506832978 0.413804510208186 -0.863503483460817
 -0.168514206834755 -0.0141601440517274 -0.985597510353637
 -0.320877275954712 0.0429778131634078 -0.946145169279839
 -0.136955074508766 -0.699085169330567 -0.701799995431997
 -0.96836243409514 -0.0922787946708187 0.231859483928168
 -0.97155161949515 -0.233126224040854 -0.0417086839975092
 -0.0191784313993326 -0.885354751846879 -0.464520345250035
 0.309763226541232 -0.947124049842549 -0.0836826008953736
 -0.0816965069545131 -0.996097858310129 0.0333876836783461
 -0.665906221479322 -0.739731456006662 0.0967795287723428
 -0.112958079887252 -0.234972074096003 -0.965416281498923
 -0.304788719681748 -0.156574761357557 -0.939461643953911
 0.276582254384081 0.547240425576605 -0.789955804570456
 -0.464468353567456 -0.243976785710107 -0.851319256547684
 -0.654782966942363 -0.737169927460733 0.166852522455292
 -0.927950154204547 -0.345422397065688 0.13997099312769
 -0.815831920464478 0.110497076533625 0.567634278060058
 0.548633565461137 0.274037388169838 -0.789876395858525
 -0.864365202428277 -0.0300935300322453 -0.501963321649423
 -0.894589665040056 -0.304602007114624 -0.326996863081686
 0.705673350043476 -0.681025286106024 -0.195524123121995
 -0.183662726690421 -0.709110231894348 -0.680757432458422
 0.00668845572921963 0.241400896524034 -0.970402427716126
 -0.603341846697914 0.483153231415516 -0.634461638711038
 -0.0263037076488636 -0.958248802957 -0.284723280740088
 -0.59175806770613 0.742103335724683 -0.314809511309625
 -0.651102624305186 0.590531029080673 -0.476800247814346
 0.0872458475406456 -0.98584075745653 0.143199731230371
 -0.911774523510849 -0.397821923880763 0.102004583996862
 -0.110610058062272 -0.97590428116006 -0.188085749244665
 -0.95126123060626 0.294228793494011 0.0923660555860381
 -0.83016483655263 0.132229722291663 0.541610233188236
 0.550254601340742 0.26854352494423 -0.79063534509524
 -0.625828465581505 -0.772397040224107 0.108358404939064
 -0.297056071059149 -0.588636285951299 -0.751841082615444
 -0.910224302785672 0.387678034660596 0.145593475334694
 -0.228735314141501 0.191424625165591 -0.954482461308118
 0.17098749167326 0.504953843591229 -0.846040716238723
 -0.204047676924648 0.424429516708379 -0.882170125819474
 0.232095163628639 -0.0646679001816117 -0.97054103349951
 -0.982905756437773 -0.056008995811834 -0.175383198595643
 -0.0386655431004802 0.163624024220457 -0.985764756153642
 0.494906983984108 -0.15155253934694 -0.855627784156901
 -0.941110381810926 -0.158463405882104 -0.298664691994111
 0.161339455869171 0.151817728611936 -0.975151761142312
 0.693483360073119 0.145604720045628 -0.705606189600213
 -0.780937785965326 -0.399664599318741 0.480004565085547
 0.811405051597791 -0.576467833187501 0.0964711332041569
 -0.38678800151864 0.163164899220474 -0.907619004617901
 0.0369280391104477 -0.965557428345391 -0.257556154060609
 -0.342086590865831 0.415961234027103 -0.842587097062638
 0.0523064877275505 -0.0665954587185628 -0.996408087191022
 -0.135644743260399 0.124408997978658 -0.982915512568485
 -0.69006474837125 0.055213562445705 0.721638486762851
 -0.157823602058655 -0.985336736003922 -0.0648323014736321
 0.263375126239635 -0.582525542713597 -0.768958734240327
 -0.966521762994366 -0.0653609749711669 -0.24812018178512
 -0.384840138479719 -0.131798343225682 -0.913524638166851
 -0.489298609483878 0.464065579785862 -0.738396917934491
 -0.0747368221667269 -0.283682808989619 -0.956001292518048
 -0.124700659162959 0.271747374074072 -0.954255264742181
 -0.935376639908248 -0.350794112499686 -0.0448779695342177
 -0.785367375572928 -0.214569657501375 -0.580653035353673
 -0.196711831323695 -0.814569585411573 -0.545692996051531
 -0.129525294538598 0.318272459246366 -0.939109067020418
 -0.220555584896918 -0.0549466732544953 -0.9738254962102
 -0.175915460570746 -0.150584427463568 -0.97281965488864
 -0.0478513689964957 -0.935454877632777 -0.35019197363476
 0.221282779102686 -0.970262358794012 -0.0981065073278628
 0.143383013232619 -0.920273757724042 -0.364057031742014
 -0.262442223663602 0.234244880467769 -0.936084085546349
 -0.373412586453303 0.693232532676066 -0.616434664760007
 0.361705257882862 -0.0388238485888694 -0.931483770766105
 -0.96644226510439 0.117199472940828 -0.228590532967328
 0.0290299658800407 -0.99931103327278 -0.0231240104716434
 0.114809997063045 -0.0841405908018983 -0.989817672884199
 0.0536201764244682 -0.97349867837741 0.22231779028599
 -0.747429615636594 -0.0956340694119227 -0.657421550024829
 -0.97525839974671 -0.135710068022192 -0.174510260904334
 -0.514311522365223 0.244214558583263 -0.822096653282538
 -0.98804267185531 0.0486593377262421 0.146300879850614
 0.401708620875758 -0.158785114528691 -0.901896596799327
 0.271957118448179 -0.896008195169112 0.351010882901306
 -0.92529183455443 0.218201674265773 -0.310198404661453
 -0.82870649454815 0.0440129325387453 -0.557950183854309
 -0.160619947536462 -0.89368638429936 -0.418958087368321
 -0.335293419265372 -0.0665330747075401 -0.93976149791705
 -0.114176950796043 -0.0197241483198913 -0.99326460818856
 -0.945718562453 0.267607842659671 -0.184397514025724
 0.0266117186987517 0.792281569633095 -0.60957504119478
 -0.975396105763846 -0.21202216099766 -0.0604072852113575
 0.213159349833642 -0.954067510597581 -0.210519065171385
 -0.266701229968086 -0.552548181899205 -0.789658762132982
 -0.415390956947546 0.350894398264973 -0.839239819212878
 -0.294120967936884 -0.152596623458164 -0.943507883766234
 0.302939578792996 -0.884719524889155 -0.354258343417103
 -0.953939803139477 0.276365738895492 -0.116708313118492
 -0.591819317096016 -0.0521991639415241 -0.804378731193093
 -0.497130197944992 0.261274327353662 -0.827403947390309
 -0.603598321619546 0.0974148028553426 -0.791314995638729
 -0.969558167847199 -0.015085294129738 -0.244395975952554
 -0.380012576885249 0.35910170960273 -0.852429705940278
 -0.966672658762839 0.00628922349509323 -0.255938305980588
 0.190339208296572 -0.971613581354695 -0.140492114768542
 -0.245471403724741 -0.914281525135231 -0.322231411798727
 0.278731456299404 -0.898310129709946 -0.339628747501907
 -0.926820039800489 0.129964427673377 0.352297972409369
 -0.439650861722439 -0.888435730491452 0.131867632771797
 -0.186712252061349 -0.0747020032902082 -0.979570388300202
 -0.920117401135467 0.0574295700286582 -0.387409102389241
 0.618051824814764 -0.765588926225023 -0.178565220255112
 -0.20103639134788 -0.22672357721871 -0.952985198671508
 0.388734280137504 -0.807207642914369 -0.444186313011337
 0.0516108612386575 0.415662880495691 -0.908053241159476
 -0.434120869560914 -0.894199647941305 -0.109298033986541
 0.325482974879476 -0.912174777165429 -0.248993993836811
 -0.155086764417729 -0.960686952896944 0.230279556270254
 -0.460976784244067 0.259501531626085 -0.848622035697704
 0.283177520190841 -0.130469092505505 -0.950151728914575
 -0.653562004711138 0.527541547227294 -0.54273070849823
 0.374385722714095 -0.247623744888559 -0.893598238357267
 0.308170741031375 -0.946655510492281 -0.0942026476632767
 0.567833654021929 -0.707670949747211 0.420436402139474
 0.0383941798379707 -0.997592304607952 -0.0577536210255716
 -0.424209384414132 0.707320266234294 -0.565459493818284
 -0.93927051694884 0.224717274498713 0.259370473517186
 0.0647619943515423 0.571984266786807 -0.817704031197089
 -0.11289443362599 0.350970346445358 -0.92955616439906
 -0.687109729675607 -0.0618784319274539 -0.723913861621197
 -0.770245751147294 -0.145345845557748 0.620963821827523
 -0.916187227398279 -0.0851492011593487 0.391600022847522
 -0.195363673100929 -0.973705458518942 0.117178134832959
 -0.156531327787199 0.744535704966761 -0.648971900355343
 -0.944981450726038 0.193078691713819 -0.264065667192449
 0.305287676812087 0.0177178203935529 -0.952095327804512
 -0.364096897760517 0.313627208408599 -0.876967173380507
 -0.372552853729219 -0.913367787732849 -0.164206137248934
 -0.196589173467628 -0.167806899519536 -0.96601943114461
 -0.978815382435447 0.176736514964614 -0.103366587376736
 -0.35139422014643 0.147175716899569 -0.924587156736876
 -0.780742693614364 -0.00388982007098428 0.6248405521952
 -0.124572212853769 -0.986822423749823 -0.103263099746421
 -0.256787667453712 0.0220150506794956 -0.966217072601836
 -0.435152497512534 0.224832628070711 -0.871832892969416
 -0.421286211500887 -0.0109683593394195 -0.906861413388303
 0.633340032160782 0.309318358523846 -0.709367716168909
 -0.931928541250294 0.144095738140745 0.332784633438465
 0.084048415501903 -0.996456441041555 0.00322877041871507
 0.0679876837787297 -0.963740490167741 -0.258034769877328
 -0.290718407750366 0.594309641338431 -0.749852557245275
 -0.980179968606093 -0.194249895218805 0.0389128173079363
 0.448477305714852 -0.359048656253536 -0.818506059049826
 -0.691141472395731 0.46266316084163 0.555217313071821
 -0.798245027729378 0.552012023341893 0.241013696273288
 -0.331118221318167 0.0682755869232478 -0.94111591620872
 0.0699734226503847 -0.881906592520504 0.46620219024739
 -0.207644353914662 -0.212840613253899 -0.954768398951844
 0.302602547232036 0.609131943198387 -0.733068874106683
 0.0482536431637856 0.252650443498159 -0.966353630572994
 -0.820908022017544 0.446689694159952 0.3557784936144
 -0.199886822848327 0.637147915009821 -0.74437073589055
 -0.223796174606034 0.628695273164194 -0.744753332139377
 -0.183487814077394 -0.909001971434426 0.374229392236135
 -0.906182677886617 0.358252229750534 -0.22469600391865
 -0.302318718579767 0.0630143590586319 -0.951121749803209
 -0.847513417915924 0.0713928851040767 0.525950627349169
 0.130346800020782 -0.108194343431306 -0.985547409196438
 -0.375402099618374 -0.922084605068158 0.0939853429978087
 -0.168213876552292 -0.0293098385281083 -0.985314683286871
 -0.317259880755339 -0.947858445427486 -0.0301750806941217
 -0.287924065326328 0.779508013144499 -0.556297573291018
 -0.459493774338729 0.496354071208481 -0.736544708309492
 -0.0234745068166427 -0.97825598058534 0.206068396360843
 -0.52358292330975 0.0227229948934453 -0.851671643253131
 -0.95236666908964 0.195733165222726 0.233850926102501
 -0.0504113663208238 -0.458416123712535 -0.887306796810462
 -0.252254618631478 -0.452114429978985 -0.855546696319882
 -0.314217734262658 -0.480734192672971 -0.81863413773792
 0.292166400788001 -0.95623967955357 0.0156355203901422
 -0.382848401958136 -0.88963595784125 0.248947712650634
 -0.872788047902179 0.339558792730315 -0.350629219715976
 0.3212222956226 0.416040671358213 -0.850721103870566
 0.509048215447805 -0.680217634971939 -0.527421921636356
 0.569381892363624 0.0554807524131631 -0.820198845866103
 -0.232326153596242 -0.0329345336488284 -0.972080179228293
 -0.897634748191916 -0.393284410103882 0.198945298028572
 -0.945573318850199 0.282852330772301 0.160890203726943
 0.10008383004589 -0.37637658579649 -0.921045000327086
 -0.27254604258117 -0.882580280263771 -0.383106647766476
 -0.304073017432964 0.38659594669137 -0.8706797195703
 -0.930953593376948 0.0736043539671049 0.357642008236776
 -0.159506247461926 -0.422387526590104 -0.892270437928832
 -0.926527086338912 -0.265720363454749 -0.266346103267539
 -0.0593888590178393 0.194557015062239 -0.979091686878523
 0.491416453629975 0.2317012510066 -0.839538206029788
 0.25819380078151 -0.964238201312542 0.0598385525188589
 -0.211128451776829 0.141629949110567 -0.967143078538671
 0.109748917740706 0.793691638981053 -0.598338330099546
 0.423321487829385 0.046565017181498 -0.904782082667867
 -0.850478084955204 0.525871159130102 -0.0121058252957952
 -0.958151923072497 -0.192852937685468 -0.211548190109395
 -0.969718976131904 -0.215903815225716 0.11415187208571
 -0.732302790154088 0.123998747389536 -0.669594604352785
 0.330862196301193 -0.943352126768302 -0.024838920678494
 0.49421669265401 -0.808610003627627 -0.319217359702541
 0.18976820047669 0.39708805878537 -0.89794716083849
 -0.881015429955812 -0.355381328401584 -0.312275397050907
 -0.306379186565466 -0.761415152449833 -0.571295684964695
 0.275023558099638 -0.0659919425002056 -0.959170008921914
 -0.973360509364951 -0.225647943276924 0.0406487946155598
 -0.142020901576037 0.0891250991160911 -0.985843182368817
 -0.985195687781253 -0.102988092341393 -0.137050755609391
 -0.140652232690536 -0.451332227159667 -0.881201549117035
 -0.96053470270981 0.273031438242263 0.0531687748734043
 -0.931568091846806 0.15360047889454 0.329526604595546
 -0.960002271188319 0.27385059810109 0.0583222876175444
 -0.885640778531096 0.0307664652376282 -0.463350662047241
 0.165497140825759 -0.0694309404903611 -0.983763203662916
 0.223453160835941 -0.324723784615385 -0.919033812553971
 -0.995731466117328 0.0177125383149196 0.0905820808453792
 -0.332188143002544 -0.0550650331493203 -0.941604417880877
 -0.273310945874153 -0.29933456433997 -0.914166257010604
 -0.732027396043146 0.104774189169595 -0.673170305885624
 -0.542782438043231 -0.837142279965833 -0.0676759044672048
 -0.963754894058116 0.230923117538228 -0.133607701744528
 0.262669142576862 -0.95643793848639 0.127402477848122
 -0.958234415851378 -0.266382446702351 -0.104053814763507
 0.32419282881021 -0.738878979070462 -0.590725709645201
 -0.892360102415644 0.351511602311237 -0.283077800361188
 -0.0576330334249492 -0.489100564381025 -0.87032124608124
 -0.38559147032005 -0.295075850936811 -0.874213623898838
 -0.978026276574662 0.138501447543918 -0.155826670880635
 -0.874699157094076 0.084680375229499 -0.477211293485291
 -0.401898445458899 -0.56738393745173 -0.718716291077009
 -0.440260408588726 -0.885986252269481 0.145599221903032
 -0.377800745177684 -0.22514081402827 -0.898096994094666
 0.155482180422023 0.151147182351386 -0.976206853509261
 0.00225053559142095 -0.104245082840753 -0.994549092701349
 -0.36812957115846 0.14465621921006 -0.918452610145205
 -0.96216982004808 0.0390947048382991 -0.269630935618024
 -0.912063414203323 -0.0443102093547294 -0.407648051410425
 0.21896333657311 0.301919986398392 -0.927846635522254
 -0.0727818669902557 0.243036675270098 -0.967282778876513
 -0.686962665384329 -0.584800831511747 -0.431381830668873
 -0.665756006224694 -0.187351045217453 -0.722266243176069
 -0.874918398759655 0.100735043655829 0.47367736539917
 0.191074321909198 -0.378765624907505 -0.905553535079715
 -0.745915285331415 -0.00243903496100927 -0.666036364035338
 0.0905887886432392 -0.127201832453557 -0.987731423613022
 -0.397978403551366 -0.512734459232968 -0.760734227323697
 0.410974286311127 -0.716284453367758 -0.563947442457816
 0.00695189891465753 0.266796560035876 -0.963727796970962
 -0.40803178475121 -0.853574437827929 -0.323914713650797
 -0.72049594610102 -0.533400737933249 0.443135695272071
 -0.606195421022289 -0.557840704612308 -0.566869349858726
 -0.930017799134194 0.367170637494961 -0.0158939062264126
 -0.732525284792102 -0.670720829197598 0.116362693423349
 -0.502364840127689 0.306564737553897 -0.808484773568428
 -0.0151871541794829 0.0551720066186123 -0.998361357442086
 0.0342184630569485 0.577423763920476 -0.815727217668952
 0.0657343349538318 -0.975867973270718 -0.208232312460578
 -0.150243185386532 -0.893842974220831 -0.422459137291368
 -0.87476524376455 0.147958686199313 0.461404373060898
 -0.465860885193921 -0.724548215611301 -0.507940467870809
 -0.107931970521803 -0.483889775508788 -0.868447681151453
 -0.22357011691882 0.168986395035943 -0.959927081144012
 0.291877125269053 -0.0143494423599127 -0.956348177835161
 -0.812374781099868 -0.136055703306873 -0.567041498155658
 -0.233964772815652 0.578299557776238 -0.781556208187951
 -0.244052050313997 0.45267115090682 -0.857628955827769
 0.325628345456255 -0.719786149564093 -0.613085703251282
 -0.130892956106005 -0.242568441495707 -0.961263535786194
 0.808481987724606 -0.0585637127494162 -0.5855998352748
 -0.340295125453398 0.487193385272121 -0.804264777880858
 -0.796141794403942 0.577508349041601 0.180671940241192
 0.468631898500744 -0.871706572099211 -0.143219397661876
 -0.325204209429836 0.108651956367046 -0.939381165739834
 0.728385158906855 -0.365270144328377 -0.579683346273259
 -0.425131789968565 0.534577335475104 -0.730404020768275
 -0.8210551966049 -0.0289363290467136 -0.570114947172401
 0.457904166039562 0.558700788537869 -0.691503581777258
 -0.892721551603846 0.449799802510939 -0.0269883116022974
 0.0247803259159705 -0.991011162236743 -0.131464108294541
 0.0646639755535043 -0.990266231192532 -0.12325324184521
 0.108446984185098 -0.905131249067864 0.411067723838792
 0.344912803762363 -0.421752880971096 -0.838546161635342
 -0.010299326144719 -0.999930140797983 0.00579977626210096
 0.37572869422996 0.433283309945485 -0.819202979520298
 -0.673050216907913 0.214098611036548 -0.707930215679788
 -0.926585727312589 0.0747632449852752 -0.368577464232245
 -0.174855789873506 -0.265173260878883 -0.948213369691955
 -0.995822055671344 -0.0727327204235749 -0.0552121799812737
 -0.00178324826142865 0.48650381283066 -0.873676633616161
 -0.454538061319587 0.14997814148499 -0.878010084161076
 0.27639689738803 0.504240138953016 -0.818136075101761
 -0.591427620785636 -0.695721160797441 0.407658479355579
 -0.461008372372924 0.536160734767633 -0.70710886509469
 -0.515277777736941 0.0648039160317089 -0.854569636856725
 -0.192928349033159 0.671352786556583 -0.715586534335331
 -0.327414198196511 0.172242827531651 -0.929049165105506
 -0.262256135415378 -0.869308292556821 0.418956813918732
 -0.253532402439713 0.727974320271467 -0.63700448188254
 0.011235956388228 -0.921150086735703 -0.389045332822344
 -0.845478961626573 -0.0848053158046991 -0.527231812259197
 0.661829854986235 0.517067373617486 -0.542791464735044
 -0.259649573858986 0.539822914192906 -0.800732989271158
 0.054886680367651 -0.201528465814794 -0.977943623009299
 0.616123164992633 -0.772022764414536 -0.156118854675528
 0.0290669086014485 0.506449493949308 -0.861779568626946
 0.0614999933800972 -0.0894880024248687 -0.994087344369827
 0.241584226670571 0.279339435431977 -0.929304331872249
 -0.569094557272879 -0.790065831294028 -0.227875771208924
 0.107760344819991 -0.918590176919551 -0.380236498709927
 -0.402078513866892 -0.157267763174905 -0.901997627132441
 -0.0674330625906006 0.306572792537005 -0.949455583450703
 -0.585128647438285 0.074949047994044 -0.807469569799277
 -0.310315381648508 -0.763847316133983 -0.565898967614584
 -0.832404425215247 0.479699862408224 0.277472367791111
 -0.956783199131489 -0.106473827382742 -0.270609005656102
 0.0494927658081174 0.697982535079463 -0.714402440405063
 -0.26171851169942 -0.24319156862404 -0.934002827396159
 -0.40685832101079 -0.026068533348681 -0.913119235474387
 -0.031136198404089 0.911591895255629 -0.409915544537153
 -0.882492651590308 0.284465485334794 0.374547870828747
 -0.938737983358956 0.317306716602817 -0.134489576539968
 -0.958808209724785 0.226455863069959 -0.171477575926394
 -0.244185238786829 -0.163816117199896 -0.955791739294795
 -0.423900648544131 0.227551098865463 -0.876657708326908
 0.215458228360507 -0.278190189610752 -0.936049128110317
 -0.829710727386011 -0.43111234530364 -0.354573341619716
 0.178442653371736 0.0725790800807171 -0.981269838827369
 -0.0296807762678375 -0.988906681178085 -0.145542527947963
 -0.923025950843684 0.377857303441496 -0.0724358495845413
 -0.196781171468098 0.472711685763955 -0.8589649775735
 -0.232274372194263 -0.370092365259805 -0.899488886645168
 -0.685091805975039 -0.697087260857373 0.211467652694742
 -0.529502375078824 0.138637173941263 -0.836903201563636
 0.368967154664054 0.318607220232365 -0.873128099418933
 0.220446701565196 0.747517832305585 -0.626594240441281
 -0.923732594926102 0.248548948016761 -0.291447273980821
 -0.904012754099125 0.0534855159783032 -0.424146484138027
 0.582217817630692 -0.80865885404049 0.0842215567136817
 -0.0430164317267084 -0.191278762671452 -0.980592688914404
 0.349226437496687 -0.0360407877969594 -0.936344998901765
 0.0747410588462223 -0.972529460320301 -0.220454582469157
 -0.241202885626489 -0.966946134313875 0.0826821703930689
 -0.624527799774671 -0.360628268356702 -0.692757013223724
 -0.885801078595389 0.458183240622027 -0.0736516610290838
 -0.538850011316618 -0.81316068681435 -0.220023550384263
 -0.660619769464575 -0.235115457163038 -0.712953183593136
 0.428822902509103 -0.642176460119268 0.635389890030016
 -0.0308905465211969 0.181965985085088 -0.982819492281078
 -0.149513185474595 0.359928283794028 -0.920922058533905
 -0.983293094403448 -0.0939972554969393 0.155882027371778
 0.167020773691994 0.358481459700647 -0.918474335083034
 0.00342495436941635 -0.417015817919517 -0.908892775465007
 0.133152932626138 -0.968337375073116 -0.211170605363453
 -0.0579648162212404 0.0986679432500424 -0.993430781209866
 -0.9500215869075 -0.0203518670042653 0.311520121210807
 0.204523002828736 -0.815214910021141 0.541844065938846
 -0.178235027052069 0.322957340354346 -0.929478795585459
 0.349173943597509 -0.0942456572079468 -0.932306448122079
 -0.433056420118405 -0.887988515594562 -0.15472082331218
 0.15483807294142 0.419952910072276 -0.894239746650536
 0.0451520933898375 0.243267164096813 -0.968907826026196
 -0.056364681601885 -0.243273660442908 -0.968318619465012
 -0.0723838201529815 -0.980877066200169 -0.180667549888215
 -0.975453854589721 -0.157040380102207 -0.154363520896001
 -0.10653497310444 -0.579101482822422 -0.808264667110043
 -0.142771576335984 -0.031302370636012 -0.989260551413582
 -0.989873750980211 0.0068350128129786 -0.141785893939465
 0.182643385903021 -0.982091932917754 -0.046225846490367
 0.0987915732383249 0.495633299287431 -0.862895044425771
 -0.955240813572634 0.292667989053229 0.0431327748774754
 -0.313078357692358 0.338598306759654 -0.887317941103498
 -0.524661097769165 0.502957427486848 -0.686851191033012
 -0.906414405115883 0.190844812910546 -0.376817175276764
 -0.698819765459442 0.698968453911762 -0.151967219621244
 -0.985033317229452 0.171207788230826 0.0199313119751253
 -0.0996748783842963 0.588676335831357 -0.802200155978072
 0.016479327828556 -0.976334578024047 -0.215636786075394
 -0.456295952727007 0.103698219815791 -0.883765060823288
 -0.0121189838727058 -0.0210331919939766 -0.99970532411528
 -0.229748993946591 -0.79744420851864 -0.557940977237385
 -0.742516263051161 0.474947909416938 -0.472328362947875
 -0.640051624263428 -0.116005839118864 -0.75952390585687
 0.267817768090554 0.10937267066593 -0.957241485731995
 -0.103279609502973 -0.497110269680155 -0.861518834407837
 -0.875869759706767 0.0897245495194639 0.474132543962909
 0.2166489513916 -0.530960031121367 -0.819234201686256
 0.00700757266040982 0.232306912033083 -0.972617289866401
 -0.917547602357161 -0.321533006489994 -0.233929312284994
 -0.463971864591748 -0.0754040557886819 0.882634883311256
 -0.859074644514196 0.466500487911033 -0.210637247255978
 -0.141688049218346 0.709909724458459 -0.689893237992672
 -0.796134728983718 -0.605049464373849 -0.0091999438552631
 -0.431254769349443 -0.902225392124799 -0.00294375926521883
 -0.991554262541885 0.0716696523704142 0.108090727465974
 -0.935177167523778 0.0735709959022985 0.346454865608995
 -0.875268411402634 0.0342480460492381 -0.482423340379089
 -0.753586345668947 0.125475900799455 0.64526228615958
 0.0430685355058464 -0.0255917884744172 -0.99874429240525
 -0.941648994835887 0.110088417337965 0.318084439878133
 -0.919088789537213 -0.0807169600055851 0.385694917408147
 0.00507451384535576 0.0402350857768028 -0.999177355218665
 0.191457358573347 -0.974260189456314 -0.119000685244516
 0.140380413445678 -0.197608287976839 -0.970177460078146
 -0.258518430677202 -0.895349741537395 0.362652811004021
 -0.708955236172182 -0.0373569260308366 -0.704263397587559
 -0.893442313099354 0.00843426607059609 0.449098760095735
 -0.19475435494726 -0.94773809161687 0.25271179419942
 -0.510996508054426 0.349674901396085 -0.785245205072798
 -0.0672755905086645 -0.692398936523881 -0.718371566546386
 -0.972738902972133 -0.213862735617488 -0.0896758437862469
 0.221520356417061 -0.283749100808955 -0.932960438326818
 0.220968156000728 -0.974295986692813 0.0438224183257304
 0.189154702022143 -0.089356105298036 -0.977873194820719
 -0.934878119571348 -0.0046787376489185 0.354938038199279
 -0.308544544679703 0.402676612194495 -0.861772481540202
 -0.452501445844665 0.257690177533081 -0.853720219926562
 0.200575069375923 -0.135704339199357 -0.970233978928438
 -0.541219542281236 -0.194835248632933 -0.81799794189413
 0.212717808669819 0.3411957645831 -0.915607221523107
 -0.617004172013155 -0.0959786124618676 -0.78108511550807
 0.40891174264008 0.443391282286307 -0.797618553898766
 -0.909517395194647 0.396980724660952 0.123225046504393
 -0.324702336448391 -0.189188458323213 -0.926701742710265
 0.0275405364791351 -0.847060536205985 -0.530782410082391
 -0.863684481875701 0.162306461590928 0.477185213824711
 -0.0502664593002317 -0.892422757596943 -0.448391463781913
 -0.997353381055982 0.0355669279970816 0.0634131447655065
 -0.249477241172344 0.427781245475516 -0.86877172614931
 -0.976200354269402 -0.0633427562899983 0.207413990728397
 0.0844175576398876 -0.252481073948215 -0.963912331729433
 -0.120922895775979 -0.991310553005914 0.0517787676201388
 0.442503410450429 -0.797629891600623 -0.409850323612069
 -0.819309047060267 -0.270477848105301 -0.505543686628093
 -0.257725602366266 -0.440846258245684 -0.859786072506252
 0.353047380266831 -0.932920252768699 0.0708332496834291
 -0.0381270979511768 0.481347604615606 -0.875700181530551
 -0.490882723323322 -0.120119771377074 -0.862905204797722
 0.0389947324220899 -0.985845860363767 -0.163056279998515
 0.137396821367409 0.0811546180298441 -0.987185920407378
 0.617740457155603 0.182074806551976 -0.765013393616248
 0.166098046667903 0.114083919858208 -0.979487773340175
 -0.316923486169387 -0.90074296954719 -0.297021222685438
 -0.362920981656568 0.471358164247204 -0.803809580728508
 -0.550756913850861 -0.300322556486393 -0.778763882002082
 -0.669276028784493 -0.112954151700486 0.734377938740049
 -0.896294671845487 0.284949851293524 -0.339793236349973
 -0.983861875428195 -0.175427663193434 0.0352270501944968
 -0.118957981372412 -0.232910215319043 -0.965195229095046
 -0.672786211645171 0.244727263143859 -0.69818857058409
 -0.284398575417692 -0.958327275029224 0.0269496611379419
 0.329414377301349 -0.00507669592901658 -0.94417180385013
 0.543731596121291 -0.578298753805847 -0.608215835642248
 -0.161887923875947 -0.979212255254701 -0.122211534898049
 -0.143411819421659 0.659329714129147 -0.738049712496758
 0.34467076647975 -0.185892884960798 -0.920133630542441
 -0.881658514540305 0.467672450644457 -0.0629344313296812
 -0.988563501304668 -0.120653071457837 0.0904712121950725
 -0.45045698286536 -0.215947197321159 -0.866288239881492
 -0.430420602331299 0.305844818092808 -0.849233214337816
 -0.775669637140891 -0.398586760721009 -0.489351824555352
 0.202668968156118 -0.103709910264447 -0.973739977539936
 0.381345073200423 -0.623381056276093 -0.682621413245927
 -0.57542773016234 -0.202958062275301 -0.792269494753945
 -0.222520703481174 0.667959084532679 -0.710151531655399
 -0.248126861833014 -0.884284095249919 0.395568830072509
 -0.738867505777317 0.37287961646243 0.561280322595793
 -0.5378621696936 -0.183485159355594 -0.822822874444279
 -0.217368975538119 -0.9503719572361 0.222584526355119
 -0.571364856905003 -0.519834558150829 -0.635070257881801
 0.121207652294697 0.557952425492039 -0.820973687710367
 -0.0441356214690138 -0.985651835994431 -0.162918707085318
 -0.250778556546644 0.122329768227454 -0.960284095141536
 0.322204771470897 0.421957981157946 -0.847428786021868
 -0.218925050117723 0.273398178277203 -0.936656425027694
 -0.533694812751747 -0.12735502739929 -0.83603262127623
 -0.0599626047184427 0.00441491920326908 -0.998190860769527
 -0.250440185271421 -0.743504730109248 -0.620064859435197
 -0.869232152699519 -0.430838259416771 -0.242515688020564
 -0.588392186840905 -0.599588390863278 -0.542483544456938
 -0.865932075491366 0.398783873757668 -0.301882531236977
 -0.957377192946997 -0.278599529366389 -0.076231310245563
 -0.040910730289648 0.459815078001433 -0.887071815688958
 0.267873058020035 -0.210041735761595 -0.940280008308829
 0.171465970131211 0.458585537660135 -0.871951102835433
 0.48793792443365 -0.820721109951531 -0.297209423772714
 -0.264529769080418 0.34635333997626 -0.900035202176865
 -0.933057108562137 0.353437454562325 0.0669805783355788
 -0.526280937939842 0.0700840734276492 -0.84741760485191
 -0.140658035677438 -0.637766635014949 -0.757277383962491
 -0.529035557507622 0.714740689943912 -0.457457238472735
 -0.908156931543233 0.396509336261603 0.134280802601724
 -0.379119307988873 -0.889943692816534 -0.25351286737779
 -0.626967341990913 0.544114031808948 -0.557540915507966
 -0.27745898808726 0.511201331751222 -0.813443119305444
 0.430773492254271 -0.891944439570829 -0.137365625575467
 -0.520544495782798 -0.0649900401418514 -0.851357576223171
 -0.833132604256146 0.457401474306113 0.310924355797301
 0.272200498762994 -0.724706126346915 -0.633014943669126
 -0.644585732653882 -0.705779849878426 0.293911613864858
 0.472854654389918 -0.869230918163295 -0.144381739602993
 -0.163947486371065 -0.968028418775769 -0.189847839479657
 0.517383387933245 -0.853273415981893 0.0651068926405554
 -0.940616777507929 -0.228360476672819 0.251180354654503
 0.0639419872781787 -0.909425254590947 0.410922290190139
 0.0292250821963485 -0.511115958182448 -0.859014768127914
 -0.237270191327778 -0.971338500931864 0.0142959055228979
 0.0237969038291478 -0.934502476750998 -0.355160285384495
 -0.0185166942566342 0.497361471102863 -0.867345778277731
 -0.408791782648399 -0.846747746706062 -0.340451952391744
 -0.994777964973678 0.080518764672833 0.0627178518317462
 0.513662442823234 0.759882322574921 -0.398409024334303
 0.48215175967732 0.0850016912083961 -0.871954352665193
 0.186893260249174 0.498971005348488 -0.846226237536366
 0.433209486321615 0.750820169751219 -0.498596644248348
 -0.444392075556887 0.129784585675636 -0.886381207214619
 -0.545456083325694 -0.341180654391489 -0.765554323501598
 -0.24308077527981 0.485101180962198 -0.839993202900147
 -0.0409792944047197 -0.99840581065251 0.0388141042070599
 0.183213452254861 -0.367110458473238 -0.91195544967527
 -0.933563292784957 0.160054124567812 -0.320690279823602
 -0.987628604429026 -0.147724802702462 0.0526034445649148
 -0.330695358990628 0.42158231780503 -0.844339344609854
 -0.520758635541152 0.0327415800976148 -0.853075865584081
 0.0899173312357043 0.350094044044056 -0.932388885534532
 -0.42353154985408 -0.00153996973092008 -0.905880044360968
 -0.0066600713589379 0.169862931627845 -0.985445192747059
 -0.225077030173346 -0.816602723056181 -0.531507594664062
 0.0363006799384659 0.604009977879734 -0.796149613614004
 0.579100252761523 -0.786724050867224 0.213794679631196
 -0.274495742180627 0.324502489752169 -0.905179662646787
 -0.727238353514948 0.673264985670383 0.133561357611876
 0.162827126953199 -0.975896578168676 -0.145303803965469
 -0.0249725188693982 -0.981994420040305 -0.18725205555887
 0.363866727722051 0.655442803784676 -0.661812462427031
 -0.884944605291977 -0.0901774476369291 -0.456881903233555
 0.368514715124351 -0.798750208428399 0.475599631278671
 0.154070775349196 0.435690429026706 -0.886812294816566
 -0.930008082220147 0.266241664454665 -0.253377866266203
 0.510811819391449 -0.633262734642561 -0.581420324793538
 -0.246363032472648 0.345103378381817 -0.905653860180774
 -0.3389883006 0.344798527884646 -0.875329027980282
 -0.108805702489075 0.0816393513544451 -0.990704968906629
 -0.383185350548095 -0.0869538537733915 -0.919569472328921
 0.0601599960108162 -0.961778262015749 0.26713919516601
 -0.647378511755346 0.410138941985723 -0.642407277966451
 0.519685060263439 -0.847478408610653 -0.108202518814215
 -0.95249456578278 0.304225871521552 -0.0141676127567291
 0.239929103200154 0.185200113191972 -0.952961144806676
 -0.795557240434692 -0.0771069770869129 -0.600951904295557
 0.43340610830196 0.400924970835798 -0.80710489593786
 0.38103807712674 -0.895043870183682 -0.231746530127578
 0.0322184945631438 -0.32472101358883 -0.945260933257017
 0.732145945585591 0.324282818525517 -0.599001642712045
 -0.381540181968247 -0.572382188046992 -0.72581383312126
 -0.854552975839827 -0.477080054131508 0.205265275760838
 -0.958368387590535 -0.0304563633894878 -0.283905694899213
 -0.311617177875671 -0.933451942652536 0.177657550391221
 -0.955314699209924 -0.155263745629253 -0.251529311943215
 -0.388526650673741 -0.88168490469424 -0.26772891242926
 -0.0996023427986174 -0.291054462440837 -0.951507579161775
 -0.0431352014186353 -0.964027205287584 -0.262280197239488
 -0.112211105385712 0.0650416078606955 -0.991553456488863
 -0.196902488511284 -0.166284548549951 -0.96621884629291
 0.134700415531254 0.875030868168057 -0.464948145290165
 -0.944004293378848 0.0600174500093652 0.324428420112474
 0.307178463034909 0.149442393546869 -0.939844861058725
 -0.017160860585231 0.493610451444532 -0.869513787750775
 0.666802985177428 -0.729778809674744 0.150985654643696
 -0.0212832873467796 -0.996366011703054 -0.0824729798337894
 -0.978114251961447 0.0227464036236494 0.206821447708134
 -0.203517548563796 0.74292134101907 -0.637689962666036
 -0.736977139255458 0.565622842046238 -0.37004796549958
 -0.299020711683772 0.463317560434446 -0.834220265983274
 -0.922006245040274 0.189119298352694 -0.337843714011848
 0.1029005697463 0.000556456376908592 -0.994691491419419
 -0.445499149335163 -0.275118078596001 -0.851962763723445
 0.00370178288549427 -0.938218154868605 0.346024552132388
 0.26036920514095 -0.920825739392384 -0.290323672281023
 -0.0198504412786577 0.135345632543705 -0.99059957587937
 -0.961449363356394 -0.267949607402176 0.0617910154844967
 -0.469846353744695 -0.3661041139405 -0.803251007860343
 0.598366859567371 0.207954305282151 -0.773764892125574
 -0.469898219076789 -0.00531550564683563 -0.882704599007041
 -0.182213232510411 -0.79178760735278 0.582984324609734
 0.294907145552548 -0.594623885386295 -0.747965380502437
 -0.953606981363024 -0.141849932319398 -0.2655415632188
 0.620703077421926 0.569858620720833 -0.538506120735038
 -0.403171163086799 -0.816601078471016 -0.4130565238502
 -0.326699726196703 0.740934718863682 -0.586756364503527
 -0.722624963573009 -0.688411745573017 0.062469437153051
 0.542221549748597 -0.792419858227425 -0.279403935682832
 -0.0908407496308332 -0.975743296249138 -0.199180767222579
 0.0564033427286585 -0.897015299043571 -0.438385921547222
 -0.944710381723714 -0.105146038073288 -0.310590736083557
 -0.627573140484832 -0.440007640876257 -0.642296838940156
 0.402660554015162 -0.348934952917455 -0.846232164877167
 -0.206357625385952 -0.106588211013267 -0.972653835502674
 0.707691334181054 0.404456459617593 -0.579299532020044
 -0.923655004717065 0.0197343372137545 0.382716589914589
 -0.975937528372744 0.205040915014384 -0.0741900524582906
 -0.984268817456336 -0.14494645730963 0.10102187632634
 -0.927784642217469 0.137846291349467 0.346718989423138
 0.0397736406473681 0.203199151254797 -0.978329270971172
 0.163049327074641 0.752219370432547 -0.638420657315041
 0.40478381685654 -0.832243726137849 0.378840919008546
 -0.796471618632182 -0.0479895801886798 -0.602768579893433
 0.220063967372753 0.0525573545028352 -0.974068567787621
 -0.790405439303176 0.210235140973846 -0.575378507610129
 -0.54610994795021 -0.652013261917561 -0.525968279493585
 -0.981976901669005 -0.12048462384208 0.145618748814068
 -0.137115531270485 -0.974555325219135 -0.17731680453764
 -0.839242802558142 -0.228979920797095 -0.493193384207566
 0.428150763103058 -0.404735839514171 -0.808007316963794
 -0.181893027324411 -0.5586562479978 -0.809208331138392
 -0.50138690313412 0.570353817281677 -0.650621008328041
 0.0909042571202269 0.168787835681136 -0.981451518193078
 -0.138787859264863 0.0214799913285207 -0.990089157648544
 -0.660583112250538 -0.233116578031005 -0.713643197162635
 0.093102929978221 0.855357045089322 -0.509603934291656
 -0.266549512383391 -0.324759281867686 -0.907459512203691
 -0.435810808132032 -0.106449593107724 -0.893721110661769
 0.134327303220561 -0.97118297112117 -0.196875118320595
 0.0446264589250655 -0.270322915641949 -0.961734890935462
 -0.0286700368543724 -0.997656427660596 -0.0621263336618792
 -0.986285378232763 -0.138906593306533 0.0891409615172968
 0.617671415359016 0.400031211113222 -0.677094567090653
 -0.746746037247969 0.220492698584212 0.627497669896476
 -0.372872409557355 0.0522940445716313 -0.9264078470594
 -0.994681311738833 -0.0157532103864201 0.101788626280327
 0.0953400033383963 0.34699719362853 -0.933007626644798
 -0.967084334890464 -0.238246899627057 -0.0893661234896295
 -0.364247046105086 -0.895691866302127 -0.255068951548266
 0.124183205452097 -0.51983035926301 -0.845195201756454
 -0.0812080330342861 -0.249254396949653 -0.96502720219275
 0.0113984433487997 0.438433808493635 -0.89869119894377
 0.218313485995217 -0.360099066114948 -0.907010410312781
 -0.684505925440136 -0.00633004250721334 -0.72897981357456
 -0.422923393570223 0.219199755001683 -0.879253814650951
 -0.747945515823269 -0.663747379798404 -0.00411353505127409
 -0.35984184481319 0.124598662322437 -0.924656163159528
 0.165133153277519 0.301588197587605 -0.939029073439413
 -0.543386545278437 -0.618877862293913 0.567204772523012
 -0.92578941995 -0.157523154686932 -0.343657395739013
 0.168974750407769 -0.985460506806353 -0.0177517111737843
 -0.97041976898248 -0.238168830499359 -0.0395105067869041
 -0.0114235439112482 -0.990971822596981 -0.133582743883052
 -0.68596601047248 -0.0954622620283029 0.721344292973133
 -0.679550675546887 0.305855424443039 -0.666830817151201
 0.0766752731734551 -0.588991575514147 0.80449352169992
 -0.2760062209745 -0.225830297623518 -0.934249026041049
 0.645026142144947 -0.74868283523344 -0.153020548216324
 0.221830230825255 0.190076327175212 -0.956379808726426
 -0.66887653484306 -0.406421967796598 -0.622435028921639
 0.426668316052853 -0.38256968147335 -0.819508747295599
 -0.399683380443126 0.623424889459363 -0.672007888793082
 0.274830178966575 -0.576633869054809 -0.769390507991931
 0.475987047579417 0.0619600536342817 -0.877266939015866
 0.116911543966732 -0.203888451250934 -0.971988266561799
 0.0620024108664909 0.0577537977716733 -0.996403633017108
 0.116008248404199 0.0305787746992554 -0.992777429658875
 -0.643545814335057 0.721709137895878 -0.254920978205829
 -0.223698448788443 -0.218785095538002 -0.949785284145881
 -0.296047127702119 0.131557907723918 -0.946070089948219
 -0.967264090832163 -0.105184783353552 -0.230946617073069
 0.0818252381981265 -0.973433365361239 0.213850680605213
 -0.960857395133503 -0.216181058540916 -0.173259389775528
 0.0162313977290005 -0.969655716252888 -0.243935101340216
 -0.132048668551741 -0.990252679329804 0.0443032754303562
 -0.94126601470972 -0.337256202096511 0.0166296031197049
 -0.786015651633862 0.0495814328404798 -0.616215122261763
 -0.305446100011165 0.481590202316755 -0.821446015889344
 -0.462689271780127 -0.223807314705418 -0.857804711845258
 -0.491456677421567 0.0505639448049295 -0.869432931112871
 -0.41436342645715 -0.389568573570246 -0.822520077141667
 -0.990384306539083 -0.0980782833113109 0.0975683130109647
 -0.527662114053249 -0.848655400408733 -0.0368334732267906
 -0.942974800005491 0.242433459028265 0.228088896043178
 0.459977253367822 0.136576737514656 -0.877364075600345
 -0.265226159370697 0.655081562506729 -0.707476664526267
 0.278481483100228 -0.118075503268582 -0.953155936401892
 0.235333509212356 -0.325397780302557 -0.915824450435763
 0.133369174014622 -0.975668517982591 -0.174021856214419
 0.442901998571302 -0.0226587191542627 -0.896283661631648
 -0.909103965537109 -0.0529871729103614 -0.413185599158139
 -0.765434123807256 -0.350080327086326 0.539957745289897
 -0.342114555003554 -0.466749573132556 -0.81553814578798
 -0.213241975396307 0.588055324116122 -0.780204329459766
 -0.412010207455734 0.274295311668826 -0.868912924836997
 -0.0427777437336018 -0.979868598464099 -0.195006652155933
 -0.994560348287521 -0.0318501175880038 -0.0991729984614541
 -0.0830913132732651 -0.65751919559342 -0.748842000080595
 0.314199074550021 -0.826117247214616 -0.467770494373529
 -0.862310335477814 -0.471218997548968 -0.185401029331246
 0.357591578813272 -0.932808904734423 -0.044674489476629
 0.40158045601972 0.300431001308573 -0.865144121401586
 -0.882905432272178 -0.172775899279484 0.436607932008163
 -0.147165353453496 -0.945547897503134 0.290312817957305
 -0.439413177420003 -0.41596531738327 0.796171410089493
 -0.957787654580392 -0.138987085907795 -0.251645382799389
 -0.279183164870569 0.213285466389536 -0.936251072244967
 0.0364249869345084 0.339020081841079 -0.940073722872461
 -0.275069592956433 0.594096702167806 -0.755900673041187
 0.294323586887936 -0.916907029731826 0.269546146382728
 0.360146022504232 0.589600839675016 -0.722956217435674
 0.103712063010643 0.386662573701559 -0.916371028614809
 -0.270457386360062 -0.445468643252449 -0.853469677283327
 -0.618259321386111 0.419906670930647 -0.664404845878721
 -0.460369495620629 -0.0839736354867591 -0.883746771448216
 -0.841772955068751 -0.250127597191174 -0.478387371528757
 -0.652815756918776 0.0145844740936719 0.75737631375293
 0.255350798380229 -0.905332913318908 -0.339364532366126
 -0.887109252922017 -0.0284071448074238 -0.460684498875348
 -0.546417981032966 0.0441111614616876 -0.836350163172315
 -0.860446246562334 0.458808920999749 0.221645281447266
 -0.0279623826853014 -0.542741654691758 -0.839434095934287
 -0.74360005761609 0.366142552109099 -0.55946276538156
 -0.572904424242502 0.57341422983684 -0.585642076446007
 0.71345982947719 -0.265608802529632 -0.648403451364314
 0.414566467511508 0.465101328528445 -0.78218629380481
 -0.992946680825762 0.0869606517158248 0.0805899130801194
 0.0398990207066671 -0.733240687595175 -0.67879758558911
 0.395735301743939 -0.352524980643319 -0.848009262317376
 -0.577532609293462 0.152043056118809 -0.802084156612471
 -0.540509021516151 0.351628909156639 -0.76433442150996
 -0.805609940638799 0.401984464399264 0.435202382720486
 -0.503769089002673 0.140580322093199 -0.852322637271585
 0.0537611690371887 0.120643465147181 -0.991239068550587
 -0.173241589187109 -0.417003992044548 -0.892241571770132
 -0.394527181768318 0.428754435109831 -0.812722546272465
 -0.16941178935193 0.592688826732566 -0.787413233502557
 -0.402300169252414 0.836633755745029 -0.371750632235435
 0.222837296380526 0.351920897507371 -0.909117825828657
 -0.3467206851884 0.618846493807506 -0.704850185191607
 -0.415677711790834 -0.904574413982374 0.0946423239823563
 -0.310522608144978 -0.94742524824185 -0.07720821733928
 0.201454653134084 -0.873969870308125 -0.442258621763584
 0.293460138148456 -0.0424889490018081 -0.955026615613728
 -0.777536598914604 0.354865349699912 0.519141041462404
 -0.770973769632331 -0.465470806739582 -0.434668120077969
 0.470235877713938 0.523318394758694 -0.710644831837808
 0.0460911921153811 -0.178272037326018 -0.982901156127621
 -0.0887854017497306 0.248889692800684 -0.964453769370891
 -0.420583345690331 -0.907203716094364 0.00954289434632208
 0.115898635346093 -0.269898092706395 -0.955888343834343
 -0.909340278369129 -0.102002671141631 0.403355566734273
 -0.322089115517982 0.311484526256094 -0.893999995284038
 -0.266051528936219 -0.962518989665923 0.0526666733636252
 -0.91872268128063 0.170233484581489 0.356327371426578
 -0.782629784606182 -0.509000526191876 0.35834213341955
 -0.283346987690401 0.658899511055799 -0.696825601493806
 0.423837642847149 0.504648789037123 -0.75212449250715
 0.0942631490034774 -0.285242751356902 -0.953808697558527
 -0.633090280391688 0.74129106359721 -0.222899654339099
 -0.708943653712518 0.579262857955173 -0.402310125716904
 -0.586584645667559 0.207320992404372 -0.782902586261874
 -0.475728133058456 0.877831607686713 -0.0556274389386813
 -0.963826561731491 -0.237526974065978 0.120910278685947
 -0.678943679716302 0.234022076872254 -0.695894494380926
 0.338055067855903 0.153432282948484 -0.928535031997263
 0.119433871965847 0.866916775520463 -0.48393269630027
 0.0158188215022152 0.641535289597275 -0.766930399115605
 0.146123870990413 -0.954156552646454 -0.261214638503687
 -0.521756840746251 0.399184328841687 -0.753937444846523
 -0.964446419301264 0.260534156286018 -0.0443289713991055
 0.633618089516905 -0.77198187302906 0.0507159181272666
 -0.0546340386863787 0.103998504335508 -0.993075743794396
 -0.973026067169996 -0.092754321436378 0.211227148971355
 0.109005555983423 -0.405042875581733 -0.907776435971559
 -0.627529614586001 -0.756333715918339 -0.184840182272964
 -0.293974633282326 0.536684385681156 -0.790916421091737
 -0.631146869718189 -0.636388755419138 -0.443467000825329
 -0.174177951317047 0.556890774456841 -0.812117421682269
 -0.893609971126442 -0.446378281362866 -0.0469856300472137
 -0.188998044004301 -0.78763874528763 -0.586434093726035
 -0.830232505149978 -0.437236665408232 -0.345742802983781
 -0.823411839001359 -0.354235825296245 -0.443294398192768
 0.155100138938406 -0.0847901074994072 -0.984253313213385
 -0.419163160920938 0.189079951945803 -0.888003950609985
 -0.729901803996994 -0.267473172567043 -0.629048057368318
 0.601862859727821 -0.772409611411834 0.202841046829454
 -0.228245392072246 0.627935403175533 -0.744043796047361
 0.397886499538006 -0.73002873092491 0.555647717092007
 -0.723447011671418 0.189500554241128 -0.663862908472827
 0.456052572839255 -0.880978514431318 0.126067077054575
 -0.205098330615149 0.884575264791939 -0.418880980347818
 -0.957475564367512 -0.278390713485842 -0.0757572061520106
 -0.163225421880655 0.601481844373668 -0.782033920326179
 -0.0647082644622174 -0.0898116696079592 -0.993854468477412
 -0.270194701002112 -0.944160027942564 0.188564750645171
 -0.260361139455283 -0.940852634350537 -0.216814200404866
 -0.991349774793627 0.0764930057622466 0.106651038842024
 0.448612446753368 -0.229206019009291 -0.863835327749375
 -0.606209552025061 -0.311432055867733 -0.731792356896116
 -0.68758657539085 0.50678821004651 0.519990780206858
 -0.848005441049328 -0.364854838012099 0.384405670002277
 -0.965390370088483 0.214498053716783 0.14836447786493
 -0.645073258483774 0.764074297180588 0.00842375077480528
 -0.0421400931194375 -0.282175921003414 -0.958436728301749
 -0.472920485800261 0.276539696623245 -0.836583534563028
 -0.0350970688561193 -0.333385601837191 -0.942137058100021
 0.085379377757449 -0.95178606917842 0.294641545562811
 -0.878432203188731 0.0710723533907354 -0.472552203448988
 -0.953384461815521 0.258522299897463 -0.155641538235959
 -0.352321334549426 -0.933053884471677 0.0726644747701814
 -0.689376746344015 0.288088130054479 -0.664653993384417
 0.404824858871851 -0.845520632228672 -0.34815469853933
 -0.720165237920088 -0.251467004327061 -0.646626921668342
 0.0609770058473518 -0.99694422138443 -0.0488264703422798
 -0.105552227465786 -0.124247846671555 -0.986621102487927
 0.438871262192946 0.0388803536874188 -0.897708378772479
 -0.274765739524809 0.287969116132269 -0.917375373845072
 -0.72060223288922 -0.439605333636847 0.536171215744659
 -0.693556783123523 -0.125633158268689 -0.709362599892879
 -0.104588643274165 0.614225742093244 -0.782168749981789
 -0.100406277807837 0.0607174684897395 -0.993092124828796
 -0.56096999685646 0.0677741043983534 -0.825057169776655
 -0.474847643436764 -0.328653755124223 -0.816398447307012
 0.27773668981804 -0.958288163456582 0.0674249724355101
 -0.873412604535301 -0.281665175873228 -0.397259551098731
 -0.0219002255674788 0.85516785820809 -0.517888322332027
 0.102354412347594 -0.466411824792849 -0.878625963630932
 -0.237783017342658 0.408543089740686 -0.881221754434464
 -0.666654143829457 -0.0289518117009722 -0.744804702666575
 -0.0845452131828628 -0.995952516744645 -0.0305072338613549
 -0.733625698693239 0.524841434208033 0.431665151657291
 0.323133813034391 0.262494409968234 -0.909220118348293
 -0.94375189856228 0.0371643086832846 0.328559230763931
 -0.922135477448184 -0.171963869053637 0.346546662040645
 -0.947679333348074 -0.30980006271999 -0.0769922222282214
 -0.541940331771515 0.338224123198046 -0.76935370232832
 0.179852664568213 -0.149263303359519 -0.972303185903408
 -0.132797431671883 -0.952403756543934 0.274393743846967
 0.397908198124986 -0.710577661411566 -0.580300312741426
 -0.345518478754844 0.310985243795542 -0.885384187220647
 0.331765655919881 0.224606206878299 -0.91623337713914
 0.433589771614491 0.562059785178429 -0.704335649982643
 0.0453181820531478 0.756507458616139 -0.652413003728121
 0.703846424808639 0.267386665221516 -0.65810681621285
 -0.030454924732259 -0.94763896654669 -0.317888166879287
 -0.724148194614497 -0.665290391298418 0.181653757138582
 -0.986697621949084 0.0519322401565612 0.154048191395888
 -0.643244449104011 0.530119120696136 -0.552458411619583
 -0.111023916855425 -0.814044866188812 -0.570091787098989
 -0.0550418313138717 -0.504059130989268 -0.861913446508383
 -0.816395165831373 -0.577316439344439 0.0143060151623052
 0.508321456915564 -0.822388883323099 0.255510901970592
 -0.3273229192212 -0.246152120387851 -0.912287695949626
 -0.931660035903312 0.294238675298971 0.213150602764679
 -0.20893976077764 0.669804721083308 -0.712534779488478
 -0.363239674743018 0.399371916689133 -0.841759473277631
 -0.90346531095789 -0.273552211465841 -0.330029725173221
 0.58751804497982 -0.800238617230733 0.120169473310548
 -0.396195303247741 0.229172419207475 -0.889105890183517
 -0.740185458621779 -0.651407848949718 0.166713230343511
 0.0889938568367152 -0.928814814583423 -0.359698670633753
 -0.37466931382747 -0.333701727956796 -0.865023734954539
 -0.785822002355141 -0.39954841509651 0.472064449634183
 0.103250857572254 -0.054563717286096 -0.993157621511569
 -0.91043876020964 0.41333742843957 -0.0159196155386014
 -0.981593865440823 -0.0239829809324618 0.18946846691346
 -0.994628999262574 0.0393584540178025 -0.0957291278726573
 -0.914504664743064 -0.387642976078722 -0.115819433861542
 -0.393076617301646 0.232660607347769 -0.889584068382108
 -0.197143871074017 -0.897489564970904 -0.394520943507806
 -0.252397745036113 0.786353025611801 -0.563865495851495
 0.280506517533461 0.383257474164626 -0.880016932858795
 0.29549575596353 -0.942170434890527 0.15810480645995
 -0.608760020926974 -0.227673138848745 -0.759984327975091
 0.522824732766045 0.441429768285069 -0.729242112387858
 -0.70973317514531 0.0501862982644844 -0.702680692466119
 -0.0823310047289373 -0.847002416921612 -0.525174743670401
 0.448943554461343 -0.893188166912906 0.0257795150143974
 -0.505606435533794 -0.841439517216302 -0.190634916040078
 -0.11560149530084 -0.0974189557941941 -0.98850687470355
 -0.122054809501626 -0.981981032724009 -0.144277076653955
 -0.939599619232283 0.267196468049055 -0.213912605988189
 0.143039029276434 0.278332525328662 -0.949774100219534
 -0.394790507697502 0.543938296223415 -0.740453634560272
 0.115787669046375 -0.265124360392934 -0.957236798928585
 -0.338895753453679 0.597063287284945 -0.727093597322627
 -0.595509456976465 0.330343845554106 -0.7322850745141
 -0.863994804017627 -0.338953348025402 -0.372321912453341
 -0.321968379268432 -0.20432798520241 -0.924438444253799
 0.0259309933717498 -0.939827821136098 -0.340662956896298
 0.193909229521716 -0.971145980624275 0.138833335419164
 0.173882942601139 -0.0138397523777274 -0.984669073103493
 0.0907615741549581 -0.746616758726736 -0.659033953787888
 -0.00134513851064911 -0.375352208527044 -0.926881281586945
 -0.871276823062143 -0.0508921187026784 -0.488146176722395
 0.485794791811134 -0.10121585481959 -0.868192819011029
 0.667653913851616 0.22709824860733 -0.708988460271465
 -0.714833744987291 0.535802800875959 -0.449364079117281
 -0.723935373369247 0.0120955569984487 -0.689761750668756
 -0.188443740709381 -0.0445406803599234 -0.981073434754265
 0.94692929741124 0.316636039431482 -0.0553762064193722
 0.258035267180494 0.171636456413633 -0.950767441449728
 0.0889163428510342 -0.990125928871643 -0.108372177933558
 -0.24531987393825 -0.0948613972319075 -0.964789860418388
 0.0748296568567548 -0.861011686223227 -0.503050095558817
 -0.80352171276424 -0.0491897779761734 -0.593239599874348
 0.0085921613098963 -0.219771362866267 -0.975513568756442
 -0.499604288987006 0.762659028971359 -0.410787974451848
 0.339314250358863 -0.429804864561773 -0.836739874693706
 -0.878613828545705 0.279953703650898 -0.38686388316875
 0.296229322316238 -0.0379896424445142 -0.954361030044186
 0.0540584065423114 -0.995267498061407 -0.0807483497335671
 -0.0889212214948516 -0.0115205255572543 -0.995972034677053
 0.120497918743298 0.316827612111806 -0.940797808129922
 -0.480609528524789 0.391590030182995 -0.784647519178173
 -0.863304138046091 -0.326853830450264 -0.384541985682299
 -0.770358739270762 0.329175234915776 -0.546068748004595
 0.147722441686674 -0.986680160306742 0.0681200519611445
 -0.842426741647849 -0.309284053665912 0.441203534782497
 -0.0550634818240896 -0.243040283488251 -0.968452081195223
 0.0525029170631523 -0.937848303789731 -0.343051020663961
 -0.352389269464585 0.55159397931746 -0.756019764785912
 -0.557147201110805 -0.371499917328096 -0.742680824930612
 -0.0906416358250012 -0.450542375364007 -0.888141690191563
 0.0942048288303617 -0.963272063541096 -0.251460497546475
 -0.947949060748259 -0.307054699083237 0.0843207566225356
 0.247698190009278 -0.964182288007468 -0.0948584321966818
 -0.27245701216664 -0.420273815496446 -0.865527062852044
 -0.77329217995453 -0.117606003572129 0.623047375682591
 0.125844691436209 -0.419059998175225 -0.899195102058894
 -0.333164173455558 0.413589926315214 -0.847316355546292
 -0.581618543395646 0.185654961401747 -0.791992490674781
 -0.0733210872541607 -0.805147964916904 -0.588524232936959
 -0.563687098760389 -0.814354398290569 -0.138144014260126
 -0.659374769969959 0.210936783662608 -0.721616647552659
 0.46786126087157 -0.881219603735317 -0.0675118550199589
 -0.277497985041013 -0.16273078537993 -0.946843999710517
 -0.902038833807154 -0.217956182788408 0.372586962584757
 0.103238639013026 -0.1852688920457 -0.977249825303078
 0.370651227934197 0.152364395550662 -0.91618925894127
 -0.291272850330626 0.434776759301246 -0.852132205841194
 -0.915136307086714 0.370130881101407 0.159776939220864
 -0.608969814208337 -0.356780937319851 -0.708422986744665
 -0.103713607595265 0.336244321432176 -0.93604660348948
 -0.72066831004495 -0.205375968947715 -0.662161534880836
 -0.307859820211451 0.556167839950191 -0.771945376891728
 0.336341507738451 -0.175357190750054 -0.925269823253993
 -0.439089082260733 -0.652817263570932 -0.617276597825633
 -0.0404480316984796 -0.458715390129863 -0.887662181006788
 0.64025449578296 -0.226407498827332 -0.734039389341239
 0.00133294376701566 0.202739187311557 -0.979231864876324
 0.194937075154296 -0.97631323248592 0.0938723005107592
 -0.917411604555823 0.267901987430685 -0.294252396688625
 0.352335992461133 0.471314985175026 -0.808530477573909
 -0.813908369348961 0.532599560556751 0.232144081118756
 0.317577414684787 0.169041038774788 -0.93304325349475
 -0.573871884158766 0.196612500037334 -0.794993449910839
 -0.164192024536364 -0.476299857966378 -0.863816777088671
 -0.275873233815319 -0.412868379959355 -0.868005564322036
 -0.00895447023466106 0.436485745642395 -0.899666611203183
 -0.0296273712169849 0.325940229843503 -0.944926021148923
 0.346434872070958 -0.935436370102724 -0.0702970618320484
 -0.935720437810203 -0.250263472957745 0.248586919139784
 0.297060868635766 0.195569052389291 -0.934616277449157
 -0.972704484767474 0.114267055277389 0.201962930736006
 0.138851781989577 -0.954745201533508 -0.263024300753868
 -0.927242751091805 -0.277642946643048 -0.251267337167143
 0.121411736220341 -0.0784178232174602 -0.989499790454651
 -0.809091141545013 -0.520712761029752 0.272451362951557
 0.38873042664999 -0.0520659110602095 -0.919879229193696
 -0.368663624245354 -0.564897857029871 -0.738225943245928
 -0.0637841112148803 -0.424273917368703 -0.903284689451306
 0.440023294528913 -0.892732211320547 -0.0969984491765152
 -0.96985199555457 0.199137154625322 -0.140468859063315
 0.173348911535028 -0.424785892433559 -0.888542120813102
 -0.917016242061398 0.149757950680646 -0.369667104302675
 0.786945498590241 0.032702222496486 -0.61615529446102
 -0.791779114507576 -0.396912213278128 -0.464269887867236
 -0.421670940374096 0.178684208905431 -0.888968824836882
 0.39778214997456 -0.880467318317336 -0.257966398076758
 0.00288315868912014 0.0464860366294855 -0.998914779044967
 -0.115154433317905 -0.881237400478819 -0.458432220164078
 -0.213567834864831 -0.174698080315872 -0.961181231945931
 -0.946535788311413 0.32238677763364 0.0116947446612032
 -0.936149563290375 0.347645384751834 -0.0525992548615357
 -0.764485205145138 -0.591074381199729 -0.257280871818239
 -0.0773475135383741 -0.271820156157003 -0.95923467663352
 -0.257392054072991 -0.827471011112417 -0.499040134927724
 -0.185885013130906 0.717430523881472 -0.671371883010065
 0.271218843917553 -0.851099899447674 -0.449521189560832
 -0.283228524778977 -0.459074683027158 -0.842040401735593
 0.0144373864471101 -0.999396902479593 0.0315815323689478
 0.0269049508375037 0.253974559952353 -0.966836618316373
 -0.818993468863572 -0.393918680797011 0.417226282582911
 0.180576428762938 0.363502055417694 -0.913924728346014
 0.212601883829293 0.359429435959701 -0.908631344142347
 0.537073272476468 -0.689103745713283 -0.486506246244938
 0.343940224829064 -0.118735064876993 -0.931454296309373
 0.594403103956975 0.772145727627111 -0.224668478682508
 0.687087861889497 0.162358932293426 -0.70820184068432
 -0.166018237068757 -0.782027531659725 -0.600725298856957
 -0.39462287304731 -0.918838949634542 0.00278795666725158
 0.580317740838496 -0.775994724222383 -0.247110314732372
 -0.136985751844988 -0.389670345726701 -0.910709572505251
 -0.745825099552217 -0.0804618399515867 -0.661264556126767
 0.665961466832373 -0.409957030203974 -0.623241973940148
 -0.126690945726699 -0.3984661296145 -0.908390966391077
 -0.276217862310832 0.0905447378760686 -0.956820434033152
 -0.021562614255037 -0.902608183490271 0.429922691611971
 -0.2289740851454 0.207573860152341 -0.951043616724955
 0.305797077972868 -0.792092610382662 -0.528277809187966
 -0.999403706919188 0.0336171281286058 0.00788157931955605
 -0.24672160674123 0.62567418305615 -0.740040718760829
 -0.957957824767709 -0.276505777848552 -0.076559524441353
 -0.930132522864548 -0.0535865032760287 -0.363293237724403
 -0.777614980350522 0.13608596288381 -0.613836747873931
 -0.551969123637776 0.0187568112541517 -0.833653566286453
 -0.170559829610757 -0.260104456558332 -0.950397293873275
 -0.122142227208375 -0.973038483886242 -0.195646071284199
 0.241112539332706 -0.896226362444483 -0.372348023542579
 -0.89340170134984 0.338215005548402 -0.295709333716583
 -0.314180790592098 -0.10179936061487 -0.943889464397886
 -0.597396971948977 -0.127508680866438 -0.79174389433067
 -0.93019807628581 -0.162190201860354 0.329280848660647
 0.26332487298512 -0.024030067751173 -0.964407884202138
 0.267502674824789 -0.919803185760694 -0.287061697943249
 -0.439869635259342 -0.181548925645571 -0.879519579983159
 0.180901071729527 -0.967565862740291 -0.176326695388831
 0.268822953783225 0.782924032999867 -0.561038481808945
 0.324724871484789 -0.945752103935869 -0.0103303310723591
 -0.933466022436203 0.15682931482841 -0.322561235996493
 0.554441354175539 0.831899148366017 -0.023207579104491
 0.617605944384167 -0.260169954052747 -0.742209197241272
 0.00215888558582814 -0.157058131306139 -0.987587000017543
 -0.164604631918941 0.327832576862106 -0.930285502788677
 0.0343612165854551 -0.986191025994856 -0.162007922775341
 0.414831806112588 -0.161588097959602 -0.895435011173433
 -0.216832176766142 -0.644011795975721 -0.733643383233968
 -0.465536548903873 0.18358100692739 -0.865779264899661
 0.176170300488559 0.706813882718599 -0.685111786807109
 0.0964372372762681 -0.955300906585955 0.279463838702922
 -0.607132777805812 0.239237867884481 -0.757730184619754
 0.38409357513799 -0.920408589483086 -0.072939385406462
 0.556365056061789 -0.386366528519365 -0.735648577809579
 0.567265775638156 -0.284356741431628 -0.772884715460221
 -0.0838707197168838 -0.0647771282490612 -0.994368958701938
 -0.98704788350292 -0.0239264140266009 0.158631656311829
 0.501809946726724 -0.863630315083255 0.0482644406920849
 -0.0774694577060208 0.447297661589202 -0.891023728673691
 -0.84477508102289 -0.51427513211681 -0.147905885511722
 0.0168618597775419 0.424653834958872 -0.905198761675891
 0.263771459926399 -0.808438710371354 -0.526166768716344
 -0.969204654924188 0.220806804065916 -0.109026107659963
 -0.261352459569485 -0.940031514672067 -0.219170352238438
 -0.947451115559145 -0.315480158141938 -0.0529967305073608
 0.183880216629623 -0.973428266991849 -0.136475180723415
 -0.940294619326224 0.338851374258307 -0.0320277228258406
 -0.983834672311785 -0.17883972654483 0.009256876715878
 -0.0980145345353322 -0.255564131418364 -0.961810857576582
 0.347699989287383 -0.667582759652892 -0.658360065969818
 -0.154079922152428 0.274486968757029 -0.949166097989219
 -0.724641423676423 0.478500576168291 0.49591532109708
 -0.878523246703141 -0.476361886038269 0.0357247607722721
 -0.955150583899635 -0.0460877851905238 -0.292512013654856
 -0.192371916455858 0.265299145874917 -0.944780084970645
 -0.171720906148056 0.319147488633397 -0.932017602242944
 -0.979488185191633 -0.199064114782702 -0.0312469722657963
 0.235685145438004 -0.969197207155023 -0.0714792687621458
 0.226841136656907 -0.97325290954331 -0.0363575684787031
 -0.0906580321589637 0.531176689147438 -0.842396845976663
 -0.2529540812123 -0.946892740878256 0.198515415195158
 -0.147859081356018 -0.886831001774885 0.437799573265563
 -0.421792284164055 0.218352817128158 -0.880007566031035
 -0.248934770951846 -0.964142242150918 -0.0919848721875097
 0.432343716772173 0.15249656756652 -0.88872026388963
 -0.893309802402342 0.247853890586068 0.374921386230819
 -0.364129706873202 -0.543745165730197 -0.756142017955276
 0.24211637123178 -0.13106616095735 -0.961353901658207
 -0.705440391022457 -0.56425115434852 -0.428922474965401
 -0.244137549474867 -0.272341026766654 -0.930713286719434
 -0.0875260048439528 0.0060066210411407 -0.996144125606192
 -0.981930407573303 0.181105490775812 0.0548951354291095
 -0.207187058498637 -0.912712050106009 0.352179267393708
 -0.590044085852231 -0.253516493768486 0.766535950975646
 0.299245123079849 -0.441339694509595 -0.845973776403916
 -0.943533268239599 -0.107762249202158 0.313260705119544
 -0.432801557557589 0.781349325863989 -0.449639903420076
 0.0439553407724097 -0.0765294884499227 -0.996097969787698
 -0.862607985442018 0.446883614125369 0.237070662204144
 0.0169991321930013 0.701418598212118 -0.712546826241499
 -0.0367941758165791 0.464760799354613 -0.8846714576662
 -0.220999957437957 -0.0259447826524176 -0.974928657423475
 -0.0104966029626739 -0.0490415478057539 -0.998741582149787
 0.0431009719696093 -0.939950895306517 -0.338577348072419
 0.129896705465513 0.0677284244265477 -0.989211659066907
 -0.720180060187613 0.580494367907228 -0.379956536640908
 -0.768241540959075 -0.0615155709336243 0.637197590451765
 0.366500614466788 -0.92409966649244 0.108245581822206
 -0.557988676332172 -0.0573404726557971 0.827865150420454
 -0.897674669838512 0.40245245759551 -0.179477593324774
 -0.182380963437594 0.288035760652875 -0.940091795922449
 -0.138969901899372 -0.0865466039340299 -0.986507502107088
 -0.0603866781089023 -0.973183773751079 0.221961238991362
 -0.00123220566161588 -0.995414263846701 -0.0956500130671136
 -0.990635007670936 -0.128759864322875 0.0454222293195677
 -0.0322460793496989 -0.990018955191974 -0.137195695002303
 -0.336940361753287 0.351835028097652 -0.873317414016856
 -0.0144592111721997 0.513937608612591 -0.857705698748614
 -0.0165048960814031 -0.463308508021125 -0.886043348149842
 -0.0663727774033482 -0.180234569850322 -0.981381757651239
 0.0772276822364832 0.702027773689037 -0.707949779338616
 -0.823774808678844 -0.412727900941373 -0.388652472487519
 -0.981593731224428 -0.0480621166716969 -0.184834465838872
 -0.995912737731515 -0.0464577096350493 -0.0774564396263117
 -0.38854502826241 -0.401236249553458 -0.829483111978079
 -0.657148555061644 0.188592139618264 -0.729786805481299
 -0.655817702868329 0.554277970862231 -0.512522264512826
 -0.496851531565743 0.301506450598032 -0.813776637553913
 0.15309013809219 -0.187174940223608 -0.970324147577088
 -0.164377164397451 0.571266811810721 -0.804135795465087
 0.291271527133155 -0.00148403212012782 -0.95663927116243
 -0.986940830600635 0.104257368847493 0.122793313882829
 -0.805084488042733 0.184549585130297 0.563720159069378
 -0.372137176509165 -0.493162231255246 -0.786323683684482
 -0.978261231102759 0.0429359259365887 0.20288289722222
 -0.787191533894671 0.220108977492951 -0.576091596008449
 0.372353390461064 0.150435928754416 -0.915817658680999
 -0.0725348824982111 -0.967586566058188 0.241898590332176
 0.162868745920748 0.235382768921841 -0.958159028396064
 -0.0424949187411725 -0.42383646689238 -0.904741306238068
 -0.54784608557351 0.379132882161558 -0.745736497823227
 -0.203150635375987 0.675134785747644 -0.709170529858522
 -0.949632997264966 -0.2362024588449 -0.205926124960335
 -0.97858745833274 -0.188560564043248 0.0825318125425622
 0.254858370858748 -0.727902416677896 -0.636557367876379
 -0.61796023358417 -0.780644736953074 0.0933752878231912
 -0.107615817303077 0.313964579719536 -0.943316001426736
 0.160174428707157 -0.973042082067127 0.165931488617463
 -0.948100511668455 -0.123922444603235 -0.292828699921254
 -0.801355557494305 0.0188688643777493 0.59789065591468
 0.102343476696316 0.0341343153689865 -0.994163297095604
 -0.403114837690388 0.59844962721382 -0.692355740440918
 -0.683146237843783 0.640543748647456 0.350734834010754
 -0.925589952486337 -0.0628308285848173 -0.373276742961152
 -0.950756555654784 0.13468283539059 -0.279146029401463
 -0.0424378265805775 -0.957209141817768 -0.286268562185248
 -0.95435996130672 -0.0623692127989966 0.292073870021729
 -0.198489066622821 -0.972368488593655 -0.122888619575991
 -0.999341115858792 -0.0109086056327516 0.0346169969415723
 -0.949446851756548 -0.194074249555649 -0.246750605569655
 0.713199340443365 -0.685230043757508 0.147670199848283
 0.1295262425503 -0.980136102590753 -0.150187126242596
 -0.670683742932098 -0.48562629554924 0.560669615761113
 0.0511079574974688 -0.87837000225021 -0.475241113359738
 0.0905320927429349 -0.994668345560324 -0.0493844360489463
 -0.917271501638268 -0.371495674033577 0.143540783252063
 -0.949499735160341 0.167532514928039 0.265298151844917
 -0.112041818163945 -0.98815047177234 0.104906034710213
 -0.745139515371373 -0.662730192906484 -0.0745371990501978
 -0.0516273541092818 -0.976709774346646 -0.208260973308488
 -0.956184840935321 0.268209209810708 0.117364260906846
 -0.819030660338103 -0.556447043755414 0.139840855696723
 -0.721592773401385 0.691565106101007 -0.0322734162802893
 -0.94769211517148 -0.139823533089807 0.286930365134277
 -0.662205552208929 0.703530878797324 0.257930434812049
 -0.780908264864997 -0.0717424655354981 -0.620512127604632
 -0.186691527719179 -0.967541541268538 -0.170322163553605
 0.320048916512026 -0.934526959064469 -0.155653634140661
 -0.816819648247713 0.573057377983429 -0.0664146352488598
 0.240169273840888 -0.828673514931941 -0.505587703126848
 -0.159714722225229 -0.987148828372915 0.00532899113338963
 -0.984030201701507 -0.159071526646348 -0.0798799821588125
 -0.0271630620944918 -0.995675573877241 0.0888387282770204
 -0.945066500424743 -0.145305425989068 0.292806494041823
 -0.679281486806201 0.718217365714826 0.150799460436741
 0.165323163616964 -0.950337516476261 0.263679457579484
 -0.99328593083161 0.098004711243562 0.0614665452587698
 0.116474147801382 -0.989273368114163 -0.0881588114370981
 0.539795216572568 -0.821411803691104 -0.184129771960707
 -0.698419333808455 -0.160977404486316 -0.697349775512549
 -0.778404659145703 -0.626026621529397 -0.0466567868241046
 0.27152297727153 -0.958605813277116 -0.0857331182503158
 -0.00285008902608943 -0.983269799567117 -0.182132858792106
 -0.998199045512488 -0.0122132098588308 -0.0587324700902579
 -0.971574000475206 0.0736605537466532 -0.224984631524779
 -0.626358822040459 0.766058407295195 -0.144323049664417
 -0.879673659614757 -0.41111557903064 0.239077881156499
 -0.0196220599498779 -0.798620726701115 -0.601514679493948
 -0.853859569792669 0.500484483515891 0.142965439296739
 0.469789579668658 -0.880213163732301 0.0672498120972768
 -0.482222971214281 -0.598574797499622 0.639663362896107
 -0.271575662891901 -0.961030608014744 -0.0516413572985483
 -0.241604259984964 -0.962775989449322 -0.121201384880688
 -0.227647280388455 -0.88436328216635 -0.407527055405774
 0.0193186940006972 -0.985021329923232 0.171346921940183
 -0.112216126812285 -0.976864831974297 -0.182051204157179
 -0.948616356299807 0.206318243843086 -0.239916216246387
 -0.615510044731374 -0.630019383836261 -0.473521869426703
 -0.917543035630792 -0.158125501858239 -0.36484394393701
 -0.966019467787833 -0.254072313508069 -0.0474725959219632
 -0.527519346868067 -0.789585837003533 0.313492495417862
 -0.871070864030647 -0.44454015487817 -0.208853059680234
 -0.977970559221266 -0.208383160224406 -0.0122492379899384
 -0.87381852578188 0.332654568479444 0.354657753432993
 -0.666309799882145 -0.530242866820984 0.524284038252624
 -0.0454333249908799 -0.989528973124829 0.136997169046647
 -0.105199086541237 -0.993515066776626 0.0431388951959392
 -0.0372803143073697 -0.969743045846583 -0.241264591677551
 -0.91618372714009 -0.0274279989688805 0.399818812709277
 -0.969569257021735 -0.24250202658598 0.0335890300546619
 -0.106086709443502 -0.877087107286683 -0.468469653564591
 -0.240762164168968 -0.814369313199774 -0.528049431420207
 -0.975942391616761 0.0250930990211027 0.216579741958648
 -0.956797006838566 -0.29049179510642 0.0124098622317445
 -0.0989690212428237 -0.995041654255762 -0.00986099032519846
 -0.709948729085991 -0.1999542210878 -0.675271139275444
 -0.967458466846198 -0.242316123422386 -0.072849236489829
 -0.897160898543746 -0.11467813746585 0.426557436825971
 0.0491126772733391 -0.929191075856289 -0.366322111645034
 -0.9808757240567 -0.0270617622627266 0.192744584825305
 -0.200054223602978 -0.967539487482392 0.154420360642373
 0.0613553631266342 -0.921322622163711 -0.383927265644135
 -0.90152873474044 0.297176290630001 0.314534883160351
 -0.353430708600859 -0.918456224949147 0.177552519188147
 -0.134369641860191 -0.990542386018018 -0.027759338034189
 -0.0136395931216582 -0.97292390232295 0.230722867935017
 0.462099565371764 -0.874604363466345 0.14673513242866
 -0.99226547200191 -0.0104229201144255 0.123695577160688
 0.0191227866701408 -0.990986900678869 -0.13258688363808
 -0.967941871964118 0.158879455498954 -0.194540101570229
 -0.915038556272656 -0.00532391570494256 0.403331249044777
 -0.12923076345872 -0.98581091739302 0.107127237081002
 -0.845108158372756 0.534581530489808 0.00384550529631588
 -0.841805111026945 -0.0755621442584348 -0.534466572765763
 -0.969390716342416 -0.225888335555614 -0.096208621906005
 0.222480597021576 -0.620777232663531 -0.751756617101261
 -0.954098652863322 -0.160302519811848 0.252979965108636
 -0.410721650906487 -0.903414429417706 0.123085718897569
 -0.791285510457077 -0.0503154907733768 -0.609373114215681
 -0.957306603933023 0.230496917277616 0.174456978054012
 -0.985228568527153 0.0364251601849758 0.167325656919181
 -0.0352838179443673 -0.827860126123 -0.559823779208136
 -0.889834307888516 -0.413880418126556 -0.192088271364893
 -0.973334773708758 0.00672546826462011 0.229290615520875
 -0.97953911567445 -0.0940052965830143 -0.177949782461391
 -0.251045707952546 -0.914381056324311 0.317621372633898
 0.103132515931249 -0.904053759723095 -0.414789686091912
 -0.936400745016897 -0.133334992625194 0.32461581057219
 0.191770557892355 -0.980510064657417 -0.0427090883906868
 0.0135618768662444 -0.989597104622413 0.14322585666981
 -0.953870963329499 -0.274536892094183 -0.121489424215119
 -0.136786494058462 -0.904788609664534 -0.40329521056481
 0.498957158732912 -0.864385666547179 -0.0622830090551993
 0.332309408060988 -0.937794673127029 -0.100556493418994
 -0.765588994278315 0.448054590153885 -0.461649841418745
 -0.61385353476576 -0.720335506740764 0.322956027322775
 0.0737750603698077 -0.955974768185994 0.284023736788258
 -0.856582629757228 0.384734517953517 0.343868505526846
 -0.66440511461731 0.0672696765748261 -0.744339058684869
 -0.900583971149826 -0.0813626214048764 -0.426999572302054
 0.411547133083776 -0.909676202501076 0.0558405216106198
 -0.937641780472816 0.327817841204602 0.115599976209865
 -0.0380933845346663 -0.99753032056083 0.0590097756011822
 0.107690001704611 -0.898583354567658 0.42538314309196
 0.0140334379040995 -0.998279962926248 -0.0569225635452374
 -0.714204851563139 -0.391899761595034 -0.57993620930705
 -0.952587814089815 0.00528700264059856 -0.304217856232449
 -0.802795717824038 -0.461957818599014 -0.3769801178824
 -0.145676200563172 -0.977424154998785 0.153037465394552
 0.593886289020849 -0.804534140398214 -0.00488801051067702
 -0.991495392944527 -0.111628810646076 0.0669021255530819
 0.484051658756831 -0.81463278051174 -0.3194799282748
 -0.951772862105384 0.253374005886571 0.173002982924337
 -0.985440427350299 0.15505096742125 -0.0697593122485713
 0.288392193922515 -0.949591463691351 0.122906446409767
 -0.79696610470178 -0.526241658936636 0.296504206304209
 -0.986818151960696 0.145874900289541 0.0700745918746107
 -0.0455858741219117 -0.881240793615395 0.470464230041615
 -0.935084899275196 -0.219270417529387 -0.278454152678649
 -0.102967014277976 -0.973563334422818 0.203892687064063
 -0.998323603106956 0.0164297775898981 0.0554981611217078
 -0.95276249792494 -0.292786706046529 -0.0807438375992392
 -0.873257612492062 -0.479063299198711 0.0889915590688795
 -0.380466305801134 -0.822285623632844 0.423192324264966
 -0.913459178325629 -0.349774892184787 0.207965993205107
 -0.91977571538265 0.366172595772176 -0.141174585169575
 -0.972420685637802 0.0416019158675726 0.229493552719581
 -0.24476863919754 -0.967451139454901 0.0642386646249653
 0.152155157038258 -0.979287279858976 -0.133586046026789
 0.237117607051885 -0.897723124739874 0.371306385257867
 -0.983039024194467 0.0881192261595001 0.160839295235466
 0.0611195351135007 -0.961268090487862 0.268752787217787
 -0.760296277748587 0.21607811113289 -0.612584541047916
 -0.722462304020708 0.124561328489899 0.680097562643715
 -0.0535914315028003 -0.976948083909369 0.20664075061636
 -0.831150730503316 0.00255744807995981 0.556041295807355
 -0.370013344049913 -0.0751496757617617 0.925981993052728
 -0.911419386163048 0.087624595639521 -0.402040585967614
 -0.993593628499601 0.0494799998812456 -0.10160428640933
 0.196023156745678 -0.973330100450515 0.119178175755675
 -0.793044421232603 -0.154977814583535 0.589120041195983
 -0.835263589794529 0.518571222645509 0.182807610912397
 -0.891742377274924 0.449709928131866 0.0505619729806847
 -0.943030859596 -0.257374233116719 0.21083477411758
 -0.969575914690733 -0.0117955690706618 0.244506462495221
 -0.744032672833492 0.303770834265195 -0.595095506625683
 -0.840669522780394 -0.539378071134258 0.048436038728109
 -0.791344113078254 -0.167601229908242 -0.58794925157673
 -0.962469261793008 0.262750790466656 -0.0679333659755572
 -0.875106878303188 0.483790649704757 0.0115999484783096
 -0.910702523347534 0.411466106899213 0.0362843884010688
 -0.955027830738552 -0.227660909730831 0.18997987444818
 -0.553363301090444 0.79916998985451 0.234768789071778
 -0.847842298521197 -0.411697560617868 -0.33416845365712
 -0.987458823666948 0.00158316419780588 0.15786882261362
 -0.810753542246941 0.532656784156175 -0.242807421687312
 -0.84781995148154 -0.419947438973767 0.323798515081853
 -0.713346581824309 -0.539577574493334 -0.447205428526382
 -0.891447935916146 -0.0821394547720117 0.445616076371353
 -0.990512180839852 0.081738665110775 0.110473572558273
 -0.858016677712487 0.406348219969791 -0.314147266253597
 -0.990145573844199 0.122377806347843 0.0680838828962611
 -0.881068876559471 0.471123841612154 -0.0419518846160451
 -0.845534174487041 -0.127682244457119 -0.518429555701554
 -0.920737262423193 0.259086251050933 0.291748535732086
 -0.952949666127988 0.278106969217866 -0.120596216769052
 -0.974835642906953 -0.102910113264181 -0.197749786108966
 -0.993399124516545 0.114441939242878 0.00782444580087275
 -0.61670967054079 0.20677453931779 -0.759548202651673
 -0.952419717108543 0.0760684467949071 -0.295144496586154
 -0.973541770416853 -0.101917627177801 -0.204521926756196
 -0.93624717773582 0.350036189268904 0.0302636478934141
 -0.954217535619381 -0.295912359509787 0.0436436731477291
 -0.952323991387553 -0.0326062462843415 0.303341141507255
 -0.980262545328784 0.103802211038586 -0.168257074766664
 -0.979841801771458 0.15001302943451 0.131932310300187
 -0.942131006632268 0.027397209488831 -0.334123568839874
 -0.517349421453702 0.235772580559283 0.822654767431598
 -0.951698558945993 -0.240963743832721 0.190279602317853
 -0.75181937893662 -0.546160414427328 -0.369427155428407
