 0.11046897557098 -0.264244465129708 -0.958108275762511
 -0.229366135164566 -0.542001498993351 -0.808471119538992
 -0.751666766455351 -0.452301191517383 0.480021566555621
 -0.536982883268828 -0.00424788480109893 -0.843582443244887
 0.202248528653205 -0.960668786636295 -0.190291920586143
 0.40890149992159 -0.898729500555305 -0.158381969281501
 0.326004700832062 -0.449949638790226 -0.831424234424246
 0.0325962350822176 -0.869179782459854 -0.493420704086793
 -0.317672173328186 -0.115893374390095 -0.941091449363676
 -0.987900891151187 0.00778081138841326 -0.154891214201543
 0.553523172104587 -0.34444146286153 -0.758269197979903
 -0.335060225683027 0.854856862861562 -0.396174695284451
 0.501586483705734 0.463911802899654 -0.730203285732207
 -0.123501426476303 -0.189685386716664 -0.974046637345701
 -0.655927525873117 -0.288834457587326 -0.697376323739347
 0.0716750249344934 -0.907489310907394 -0.413915258705768
 -0.995986598097172 -0.0441752696510029 0.0778411328417247
 -0.680446315211343 0.20393048651537 -0.703850245993357
 0.0931867997569471 -0.937645463859689 -0.334868936233876
 -0.892443959422795 0.414677200006001 -0.177726191330787
 -0.746631396173093 -0.331757406678044 0.576609557120655
 0.281525908790259 0.165234421809204 -0.945219947170603
 0.274725294908076 -0.164832371929556 -0.947288921872175
 -0.126247743359567 -0.815357434998732 -0.565025451186851
 -0.376368420648791 0.4810643659249 -0.791785253572968
 -0.985001114055527 -0.171805707238463 0.0159876286441067
 0.655403899157332 0.238708203244856 -0.716564109255395
 0.164005923411398 0.297826417506527 -0.940426223646067
 -0.145703270393883 -0.0174510639229189 -0.989174412004519
 0.139990721048117 -0.847475952569173 -0.51204209576694
 0.72047411863638 0.240065413108789 -0.650604059166585
 -0.20791952472801 0.504085580129354 -0.838252467424064
 0.195658479255415 -0.302695987982172 -0.932787702724985
 0.678054725846633 0.47359289880377 -0.562095681320973
 0.0577266419841426 -0.911644433391412 -0.40690547043716
 -0.994407103876583 -0.00833505225883211 0.105285510226379
 -0.708072487143947 0.146692273080397 -0.690734920188846
 0.077808025370739 0.846121959346721 -0.527279376705719
 -0.698195900546798 0.530027135480029 -0.481241851998016
 0.148774835861547 0.485340407485503 -0.861574568494321
 -0.996821188925416 -0.0550848205184592 0.0575602280899603
 -0.515187033181409 -0.115951567955739 -0.849198183423836
 0.232021727394649 0.288907380590163 -0.928815613271727
 -0.556313051558595 -0.108950699274431 -0.823799449983536
 -0.243540773224158 0.180453079328274 -0.952955706178584
 0.134516019447651 -0.990812515977704 -0.0139999533532135
 -0.580233593486152 -0.496008890274878 0.645990834113326
 0.362373468952988 0.257004865542358 -0.895898413932368
 0.115739366928428 0.0451980338319957 -0.992250742847154
 0.149156087831477 -0.943408066901869 -0.296198718375497
 -0.776191508301206 0.627811425644106 0.0581339511113233
 -0.0643627736036184 0.475895215111415 -0.877143761083729
 0.109214207568416 -0.989453921844185 -0.0951482706745869
 -0.848908543475178 0.0349359500381029 0.527383886945541
 0.274274953717176 -0.952852487261177 0.129789781121743
 -0.46679824931428 -0.444368535198748 -0.764614935351411
 0.167288905841562 -0.453231550415866 -0.875554443589868
 -0.924964494962827 -0.272859374024759 0.264553293430604
 0.18398022860657 -0.923563446389815 -0.336425082261179
 0.182736255175605 0.881752270738834 -0.434879746701668
 0.124630209013923 -0.814585049898037 0.56649669679863
 0.65269338419277 0.161292640218376 -0.740254031020686
 -0.160223963340215 -0.232938100815019 -0.959201815448785
 -0.645355516082536 -0.00588257331358885 -0.763859707795256
 -0.235246733736986 0.00399459152522901 -0.971927475434575
 -0.964565443752887 -0.252147472042487 -0.077686273307318
 0.0692468680456401 0.082329030989321 -0.994196561009054
 -0.028131282026644 0.11950291606942 -0.992435229132079
 -0.0638690426368815 0.37081182848284 -0.926509219193129
 -0.306153611879622 -0.927211815186854 -0.215750355065669
 -0.954546994471403 -0.0657080860043704 -0.290727506058945
 -0.984638112306707 0.136392843464581 -0.109017338275756
 -0.313100807630654 -0.304731901534826 -0.899503392127012
 0.73597873811567 -0.347234958064524 -0.58117396787846
 -0.0628961368734389 -0.0133824776167263 -0.997930350905932
 0.490436791774512 -0.838957533843405 0.235843188753282
 -0.878434380197776 -0.440763438505111 -0.184609401070748
 -0.517844169687622 0.144124820242636 -0.843246969819972
 -0.0579446977113223 0.833357007160924 -0.549689467447696
 0.0100180742086951 -0.41684696273164 -0.908921475073923
 -0.169869331387488 -0.0321692192785576 -0.984941395000218
 -0.422296026154607 -0.261037914466208 -0.868058335312299
 -0.882291020222611 -0.281422083851022 0.377311762810931
 -0.304274857975855 0.488097267807386 -0.818032925964926
 -0.287119820541371 0.273327394114185 -0.918070990871098
 -0.975373215706595 0.185425726005616 0.11943362264231
 -0.151909557537134 0.0165560984537133 -0.988255726992191
 -0.12970278236123 -0.649682078163412 -0.749059667557282
 -0.192432139590475 0.364240827084533 -0.911207161702215
 0.374462412141011 -0.567176900080709 -0.733544999238883
 -0.0981264457789713 0.342080843789832 -0.934532983340247
 -0.97651339025197 -0.0430423520753387 -0.211113605877086
 0.038190245885268 0.531298119724209 -0.846323704676138
 -0.215534451228566 0.1922256959317 -0.957389253207479
 0.0548166632606213 -0.977959950894606 0.201468280072055
 0.194474372319671 0.564260919430282 -0.80236483803477
 0.667098478801745 -0.113846257987448 -0.736219158350728
 -0.0564167966120431 -0.931916764169546 0.358257295417412
 -0.519564771756322 -0.8338490419498 -0.186408752984408
 -0.793791331817553 -0.375837008466847 0.478165101819452
 -0.299983526076796 -0.90873370764128 -0.290194646192974
 -0.962162055232221 0.176929159451051 0.20722029825105
 -0.986030504966977 -0.0992561058549283 0.133761237752508
 -0.305988315943582 0.467200867713539 -0.829514616937958
 -0.908187994097086 -0.163308557435387 -0.385389260937931
 0.134658523129573 -0.108723544018665 -0.984909271519252
 -0.758602212575214 0.521265428415396 -0.39090284754003
 -0.600668016481015 -0.182695522178859 -0.7783445767477
 0.347851406763781 -0.328223476883549 -0.878219077471523
 -0.346458740611921 0.340490533889159 -0.874089547692613
 -0.250649389544946 -0.911825331715519 -0.325191402042904
 -0.300148105613982 0.117750611731912 -0.946597014644088
 0.152554511989706 -0.383260908926417 -0.910954552412182
 -0.0366627993185241 -0.162634007141947 -0.986005080548312
 0.403708733786731 -0.897273962104257 0.178658039824809
 -0.987281020029722 0.158968447743229 -0.0022847562628942
 0.310144152716867 0.577600042457763 -0.755108466042017
 -0.350064740309917 -0.384387795422984 -0.854225204686451
 0.344120482702397 -0.86651350883104 0.361573550467936
 -0.305092512402743 0.694164969055744 -0.651961313738491
 -0.980717209182621 0.194543281896458 -0.018618997878685
 -0.530192614636863 -0.820844230429622 -0.212392421604276
 -0.988976374946524 0.112262593978558 0.0965548537922235
 -0.273081978178002 -0.922403190949998 0.273127418103072
 0.344634388372635 -0.131607654769498 -0.929465740927062
 0.0975938727117361 -0.902998363043074 -0.418412944769464
 -0.0883432063676278 -0.193215219768223 -0.977171099009076
 0.120663226887171 -0.990496327623557 0.0660106858123996
 -0.669455197222279 0.510842261920002 -0.53932357852085
 -0.35540664980122 0.117810185121989 -0.927257716904311
 0.165522645103393 -0.979438007486236 0.115340554226896
 0.185182292433582 -0.939848350605876 -0.28704110582364
 -0.979054204797799 0.0117184133242406 -0.203262251431276
 0.231666321088424 -0.972775968784606 0.00613434825603036
 -0.305870900514852 0.319808144611974 -0.896752888402418
 0.062606897736085 -0.987147778478057 0.147036185348033
 0.00509587980905699 0.094215017119675 -0.995538830261337
 -0.0730107077229536 0.367767970681955 -0.927047008677699
 -0.624670969649818 0.31227735448367 -0.715729721021446
 -0.802121202847686 -0.595162487706921 -0.0488179185206598
 -0.207578150765933 -0.00738359749713499 -0.978190571316549
 0.214772060578768 -0.862463979789023 -0.458289041502444
 -0.959023561717571 0.0545424603680509 -0.278026847781907
 0.216632385046145 -0.965000292852535 -0.147800015371249
 -0.937759819530851 -0.325934843603672 -0.119887441371124
 0.403515161074132 -0.869467596329717 0.284958968477815
 -0.168038202772162 -0.985780284615326 0.000626795683524082
 -0.906889920456162 -0.264401947003322 0.328088833391003
 -0.22067513676774 -0.943321297967885 -0.247885886675146
 -0.94485844024929 -0.110348679661245 0.308327255990608
 -0.558024555701564 -0.0132759033252514 -0.829718232669966
 -0.0834584723636791 0.154495990195016 -0.984462123397535
 -0.216758823485707 -0.869088192293152 0.444636173132273
 -0.890760029034144 0.0906743145400733 -0.445336658448166
 -0.939119345572804 0.296046333286288 0.174388713277702
 -0.216571418770517 -0.305968515820444 -0.927081489351589
 -0.248782414717735 -0.967961225233969 0.0340349316257164
 -0.720186265810101 0.165216339554859 -0.673821418242694
 -0.144331800540198 -0.989168537233814 -0.026719586440305
 -0.77695836256788 0.241803478301341 0.581263090792123
 0.524596718311296 -0.171626619718276 -0.833872044465515
 -0.201457838478569 -0.973475441383373 -0.108444936898825
 -0.55929388500587 -0.236870766107133 -0.794407068422015
 -0.1450725053121 -0.766637649664003 -0.625476364317729
 -0.221583191554249 -0.526460737634217 -0.820816654893326
 -0.178815146384891 -0.182732655410327 -0.966764666333043
 -0.100671304681081 0.242512757543843 -0.964910799422563
 -0.998297187073296 0.0426477898599541 0.0397981444492714
 -0.655333794133909 -0.754938696614366 0.024600459757032
 -0.908589033649545 -0.368110770204672 -0.197383962851871
 -0.850957822328792 0.230480013745881 0.471963714581045
 -0.173322193147308 0.118982171015286 -0.977651604787256
 -0.634583103881733 -0.179442082677311 -0.751734543061747
 0.23043186359633 -0.962015508524046 -0.146380728235458
 0.511268081386113 -0.236268936120272 -0.826306201586529
 -0.0609787396980814 -0.958261726502838 -0.279313545723501
 -0.373855727256818 -0.915487563862527 -0.148709164513594
 0.165248499505178 0.768625725922808 -0.617986591165961
 -0.260509123939075 -0.960564388150527 -0.0972165241175565
 -0.983342456809562 -0.148890934382739 -0.104254986904072
 -0.425662817489429 -0.44399195443711 -0.788468331768674
 -0.577561184038543 0.00182498983442823 -0.816345360802706
 0.205531561955124 0.484391414360234 -0.85036564766833
 -0.0315400413995859 0.527195959695472 -0.849158198376064
 -0.944269886182281 0.211146482829358 0.252530284991907
 -0.0801645088619343 0.625145594830058 -0.77638047166547
 -0.977348718955056 0.0367551590027437 -0.208419144618709
 -0.49215051966703 -0.127950157378667 -0.861055528533582
 -0.568614450397066 -0.783290608724919 0.25126366447019
 -0.81292727969318 -0.571385864642797 0.112549685104175
 0.0577750459471457 -0.993178875709186 -0.101280624557927
 -0.963936746468851 -0.216091641409818 0.155339471223051
 0.456058639992036 0.153360198113171 -0.876636279492985
 -0.989586737309169 -0.143798129736491 -0.00633933956195785
 0.366131230796731 -0.845330172936365 0.389056320548382
 0.156282690252061 0.0578251644191513 -0.986018240747846
 -0.930662888614353 0.365159239618654 0.022919805346362
 -0.488453034006569 0.327306388327427 -0.808878335554757
 -0.932846602916206 0.232723264361784 0.275021994852211
 -0.864193133155363 -0.422527574785174 -0.273204460346599
 0.207026477328175 -0.665131150581076 -0.717454242590969
 -0.402778651024128 -0.89627714523114 -0.185624990816164
 -0.989269142276368 -0.106569314975998 -0.0999477125567414
 -0.185314216107904 0.189654206866503 -0.964204295326541
 0.0421047426601797 -0.741599955197008 -0.669519751088282
 -0.37288476742065 0.163453232838642 -0.913367390977062
 -0.337673078382469 -0.737593229343935 -0.584750476837507
 -0.96291416561919 0.103706486654731 0.24908085891058
 -0.589502893797121 0.256958613381259 -0.765805856084949
 0.0615541768311564 -0.25249628966867 -0.965637979274942
 -0.227770198720023 -0.973240996963429 0.0303759510908221
 -0.942234186647053 0.302190168990634 0.144484737183477
 0.124216931179344 0.0281662940960299 -0.99185523837165
 -0.11477602726277 -0.906354181833626 -0.406630742367661
 0.0772895210832667 -0.595913723336518 -0.79932043904177
 -0.569710400099161 0.105155988112426 -0.81509034970545
 -0.217430873941239 0.431247930590807 -0.875642071521404
 -0.940858693268586 0.304952012730044 0.14761161618526
 -0.816981946087577 -0.479075606709652 0.320978290267012
 -0.0814553107714956 -0.969532463492827 0.231023450282973
 0.205506894169293 -0.978650964359124 -0.00303420629619215
 0.399832077072209 0.296481215102463 -0.867313783607461
 -0.982077780554795 -0.0158121460025392 0.187811631640221
 -0.893896039175651 -0.447427210570064 0.0275456418980193
 0.069003979126098 0.90789521143001 -0.41347882161874
 -0.309045342844046 -0.13215825042165 -0.94182013830237
 0.245584564843918 -0.967734712935297 0.0563715077895014
 -0.234241129537825 -0.720944374153082 -0.652204187819938
 0.0016679069447776 -0.286068054967086 -0.958207851154316
 0.180724665575117 -0.950129199799697 -0.254151724252955
 -0.917061686692182 0.0259726522832848 0.397898585238326
 -0.0653135453851931 -0.240787071946392 -0.96837788428521
 -0.803751962031423 0.580692992993763 0.129531584637041
 -0.0560465862426348 -0.109403800128332 -0.992416036089717
 -0.968321214186234 0.228001247561578 0.101830532097507
 -0.183709139651118 -0.886919037451148 0.423822572564718
 -0.981430630946087 0.028424128804287 -0.189699724676876
 -0.0170841608250053 -0.487962125565313 -0.872697596801256
 0.113374241039422 -0.0532392686124655 -0.992124922449963
 0.520187321937434 -0.837362286227622 -0.168016522101879
 -0.559555655036283 0.657129999328685 -0.505052109092912
 -0.129667638384933 0.700771891057436 -0.701502003033105
 -0.512709482564686 0.567623146882904 -0.644152893039378
 -0.977494928350548 0.0756127928363132 0.196942556621089
 0.666890901257141 -0.706624311098138 -0.236513443139117
 -0.122579890513436 0.0806002106305005 -0.989180355894734
 -0.851371488715916 -0.504669653826165 -0.143091329956168
 0.305138072012359 -0.884059736767649 -0.354018557190008
 0.0178772658567338 0.378721698953379 -0.9253379264395
 -0.904689487869807 0.286206520736962 0.31563073048344
 0.619939347875528 0.325784619991936 -0.713820416023789
 -0.869924983791014 -0.411718671872679 0.271511063876963
 0.671699447224489 0.0275471543490164 -0.740311425607891
 -0.939832417502865 -0.173708328767041 0.294177571421892
 -0.179345807843508 -0.943423763775957 -0.278902640991023
 -0.249225223468096 0.309689539434887 -0.917594233390711
 0.18281801001905 -0.968213900683282 -0.170702717425173
 -0.989164286140129 -0.143618268712882 -0.0304599395403866
 -0.903135547583677 0.240240268728401 0.355852210857312
 -0.952291128456244 -0.259060674383097 0.161335593257373
 -0.154876134473754 0.0386118887570742 -0.987179064312589
 -0.766081219861583 -0.0763885717888994 -0.638188334800505
 0.292307685469699 -0.386188982942062 -0.874879583982575
 -0.951587041667756 0.300592667373027 -0.0642351185223283
 -0.774812410412252 0.559154491799896 -0.29497793641416
 0.543334948716097 -0.729080932014231 -0.416206833289576
 -0.615687678358716 -0.418078269354401 -0.667936556426495
 0.334340995160096 0.47687373443233 -0.812900695265984
 0.0747264848411286 -0.970673759594025 -0.228491586057099
 -0.282709159865421 0.448989076746521 -0.847634555625533
 0.182526524929521 0.232208531541548 -0.955386448290152
 -0.925210601341587 0.29898160874584 0.23365645892397
 -0.695641665653588 0.561365230985632 0.448276421917493
 -0.866490398570864 -0.034959573651716 0.497968088731192
 0.242905542419041 -0.945503127345904 0.216842647191983
 0.305848456445487 -0.855907478637185 0.416988140961887
 -0.983169838549209 0.182677673292785 -0.00243644155616933
 0.341170584126318 -0.883073234796165 -0.322155699179052
 -0.987383439482548 0.0631818316331894 -0.145196417266713
 0.15531028371385 -0.981153716510659 -0.114961299357847
 -0.0588426567918612 0.210854132604804 -0.975744882899804
 -0.954725814264496 0.289800894678247 -0.0671867622428851
 -0.25573122380548 0.334303792204358 -0.907106672717568
 -0.695080480885221 0.151246989923492 0.702842424111872
 -0.0721260314049537 0.384766807872379 -0.920191468746299
 0.399097271019952 -0.623497760698665 -0.67228856205366
 -0.0769991428211218 -0.0229302151973554 -0.996767443908465
 -0.934863389024337 0.209468550274858 -0.286624092336427
 0.244961305141367 0.725624594975561 -0.643010813400514
 -0.00921278828266695 0.00390160156398683 -0.999949949766134
 -0.0239755464083344 0.034618704342427 -0.999112965827225
 -0.174634706206593 -0.481702692265905 -0.858757961041361
 -0.745527069034103 0.219126944563185 -0.629422569903418
 0.16283482793537 0.464179508305126 -0.870644705308009
 -0.189750626143821 0.169975175488513 -0.967007311035277
 -0.118021421321008 -0.192008878335495 -0.974270770756115
 -0.957761752195953 -0.215536789155093 0.19035839501123
 -0.797769715561005 -0.558673853052158 0.226819326446334
 -0.166074800063806 -0.943363168552962 -0.287202181400984
 -0.942356434512054 0.0898144674239774 0.322331679757166
 -0.94151547889668 -0.163197597122656 0.294813750173471
 -0.778482048368136 0.513672056062063 -0.360703090074821
 -0.997048637454427 0.0223782340875199 0.0734386083024164
 -0.435690757405671 0.70984306698463 -0.553440497402499
 -0.291194822233615 -0.905483264985143 -0.308716103137135
 -0.868531662655035 0.46527911178605 0.170786706453591
 -0.719521826550848 -0.289732871499504 0.63114436089502
 -0.129118231339052 0.107492005928538 -0.985785955974893
 -0.966933597883681 -0.236540021216464 -0.0953322382336354
 -0.541675793580507 -0.785170612294382 0.300157365790335
 -0.336026220564385 0.796571926112705 -0.502553027672015
 -0.584219442997421 0.55139139878525 -0.595529317304722
 -0.841372431020899 0.0996062224823186 -0.531197734145003
 0.12074027015153 -0.799620166184652 -0.588242617458617
 -0.473010703219716 -0.183373825525877 -0.861762678903882
 -0.12634779199637 0.693042845343817 -0.709737874130575
 0.255329292070177 -0.877806008562643 -0.40529441637193
 -0.912336630261022 -0.0002331587993986 -0.409440861078785
 -0.177616664028718 -0.197416924680674 -0.96409484933223
 -0.222357723041558 0.19000615150406 -0.956271250950477
 -0.215053809276718 -0.0954713692291043 -0.97192441926988
 -0.133448708248447 0.443948768222972 -0.886059215549461
 -0.28325425932369 0.340626387219091 -0.896515860933346
 0.456442278521439 0.271691012255894 -0.847257009553491
 -0.137370927579327 -0.45170291032273 -0.881529187867294
 0.13064231696308 0.239519761193031 -0.962061780249352
 0.297421324530576 -0.954371166873486 0.0267625027794271
 -0.553422921926565 -0.141524609929228 -0.820788556371641
 0.669260970096296 -0.741987739098041 0.0392931156049299
 -0.168409325397247 0.517381294082078 -0.839020199788538
 -0.649980147456392 0.675724427412885 -0.347738847571127
 0.00654106658274664 0.558918395162114 -0.82919686564613
 0.142898913421398 0.171127074920291 -0.974830972411222
 0.0334064478211663 0.874804554290063 -0.483322874523166
 0.056000384085051 0.416464859583935 -0.90742546675419
 -0.0781763432578452 -0.989099291618617 0.12478401610135
 0.216611895300028 -0.335376957297745 -0.916843270863803
 0.426171069324204 -0.0481176155098585 -0.903362006478416
 -0.0153358380528566 -0.969736933067939 -0.243670048867734
 -0.00791787600518419 0.141733782703792 -0.989873144438236
 -0.203917114792849 -0.942501725036752 -0.264779736002034
 -0.469898354596643 0.150522318557309 -0.869792255635505
 -0.00162815972237985 -0.0527206219485716 -0.998607973690013
 0.178800638635722 -0.894365247982945 0.410050161350857
 0.212818107814875 0.154896430887244 -0.964735999475758
 -0.251943803825432 -0.930981893637308 -0.264191281902838
 -0.219757130298648 -0.821915215631303 -0.525511352871327
 -0.945826185378564 -0.00523970881483452 -0.324631132985994
 -0.954610907697551 0.163467644358823 -0.248990650733386
 -0.93040098735516 0.253892318977028 0.264372262336674
 0.229418347677715 0.596755863264841 -0.768927604789854
 -0.734069302248853 0.236787428313426 -0.636454219318716
 0.322739655516583 -0.946480445620609 0.00372569655906665
 -0.826009667368076 0.537016381350292 0.171235030224304
 -0.945051579902836 -0.326823521515389 0.00799356662782424
 -0.0576020335822682 0.581080056828973 -0.811805378944255
 -0.436171662885341 -0.192865912575799 -0.878952228657588
 -0.398255248500154 0.287283049136636 -0.871126401115727
 0.342476612458261 -0.150843147788653 -0.927338187871245
 0.311914747973478 -0.462889228319102 -0.829724503858231
 0.476013629834745 -0.391629373685117 -0.787424572818599
 -0.918178824105185 -0.375318017527229 -0.126822839757868
 -0.677490560875622 -0.630946954376217 -0.378037670990354
 -0.620917951223231 -0.625212682401726 0.472831893607848
 -0.129965212889233 0.0644539392154946 -0.989421413331176
 -0.152897910316659 -0.841517871943082 -0.518140811190535
 -0.824686779984538 -0.383044021839125 -0.416135785834434
 0.853110777129004 -0.173294682545418 -0.492108682048824
 -0.999012398138176 0.00185735805195164 -0.0443934520765924
 -0.145560616155489 -0.51395863814735 -0.845374843071496
 -0.865215840651153 0.0358083041211275 0.500119300209747
 -0.038381737808512 -0.999054606772324 0.0204140855733236
 -0.0953010845069578 -0.655910033930285 0.748798858627182
 -0.135891068549777 0.367168560181339 -0.920174367118951
 -0.710895152155117 -0.702417797542606 0.0351755644979151
 0.341074047199325 0.637812848224278 -0.69055286906008
 0.70595955344869 -0.698939367548327 0.11447650145628
 -0.43125545148989 -0.656369556270668 -0.619029677124852
 -0.997510703730941 -0.0681652297346285 0.0180526285462128
 0.508678423392841 -0.77901720189127 -0.366576677834351
 0.113607650349216 -0.991568134395264 -0.0623372812530869
 -0.017232115391632 -0.0667045790911776 -0.997623953866084
 -0.2185756403391 -0.296204450535416 -0.92977826008859
 -0.976076002810908 -0.167897322329512 -0.13815254572848
 0.123963008021884 0.0152755282193598 -0.992169255157499
 0.2896209126952 -0.217596464728023 -0.932079130475233
 0.000794484590973242 0.138988976010866 -0.990293609664167
 -0.111116058220059 0.114158018103694 -0.987229035486838
 -0.0131732216515493 -0.171317796263535 -0.985127747510304
 -0.894703700802158 -0.34334345926201 -0.285693116390505
 0.129431598285031 0.439112442541426 -0.889060022816618
 -0.987216230218307 0.0907520261699467 -0.131027419037405
 -0.294386895918212 0.155408635555461 -0.94296580611729
 -0.924718749199857 0.333199268421817 -0.184047500394376
 0.29280350786532 0.574886945188688 -0.764049151582136
 -0.984925182427905 -0.0146869090359573 0.172356258146685
 0.117782401842518 -0.933241454328951 -0.339393125649581
 -0.948379204565423 -0.181507554316658 -0.260061323679321
 0.248069694092334 -0.949750177698603 -0.190882232893497
 -0.769124561170364 -0.562518008638104 0.303349467384263
 0.514767549870702 -0.857155963808575 0.0172633515722617
 -0.288248275554716 -0.955374102465543 -0.0646007428586538
 0.179518987878459 -0.981998403207925 0.0587543112305844
 0.651075360014892 0.162602906280107 -0.741391374680567
 -0.337764495581046 0.354413970545448 -0.871955206995802
 -0.300560084474109 -0.936603011233861 0.180106732157854
 -0.772019821727357 0.333378875142441 -0.541150552497935
 0.157531095026279 0.00152182218304318 -0.987512854679404
 -0.204386967151417 0.396357656675254 -0.895056744376326
 -0.847503591596494 -0.522568706008288 0.0930570240866652
 -0.0942391625062761 0.282617203634793 -0.954592319505958
 -0.702889191735235 0.0547813539468308 -0.709186708421372
 -0.3309590319682 0.0206530324687235 -0.94341908577711
 -0.0517623836483029 -0.988331199224621 0.143255353401777
 0.0948165308002155 0.0879968898816871 -0.991597888691864
 0.47446615143714 -0.243730018295612 -0.845859059963331
 -0.746444861397604 0.352949951059501 -0.564133318409937
 -0.261599546451397 0.0104904047416213 -0.965119489340455
 -0.0393105238390764 -0.148730493954949 -0.988096110144866
 0.173931857523664 -0.799269714912152 -0.575252667757929
 -0.569455263282643 -0.81812532134718 -0.0799478685786467
 0.448277799298186 0.0232015889405505 -0.893593140599797
 -0.204692965008876 0.105389339851405 -0.973136104109574
 -0.898700452875441 0.0727748422893527 -0.432482737610691
 -0.935442831829013 0.326300522485869 0.135921585501221
 0.374486755351855 -0.920956398636234 -0.107698569521688
 0.1458788216362 -0.968859070150727 -0.200078663491894
 -0.896218318790325 -0.164630271461011 -0.411933973815363
 0.0371908722620277 0.694310365013691 -0.718714098967694
 0.0232585519623856 -0.923753426193307 0.382280848796719
 -0.29152335901567 -0.950932439290373 -0.10364182096761
 0.0132758845154881 0.0360685671603001 -0.999261131713495
 0.203681855802562 0.27352640782327 -0.940051597435014
 -0.637009926538137 -0.0138075087777281 -0.770731928878796
 -0.372264520158293 -0.790702025015781 -0.486013821477599
 0.144064298209778 0.458723839184201 -0.876822625931512
 -0.686944224148282 -0.431931565827546 0.584416594007288
 -0.885784933169776 -0.423631984574264 0.189528345677067
 -0.0945330476292452 0.116720611908833 -0.988655552587227
 -0.969906374408543 0.137552073215561 0.200900602377833
 0.138064691285206 -0.198865257092784 -0.970252931220381
 0.274127007887073 -0.95304815151675 0.128660811583743
 -0.193832047654549 -0.589445524618742 -0.78420858883908
 -0.227729831603339 0.312872862361865 -0.922089852343799
 0.369451698253165 -0.58041291457891 0.72569021713667
 -0.544128627642441 0.129523886549871 -0.828943664788488
 -0.00194823976381309 -0.972183081007598 -0.234214135705764
 -0.651101453016155 -0.224163333393758 -0.725132882885648
 -0.905712050676478 0.190482881430105 -0.378684503434579
 -0.327254434576886 0.479896238185884 -0.814004997297191
 -0.151207365421541 -0.631031889539925 -0.760877839752183
 -0.994320528292829 0.0913553055217028 -0.0545975747493032
 -0.024763621253871 0.813271550079964 -0.581357161212389
 -0.15121293021744 -0.971586868734471 0.182081317651764
 0.0138976489956125 -0.376805045971956 -0.926188324630832
 0.208293403047678 -0.977621953422464 0.0294817644190978
 -0.149874879696445 -0.286411594755142 -0.946311745053285
 -0.761807939486418 -0.632546362701634 -0.13976323682711
 -0.122455325875151 -0.431367972606217 -0.893826809496343
 0.00287412206544494 -0.988067390586067 -0.153995360588536
 -0.97230355745034 0.231644727450874 0.0310887827619985
 -0.380699507423808 0.125996699902599 -0.916074623958619
 -0.092845054054482 0.384828599060901 -0.918306454993345
 0.43254303445175 0.130922450258268 -0.892057080777707
 0.663115589733698 -0.732328497739981 -0.154831153357561
 -0.946510229871232 0.223853746199107 0.232395966104693
 -0.87055006665668 0.234362950681666 -0.432685323060343
 -0.671574961808773 0.50971077136663 -0.537756450658084
 0.0312654928260771 -0.878451802785455 -0.476806983108812
 0.435993788855564 -0.866101308438568 -0.244495275210729
 0.405946809851835 0.514533161438305 -0.75528988696488
 0.118994814900034 -0.360738159622636 -0.925044979565308
 -0.663124202451175 0.603898552722006 -0.442236170098919
 0.00804244544811844 -0.166482112089571 -0.98601167611008
 -0.271198686047283 -0.182060644346277 -0.945148239413504
 -0.413459684283577 -0.238260188030105 -0.878796433920839
 -0.0474001183892372 0.447262409594509 -0.893145881555975
 0.0736452840443967 0.210589522031696 -0.974796607169148
 0.0623104210258286 -0.0531251542605239 -0.996641926378968
 -0.601926487213801 -0.114302614801512 -0.790328676083559
 -0.459941499974992 -0.158727383248186 -0.873647202483896
 -0.966490026674446 0.25331940565762 0.0415488514413895
 -0.561196728495963 -0.824996061021017 -0.0666313081459013
 -0.725214664155902 -0.600759832894381 -0.336379717096555
 -0.742391785335633 -0.520362430942471 -0.421992153398393
 -0.983484137304893 0.00363583431517806 0.180957819335011
 0.371018089136702 0.0502983050080219 -0.927262453702656
 0.237902325746393 -0.859629410132819 -0.452150152758085
 -0.554662206429468 0.535651069600193 -0.636732100961593
 0.222527412245167 -0.789998905498487 -0.571299641266001
 -0.382353544862553 -0.758817030942825 -0.527259405114935
 -0.977558585060856 0.0675709773144434 0.199532894026494
 -0.5759893557785 0.13938644382495 -0.80548599075819
 0.0150656265222838 -0.378523351115232 -0.925469124043577
 -0.16478086588727 -0.985785852910015 0.0327645912520881
 0.51835728151431 -0.732318464394071 -0.441605474839935
 0.164070905196969 0.420915661291258 -0.892138298778609
 -0.811259154552112 -0.499406497904667 -0.304058767355899
 0.35848180383461 0.542821413771723 -0.759497010573677
 0.159957735102248 -0.960932556044572 -0.225880821927416
 -0.93811451905389 0.135142556325946 0.31886931274423
 -0.848729984450952 0.497511425883867 -0.17927575019753
 -0.72172493773177 0.553913320586923 0.415082097340323
 -0.145659849387419 0.267163420295508 -0.952579086025113
 -0.607757863982134 0.15560816993706 -0.778727472365469
 0.153437053463082 -0.313324220607433 -0.937168609912492
 0.133625429227506 -0.304485898357693 -0.943097334512761
 -0.828778062545859 0.124356361757671 -0.545584474057985
 -0.852473764758452 0.522538144913521 -0.0155681568879091
 0.534431762408464 0.0162785401659467 -0.845054850562405
 0.0220763708709903 0.224363287389871 -0.974255484521784
 -0.180584362266505 0.0792845266384432 -0.980358736351402
 -0.263281073442993 0.370304040956257 -0.890818720963009
 -0.477157506046996 -0.311535238909434 -0.821746012670979
 -0.295406193642277 -0.567196659647541 -0.768780287235862
 -0.861686293330056 0.425210492002103 0.276934594044221
 -0.902644305022092 -0.368358838638085 0.222587116896701
 -0.845489142151846 0.533060836313557 0.0315318139666274
 0.45458003404384 -0.1447863561055 -0.878859433433125
 0.229343014837054 -0.950321366367303 -0.210454465790664
 -0.97965202104672 -0.133675396309128 0.149709071470888
 -0.0312819318629218 0.0892076723981669 -0.99552168832438
 -0.214965214573477 -0.955065401649026 0.204058901046644
 -0.919276344697 -0.391498745669692 0.0407398357824422
 0.0392946940834128 -0.00815754679272106 -0.999194366200699
 -0.717268592538453 0.201330616813939 -0.667077018710153
 -0.719080294080574 -0.0260809405878652 -0.69443740913278
 -0.964976227088809 0.180532539953504 0.190338864059298
 -0.984910617030199 -0.0742973500880693 -0.156304127364198
 -0.056105287338567 -0.894835342785094 -0.442856529855143
 -0.824605668174769 0.544383469964084 0.153857497847543
 -0.287222808924552 0.365011246030922 -0.885590113034492
 0.31107140284738 -0.330985808107774 -0.89088886914239
 -0.29136801282926 0.099883296973216 -0.951382156699235
 -0.399163595160173 -0.251255570596033 -0.881781754485353
 -0.754869520439485 0.0315642226062293 -0.655115033381716
 0.721504860439091 0.145969315809155 -0.676848354659281
 -0.842985291736277 0.517403404380139 0.147205689605217
 -0.90226676772765 -0.223420691640073 -0.36877889636118
 -0.961118291131046 -0.0338900690456185 0.274049436550089
 0.447018751520563 -0.125140037429424 -0.885728065955437
 -0.299035176336643 0.495754550172085 -0.81535598930589
 -0.5386948564273 0.158407512983251 -0.827475021670885
 -0.169452248418671 0.609526470792037 -0.774443940456417
 -0.0374223390524161 -0.95596100589895 0.29109813420995
 0.0351363116394862 -0.147683199662169 -0.988410396617679
 0.351842903967815 0.274546675069546 -0.894891442654221
 -0.021599717150769 -0.00504749261918892 -0.999753957250116
 -0.118083201614174 -0.305976796414214 -0.944687544933583
 -0.115498293098823 -0.389037488720338 -0.913952940069363
 -0.268698470748942 -0.924123445975021 -0.271656011191418
 0.374689674077822 -0.878654198363696 -0.295929802212123
 -0.0515990509304224 -0.977414334787606 0.204935980478736
 -0.438823395782868 -0.337943745761312 -0.832603177999223
 -0.0947057171870733 -0.842992627848015 -0.529522668566682
 -0.332607630884258 0.18943384876069 -0.923843591102559
 -0.110974656530353 0.0834870388295807 -0.990310325077669
 -0.0451484027517235 -0.939876349392014 -0.338517458312727
 -0.526481112972 -0.759509997715358 -0.382049998107814
 -0.78732731078056 -0.208908009483076 0.580063056290324
 0.276969147128034 -0.955830545665733 0.098366963516805
 -0.274067793758894 -0.440256926081171 -0.855020867266811
 -0.838875598566252 -0.058998242745845 0.54111638071954
 0.492243677089193 0.0727929853585749 -0.867408406489294
 0.253744791433166 -0.170550100005271 -0.95211671774459
 -0.0580757923721687 0.365161823912782 -0.92913080063952
 -0.979332059585718 0.0458724154123475 0.196988422430946
 0.0854211883817043 0.0554432433773678 -0.994801119490351
 0.0537646430046686 0.598155946946577 -0.799574153093398
 0.219632019848679 -0.249124614689564 -0.943238412180593
 -0.325898279864147 0.156892089658757 -0.932295652346453
 -0.606102687480296 -0.721238914733768 -0.335341557375193
 -0.634075496352694 0.718719481591386 -0.285290328798741
 -0.888850498498914 0.350016067080653 0.295691636851002
 0.116639640850219 -0.950422437085681 0.288257498196398
 -0.839350187692662 -0.140923307905164 -0.525006555872743
 0.0694326787353925 -0.272845735197946 -0.95954901277002
 -0.867224830184805 -0.493849887497529 0.0635089169299323
 0.119501411699912 -0.0749046258849417 -0.990004398789604
 -0.306075931452988 -0.929596067792483 -0.205350127659905
 -0.458404352328095 0.293832508440697 -0.838765704323983
 -0.353971955351737 -0.919530206891637 -0.170786572769322
 -0.204494503334711 0.119001428066 -0.971607255131487
 -0.198167031693877 0.501948125756151 -0.841889485977539
 -0.136784993028709 -0.205098377584115 -0.969135966309424
 -0.811575525418623 0.461140501907365 -0.358740301669758
 -0.0775203288241056 0.544045756457196 -0.835466823697937
 -0.319749833309787 0.436506046998359 -0.840965228194501
 -0.960946217369952 0.230603286157235 -0.152985266401261
 -0.384796497642829 0.166688649744759 -0.907825175597197
 -0.993388646696808 0.097262697328308 -0.0609833118345268
 0.17326518999746 0.0384930436878898 -0.984122685198744
 -0.98858154236158 0.143541325248133 -0.0458521760444338
 -0.151964974733986 -0.982851898530999 0.104445162684111
 0.238776929393897 -0.970380657980446 0.036700907436453
 0.194043963933911 -0.969289852049931 0.151076546074623
 -0.115896533342973 -0.324207923982147 -0.938859529208852
 0.876634930979757 -0.329585351089016 0.350549132267712
 -0.975235687497708 -0.152933857814149 -0.159770425814523
 -0.117052672622088 0.801245322733478 -0.586774747777843
 -0.840002347708191 -0.346848081822984 -0.417243890285339
 -0.00593648062396865 -0.948832763139514 0.315723210725528
 0.752539464024904 -0.580715479217292 -0.310570261426525
 -0.0910906262784568 -0.158412398159959 -0.98316225004493
 -0.101485482412461 -0.955798390892549 -0.275953135200027
 -0.21935803456153 -0.111540194272316 -0.969247562666524
 0.273956397052915 0.190718885216354 -0.942642137470852
 0.519440612118736 -0.263639428799501 -0.812819599950682
 0.364110944296595 -0.723139818587393 0.586934428208837
 -0.93359699128846 0.0556953678445582 0.353969891174086
 -0.209604001915501 0.147960424875618 -0.966526706848618
 0.0227459381367573 -0.491642401808428 -0.870500069524592
 0.0493394138034365 -0.985076186422398 0.164895509911695
 -0.0784959381497253 -0.985221819518689 -0.152237820656625
 0.474005290503355 0.265715059643831 -0.839472746224263
 -0.150555330171295 0.24408632969474 -0.957995279849104
 0.0522823834299307 -0.83102609158966 -0.55377087994955
 -0.147109980686696 -0.742900217163177 -0.653037457517763
 -0.873930046395305 0.483603318178216 0.0487247848073131
 -0.010627144689437 -0.93307682630145 -0.359520096816525
 -0.664033663736709 0.67826798088738 0.314661468132595
 0.300782362668448 -0.000358202503696945 -0.953692739826907
 0.366859637472642 -0.916977472818279 -0.156736469072276
 0.124739548544379 0.1229962356211 -0.984536424441464
 0.346052249325657 0.00530647695704981 -0.938200235578183
 0.0436712752782376 0.0398964181282117 -0.998249014793459
 -0.051933106345912 -0.903222429464604 -0.426019008234753
 -0.984401410056382 -0.136191546042049 0.111380997776472
 -0.0879540812626296 -0.995493450414937 -0.0354523591628314
 0.203120327349053 -0.970787418054373 -0.127725962767705
 -0.405825164679102 0.238583015899754 -0.882260777909433
 -0.16475281452228 0.740198882213379 -0.651891190979792
 -0.857307179555384 0.32693650523806 -0.397664332604166
 -0.873860005115272 0.250366593053186 -0.416755636486031
 -0.11297554838885 -0.0184838049125082 -0.993425827338003
 -0.743398107545781 -0.632793800235731 -0.216636239075029
 0.406903448829538 -0.610250680947028 -0.67972324495659
 -0.965246817289596 0.1848953936712 0.184695086863398
 0.512193347441084 -0.360397348093344 -0.779597156436824
 -0.891811799765993 0.396477097220575 -0.217893609767903
 0.114114207042687 0.186179803663591 -0.975866296404792
 -0.373027219922257 -0.264398634454861 -0.889350355762833
 -0.999933838963279 0.0106460343072328 0.00435656397725755
 -0.844670789218917 0.519046224589045 -0.130852109574705
 0.217541187340845 -0.656651892783224 -0.722138576392748
 -0.100450699490551 -0.152301459805292 -0.983216111703341
 -0.996062483822638 0.0874817068626372 0.0143693870946949
 -0.761267577437084 0.26376872464664 -0.592366217336336
 0.0383774631403344 -0.98000738040309 -0.195224754266426
 -0.433319919307192 0.211478040183218 -0.876076986372701
 0.252972714015732 -0.911118146899783 0.325374443300977
 0.765175641746806 -0.627504231847952 0.144030122857253
 -0.171791265276398 0.555697455609624 -0.813442130088996
 0.0310032489861033 -0.841037635332439 -0.540087487826487
 -0.63985936216324 -0.0753210632051849 -0.764791954775737
 -0.134906509715056 -0.280500052717179 -0.950326235596051
 0.420989310606622 0.164079904352492 -0.892101891794114
 0.00257002351876592 -0.734797974598401 -0.678281159627186
 -0.258664833654213 0.475493612912254 -0.84083192607696
 -0.637429555459081 -0.0650992164297388 -0.767753641376889
 -0.627022599842841 -0.593595908845038 -0.504466605722082
 0.46121563512934 -0.395209796388474 -0.794411325920534
 -0.0515174920393023 0.284434103530341 -0.957310393113369
 -0.238378756235508 -0.97076750143162 0.028036168422641
 0.630498649742858 0.0807746987579077 -0.771975971590439
 -0.994013707022113 -0.0841798943872995 0.069645499733289
 -0.507536270481525 -0.606030010856898 -0.612482293692228
 0.537944619047725 -0.748992339639662 0.386815281495837
 -0.62932344222638 0.0515272492394716 -0.775433393432443
 -0.88896628989421 -0.249789384591467 0.383854397886933
 0.216220470380645 -0.976343320458858 0.00155845556370393
 -0.991504796375843 -0.099937694745763 0.0832508013931486
 0.130609050221956 0.46990555911976 -0.873000596510944
 -0.0253298898080426 -0.201933829353736 -0.97907156288233
 0.3772847334416 0.494295228711142 -0.78315289489684
 0.151463750695172 0.390851005458011 -0.907906506066463
 -0.131604367633982 0.416431223386418 -0.899591755525
 0.264271668252274 -0.182293705279469 -0.94706361474541
 0.710176707241609 0.693735454826956 -0.119917318213438
 -0.696433462662497 0.345305362753163 -0.629082378180975
 -0.436164599569772 -0.0921228777070569 -0.895138993388799
 0.28332166217088 -0.806904521426049 -0.518299072975178
 0.147849642137611 0.0171829696495792 -0.988860570997652
 -0.0397996730522391 -0.997553262688422 -0.0574758568845981
 -0.601219236196132 -0.244929455917935 -0.760621450954076
 -0.0120380414791232 0.309812868167089 -0.950721343126065
 -0.772970695933938 0.577006142814415 0.263780617904034
 -0.180298739641603 0.559796978214494 -0.808776673541943
 -0.58071782418637 0.676642446640694 -0.452682900136887
 -0.145962971754759 -0.119324182830563 -0.982067487634296
 -0.171862317045844 0.707297585567662 -0.685706547606037
 0.210431178443262 -0.697109856223004 -0.685387895644301
 0.513732280922076 0.430760007412358 -0.741973691954578
 -0.894596070952962 -0.0481844487361909 -0.444270332945507
 -0.893700500908283 0.312159289553288 -0.322266958625717
 -0.921875801731521 0.334975667673712 -0.194772452488578
 0.316448288114732 0.407095535744147 -0.856816027935076
 -0.0167094942019214 -0.933323835570642 -0.358646637735837
 -0.941987415552113 0.28640179273035 -0.175024918403901
 -0.956084964234034 -0.243833304120367 -0.162624908815809
 -0.104201672659895 0.499204288144875 -0.860195960297797
 0.317258185240874 0.248992068502719 -0.915068409311787
 -0.101650872736402 -0.951706257459561 -0.289693457959
 -0.873543542259074 0.227665979632699 -0.430220735780313
 -0.589220083987947 -0.250707173000665 -0.768092185893888
 0.425810327033698 -0.868521244692876 -0.253685657672234
 -0.0722915673659813 0.0687163802230548 -0.995013561905972
 -0.357501654391862 0.511655964803906 -0.781281473470136
 -0.910212554017813 0.0103661089261683 -0.414011654780515
 -0.942084012196413 0.00140148390959113 -0.335374044622954
 0.427080251367062 0.249676852015889 -0.869059220340986
 -0.274510566456048 -0.946214734196008 0.171235585362263
 -0.0129477992919714 -0.93342651125002 0.358534939146956
 -0.0849932475953501 0.132266385118134 -0.987563542882673
 -0.0240326337934957 0.682558992093857 -0.730435250261628
 0.199611915866513 -0.341923388859914 -0.91828289714807
 -0.853345369543519 0.18518798802635 -0.487346990725691
 -0.222676765459135 -0.965909411042306 -0.132038130040387
 0.206105996859537 -0.646674210565769 -0.73439279915293
 -0.959046338814135 0.0174154211907072 -0.282713323194989
 0.439069473431601 -0.884679083228605 0.156719230467393
 0.0654598303238016 0.152336520996821 -0.986158503986334
 -0.366068867784489 -0.0809161170489331 -0.927063194200215
 -0.636778260003413 -0.765742439180485 0.0902882297143298
 -0.813787143257311 -0.580226964060446 -0.0329720434050136
 -0.570896701489431 -0.131844162071254 -0.810366628851544
 -0.872228439475338 -0.255299523853861 0.417180659295717
 -0.206884194596911 0.946613111270917 -0.247229746583985
 0.385309730642481 0.143861752943805 -0.911504365053813
 -0.4545499731966 -0.456989927063153 -0.764555117980243
 -0.508234849959343 -0.458429842436747 -0.729067498144187
 0.112507069921784 0.237151689604927 -0.964935871099807
 -0.842130201084509 0.455401850760234 0.288835383472175
 0.370079354657082 -0.880636752934736 0.295838098691095
 0.483518073696972 -0.838931253654361 -0.249809175272431
 0.0831998169383026 -0.460086200808308 -0.883967464495844
 0.339641633155683 -0.0670190044124211 -0.938164172240077
 0.330989466524724 -0.82523011705542 0.457647492022383
 -0.692913612772979 0.0610127798636609 -0.718434524453834
 -0.422145659864634 0.254216043893021 -0.870153575459432
 -0.542641072506003 -0.620865809276974 -0.565744035143441
 -0.891151648893883 0.283173899666818 0.354487349874717
 -0.235587111044249 0.946934597298363 -0.218663169164843
 -0.467896614009025 -0.273687594264951 -0.840337943534834
 -0.111508402537664 0.697809209163223 -0.707550834760653
 -0.0899814901678525 -0.990696923660353 0.102092785627028
 0.0379436631829007 -0.970708926960572 0.237243456270807
 -0.951677037392705 0.170864322987384 0.25517876014572
 -0.743867453907355 0.281191424245841 -0.606294148040359
 -0.928822912750766 0.203803034956769 0.309438717182568
 -0.841945340409207 -0.340684745303312 -0.418404048834189
 0.313724594199672 0.0707379886812484 -0.946875396211974
 -0.217607212799172 0.220944710484615 -0.950700024112046
 -0.996398805738017 -0.0827008460448493 0.018708019331793
 -0.310654141743692 -0.105129160384833 -0.944691411972328
 -0.374147220479864 -0.0373795193732587 -0.92661568567482
 -0.967020390089829 0.254385307233503 -0.0126364795030938
 -0.51449423567643 -0.228567460417258 -0.82646996164055
 -0.322611487783749 -0.896350843062686 0.304100302681152
 -0.896781291553433 0.376030903295554 -0.233203934114511
 -0.306230253059528 -0.168166044683865 -0.936986239774354
 -0.189363027066387 -0.973860753560221 -0.125446708427815
 -0.977778336106704 0.141635612298394 -0.15456027552144
 -0.43855265658088 0.617956789065423 -0.652534270558877
 -0.863658077309924 0.227083264567014 -0.450031017209829
 -0.230858737273368 0.672040529177806 -0.703609103527634
 -0.174730971105219 -0.402847674463393 -0.898433547301114
 -0.662464859639664 -0.194138063569546 -0.723498944032448
 -0.957786269356247 -0.287282981667384 0.0106747682382755
 -0.431668201984377 0.3663257516616 -0.824298493911725
 -0.270475130980545 -0.868067651079435 -0.416295275820527
 -0.785274725823728 -0.365171371743772 0.499993474198655
 -0.849766369502572 0.49531840644817 0.180435011835464
 -0.0591222151094864 -0.310641283564959 -0.948686753689363
 -0.240991945828669 -0.970466635681844 -0.0108347161511447
 0.298299601052415 0.0121196354457735 -0.954395338656173
 0.227140706881598 -0.0568267372874048 -0.972202561818573
 -0.0684235178604872 -0.990922923426996 0.115715089899682
 0.00567061213967048 -0.921273956745678 -0.388872910833506
 -0.922538442443691 0.318327918577553 -0.218151686832009
 0.242846330957816 0.737302154815429 -0.630405577422069
 -0.980029579239024 -0.0721326468086595 0.185307595853378
 -0.0895387083291565 0.222367754975643 -0.970842624351568
 0.212858077463558 -0.0606415214977181 -0.975199489709136
 0.133928001403406 0.350164607909488 -0.927064203713898
 -0.976574250681474 -0.19374504841442 -0.0936247249438458
 -0.669347624187849 0.524452358538603 0.526235196102825
 -0.91109033227224 0.320815092969228 0.258828287795604
 -0.32406829587469 0.730589509276055 -0.601014732385694
 -0.765765470221064 -0.180141626595728 -0.617375282129564
 -0.847434433360064 0.389031052214804 0.361261292651661
 -0.783652378579453 -0.592629441527351 -0.186223775554427
 -0.43918817128429 0.121545927182634 -0.890135010989499
 0.22804549815279 0.407493538716025 -0.884276125809658
 -0.675320147366504 0.294473749662642 -0.676186297791154
 -0.493754155059124 -0.869135547466386 -0.0284646182506578
 -0.853760168125235 -0.399876152709068 0.333455600968652
 -0.96850373330244 0.209232140038494 -0.134990481716852
 -0.572719277901979 -0.8196919331385 0.00988754100391722
 -0.438864339211673 -0.583273442175857 -0.683513118689487
 0.263485093212756 0.111929807936187 -0.958147861110191
 -0.519132443693451 0.169553567312167 -0.837707045282887
 -0.0953638231849627 0.749247103608017 -0.655388830361446
 -0.899697870592884 -0.404855918608466 0.163203636045052
 -0.837591877857011 -0.13683246408226 0.528882522797968
 0.0621891945013407 -0.138054681297891 -0.988470236809896
 -0.217287791945049 -0.959990406666422 0.1766477698135
 0.0911571847440184 -0.966977935308404 -0.238000084655953
 0.498909202008653 -0.682367265854443 -0.534288800782331
 0.146286620914837 0.486062970831514 -0.861593299026729
 -0.236460081526539 -0.562835174312379 -0.792024744816232
 0.316186549238761 0.102614913451228 -0.943131086126357
 0.0599542675202075 -0.989830599287991 0.128999498135816
 -0.949745751301757 0.287252810478926 0.124373754290118
 -0.124944869484074 -0.276788429759454 -0.952773291366264
 0.254427329318459 0.625889002161698 -0.737244661607604
 -0.890717792893992 0.293636611393046 0.346986100401247
 0.065346856593075 -0.0940586564230877 -0.993419728757834
 -0.929638285046509 -0.294168420737099 -0.221895469121898
 0.522588019093581 -0.838647219793389 -0.153533719529835
 -0.560395081415343 0.327897757279869 -0.760552702642179
 -0.312474127973339 0.271390966170078 -0.910333380047427
 0.828814727998095 0.529708857934468 -0.180207304178286
 0.297263510358814 -0.933764036686134 0.199296586023876
 -0.214941660578743 0.192858918261191 -0.957395174520311
 0.0306430539046531 -0.999492819807927 -0.00866639485570831
 -0.694732096037382 0.145584924753491 -0.704380823432911
 0.174663077469328 0.0946945345665371 -0.980064158355039
 -0.00798552414080116 -0.429233730072665 -0.903158145826136
 -0.0401586709872064 0.510148825762025 -0.859148099409042
 -0.17995303683849 -0.0657795273868809 -0.981473360977955
 -0.956676011938856 -0.146627185728118 0.251538220925208
 -0.98701211689972 -0.0956000983402682 0.129103455764997
 0.137987494602541 0.153939575034395 -0.978397699594364
 -0.26402775551591 -0.964509505305695 -0.00328001405409376
 0.0423293068086299 -0.37895511458741 -0.924446456487959
 -0.791761493836375 0.47370865960531 0.385634338062539
 0.264017460481847 -0.570460125839343 -0.777733903972353
 -0.764591902579937 0.6357735040909 -0.105788817959031
 -0.0230939994611399 0.99121983320995 0.130191817869354
 -0.15999929949855 -0.495634264006543 -0.853666738547699
 -0.252846022463918 -0.966635040887622 -0.0410558966819801
 0.508513054662514 0.704300961578688 -0.495353034468484
 -0.319267246451922 0.870206447269483 -0.375245472289317
 0.379222238815978 -0.141069825300125 -0.91448881785246
 -0.509062667275828 0.194566818348574 -0.838450328870907
 -0.709609877361288 0.510723614601959 -0.485402113138383
 -0.878101475265573 0.330875122718349 0.345629067502346
 -0.0113341642406134 -0.112633722556668 -0.993571930593852
 -0.0821279074434914 -0.0579173884418706 -0.994937476897432
 -0.514051337458419 -0.201167817470014 -0.833836153972446
 -0.246247974019592 -0.919755991486251 -0.305631888742635
 0.065850840384357 -0.539013433575766 -0.839719110920751
 0.487615035650022 -0.521565019748822 0.700143918906991
 -0.896907272471937 0.423103325160985 0.128611511244786
 0.218683604296642 -0.975526100238748 -0.0229414246464847
 -0.194848158296781 -0.475259059238853 -0.857999429964702
 0.225240705043907 0.0351069624932129 -0.973670440126342
 -0.0518804562870953 -0.947197941439132 -0.316424521788234
 -0.0959868258079315 0.505511321564153 -0.857464187614726
 -0.100266724395663 -0.186982995537546 -0.977232798957736
 0.101633273988015 -0.986340226327895 0.129628837632351
 0.339477702552111 0.231756922150984 -0.911615938049047
 0.576865085623542 -0.0843010889350735 -0.81247769162784
 0.13186203768011 0.437388857040682 -0.889552354139707
 0.27346306311271 -0.961698458422297 0.0188156366140389
 0.303584252912694 -0.86349488406099 -0.402756982042446
 -0.964238849422542 -0.193456521394852 0.181157433173733
 -0.53289799185677 0.0694705062893749 -0.843322938755326
 0.193061560349975 -0.978555482316314 0.0718080910755778
 -0.940330200265361 0.259140369558477 0.220511639905926
 -0.883868852494982 0.389102153654011 0.259567651318522
 0.518346789904956 0.0788807174968512 -0.851524772277594
 -0.457655121315209 -0.105984748441637 -0.882790475159154
 0.0347157883837453 -0.620987756952814 -0.783051096513892
 -0.279982242543817 -0.867929458425229 -0.410254066473234
 0.0876075901636165 -0.988361701986998 0.124362599647513
 -0.360846734400779 0.0645872562052778 -0.930386006240511
 -0.680561996318212 -0.0287346377794172 -0.732126826280157
 -0.768933056369239 -0.0232110140737744 -0.638907820932197
 0.405368527707276 0.313164997125636 -0.858838774927946
 0.266352513734442 -0.117201555327992 -0.956723645498554
 -0.969706933034016 0.0380249827982951 0.241293523968117
 0.382826998915892 0.42643535687546 -0.819509838444635
 -0.276473456940602 0.284188906366591 -0.918040899473152
 0.341791882483641 -0.937904360965359 0.0592766290408861
 -0.899330971572883 0.432674469060428 0.0632187266009975
 0.211726847494972 -0.977003163399895 0.0252301556958981
 0.277244630292717 -0.950426546010515 -0.140800552599687
 -0.24776814315918 -0.91726506975983 0.31182645659717
 -0.0142723577516018 -0.960639463311869 -0.277431291191343
 -0.675840128370437 -0.471697144903935 -0.566340819978313
 0.460209911293556 -0.262153188993467 -0.84822316818614
 -0.984065936504374 -0.177701374127023 -0.00603773509994809
 -0.99581194388362 0.0595151997903711 -0.0694011052695749
 -0.189744605308049 -0.0129382662491983 -0.981748229447325
 0.249828158602594 0.255124051739807 -0.934075804950059
 0.200361984140194 0.447994974529143 -0.871295344936513
 -0.377757626481313 -0.771196777492826 -0.512400923125521
 -0.170839092278079 0.920784640409548 -0.350670287500184
 -0.743977003934307 -0.62765012199882 -0.229245593134958
 -0.191324355971897 0.17697891862573 -0.965439512954595
 -0.734059803813134 -0.644269826537278 0.214645277235369
 -0.967722951729584 0.215482946259952 -0.130688134759481
 -0.319298683487512 -0.166391107395934 -0.932932125131672
 0.158918823753557 -0.950133561830009 -0.268311427525938
 -0.91865112939498 0.240024461237432 -0.313796686516935
 0.561573740308106 -0.557742188566539 0.611194392390319
 0.123311870551235 -0.369700438978087 -0.920932010520085
 0.0188821885616632 -0.995054656614197 0.0975176563783441
 -0.938009831132022 0.345192743149558 0.031297392488166
 0.0250557522447999 -0.978972407528869 -0.202448103415611
 -0.436541753371503 0.480663027348443 -0.760522420250425
 -0.969691162746894 0.00899374166235064 0.244168305685827
 0.523705745080836 -0.72372347607027 -0.449395841941258
 -0.710816811310928 0.0306888324067176 -0.702707376027374
 0.157968730100229 -0.0133823947167736 -0.987353428019656
 -0.635594295676423 0.258821500093906 -0.72734539415104
 -0.963319359519217 0.0737659117816021 0.258020157806547
 -0.969622820622367 0.00762529121958868 0.244486074577147
 -0.16594359863765 -0.894332296305208 0.415490632694216
 0.781156274376828 -0.464698242628913 -0.416953736401671
 -0.977214165512262 -0.194404626403642 -0.085201619439038
 0.476003260271504 -0.878855163272646 0.0321636160888323
 -0.906090600903503 -0.402914216745753 -0.129073455437148
 -0.243096453718166 0.177356847690928 -0.953650178402326
 -0.549944283405111 -0.104658561580086 -0.828618048704001
 -0.999962327647962 -0.00410466524435384 0.00764820293279664
 -0.806442316183933 0.0875880152693914 0.584789817155756
 0.103523235517862 0.480760365958442 -0.870719478495467
 0.0996669084254347 0.22606608806018 -0.968999809697651
 -0.0616575336955276 -0.997977873909058 -0.0154438248676018
 -0.989127973793762 -0.0295284979986415 0.144062206232555
 0.0931103497189874 0.171207595338741 -0.980825377971805
 -0.169978094943749 -0.878266080941823 -0.446940866677445
 -0.357509848040384 0.193784819245919 -0.913583139283978
 -0.477259677869937 -0.863445480996271 -0.163355750515866
 -0.371097633737678 -0.907804500000111 -0.195390726529802
 -0.731147432620435 0.141757782593806 -0.667329126328706
 -0.211687717910606 -0.811017281062559 0.545379940870302
 -0.57453667969028 -0.274590081682462 -0.771043377983423
 0.146442229485248 -0.971919161849878 -0.18419504947859
 -0.704146310913187 0.0537612408500268 -0.70801673836825
 -0.896382857698694 0.331991391015121 0.29373370374502
 0.00931478575670971 0.0404454601084933 -0.999138328522592
 -0.970975673572907 -0.148998911747628 0.187097743513015
 -0.486801414024216 -0.182944625709998 -0.854140297157237
 -0.9651770594203 0.216781205330038 0.146421149375484
 -0.628583759657289 -0.662992860426426 -0.406599218049781
 0.101647876251544 -0.249619669374415 -0.962994148432356
 0.286168821461265 -0.925069368557005 -0.249707967395945
 -0.867889119758566 -0.453413193829081 0.202940758514432
 -0.367363981881575 0.0873226916677827 -0.925968926225933
 -0.322781137863038 -0.304440399255827 -0.896174302432733
 0.349419632791607 0.282809115679101 -0.89326643523004
 0.349157490808117 0.0890521631969937 -0.932823005099314
 -0.819977296983205 -0.48919914427061 0.297189215277103
 -0.10362560651249 0.496831050175026 -0.861638347136953
 0.354263909166452 -0.921403984666756 -0.1597240736468
 0.0885023133528092 0.414000509985239 -0.905964082214722
 -0.480264683677485 -0.370369830540294 -0.795092461439372
 -0.865187716098117 -0.00111349723007614 -0.501446882567678
 -0.0283744239039048 -0.188051790639752 -0.98174916149967
 -0.0988553527272183 -0.592091434702728 -0.799784566110677
 -0.701978307647268 0.440652024214163 -0.559510722997011
 0.0387201492918139 -0.146137729536917 -0.988506203341494
 -0.176146644426261 0.346248331173576 -0.921457786779667
 0.471983951071484 0.536656839933551 -0.699450202718882
 0.350751322208694 -0.924383786058548 -0.149960414913126
 0.0398436183790334 0.0947141784607067 -0.9947068464995
 -0.908707766419927 -0.234273173509035 -0.34549424803043
 -0.945134702148033 0.249208619418975 0.211223717425005
 0.321578130857222 0.510728210788634 -0.797335688690163
 0.198612118075966 0.0732894144337824 -0.977334071996537
 0.00983926566821723 -0.864087926742511 -0.503244715530068
 -0.987488996929569 0.151391805732393 -0.0441135138038074
 -0.805845728496335 -0.59210469046795 -0.00496964687533003
 0.0216366932703593 -0.968455813779824 0.248244214958544
 -0.485524073909425 0.0132964547591874 -0.874122175639786
 -0.923251630714143 -0.0697615620056744 0.377809146064788
 -0.160593288300976 0.0217528317120306 -0.986780933168648
 -0.27639585721989 -0.958661807072197 0.0676229973659241
 -0.26339942183364 0.164640530591378 -0.950533660773933
 0.0250822770063854 -0.0569551336198627 -0.998061617403715
 -0.992058763248166 0.0700752363810265 -0.104445543268554
 -0.157821021944562 -0.980734338288882 -0.115120296791846
 -0.771101283099225 -0.340350009621735 -0.538112146446457
 -0.911380483802827 0.247408841656018 -0.328898888434961
 0.130790516199368 -0.985226823957136 0.11055291143899
 -0.981268296525767 -0.157785902602855 -0.110526644630246
 -0.246123740829353 -0.751619674277426 -0.611956672844787
 -0.897394902352066 -0.0955267991756961 -0.430763299123511
 -0.0138018873569173 -0.404551102252112 -0.91441123876076
 -0.0170140036169412 0.352483702150334 -0.935663274580828
 0.163818316844309 -0.948653188389499 -0.270593213560012
 -0.900384757692892 0.191003696039734 0.390928223864016
 0.419141316933183 -0.824065630463086 0.381098928270591
 -0.792266710672289 -0.376829515167907 0.479909341083117
 0.540026118809631 -0.0247286806329892 -0.841284900231519
 0.201077803888766 -0.871927960219634 0.446440756394955
 0.182785864231424 -0.448345752668152 -0.874971664627832
 0.602385098534401 0.222729244857789 -0.766501061022605
 -0.222012396661799 0.0672465873574878 -0.972722155714188
 0.341236318449196 -0.551866721964204 -0.760921084055188
 -0.27654207689809 -0.858149243699544 -0.432555609422409
 -0.966328585478203 0.0566918916659544 0.250988235395667
 0.327688963733986 0.0625553178610725 -0.942712456295262
 0.142480451232949 0.0890218844026246 -0.98578619645127
 -0.944474827802265 -0.324490091319528 0.0517057084210765
 -0.677385276054605 0.0179741561538185 -0.735408809775206
 -0.808218464392922 0.180434180508088 -0.560559024830323
 -0.513098383529878 -0.247249694180378 -0.821947466415425
 -0.225036561997561 -0.168705150977107 -0.959633845692257
 -0.924380021302184 -0.302974112622752 0.231793579069459
 0.217151567313962 0.0640248937580656 -0.974035938655427
 -0.887870386672721 0.294390052136673 -0.353582626372677
 0.421525617942972 -0.836151151771803 -0.350952140338939
 0.0234429668336347 -0.987528942680171 0.155682416075231
 -0.554696965135118 0.550259885669833 -0.624119648058377
 -0.85692485029231 -0.441057949464303 -0.266735236078488
 -0.216213400439296 0.388972016558942 -0.895518026510102
 0.26946080512582 0.263367956282926 -0.926298112976756
 -0.583194598161147 0.133800224609044 -0.801237518199334
 -0.806274913498277 -0.484863030744668 -0.338863697200572
 -0.868391457096432 0.409001049762623 -0.28038262880394
 -0.0567560693595879 0.578102046070383 -0.813988189668675
 -0.535537473691406 0.356712221534293 -0.765477632122779
 -0.0954160287148143 -0.994096309164409 0.0516556828431585
 0.0435700088847564 -0.993194309972468 -0.108012577805068
 0.0488322415114796 -0.125117293179258 -0.990939491157992
 0.199098022695634 -0.974726779229671 -0.101329577178831
 -0.120890456366342 0.131982989335884 -0.98385262518606
 -0.361774247411297 -0.191620272766394 -0.912360161874094
 0.112802408861896 -0.931263437581654 0.346444838868405
 0.317614141056053 -0.948203921375923 -0.00552999896458128
 -0.811111603302319 0.564373394014843 0.153559887719768
 -0.0698197430359334 -0.986834846641894 -0.145884162730795
 0.805929030420952 0.139415789356628 -0.575362177765286
 -0.0712327836165851 -0.884456552698745 -0.461153441846079
 -0.131962736959144 0.412802035269699 -0.901210472493216
 0.402527566279612 0.654126603547004 -0.640382655072007
 0.0395564502276612 0.226523008544193 -0.973202247143662
 -0.605258960332079 -0.245612558369912 -0.757189581352462
 0.600126438784778 0.291892374631908 -0.744746332050884
 -0.691487358787206 -0.20555032473393 -0.692527469952831
 -0.343712415754575 -0.920875052638076 0.18398617525503
 0.232832676978263 -0.278539834120035 -0.931774922038321
 -0.94874827521481 -0.204801153872472 0.240693160786564
 -0.807522953904416 -0.577597928373617 0.119529544699176
 -0.325269004315199 -0.942016129895858 0.0824965808250858
 0.355267768432324 0.912488486845393 0.20285357795149
 -0.304593600746399 -0.70982296470513 0.635117388489374
 -0.329691500778659 0.0463839122435158 -0.942948591917556
 -0.294398419146378 -0.222640651490824 -0.929387277246603
 0.167953457464975 0.365262524364243 -0.91562815838124
 -0.0638506219514821 0.336283138227434 -0.939593927726397
 -0.0293024583286287 0.0523373941553826 -0.998199460583366
 0.473339158797744 -0.844653943314048 0.250019512823844
 0.478911783728822 -0.156875366408788 -0.863732379166016
 0.26611720292736 -0.956883138852964 0.116431494386256
 0.242934336742938 -0.968479620635334 -0.0550466388193598
 -0.994242254636803 -0.0361120444864682 0.100887359652903
 0.0219938176195323 0.422844675172565 -0.905935236462699
 -0.0406270599880833 -0.387659827268659 -0.92090678155759
 -0.34312477067108 -0.932390440491844 -0.113637398031387
 -0.410242918286554 -0.427634276999118 -0.805499641918712
 0.131145692484038 -0.986558660814503 0.0974823887416392
 -0.346132915565317 -0.247775170899147 -0.904875388906203
 0.0228797739679153 0.269107279605865 -0.962838401813258
 -0.0897351388423697 -0.115522494419032 -0.989243224965501
 -0.925497010091341 0.329709117269368 -0.186405961013704
 -0.450782873133085 -0.284280793328672 -0.846155560068184
 0.11482817322398 -0.990304025764745 -0.0781820132011396
 -0.588219190192775 0.0659024473104534 -0.806011818602835
 -0.984170018591632 0.0229797328681452 -0.175730778131368
 -0.821278649590026 -0.106497044911095 -0.560499562134341
 0.499842995209112 0.670571513575206 -0.54817043455648
 0.465042208458219 0.401439508530433 -0.789038696987129
 0.25279602546684 -0.85653450216202 -0.449936457862918
 -0.23813941000325 0.655822598179355 -0.716370254212572
 -0.971671791912622 -0.228177384826115 -0.0615549336384121
 -0.916393996222719 0.380589827511375 -0.123989624089341
 -0.498746586465587 0.247280664447991 -0.830725054081725
 -0.0330892807638649 0.830263279037174 -0.556388341880894
 -0.0625575688357423 -0.832389219364428 0.550649378522523
 -0.48528516721357 -0.834620683350924 0.260588989416924
 -0.708511551527279 -0.446290111351692 0.546659416695718
 -0.615889238868006 0.211609971961661 -0.758881851945989
 -0.409670421216771 -0.826813949780088 -0.385420339926584
 0.638645987477053 -0.628540245867427 -0.443923937183359
 -0.962711867283896 0.269969836548184 0.0173824033119829
 0.102453962685083 0.749794834569229 -0.653690210714086
 0.566127006314572 0.164665091561963 -0.807703918736433
 0.722603350972431 -0.161371834406483 -0.672163319605957
 -0.171257608392877 0.488432155365871 -0.855631264723422
 -0.695874037072366 0.489012428983766 -0.525952629832768
 -0.361749287132058 0.587316814374196 -0.724014097109161
 0.445697560590794 -0.139926119371674 -0.884180052704764
 -0.690225593419253 -0.684298521001229 -0.235210893337382
 -0.124202517661794 0.349387394097149 -0.928709956580888
 -0.226199522749451 0.243986554683037 -0.943029340498917
 0.115646621393072 -0.985860451622261 0.121264293539029
 0.0146215101708063 -0.334798282408993 -0.942176374961882
 0.441310598275402 -0.887583630434428 0.132061556990092
 -0.940339067396877 -0.316537579651097 0.124765375789105
 -0.568371266791636 -0.485494002440673 -0.664266269412957
 -0.434259599192175 0.178568790816418 -0.88291097368637
 -0.911825834485765 0.149928470556142 0.38222388894604
 -0.88190266017586 0.345942450533974 0.320267886141102
 -0.483919698477034 -0.744241202264647 -0.460355035030106
 -0.44966009280275 -0.198989448810317 -0.870751973987305
 -0.484675359349462 -0.169236680354117 -0.858165917560345
 -0.955507334206637 -0.00483229763570539 0.29492775925112
 -0.820415920876225 0.179312486120503 0.542922415354257
 -0.691944753159081 0.05159036298268 -0.720104779197398
 -0.58797712424749 -0.179717253879956 -0.788660009141771
 0.343138059216753 -0.220726627056822 -0.912981943099138
 -0.52115788661786 0.482152817480596 -0.704218089665075
 0.114694985614142 -0.975921646157675 0.18553167070844
 0.469342181905906 -0.612593638201335 -0.635961438075498
 0.797430360460492 -0.104834326805124 -0.594234452164435
 0.196697370898593 0.0448232943382911 -0.979439133671023
 -0.329848362426687 0.296158161589789 -0.896376260912899
 0.0413033864568286 -0.923501605265086 -0.381364412786519
 0.272038783175028 0.454362377186236 -0.848262772168108
 0.170403100038473 0.292624430261622 -0.940921742926233
 -0.306144278498082 -0.756202594002754 0.578302098877737
 -0.476100017186178 -0.0260356452964083 -0.879005642080482
 -0.99296670915435 -0.104374173631309 -0.0558851177860566
 -0.836091946213019 -0.546301346673081 0.0500509350652485
 -0.126866086048576 -0.43482210535342 -0.891535043005453
 0.0156669845956607 -0.265823032391789 -0.963894527966475
 -0.434869084907018 0.678563241732826 -0.591980410116053
 -0.357609903381296 0.570527528664308 -0.739333142798169
 -0.699611190467957 0.085044425470156 -0.709444591119319
 -0.874489116614072 -0.483713044296919 0.035923191680965
 -0.887912334656573 0.455348758769739 -0.0653390683402539
 -0.989198136255876 -0.138197575880306 0.0488720497698704
 -0.566882232959555 -0.153522096548117 -0.809367345416319
 0.0070827766534364 0.180725631037409 -0.983508048040792
 -0.355743129159574 -0.0113449034556874 -0.934514911181911
 -0.0653219614986109 -0.991477814805127 -0.112715500687458
 -0.187996469499046 -0.966920657147803 -0.172400029688964
 -0.92544115364006 0.319724741887807 -0.203309519142932
 -0.819899576311419 0.565961185835298 -0.0863285635943221
 -0.117842715114984 -0.0290303446851871 -0.99260784481173
 -0.918124595593376 0.245737579066871 -0.310902346727799
 -0.784986755401439 0.0322461662337355 -0.618672755669382
 0.282048291367825 -0.929046561839561 -0.239418560831404
 -0.448581091609933 -0.461857092740198 -0.765155559435866
 -0.948040708824225 -0.248090271941125 0.199173370158362
 0.0240772991517273 0.281413815529843 -0.959284393751141
 -0.0080942393327116 -0.999590648773368 -0.0274411766231239
 0.236750836052845 0.658704640693675 -0.714182916315489
 -0.415043522402781 -0.109599376208966 -0.903175980219856
 0.143512116786708 -0.989326725879597 0.0252369133563386
 0.324106986476681 -0.945407190889575 -0.0340573741102832
 0.167325488977171 0.512305722177379 -0.842344957700149
 -0.630996628559847 -0.773827966379858 0.0550775198653642
 -0.0769981565702193 -0.959416959003624 0.271275473755051
 0.0763743540570889 -0.0618790475172255 -0.995157244620529
 -0.337844240226084 -0.921052181850863 -0.193711506250468
 -0.060510284875343 -0.403622816973566 -0.912922300660154
 -0.959785575238649 -0.278757819583196 0.0332524823890979
 -0.00286388817061877 0.261631262602363 -0.965163654813856
 -0.797549841431255 0.525092452647367 -0.296971659600295
 -0.201413221368577 0.254331084469154 -0.945911419600523
 -0.126635082539568 -0.877412712080572 -0.462720745752351
 -0.771781599787459 -0.31331923492015 0.553339153917887
 -0.869902461345489 0.433997430464958 0.234341498874769
 0.216442740965491 -0.79512811876957 0.566501380956225
 -0.931134212613847 -0.0171161717872544 0.364274779202925
 -0.545319305769277 -0.822496591628413 0.16163604645919
 0.147655970118965 0.272301683404209 -0.950815180623165
 -0.0403917794502634 -0.115369055343549 -0.992501126055774
 -0.781590557789778 0.619098107917813 0.0763788763104479
 -0.847143677967803 0.172328570374483 -0.50264346480569
 0.158513198168486 -0.986469079782502 -0.0418607290842173
 -0.839235271193346 -0.543722382540678 0.00708027607651588
 -0.879226696049932 0.0447240901021934 -0.474299665525553
 0.410219340076353 -0.260893685767996 -0.873873319053575
 0.277558493195343 -0.919550635581077 -0.278186828332271
 -0.273151720615716 0.0776532878536608 -0.958831635069573
 -0.408538198113154 -0.215113490703321 -0.887030285164993
 -0.966334785891487 -0.238644530539932 0.0961554450846595
 0.318522722351298 -0.127317811989911 -0.939326061650596
 -0.411868155617963 0.414161483646513 -0.811686446758584
 -0.0219144776540508 -0.93407883294322 0.356393728222849
 0.459273270234971 -0.714096324549615 -0.528331810997981
 -0.754503069492094 0.192565581090694 -0.627410244661507
 -0.206935132367144 -0.635848134558291 -0.743555647393612
 0.172895723352888 0.220506805976506 -0.95993948630334
 -0.0811332972270731 -0.990922416029147 -0.107192133536107
 0.134074978201826 0.278100232172547 -0.95114886378829
 -0.26768176449995 -0.892079677676225 -0.364060876271094
 -0.25540884426528 -0.966544268254027 -0.0236325998646345
 -0.784527815740134 -0.433758385400112 0.443136287641964
 -0.503240984964349 -0.0756656930639198 -0.86082705228476
 -0.0971483918712031 -0.0621259164300896 -0.993329029307289
 -0.619717206065303 -0.124469799811312 -0.774892156007238
 0.1021519347925 -0.216216071608875 -0.970986916799694
 -0.0553899543340565 -0.989720654887302 -0.131852107485322
 0.455630985415348 -0.826009878781643 -0.331825383725499
 0.517827688463024 -0.841569730951022 -0.1536713148511
 0.240196779293284 -0.386572003488581 0.890431127789206
 -0.334559664136812 0.441175178090122 -0.832727022120582
 -0.705566466031281 -0.271482610696337 -0.654578608038508
 -0.74663781050396 0.227947974321766 -0.62495735928818
 -0.924584730646777 -0.351307800951317 0.147397099176263
 -0.0838434306378884 -0.956385181753733 0.27981719614911
 -0.910022527648937 0.335396829352446 -0.243655424794453
 -0.589599567347631 -0.0831390009415166 -0.803405412420114
 -0.923357884177196 -0.361821837061895 -0.128433546836363
 0.613246160270176 -0.781001260494519 -0.118178585284552
 -0.356001692351718 -0.564885854157607 -0.744423781736817
 -0.231514395470882 -0.951177572985444 0.204113471724118
 0.398746083115334 -0.821184929729601 -0.408236294791594
 -0.588580473757779 0.20879223889845 -0.781011412776305
 -0.435804333765077 -0.779385384673287 0.450147758885068
 -0.840329973723089 -0.195477258073106 -0.505602785631936
 0.387484256953234 -0.648111139737772 -0.655597362076149
 0.60529947536454 -0.428851563086595 -0.6705959155569
 -0.509037941577947 0.0362850127158933 -0.859978936885256
 -0.393482309618267 0.614622080316799 -0.683674901107628
 0.271341839777032 -0.940508951724268 0.204490874400141
 0.367674071449377 -0.928178812418869 0.0574444893835506
 -0.999805683747514 -0.00381071974103277 -0.0193409710516531
 0.20865258456424 0.585895388210543 -0.783064935384212
 -0.398671875588367 -0.170532507431526 -0.901098995407259
 -0.94388611799117 -0.246350220386318 -0.219978556180304
 0.511397492833884 0.202536548228826 -0.835135648236124
 0.0175029607135309 -0.432844863439487 -0.90129849137803
 -0.954039039925279 -0.143068380816449 0.263326695777338
 0.30814407053425 0.00439329559756782 -0.951329559484186
 0.808182511943426 -0.210314365388875 -0.550098986637758
 0.377245258889521 -0.897487025973323 0.22847987406977
 0.0888275416293921 -0.988407358843488 -0.123128229225144
 -0.907206953428487 0.22042478987385 -0.358313348425749
 0.187145847016205 0.235682230315146 -0.953640560304702
 -0.247796260482423 -0.257085291421344 -0.934079314740312
 -0.423762358742738 -0.604932744972775 -0.674152681054147
 -0.366735552005588 -0.1940711844313 -0.9098579066363
 -0.853814503893439 0.503422688610103 -0.132538256868635
 -0.452106837949711 -0.0318093380317494 -0.891396417478271
 0.071349789146119 -0.966365977117966 0.247074899286924
 -0.924485056065067 -0.303685127462791 0.230440283957205
 0.0796416176717319 -0.988767445659337 -0.126475891532495
 -0.688789785541352 0.258226742839912 -0.677412415457665
 -0.477538678434196 -0.82505322315241 0.302066200633471
 -0.446286228994334 -0.285066967800779 -0.848272023397499
 0.00414465727304295 -0.894727200978991 -0.446593839684774
 -0.866539765361042 0.17601165773577 -0.467042537023274
 -0.0350404237035609 0.809342605602465 -0.586290640777497
 -0.317055610424119 0.504000473289773 -0.803404793875587
 -0.889162246247679 -0.255769811555777 0.379436823917374
 -0.439375590351978 -0.878448165903838 -0.187824147603641
 -0.916845552779279 -0.338647935811006 -0.211451668046869
 0.198881173444086 0.689292244328511 -0.696650903077049
 0.947051419614321 0.0946517141126268 -0.306813724631153
 -0.884808197053185 0.432702064170586 0.172868094482487
 -0.379317973321102 0.489768890934443 -0.785012298367623
 -0.975520475521739 0.216138187451883 -0.0405473274440532
 -0.944663525860831 -0.0150852058531653 0.327693850220827
 0.246484127743734 -0.965536765768236 -0.0835722963680245
 0.344366015859006 0.694215989606792 -0.632041301574238
 -0.897787683909281 -0.428186750851692 0.103118286525132
 -0.436465137123567 -0.107461719077963 -0.893280562314279
 0.139012194013313 -0.667640080906785 -0.731390683754166
 -0.39830816892789 0.607385546650933 -0.687337908371755
 -0.941889586501909 0.07956316107688 -0.326364382613539
 -0.220011100476408 -0.0681187287904092 -0.97311610533129
 -0.852662900555452 0.365167943331224 0.373655390941449
 -0.70857168905035 0.507912034033357 0.489848473673678
 -0.17799714338759 -0.174940826492704 -0.968355680611162
 0.249847481099387 -0.278868202220668 -0.927258735185873
 0.292298293926764 -0.805528999483186 -0.515446154665179
 -0.704903902456892 -0.570276129199244 -0.421776747541364
 0.229971978279604 -0.136549111332172 -0.963570043847649
 -0.965682175568368 -0.0467431824915791 0.255485832640681
 -0.997426054743006 0.0229295162191107 -0.067937490428765
 -0.78774120449076 0.259832093590749 -0.558525807718582
 -0.458848912204005 -0.0500518355996086 -0.88710342662077
 0.0903044483949246 -0.859270803629807 -0.503486635998886
 0.160921578941101 -0.826050045505936 -0.540134768137308
 -0.111168982878147 -0.410067132090888 -0.905254883678952
 -0.139203983465085 0.439112419723623 -0.887582409600324
 0.00765490456645283 -0.29039602631312 -0.956875932573094
 0.313928921671371 -0.81420857577849 0.488377955345051
 -0.502638910496977 0.424639789491495 -0.753017380167969
 -0.613361297445809 0.127596264992771 -0.779427425714215
 -0.35026242113302 -0.91497248874549 -0.200353640298646
 0.288225394657996 -0.623061425431607 -0.727131750106799
 0.144881248723896 0.219631221655897 -0.964765023330626
 -0.155458861388368 0.595163010017267 -0.788424716712394
 -0.968566827156088 0.156411754992027 0.193426120865574
 -0.89940755660942 -0.42737632027382 -0.0917361868789106
 -0.936724288425325 0.328799423564231 -0.12016050323587
 0.605916816594415 -0.78033765628754 -0.154718950189557
 -0.00925782425637308 -0.995484660061148 0.0944700178521191
 -0.974789591683986 0.2174153578167 -0.0501578920012078
 0.336914082502836 -0.91822734741816 -0.208200479021258
 -0.0898480196687702 -0.991564759226025 0.0934166024999562
 -0.861784176962667 -0.484623370173349 -0.149894033966012
 0.316058957976152 -0.931790056467584 0.178532982250245
 0.0312634621105887 -0.73023567400674 0.682479638044083
 -0.49388624112834 -0.0378191191320467 -0.86870368656533
 -0.0125399988531298 0.212303345912013 -0.977123348274581
 -0.165730639962698 -0.377993284185106 -0.910853683139346
 0.912368283756206 -0.123929607942042 -0.390160950212967
 -0.00254382672576154 0.138144979535379 -0.990408750756353
 -0.792423071195875 0.607208321087077 -0.0579976813252905
 0.605501547262835 -0.115060438888267 -0.787482680231859
 0.0571044746409412 -0.104899667055947 -0.992841950578003
 -0.897600041531864 0.0685915086372971 0.435441580909374
 -0.833712651485503 0.44728517359073 0.323819684761324
 0.20679752160695 0.511237363098064 -0.834188913633933
 -0.719398731721115 0.300583720378566 -0.626190779109235
 -0.849460641478292 -0.518326074499417 -0.0987658801070201
 -0.116640038387312 0.768267568065618 0.629412460397431
 -0.0576968138629755 -0.885791378484868 0.460483128324958
 -0.259422800087672 -0.467217387825432 -0.84522643315756
 -0.161713880679046 -0.888405284553469 0.429633182113757
 -0.883746374658715 -0.275357929581698 -0.378378588049137
 -0.284034927495207 -0.894396335175473 -0.345513177154613
 -0.231201728952762 0.0326757922393269 -0.972356957670786
 -0.525694812019751 -0.685612530096231 -0.503567694744772
 -0.942645150236199 -0.216517353533652 0.254047941056325
 -0.516437044696022 -0.0974436324789116 -0.850762903137504
 -0.229813919578755 -0.0734856653883507 -0.970456294404998
 -0.230877448668743 -0.500048992103373 -0.834653586341432
 0.432589936736884 0.0797016407585747 -0.898061019694302
 -0.768042872202284 -0.523082302906285 -0.369452366138753
 -0.837134789561338 0.0437821070330477 -0.545241663127316
 -0.0166509879438655 -0.886448853645201 -0.462526944589829
 -0.124792934347865 -0.984163091231559 0.125895724289552
 0.281448356640743 -0.94947851239625 -0.138842994212994
 -0.743425071419468 0.601463185920063 0.292508459993632
 -0.876663429192795 -0.435320821748567 -0.204834113536007
 0.493418597358601 -0.86668648882969 0.0734344460095877
 0.0239664641756543 -0.999687062194109 0.00716842218544436
 -0.626788702491839 0.695681299493316 -0.350946508693115
 0.109546173652523 -0.286022237255044 -0.951940605097666
 0.0461683809999518 -0.849375155224926 -0.525766417986616
 0.669538225418121 0.710553516410084 -0.216407636235917
 0.0985489102795074 -0.929725767714007 0.354821235457128
 -0.534264543913645 0.0470538935345553 -0.844006711004115
 -0.180169892155728 0.503700625676413 -0.844881346494159
 -0.589313864602102 0.522300353231714 -0.616369621251536
 0.118004920347907 0.656116947806485 -0.745376005499765
 -0.742112899175202 0.091706464640886 -0.663971662965256
 -0.651043606835775 0.0208619849932509 -0.758753582911083
 -0.828096825361818 0.34697833025023 -0.440297270219157
 0.222129182955262 0.00461539997587242 -0.975006320062947
 -0.254780217004958 0.383786931997708 -0.887577958182093
 -0.964429263751991 -0.156463428889337 -0.213061940850506
 -0.129093168746152 0.736354172945905 -0.664166760511417
 -0.635802817728133 -0.00865804106367829 -0.77180296403545
 0.334049542405611 0.605888021131652 -0.722018427097102
 0.137708921515322 -0.931166952709964 0.337586076602586
 -0.932604555156858 -0.185636232377828 0.309496256728968
 -0.0656332961245202 0.391734585285738 -0.917734321648069
 -0.123716265074016 0.32981362198302 -0.935904514633078
 0.0454004006900449 0.209925706588237 -0.976662685542257
 -0.552483515027564 -0.336299313109974 -0.762669481246331
 -0.0261963102983189 -0.945857604022308 -0.323523022735527
 -0.376003809721608 0.406028803557472 -0.832923613398326
 -0.40025655899006 -0.258499180410731 -0.879188751470591
 0.042653349014329 -0.960534661156702 -0.274870617808526
 -0.940000563638651 -0.326423406592783 0.0992305395902943
 0.163163248287552 0.144431280574346 -0.975969958349082
 -0.166896053880342 0.353242969207457 -0.920524367903789
 -0.0643570330746963 0.209805498836032 -0.975622788249632
 -0.96109096407507 0.163367196783734 -0.222744961308394
 -0.928890345629303 0.36985764692355 0.019184546094437
 0.0426043984497229 -0.208209520392092 -0.977155904065893
 -0.599395114555914 0.0227308374101762 -0.800130492905461
 0.128939881035065 -0.206151396030979 -0.969987684969836
 0.198429102332435 0.843230926237782 -0.499587326083955
 -0.720652771944541 -0.443045702361386 -0.533263619523924
 -0.241846499163319 -0.304001370468608 -0.92146266207354
 -0.35540516588901 -0.881101085353039 -0.312006483024155
 -0.804958077266205 0.219665676187438 0.551171012072487
 0.155472312842251 -0.976231854724767 -0.150995780603707
 -0.979409781858608 0.116954609178034 -0.164554242095692
 -0.268838933704978 -0.843032298175528 -0.465856385549515
 -0.0667210158816076 -0.973558743811397 -0.218475807329098
 0.30384328217004 -0.832258232149698 -0.463708415816661
 -0.846686929909526 -0.0196797635745735 -0.531727326386401
 -0.54007549773956 0.565000033819858 -0.623773531439838
 -0.494090987673712 -0.783370005169057 -0.377101486209014
 -0.99452672144533 0.0970930660877192 0.0385945183787519
 0.237710707957485 0.138891593841166 -0.961354640329266
 -0.595388167440488 0.451031901738801 -0.664893340082255
 -0.827956517733012 0.297997163486048 -0.475063885490882
 -0.232297413094306 0.40400367979445 -0.884770557027209
 -0.150700310915334 0.0889724404078543 -0.984567580787572
 -0.22251718636572 -0.960363215864483 -0.167894596060479
 -0.753802867526274 0.651036292309114 -0.0890672948144671
 -0.807053396098078 0.561006054356171 -0.184220039144172
 0.0717685313735368 -0.575354086080224 -0.814749626287288
 -0.88749177565101 -0.451595728139382 -0.0917586316270988
 0.194438146247607 -0.980864194124301 0.009961925952327
 -0.986414446841699 0.00142758821857301 0.164269598690273
 -0.93070224780237 0.189895121092355 0.31262304604897
 0.342604464321565 -0.879534020317247 0.330215214869808
 -0.0877583177835089 -0.782456195434697 -0.616490697322894
 -0.738776487385335 -0.524848360385608 -0.42278067634073
 -0.525527862753596 -0.396714923975055 -0.752620578090385
 -0.963979029608499 -0.0835871387312588 -0.252502714270121
 -0.09293492517444 0.501388354772299 -0.860216726983118
 0.189843279401375 0.179985911696083 -0.965175942953958
 -0.0679271540334843 -0.209496224735136 -0.975447196708585
 0.584971942925692 -0.56192001413883 -0.584853591679113
 -0.357753043218174 -0.208462564729621 -0.910250580430732
 -0.042948255669297 0.44912916622566 -0.892433997212348
 -0.221313798124087 -0.973747297399617 0.0532578967556329
 0.23438115120092 -0.958373727903107 -0.163049911459142
 0.0340117275902472 0.123660646773226 -0.991741522185067
 -0.61241095389489 -0.279113373181277 -0.739627303755696
 0.543507047596678 0.273945613256172 -0.793444320787818
 -0.924717935050587 -0.0768472950531894 -0.372815281122953
 -0.797010349766119 -0.396177701040395 -0.455870301252489
 -0.963356508278632 -0.22313441766565 0.148846463210297
 -0.828370666415977 0.438488546241926 -0.348611293328533
 -0.879883487877855 -0.356205772474632 0.314519467466882
 -0.969352393578704 0.238737344597434 -0.0579691069260393
 -0.517052472588046 0.352724675905739 -0.779898739323112
 -0.111490355579586 0.526724106228137 -0.842693073740913
 -0.5149560392172 -0.203889514641695 -0.832615963991148
 -0.657352700577449 0.0273119664107642 -0.753087965336263
 -0.879794516343389 0.0120725771628219 -0.475200864785355
 -0.159761967752619 -0.147959537134644 -0.976004143961855
 -0.832995821183195 -0.505527800024412 0.224854631470674
 -0.973765350415352 -0.207249799817424 -0.0939604321302591
 0.571016561469483 0.721056465970329 -0.392450836933684
 -0.215555003798694 -0.97641387664721 -0.0123280910165052
 -0.731218188170083 0.308353699930135 0.608471821063768
 -0.140385348790556 0.0976130392749847 -0.985273387648552
 0.0204831445615964 0.5190293981599 -0.854510927159297
 -0.0863031934661518 0.347659390484166 -0.933640566281116
 -0.102365478776379 -0.991764295791816 0.0769733093185268
 0.512050708283731 0.666202352413619 -0.542197840077485
 -0.652821172361065 -0.042565299716484 -0.756315220114716
 -0.990712427298645 0.108472840523574 0.0819910316118466
 -0.518146499410805 -0.669891039494773 0.531761412997353
 0.139132031919406 -0.983788989081618 0.113143725657877
 0.0411357356848409 0.551086758909345 -0.833433401901112
 -0.933298133284832 0.257355844906905 0.250444731426519
 -0.46938155622109 -0.183711664425654 -0.86367295837801
 -0.849670575074246 0.0527576557221909 -0.524668031821741
 0.190393145559304 -0.472059545697145 -0.860761427713997
 -0.959471221430966 0.0533545807447404 0.276709710634308
 -0.816014255821859 -0.109422262314644 0.567580393253188
 0.364807218001857 -0.898807075063768 0.243025791859752
 -0.881050332480562 -0.363065681360048 0.303205578204715
 -0.872582051269707 0.223722177565422 0.434222236956303
 -0.602208430778727 0.226090213740471 -0.76565541933027
 0.200722422790024 0.0926739080316562 -0.975254867078059
 -0.540141234127935 -0.228651594666997 -0.809917215183744
 -0.541901419043995 -0.292474108338449 -0.787909733402078
 -0.311762155191881 -0.0118251574572004 -0.950086587759887
 0.485090492471412 0.714451035195365 -0.504229047578692
 -0.181325175356974 -0.519436080631189 -0.835049303287101
 -0.982411682781798 -0.148933058408018 -0.112633164064011
 -0.691884567515793 0.092580836350258 -0.716047857321122
 -0.251960308794743 0.156049448924555 -0.955073071697868
 -0.12400415702764 -0.266641409125396 -0.95578518924468
 -0.495126996032399 0.0501662556237818 -0.867371088171967
 -0.146063435175625 -0.562413225895494 -0.81385308025621
 -0.994049213147019 0.052894210182862 -0.0952279600271035
 -0.0313791407257376 0.107765384754597 -0.993681020939823
 -0.948542421351908 -0.122783929813783 0.291875626723684
 -0.250400604940663 -0.351888653579782 -0.901927886544794
 -0.0411304508301934 0.603449995948741 -0.796339367609042
 -0.606425909133396 0.713757565910756 -0.350425104461548
 -0.212153744882456 0.639120500836664 -0.739267051844354
 -0.0932734716768192 0.175920216874508 -0.979975579683586
 -0.979506571796314 -0.0897153390325583 -0.180327573460372
 -0.989241984346778 0.0376087416333104 0.141371422000375
 0.160532269133732 0.0075745236799721 -0.987001528447548
 0.691023530210746 0.589811835828803 -0.41786179415129
 -0.934745170241193 0.354376916478238 0.0258547438227169
 -0.0828985477514332 -0.590821813805342 -0.802531877941599
 -0.0739362946908323 0.692392190207227 -0.717723121591767
 -0.912507375385565 -0.269833553279173 -0.307441284462064
 0.368512059718258 -0.923137161802269 -0.109620446732618
 0.122575114214842 0.00576301555674129 -0.992442506660669
 -0.325393302610383 0.00555838796472617 -0.945562426780771
 0.150659106605806 -0.951335976931908 0.268815350364806
 -0.30004441412745 0.420789692519134 -0.856101269839362
 -0.0637856809581765 -0.901068163551995 -0.428961014006794
 0.0837926872980667 0.143668870732039 -0.986072026343892
 -0.999866036103664 0.0163615618018733 0.00045732018324552
 -0.0415528605925851 0.463582298079646 -0.885078986692017
 -0.387715771548849 -0.916066716224317 0.10246097753915
 -0.989359689003553 0.0376169558095282 0.140543126514312
 0.272328348478103 -0.93295441024149 -0.235442857241717
 -0.189689822687308 -0.156197602804904 -0.969340022926351
 -0.012818915932097 -0.6435699338028 -0.765279959034199
 0.267291765492923 -0.948954036903574 0.16745551034256
 -0.905645366313163 -0.0626364492595955 0.419384245888717
 -0.236084554183617 0.0765383642910891 -0.968713560381792
 0.441592077379324 -0.897002816076656 0.019554670704512
 -0.750249761560078 -0.434318204393412 0.49849071466932
 0.267650782116074 0.0295430717883286 -0.963062960424688
 -0.306250978048471 -0.939628095868254 -0.15267409701503
 -0.983383698173154 0.0387582871978493 0.17735359410167
 -0.027944592462889 -0.605937780939891 -0.795021072287851
 -0.0400663712764158 -0.107130655681431 -0.993437319867745
 0.0857189533829646 -0.963537913277891 0.253469822083454
 -0.675448080352456 0.678386939219681 -0.289069284851115
 -0.915391334878452 -0.3843640925727 0.119678520922557
 -0.298497628040304 0.344443491688358 -0.890088673721807
 0.12405469518714 -0.986757037601049 0.10450349920853
 -0.584408232075072 -0.457532029679232 -0.670172709158237
 -0.195746914817532 0.394578892847762 -0.897769816076734
 0.131501959395954 -0.987837337471921 0.0829736667347587
 0.700024379796882 -0.689854639188746 -0.184570974098734
 -0.0483412226294925 0.643941625303109 -0.7635458790385
 0.115852638211381 -0.408064680130176 -0.905572406298757
 -0.270498884302058 -0.62364089736788 -0.733418287692315
 0.249584814917685 -0.951055786368589 -0.182209526033438
 0.122784607807294 0.10786368839518 -0.986554288831282
 0.40681665155744 -0.593864862178387 -0.694135964696714
 -0.429793576145445 -0.296523648138285 -0.852848877585515
 -0.897015512265402 0.432101936952677 -0.0930112188769873
 -0.229080971943515 -0.371409707261727 -0.899764823520665
 -0.302429814124911 -0.0310759517949708 -0.952664942541925
 0.383766313510243 0.897834750604758 -0.215907797963042
 -0.922219880635381 -0.0398180067518759 -0.384610215801884
 -0.637736144613479 -0.639397944762795 0.429491417942954
 -0.682330513426553 0.332415355215956 -0.651095309508298
 -0.428579595484593 -0.0474417828796021 -0.902257617075892
 -0.796837479671661 0.230256151247269 0.558598367168497
 -0.0708956570608695 -0.263820219305482 -0.961962939876332
 -0.198588354228735 0.797888882484889 -0.569153754948289
 0.114545775851423 -0.993080017850936 0.0259102948609139
 -0.662214847376349 0.48645944134362 -0.569937459588306
 -0.799425485360092 -0.467078067340203 -0.377831936668305
 0.289838773345034 -0.952108868171764 -0.0973765301010963
 0.238697234983335 0.426461344369827 -0.872441603644387
 0.465075114156398 -0.824841484673764 -0.321467981848261
 -0.102893790163423 -0.183976940608375 -0.977530231384272
 -0.886884084050661 -0.0258915932040864 0.461265917729648
 -0.969740962005194 -0.215741640744274 -0.114271654657707
 0.290363261283101 -0.932184381260646 -0.216151465021056
 -0.0481053919734409 0.757281683501271 -0.651314304385035
 -0.258296995956965 -0.892273313239834 -0.370312025675127
 -0.333221492207061 -0.355968737017086 -0.873069124066222
 -0.115176396485029 -0.630083348036847 -0.767938390900859
 -0.340365832342644 -0.491583456566642 -0.801558984357167
 -0.089202501517824 -0.0694571184210205 -0.993588759207556
 -0.0334934429659255 0.207416113320532 -0.977679265001203
 0.0614615983983015 -0.984671525473814 0.163231304728592
 -0.44694139945075 -0.87025128080446 -0.207137861616851
 -0.854499537667414 -0.478133748544481 -0.203023788332745
 0.468700221281314 -0.883357008320657 -0.000705989819763368
 0.145225044632498 0.126168110744477 -0.981321198304948
 -0.413720076754833 -0.799989684809988 -0.434571285622499
 -0.299410828539541 -0.947141023454083 0.115226027630992
 0.271381756046635 -0.21548435045518 -0.93803967783562
 -0.127437206746439 -0.543993726338329 -0.82935552330783
 0.682105619647709 -0.720060950635739 0.127452544166721
 0.265244067408049 0.203170514622666 -0.942532400871607
 -0.714675136681136 0.144967563401998 -0.684268846705071
 -0.726356436727244 -0.263303571472961 -0.634883891805805
 0.127139227560606 -0.96289459486536 -0.238053809031419
 -0.967525439742277 0.119245586912467 0.222878921061223
 0.295213702735055 0.644307986132587 -0.70548996358788
 0.0224782660389033 -0.359400986547556 -0.932912460215066
 -0.398406833000977 0.712259426246266 -0.577891430237091
 -0.289703151384967 0.395208383253809 -0.871712348130695
 -0.288670018474726 -0.296898808688511 -0.910231134291255
 -0.666982356618545 0.305387326911267 -0.679612475254511
 -0.16320344910212 -0.403860017996232 -0.900145388293055
 0.303217471223685 0.00453459905624509 -0.952910595258607
 -0.314042973882148 0.66061038437126 -0.681887769809749
 -0.73134257052913 -0.277676631310244 -0.622923537005979
 -0.523912206745417 0.381684377287846 -0.761467685300917
 -0.635832273076555 -0.70853020702162 0.306108259039513
 -0.0165846298875188 -0.860182524093769 -0.509716563685316
 -0.96176994397524 -0.0262690462857815 0.272595876845375
 0.379167039733008 0.207573506769424 -0.901745859578824
 -0.0555552199252356 -0.546609464191516 -0.835542764432391
 0.173936580323718 -0.568903065899527 -0.803800577031026
 -0.858554684217371 0.251841172659842 0.446609312444026
 -0.285773929262706 0.702615925003434 -0.651662583923094
 -0.973078413355718 -0.130328130747572 0.190086769126531
 -0.22627504442425 0.380172286988566 -0.896810256674558
 0.0550193869978913 0.0571201246932368 -0.996850118327427
 0.704883195883506 0.161121496798169 -0.690781834901999
 -0.97471547514091 0.180459113783304 -0.131773482815679
 -0.0352767855160405 -0.427791447940288 -0.90318880942625
 0.141511334603086 0.21958999467587 -0.96527445652369
 0.61698879096002 0.0106522693347533 -0.786899841776393
 0.081410950572239 -0.377907486146036 -0.922257116557909
 0.0112967097496053 -0.0949612030511613 -0.995416874612797
 0.227280225789352 -0.282429880834051 -0.93197481799521
 0.196510519174811 -0.554052812367487 -0.808955559324073
 -0.251330219881804 -0.913453428087718 -0.320056175208291
 -0.72795279605231 -0.367384094084758 -0.578890019030511
 0.0379816248359137 -0.946663063571908 -0.319978812178984
 -0.0177445475228636 -0.35067885571505 -0.936327651619663
 -0.098398204452894 0.003325193039248 -0.995141566035556
 0.624847703731003 0.280496616706644 -0.728619925035144
 0.445123488811953 0.218484073582681 -0.868406465486406
 -0.326170466010494 0.346853764036946 -0.879377787686214
 -0.11890222018445 -0.0792802304404855 -0.989735776405255
 0.0659380060825866 0.491599233650978 -0.86832158376239
 -0.827461842428097 -0.551950381725418 -0.103236018126741
 0.339495564788716 -0.934649350658649 -0.105704081293753
 -0.187482427453033 -0.982056034240716 -0.0204030636845376
 -0.463955234929155 0.0126859237390971 -0.885767806663077
 -0.0638281692290116 -0.357048048596899 -0.931902707264025
 0.399021885953103 -0.385679829665199 -0.831884970124988
 -0.135103493146716 -0.989603124986524 0.049322420423801
 -0.956838802051857 -0.290124204048535 -0.0169544422843122
 0.844924968204234 -0.449905030512093 -0.289287506859503
 -0.159021939692808 0.445477427326008 -0.881057253780558
 0.677111262668141 0.0250579017674327 -0.735453900341122
 0.188026184447016 -0.971585360235721 0.143763840161289
 -0.178481893642819 0.296285828092916 -0.938274438377689
 -0.457578354564607 0.524503554122341 -0.717995871260399
 -0.99363049370617 -0.0559174669970966 -0.0978349572589571
 -0.967099271711983 -0.218510275974519 0.130277618752005
 -0.643997261842391 0.671989552251172 0.365646780930413
 0.0183396765155612 -0.252479832270382 -0.967428338721801
 -0.965897921337606 -0.186966518454634 0.179122099509372
 0.459431584444236 -0.837532249763593 -0.295740341889626
 -0.299338606500861 0.550524274959814 -0.779307013530671
 0.317336361677721 -0.861417749388546 -0.396556546529645
 0.447793820983907 -0.709418296201384 0.544248449610431
 0.0612944910433568 0.225044936593816 -0.972418511691968
 0.188340000912978 0.778188008807315 -0.599125585336335
 -0.023925946394402 -0.134146205328564 -0.990672672826438
 -0.0480403831853266 0.464439648699127 -0.884300816634045
 -0.0957861676980297 0.0936427848134824 -0.990987406040107
 -0.393056060792638 0.31438040300262 -0.864101785255698
 -0.473785089367962 -0.141593662080731 -0.869182905924386
 0.37630582784254 0.23836839020095 -0.895306894022797
 -0.995045997720413 0.0962674337327046 -0.0248202260889434
 -0.201174424321766 -0.136272553064964 -0.970030227508382
 -0.86298352906481 -0.244252573728802 -0.442267010740912
 -0.809995316263866 -0.586143507957099 -0.0185303996272707
 -0.923345824183756 -0.132121299203923 0.360522469839383
 -0.21388728947511 -0.971913598625191 -0.0981640678070191
 -0.993786431353462 0.103979559346266 0.0397086904330364
 -0.929942781982118 0.105930393410933 -0.352115285085955
 0.158816415714115 -0.987068045242831 -0.0217720040469019
 -0.532062159514583 -0.247295187457816 -0.809786977342117
 -0.201663308953374 -0.318994324365471 -0.926053200871631
 -0.304711921724084 -0.402674036864957 -0.863136295606954
 0.809287042000007 -0.565818093427988 0.157811180847221
 0.135312723887381 0.384939441420724 -0.912968834732533
 -0.013250287234277 -0.991378131771045 -0.130360384068022
 -0.365124941493923 0.174537986611794 -0.914450801480627
 -0.664332773631726 -0.573651820967508 -0.479150867868817
 0.0878492944242957 -0.991171146825227 0.0993089078095137
 -0.142280518259325 0.741779226627227 -0.655377626310336
 0.0605709082383439 -0.961266343708446 -0.268883211689719
 0.464928851377805 -0.836729565895318 -0.289352374645772
 -0.983168303132142 -0.100951194937147 -0.152279164553218
 0.0102897667119346 -0.941553508486472 -0.336706268664289
 -0.867484535352567 -0.482051913936903 0.122867950230764
 -0.562832609369442 -0.817880907753246 -0.119541936420285
 0.32224985853899 -0.872285527384451 0.367794762588091
 0.43744111558802 -0.070369786607811 -0.896489466489083
 -0.257839031871269 -0.86449790491248 -0.431465416975242
 -0.089310382158275 -0.960817234119455 -0.262400263448388
 0.799438937435342 -0.57708911698496 0.16692973482807
 -0.201802733913253 0.0914640335568519 -0.97514613630504
 -0.996883267005588 -0.0767962704083864 -0.0180578186840766
 0.320278115923411 -0.943820831112627 -0.0813889870831436
 -0.84649683013942 -0.532332928324719 -0.00804798019028949
 -0.645075969716148 0.360477483333108 -0.673745484069912
 -0.999700566408447 -0.0238133071239163 -0.00563062398420298
 -0.446108997043783 -0.142968995220475 -0.883485500255798
 -0.907590436515989 -0.384970878063645 -0.167561996251009
 -0.599173971516483 -0.734130542538365 0.319441541396061
 0.116789128531697 -0.970720870445522 -0.209907815810404
 -0.553336603706032 -0.2619011022537 0.790712599897947
 0.439129574402165 -0.101471449051991 -0.892675059533234
 0.223530656768586 -0.965347224491302 -0.134680294221334
 0.274456694279007 0.346414771013038 -0.897034185184391
 -0.93749753656445 0.0251919634662797 0.347078858348215
 -0.768183128223752 -0.34791953069165 -0.537444584748673
 -0.704882713860276 0.691342002498423 -0.158702852155979
 -0.292340103124723 0.070193169915773 -0.953734859907198
 -0.0401959782904593 -0.510771464758078 -0.858776335327285
 -0.456533223948587 0.100124554814927 -0.884054573515811
 -0.375887929091252 -0.864297482283125 0.334212697069607
 -0.929273029161287 0.237122747260442 -0.283239192212282
 -0.993275622760333 0.0442198396644517 0.106995995299461
 -0.575228428949205 0.180635346356258 -0.797798925905133
 -0.997770777171801 0.060431654558111 0.028310622553203
 -0.89078187798493 0.406203592533762 0.203730918778437
 0.301358842405849 -0.944156519733588 0.133234058514953
 -0.478581522723837 -0.738600505659311 0.47479365954817
 0.198680250475818 -0.979857805362859 -0.020120619780424
 -0.688727498806511 -0.290607284043823 -0.664230260413059
 -0.487054319444969 -0.0826132585722305 -0.86945565695904
 -0.995669282947941 0.0835622636021638 -0.0407434300914362
 -0.977496666786735 0.203179927928992 0.0567290340794951
 -0.978806650492708 0.0358063490013149 0.201631957592147
 -0.881261804159156 -0.307280890811633 0.35910456231042
 -0.804367182316704 -0.577473904585669 -0.139704422029039
 -0.961074990043545 0.276286546379275 0.000779616965053086
 0.494916399521479 0.188521235202553 -0.848243774726581
 -0.986914588441862 -0.0126349017750963 -0.160748108473361
 -0.415908332265203 -0.851707942696691 0.318769257457095
 -0.337568671902531 0.0241911976579453 -0.940989998727848
 0.188679968236142 -0.937991265243241 -0.29081309446755
 0.196019404182311 -0.824518749648846 -0.530796782828904
 -0.983356876354171 0.116462462968725 -0.139448013418
 -0.489122404347327 0.210956060065277 -0.846319569835902
 0.0575686337025976 -0.574266636428874 -0.816641710114223
 -0.341755633424979 0.223777976393693 -0.912757637219999
 -0.12500452783346 0.938853535471476 -0.320823794245133
 -0.867332432409268 0.103624925996497 -0.486822684766479
 0.351809366286829 -0.859987392881499 -0.369664515307789
 0.389236338593304 -0.921089710377923 -0.0094243384060969
 -0.0888908802783489 -0.987575018239183 0.129591646155212
 -0.220932692593416 -0.888334207295312 -0.40255568744266
 0.0326674706417989 -0.989521823065564 0.140639247860867
 -0.305569199564789 0.296735072007975 -0.904751767789241
 -0.976919300101724 0.0646537522877843 -0.203589227131169
 0.171159376884484 0.304253679987692 -0.937088131350762
 0.309753230605918 -0.911791168696105 -0.269610461252877
 -0.670428133566776 -0.0703425351752893 -0.738632551047733
 -0.888657672956942 0.458569446406113 -0.00126614278173396
 -0.273058287977304 -0.942912686911824 0.190669442301665
 -0.9499043466649 0.255879456385604 -0.179464302820747
 -0.242629836230158 -0.289266798416568 -0.925988921048603
 0.391095318214574 -0.840154339544523 0.375746108183635
 -0.140408359212898 -0.346470994713367 -0.927493041745043
 -0.504951974739902 0.0716017423937408 -0.860172479036881
 -0.583266494791822 -0.805985472296314 0.100933713399181
 -0.932191238802687 0.251620192435508 0.260205251788333
 -0.997199246648559 0.0530610876586728 -0.0527084761686854
 0.339554592483722 -0.0905289595117916 -0.936219624988136
 0.329754660265883 -0.933379453041547 -0.141649781760489
 -0.7662003488807 0.10044742536317 0.634702560348549
 -0.734980893603573 0.286341829451659 0.614663682629753
 -0.91816369416775 0.345868353648307 -0.19326280722591
 -0.984092823355805 -0.173040617678196 0.0402275981528804
 -0.640750527864577 0.260454018659951 -0.722220510097261
 -0.983829547722705 0.102442832382232 0.146917960512811
 0.574719242239051 0.332960706325855 -0.747552647405625
 -0.246000460901462 -0.0213204291505543 -0.969035196748346
 0.51104726517864 -0.804793349447071 0.301891300701424
 -0.972891238778656 0.105327262027903 -0.205885418088404
 0.112481128406134 -0.993142399557434 -0.0318774207517699
 -0.450464349082568 0.720447380622932 -0.527292558224724
 -0.00598071151518646 -0.0468065392840014 -0.998886069063949
 -0.628885394711169 -0.12878649183836 -0.76675758870646
 -0.989707181294966 -0.129739692614488 -0.0603929420832493
 -0.403411199092563 -0.295427004664019 -0.866015178482425
 -0.793143119573796 -0.604102704179459 0.0773557669202005
 0.36909430274793 -0.926065939495398 -0.0785574400392772
 -0.848201949886175 -0.47663950092661 -0.231015666926994
 0.194719283239021 0.22581498320268 -0.954511390239035
 -0.378676652011538 -0.0747016332613836 -0.922509435837604
 0.0963790335306893 0.120675535349589 -0.988002275839373
 -0.124409787408597 0.39738859079458 -0.909177932367062
 -0.122360395457676 0.0205118845101105 -0.992273750644088
 0.566342426798497 -0.744487458725191 0.353545866061105
 0.116370662167672 0.426050646714144 -0.897183769035707
 -0.198704620707901 -0.896578876266128 0.395806508716945
 -0.14191582129369 0.096685349960831 -0.985145594706432
 0.152940905115122 -0.941907576242602 -0.299030428818464
 -0.578206206727506 -0.423715923005219 -0.697239126192459
 0.169597617214084 -0.975116619623856 -0.142773339138124
 -0.9662809125321 0.0383765715845794 0.25461429030898
 -0.970240877288139 0.218242362257638 0.104894763240828
 0.209999637306092 -0.23487018381679 -0.949071203380008
 -0.59321359999935 0.103311618042213 -0.798388586061518
 -0.999916088129655 -0.0102705104790472 0.00789514496308643
 0.0374503801376137 -0.621114578501437 -0.782824469086481
 -0.27143188464306 -0.880572165246991 -0.388480879569822
 0.402060330865607 0.206917546097104 -0.891926353160053
 -0.661773062770592 -0.733025616712328 -0.157257300735901
 0.398254701584904 -0.87593630821518 -0.272266003415559
 -0.299194425531785 0.611814792052381 -0.73223312951314
 -0.963151500381835 -0.257466221394782 0.0777838810610057
 -0.90126543865119 -0.203403720753889 0.382553964136239
 -0.70464779743889 -0.549332844780913 -0.449115694681704
 -0.0983813215472102 0.114141140224264 -0.988581264074395
 -0.664405826764405 -0.049306226115985 -0.745743785376524
 0.184908774552473 0.0454605672196745 -0.981703662986733
 0.065912219479774 0.552354779746497 -0.830999263907285
 -0.655901432987127 -0.0243819545701638 -0.754452669487471
 -0.860431988620727 0.509442684772685 -0.011177830280474
 -0.162106909583758 0.159663658664711 -0.973770438022742
 -0.355383918186188 0.41483244385356 -0.837625402086826
 -0.713738417840635 0.451131728959834 -0.535777597538435
 -0.143699351198926 -0.345060858444228 -0.927514690144981
 0.0168849439889621 -0.379415075372679 -0.925072483239251
 -0.959058908377524 -0.100917492318288 0.264616080399321
 -0.268671856705069 -0.13688587234938 -0.953455657786874
 -0.307710009556453 0.0049399912943241 -0.951467364918408
 0.0132379160146622 -0.996649226772405 -0.080716022904725
 -0.949678936818149 0.312067135626788 0.026907616498704
 0.0180447001875004 -0.0125553130565372 -0.999758347256574
 -0.850733414282174 0.373267062548997 0.370032914535771
 -0.241251873193911 -0.922319348458058 0.301868436807052
 -0.140036874913499 0.14466577157934 -0.979521050410769
 -0.983050113802331 0.179666459153746 -0.0365025644082532
 -0.0546622128524481 -0.310097617903149 -0.949131977048959
 -0.168345362999189 0.690461425677157 -0.703507539695588
 -0.478493555501138 -0.0210832879353854 -0.877837919159177
 -0.957979812614598 -0.242287268273653 0.153530317056245
 -0.842839999177473 0.166248716472428 -0.511841870168695
 -0.139754953959011 -0.835939077934763 0.530730073413494
 -0.154764635694732 -0.978697427586474 -0.134904606199695
 0.266820937167921 0.768291900933987 -0.581836869275292
 -0.0402547867719786 -0.0180663636043348 -0.99902610508838
 0.373121328261106 -0.927658190056639 -0.0151906819303677
 0.0877534191256525 -0.230127333846648 -0.969195928410964
 -0.176272201749911 -0.268474538379394 -0.947021400567173
 0.34594347093871 0.698302742709247 -0.626654924531534
 -0.993141821242337 0.066604215266054 -0.0960895489023028
 -0.256378726291599 -0.952090247032121 -0.166715656767479
 -0.984707518113656 0.143805484985348 -0.098341681186428
 -0.830983120477526 -0.291783405781273 0.473634350097325
 -0.849663481825021 -0.36879330796073 -0.376913071750457
 0.563059754546249 -0.825084478988937 -0.04689685855014
 -0.904812111968851 -0.125924308391413 -0.406765424526977
 -0.301338594816639 0.101111421494737 -0.948141092726841
 -0.138047854525408 0.356912824979566 -0.923880958363164
 0.0187014847736093 -0.998931555100507 0.0422611250648239
 0.120262934173606 -0.020259980039032 -0.992535319206714
 -0.0233949079015313 -0.320565584655466 -0.946937370800613
 0.560036556399182 -0.369674913337627 -0.74141723337495
 -0.76866826232774 0.503697838683186 0.394255741614424
 -0.365580888186742 -0.915285594899032 -0.169123901217177
 0.0694187458139465 0.193424294043612 -0.978656262537235
 -0.122448779896563 -0.208665724495449 -0.970291147915219
 -0.430481719128341 0.186146121246675 -0.883195964121851
 -0.12094599628594 -0.710386498520773 -0.69334197096512
 -0.960753470269052 -0.116133276137425 0.251924257544926
 0.0337686269316784 -0.102611622308478 -0.994148145299468
 -0.925469904651604 -0.0575096836264618 0.374430356506168
 -0.800552099934462 -0.0941115975974181 -0.591827122129583
 -0.705247000623453 0.490502341565858 0.511892685071816
 0.114880021161268 0.0619065587864949 -0.991448515414291
 -0.0732497873795462 -0.631277504077621 -0.772090138192673
 -0.0258577150803857 0.42815088022967 -0.903337258353369
 0.25681787797464 0.113514813304202 -0.959770266633175
 -0.125430920462142 -0.745127769129007 -0.655020375152445
 0.000741791022309104 0.449097876598974 -0.893482258906338
 -0.882800987195392 0.429965804777901 -0.18918727158171
 -0.413452775891277 -0.110306469145507 -0.903819276720987
 -0.381940589155259 0.769248539845505 -0.512228533275228
 0.0680646688890524 0.276633393672052 -0.958562030519938
 -0.602144563655991 -0.200561312456117 -0.772785277037171
 -0.535264598419144 0.488528165461559 -0.689080576732472
 -0.348098001907395 0.59162223491404 -0.72719386151383
 0.368268853633956 0.675957379762129 -0.638325678778669
 0.143124003399525 -0.527264741040702 -0.837560393348548
 -0.126550910937862 0.146910542151818 -0.981020978137296
 -0.997946259826353 0.0156188269668115 -0.0621233832206
 -0.724163681976114 0.18718546539708 -0.663738324380079
 0.557643110578567 -0.467987628502559 -0.685581315959537
 0.0538312650301897 0.222738285436481 -0.973390903545984
 -0.99770160663674 -0.0571505660396016 0.0364049023597332
 -0.874008046060418 0.0740671604624805 -0.480233267446847
 -0.884913747654301 0.329562938167322 0.329113854158318
 0.226584102173123 0.77941537718743 -0.584098719777896
 0.000378279888637718 0.0984367592737903 -0.995143236588583
 -0.764845441868267 -0.0271840601458338 -0.643640021228732
 -0.712174006704855 -0.252792007534525 -0.654907921085566
 -0.0109198111409374 -0.254688558063721 -0.966961476024805
 -0.208119820714262 -0.0890806036350618 -0.974038390558543
 -0.970901390866662 0.180376839051564 0.157526775968235
 0.0519050833848599 -0.108734145632256 -0.992714837147322
 -0.0164231773909092 -0.915336954641644 -0.402353748226293
 -0.28124408532155 -0.451582108752247 -0.846743977555506
 -0.400616036377057 0.609002998724966 -0.684559813998409
 -0.449590056660276 0.0859777923000589 -0.88908750985683
 -0.447917631233539 0.14165029146765 -0.882782527328937
 0.196481674603267 0.00295077346435725 -0.980503056844321
 -0.196797144473788 0.690437349520175 -0.696108576527052
 0.505640888699018 0.848763679457648 -0.154685190335667
 -0.813477687786144 -0.293470073803357 0.502124852258839
 -0.828304080483384 -0.13458754114417 -0.543873647112399
 -0.278443711197652 0.398214361515501 -0.874010538825065
 -0.71505398664508 -0.453253183528737 -0.53222114558146
 0.157445889932128 -0.742981859552921 -0.650529590502049
 -0.829268913045021 0.417808648775587 -0.371145527880167
 -0.95302572120387 0.0468079504337562 -0.299250715120339
 -0.956419233142501 0.0317459307361358 0.290266164677882
 -0.0349283193742177 -0.41083840341255 -0.911038867879477
 -0.922813545426607 -0.149010509158737 -0.355261915405281
 -0.756534536025451 -0.0176329855387166 -0.653715973203766
 -0.43062341731405 0.605795718210811 -0.669010478436786
 -0.335511879121768 -0.144965748787628 -0.930815078652373
 -0.0531295025951306 -0.226741682993736 -0.972504737853324
 -0.400186144331942 0.0359111212293024 -0.915730004562911
 0.454790249110068 -0.0107368704886943 -0.890533856137155
 0.482855653092618 0.559820344988524 -0.673388149296846
 -0.793195928922091 -0.454707815480691 -0.40506915567863
 -0.788289523962538 -0.606362235099284 0.10452017152835
 -0.357506938160061 0.63604744872956 -0.683836553667641
 0.0991516132267194 -0.247478416092796 -0.963806718778584
 0.427281159851459 0.333072249765681 -0.840531788138926
 0.167996585496749 0.348026792371099 -0.922309329375626
 -0.953026790004925 0.300490815438378 -0.0380158831291287
 -0.408629839218549 -0.499060927631242 -0.764172653928461
 0.0765614791553597 0.00241842637482961 -0.997061929432376
 0.166570228685973 0.272268785029005 -0.947694079128034
 -0.281093021492349 -0.0838291294416471 -0.956012233355493
 -0.0495947063828938 -0.266659496256787 -0.962513936602931
 -0.699929963325227 0.50081470101829 -0.50919807706187
 -0.0640908552291845 -0.533206713579112 -0.843553769993446
 -0.595054750487681 0.486882847144528 -0.639417654650294
 -0.920409874215238 0.371054335066896 -0.123143590475319
 -0.766027810251526 0.350296294819919 -0.538974860041438
 0.0728843829364531 0.172375977375452 -0.982331099552402
 -0.791236741303878 -0.128247306573545 -0.597910568201843
 -0.397681001675492 0.710802211728006 -0.580181037874345
 -0.309102108782861 -0.477416877950413 -0.822513836354179
 -0.882208607413613 -0.216192855686416 0.418292507888304
 -0.621834556875014 0.455970332051691 -0.636720378317457
 -0.895325527706522 -0.326038683441268 -0.30346495075531
 -0.339294393493369 0.137530437548781 -0.930572239695343
 -0.131948332739149 0.333033481030817 -0.933637155430232
 -0.219067606111307 0.189791414230987 -0.957072935066531
 0.04147647034324 0.431111452936055 -0.901344893786629
 -0.657356678808724 0.374510416492479 0.653929770513772
 -0.953281420697456 -0.0679429526436477 -0.294343826398827
 0.221367585072964 0.833094285799925 -0.506902656578634
 -0.00844708840103589 -0.928449431764574 -0.371362759782918
 -0.646664386306114 0.072592914887511 -0.759312478622255
 -0.17635660095394 0.332787614248402 -0.926364265881856
 0.526358473001732 -0.271751856228933 -0.805665989436947
 -0.593826416689664 0.422032996504807 -0.685024332927442
 -0.323286856503268 0.104880723979953 -0.940470968265196
 0.241322807170095 0.0569922710617933 -0.968769933358155
 -0.868415080857648 -0.152487144658707 0.471808136908255
 -0.424603841770217 -0.233372563016542 -0.874785016095419
 -0.955303747288278 0.126547366816355 0.267171320258781
 0.595040969719008 -0.317623477778415 -0.738269307718943
 -0.509576730269901 0.354009167265654 -0.784225136972359
 -0.856403852388219 -0.179106019029351 0.484245263850949
 -0.906132851393328 -0.0940175104950564 0.412412370505675
 -0.969526202284243 0.239555202336293 0.0513054394573475
 -0.743490874679604 0.33276492816051 -0.580076565510526
 -0.813659340727426 0.580152410048708 -0.03717066533823
 0.628317990650703 0.644675099971107 -0.435442898784566
 -0.326264669617172 0.88188602772424 0.340335715822419
 -0.568638130353895 -0.18658387964418 -0.80114738504507
 -0.994952074287195 -0.0526342120099083 -0.0854400936194697
 -0.5299203662706 0.270471439093101 -0.803759669333153
 0.391657060822486 0.915400800613319 -0.0929845199180311
 -0.924409297529444 0.0342480686104267 -0.379861185747603
 -0.521818222655828 -0.0192483083435825 -0.852839518977764
 -0.925107846000261 0.158747354205037 -0.344927167387055
 -0.93909567454352 0.248095021919573 0.237798599979851
 -0.313625213392975 0.656409735989602 -0.686123519508165
 -0.223368531466199 0.185367648243501 -0.956945836573475
 -0.9057510470214 -0.395404781539755 0.152545401619112
 -0.756436921533411 0.167774893161905 -0.632182544021556
 -0.369330929226558 -0.302099328952903 0.878823452214865
 0.0182701658477579 0.350421420509067 -0.936413919742922
 -0.160022308226958 0.320953315798417 -0.933478350015531
 -0.564934044430304 -0.0913445414989538 -0.820064448797754
 -0.983446488990234 -0.144356888791174 -0.1095175417516
 -0.438894149817327 0.470793162619012 -0.765327200148612
 -0.78025200453371 -0.340497095604645 -0.524660401884809
 -0.251085991226545 -0.530424322350248 -0.809694919873568
 -0.975179046026137 0.0869236317432757 -0.203642113611388
 -0.977758363688171 -0.131457341974033 0.163424445781382
 0.629901076556432 0.741791911205816 -0.230150807564672
 -0.467678777145284 0.386634800159414 -0.794852245837918
 -0.0213222306977784 0.163382447707278 -0.986332367034181
 -0.688155948395393 0.443348129785601 -0.574355139703344
 -0.916017664093512 0.21727875553315 -0.33719665102523
 -0.795731218908606 0.384548143087965 0.467904427102184
 0.0209759322907937 0.308825562732048 -0.950887365605289
 -0.977500279166291 -0.0652146760234997 0.200599726472826
 0.477299070675101 0.618124787043448 -0.62458573853009
 0.31585000807135 0.155129205103785 -0.936041506625212
 0.00197044264352035 0.0469272815004144 -0.998896364798055
 -0.291175376756861 -0.0754320058150768 -0.953691203938263
 -0.584044565666743 0.143896405965133 -0.798865301327741
 -0.508091366509634 0.326239721755635 -0.797126594229034
 -0.970506322552546 -0.14092773164204 0.195593589720532
 -0.944454214153184 0.213846713524046 0.249551238192192
 -0.9043942313363 -0.278159571061542 -0.323571209090801
 -0.668431322729548 -0.205708274982705 0.714761269514281
 -0.961857277027258 -0.247719016648149 0.116042524190848
 -0.944334383494194 0.292504541484558 0.150577771804308
 -0.869577297183 0.398238697195166 0.29196106637736
 -0.993967165612505 0.0624648332229777 0.0901521951738814
 -0.932507709670379 0.296522868768469 0.20616391464711
 -0.834176360881672 -0.544750235620205 -0.0860056959621971
 -0.97036943274713 -0.238358929051275 0.0396003147909477
 -0.753688373811163 -0.649759238182753 -0.0988269577496612
 -0.899634998407224 0.111061493897743 -0.422282150006408
 -0.406738888619241 -0.88521104000674 -0.225754050096494
 -0.896965188554347 -0.122222632935575 -0.424870660931018
 -0.913254922648101 -0.10071581007852 0.394742665364714
 -0.939577048627816 0.284603848485606 0.190251462856467
 -0.945756836480534 0.163536184623481 0.280713239034299
 -0.979371640983428 -0.193550352503596 0.0580469627384753
 -0.949055797301775 -0.308062755591367 -0.0662603367433718
 -0.822561915160163 0.550097086090966 0.144170356184177
