Format: x y z  (R = removed from domain due to fracture isolation)
-442.207461 -7.667475776 -242.189822
467.881899 463.977878 129.6969011 R
496.5052471 352.7779768 200.9005489 R
29.00076944 274.1113729 176.6869458
-126.8869851 -261.5906732 -370.7127864
-341.8540819 -237.1850933 -258.6276046
-245.7472981 -339.4549634 25.79934966
-33.54951877 338.050013 157.4083089
-171.4746498 16.59007017 -17.84186315
125.1285767 -252.4396901 333.8273811
-369.547552 38.7732063 -513.3906003
-180.3368803 -475.2127624 -477.6729652 R
167.3976394 -229.3907788 361.2281012
115.7280214 77.42867333 -274.8369867 R
418.6987716 254.6325002 44.30032177 R
468.7396586 -48.59088828 152.5477426
67.34094948 324.4100884 -304.9957291
-22.38668463 22.28515983 417.6189918
106.7295456 491.2331573 -191.9049348
-323.5920258 -269.9570654 355.0111136
240.5119099 -200.6758723 290.0637648
110.6295748 173.0042849 343.8643239
432.1735998 -107.0424908 516.450829 R
421.0362847 -361.2801487 97.62644478
-63.42976713 173.2684939 238.8045853
-398.2450233 445.832847 -261.1088941
-240.1337244 214.5149584 -222.0805707 R
195.436312 -109.1183477 517.204441
-296.8073066 -127.0510886 -459.2442769 R
-460.4417004 187.7532431 116.895286
-531.2536559 338.6556553 371.3520898
385.0382345 505.853635 461.2581598 R
100.0107774 -37.37481959 143.843384
-379.7742014 -526.1987422 476.5576135 R
519.4436564 -4.987238784 -245.0353275 R
511.9806691 501.9025178 152.6065152 R
89.49971517 -8.006316909 57.10393043
424.9667978 364.4005354 -114.3083275 R
86.43551269 383.5802936 51.13502809
234.8216216 419.7142962 106.4957025 R
-22.07446043 -268.5113554 281.4347238
-241.9194894 351.7507218 180.3819275 R
-292.8574198 -95.18443412 56.42810586
-73.33703625 250.5680313 -32.73993227
-142.8568261 492.4619137 399.77845
136.227673 -193.5620309 -338.1640769
300.4006173 -153.2288331 -214.1079886
-23.20558246 -361.0541017 -169.8113033
-178.1786808 115.0675659 423.0371033
-407.9436948 -26.79635224 -251.4283795
430.5905781 -204.8539692 -127.2432455
-463.8315656 478.0955407 289.0664099
243.158134 179.8306236 -300.9967347
-214.1278423 454.4158171 -480.8553586 R
-480.6205325 3.278647925 213.7840487
259.3316244 427.1120122 -161.3766675
45.26530753 273.4824884 -297.6555493 R
-212.9189484 -118.7689018 132.0328654 R
66.40258685 -15.31886799 -374.4087855
-40.33755621 -461.8165439 -64.32679041
198.5714035 218.1089247 485.3362166
-12.20748524 230.42734 98.52912185
-315.5453306 96.95533509 387.6732056 R
483.0897049 -331.0369959 1.651644073
341.3473571 -380.8616491 358.354664
-59.45048186 340.8334758 405.7353741
137.1687588 -422.1293806 443.2059661
356.5723289 -292.4791816 76.27346684
196.3908549 93.40266053 310.3115391
437.654212 310.1409614 -261.036481
-312.6570927 -5.401191935 -338.4690865 R
-100.7844531 99.29148937 -263.9881247
-15.17130614 86.80468425 235.5797586
119.8965347 -333.1898774 199.0909387
286.2719142 -248.0613934 -403.8467738
-16.98790445 217.2661674 -41.35249878
288.1942525 444.4852456 153.2574194
-401.2464881 -439.7847271 -309.3195626 R
405.1940874 -410.0623163 -210.5399188 R
109.9589619 64.3945025 -66.52713023
-153.7791791 39.42898159 -64.10226561
-166.9743995 -472.1451285 -305.7016563
0.6391172593 -490.8710756 363.4624209
327.3542822 22.33282108 365.3042296
338.8354757 16.67280105 -519.2312177 R
-455.1880764 181.4655762 188.7527693
-415.3961527 362.8144307 -434.7357202
-362.5075996 -371.5770464 46.0531968
-46.77234642 -396.271405 396.0587409
-361.1482476 -471.8769776 -342.1025791 R
-131.8497106 231.8809105 2.615592528
85.09278753 -84.24708396 398.7669779
259.172406 431.6311407 299.5929627 R
530.052807 -475.0806605 455.7868917
180.3158798 258.1711189 -15.53758818
249.6823774 250.7298086 240.8037754
274.7108316 -344.5954724 92.46747126
-271.8985493 -368.3097143 -41.8354556
177.6488402 -131.6688312 191.4531486
27.23902842 448.412591 -37.77203399 R
-497.280896 349.1182525 -303.5046271
-8.690152441 53.93069113 259.3597469
-37.33078502 -186.8541902 159.9290348
130.1548841 60.94410304 30.56568523
-30.11931991 308.4124903 -78.43249919
-343.3707804 -197.7622567 136.5495009
6.023890015 84.59931061 -167.7914047
-263.0452976 105.0241192 292.2927533
25.08118124 492.4211594 147.49086 R
65.60804859 -185.6116952 444.8605192
-398.1455035 -92.14567442 338.0138379 R
-51.38985473 -221.7501982 -539.3357013 R
-141.7689582 -498.7075269 -81.92813681 R
-364.9014661 190.3916806 337.511721 R
-54.16271332 -313.3249184 -381.9073856
-513.0703789 426.9769241 -353.9792478
484.8718812 287.004272 284.9204231 R
-417.4584906 -513.2188743 171.2344494
498.0360973 196.9656877 274.0951837 R
-119.2019695 310.8412803 432.8132109
-12.94355595 517.434788 495.1101279 R
-314.5659185 -438.004393 -526.1667862 R
268.7090103 284.2155076 472.6740288
110.1117921 157.1207575 -266.9225443
-404.2394554 222.8146911 453.1177621 R
-490.0250888 -498.702185 416.156829
63.97742738 -276.905134 383.5045888
209.7499854 -122.7972623 -429.1323145
306.5364417 410.6472601 -227.7855537
-172.5794472 -373.5512894 412.4064201
-528.8239623 -391.0648929 186.3805586
-219.2765966 312.3169028 355.2709056
91.39251655 -450.4174627 -466.932065
512.0692768 -411.1100146 -221.7816171 R
257.4713955 231.5039234 278.5037144
123.691305 -87.24887275 -328.5328039
-131.7465246 -78.46632768 -109.4476282
-54.70381679 449.2252567 371.0817767
-359.8186915 100.5561642 -45.1492662
169.1425296 -233.1711725 -341.4703177
-29.64799736 -376.1959152 -430.6476704
-248.9221818 -532.9393035 227.2771044 R
475.1364338 -105.3381461 57.95899029
-454.8225496 143.4579864 -232.5397956
-468.4139323 -197.2601448 -316.3017949
447.0387566 438.4497555 -471.2724179 R
-13.54440335 -245.5043269 -229.948997
-128.881795 -223.6738288 -491.689124
-5.641704766 272.4071972 423.6705007
-363.7837344 66.41976748 -337.3817677
108.5944936 -2.582348663 425.0786917 R
-314.9826847 -265.5908571 260.9337711 R
-382.7915201 -434.634429 -201.419465 R
-476.4418593 449.5214166 -508.5454094 R
163.9818565 -33.22769844 206.3128913 R
529.0119793 -332.5216448 -163.7030648 R
-359.8242212 300.4030932 385.9628458
-301.957689 71.64368099 -202.7216055
452.8612985 -74.80606929 348.5972547
-54.52790748 395.2639798 215.1555045
-131.4515122 202.0244708 -213.2587427
429.6339183 -57.42868219 -390.2773794
286.9004229 418.2285395 -228.3594561
-521.5433653 -20.63254394 -51.92235886 R
381.4728121 -114.0308287 -526.6923753
-402.2122401 129.2566022 -347.5213473
139.9228389 -487.9716038 308.2029102
-143.2235734 -110.8319517 -403.7336376
-187.4955357 -186.5382619 22.50177979
-105.2147624 -132.5193389 78.49055594
68.89988797 -444.01684 340.0124571 R
-120.4340532 -420.8020507 509.4757319
58.09418917 511.2888997 -77.04102905 R
46.24745008 -334.1382831 -356.661224
67.93893075 -404.01849 -56.65193103 R
-224.2389052 25.3419741 -178.1670488
-142.9325144 227.0777804 148.2173442 R
-279.6157785 186.3723746 442.838123
109.5162596 -28.68548311 -294.6977435
548.9543084 56.68597831 -422.1535675 R
359.6306608 39.52820999 -120.2997475
374.9702751 412.171511 -360.7949122 R
290.6221151 -110.961751 364.5843328 R
-319.6066397 445.8598349 -488.2872455 R
145.4864189 -263.1182417 -509.9053562
-25.56704703 281.2149363 -201.0925164 R
168.8485966 -75.82932296 1.159072738
421.2829326 -202.1500352 -421.145313
161.7011312 251.35273 -265.3463676
275.6147519 -355.229389 185.8171113
242.2793516 317.4906193 61.32659149
100.4293593 172.0983086 317.8377092
-41.23886496 75.86498798 434.3415143
55.18188115 -298.0099027 -204.0113064
-351.0019963 23.83110248 -104.3865765
-44.20868769 394.2269397 100.7345018
369.0398593 -177.2755721 -424.5363394
-8.351731273 511.1711365 7.012655142
-99.2302812 471.7125185 -247.8285233
162.7090926 -365.7424797 -141.7467513
-360.9234859 280.5661913 403.9695907
-132.5369696 238.4163686 183.9920578
-139.9213961 -98.3427055 339.6465744
12.86606242 -234.053841 -141.4632531 R
115.6762744 64.17560718 -425.1279624
-456.7883363 -174.2833169 93.07671609
258.5970237 -194.4560668 -34.59305609
-109.858564 481.4137649 -482.6953101 R
461.2623018 -418.3413763 187.1260015
211.6744012 101.9342515 -105.8288352
-208.6157261 281.8678937 -91.57396066
-65.2064027 -354.2269323 -222.5380964
-424.9674251 -381.0433165 386.1193521
71.57069092 343.3491876 332.907774
311.301099 2.881401307 88.79227093 R
-367.3142681 -421.7598656 -112.270001
46.53356134 158.7314265 -502.4870633
145.2103071 249.8490796 296.7440097
-469.4105469 -381.7515768 -349.5669024
229.9300651 -108.5175198 -172.9280194 R
305.1744021 376.6574222 -18.93656307
44.31959671 512.8011873 259.6975287
-184.3683152 -130.2094942 375.8081349
269.5045352 -366.1115746 -404.9357846
188.6464885 -331.6470214 -20.4276063
-65.0566079 65.68505093 214.3438339
26.25288176 -234.0476752 380.1207652
-218.801435 307.6450553 40.45782463
-12.2316922 -362.1822151 198.5140076
162.8925833 208.9747798 -419.4971619
378.5072122 362.3861842 145.9393771 R
-35.06260929 254.5868422 -285.8624201
347.7611765 413.1092829 370.8759438
478.5240734 261.072043 -535.9816588 R
-408.1407894 -24.82939798 -200.8537264
-124.5338554 50.1012341 405.873316
346.68337 215.4115958 388.8632822 R
-464.4083125 300.2546079 -258.2182083
311.3604541 -405.1038065 518.6705939
-259.0063504 -5.939656537 -99.53743554 R
-73.19824561 -203.8490344 392.5046512
-118.6382844 -276.9465849 238.9425487
187.0568172 429.6748383 425.5380546
-383.1759027 282.9038606 -375.2277516
-459.6458977 45.19220229 347.0563517
350.003542 -18.19791014 -132.6565918
-45.21871291 -154.5173745 415.070599
456.2589145 -463.5229836 -178.3823094
170.2132978 252.1353387 43.88110456
-96.87011707 51.63742669 41.4795785
477.683586 185.4686957 -124.8372694
-3.419144739 199.6792534 374.5225433
36.04449995 -197.3903324 129.26786
326.8228728 467.0151133 -260.0640058
-484.2605657 281.6505043 -100.7452139
-90.3285514 337.3414331 485.4763541 R
514.2029226 -346.130236 -120.6630705
26.76073902 -59.5766269 241.331222
186.9756558 -438.6574777 215.1505159
362.1058126 -333.7404975 -509.9906741 R
481.7707345 -143.4402324 -345.7831407
-62.42558899 440.4984275 107.7841321
-495.1001812 -198.2150081 -331.4716122
-278.362088 -248.5925005 179.9790439
424.8688605 -174.2402108 51.07245065
-490.4815999 6.113477744 214.355287
-55.83148708 -211.5179261 -426.6940997
-357.1979458 -44.41492171 17.58663989
54.04817555 28.30372702 -331.1508315
66.20438478 514.0494501 -64.33941226 R
50.83583132 -227.7783865 -342.581187
380.1525213 245.2950003 -329.0126725
528.3318216 -160.7675259 83.87372467
-230.5354147 137.6550709 333.7264731
-423.1648081 132.1482834 339.2021237 R
-199.6453179 285.1187218 -426.1751369
207.958288 217.6412549 -167.8465897
-423.8186804 -309.9494892 -3.226574885
415.8776426 -491.8537761 437.9168531 R
-95.59438361 422.8122142 -325.3670233
-186.811288 254.8417454 -408.9639966
416.4892852 239.6523459 -342.7189876
-280.4358108 402.1576744 -254.2620495
-308.7606868 -160.8786469 -51.20900845
-208.6085288 306.9614807 -256.0657707
418.363852 -77.14675216 400.5420433
67.59764374 -350.09586 -498.6971417 R
-484.7797143 284.2947099 237.1479922
486.8093408 -106.8485055 31.49413259
-534.7632221 246.3997348 -460.2348389
-336.1117708 -315.8653698 194.4657335 R
281.3716737 265.2402311 507.4513652
407.0811909 0.2031827714 -43.1581294 R
-286.9326633 377.035483 -32.47352698
182.4153768 324.1116727 83.36834738
-163.8922187 -317.8691251 187.2908121
-114.1276021 343.7967576 99.42573847
163.9573972 511.2731541 -178.545979 R
4.721996836 442.4762584 404.0417817
411.52883 393.331194 289.292352 R
-3.766684196 16.49961982 -442.4373752 R
1.663485966 336.3299009 251.4018832 R
-122.4068154 315.6147283 -494.1592734
392.4664301 -483.8585176 325.3986805
-165.8856605 -320.5190893 228.7646089
-342.0455548 -408.2354686 445.1696917
-195.6865401 433.528246 242.6017608 R
313.0528121 -414.4786621 -282.0306243
-181.6799706 -251.5588811 83.29706619
-168.2354987 -357.6832139 -28.63758008
-364.1575204 -84.06527957 180.2342442
457.3958083 327.6244857 -420.3987244
145.393655 228.0914308 -303.710417
294.6395541 230.5899717 -472.5978089
-124.7699704 361.6014545 298.4345518
143.0879969 -225.2568917 455.3286976
-336.5489865 105.5856714 168.2585415
-228.8899463 213.6446414 -133.9173606
214.9274628 43.4739472 377.3270943
-114.4461058 143.9037779 472.0246357
26.64798872 65.33437421 522.0283736
211.8915882 504.9994176 418.4003163
-404.6882758 -149.7823861 -149.3688774
-77.94977676 376.1789373 -447.418436
-303.1583872 181.8929332 439.164467
-128.4925993 258.3487423 -138.5974891
-201.8931886 -467.5766129 -171.3164307
-354.09027 -524.3623972 -276.6386136 R
-360.7406105 383.894693 453.9110662
-508.2210648 -324.5999214 306.3544467
-527.7684422 -429.4485489 -7.626706648 R
-215.7387498 138.2049517 374.6191087
-361.2159343 210.9288948 -34.57234548
93.39139893 -47.41039191 308.3707263 R
440.1328887 -275.2445662 237.7960905
-461.5328027 330.0595708 207.5580121
310.9575506 -1.916259126 -508.5171094
-522.8154103 269.1296588 404.1535245
285.7366691 272.1853309 -438.7808013
-203.0186313 -237.7027584 -242.0310975
491.7603549 -106.193441 -201.3237519 R
29.44222443 372.4357205 342.5578376
166.4955163 -131.4136755 -488.5799132 R
127.5809603 -35.42025292 359.1733266 R
221.6212216 -139.8798732 -515.055602
405.9112284 -514.9080911 -25.58218076 R
-34.78448441 518.3688079 330.1411178 R
-165.7362976 -502.8697085 13.01021961
107.3920937 -420.3595498 -274.7743862
503.2188197 363.7989899 -286.436144
152.6919818 -447.4521872 188.8652281
232.2186512 -171.1060552 -89.88329989
382.0751316 -299.5824818 301.6331775 R
-516.0647022 -214.7708533 253.6423702
196.9524414 321.304349 -486.9720125
-360.7171512 483.3761552 399.9774729
-31.39285691 -203.8644411 274.9575805
-428.2974465 507.771317 7.577841357 R
-353.3606491 235.2884939 -200.511343
357.9203839 -179.1165472 -462.2851366
-21.04338925 465.2799999 480.59665 R
-196.5715229 100.2296606 351.0209224
-383.5681567 356.5095788 -358.1134251
39.77700826 436.8983506 435.383227
-113.4679883 317.9478268 345.8540754
241.0575222 -254.0665901 515.3700291 R
-148.6030083 15.69835828 513.5243707
-475.97266 451.6484352 161.0892869 R
507.3027766 322.8727687 -177.7524378 R
201.6190294 -58.09372501 -274.8662274
7.084059785 220.8590084 -170.6726018
-498.9614174 -22.56342835 -232.9158026
-165.8479517 225.5114154 -78.22330538
6.258996557 -249.4270346 20.4494695
289.4786308 24.57182841 -437.6439457
-24.84098386 -518.4247612 -258.0645451
43.32353949 -116.6464075 238.8467999
-38.78955361 -438.8261152 246.3185485
228.6968533 456.4813601 521.8472007
-26.49849398 -425.1742274 228.6643976
-319.449488 87.16694333 477.9737221
-320.1714171 255.458233 -14.16970974
-225.4734007 -334.8063217 -129.5407837
-187.3321686 462.102334 -255.0553418
-260.8503716 422.0768004 127.3891289
-454.1047524 -403.857494 62.62151626 R
448.682394 26.08529756 -86.07853872
400.5042906 500.0752828 323.5055633
308.3456292 -343.5513343 257.9680183
63.2078087 -505.1808385 253.7980349 R
210.2892223 -458.9371688 134.9512737
84.72963186 7.860179671 -72.35892033 R
358.4687928 -263.060057 503.3584751 R
-390.987538 -478.0498705 -462.9964295 R
149.2328394 264.1973485 105.4301286
-396.8358746 119.1775784 -359.9521057
444.3076509 463.5478676 -172.9412288 R
312.3826031 -382.9788501 -180.1279465
40.39059474 386.171383 -245.6703754
-170.0634639 216.1060179 314.4089628
160.5874498 -400.1049321 466.6844093
-453.8648216 -369.9007864 -505.5447162
390.1411946 281.8791179 248.8103208
-98.60584182 -429.5238346 -280.9621713
466.0706193 -59.69083434 -192.3831078
-53.36386615 -399.8756616 514.5148305 R
306.5506934 144.5792348 280.1252531
213.4091702 352.5027389 -447.0969613
-120.2046669 -271.3288387 -152.7379558 R
-382.7384046 -347.3752475 -161.2162668
-239.2436008 -266.7194617 299.6259993
548.3443692 -285.9806203 -147.6693116 R
-451.782811 510.8701348 94.50511782 R
-385.7561678 186.3743533 -214.9291087
-318.8959325 -378.2718832 -139.2584716
-495.24542 -88.01216923 -45.25641452 R
-494.3796369 94.36355808 102.2318432
-408.9554331 42.23968367 -370.3346717
221.1362629 278.6843394 -53.32622499
-35.7975026 -20.87217719 85.26112288
292.74759 -89.15342639 243.8824227
459.4418775 -4.715868628 100.3534416
465.2597898 290.2360274 314.8548671 R
339.3896468 292.2572771 -10.96753931
35.27865821 449.4085703 271.1520329
-131.9074593 264.4311187 -64.74664284
-346.3271107 521.3919277 455.4162331
270.4353162 -208.9952603 122.2220959
316.8844423 -310.9168303 131.7706942
-23.81095596 139.9634614 209.0906142
-286.879497 526.1324941 344.4520912 R
-371.2022192 -205.2306917 197.5597851 R
-121.4005202 -318.3023996 -63.916808
78.72349971 14.59270877 -95.65872195 R
-425.8172634 -479.5580484 456.1808945
-77.54165613 106.261799 364.2978415
374.1311865 -24.88053042 -157.1045609
127.2660254 61.11400588 112.3706506
75.11403322 262.5963109 79.73995557
127.1996803 470.5398084 -123.4079537 R
362.6388432 497.3736102 37.00083888
286.1937367 -422.6628051 187.4995865
424.7784769 153.0109237 222.2731402 R
359.6755151 273.8644527 232.4151143
-495.4497333 363.6958631 -232.8887526 R
265.9398391 44.59666789 365.6324548
-284.018733 -271.1326677 330.4038155
-440.4578115 198.3003697 -473.1195204
79.75759124 -43.93134232 286.7753125 R
505.143218 300.3488591 540.760524 R
-237.1898764 -442.0254336 410.0603803
-5.714202919 462.5769176 547.5333998 R
124.2531629 20.74362297 161.2213464
486.103123 -56.22307746 24.68371425
-128.646424 -91.59801602 -57.94514958
218.5118023 -424.2375574 314.6763259
-482.6873924 92.48583261 0.8848635014
-311.0054322 493.3389921 -364.037937
-454.5220915 -137.1250588 -411.0729333
374.3026113 -475.4303766 -65.51966316
244.9008752 44.41975715 -447.47952
271.3387529 317.5299606 -151.5001665
-427.6312546 -72.27001206 113.5108687
-378.2947037 -419.5227472 67.44892716 R
367.2154215 292.9831389 -107.2584428 R
161.9696311 492.0927788 277.3499185
-70.19369103 -520.3402891 -343.9879367 R
-36.46183088 -349.3526598 -174.806311
-375.2963093 379.8170416 -149.3989483
-78.65798428 -285.4320085 -275.3531114
-333.1361504 -414.9332136 -292.3198446 R
81.48929192 -389.226479 -20.26851532
250.8806128 437.5797598 -520.6827827 R
-298.8875706 365.9868946 -48.50456438
-199.8026253 351.0311269 -517.2898266 R
127.5239444 -338.2651166 -56.30559753
54.42426377 -194.9307657 -64.08630676
43.00721709 253.2223677 -334.486317
326.6467147 458.3268446 -476.4406584 R
-168.4198047 -509.778462 239.7667404
375.1197775 -37.03967259 410.3014575 R
195.6874333 437.1199074 185.5868786
99.32913 -169.7908633 385.6953391
158.6927591 -145.7156359 440.0763601
-207.4580111 -337.7644663 -271.7919513
-167.2174152 46.98580567 90.21285527
-448.5632536 332.5478871 229.2308703
155.5262369 -341.6681698 482.5461997
-349.5547456 314.3029376 406.723689
476.7881859 -543.4812306 386.1653988 R
486.2994336 -248.068381 123.8311356
-459.4019166 -357.8839141 452.263428
477.9838227 -76.19310103 -330.9556321
-199.5220796 286.7189778 134.6390184
229.9540509 80.22648793 429.2739038
-101.2483001 -73.6945031 -242.2560342
-55.76457885 -437.1214576 -207.5957364
-525.8199551 393.6346229 7.612301147
-325.306713 274.1494911 121.8296102
40.57280028 506.1495667 297.6040009
-166.9443956 -521.9726028 -229.3646234 R
50.48421126 -498.4059023 67.34539991 R
-270.5883868 162.6992788 506.4749116 R
-255.6562791 330.1465497 -245.2770423
207.4232306 -325.2287155 402.4784364
240.7934789 -257.6179104 -52.69300265
248.9505948 142.6055882 486.2975224
331.76268 -238.0602564 119.7117891
497.2683134 -534.4201772 427.7597703 R
123.776666 -43.43158021 -76.58184745
-176.4229231 439.4750971 -11.60216599
441.0875743 482.936837 11.40987843 R
191.5149205 174.200167 347.1596316
389.8654306 202.0070635 535.8464686 R
-358.3270067 -98.62496159 230.6489978
391.186341 267.9446583 -509.6491262 R
-203.902449 -287.4648431 -124.3213095
359.8073843 42.10395534 269.6385613
121.7630786 -429.2717318 -376.8744023
295.182099 -220.7113997 -501.3862115
256.1593318 -12.36151789 118.0299235
385.2376251 106.9246703 -130.1993326
-1.451024825 -340.4500414 -359.7409441
-110.2825717 -323.8231519 166.0936269
255.9546767 -267.3786712 -470.8676119
-181.8464512 -347.6718008 101.6877665
216.1954865 122.6230438 365.614799
378.2426077 253.3181784 -33.80165797 R
-431.8689919 -420.9543499 -222.5982682 R
496.717475 -208.7540637 367.1318946 R
220.5619939 461.0426078 438.1551628
-113.6398657 168.1727112 -162.6067523
-194.4609697 270.4879103 -477.3006188
403.9837594 -115.1107598 -100.6181524
285.6386429 345.7781531 -217.8390694
150.3632019 34.82124418 -24.73629749
53.9214721 359.2397554 297.7246223 R
-469.6856631 -495.4869363 445.16054
306.3963264 1.575822772 339.4716543
-401.4078121 -304.1607965 -434.6012359
-130.5086097 -95.91052134 -211.3169379
-314.9013603 126.6511033 144.5537613
22.35647835 -233.5981065 -318.4971424
141.9082976 206.7467991 -483.8588056
238.9838731 -437.2667556 443.8186517
-305.5304883 -188.9661916 -49.65233415
377.4175455 -36.22431435 382.9941763
405.7657472 126.2722614 -157.8366488
388.039417 -281.5592092 -94.1021709
210.0302038 236.2307795 193.0117676
322.5664225 -198.378931 65.09374609
88.68153672 224.3022073 161.3848153
-226.2126192 122.225641 -224.658542
-3.636203358 336.5762067 -242.6232189
211.0339737 -294.5432504 -405.2102388
24.03018053 -108.9164493 -0.6778613347
-222.6149946 21.90516506 434.7458637
-4.6074143 -11.86297073 206.212621
423.3266293 -221.8367117 -100.4077305
-85.22804572 -334.0975073 -222.6874031
-310.3918694 394.6154451 -234.1599602
-473.7338778 400.5564931 -88.1346408 R
139.3281211 -253.7273072 -290.4127032
410.4861 -410.8595967 -322.1453405
-44.32055931 302.4519366 89.59573648
-487.3549286 -379.3467693 384.7336217
358.7022642 280.4742811 -429.5704301
308.4441928 352.8360741 210.8772973
-471.8271256 -123.9821456 155.0798251
256.0009004 -295.4762627 119.3004453
424.0139515 -422.8362219 320.6204312
-188.7694944 -121.9313772 57.82311878
-492.8782696 -463.0981407 124.1128953
358.3955045 -518.4785259 -180.4196474 R
-27.13354385 112.8944505 242.2419336
-63.7245839 49.49764587 468.8869207
-519.2188365 371.1615151 -269.5855192 R
363.4963824 -339.203303 -48.15952258
169.6553545 -189.7553489 -139.325866
-130.3986609 154.2411578 -191.9592414
-145.4425791 243.4595435 -528.08429
378.3392463 -410.6391644 218.4222729
-82.05534737 425.5758813 -184.7859857 R
-60.31551236 -436.395027 -13.57418733
136.6302639 -53.19306517 -459.7493509
-388.5556861 -183.1818312 -518.2335292
-275.9371916 172.6727485 195.2292159
270.9307404 80.03076874 -389.7314849
-33.90607102 291.5357713 -159.6242363 R
-449.6472286 -240.2526279 -303.1937026
-180.6805081 -233.4437644 16.7106688
234.4384776 21.17398088 -33.21014533
-47.14066384 -478.021312 -365.4695069 R
-368.9016318 -48.33354896 438.8998258
-235.883546 413.2328676 43.53087441
322.7535659 -435.7966304 115.0974354
148.6130387 -228.7788227 -332.3618384
-142.2719278 236.9727669 -457.4253159
-265.5265123 -122.6836754 276.6699947
-516.779611 -367.1253172 443.9081671
416.0262622 457.0562171 -439.0820971 R
307.4067572 421.658185 -470.246577 R
-45.03058586 308.4976937 284.7999728
-366.2144083 286.3445931 207.9255889
217.2460563 242.3506264 445.1227776
475.856914 -514.1446232 -299.1072394 R
-436.1293551 -220.7800308 -290.0990122
453.5527582 532.5498183 -76.0532442 R
-168.1762253 -213.0261799 -483.6435896
-289.6695687 118.5118469 149.3017512
-185.5186544 -249.2217075 450.3540502
-74.57666358 342.3171144 432.4065098
-409.4894959 474.4845876 -189.9001128
46.5541081 379.3303144 74.69316726
-421.7735534 155.3837405 54.43592865
449.3651663 339.4263128 152.534562 R
9.984499786 -53.78678058 -166.5224443
277.9861959 126.9346553 -443.6911576
-213.2055334 -57.66526943 -233.0887892
-236.9916802 407.5514679 304.8087953
-342.8765743 -473.7859495 -388.9540835 R
-514.819341 -220.3548224 -330.9673545
-242.3851274 -5.391169645 423.9045405
313.3568139 16.77639066 462.4333444
494.2080078 510.0449185 185.4128635 R
274.3970556 -44.27364498 342.6126935
309.43127 -197.6490782 -51.50122203
412.2228876 9.698856017 53.92682908
-495.6358058 -241.2066781 259.0582938
155.405874 -14.12288366 -310.6233602
-60.32235211 -165.6988043 -191.2783369 R
435.8675469 -266.6599292 41.98716442
434.304514 50.76442677 341.098951
-499.2582745 366.0166734 -131.9790826
-466.1255165 -520.5518424 518.7451149 R
302.0913455 145.6346262 25.24474778 R
-21.77532715 -166.4457253 235.0920631
-114.7322545 489.2413385 37.44652364
-252.0672318 -478.1866376 21.72798736
324.2821867 300.1508032 -296.0675562 R
445.7648953 -429.5452847 115.0225577
96.62641077 531.2041704 369.1868801
320.4685719 -35.98829519 225.8398768
487.5445936 192.5677383 28.77139769 R
-248.4632199 323.7334713 -349.7237899
316.449356 -202.0626161 174.1478001
-80.78554465 80.68978124 319.3970389
403.5211515 -195.6905554 137.1907818
-190.9077095 -53.17764253 -221.5506265
219.0725613 401.4324188 -310.6359914 R
-304.3283848 525.6201306 -189.2790271
-169.1725812 339.1083784 -321.9167161 R
455.8823837 460.6108651 415.5174176 R
-353.7822371 71.69439128 -375.9827984
545.7784312 -23.71678913 -122.9711272
-314.4332571 -277.7275814 -450.3345119
140.9976542 -353.2676259 -139.2680486
241.1066982 -458.086317 6.18531748
-296.1483118 -409.3373564 -248.5227837
-131.3672775 452.4279436 272.413494 R
-300.1858907 -382.9193712 317.1698325
-353.9589559 171.8903621 -49.40247256
179.831493 -327.3024106 -172.4050713
215.8982154 -228.1016533 -415.7439685
-543.7066472 507.8116413 -245.2948 R
114.4602707 -439.3083218 539.2073508 R
34.25220782 308.1130931 -377.6979382
-511.0145762 -128.1092225 -144.5244479
-525.4613214 -258.6453467 -432.3773592
439.939093 492.5781047 -43.06260464
-390.411356 -226.5975573 124.7465002
124.9554562 -45.2758368 -463.1473622
25.17456394 -115.3124771 370.6833776
-493.8340673 331.6648296 -286.4359794
495.5603216 -221.0338701 -131.3115509
417.7522613 525.8224955 -63.94538753
-478.0913399 254.9750203 487.6922034
-295.9278838 -329.7195673 -53.12591967
-302.7950603 215.079934 333.9825243 R
88.89210774 309.0537914 -174.1973784 R
-269.3738497 310.2511145 113.9204762 R
100.9411778 -337.2895833 -470.0003453
-31.78312195 -243.3813314 -238.235617
-499.6380066 84.34691943 -214.5840245
260.5094949 55.57453541 270.4490939
216.3268333 225.3488657 100.0527544
358.9156162 35.86957549 13.63920647 R
-178.5501841 -357.4943097 130.1063249
257.857156 84.1217865 472.6500739
-290.1456302 44.54668865 -516.9644312
60.31543811 -399.222534 299.4859124
-260.9552958 514.7685916 107.4173905
452.3364192 447.1864255 70.13936552 R
-230.1754789 -256.5671225 486.3747143
401.248117 -32.36747546 -394.7654768
468.9379106 -269.7483566 -103.8644883
35.60430715 248.9709421 222.2232187
-469.9110635 -221.0788593 351.1444864 R
479.4994913 -73.83743686 175.4674403
71.31440533 -26.88558315 9.404447621
-62.42113511 -430.1491442 -55.28426237
-507.9318467 -265.0441207 -421.8853239
452.6987743 456.7152587 -216.2082011 R
-251.6099655 -319.0888518 428.8098859
298.8543936 -97.08290809 171.7008074
172.5868317 -386.1479119 504.5180087
193.9692753 8.440374719 322.0990783
239.3187361 107.4984536 322.5184097
-377.0978082 451.1638004 372.957388
-94.82345916 -30.2888595 -469.554858
357.8723293 84.73675515 23.31800563 R
210.2023841 131.4544726 423.5128206
-113.6827595 -503.7831937 -149.5601732
-270.9779179 -128.0541734 110.1026292
-373.1223058 331.8529563 397.0099952
-410.3976425 62.90940936 -265.7615801
334.6834359 30.44199443 -200.59621 R
499.4941523 235.7257113 -307.7806939
287.7226655 447.4376795 -363.9855863 R
301.4081248 253.456076 67.43321547
-502.9970695 -397.5542914 506.6432554 R
-79.64565772 88.627907 -406.9452431
-24.55535148 -430.7035384 -283.3293913
-519.5128923 -383.6317168 100.8918508 R
446.2162373 -30.52504109 -231.4339661
176.7687513 130.6281547 -387.6965137
-471.2835033 -119.1052775 118.4513893
41.36246868 75.02316907 -276.9036745
-84.67748147 240.3308955 493.7184417 R
-85.12894791 -408.7813589 123.9745069
-184.8946122 217.3060088 402.9240058
-244.4979039 -497.9943105 -386.7447941 R
-413.7511752 -159.8674391 -79.4255826
451.390668 300.999541 -404.0355072
301.530532 -169.2356375 -112.9225713 R
387.2687224 225.5468379 -384.1835593
451.7227055 25.94064953 -517.3365087 R
380.7114774 -447.0956191 476.9882899 R
-228.2195302 -444.1904565 379.4920835
-526.1549091 -426.7134863 66.11638854 R
83.10314832 -303.2130936 20.66941262 R
-504.5586781 -395.6790312 42.13899031 R
-267.1682548 338.4570438 -79.92595144
-414.4998948 415.4300778 421.2939695
-43.02709851 497.9734543 12.24938627
-260.520253 -161.3029603 332.8858472
299.5674279 91.91632983 486.0205149
-78.13304081 64.443478 286.0668321
-528.4187036 403.6372994 374.2095029
-230.2016503 486.2933303 65.62054644
155.3545136 194.9475625 -180.6097089
46.28223516 73.1139571 248.2115644
405.1217257 348.775917 -500.9964223 R
259.1809754 -541.2146779 -423.0274534 R
193.9907274 450.821639 -53.22735657 R
89.99227753 275.699504 203.7498174 R
-316.795691 -123.9955673 87.76229959
312.4917877 421.1380232 -143.7677715
100.0198693 -203.3210514 517.054632
-98.63594644 267.4495909 -314.2322477
461.6093483 269.0116479 195.1645793
155.9962108 109.047608 438.5118858 R
-491.4212444 378.5227848 -358.0917362
-339.6451365 289.3678904 325.2710326
123.1581523 -469.148701 -297.1061479
-448.1426152 185.4657646 -399.3388345
319.916334 138.8390136 -515.4991249 R
41.28440313 -205.6843699 482.5110774
-187.3660361 -271.5000982 496.3189866
84.52645646 -524.5519221 482.3334854 R
-279.2451787 173.0531407 -381.4388119
-163.5010544 -421.2846072 317.5659039 R
-293.1480162 -273.6677339 279.9080115
-247.893673 451.9494042 -499.4128744 R
310.5104036 -265.1703656 -467.7699166
216.5032527 317.8895722 95.78904167
-137.5366142 -118.3277771 -458.3455482
435.1970967 -58.96381357 -516.2324815
-247.6552537 -181.4490938 -145.3476666
487.4255905 314.0386482 -371.474269
189.8088434 35.99892765 -66.31774876
226.3254246 269.9646168 435.4455004
496.9471128 252.3105241 431.5878328
199.047912 -65.67859815 82.71804863
-514.8490875 292.0023228 -405.1423897
242.2626992 -401.0070323 -264.2003446
227.4426232 -55.09054003 308.9334682
34.51667835 -492.7762673 -505.0277615 R
-263.0543325 -200.0943833 524.1057083 R
-252.9716319 506.0987888 -305.5570318
-300.6680818 -239.0124916 412.1654555
265.6001128 303.5307508 128.2608737
309.1190909 -57.707207 20.09470573
-13.62280331 406.4051993 -357.253488
391.8933193 282.3302142 146.1982908 R
-264.9535013 100.8046498 -438.8144704
-486.3779005 -5.516277322 81.55273557
19.25936161 -294.0615767 269.2980208
-126.832485 -287.6939658 534.6769899 R
-49.09606119 -495.5915528 -385.8495907 R
134.7008428 -110.944299 -212.2097291
-196.1633848 366.0004531 -438.5951373
383.7392713 477.5171876 -26.78404609
523.4028237 -120.8617627 236.0134019
-366.5646307 -1.419910935 337.7453994
332.8561453 -490.1707269 -317.3047046 R
238.9240161 -434.297427 471.6445795
84.2292767 57.02662699 326.7264044
277.2679509 310.5545445 -303.4296876
-49.64987137 -249.8661281 224.8373651
333.9886628 -474.5816291 -373.5987156 R
53.92493246 94.07709506 -458.996044 R
125.0489944 -454.5150135 -212.2303593
55.30614615 121.2851141 440.9562606
354.4468924 -408.4374143 209.9605119
-321.6313341 353.2669113 -148.6815432
-471.5457737 -219.9958121 -187.9477372
203.0165482 183.5001852 -415.2581942
247.260931 203.2068543 119.6181977
468.36204 -177.9285856 524.805753 R
-48.41622568 -461.108866 -493.7797625 R
-307.1387516 -345.4043249 -80.56031952
-0.3450454387 126.8066693 -216.8118541 R
-370.9194995 469.3978666 148.5512407
143.2295366 -149.7933145 99.49496682
-451.0589366 -80.96786251 -362.5145787
-18.43555511 142.4626934 29.50773474
-6.314690675 -404.8919404 402.3246193
-398.4717023 -135.649783 -383.2117439
75.35346188 434.4498054 -64.58632445 R
236.1733823 262.4659273 217.5269517
327.6817563 69.41927478 -30.97357326
-114.3761379 -388.411819 -383.3175719
462.9834351 -509.7242426 90.41792951
463.771638 134.393171 267.6669359 R
232.8861015 128.0556671 -333.9927797 R
-183.348427 255.8286702 194.1296419
3.962455266 -279.6389004 125.3571892
-324.1062087 -426.8339051 35.16360249 R
510.9773279 247.646565 372.8523688 R
246.9608009 -255.9013979 -85.99292058
331.2730745 -512.6415946 159.6860481
327.76376 -255.824663 -62.14448415
420.2178671 -358.150306 368.6031562 R
-171.4768913 356.9722113 -175.4979658
436.9805588 -269.6465984 -180.2383588
125.6390673 -519.5948077 -135.178424
-407.6737947 70.76734606 -181.5542235
-221.3531605 360.5906277 -203.9623761 R
-368.4450194 -26.91350584 -532.5682398 R
311.6893536 161.0157754 30.17064929 R
-6.95911359 60.43995905 -297.5461791 R
539.6500563 -5.570339895 92.12749118
512.1315781 -301.2308453 -304.705117 R
399.5162729 -46.20917462 -1.497715535 R
-525.755975 390.5878607 91.63205594 R
-432.6169705 -478.857383 121.0779302
36.66778844 325.3848209 314.5183609
379.1560165 -452.0761204 30.85249343
199.2529423 290.0485906 -119.8046227
-454.9262717 -278.3067698 -130.0029524
-161.6275704 -304.3106468 363.7042439
-79.22934527 301.1015149 59.03433176
-467.3636333 497.0971426 384.6120754
-396.7439009 344.4557165 139.3512856
464.9354922 541.2426659 -3.245649951 R
198.3064821 -527.9580015 267.6135404
-491.083568 -200.2899564 206.1612352
349.4388972 -495.6814883 49.97091725
361.6714121 -279.9098213 -46.95417649
-170.382591 -386.6716379 380.0680956
-509.836203 416.4141652 214.0074598 R
382.9508994 67.26026024 371.2702938
-508.196553 305.3965079 -408.0025244
382.2197784 267.4127131 -293.1079713
-77.38472747 -181.5503928 191.3457885
-37.97851241 -508.3108015 393.8560142
-224.9570272 229.3869441 128.4974421 R
-131.8570556 -308.809855 380.2608787
-364.3728137 539.5611076 131.1021777 R
-310.0106009 -244.6383475 -153.0053149
-272.2798897 34.49208078 -402.1883549
141.753174 -191.4941039 483.2496733
-368.4606256 -26.84056984 -314.9764637
-257.3026182 -424.3295477 6.346526768
481.6254093 512.0976574 474.7617491
-236.662262 198.1255017 -495.6963435
219.0363804 -42.76797974 -87.69242512
-131.3511954 -314.3706284 -129.502817
187.0213844 -495.9705033 17.31498292
-248.8824847 152.9717154 -374.6543824
-166.8579604 -272.7508994 -385.3983682
375.4400452 -176.1226691 -516.5701963
393.17894 -69.67509283 422.5843058
401.0228559 -271.613458 124.6679669
-441.3715664 337.8588893 362.3781497 R
-471.925093 363.8643804 308.0195061 R
-487.2332254 -5.622951824 -285.7607891
-333.9855635 -219.0397518 301.8789251
-115.3858397 -165.0433427 -535.0639329 R
-423.5250647 -37.26554302 236.8139547
-158.4383587 -6.283333875 -289.9714966
392.2849911 459.7217616 -28.5869689
-52.46500105 -523.9232253 260.8721377
-317.0301677 -527.4355203 -170.3515564
-273.5619959 -49.02545488 481.8392601
-294.0555352 6.612691931 95.42338632
-360.0016716 452.981185 474.5665789
-293.4503419 229.2594218 380.7016704 R
246.6464316 183.4685198 -224.6908883 R
381.4685042 485.3819987 -293.3591297
-190.1507112 -63.10860538 -236.3821171
-95.18619616 -398.9968514 -149.4482345
32.95027384 297.2032306 -364.049294
351.595093 -82.28655116 140.5065707
157.0140047 529.173521 424.8593199 R
-232.5748422 -207.6062438 -251.4859838
-518.2255009 224.7189196 -222.6096929 R
432.0227808 454.307056 514.3105904
-253.6229289 -438.7060455 72.94161755
92.74514709 363.0536906 330.7394015 R
402.5346183 -385.9893508 280.292898
-380.8704552 -195.1659267 -27.36542248
516.2857672 -49.17162018 60.54730094 R
-46.08522193 -297.6806417 277.700815
-491.6073733 -370.2231216 63.86072372 R
65.38447557 -77.00632396 128.3163092
-513.174409 288.766802 -2.51465172
-66.41543406 -333.3384476 245.8505356
-436.1711772 358.4397507 -91.46122983
355.8197005 -216.4237603 -422.5388761
-465.3623666 137.4984449 76.86704656
-47.7460787 -64.03953153 212.5181784
-171.8971634 273.959227 -463.9403539
-141.0072157 -197.0134652 415.6247501
-434.6909083 -98.9570735 158.3043145
37.85393887 -269.4359056 -385.7396378
266.6316384 511.2778221 -287.0690624 R
-14.54794152 218.2439908 368.4673416
-408.530403 9.024166206 -350.6658443
143.874684 395.7270382 -303.22064
-297.7007388 -80.83307275 -379.4601666
214.0019744 50.4345315 -451.7094339
306.760934 86.82145427 169.9169006 R
-478.5130933 -392.5897824 -137.2124499 R
244.2501511 -161.717228 -309.1411754
-143.5008657 -137.6221567 -18.93144098
135.0973801 49.70986796 118.9743011
156.842114 449.2870137 523.4689825
64.75498392 161.8914153 -462.5628717
-336.0413002 -347.2270725 -505.0191891 R
-85.18213896 462.0174953 -260.7380856
-232.680492 46.99184625 -173.7510958
480.340736 457.642241 -212.0959796 R
-188.0563049 -236.590018 -65.15180193
-92.71512763 79.83262969 303.6084107
240.616529 290.7422733 -318.1392438
241.8389193 84.79863934 290.2817676
248.9649511 -21.40556499 127.1077506
-193.5610306 -380.586727 448.9319941
-91.53022983 -232.0534735 356.6871346
-411.2573755 -496.0545901 437.8425801
-23.30235379 -283.40443 382.3301765
-24.30829254 -370.6870929 7.691571695
374.1079724 445.5384115 139.19307
255.0543517 -239.0728738 54.9679583
87.65669718 153.2961739 -502.4445432
-197.6696763 96.78649711 -274.6797622
-46.47867536 180.1465822 126.5451338
-327.521087 -51.62536082 11.8940233
-306.2267391 151.392753 141.9920218
-361.3059957 191.278421 2.724922631
505.7060823 203.7285935 487.165978
-72.47413983 -401.2825827 -336.7979621
-215.9306918 90.57948924 -303.0297224
-67.26726527 13.86922903 335.1904967
-97.05293108 -112.1019501 -340.6438448 R
-65.11533758 429.7517625 370.3512159
168.9646412 430.9805624 -225.8752759
-176.9205165 437.7262225 295.1908066
377.6142365 -365.3359778 -158.606483
355.3033524 -186.4502998 -302.3372891 R
-467.3514734 134.2715688 365.897188
-312.3277228 34.06529436 135.3419261
201.9524774 -531.6989026 107.7445654
-150.7517238 546.8413651 512.2198136 R
322.703786 36.40823872 -158.6944347 R
448.0661246 480.6248404 425.3406623 R
305.6514213 -423.4311222 400.6888972
-349.1447699 485.4275844 251.0969752 R
-123.4470082 326.8228151 530.469508 R
-439.6817893 -424.446854 -57.73403025
216.1782664 -205.5173971 94.17163451 R
-374.6728262 -316.027949 -153.1313707
-335.0991983 -26.36169746 395.3717608
-44.89034028 25.76376724 -14.18796896 R
-20.46094662 -54.37717822 217.7101724
-250.2562961 -125.7094199 -331.4531365
10.92274389 278.8406741 -118.3168225
298.1835867 457.5018644 246.7742526 R
399.5675298 -486.2012795 -546.6767564 R
461.3906768 457.979957 -419.3578515 R
-419.2837191 296.1951239 503.7600014
419.3047245 480.4925414 -347.5300962 R
212.253359 -1.96269112 152.5635667
-395.1234128 115.618296 -525.560908
-74.1234469 -283.0383398 -165.9120254
-13.851087 -478.4690485 322.9122121
195.1020056 189.0005481 252.5285224
-432.1062453 510.1236501 512.5411087
-421.7622017 332.6879823 -218.7948908
182.6718133 85.68156964 -422.9187736
-216.437861 -64.39471473 -322.2936419 R
-455.0312213 101.9024784 -26.69219667
99.75427588 158.0894194 -135.267744
-176.1407299 -242.3944145 156.3967637
93.58973497 209.4770498 -421.1157204 R
-257.3984356 -118.1848317 -8.157656047
366.1149053 -305.0677236 457.2339227 R
-120.5773129 -118.7420856 361.7052766
451.3254125 302.1091139 -188.2308577
74.79264317 -534.7051565 -499.7594189 R
-229.7842219 -275.5847777 -464.7742591 R
-74.38013489 379.3268208 -510.2176948 R
-373.1670651 -208.4894426 249.2106699 R
193.8691088 -516.4104887 460.5405188
25.84463659 130.0578946 116.0300151
-132.8133012 233.8705418 80.10395132
98.52413121 -13.85514915 82.43062006
-359.7946116 427.1085618 -84.05822417 R
-98.14678443 425.1190644 172.0287925
-437.5639076 -50.65185737 507.9967815 R
159.7297441 -167.1085158 -369.9991723
-173.1497761 20.40191037 -67.17077792
-25.60851234 2.868507224 278.288814
21.8353152 -17.63801088 174.9987046
277.1967815 -135.1948801 -493.2671869
173.9081782 494.6797786 -405.6584271 R
-338.8731143 289.7084559 292.1435184
-282.8878541 -132.6638995 20.2982164
-216.2861003 -201.2948862 9.3770991
491.238969 509.9206766 -322.5121829 R
167.3026112 -478.9780355 -382.6616059
81.50443051 -396.6582508 476.1522827
47.35467179 -146.7757958 -422.9200282
-328.3074903 -518.4519828 -275.4209669 R
297.0877581 -318.5299494 -268.4853393
121.8730622 -349.1352155 -72.17437334
-336.5888634 219.9178529 177.0392009
-445.2677623 128.375097 -427.8196165
232.2003898 -220.5703595 -35.50533907
324.7325014 262.2691292 81.61235404
-414.5381709 -504.7696661 -9.625327301 R
-349.3452457 215.1114761 306.5631547 R
-289.5300215 61.4827576 -9.839843914
-159.7044584 -116.2774592 -445.9655659
446.7395392 515.2742526 -170.0852445 R
138.0080931 9.884170811 -168.5343336 R
530.062856 297.0626226 276.3177621 R
472.8875537 -59.03945466 -231.8176918
-280.8460464 259.588158 9.28568267 R
-398.5349105 -356.5637444 -434.3527074
-163.9210357 67.03717009 324.9904418
-436.0196895 -183.555874 -208.7540031
290.1040595 -490.3178688 26.7170147
402.8558267 -254.5632504 276.1316695
-328.012356 336.4715815 166.5364287
426.1616248 -451.3428306 -489.6813303 R
-226.7358905 -145.9086238 302.4895016
-500.741234 97.73859465 -218.994741
-349.4310096 123.9806174 481.4075722
164.9462647 114.1375248 186.8082539
-176.0230404 -250.6883935 192.9904175
228.3250318 422.4375316 -259.4458233
-511.5460658 447.2975097 42.48000601 R
-6.136052131 -338.9808065 -511.3116336 R
-493.0950017 -340.5980817 500.9868408 R
57.46237715 -318.2237234 47.48586386 R
53.6259134 -346.0566462 -305.9942232
504.270249 205.3029348 203.4134649 R
-309.4077416 508.8098538 -144.2535831
-435.8164053 -54.4156655 -292.3309744
43.97031324 225.6369875 183.8020792
-48.3012389 -146.7357873 -10.07582734
-92.39156823 249.553734 -309.8934588
-173.2476468 17.61088133 451.3635327
240.033372 239.8992478 39.69376945
-508.2150056 -361.6949626 -85.84634564 R
410.8877439 -369.2415368 495.8879368
342.0747315 -350.1312506 241.0382181
77.57947114 386.2734298 440.7721676
149.1680196 30.05016912 306.3363839 R
-103.0566544 229.2047254 26.99636892
265.9209146 181.0299058 91.14067535
128.8502869 71.18844628 477.7431542
-53.69453193 13.49138148 -92.68965778
-191.1767086 310.9372075 -356.3069118 R
-192.7022232 -434.3620854 193.9807563
-439.0793191 -90.71494476 54.11681697
-199.8895165 59.22086274 88.38707592
421.6446468 -400.7166166 -478.8062326 R
83.4987316 287.9474832 -501.5225516 R
-17.18267708 265.1146131 266.3305511 R
517.5627883 -84.79438318 -431.3999216 R
-280.2227834 -164.2258051 217.3512385
463.6526594 -459.0455418 85.66996865
-443.7126369 399.5851823 -42.78098605
29.59501994 -494.1678114 -543.2567553 R
-366.6197498 309.3426776 102.368719
297.428856 286.3512861 -457.2796499
-511.5115195 186.7665824 418.2358021 R
524.2317907 335.8483242 23.80945416 R
327.528629 -52.24618378 504.9137011 R
-486.3021779 339.0637586 433.5064309
74.05660574 260.410732 463.6618336
-436.1249847 296.9667479 -261.8514016
-125.8096806 -4.983519421 502.5903304
487.7550847 -196.5985552 -481.1546347
-94.89119786 163.6245679 -11.6682542
-532.475564 451.5911579 -364.3693026
-265.6838971 -112.865808 -372.7033414
-27.88312457 74.78716444 -126.9351562
-69.45348486 186.3466507 -141.6848285
109.4549902 354.3897655 -14.05761654
143.9210917 -187.4499591 -229.9627484
512.1149231 12.673124 129.6152787
-496.0221086 129.4141544 -145.1803071
-316.3719578 499.9353022 -366.2232033
284.1151833 -339.4235211 259.946294
420.1839629 -158.7163457 185.9934046
-76.47663215 -523.4606438 444.6675422 R
-233.4510705 23.44197763 -166.4234081
-64.5421713 -13.97127788 -187.8262727 R
517.1440205 209.9107903 455.3902349
-138.1169052 -392.7198953 -397.8722072
307.5623775 -230.4895258 -169.708582
221.9823358 -130.6372332 -70.45355114
-181.3042229 -16.45034965 359.4023997
-170.7627618 525.2541687 -169.9396497 R
-494.9579799 -80.62165803 6.391778842 R
-338.3601268 253.9771666 191.8631303
-288.6105541 412.8882303 301.388182
122.8055066 106.3437936 439.9227333
-25.71758701 -540.0786369 -116.2276517 R
-214.5085033 -214.1015402 -241.2222222
359.2102486 70.09485933 274.0293211
495.9762399 426.9021329 287.6476921 R
-196.9606996 123.5959612 -117.1311181
-289.167728 -364.8135034 -293.1709486 R
188.5571828 384.2414847 -414.2037657
-106.6625412 65.57482941 398.0684951
-408.1687596 -90.2560878 105.9327522
85.0294591 73.15963197 196.0232225
259.9665252 -219.7299024 -402.2839916
257.8225993 195.1116602 458.3761507
45.67210111 -204.2254302 -363.4100671
-317.869731 -518.5290553 509.0874503
-173.1820911 127.31054 -26.77015222
-3.669307442 -531.6211803 -509.4193295 R
-141.530402 249.005523 219.2627202
-264.8145941 488.4859569 -22.29190318
-33.24337601 180.345535 137.7049942
506.0225947 -407.7958922 211.8469736
309.0103719 369.2956954 285.1629648 R
-12.75739963 -471.6973266 134.5376798
-296.8378952 -534.8890744 20.04129193
-149.27685 215.4033987 475.5392883
-496.5074202 -366.8774436 -254.446564 R
536.9918457 90.61472614 351.4028807
395.6760607 -300.4154348 -178.6820992
177.9524318 46.38512335 26.09878914
-446.1635013 397.4476415 441.3243953
355.2093243 -40.17561577 -34.76721073 R
347.4603591 446.9513229 54.82450789 R
-499.27298 -29.67922972 -160.4460189 R
-340.8385698 -71.97557589 198.9174035
-219.4655516 71.77000992 172.6577822
-245.5847826 -455.7962367 69.81483944
-369.8557377 -178.4832298 -210.7251496
236.2567839 227.8218955 378.0078399 R
-301.457166 -149.2320575 374.9250747
67.63076442 -302.6066905 161.0556992
90.04427984 -506.9783413 59.35278401
-409.7940882 343.5627284 475.0493015
502.2055074 -36.50797476 119.6992301
-136.2247179 144.2577201 78.38285828
-302.9036318 -195.6188311 -190.0221639
217.6871794 290.3634192 -166.8308296
-136.7658683 -343.5763384 -132.0925256
81.40152962 193.3532062 -78.79323735
-142.7804039 24.74518067 -324.6767654
277.5461644 -412.7472174 170.6860959
343.2922665 -244.5761512 -511.9685479
-280.6656134 -107.9018033 -412.6421206 R
-10.85186602 465.1121807 -318.4970396
-467.6684581 530.7185544 151.3605507 R
157.7643878 194.9811189 478.7691508
-470.8269472 205.1689113 538.6025839 R
391.1521241 -336.5521856 102.1685345
126.1683376 -300.0512805 452.1279403
-376.1565473 525.2743081 489.6538725
-283.8807463 -286.2732513 -121.9856157
30.36811025 499.3448376 -316.0295308
443.0180425 -234.769605 457.8081551 R
159.6414783 -160.9933878 262.9770996
442.6085108 153.4600439 -346.8301552
-310.5428166 204.3547675 504.2912538
-23.25672771 183.8182925 -95.72632587
434.3555052 -87.67654119 373.5129998
2.404858971 -325.1230469 -146.0660897
497.9593061 102.9994705 45.25177808 R
25.8477895 150.7880931 44.67675306 R
534.6682886 -131.7595152 -66.84728832
-212.216587 460.1825078 156.5124108
-243.8357082 167.132342 -401.0344472
455.7021708 -165.5541511 21.41769063
-464.8773235 -56.27621646 225.8676672
-423.9777037 -493.8466077 282.0725268
-437.0807096 393.6190605 406.7848078
3.981395275 100.5050763 448.9888227
460.6775187 84.16319912 102.7317326
-286.6013876 -312.1329967 -149.2489633
437.5469006 -148.6809276 157.2984924
249.8603079 16.66636459 -108.6887801
511.089239 -294.2074702 163.4011154
91.60820307 -246.6651973 198.0239195
330.8956179 304.2073818 -227.846235
362.395649 0.8733667061 -12.87868077 R
-326.1563328 -464.9567049 307.4218987
-240.2918924 -316.857396 -155.3600487
90.0247215 62.83662409 -85.5324101
223.2438714 -24.21393691 280.7131971
-472.3193814 -512.9496031 -357.8013868 R
-458.4771026 88.31668917 257.6235697
162.420792 -440.4340783 72.68216857
81.59310634 -175.0959254 -423.9160874
41.97273534 257.5615386 -434.5205561
24.03233784 215.9091636 -457.5357202
-333.1175953 248.4815572 -89.99930079
63.39353069 -111.9560502 36.21191811
-28.91111414 -82.12532174 -544.3780254
101.9005424 -481.6817145 -15.56839846
-296.2499129 124.4220776 -145.7293741
238.56797 -189.2399672 -455.3820423
-55.09647783 -253.0464272 -105.4251713
109.7381872 260.9863391 485.1344116
113.4850036 284.6503736 -357.2207699
265.983273 -463.1468916 -325.9014361
-155.7502763 219.7413505 -81.88566123
-217.0873451 337.0603989 -14.94798869
-54.88816056 241.6188098 -242.6984784
178.5599466 -218.6309214 -410.1833452
517.8407257 -511.050019 462.4997016
-123.7327188 125.8664129 423.8311981
-76.31781231 45.34276721 373.1985001
-164.9567747 -102.7947345 403.8606541
-375.0711316 -322.4007448 51.07740064
140.9856431 -447.670793 238.966847
-418.4220452 435.7292338 455.482573
201.8693654 -541.2102852 -217.7363081 R
105.3053353 -416.2546871 -314.4423197
143.169311 -462.4950533 220.5804154
-202.4532871 307.4929718 418.1949232
287.5468418 514.9277982 -262.0155939 R
312.7659852 -18.51603559 -371.3854705 R
410.2357582 319.2065896 -203.8469198
468.8221022 -423.4127704 318.9610278
291.2466292 322.8479299 224.3647239 R
355.165036 153.6556787 -76.2834785
16.73611104 -148.0720845 301.1734501
504.7199465 452.4300109 -309.0703237 R
367.5588259 200.7177446 200.6360007
144.383287 476.936008 363.6337973 R
-294.2160276 33.71074258 60.70299486
-183.5449242 192.835077 -177.68948
295.2110757 -124.0700403 -379.4322796
387.3853978 -114.7898392 -354.2725639 R
-138.2743438 304.1805858 17.86675982
407.4737943 159.8317928 466.9292271 R
-16.60960782 175.2561712 293.8218494
361.7304492 -348.7596136 27.82642815
247.0007452 248.5385265 435.3329299
230.108692 273.3593189 215.8605926
-242.096741 181.2251034 -171.0368649
-170.2739773 -205.9474212 152.6964594
-519.8930267 -414.3193253 388.5772968 R
-492.5769598 -145.6854428 -284.3394763
-224.8181371 -273.4180817 235.0791249
255.465438 499.4490512 233.5690032 R
-75.82143899 182.2258751 -300.1746685 R
279.8933044 -167.5639186 -246.2793346
120.938334 -292.8742384 300.5721642
328.3998606 181.38177 -540.4631219
-189.0840298 267.7613888 255.5230698
-457.9796136 -159.2710049 168.4255718
115.399853 245.2204233 155.913244 R
-473.7651368 -83.68286533 -476.6862111
362.1664796 -377.2169819 525.9087988
-447.632294 354.0193724 -467.969811 R
-72.07902632 49.70546187 540.0312896
-185.8514777 95.05180209 -117.2940701
186.1223736 232.7966232 -410.5100298
416.8744649 -167.3157551 325.4925139
4.002530024 -175.4537562 499.2236306
416.33039 390.4500122 511.1161997
-183.9840602 -116.4473795 394.4400622
366.5146222 -290.3507484 354.5456829 R
36.24168144 215.0733182 464.0917392
471.7734846 100.9482631 -278.3706803 R
468.4611242 -54.28656402 -504.4507376
400.5135925 284.0110641 377.0474465 R
312.2948852 -123.0416004 -82.17773734
438.7879463 -379.7276065 211.3065513
-399.3555297 16.77687308 427.6881592 R
-169.013777 -238.2486432 -513.0202637
510.3747474 -61.1518496 -55.01234631 R
-227.4995546 -429.5199074 528.0715531 R
145.8286053 -276.0263648 9.858826131
164.5750486 180.0390489 -129.0741146
104.278974 -294.5177898 -293.4799115 R
-274.3375636 506.442518 52.26869823
221.5196914 149.0266431 -75.67247731
-190.9789288 -421.7529099 389.7351448
243.473015 -321.3003375 107.9388666
290.0767448 -530.737212 -127.9238211
543.5670648 279.7442792 36.68239957 R
324.0848148 -170.3232362 391.5856644
32.09666133 -368.1491687 329.2330467
284.201956 -250.5758361 43.31279491
453.6402975 61.58416986 -19.67175878 R
361.8598189 536.1294612 364.3726061
10.06543193 223.306382 -408.9906967
-125.4306162 43.34023754 -453.9958616
-507.228279 -386.159416 85.29022593 R
135.9926999 -392.7011242 335.0630438
-95.92134214 204.7097773 355.7425901
-380.6248154 147.987041 -72.09029342
-265.9982656 -278.6035841 407.8296666
-380.5844188 460.3130275 451.4393264
379.2235076 -508.6125933 338.8980498
-276.5159464 52.20868896 -428.2243241
408.4249738 -385.8261138 -9.742663331
-299.7194449 -18.71230143 353.2954319
158.0320595 512.0694032 -100.3009374 R
81.08389735 71.01387363 477.8994159
-409.4205271 244.5692832 -101.7338423
-82.67882767 432.0910428 365.581457
198.5318005 -328.9614738 93.10699322
-141.9559348 468.2440587 -478.4892246 R
215.7418321 426.484625 -456.6515543 R
-154.8281159 261.0308275 131.9347898
198.4814214 420.8415469 -498.8962619 R
-433.8383388 431.5513267 -345.0914281
-78.30837773 -350.2178867 -239.5590399
-236.5634248 62.50800121 -59.27158829 R
339.8583434 349.1293962 -204.7937302
-323.3715097 171.0874287 -235.09672 R
376.0272786 -467.1442321 -390.8618044 R
-31.2780103 490.789864 -401.0704266
-37.11050177 374.557556 271.7818026
409.0245581 -59.39825264 -318.7989369
-430.8774819 266.702974 -160.9695336
-80.68428044 130.4221332 329.4239872
-510.2245336 86.72865328 422.2771574 R
-157.0505909 184.6237607 -112.9851869
-510.7263474 96.49179771 -321.4648358
-92.87865151 -63.35094543 -184.7511644
-233.6601565 -351.1787605 -63.30108928
515.499222 438.7420224 309.983102 R
176.75922 -379.732402 -505.741059
-372.3888041 147.1556278 405.4589801
409.0643074 -527.5406824 104.5952442
-55.01282245 34.98235126 384.1846852
479.9203738 -256.1275234 259.3182594
-515.9173081 432.2188857 173.4075659 R
-443.3943414 -400.5895675 -400.0553986
-510.2050955 485.1524247 -259.983532 R
290.7916997 87.06841701 102.8092803 R
225.4131272 -292.0099683 338.1695737
-104.8359017 289.1490372 -510.1855061
-239.8043883 -172.2150448 309.9932593
334.4120224 250.9096947 138.5891368
183.7924305 -127.5877036 -332.273011
-11.12241673 -33.75613021 344.8696577
-275.9180987 -48.43830405 239.9430848 R
-467.0393544 219.7010274 206.4388665
367.6754183 -140.9451294 274.2117609
329.7481948 24.38441928 -206.4056614 R
135.2759363 -169.5366586 341.5627378
-124.7239479 38.08279688 -288.915831
-305.6378517 -45.41629073 -74.57602711
-39.69141302 -215.6217061 307.816245
-339.0254091 -142.5003431 76.84438399
178.5076615 30.83834489 -224.1685064
208.4430094 33.45416084 428.2792105
-252.5842193 211.8474889 80.11131427
-381.674268 -166.5621974 -257.9645113
-396.3405701 -225.7262359 -464.1017253
-311.2460776 -342.0944988 517.8684983
154.9362074 -62.11222682 -17.65637211
-187.2987716 397.5307951 -56.60788468
-255.737986 -392.2213018 93.21187512
-490.6861417 70.55227055 401.8378827 R
511.980444 397.4284867 466.5886292
-235.9281342 51.41744031 -286.7423171 R
166.3745138 147.1714411 -29.05483811
-45.73909184 -305.0300358 -367.5639411
75.99269055 -51.70244226 175.4482318
-43.99607717 19.59246023 480.5422221
-183.7734052 -511.5166835 263.4622344
-184.4807434 -321.7870152 -382.7852512
37.36979797 -250.2639729 160.3544282
-14.96108943 288.900092 -26.03194102
-359.7230423 210.0258591 -308.0163987
276.5029893 168.7217327 70.02714672 R
42.17301517 485.1294591 -489.271711 R
355.433625 125.6415936 393.1984995
114.409258 -478.9894707 93.29024578
-84.19625464 97.98609229 499.0674399
-63.26693124 414.0349715 190.0444009
286.1822098 -458.5989657 381.7732976
410.7258052 172.1904826 -307.7814572
130.7419463 -358.893234 -309.8431252
178.9597685 407.4797441 -400.5815445
70.48009991 -401.4934431 -94.93374779
-157.7839182 24.69898813 -199.8142627
351.6215285 353.1515945 -214.0088774
-394.4440771 -191.261723 447.3497606 R
232.3673202 245.4338694 -379.393084 R
-501.4345567 -253.9059927 242.1966382
-150.2757075 -376.2973904 -432.9401259
384.1173324 450.5960252 288.6759108 R
-53.84254933 100.8207048 -124.3980998
88.72771547 -321.1264865 111.5110445
-334.5237102 319.6435057 13.58172596
-116.8543379 68.51225745 428.7109979
431.2453286 284.7479267 -506.9695193 R
305.7435045 79.91492433 49.29408315 R
-37.50740148 507.2289258 162.5436025
-161.0176563 -256.1072437 -63.01281541
-525.5793039 395.3106305 128.9356097 R
-211.0645082 195.9208672 -435.7010706
-488.8899623 -334.8760758 281.704076
-453.5116042 -278.3172522 153.5666534 R
356.6362074 -494.2043485 386.651736 R
-31.6598714 154.5170891 287.4701
381.178851 -472.3441237 -135.1502095
211.230487 211.2871598 136.5088998
153.5465907 -291.9525611 4.65488957
289.2344468 262.0431672 51.98098537
123.8385455 -43.84684619 123.6844396
369.2874156 -89.58720205 163.7966648
458.3132195 -200.5379419 137.4078951
-515.8131797 132.8216818 -434.127326 R
369.9234488 7.979621406 -431.1146767
-487.3319429 269.0099961 -74.50583948
-164.669147 189.0820164 -4.368952485 R
380.5171607 117.7619824 51.81104501 R
309.2668879 -360.8684128 -220.8335862
496.4303742 249.6738329 -240.6842226
-38.9088776 268.5245703 -403.399531
-343.0482681 -356.6863915 11.69446292
235.4830735 330.523829 -425.3288254
-113.5562372 -410.4274347 88.32968861
134.9949873 226.7702485 33.76219077
83.14913576 -89.41941564 122.1299763
-434.3554763 257.5200077 18.00328262
214.7769672 113.9771339 -484.0494139
526.6360826 288.4048757 -219.782439
318.5483932 347.1552706 -32.35341585
-272.8455587 -459.422931 -389.1662693 R
378.1020097 480.6173017 -473.8312157 R
-95.58959555 418.3384809 -429.8803035 R
-139.9310198 -93.16909642 101.9629953
180.898857 377.483059 98.39546628
-494.5005248 26.23960747 -86.23659449 R
233.5321223 67.07965944 -509.0934882
-511.0268405 197.1534716 201.7807049
255.9422319 -489.5564475 351.0116798
-3.423163282 69.48687127 -130.8367961
143.1405877 155.5110817 -290.8216049
397.582586 -119.4246689 519.2157734 R
-183.9576443 120.8610343 -451.7592224 R
-296.9761519 66.54873918 -263.5793012
475.815186 213.2084768 -374.0648666
-476.0757651 318.0237489 248.2653338
51.85989643 -170.882556 163.4965186
320.7839735 -126.0577862 365.4756672 R
-514.5721434 328.5797618 234.5155151
-172.0598549 251.2748444 -107.6819362
-513.480875 -38.0611064 203.5352747
-252.8338768 128.6728047 -216.1956658
-377.7578517 203.2596291 -320.615506
386.5229578 -438.1877839 -445.1174016 R
354.8179797 -154.1636634 240.2441147
439.7227041 -24.21551176 -316.931647
-396.291683 492.3832524 -296.0507317
257.8890128 36.94094219 486.5514886
261.5620775 421.871806 -71.62283534 R
-481.0128887 -420.7088472 -441.2939729
149.4051893 358.224402 81.54325743
-320.2326139 -151.8167642 -273.0943653
269.5432868 -312.9030592 345.8026019
134.000224 250.078225 -359.5202467
325.3019778 139.2472682 223.8094646
417.0663706 49.6058382 -491.4612882 R
-378.7007973 -199.1928183 431.1078547 R
-497.6740675 -169.2562965 162.1029219
126.3001433 -386.7009967 -95.95191195
-373.1549342 302.7509942 -127.5528799
-231.9953877 -459.537586 -126.9917255 R
-128.9552611 -388.9817646 -262.5622262
-2.719592901 330.9533872 11.79251685
82.77548462 -419.8381588 69.24370042
-529.9179512 -135.2510639 147.3637111
261.2603615 -202.9836081 -238.2647928
363.9136167 371.6873893 382.9958225
276.8554293 -317.0979672 -162.4286615
77.39854657 -137.7308786 448.6109489
-66.39754478 -384.4848838 -95.75741135
549.6842603 282.1776865 -348.7396837
388.8749415 327.734435 -58.80478223 R
410.3689359 -203.9787803 -467.4064785
-135.1388097 -432.1176307 115.7660952
240.4676509 -207.7583582 -374.5905325
187.7315295 -343.8001688 -118.7870691
95.37682094 -225.1985666 321.487143
5.06873387 -255.3609534 258.8176388
-412.3434487 414.6441338 -187.5111946
-232.6977049 -336.1266309 -6.709237584
247.7533465 -180.0123903 418.9436928
330.6360013 -22.4742377 213.5457836
-454.857534 0.7923825276 -531.6925066
350.3327297 506.1291272 -341.108179 R
104.4059208 71.87502148 80.3147606
-188.3293052 188.0908855 -433.1555794
351.6353733 -525.8766423 60.94717725
502.261187 -527.2111316 65.45136134
425.951429 -126.6127684 5.634088331
-345.3693004 -304.0344999 409.4599069
-471.6780243 135.8951545 407.1914036 R
237.1532609 453.7392197 -345.7899225 R
77.12013391 507.3617567 65.83911794 R
365.7420986 151.4970959 387.4064489
-59.43509494 -264.9589138 504.051368
-405.8919564 265.6283916 -196.858752
-143.7110922 495.7314877 119.4053628 R
-541.2101657 346.5410244 -106.3965099
-180.7244289 -167.1902887 -266.7166494
358.6097945 -354.1471163 231.234652
507.4242598 -107.3589374 -300.0130195 R
-68.42250547 294.851952 509.3377661 R
112.5330713 279.35673 -237.2139015
-87.23743944 -396.3326595 394.5623385
-485.3058199 -297.3545878 321.8752114
-459.4967626 -18.67447641 -470.5345342
-272.7922089 -473.0596007 11.22267524
-334.1893513 -200.3010234 -171.7316814
222.8459952 -108.8010835 294.9718747
151.0566291 286.1875366 164.530759
387.6164044 219.4977763 475.0409134 R
-185.079751 178.3722879 -279.5980224 R
-176.4870065 467.1515739 -438.4159569 R
-141.0537998 535.7256394 -233.2851153
369.940602 68.77607077 -123.9308726
-498.5016482 -77.71013925 -35.99923878 R
124.6007917 490.1605121 106.1627209 R
8.372779986 65.75840522 -329.3039123
323.8616511 -92.45932654 -192.7655336
-222.7027961 -146.4035702 -443.578337 R
-379.6375598 22.71931527 -449.7602507
229.4427406 -169.2421806 308.8369701
166.1277484 -356.5404721 287.9460661
306.5319838 -445.2210266 -108.2390021
150.5366928 -373.4044828 178.7814916
-517.0414963 491.1880219 -134.8887933 R
-257.6587727 124.7417292 271.1996415
-291.4375228 -128.6725564 -406.7351397 R
-506.0487178 -24.94186207 270.0456613
328.9595627 217.5214659 387.6948653 R
252.9526726 -203.0217717 6.818857801
-117.798707 -457.9267252 -496.7697873 R
-448.9804923 374.9964639 189.408507
295.7864931 -220.0249625 -363.897759
154.0181028 23.54924691 -371.5106421
-59.8961705 -15.37008357 -137.8915399
247.014165 142.347837 -508.4521414
-252.6181402 -98.58371114 -469.1209532 R
-343.7756624 380.6424989 -413.7891992 R
-211.9506841 -471.4574021 -15.8079908
-504.979551 -96.93423948 213.1094398
-72.1568117 253.0158818 -91.31276312
-447.9002391 504.8442615 -490.5374537 R
-226.678893 -313.9566683 -237.8545354
396.6854152 386.2132214 480.1868656
-360.2148575 39.46315289 38.03853371
47.4795549 111.1039897 -328.3865818
399.2466549 -210.2951582 244.1901444
-20.45309613 -136.8575842 -489.453767
-181.8878528 -105.3102019 459.9492046
319.3042084 -180.5048834 156.5246974
-59.61718969 -458.5809547 375.3776771
487.4721206 185.1642683 104.5287814 R
157.3323625 -120.7096444 252.00885
-248.574931 -327.5983962 255.5369346
426.6929654 -344.0623839 183.9969853
216.3761037 272.3186734 -80.25268833
112.4119077 -175.032202 432.3659436
-412.8802524 -506.484412 5.641873792
416.3906723 294.9358717 -213.3995511
-308.3582959 274.9092675 -464.0699297
-151.3265337 431.5448192 -310.2467034
-169.8078892 -210.1956022 -463.3267867
-516.5779579 72.93323632 104.5781935 R
-168.0233095 113.3779285 240.2235236
151.8639785 226.3365256 181.4128388
126.9466805 170.5876996 -26.11689907
-159.3066322 395.7454978 -12.85244304
334.7732615 -391.4441073 -507.1394056
95.30530071 -155.6082115 -114.2123578 R
311.6455554 14.65626443 -84.19366308 R
-338.3469663 444.803939 -47.21479324 R
367.7471689 -186.2097057 -470.4342976
-360.1761215 -481.4691912 448.6448988
-469.6873043 331.510881 -28.17963004
275.2978833 216.9073679 -12.07560453
-369.3523838 -501.3840743 225.5019558
8.157936421 -448.8858505 -67.86166254 R
-502.8604312 -62.0089487 121.2229141 R
338.3406155 277.9464028 487.1195033 R
383.652538 -427.3405267 -435.4933237 R
249.898321 322.6950468 -72.95687697
405.7594682 -163.290584 -369.8103092
-173.3397329 -139.1873954 -364.8329819
-454.1404301 -269.0387784 311.377223 R
507.0382182 203.8001873 61.18074911 R
258.5533491 343.1573518 -17.72710785
-432.0496102 468.1171448 413.7073603
-365.1144292 -282.3537617 149.1584644 R
135.183301 -438.0447658 421.5121697
-120.5234286 -388.6776261 512.9040636
-271.0691818 530.8250172 213.4099231 R
-154.7722611 -395.8149567 17.88771923
510.8905253 18.08214028 -432.8404709 R
442.31639 -307.2499727 308.0803557 R
355.4147098 -373.7402043 246.982446
-513.5790109 -306.1751481 -158.7252968
159.1990188 -307.6640604 -503.8476927 R
4.031580281 5.025051978 -55.26880413
353.6210115 -225.1140477 263.3194795
204.5589369 -310.5052801 -306.2170116
87.73526027 455.4324654 -396.8557259
434.9118102 404.9008439 -164.6278517 R
45.48169762 310.3545983 -171.193203 R
-165.6879634 299.0699691 417.2639854
283.9924292 -11.9545827 -238.776968 R
-296.1543755 -90.3775928 -38.54639814
500.4473453 118.4989308 -133.1456638
-258.7078339 -505.5804522 -488.2975461 R
-471.5354729 -407.8063221 293.0253439
146.0689696 -466.5006163 290.7319915
-121.0171968 86.47408662 -336.8999117
-196.6740483 -103.7397095 -61.34646129 R
63.22154268 -18.80592038 174.485755
-309.3425202 190.7997251 -58.4783691
-329.6722527 -334.0757091 -459.4294396
-104.7147309 513.2767577 60.10002948 R
-102.6101138 -519.4295496 -500.4921357 R
176.0059655 262.5744777 -4.5099638
-102.172653 177.6224994 411.7004438
-130.5648553 501.3717154 -17.99490582
434.7930902 316.8054697 -185.779442
20.36682791 -393.6359627 -408.8246212
-273.5466088 457.6148476 49.44890968
437.4252743 -266.9633908 -508.8440344
-497.8825624 -16.68951833 494.6224201 R
514.6871217 -151.6267482 279.3514755 R
164.8247525 -264.3158269 -478.7709345
-304.4582248 -485.6333865 -412.0085122 R
211.3435677 -423.6929574 230.4267207
204.9267055 -480.3239845 -530.8045527 R
82.99126455 -480.853339 2.912163332 R
369.9007039 -26.92860056 -521.8219862 R
271.1828422 -299.6064707 -277.5643228
-28.42327631 405.2309509 249.3438067
524.6845247 -185.5208572 29.52739634
-310.4028135 -150.4341014 -70.4818139
-452.65441 -5.5796076 -390.0469308
-98.31561016 -121.1401279 436.0853153
-183.5524744 136.2960158 -166.9980389
-427.5009267 -10.09179667 -396.7864385
71.91817507 52.10919661 -374.6333058
146.6265578 426.1800194 54.95543028
-232.5520721 -58.06458157 -163.468702
114.5197731 78.09117092 -135.5198898
460.2921603 84.71420468 385.8058096 R
-463.5445462 55.69404829 261.3394499
-181.256942 69.36127295 87.97458739
509.0320087 153.200832 -305.5466599 R
362.6968837 -301.2483532 -368.8737544
439.055363 -325.2007883 539.0303522 R
-291.1713896 81.50577018 93.74570831
-367.527361 144.3404935 150.9277777
130.4873978 -415.4085869 153.9928555
77.24629251 -344.6424898 -165.3942006
168.1422407 489.8354734 -208.4958756
-548.643818 530.378625 300.8224942
517.8360108 413.4738278 281.7123194 R
-338.0483245 12.65562778 333.4061898
254.4703319 255.4377047 -66.17784304
-364.1324519 442.5557774 340.9394717
316.0574091 -2.328506108 181.3567487
497.0926481 319.8794827 133.0053871 R
308.7166552 10.74047467 423.9010265
58.09722994 -107.0380117 -173.4678652 R
-314.3836181 -417.7709706 -156.47242
-3.60924862 520.3599148 -241.6404641
-294.7263259 390.5856506 -305.4835288
146.3616585 -81.21418343 -189.4555517 R
-532.3219592 374.5210233 351.2953715
89.48293075 -429.0396787 -227.1381399
-418.8238027 211.3982386 -28.02186173
-354.4687031 41.93556623 246.6071571 R
-336.3937122 -246.9839304 -353.4347815
-331.1193082 -327.4013374 495.3650211
495.9987063 -145.0315704 -260.4557459 R
-522.0809579 -44.77848419 364.9884821 R
-346.9816026 94.01699776 -310.2539113 R
-195.4592327 490.5193307 -427.652581 R
-445.1153391 49.8441788 18.26426791
392.8689666 486.3501718 -345.7691007 R
-79.42133504 -358.0875349 80.78224299
-171.2593962 -317.5401614 54.66647417
140.2620726 359.9190263 189.1060472
-311.0125253 474.6666767 -123.9015585
119.7824582 -164.5562847 41.04487295
-65.70034457 -412.846654 182.1894144
521.5522423 -506.9254724 359.952561 R
350.629889 -87.36082847 -165.5254633
108.1611916 -351.5470287 359.02093
-106.820707 -521.6134371 278.4079289
-312.4272748 -393.0973964 371.7496798
-478.7931379 -381.0680906 -104.2481231 R
0.2254448262 -399.8142779 227.8114695
-149.9240312 -449.2335005 468.9011618 R
-51.03649206 -207.8266888 161.2224063
443.7149124 366.5735623 510.3064346
115.7495742 -7.432567276 -510.2367704
-24.41459697 -351.8606347 -348.8872666
-65.86442206 368.74188 388.3811965
163.5149624 -186.8364844 -288.7019863
-300.0071378 254.4411886 -58.63683307
-513.9646202 493.8145757 187.182231 R
-377.7747326 -260.1104236 355.4792291
226.602746 43.93730586 44.41359027 R
-215.1801323 364.586373 63.94630263
59.62680517 382.8937923 -191.8419001
-127.1367827 13.44055574 453.2685194
160.6484495 139.3037314 -386.8476146
9.172527367 203.6839365 15.36925955
82.76971334 35.87664477 -482.0306085
374.5888338 136.8368755 -485.424498 R
167.3466066 382.0580026 365.1208579
222.8643377 305.142672 322.434393 R
-368.0225371 -430.0947555 -522.647558 R
-495.6874035 -92.69099126 471.1861182 R
-267.2410673 505.1339116 124.1850187
-200.9167333 -49.76281084 -201.2394906
-430.4486983 -64.83716697 501.3444755 R
-48.91064381 -514.7847301 482.3398012 R
-251.2678266 117.0963672 -534.4121014 R
-50.4479336 375.7642077 298.6303511
224.249008 373.1251948 485.4517561 R
198.2745066 206.7672754 -237.5774324 R
-196.2416687 -157.7175108 303.8349582
109.5970203 269.2139649 329.7223673 R
-394.4316346 19.03099957 258.9681517
-495.0882154 -177.2335847 -398.4410707 R
-417.9958677 -370.4077218 -503.7352601
-93.41159312 -330.7424938 29.34392228
453.163779 416.7001343 -148.8904207 R
248.0368875 318.6510073 25.0199413
494.3439149 416.6124633 385.8097929 R
15.38848415 317.3915596 -354.7957757 R
326.1556835 324.5362528 -446.8480646
315.5272946 404.9404203 468.774252 R
143.1200095 278.8877493 -92.32431239
-497.3915542 -273.7586404 -448.2830004
239.5788735 -307.2004961 -329.5145401
-23.76568971 -193.4307638 75.60630634
-326.0463575 -35.68504615 -38.52438256
325.0440775 60.00965163 -369.6339623 R
195.4298608 34.00447204 -350.9024066
474.8335367 375.5113363 -337.1236255
404.521275 -276.4294716 43.35017016
490.3250005 242.7256974 270.0124467 R
-305.4820062 321.5440148 -337.3578004
481.881074 -401.1656441 102.9451371
71.21932712 -208.7752307 64.84615085
360.9478695 489.5498323 -24.6831236
63.62724138 -185.3774449 -345.4244912
-210.0627039 -266.5899202 404.5146677
-527.1666972 465.3173677 356.3075782 R
112.4819008 484.8488429 222.5941865
284.5297961 -284.189277 233.1317371
51.92315809 -371.4434285 -371.2810809
-6.609593108 350.3547461 -176.4435168 R
195.1970689 210.5186739 326.4685495
-257.150276 228.5017555 -218.8164916 R
-384.0268691 94.04193518 59.28107946
3.198203244 182.8220332 110.6107637
141.5567039 -361.8944641 -217.8308471
393.4537297 -401.1409964 237.9379876
119.7255646 157.8772471 -203.9991999 R
-91.07620759 -94.01906945 -104.6543172
388.9582637 448.5436274 495.9304587
345.7780268 52.75063001 428.4570776
-304.8613041 174.6321739 -302.0770246
-295.7858709 -236.8312213 110.3194193
519.565359 -145.9243497 -137.6675321 R
-423.8084464 466.6457517 158.067954
-350.9367387 -248.4200476 370.1684821
402.4503878 158.2970526 -426.0046701 R
186.4271169 214.0394846 314.5984924
-530.6803951 -60.14576496 403.6492155 R
377.166545 90.08103243 100.6349067 R
-35.3012661 -154.5830168 -190.7213027 R
-13.13625037 10.5926637 -113.9445105
276.0013632 458.7152507 -346.3661043 R
32.75572575 246.6301494 -381.2817342
-107.1100203 -379.8680936 347.8969116
-0.3653021999 441.2877339 229.2813457
35.10322924 525.5812129 -402.1568133
93.89668345 217.5558433 -187.157818
83.99411428 64.14711925 -285.0822733
32.68642149 455.7842017 217.1041514
-160.1585114 314.3718128 -226.9962378
-241.3389249 -421.6352028 305.6491641
140.7471157 87.89346679 -84.48993044
-115.8696281 -141.0947646 -245.2722697
-167.5262241 105.7372227 -143.5704174
-153.6123666 -170.2514581 258.1925463
186.5429606 -67.72845131 24.88541922
166.6213904 -399.8642184 -99.21642822
-171.3762601 -259.7715861 6.064150551
93.08206595 85.38070515 467.1201509
403.9292331 -248.5648247 412.5608629 R
-293.0520803 -75.4679895 -127.9270009
304.5907667 -1.087001292 412.1338825
317.3534244 86.45550084 494.6001264
-410.6668078 -119.7750799 -377.6842737
273.7298758 514.9554372 -269.6687785 R
-41.3273867 -41.7140086 -135.3394037
144.1367335 -322.1012021 -9.833157232
-525.4650664 -216.5642544 -10.61030292 R
29.68969671 -35.41169917 -312.416447 R
26.25025844 144.0183744 -454.143196
-432.1540596 517.0373024 -202.4683876
-498.4647708 -228.1398671 -288.1260512
-119.8945426 445.448614 -89.7673241 R
481.5538685 -327.9312343 307.757661 R
87.37478077 72.74969494 354.9512178 R
-31.01408187 340.930813 -401.0630808
-27.31157278 326.2923692 -258.1932261
-259.6032113 -52.45850552 -4.971157351
-402.5222417 16.08457352 -111.9544749
399.4868476 105.0023846 -7.950461311 R
-194.7821892 186.5376052 -357.3550262
350.1029814 -350.5938772 145.7378276
-79.64751537 -525.9083665 358.1761599 R
-31.66795395 -156.3514309 -91.88987128
-313.3855575 -70.2250938 157.185193
-6.660705913 308.009185 327.9209535
-55.91348049 461.3817486 -101.4022489 R
491.2157154 -80.61851762 -408.263195 R
208.8017805 511.1721869 -49.58386555 R
177.6834171 -497.7332109 497.1197464 R
-211.6952997 -41.70280682 501.1835201
-418.135406 -301.8372002 218.1280763
-294.7237524 -465.4094451 40.96560315
-164.9460125 -318.1593268 -133.4259619
-433.0705008 525.0002603 -334.8675981
37.25103849 159.6009119 -511.2808054
-287.0448592 364.0873785 379.0345099
253.8693169 279.4587708 -364.8228342
-291.776394 60.06561895 -483.6231416
187.547629 -475.0342793 378.7884157
332.5894408 281.4671619 -268.6300775 R
210.7250117 -80.27449184 -490.4045564
-472.1925867 -1.749658468 -46.41048134
-399.1491663 -513.9748048 17.78749837
375.3455803 153.4690912 259.0563349 R
29.15095838 360.5654715 -235.0135643
-183.0466988 -270.4633144 356.242773
-449.6339864 -423.3501423 293.4582183
276.0440708 -347.7958049 491.77958
-224.3268193 434.6582353 -1.395214678
30.7154823 -342.3689276 397.6275796 R
224.8927544 495.2012193 405.9933024
-470.4568337 -414.8259658 -31.42123869
-18.67829546 336.909048 -252.7796915
228.0324753 216.8606377 261.5949451
-407.8225527 289.4163493 -103.4404097
405.6840982 -22.10729098 -410.1354978
86.19393646 -221.6830152 152.2305814
289.3620073 -413.5689574 95.35609013
82.21557453 -88.54886512 372.1093804
258.3925424 -367.8607505 73.7088868
77.66438387 -8.241227072 -306.9015416 R
-66.31464809 -108.4571644 3.96357751
-347.0797186 401.067648 -165.5205301
339.129186 -232.2356107 -536.4570857
161.2086037 -337.8591071 -128.6272931
-348.9199104 -442.3475862 -227.0215887 R
169.9271887 -98.26816692 212.9202707
-321.4664195 -463.6719441 405.9117603 R
409.9936852 222.4933916 174.0327091
179.3311407 -354.8624557 -187.7479474
221.4151155 519.384831 290.4322467
-409.6314871 119.2238889 -13.121761
248.2833336 -473.5426248 -291.6542746
432.2452141 -145.7606905 -92.47809291
414.3150091 528.3125596 -359.0802406 R
44.2147353 224.7687388 -338.151159
-324.425184 255.0245163 249.8729672
81.36905652 -51.77831407 167.0623788
-504.4720437 102.5838932 -315.1173404
-269.9381748 352.1544578 -38.7215193
149.9761828 -366.3456931 113.5829503
-108.2873021 360.9721494 395.9987321
140.838361 131.7495348 -267.0051655
-247.9097075 -282.0016879 524.3837927 R
-370.713213 -264.152135 -361.6150269
-225.965121 444.1089536 -286.8596517 R
-296.4813006 386.079956 12.46034597
303.3516268 -180.1602995 23.71207633
158.1071344 -332.4665207 -175.0158558
353.5163947 109.8354465 -185.7377804
-229.7656127 13.43702966 416.5563537
-126.7111311 163.7578462 -256.0473633
225.3554561 207.2933612 162.7146816
528.2112157 374.8859924 472.9754389 R
352.188837 298.0948864 312.1566299
409.5226369 -141.9317122 115.0550825
-192.0301717 302.4384984 130.4773441
451.2894415 464.0598545 -55.77945222 R
297.5670741 -306.9887978 268.9137128
-81.25292826 -321.6636891 -379.6468409
354.2397143 62.20128321 63.31554773 R
-494.1650343 65.91348354 -191.0701744
-451.3703921 -206.61157 -291.4834491
-471.4273659 -193.6723856 -260.1510903
372.0113757 -164.5054447 9.63527067
-202.5431433 33.84664906 263.7096209
-175.270117 326.9759871 479.8529086 R
-179.6272665 -167.0838553 281.2078294
-50.96657017 86.93132156 -279.4219492
300.1744529 -399.5265038 450.891637
-227.6283434 380.7746457 -52.90424738
388.0876481 486.01852 428.0128234 R
-301.8317049 520.2178273 -71.88974524
-325.6203402 517.1061615 -31.54333084
-270.3419842 -122.1606834 -18.4138965
372.1725362 -343.3923042 -508.1239189 R
-299.7509289 109.4394436 289.2237069
110.2794621 -409.5604392 39.83180284
-335.4478765 -27.71747418 444.1755738
159.8874249 417.5416431 -55.3264438 R
424.3741748 361.100328 -7.901294862 R
-32.71887537 393.3046997 138.8931086
-317.5532387 -394.8533397 -500.4175755 R
-379.9354704 -181.6807692 -310.8653308
-499.9559294 -205.2295897 -302.3735145
-397.4179395 -293.2185484 -54.93843927
-25.89435849 -357.5770169 505.0283424 R
322.0035183 449.7220964 310.6249548 R
385.5425998 -222.9756736 -398.1245531
-151.0687153 -79.99025602 248.9934507 R
-223.5739844 265.8851128 150.0079276
-429.49001 433.4026655 -114.2465309
387.4535349 -175.9522888 -423.1415916
22.30241481 466.8794797 -43.20041594 R
154.2373921 77.63433241 -136.7853378
439.1542346 -468.1161861 -419.1708097 R
-217.7615487 272.8314372 -484.4193653
-459.9157124 456.8985523 -116.1412306
124.0464786 -399.2013654 133.5201622
471.7845427 98.45295746 -76.38638248
-338.0484503 18.30092336 494.7583253
-158.8703603 -167.9540148 391.1361005
286.0753287 155.6166979 55.72109661 R
173.4620171 131.9447489 -45.41032739
-199.7569421 -30.92768027 311.4115634
416.1019225 -430.5801412 163.8821193
110.4867642 -405.4347522 241.1474397
264.9732341 306.9969202 -157.9226211
-231.6974127 -159.566528 20.0599235
312.93771 391.6146313 188.5917965
-366.7610157 -376.4075233 -184.8309595
-152.2484546 284.2739059 243.4458229
354.9503733 332.9118956 -354.764117 R
378.4683673 395.1891672 490.662514
-454.7134167 -138.0113969 -224.2214151
503.9649136 -303.7121521 -514.8962252 R
-235.2700855 512.570697 181.3607063
-96.76657037 190.1437701 338.6163061
-255.4523652 311.5887349 -174.9425903
-425.0012422 533.8218362 208.1440681 R
-114.4107637 -157.6750949 -204.8938519
127.6250307 -149.7420285 526.9574529
-486.483144 -314.1405279 -178.1405946
208.9791029 109.028259 170.2747892
171.3620375 -127.1883519 246.2186092
-421.8187307 -528.3809727 463.9538146 R
-12.96064067 -291.1985272 515.7373022
6.672582419 -503.0465816 -52.1958149
296.0584763 -69.00172273 299.3725348
-135.6797664 -35.19093985 -378.8870429
357.5125433 -162.5638504 313.0786714
210.5584429 201.7863033 -108.6100133
-24.46019196 -179.8038424 419.0785894
-411.892042 -21.56302912 -146.5984652
-160.8289823 -394.4404365 -488.0148406 R
231.5803236 245.8470925 -478.5345195
197.678126 383.3771873 -184.1011652
-107.404446 124.7023606 -470.6320531
-383.638582 -23.83882539 -252.8333646
-362.1771557 -91.85356895 89.1247044
-306.4592191 -404.6407418 -354.8364215 R
276.5765546 -137.1396836 -159.1173786 R
-107.0954181 107.3465878 -259.9156903
262.0281118 362.2397529 197.5121125
236.0342937 192.8632007 -62.94991291
-324.4377955 448.8272681 -433.3409391 R
-110.5434773 536.6900491 452.5649933 R
-383.6306541 181.7893429 167.0015684
540.7659495 188.4263003 230.3676389 R
-128.777794 -415.4932519 366.339992
-257.7604493 282.2961353 225.2800361
-443.9977175 -397.3079664 509.1623335 R
-397.8685338 -320.6441333 -82.54461868
482.749364 243.4832664 -483.6364219
289.9187153 485.9527148 -22.97323094 R
-457.4733104 48.4372643 -4.086042346
497.4363207 -238.092061 444.9780977 R
-61.54150116 -167.4501583 258.7442981
-177.6198926 -278.1534042 -522.6129777
453.6981005 41.51167327 -22.6626652 R
85.58032454 -308.1514288 267.5516108
28.35243062 -426.050956 3.614329704
-69.96841503 -327.6464392 231.3317416
-320.6462644 -82.28106061 418.888323 R
412.9217101 -308.1287028 -135.8440498
-332.8560781 -90.26103355 105.6217766
-59.39577642 -278.6231763 -42.6906697
173.2640032 -297.3029054 99.79711442
-264.9111699 -480.6929079 -200.3588273
-396.0798088 48.32052366 495.9031898 R
-174.9478849 233.0681558 -225.7300527 R
435.0449737 72.46231293 255.1806007
175.1782223 -503.6173286 16.96931065
-289.3254264 -465.7364966 360.5431767 R
-383.8340655 245.3083464 408.5676655
-501.4060576 -354.6306632 -383.1546773
-469.8517822 -262.8156196 223.25863
500.9128247 -533.5743266 -421.3688924 R
-417.9311137 -331.1814091 -342.2682923
-495.2315099 -98.40733479 216.5507783
357.8179212 -344.6589764 381.7461134
-127.7483317 -210.7387578 -451.2995705
170.2912148 226.9938351 -418.7813044
-442.2747579 -402.4631932 410.0633962
-419.0779384 -395.0781023 8.010497882
-77.56341265 230.0551015 132.4735856
-453.6627082 -94.96961297 -359.6261123
46.81244757 410.1815951 501.5997879 R
3.322302394 -497.5464998 -513.3844322 R
-264.6885603 479.557144 90.47350233
40.54175952 509.9482927 162.2250647 R
-413.8731884 -198.2278823 26.49096018
-19.49845406 331.221061 167.4737078
-28.6741135 316.4357393 3.513923213
-289.5263293 -264.7254595 -399.660417
-403.1426669 -97.91811407 359.4858286 R
-380.8853042 -178.2347522 -64.69485392
152.334067 299.2125225 -439.7098652
74.4477046 362.0621517 -148.5809424 R
-14.91488837 155.508914 -141.6845783
-20.0546249 -297.9564293 481.3518448
-298.248375 152.9659223 -328.4135063
-152.4797409 -339.7734816 -321.1539903
130.8688673 -319.3123067 344.0400503
-236.1732129 311.6219542 221.1365668
-408.9713804 520.8574482 -186.3513244
-339.2992506 -92.17612082 21.21260675
507.4974876 -316.4891611 -145.7972375
-325.1870962 238.4516996 -245.7911025
269.6800225 -129.9423462 209.2261701
-368.2769574 295.8587841 70.28943694
-342.4693306 -122.8485826 7.69018867
-172.837573 350.0460528 71.23562301
452.3807462 54.83235627 240.4448608
-303.0736885 -446.9762693 -243.2390224
-419.7164231 -295.7565306 342.6676246 R
-489.736644 -8.619828206 90.65593977
193.2642378 353.3767945 37.20743252
42.3821968 63.87343291 450.7165813
-136.438816 -281.8942761 -188.8019736 R
183.7380065 475.6619965 477.9518838
-119.835026 -105.4701544 -276.3604237
481.3637548 139.6247175 -275.9367043 R
-69.36878668 -374.9019122 -170.9296968
-383.498231 26.52848051 463.5819622
190.0162315 -39.36230684 459.4535953 R
-354.4592531 71.29199033 32.87307651
368.3957469 169.0101802 494.0723965 R
344.4025195 -16.66187512 -231.932972 R
173.6821877 338.9256194 403.1183029 R
-473.1365947 275.8794695 -137.033908
500.3862427 -243.6781985 -118.8782192
278.3584461 -442.3357704 241.7699185
-223.3971095 332.0888856 -267.4674109
-94.7839974 276.5417171 -521.5118748
-48.32772084 -126.4141974 204.238252
-199.9962488 511.5590961 -357.5167052
-174.9612948 -72.99735375 443.5580109
84.50319169 227.1687641 -308.8585237
-136.0097256 110.4122854 -252.7482555
-365.1920063 -29.61445739 319.6055652
497.3726551 -344.9529708 -286.1021403
27.65591352 -236.9860126 -151.6983364 R
-183.1399866 463.6449265 48.56806048
-137.4810093 -415.3449642 -223.1703695
23.63028474 -139.6766008 -335.3961693 R
-438.5606191 -503.0437428 422.5161386
174.1775108 244.0705806 -392.132234
403.0676561 309.9187217 -332.5277826
429.6731623 142.1269233 -86.63394115
256.7377178 153.6000186 -37.10224038
-337.8123331 -364.8807073 334.2378363
287.9482868 39.37035982 -200.2729184 R
276.8772454 104.4092902 274.8546369
26.26599244 -38.26909883 -366.6686958 R
263.6906753 368.1548969 190.0621491
-452.4479386 504.356243 259.5221476
-394.3828095 -196.9020679 -390.8569292
-76.37441773 -102.142836 409.9547853
-245.178555 133.3762595 222.5164705
204.3276211 -131.7597673 7.18652023
-489.4423823 144.1051539 416.8056304 R
458.8127605 -39.54320498 -471.3756984
3.211820997 -37.80601582 543.638985
-376.9730508 -211.9947482 -225.2634846
-246.5581965 -522.1361073 78.09752356 R
-125.6457299 36.04481926 -378.5625783 R
480.5197507 -422.3000967 245.9101303
396.3037211 213.2567482 -302.5774734
-27.88188255 39.45333431 280.4100811
-179.0871625 257.2934794 257.6279577
-186.5437502 -125.9984316 -274.7283399
203.2909562 -282.6342358 -155.5086896
517.6509427 -143.9857436 -365.5275732
89.07059535 349.7429057 61.38679793
-53.15398764 82.12151914 79.63308132
-291.5854992 -505.5518573 226.9793876
229.50379 163.582238 -460.2004812
-381.6678693 -278.7147004 101.6840404 R
501.3800907 67.34713681 25.71015365 R
-301.8160564 115.9030596 39.54279374
121.4993448 77.47471733 -411.9687556
391.1538166 -454.7229315 -131.1406419
-542.4450371 545.8509804 -437.1908085 R
-246.0692809 -301.8591769 417.9775349
-187.1575268 -250.5750111 259.0796814
-316.4396845 224.1214049 -433.081066
-455.6984282 225.6709934 193.3082531
-36.76426669 -221.2672036 265.5350391
-50.34915476 -480.2316124 -271.9222684
-190.322382 -406.6037744 -436.8214186
-320.8385061 432.6079971 324.9879152
-451.6689924 -408.4503152 -488.9739852
-343.1674353 -331.9808993 -280.0238815
258.0701996 344.0374314 -264.4575004
507.8812494 81.99893149 -151.3744967
-509.2072478 410.5739141 25.07729609 R
210.3887153 504.2995134 -223.1441225
-330.518847 -70.65173936 -120.971746
249.4904262 -67.48758392 -486.7179123 R
250.9291146 154.596553 -250.1576623 R
-515.1124802 -427.5581476 227.5462755
83.7944089 -340.8643536 220.8967165 R
161.764582 -146.2355545 455.8074163
-365.9207744 -300.9216816 -315.3132287
-134.5458961 262.8801577 -162.0118433
-370.5675165 -198.9106634 -124.5651865
214.459919 -391.467269 -549.8381084
256.580349 -326.421755 -79.04509398
-100.0723238 -196.4214704 472.7814293
340.0075038 -423.6466657 6.177472375
257.0289577 -386.4957809 -236.7524406
188.9043756 -324.121125 -430.4868619
138.4565467 -180.309756 -387.8890301
-60.39893404 443.918312 250.878962 R
47.44883723 -309.3709403 -387.4981861
-420.2711583 -358.7034295 -105.8266714 R
462.6576633 409.218477 -426.5474841 R
41.96721235 -487.6297727 -143.1143576 R
-248.1878253 -407.1471538 -279.9421371 R
-436.0827773 442.489616 -347.2222689
116.9885623 154.2732788 -149.2041352
290.523027 70.17768572 99.34873571 R
-390.3062433 186.8313242 342.7783914 R
464.7318932 -430.6204683 140.400084
149.95954 -154.6233245 469.3209822
-118.4229617 304.8432026 189.5236828
-399.1245135 -56.18995747 -200.3663826
278.0392977 -75.55303612 160.1832055
-69.84091926 -394.5990117 182.4598247
-423.7780846 473.3152973 485.17071
-452.4870115 417.9513143 -455.3603624 R
-190.4066352 265.7289155 419.6850999
37.18641063 -382.5781609 71.83990985
-179.8334781 349.3774453 -409.1115643
184.37652 -331.8677088 -348.2417283
-348.4763757 491.5683017 396.3149325
523.9940361 -133.4860457 274.6002169
279.4972984 -384.373811 -449.9385793
152.3907491 436.7527263 -95.95860814 R
-409.2984753 278.4453906 -249.6394807
54.80363205 499.6662475 -420.555589
64.86474881 472.2322592 -84.16809746 R
-368.7459649 -328.4415723 272.3977889 R
398.7782637 -34.71507231 210.4016423 R
-442.8147458 230.4313289 105.9697413
122.29148 49.05278323 472.2857618
-448.3151088 520.2553108 -276.1504487
365.690861 -475.9880628 -175.2323183 R
-227.9669868 389.5333037 -89.23445995
216.0148058 -238.1110916 314.0822921
12.15416205 -465.3850937 -259.7794551
385.4633014 68.29846305 -426.9058029
405.2822384 -82.86189009 82.32340295
-204.9995095 -242.752208 -143.4636532
-119.3577963 -441.3058265 192.5137206
159.6133931 -259.9769727 40.47650915
-222.2395125 -383.8510341 105.8272393
-187.0212632 -185.4645121 -462.1356791
-416.0203364 14.49861568 146.9636659 R
-188.8457729 128.7669585 468.8301703
373.7241898 -147.5848187 -164.8995048
-113.9178683 458.9499703 22.70265357
-214.5757616 193.2761062 -78.37021752
-371.1831438 -412.0903585 -333.3840562 R
326.445876 -391.6045914 -295.675523
-319.626788 397.442768 388.4453419 R
-78.03438903 214.1458424 202.4328916
409.4307402 206.7933757 304.4220946 R
229.6403216 176.997023 459.8763728
405.5602778 -318.6141274 386.2382842
-450.4140882 449.861243 -132.0968058
181.2673783 359.9663064 -216.5188674
494.7807974 349.7465902 523.5503413
-331.7808484 483.6393211 503.2331701
276.926092 -501.1383998 -38.22420121
238.498304 163.9187757 -59.49815628
-481.8499611 259.8083755 341.5518495 R
-224.4706885 -64.46025819 -154.9492588
-26.15101211 -468.3323081 -129.6970292
154.0845743 -432.8428023 366.9413023
-324.9966777 -66.55448101 -141.6414121
139.9602321 -220.0924498 -401.3083804
25.41706969 -469.8495746 -180.3418919
-167.9113638 382.1605463 5.956443343
-22.43800279 351.2156023 -164.6333771 R
288.173951 240.1980928 -169.9930996 R
-508.1980588 364.560493 264.4790079 R
-277.4406622 352.2282115 81.65463625
-486.3882485 329.974742 -349.9001467
494.6165292 404.8007799 110.6734728 R
-336.8954344 -166.1805138 238.8149662 R
-487.7475545 177.3383369 486.5475941 R
447.87125 137.0682949 338.6538322 R
315.2955896 234.8246296 -64.6740818
-125.7683855 43.12400811 341.5563579
247.0423782 99.33885505 318.0264871
380.1307558 -20.0062637 28.53756365 R
160.0935807 339.6556963 -184.2428896
11.6070249 -77.76486095 -174.8836065
-490.1239326 326.7246072 392.2749772
40.11534101 170.9069654 -207.7765649
10.04662785 379.3735467 -185.7869099 R
-537.4902185 -521.4644794 167.3460324
-400.6656494 229.4915653 414.4688291
493.5826282 -109.6729632 -489.2050458
-274.2736724 -196.3783493 491.756018 R
-286.4010833 -321.1160646 3.376587455
520.5006366 -326.0268104 -263.4374542
-469.7882689 -277.3442689 63.4391947
-146.7592991 -155.3138344 -476.5951148
-409.6226556 276.4595771 -60.65039301
-42.10001122 497.2635508 -18.94068223
141.178283 165.7010431 -418.343795
383.510446 -306.6486091 -31.85966188
478.1226394 294.2355393 -108.6233631
-54.88400602 375.1134775 -365.0712373
-89.79798931 25.32601763 15.19337223
381.3669489 -88.92384596 481.2814105
515.0886574 223.1635049 496.8749207
-363.2644162 110.3429292 197.7678753 R
401.6780272 535.6890135 -358.853805 R
-3.217231104 414.3758964 -364.7657054
113.1072668 -254.4359518 -538.7725801
-256.3304894 -286.9743049 249.8238826
-470.8879015 443.9697272 287.4637995
173.3245457 437.3163841 -164.2299159
-16.33515216 -225.7671608 505.2013483
-62.62969155 131.0253167 82.80274859
280.4474337 -483.0784382 -66.66056915
-146.6112521 -266.201768 -79.47921786
-247.2290185 390.6942689 -101.8708052
100.6302183 -379.5662297 -242.0312966
388.227772 176.7054436 426.1654751
31.83286579 419.3453875 -129.5192028 R
438.095629 548.826908 309.9784528
-306.1162102 396.9845321 126.7908345
384.5272926 336.9935627 418.1330392
-47.0389253 -62.98421342 402.1926909
290.5475414 133.1227049 -115.9786242
139.6243526 179.9379734 -22.61739099
102.5553398 -223.6919846 122.2065489
-450.8103815 -318.6246502 -390.5105462
93.95272664 265.5414636 -116.1363786
-323.4822765 -266.2192012 -140.0367781
274.1335576 -19.38198816 229.2414544
-266.4580489 114.9457758 324.6422195
-533.9272188 466.3538395 348.7074051
-434.5458148 311.7447695 -363.0986796
-293.9462283 -204.125854 -272.7312333
277.299345 -447.0477235 381.7124155
-290.0495255 -78.302685 -80.01847381
-338.0451891 119.4833436 -192.3648396
345.1600881 -416.4404921 38.09862317 R
-468.2352962 305.6373831 -55.92661007
-76.90113571 -426.9491158 -481.9710671 R
115.8597302 -403.1424536 -508.9272333
-265.472556 109.1560212 -501.4657957 R
49.93253559 -344.2451343 331.6522969
407.2113236 -33.16573397 211.9623403 R
-288.5558808 -480.2879412 -490.7465413 R
361.4691543 -327.271612 111.2856888
-436.0067119 192.0344619 67.22740651
-28.20265604 -182.8325784 -248.9450723
-222.6953083 173.0280104 -98.68035492
-491.7108551 174.2809128 -142.1752174
-454.5101586 -44.756394 382.9744292 R
-384.2855861 458.2559637 244.3645312
506.776274 460.8040086 -335.4629564 R
-445.8185038 -343.0667825 -312.6045596
-255.3468857 121.2614777 248.814167
315.1097289 -122.4756341 -112.8830424
152.5857572 331.9280551 45.54742877
-406.5789236 -202.1452289 -84.76965601
-379.973886 282.1700038 206.3869765
124.9040519 383.8146501 -212.4186165
-36.63652378 38.89184734 197.306032
-198.5548946 245.2938636 427.8795025
-421.3227279 191.103281 -240.5991444
376.7689407 -396.1785843 -236.5761479
-452.4942897 -482.4676093 -489.7740032
89.70230167 -542.1280359 14.28425399
71.34146758 408.8810727 435.9408614
-245.0386773 -391.4107729 143.0466129
340.9219426 -50.18323193 123.9859113 R
75.87967162 175.7377913 12.90837805
38.62345247 -509.6429041 -213.4910387
-197.0856746 542.2614047 431.3150195 R
-186.7273518 -380.6670108 -272.1910263
440.5245447 254.4191176 189.2817999
-160.064631 -325.9890391 -133.1673083
413.7239626 -244.9327262 -37.858896 R
-432.8156247 298.3106975 480.7165543
318.5472395 -483.0375094 -8.571549309
107.370928 -391.5051709 -198.2361216
358.5426773 470.4447051 -388.5489622 R
-531.8618097 190.6071745 -207.4436289
-430.0857414 -429.5700526 96.06333033
173.9380943 -438.2206759 206.8164522
142.3394053 80.86893453 43.93345985
-295.4119002 -260.07864 -19.07001353
73.40400398 -80.50748766 -534.5178257 R
106.8137165 -511.4836322 250.3815278 R
-216.265427 76.81915954 -466.1482666
135.9532793 -59.67748275 131.4244741
-480.6801572 90.84309054 66.29633945
-3.071714871 382.0882684 -96.79939051 R
-377.7046449 -419.9944027 -131.5372156
-150.243972 -78.58904827 -500.2457323
-344.1985477 -263.8360317 -505.3192841 R
-257.0238873 315.6761664 227.2925312
-5.533524936 -140.8988091 322.4990906
431.547309 -323.7871841 156.9348536
-55.87571485 61.86105437 -229.6443961 R
-327.5159639 -41.85158678 137.5872676
-403.7320559 -391.103839 -142.750084 R
-16.30692543 317.4631844 -252.2684935
-275.7037975 322.3360484 -51.99282066
386.780214 130.9696564 368.0519403
-5.255570382 -322.0570799 -235.2406323
-239.580364 -402.0582796 -521.9677661 R
-259.05794 -484.198671 83.02566313 R
-317.561615 -204.63256 -181.5230919
-382.2391918 192.5122431 -294.7179737
-120.3207811 -153.3701436 -217.1642487
-22.67861794 130.5930446 -459.1211691
164.9588403 306.2641629 -24.95872704
-362.5914036 84.68100891 249.7043711 R
336.8255215 -124.6771839 -291.3108306 R
-160.6347924 -32.42348556 377.5400215
195.1893467 -414.6718409 -482.9611349
223.2137663 -330.4950302 -175.4385791
104.4888282 -428.4375807 -146.8774689
-83.64940189 337.467388 223.9528865
-370.4545223 -297.2540439 -239.8079711
450.4703879 266.4163921 -200.6103327
216.5322063 -291.892372 191.7122417
-134.4561883 -379.8656459 203.3952603
-134.4618419 197.557645 -173.6879411
-196.3106427 133.1986314 -119.8168554
92.52627563 99.79616916 183.6079209
415.4151566 377.4933998 -501.7022256 R
415.720425 400.0790383 437.0641493
71.97436182 341.7508421 156.8707735
227.1217874 -401.2435103 198.6562261
-73.73175831 -282.7924984 55.00614073 R
498.1124655 -39.23067313 247.1028777 R
498.8795325 -320.1984268 372.4240923 R
147.1802641 447.9104235 -516.2677168
-39.5659877 -130.9724081 455.3421433
-475.2941575 -405.8147514 -475.5027795
467.6585577 7.151767719 -69.6059405
-420.1024224 -431.2023688 115.3322915 R
144.7413123 407.1430368 320.4436441 R
-327.666052 405.0294222 105.1440528
19.98907661 223.663613 -130.1644777
-469.8541971 257.5234819 -170.4987317
123.9372435 433.6014101 -256.6957539
476.498053 -154.3665532 147.0388721
-190.7556802 -101.9242345 -121.2590084
-340.8993762 355.4875474 97.10707231
292.7857522 -203.2025201 440.7648113
42.67479977 -464.2628452 -199.2728344
-401.0189153 -428.4576252 -211.77534 R
237.4319578 196.6877636 486.2835356
-386.1236074 -441.2211609 -104.083346
66.3062334 174.3304197 387.6029949
-299.8744265 -168.1313343 344.6980482
-8.931495597 535.5221137 422.4072725 R
437.2640308 79.69591519 -392.3534928 R
-106.711925 486.3474929 -537.4722714 R
129.5958095 509.3550252 -350.863208
221.3407021 -34.78339715 102.9091674
388.4129712 305.7784579 -520.9152228 R
-31.09129215 41.8621436 207.0479823
-242.6641254 -247.2708211 -35.23202842
-20.54329224 497.9488966 -97.1479977 R
-438.0096623 -49.71347475 -453.4011983
-402.1272885 -542.8192206 386.8454222 R
-20.37403848 442.6589192 -101.9679831 R
273.5415879 331.5045895 86.21859857
-479.8671915 -255.9972736 -206.8811994
245.7764008 331.8484241 130.1843691
499.5150346 -6.937107516 -70.88193315
402.4097624 -18.01743588 -164.8101555
-108.4870214 -10.07810164 -10.08985114
246.3654515 -472.7837377 -442.3621271
-208.0243256 -167.4340105 48.57096981
-258.8596079 112.6636163 114.5714217
-390.4700586 493.5656775 228.0554407
-7.157056981 311.9699935 -444.425796
246.3088031 -73.5096723 -244.4785754 R
-505.6110392 349.7592982 286.0743355 R
-244.3348943 277.0830823 286.1536738
21.19681869 159.836503 387.4560372
-408.1712974 324.6196131 -364.8809597
292.1596652 -16.84228934 359.6765013
-310.8504069 423.5497066 -254.1682601
335.9084429 -393.6848129 -107.7418368
329.9753663 -330.948355 -13.35924501
26.71603895 -376.4621625 -360.2806183
-449.6893349 292.6620842 11.28901832
-24.17754762 42.91715235 24.29673909
281.8829988 -48.24402239 -18.66949783
-153.3539428 16.82698847 -508.0402065 R
476.8231105 -192.4833737 267.618576
355.8421919 43.13500316 476.2929189
-45.06190913 -130.6633584 -291.5120213 R
234.8900469 45.70824537 -119.5065193
297.7547552 297.6832455 493.3472138
-28.51703148 -438.8873387 -295.4137941
-313.7302848 14.69825083 359.615316
-357.6725776 -525.9401958 -344.2675605 R
-522.0873644 -432.5038644 -200.2667491 R
490.4364454 -61.16451197 266.7779084 R
495.7262813 -139.7989788 -450.3921297
322.687596 -415.5657149 -276.6184511
234.6568171 8.44778744 56.70492975 R
324.062186 276.2906325 214.1787562
61.57711108 167.6672409 333.4114119
-355.338313 281.1590462 -509.2307645 R
356.0532092 -131.0250349 287.1772676
-14.63510692 -272.5315582 96.37210241
531.3439973 92.9167213 -16.92032698 R
-246.971425 -498.8308715 -418.9939975 R
336.1806491 112.0523478 -70.36636621
433.6118331 -331.8767966 -21.30039226
54.53370292 -375.631827 462.3857032
353.5637473 84.04785531 258.827569
462.4982106 -451.0463338 120.1047253
-454.1021943 -397.9754811 -156.3430707 R
228.8950418 270.5137418 472.3645368
-266.77832 -208.871638 -87.28241073
-381.5410003 516.2960642 472.9872141
-331.8847205 304.5223159 488.7327962
-442.9549464 343.7621239 490.8259056
-479.9555766 -8.831562464 -500.490378 R
-81.91079673 -21.57927873 45.62649725
-238.1830025 -212.4334916 408.2274367
41.49031624 194.9134397 -253.3166394
-32.16046788 -265.7620761 -413.1645981 R
-370.7085374 -214.3490665 405.1863683
-356.9941051 -242.7785296 -432.5663009
169.5429607 -464.256368 129.323094
-188.7196727 209.284909 281.3719489
-90.08471595 94.13336292 374.5439387
144.2162221 385.7796339 -359.0382042 R
-131.0144246 -485.4274079 254.4976886
133.1451978 424.1199322 381.2102535
-277.4669751 -33.51387968 56.21443251
371.0390209 -396.5902963 140.0778851
382.9125103 156.8736432 41.92421357 R
424.4986463 -187.6142536 222.1841249
213.3151143 -37.38286427 -164.0751555 R
460.2107111 -403.9932965 -340.2574793
195.8263885 -510.2166487 231.0402808
-49.71295868 157.0419092 -506.9988376
131.2658261 287.3696293 18.43159643
-470.7718957 151.8888708 252.5965473 R
-145.8724393 -83.33442614 328.7087178
384.0031527 -308.7666254 515.6288444 R
-500.0969822 -236.9761402 128.5237316 R
-254.0555806 -214.6415858 350.1084269
-390.6518945 -325.2130036 514.4936061 R
242.4299258 -241.9001576 332.3990257
-161.8839072 508.9422624 224.0401156 R
369.8318544 -54.73189572 -13.68911151 R
-118.2046077 347.8437304 -264.775995
-488.8442978 -427.6611738 215.3976889
205.4131786 88.91829404 -223.8764654 R
-356.7568176 -257.3097721 -504.6945745 R
509.4150079 -513.3273778 -310.5518728 R
-280.2913097 -486.2521829 -49.39478977
536.9031325 389.5708949 -146.6509838 R
-160.4829642 350.4923515 -512.3648093 R
232.2199056 -359.8874767 175.6349842
-458.3550005 300.9284295 -321.9020184
-449.2318241 160.6363821 206.3898126
62.28655648 218.1909751 -76.187357
-328.2362807 -210.9348733 259.8436252 R
-358.5265799 74.59010824 259.6004238 R
-378.1172211 -22.30089245 464.5171309
-513.952257 -205.9257897 -170.4001064
-19.38626057 187.516033 91.65384616
-449.9811803 521.6207746 404.2071502
-457.7084877 378.423257 165.7238803
136.7167735 434.6169901 -300.6480688
-44.69515415 16.83373595 209.2672602
408.4390837 -257.2511221 -216.9106917
120.1132992 -349.9180636 393.4600454
211.5157511 -421.9398829 -379.09456
-457.911939 238.2882486 -192.0268279
-86.45194684 126.4184806 241.0594342
-100.603606 70.63873218 94.2037575
-425.6816898 341.2161942 -504.9753877
-204.2111949 70.56969347 -140.9325019
-235.9801882 355.1099602 315.4211463
402.7941267 -375.2858939 241.4126935
158.9641109 -389.9274176 -339.2031763
-507.1869086 -88.29253413 379.5570601 R
139.0701846 357.0416279 91.74376184
292.3514448 -338.2757955 495.8791073
-344.5909796 -356.7374319 513.320932
-245.4860964 223.2644303 27.75933786
324.4789691 295.9261104 37.70381752
101.467717 -375.2863016 502.285173
165.6286856 331.705605 208.4394674 R
-85.89542807 -183.3660899 -389.9461198
283.6698959 -23.08048005 281.3520243
-134.3046476 -116.604572 435.9633806
452.0638068 286.1158805 -425.5936579
394.2724066 -65.15525383 338.9336245 R
-224.3717659 -518.3581586 -207.1489609
-517.7961633 95.19554578 191.7394223
-300.5076291 274.1836904 210.2744739
46.406163 478.5754766 325.2211181
440.3882631 142.8358193 -204.7706297
269.8974359 -208.6625013 106.8154724
-95.3754436 14.62327931 389.5858298
48.26834464 47.44367536 189.039263 R
-389.2812549 -226.7257829 49.0187175
-487.1699979 -150.9890656 -186.3424907
523.2249786 344.543271 307.4631306 R
-223.8309416 35.9086774 523.0138667 R
494.5905493 -215.6599664 -504.0887817
211.2014802 454.8872163 228.7351063 R
-509.5742607 107.37554 -453.6905717 R
-352.3845717 11.04235917 308.1747991
113.148741 9.12349873 496.3691702
-505.162863 224.2059024 -456.4127465
451.7877572 -98.75925019 -390.9213381 R
173.5382479 -253.239348 -435.3530206
-253.1885026 -326.6581972 301.4949157
371.5005585 -293.6712018 -127.8995874
331.8768504 -361.7485138 -127.8605981
-490.5043004 -395.7511343 -3.092267316
-273.3734008 330.1660695 323.6247927
444.5301593 -170.3099633 426.0986952 R
130.2922587 -486.237429 472.1568601 R
-381.4063732 -3.024064668 -456.7156947
289.0092389 168.7790946 -327.0827905 R
320.5299088 298.0115285 -500.8403264
323.0495588 -49.46695255 278.7834884
-191.0085407 286.3852759 -161.4296991
45.69037777 -389.4435286 116.5883759
-272.9822499 161.2900828 173.8951975
254.7812721 -175.6473474 118.3005537
473.652409 -180.8394703 24.27327709
201.4986475 -58.67284098 150.103026
117.1673204 -319.2294497 -88.03441351
531.0167283 -69.38513758 296.0080657
31.66362597 37.48471844 -98.77512063
103.364969 26.43279966 -335.1146167 R
-221.6032069 -288.9741101 -354.8574328 R
65.38734209 401.3718112 172.651739
-422.4278413 433.3274829 -101.8198843
-502.4670398 -85.03757885 294.8899884
-438.3532064 152.1565771 -0.196793918
436.0310079 140.6412658 -180.5188837
-294.5899209 178.9112664 113.9181117
498.0556958 217.0531312 360.4819097 R
-207.0310963 291.8533807 148.8826061
197.6857855 27.93827228 484.6153546
-15.13213164 -499.2060233 159.2867395
244.6741192 13.54858248 143.6262331
-164.1074063 153.6367914 -71.46098296
23.21278521 61.19985829 -546.6886881 R
-271.7575847 267.3323699 380.0595511 R
346.2196681 -243.0437596 -247.4796967 R
513.9763065 -383.1602123 -88.08400997 R
61.75501802 144.3026403 285.6228889
-337.5376565 80.36053151 -91.95269248 R
265.7504127 335.1817863 -99.62327185
-125.7676202 -86.31273335 285.3887735 R
-508.5102937 204.5810075 364.1651267 R
124.5354793 -138.8423604 -481.6444328 R
