 -0.973161016686236 -0.188339678987666 -0.132233887188702
 -0.898243257281101 0.314751227630205 0.306742099253292
 -0.406279606243901 -0.0223555472923091 -0.913475293073415
 0.203233515842533 -0.979106503243703 0.0068259317438656
 0.172089763040462 -0.00323162130575269 -0.98507597173031
 -0.237145028914116 0.23093132615239 -0.943627552513608
 -0.289188790107087 -0.899901528645017 -0.326415505787886
 -0.937817404167256 0.316352734391208 0.142896689549464
 0.532372933018333 0.665493892529119 -0.523160529088252
 -0.189669720661217 -0.221020158575753 -0.956648047385999
 0.0831029739165039 -0.853905057268394 0.513750959996858
 -0.956146698039763 -0.0339604117445382 -0.290912671194981
 -0.954555268131481 0.231385251791583 -0.187843299949138
 0.0117021551126916 0.692996868720994 -0.720845614198086
 -0.904618343789103 0.35946341120324 0.229023378907898
 -0.381926257239148 0.308597966579695 -0.871148454084706
 -0.985284218304541 0.126425927888284 0.115028230959168
 0.446661043302283 0.00791446211910403 -0.894668247835745
 -0.566445572657418 -0.756153563601031 -0.327675451430637
 0.130633745118665 -0.708482624157362 -0.693532404364331
 -0.106873941563934 0.807277489280584 -0.580414520765484
 -0.893935263840307 0.412706793734925 -0.174793725481775
 0.239419579724625 -0.915564061857229 -0.323141940143919
 -0.800237846922771 -0.192753495990431 -0.567860438960027
 -0.185460053836794 -0.423379201546813 -0.886766384189453
 0.309835469922616 -0.0380744748152377 -0.950027534309072
 0.0625600241874383 -0.958543893641758 0.277992531079103
 0.054956825826564 -0.0308642275075737 -0.998011596503482
 -0.985086780140851 -0.125799426807881 -0.117382025057246
 -0.11027069607139 -0.990193776248354 0.0857709686721354
 0.117384458848511 -0.989129760078703 0.0885618797648846
 -0.684653394291349 -0.715609040775088 0.138395919182228
 -0.0874374055200099 -0.162873876031522 -0.982764875553862
 0.0559200434632122 -0.214464477226634 -0.975129702525248
 0.493912958686973 -0.835257735580537 0.241649548714569
 -0.0367384113044043 -0.962491047769252 -0.268814568241521
 -0.343318068340114 -0.423184732013663 -0.838479210560249
 -0.987939925324681 0.144220785867332 0.0563477494960758
 0.0064922138096893 -0.972966578644437 -0.23085469022913
 -0.213625290024566 -0.358408811523522 -0.908794453814622
 -0.777515920454969 -0.211336888947625 -0.592288538475127
 0.142447226213585 -0.0686075807175735 -0.987421788098752
 0.102550658031185 -0.979443929814815 -0.173703629456276
 -0.843706026852863 -0.446692404765324 -0.297701252562242
 0.338620491861993 -0.369660412099395 -0.865267208564873
 -0.920971038319904 -0.287663780709587 0.262796301046693
 -0.0819553275176016 -0.931666868621777 -0.353949389325615
 -0.984075454145352 0.174375302768805 -0.0344783168514309
 0.0317139546593703 -0.698235556951327 -0.715165248099161
 -0.449288635579915 0.278222755919161 -0.8489592569891
 0.462295372915988 -0.862341210580451 -0.206520276765042
 0.163498975378195 0.344977080674076 -0.924261271967982
 -0.25901603585123 0.286562723721902 -0.922384138276998
 -0.174181239329909 0.114561352448516 -0.978026887355692
 0.123523840080494 0.303285261038024 -0.944859731054756
 -0.0627082546924918 -0.220011564110192 -0.973479628164457
 -0.31566171324846 -0.147956605663676 -0.937265450995357
 0.376128490544882 -0.816548310497072 -0.437922613283222
 -0.279243977105002 0.243873758986236 -0.928734833485051
 -0.944425590451173 0.316812456230992 0.0876936239292183
 -0.155709890256793 0.208917665241861 -0.965457321286709
 0.0580765717440488 -0.629546001975985 -0.774789612224191
 -0.818526388497103 -0.529798464734414 -0.222099387885126
 -0.96923783485587 0.0463647521112479 -0.241719525991525
 -0.965776298082531 0.247796848194309 -0.0766346141568449
 -0.82917792201899 -0.369041408082032 0.41984808295037
 0.00447866707019462 0.100765613974911 -0.994900111861253
 -0.346978916245312 0.641927429549714 -0.683765169391455
 -0.0441669791681478 0.376976180315395 -0.925169302033944
 0.336901674825293 -0.536627721582699 -0.773645881478648
 -0.750355034700546 0.646425184641765 -0.138209270891654
 0.186052131860349 0.334736448026199 -0.923761936103141
 0.128558594090235 0.225671044576197 -0.965683834143158
 -0.972914397251983 -0.0650960992387388 -0.221810895773204
 0.574228110419902 0.164032235450358 -0.802094447641141
 0.119393710221572 0.0306067185669687 -0.992375115940585
 0.0152401865687404 -0.0762694273109009 -0.99697076746062
 -0.297307588991622 -0.929050155477036 -0.220168131517902
 0.803535375003062 0.450640173237236 -0.388914303392666
 0.453299150886886 0.0276710471823906 -0.890928837199166
 -0.96953023624494 -0.235782341821179 0.0664665953103596
 -0.256526463873898 0.241374492116256 -0.935912671079932
 -0.492703471653728 0.610424733947805 -0.620181371217416
 -0.983610036663745 -0.158788912391238 -0.0854246865721708
 -0.990345919715452 -0.0871432327211558 -0.107800817686424
 -0.283992093965687 0.13234659594954 -0.949648813565074
 -0.453195467818875 -0.886479400508257 0.0936383491041531
 -0.967440538666112 -0.251250398686859 -0.030529351534506
 -0.523085241626313 0.133559698883074 -0.841750341150513
 -0.87471459712639 -0.363272134268925 -0.320792347224363
 0.49523572934904 0.115557871110793 -0.861038878797273
 -0.131149856403054 -0.94959020407027 -0.284742268550425
 -0.98910658570904 -0.147101181420845 0.00542259454478399
 0.178538310346774 -0.944448919003195 0.275935338679583
 -0.676322590232599 0.453065348394876 -0.580792169390133
 -0.143717320250746 -0.984070924592155 -0.104641039904455
 -0.140821467160453 0.760541711931157 -0.633834062511319
 -0.254050647647332 -0.337443527653119 -0.906416093234774
 0.254154771594539 -0.967053834156155 -0.014568250396245
 -0.738436141285952 -0.606770745637114 0.294179073833768
 -0.218503317333919 -0.260109734801666 -0.940531353106041
 -0.250914792276784 -0.051850856635656 -0.966619498915083
 -0.187920195158191 -0.981275689284737 -0.0422376830622972
 -0.388885548552377 -0.918998663612045 -0.0648805549174192
 0.100249160965154 -0.994825410746133 0.0165078120770182
 -0.499953095327702 0.761541186499717 -0.412434144727194
 0.0238834840685291 -0.280108619125907 -0.959671162784485
 0.319028360935488 0.771796191049228 -0.550046856550167
 -0.731327072423099 -0.358170941997918 -0.580408726200238
 0.085636452781702 -0.902493063146775 -0.422105044896312
 0.830898835950295 -0.142473552880934 -0.537873973292935
 -0.44151257918382 -0.867787206419183 -0.228061410145691
 0.0854059722969061 0.191607238989292 -0.977748682363173
 -0.359542801188552 0.229177982554108 -0.904547636349749
 -0.821191169793923 -0.409798310149017 -0.397127696908059
 0.158473765183683 0.530083703908962 -0.833005001544806
 -0.27959921920652 -0.92051516572373 -0.272903107882119
 -0.98166228750314 0.124367322526763 0.144471181837852
 -0.943462464942967 0.108462216354961 -0.313232381574943
 -0.0689573664717478 -0.860574292451176 0.504635282933564
 0.806052751121671 -0.565362079237628 0.175056224594531
 0.124603349748436 0.642391168365522 -0.756179603029233
 -0.285366110767912 0.255782288667974 -0.923656648126873
 -0.975395422656526 -0.160173505993339 -0.151486690631551
 0.160221239140303 -0.945305925943442 0.284122967928603
 0.286391940895371 0.624539805559671 -0.726587701149469
 -0.248340996852854 -0.961001854416764 -0.121664230937743
 -0.89982139661036 -0.00769250358290919 -0.436190645923096
 0.0430046610905412 -0.96673333338302 -0.252145317725002
 0.181095038310364 -0.973191238770901 -0.141786458729059
 0.341435687303441 -0.888066040638368 -0.307831737968196
 -0.3444279565391 -0.409976953236692 -0.844563958838559
 -0.909363719707725 -0.355719278798251 -0.215688247177685
 0.365681949033368 -0.179043746885898 -0.913356474139323
 0.365549776993862 0.190891939994674 -0.911006930700754
 -0.693151555509498 -0.0641741757302738 -0.71792938111217
 -0.117556372009619 0.834073743557565 -0.538981901094837
 -0.604895131901074 -0.21692769268501 -0.766188133260194
 0.355628158377547 -0.923395908689481 0.144459713361621
 -0.970942664802253 -0.00656336693008901 -0.239222206078869
 -0.506320269435973 -0.666297095329373 -0.547437636186921
 -0.261362754470052 -0.943303844672418 -0.204615168553217
 -0.957022273617914 0.0500221584659383 0.285667904150267
 -0.462855547701787 0.143731222171602 -0.87470342272952
 0.201588889412535 -0.295435195364298 -0.933852217968925
 -0.986985699649082 -0.15856469127529 -0.0267669080953407
 -0.862797258813467 0.282228870372831 0.419437426694426
 -0.709213099054788 -0.208509177355508 -0.673454306607087
 0.0197102853071655 -0.619734293673236 -0.784564152825277
 -0.864265929818178 0.472731747445164 0.171956673359779
 -0.906656620986999 0.421629058504592 0.0142375786202877
 -0.324204104462408 -0.269532695040984 -0.906776612487151
 -0.552847646937289 0.55326725932276 -0.623100970178497
 -0.232370782143872 -0.0868486349142526 -0.968742036983725
 0.296976765113462 0.383106922344066 -0.874662155940682
 0.422925671949318 -0.213599888491102 -0.880629867562307
 0.202541159142766 0.193744200293875 -0.959916800408031
 -0.974937314362851 -0.0899769519207068 -0.203473293544901
 -0.952192529510033 -0.196294013794636 -0.23408982654886
 -0.79392663714377 0.606109509017385 -0.0480807436744652
 -0.0321461063150402 -0.784500095961567 -0.619294943694096
 0.271341675831043 0.00803302611635389 -0.962449565145424
 -0.245478419454254 -0.925219448047463 -0.289325627169441
 0.483686964782308 -0.627261534463189 -0.610401415039779
 -0.169149666934365 0.476651856910118 -0.862665287049461
 -0.645086671782683 -0.0851545082181666 0.759349653070615
 0.32260604448796 -0.94632477056915 0.0198687862507291
 0.258437542562437 -0.960079885855166 0.107035738754027
 -0.564302241314594 -0.800518624570603 -0.201823963301972
 -0.332230243550252 0.36948379790983 -0.867816102842456
 -0.813239906147556 -0.226549904844959 -0.536018652346964
 -0.225490463327842 -0.873797560947551 0.430850175154086
 0.413623801708079 -0.827707405817479 0.379230538083968
 0.466007391611586 -0.834900210327264 -0.29288009450773
 -0.666408022051127 -0.683411666863521 0.298075228324541
 -0.919179005535916 -0.377950186548828 0.110741194998564
 -0.977763703562819 -0.162524944186778 -0.132528421526114
 0.0901575367185974 -0.149144992226788 -0.984696597874953
 -0.125317973527099 -0.987687334461227 -0.093643658920062
 -0.46238831554846 0.396321690182234 -0.793174737075857
 -0.528547862688995 0.499785506068918 -0.686186275562497
 0.489723185236909 0.13353261162344 -0.86159169185551
 -0.278788651836868 0.824614215908876 -0.492227876626234
 0.781414152460801 0.359311276315495 -0.510183622871704
 0.602353695677637 0.422157921494169 -0.67746048934474
 -0.475674950243396 -0.564468656663213 -0.674617282135412
 0.535332605587971 -0.825376620887178 -0.179366761378073
 0.258186089425388 0.705553673079996 -0.659949966005417
 -0.170028856533555 -0.377436414992064 -0.91029222812448
 -0.780202250198293 -0.426736912870106 0.457362062243483
 -0.849783176191906 0.0658974611721456 0.522997206562579
 0.00996607761688824 -0.0715792051485423 -0.997385128567314
 -0.457048892220682 -0.197436775257353 -0.867251422538946
 0.570930054393127 -0.737270694537235 -0.361207414053537
 0.205033829733041 -0.495336442789234 -0.8441581232861
 0.225699314631823 -0.971178842867483 0.0766255475758687
 -0.813892247162196 -0.578217054835825 -0.0569600518456111
 -0.81156165565513 -0.332281014645 -0.480579864722601
 -0.948158279926747 -0.275277047479989 0.158803096119229
 -0.2129523566934 -0.704110484552075 -0.67740661298999
 -0.364825850000981 -0.197154630374547 -0.909962719507199
 0.284134167619568 -0.953477726000663 -0.100737286104694
 -0.206832673184704 -0.976852565840345 0.0545830551948475
 0.441480592505882 -0.230943115395085 -0.867041039335664
 -0.2665058574375 -0.182644915693717 -0.946369622675378
 0.819816290947845 0.161365804413232 -0.549419990774442
 0.545937107501249 -0.836356011717477 -0.0496114534881364
 0.309606995727788 0.497589141572336 -0.810276838115048
 -0.798698536227534 -0.0724063078042051 -0.597359167350898
 0.147948314541309 0.0311713155507166 -0.988503740666278
 0.256121630398126 0.572689923302265 -0.778734847165742
 0.00012910425780327 0.036642471411426 -0.999328430807887
 0.0180799761907601 -0.584762286110206 -0.811003195557272
 -0.53986568683806 0.120952828203176 -0.833015878314767
 0.0408062299972083 -0.997745272300278 -0.0532843616444692
 -0.558750168627407 0.0940923897110912 -0.823981110983317
 -0.215642127057312 -0.251323922281844 -0.943575518507696
 -0.0940730290339906 -0.054979656004259 -0.994046026416294
 -0.648627862880875 0.473939244789229 -0.595536302624117
 -0.30389093306291 -0.423596273976432 -0.853356020354598
 -0.951825434382841 -0.15353688286241 -0.265433170615148
 -0.97114144190585 -0.208287972624746 -0.116191308938749
 -0.0219317245386979 -0.34863220780593 -0.937002979258402
 0.210646759797951 -0.915955612331553 -0.341545397897489
 -0.362747516117498 0.428917125436284 -0.827311512707312
 0.172058422908276 -0.365901598731966 -0.914610255328306
 -0.998019170084718 -0.000868656469457926 -0.0629045433919448
 0.516201719893513 0.300242807343506 -0.802115977285997
 -0.210607068408906 0.407407949961484 -0.888630083355492
 0.502696147817338 -0.864412258107818 -0.00938248381574924
 -0.554020160684084 -0.728566466419669 -0.402805865851452
 -0.11260127729647 -0.126955814738833 -0.985496409661244
 0.0449026775332399 0.158195822986442 -0.986386248454422
 -0.734969899913659 -0.273904025763928 0.620319136325182
 -0.509133945875171 -0.78452520213314 -0.353981401171778
 0.558822652725046 -0.108560119396098 -0.822150803246003
 -0.630830749254233 0.469942911290293 -0.617419003532727
 -0.937197564488997 -0.333580160562788 0.101906828008712
 -0.312933293001892 0.22243904454116 -0.923359965341041
 -0.878649562874838 0.223084452295018 0.422147216980152
 -0.957417922851978 0.272414630683749 0.0956095706048389
 -0.391767867236734 0.0982178964959558 -0.914806636950504
 0.360105784625137 -0.847857391552195 -0.389180764516726
 0.699474413733068 -0.714551487586241 0.0123173098146953
 -0.981968456273266 0.188022206415148 0.0196367201710837
 -0.528699282469434 -0.844281252590029 0.0875570399300759
 -0.901941805616467 -0.369512695835777 0.223520350074628
 -0.300790067111157 -0.307867301575627 -0.902631187223114
 0.426932382209882 0.413497978125104 -0.804206542566676
 0.038245233629627 -0.968230426279278 -0.247117671831989
 -0.988994360418015 -0.102807799829924 -0.106398831551349
 -0.0645414769341898 -0.0191619525248932 -0.997731034563217
 -0.25827965269835 -0.127135039580684 -0.957668158974098
 0.199253035613617 -0.587016977501801 -0.784671457314084
 0.13920533639071 -0.74429893059171 -0.653177599310009
 -0.880428199258583 -0.0977636290591307 -0.463991873617932
 -0.478548145024664 0.24634441960887 -0.842796594571325
 0.3930900290454 -0.608483983637646 -0.689367442458336
 -0.252649543795345 0.144938450835185 -0.956640503788911
 -0.295270443937484 -0.47494277541053 -0.829002246693158
 -0.737114608171755 -0.597933917177186 -0.31486042162988
 0.332083600543844 -0.925645509348875 -0.181385978708663
 -0.832156844066787 0.398207329136135 -0.385935110990268
 -0.176175391815922 0.509531902850098 -0.842222934439846
 0.44358049901945 0.142062577243534 -0.884903703821258
 -0.302384385582125 -0.952523330523911 -0.0355385447613868
 -0.0478215178601182 -0.442210664397954 -0.895635434047958
 -0.996457222053021 -0.0283488433839468 -0.079179212531884
 -0.921475737788815 -0.387734443718008 0.0233337914031607
 0.332976065880344 -0.194741026572499 -0.922606564099962
 -0.92801316546344 -0.33429611645872 0.164431357250203
 -0.14534930111458 -0.395866619529699 -0.906732154612172
 -0.181178534159876 -0.933936218736421 0.308119259527857
 -0.920539658766663 0.251219388168091 0.299158078022649
 0.225833763022973 -0.931756209275404 -0.284305254885682
 -0.149216566062319 0.483862079811364 -0.86232934783248
 0.0897419286305561 0.278141834830431 -0.956338593785083
 0.395352589498453 0.915391890364017 -0.0758552373449563
 -0.928840496154006 -0.315777914007135 0.19375149478051
 -0.0957881624250918 0.580182095291011 -0.808834571617062
 0.0644618400352772 0.0909803904006053 -0.993764177127461
 0.315527001685657 -0.946681061598702 -0.0650974563067933
 -0.991993591143999 0.0128512748836326 -0.125632638526368
 0.151004989068339 0.446508688815413 -0.881945284067448
 0.449831281626024 0.282887634934584 -0.847128327983314
 -0.111177606845221 0.19912423351176 -0.973647307480755
 0.0782455379102025 -0.0734346558030271 -0.994225823002116
 0.249584058018888 -0.964733795165513 -0.0836450981729937
 -0.936083259762912 -0.244065597900556 -0.253337945663662
 0.030276203119708 -0.284512663014768 -0.958194080606272
 -0.918904465848061 -0.205510312175193 0.336719607736383
 -0.948360676694023 0.249741333980316 0.195553811014223
 -0.995513500514491 0.0485463164942494 -0.0812165343278347
 -0.521794436458102 -0.297535385107518 -0.799501882856002
 -0.301090531844749 -0.489712228675339 -0.818245943906402
 0.332118045160313 -0.434699921105943 -0.837098311233142
 -0.718686261290609 0.158218427983288 -0.677094518423111
 0.580043416444394 -0.301090326758946 -0.756897780530308
 -0.526834317871263 -0.846624980629812 0.0753109798548097
 -0.431858197933562 -0.88985586146388 0.147156524476331
 0.121640169832816 0.0402782993858892 -0.991756687742323
 -0.183718609196903 0.0953812485117366 -0.97834037536386
 -0.799436949185681 -0.0888735998299231 -0.594139754207679
 -0.364304997441207 -0.072442471619273 -0.92845783810847
 -0.219523717087045 -0.221676094892662 -0.950088967723248
 -0.978847109671938 -0.204068803592208 0.0146375984142582
 -0.995790182655451 0.0862398196263102 -0.0310581010019115
 0.281531494795854 -0.957446537872339 -0.063530658380692
 0.518646073141716 -0.850871792883316 0.083805983618177
 -0.664975605006849 0.282351075525865 -0.691437137341611
 -0.298719916298005 -0.930923861250769 -0.210112294168791
 -0.940987197186967 -0.32712677126317 -0.0867823153248931
 -0.961478888287088 -0.113603375097588 0.25030505497225
 0.414287110597633 -0.169320270955168 -0.894257701021542
 -0.277545831884618 0.0584130028656671 -0.958934946854942
 -0.994452918446225 -0.0766950123096558 -0.0719810258374185
 -0.337284414919529 -0.206858749901545 -0.918394621631443
 -0.872318991764744 -0.257761449046462 -0.415473960666621
 -0.562760551609344 -0.277080280725003 -0.778798484581025
 -0.965203341203392 0.0578521197952365 0.255020866528617
 0.00993846817008647 -0.105166229080685 -0.994404993506862
 -0.834955672338496 0.241051943154992 0.494715055290389
 0.173155760902097 0.395834647263356 -0.90184921937778
 0.0971976578016405 0.406784608175798 -0.908338537038442
 -0.946651017737115 -0.209513339109637 0.244859166363879
 0.553305847009919 -0.728562985761385 -0.403792787755169
 -0.45098065505571 -0.89105887547459 0.0512886849459228
 0.276645977395706 -0.895192555862401 -0.349424228008472
 -0.937862662363115 -0.282870505262217 -0.200992297857078
 -0.00337160754766498 -0.936354246235535 0.351040393429627
 0.0951886410332748 -0.953407715796974 0.286274082090983
 -0.0764248769756113 -0.933447254404046 -0.350478902966798
 -0.280314554711134 -0.212161386596779 -0.936168412442137
 -0.355486809978472 -0.896214826506056 0.265382954769237
 -0.94758406833092 0.190870993007252 -0.256227823379601
 0.091548167620448 -0.993385356077795 0.0693142650219408
 -0.519592119712872 0.653050003702703 -0.550953466089636
 -0.13467105497934 0.626477153970886 -0.767717449654032
 -0.75838662971143 0.15060918042672 -0.63416606235759
 -0.0416971195797468 0.422573803793503 -0.905368836754526
 -0.465968977109984 0.31023290412579 -0.82863047105978
 0.31931096405503 -0.55314043312738 -0.76946485915466
 0.0685905171092395 -0.539282931749665 -0.839326670901249
 -0.317325703593583 0.0751591157687342 -0.945333541748995
 -0.899358858166674 0.42481959045667 0.103353566950358
 0.462340206567031 0.196748785558891 -0.864599010393059
 -0.996990611635525 0.0736304401354661 0.0242544551800261
 0.254810082759804 -0.176577772756916 -0.950732408142348
 -0.839870675626468 0.100738569559765 0.533356343194485
 -0.764840963923543 -0.106187757263187 0.635407318270666
 -0.0820741936276394 -0.504832757173407 -0.859306530887011
 -0.970612545958437 0.238759074192533 -0.0300897012082946
 -0.0363380515091733 -0.999301010248717 0.00877706832664595
 -0.680719826098126 -0.385269086348157 -0.623047549920063
 -0.30222871467529 -0.420864123522067 -0.855295968397913
 0.484770221853703 -0.82623397426564 0.28694119915606
 -0.156904934752694 -0.793917840514973 0.587431105715636
 0.394228998130983 -0.133741137811283 -0.909228686904227
 -0.503705822308669 0.357037703974196 -0.786641292148576
 -0.959735874307645 0.110827659896213 -0.258116797920764
 -0.206915408978631 0.108737612478655 -0.972297354290162
 0.0659984253941324 0.38079905351545 -0.922299457165205
 -0.492258737431866 0.509891232480403 -0.705473079898589
 -0.260454739865567 -0.142742460687225 -0.954875865439333
 -0.925705985578852 -0.152150252863586 0.346292836797173
 -0.394667381048397 -0.912637921352487 0.106440982923927
 -0.876427756578919 -0.214538563533311 0.431100443348306
 -0.376647713086326 -0.235937283503851 -0.895806953801802
 -0.192412385552086 0.713012346241816 -0.674233541136078
 -0.345262488310258 -0.613235118623583 -0.710448100463735
 -0.335489252272656 0.287777080961991 -0.897012437640934
 0.050849665662168 0.459729667519832 -0.886601908583639
 -0.155424524972568 -0.0384142553556469 -0.987100583538741
 0.279197801231533 0.0980323869903479 -0.955216330936847
 0.293882461718839 -0.95237747878712 -0.0813033615120828
 -0.0529819545066259 -0.420948576930447 -0.905535867912967
 -0.370889193216661 -0.277890860475305 -0.886125203354125
 -0.990876941287108 -0.126219272302437 0.0472396287554041
 0.261817485745803 -0.956661152176022 0.127479582973091
 -0.751966787762053 0.0047378467645486 -0.659183967425525
 0.114360986168277 -0.98422818535136 0.134968307400622
 0.0889914031912122 -0.976427348833414 -0.196647305113011
 -0.745118652740643 -0.66659726717684 0.0211252628466115
 -0.890313777662298 0.383306122259923 0.245800313146155
 -0.256291581689157 -0.957517860340819 0.132189909916038
 -0.226123459857832 -0.872354481896418 -0.433434930314984
 0.223431267506752 0.707144020741344 -0.670839625119217
 -0.983763849196559 -0.115739795180798 -0.137160449202666
 -0.785363998123884 0.376237103663239 -0.491578103944801
 0.300510726375489 0.232267027776719 -0.925065041573318
 -0.819961951619302 -0.358648475887173 -0.446131896013357
 -0.282909264696583 0.100749173318092 -0.953840632403841
 -0.350623773214586 -0.0456974107529585 -0.935400831893602
 -0.109368135382928 -0.299380468372983 -0.947844895602458
 0.25754260716563 0.0188825350671964 -0.966082426795854
 -0.854559275231268 -0.328704838669698 -0.402096473686772
 0.239698447558275 -0.910739571220688 0.336300591214035
 -0.944379447339839 0.246198835739073 0.218022000547709
 -0.342499834438001 0.00369481505800289 -0.939510623543784
 -0.125678779450976 -0.955950451327379 -0.265261340950191
 0.675180347801987 -0.708605824051997 -0.204961664858522
 -0.0764904629720296 -0.0255739876750738 -0.996742283756799
 -0.179357694376823 0.660540054643421 -0.729052572644453
 -0.538845910075403 0.479995572957747 -0.692278365353111
 0.0731360197892592 0.213405956341977 -0.974222264376642
 -0.999231353539021 0.037652969520521 0.01090669477256
 -0.395899871449447 -0.0673330041691209 -0.915821793983891
 -0.215987412493022 -0.285223200144278 -0.933807883744845
 -0.424832724121974 0.502383205141844 -0.753079193515868
 -0.114101177569642 -0.482901477086933 -0.868209124983422
 -0.0305297529592755 0.374309278673658 -0.926801218214052
 -0.203972265210089 -0.858783318572958 0.469985666553655
 -0.675488845204189 -0.192468253867738 -0.711808114071352
 -0.392104089852597 -0.0857733752850426 -0.915913375168786
 0.0584070202907903 -0.172050880595913 -0.983355029715576
 -0.520852398905782 0.756347112283241 -0.395792653159319
 0.349081704963757 -0.933133432490095 0.0860462691163954
 0.241654066893208 -0.129113086675629 -0.961734434655984
 -0.34943458998131 0.0575579199158936 -0.93519118536241
 -0.800432370644672 -0.165064646692936 -0.576247934865095
 -0.339123669341707 -0.0822433988401938 -0.937139882962746
 0.417832679117884 -0.905884042801474 0.0692094882138958
 -0.346403825746697 0.233937537993303 -0.908447916958195
 -0.187510156799975 -0.961646349072365 -0.200190510296167
 -0.159181976382566 0.322280493159853 -0.933164713286772
 -0.987909555043312 0.143559895981139 -0.0585257833780137
 -0.555082409583646 0.654067930107649 -0.51388584469268
 0.131516251550909 0.3357577429106 -0.932721938014528
 -0.180532463747995 0.327903698150197 -0.927301026782837
 -0.971507596214387 0.22896836246863 -0.0612084919449759
 -0.219292625744474 0.0375268580817609 -0.974937166804408
 -0.898282417318982 0.279713164593383 0.338894149091898
 -0.147316674460576 0.881813608287737 -0.447998390247598
 -0.977148820676775 0.107007558235684 0.183656104528066
 -0.120390698432661 -0.227301273800384 -0.966354081410959
 -0.98291221318595 -0.183815017281792 0.00977857819890537
 0.497592304410419 0.257320048527039 -0.828364829780678
 -0.895193026423488 0.344481118508233 0.282775890828891
 0.192972538222849 -0.304122195409571 -0.932883320545015
 -0.638853602562486 0.0351542485572204 -0.768524725237458
 -0.278590180042654 0.55368931623022 -0.784739225906487
 0.115790378520003 -0.255031108169037 -0.959974854935413
 0.0960238491621286 -0.275949399084246 -0.956363607388493
 0.093400819183268 0.471169153308579 -0.877083756517228
 0.0452105498790715 -0.985369861345399 0.164323590916768
 -0.393458657301082 0.583718573459186 -0.710255525845172
 -0.110254135383241 0.544671871124769 -0.831370301632393
 -0.745880208115721 0.176140977475811 0.642368329850651
 0.246265485698354 -0.396748877480967 -0.884275770770265
 -0.973274401199766 -0.22960773998606 -0.00415038645549763
 0.27071284734088 0.37141966951043 -0.888122729911444
 -0.806718583481779 -0.178454296238475 -0.563346422034597
 0.215925489828468 0.0215205312478829 -0.976172653569616
 -0.91503560943445 -0.0536779549921413 -0.39978558079899
 -0.632976834749715 0.408353430099466 -0.65771407374043
 -0.996906845923247 -0.0345967861844313 -0.0705677188030888
 -0.27575659957651 -0.924352662717982 0.263686277072161
 -0.287283382654341 -0.944313564747542 0.160437369351622
 -0.81075437400526 -0.493937655241402 0.314170236919359
 -0.882494137182662 -0.42530996992923 0.200787268812111
 0.545791785483313 0.100821861744187 -0.831833083673265
 -0.526849492227912 -0.23610233882284 -0.816507990249683
 -0.9153758946381 -0.302230621938262 0.265976733340174
 0.172427424876688 -0.943858808440642 -0.281778872308421
 0.0507391270259858 -0.146014464930984 -0.987980423398945
 0.0138874691499842 -0.71165404874582 -0.702392805418941
 -0.97705544625187 -0.212051693157059 0.0199181921565249
 -0.148122946690514 0.081409791640686 -0.985612519446024
 -0.638318559560512 0.0474938388528366 -0.768305767121147
 -0.806808601414996 0.581616719492959 0.103835794835053
 -0.0357995392412609 0.0831487297378263 -0.99589391088263
 0.0855786031437631 -0.9900400878289 -0.111789655942342
 0.0761485173381987 0.513880267484016 -0.854475554944523
 -0.555277138137935 -0.815704420199359 0.162153010235928
 -0.0682851797748462 -0.990093268001814 -0.122688446402279
 -0.639306749424693 -0.246256749182531 -0.728453494481347
 0.576937966866371 -0.816735964366902 -0.00921666413437811
 0.202025249723559 0.324869321652289 -0.923929500732234
 -0.675802564979595 0.0964625274276212 -0.730743370800773
 -0.476477853186755 0.384859573521975 -0.790475783367855
 0.263521100455747 -0.730162534793464 -0.630412010036751
 -0.903163432261559 -0.273726910873403 -0.330710436619747
 -0.424958228090057 -0.287870118055802 -0.858219843343824
 -0.943490802100483 0.107096171166552 -0.313616830660045
 0.518304186013204 0.122481846446431 -0.846379919452407
 0.250406139616771 0.132176750957001 -0.959075634008433
 0.0935393090832964 0.459364845274693 -0.883308743634963
 0.0211648100627637 0.268673524725819 -0.962998747624529
 0.369531863309822 0.337925026107507 -0.865593945640225
 -0.987337770026527 0.1583871440086 -0.00881138421833893
 -0.788411232972332 -0.609598443062563 0.0824467460773734
 -0.357093097807369 0.0306943102869041 -0.933564341014773
 -0.917123782533091 0.264559961656939 0.298147604720002
 -0.274747367194002 -0.936935658845269 0.216021886400767
 0.0987465388019793 -0.355808914042205 -0.929327250091557
 -0.969892900424586 -0.125041548765045 -0.208979359718666
 -0.237641325601413 -0.378279656526604 -0.894668151788426
 -0.853228221094506 0.192475456381557 0.484721364722679
 -0.0204941240683577 -0.792937287230241 -0.608958495628903
 -0.521986310368568 0.312461885143425 -0.793661049894995
 -0.998187637462405 -0.0448029926120185 -0.0401762650109533
 -0.74535835757522 -0.117293190647987 0.656264600767393
 -0.405567393781047 -0.161904987509862 -0.89961206312559
 -0.0440769911109998 0.462919863245614 -0.885303574525294
 0.108692046011181 -0.0867238964661391 -0.990285314904565
 -0.447704625384719 -0.624315303353791 -0.640149178244722
 -0.0307871671117311 0.500757286374523 -0.865040051375691
 -0.962116468999458 0.01812936821206 -0.272035339778211
 -0.308407037233244 -0.907059197688845 -0.286581072775367
 -0.290979562176581 -0.945790770264829 0.144259187843919
 0.676647893791119 0.257610608003642 -0.6897712682274
 -0.152180292243442 0.519814638424523 -0.840615191590232
 -0.994471080371809 0.069213485403598 0.0789731836917592
 0.237228933494868 0.633400142414187 -0.736564113097139
 -0.912619506599246 -0.408804932387692 0.00204044849065751
 -0.347404386053059 -0.808465975331729 0.475071530700392
 -0.220577402532194 -0.91633752910327 -0.334172324181797
 -0.00718281268986177 -0.849703627314209 -0.527211677536583
 -0.248233095876754 0.091513470998994 -0.964367987200508
 -0.2728970406649 0.809533788713194 -0.519790582954329
 0.353834313399713 -0.900335648478554 0.253371266602304
 -0.369590855443888 0.076613930983202 -0.926030725813974
 0.163203600640752 -0.119164374912092 -0.979369407572906
 -0.889421094446274 0.148493803613774 -0.432295855916184
 -0.000103406203272159 0.540029500723509 -0.84164608218388
 -0.130176213860807 -0.985440982359728 -0.109362807346737
 -0.737664891725599 -0.564461739420866 0.370450337083706
 0.0587391768821667 -0.978073175450714 -0.199806337644636
 -0.125532726437413 -0.47746275162183 -0.869638347479514
 -0.922965813079528 -0.383727503815434 0.0297877609434066
 -0.4695857510628 -0.869003719765571 -0.155954344063855
 -0.188170513992786 -0.874274575238936 -0.447477177914661
 -0.958726396550653 -0.272633437768647 0.0807137235384969
 -0.400197621878033 0.307065464591287 -0.863453915329882
 -0.325320192096709 0.435885845188512 -0.839148558110218
 0.417641785333953 -0.173379147223625 -0.891916481768936
 0.290106040271192 -0.945182417406875 0.149895574394529
 -0.868333293480971 0.0408585490260898 0.494295327111204
 0.0801565203316399 -0.100707380915432 -0.991681882297684
 -0.969325479183731 0.235510462781311 0.070306026240728
 -0.160454048804066 -0.977151714286727 0.139388039260526
 -0.645422783952615 -0.448820625444109 -0.618052971945621
 0.566353217148825 -0.444391175470335 -0.694089703560908
 0.282267775623189 0.605880924716369 -0.743796482856416
 -0.969797529999962 0.164514881985725 -0.180076662594561
 -0.791732087757111 0.610832916493437 -0.00659161163059613
 0.510566050800128 -0.786574365586636 -0.34730832868266
 0.463366997836871 0.0385161553240798 -0.885329052440219
 0.103721950660726 -0.921346155323475 0.37465052918925
 -0.248451257986415 -0.314512287982023 -0.916162645556607
 -0.426925602385769 -0.884104860226464 -0.189981910063809
 -0.724168840518991 0.377043972521157 0.577423010631587
 0.480460054534676 0.322712752284984 -0.815484282809416
 0.339296213290875 0.690469278411461 -0.638850729996006
 -0.953798272447457 -0.0927002372841043 0.2857892956073
 -0.875238844301111 -0.0350999005789471 0.482415756796773
 -0.074911350863648 -0.471293112880792 -0.878789560283301
 -0.00743406980670049 -0.740951088766486 -0.671517846867727
 -0.720422111889921 -0.303831673354375 -0.623440690817296
 -0.834680879253984 -0.169605192879968 -0.523967468795483
 -0.32965133786662 0.550077863507069 -0.76729677408565
 0.0331329050932573 0.455530520698042 -0.889603369661251
 -0.379492330691772 0.482781238004785 -0.789245112228574
 -0.644511728152145 -0.373910512866667 -0.666929951825619
 -0.735309879681604 -0.298956212731269 -0.608230682974808
 -0.165862895448022 -0.0213984449881819 -0.985916632614384
 -0.234000875101581 -0.970337572547101 -0.060733728315441
 -0.0833960842265919 -0.133021611710546 -0.987598270529875
 -0.979127338646139 0.202052788209667 -0.0220073963118732
 0.0833884524298928 -0.995217629844581 0.0508747014525208
 -0.372271854817094 0.588752734096241 -0.717484413911021
 -0.46204362874122 0.688874733999405 -0.558540317252833
 -0.495904109774192 -0.0711296366025502 -0.8654592357274
 0.379293938966231 -0.813118531111338 -0.441559013300399
 -0.279474180037765 0.266899472669037 -0.922311690363518
 -0.792288803448838 -0.226358400192993 -0.566604206295434
 -0.683016106557283 -0.306770553185736 0.662858073709183
 -0.354144378083133 -0.590072947774394 -0.725531305855887
 -0.70847207891438 -0.576287921988265 -0.40738132550374
 0.323343022754553 0.463146675187562 -0.825193581469618
 0.151447334947175 0.0267729305581938 -0.988102684404169
 0.311403815756649 -0.873807993887258 0.373479923624985
 -0.341655842731588 -0.822226331761321 -0.455208902028168
 -0.75616231976119 0.215269798557606 -0.617962345133054
 -0.202173662725758 0.556272215413521 -0.806031657231268
 0.0162078356776313 -0.996960545439754 -0.0762035228786385
 -0.313620088663011 -0.535794537717212 -0.783943016640498
 -0.0701360067895149 -0.00678462756087711 -0.997514365500809
 -0.926426909800528 -0.348342894098476 0.142794989157681
 -0.991344608381459 0.100125136615793 -0.0849165734746777
 0.523884915682626 -0.846364520952364 0.0959775640099409
 -0.658640520816818 -0.632587071270629 -0.407463202755045
 -0.807242119677708 -0.346404512075259 -0.477874538170996
 -0.365148202611279 0.193874931706569 -0.910537918477603
 -0.797491309870133 -0.0148315013085617 -0.603148105568238
 -0.952519398615273 0.241539373644428 -0.185379411588927
 0.0308684675324618 0.85164955598438 -0.523201845852827
 0.358919346784868 -0.0334424684401472 -0.932769266114699
 -0.801483756661277 -0.0148682653766402 -0.597831684082415
 0.183203692434449 -0.892854772119209 -0.411396114447305
 -0.941428087174078 0.0620214669153241 -0.331461150546227
 0.0169515340933314 -0.974874610323393 -0.22210839614633
 -0.951724535877839 -0.221093750416935 -0.212927126817337
 -0.869189460529074 0.039659668629989 0.492886186040284
 -0.761309389223748 0.446491525860062 -0.47016309001762
 0.17008637112953 0.149569082931536 -0.974012174352563
 -0.978529775835315 0.0835050642606814 -0.188431372245992
 -0.834478036729773 -0.164856587073521 0.525802921173033
 -0.963159641035316 0.0545818286459803 0.263333115772365
 -0.193259918612136 -0.0281409078652228 -0.980743948827905
 -0.633219652978074 0.773711053302175 0.0201016685965648
 -0.434795358661103 0.585020477050224 -0.684619629808181
 -0.109290889526143 -0.991273283273462 -0.07370738996081
 -0.953200300315272 -0.25580630307521 0.161159308716157
 -0.798651335836099 0.562907490879278 -0.212817293656342
 -0.481775667586127 -0.249674822505064 -0.839973028810454
 -0.118603119029208 -0.275575257597455 -0.9539347868469
 -0.765150959946922 0.11701429793832 -0.63312847240533
 -0.873259662760297 -0.0167548298482557 -0.486966977394288
 0.360781278906023 -0.931713310244683 -0.0417992380771462
 0.158793828466568 -0.174987377660193 -0.971680985560868
 -0.0360073292328962 -0.994216135095536 -0.101181761979164
 -0.395151573259325 -0.872596239420205 -0.287108058229645
 -0.284496359466316 -0.932013422202521 -0.224527954350363
 -0.659613682163844 0.685400859615605 -0.308440353942937
 -0.779625947143974 -0.148941267760308 -0.608276155457219
 -0.0856410762176406 -0.808107710934262 0.582775714656051
 -0.687513488840361 0.0321926573611764 -0.725457673110279
 -0.989253630509293 -0.0624869739788263 0.132184086058619
 -0.725309208973332 0.365825268621866 -0.583179581446589
 -0.246183803674568 -0.967391894166041 -0.0595521444631573
 -0.893125604649367 -0.446550496021992 0.0540306285565547
 -0.928607567655415 0.343387172893047 0.140617334584378
 0.383390345647661 -0.916988663214812 0.110198159692801
 0.0141610316123324 0.989911814640341 -0.14097540359631
 0.217666413663459 0.299100906801873 -0.92906403434488
 -0.164137368627435 0.864759601384598 -0.474604841982479
 -0.0610494815931006 0.175554273094175 -0.98257501392799
 -0.313354990343022 0.416281403924138 -0.853532918389252
 -0.961005512589065 0.0833699627044491 -0.263662386570568
 -0.142534509133946 -0.988781718196103 -0.0446612524130986
 -0.141811843974178 -0.985874119895071 0.0891157709373765
 -0.995984934423854 0.0497956128593676 -0.0743935974440753
 0.0890755853406541 -0.944214969944685 -0.31705461773735
 -0.723934203086986 0.452836129683771 0.52044087969128
 -0.681852481454135 -0.0399145584823082 -0.730399905227267
 -0.277081605132332 -0.599302751010683 -0.751040609240484
 -0.821416622344725 0.286801245037146 -0.49297036257865
 -0.412730676625852 0.13450240523636 -0.900867632650658
 -0.951897086840787 0.0235698042812653 -0.305510065939186
 0.268365138941057 -0.861525098086411 0.430992642127854
 -0.0222419762531687 -0.418260199075768 -0.908054899420433
 -0.995043559841521 0.0273787098044219 -0.0955966540594358
 -0.240951839996411 -0.70063141945177 -0.671608386546313
 -0.924931773221322 0.0200192782433869 -0.379605641928931
 0.188314534761671 0.22952876343656 -0.954910562698298
 0.0416208456656914 -0.961893026219031 0.270239729346498
 -0.988801965833682 0.114236210841116 0.0960247910495518
 -0.835879282670735 0.431173347140284 0.339698939529845
 -0.969629785270634 0.0113073198163439 -0.244315828456929
 -0.0165949207342217 0.388405777304374 -0.921339004255442
 -0.903510697621843 -0.165841836499406 0.395177054684854
 -0.289361747363379 0.137704588808834 -0.947263018059822
 -0.314759228770446 0.192428709834842 -0.929461037125889
 -0.151716738491217 -0.980843079633427 0.12218381397224
 -0.752963255946827 -0.649226583027079 -0.107476411760607
 0.705620921711201 0.0469905486153966 -0.707029704598229
 -0.258981427423725 -0.497485448908018 -0.827911135554026
 -0.132108560955537 0.547292265480989 -0.826449335571724
 0.19136513371246 -0.863798063871349 -0.466081849519288
 0.195688476713148 -0.92654588613992 0.321276735788446
 -0.673443310158017 -0.734027402462439 -0.0876235153235559
 -0.873073015525838 -0.0280931007078505 0.486779505785976
 0.367542252421802 0.459482569370291 -0.808571865160781
 0.475278736953306 -0.846891763378689 -0.238504640041666
 0.496594174662888 -0.669375270023653 0.552567619003907
 0.382208809536182 0.701896878141834 -0.601046752231207
 -0.944975759176988 0.15124653755771 -0.290078091976419
 -0.895486457152553 -0.441710969102947 0.0547304744224358
 -0.875411956431932 0.0187532067854192 -0.483013689010239
 -0.919712561097698 0.074307170038443 0.38549610820343
 -0.989671505695727 -0.109869407475176 0.0920816165964008
 -0.908323104838435 -0.397377848788055 0.130537283981411
 -0.846683233993919 0.147702573523857 0.511186317352125
 -0.380165428718953 -0.922652412992108 -0.064705267225899
 0.709677860789581 0.0797568145771452 -0.699997274590145
 -0.397091559057537 -0.0404824317414038 -0.916885743397484
 0.17043696538558 -0.140907562157886 -0.97524166223397
 0.154784519887205 -0.164435873457844 -0.97416764261776
 0.220811330022212 -0.0470928257853962 -0.974178947777752
 0.104714648009856 0.772595788547222 -0.626203313638045
 0.0668303739455732 0.134210162082392 -0.988696785426206
 -0.101906971862745 -0.0341273621946225 -0.994208374655637
 -0.716890790251576 -0.660746505019918 0.222444714381876
 -0.0593118715036888 -0.941075145582075 -0.332955961451971
 -0.0967504891973602 0.852631897025608 -0.513476572994898
 -0.227812611314911 0.203563844254507 -0.952188623875652
 -0.995429119181982 -0.0767104670955876 -0.0568891283336287
 0.155099332754428 0.180167652176713 -0.971330949825168
 -0.93316898242516 -0.331749003085049 0.138341061119491
 0.208240824612346 -0.150561251452592 -0.966419716544421
 -0.861902820746949 -0.322729009244997 0.39111317311003
 0.486107006206785 -0.846926982114727 0.215440630993128
 -0.885762199503527 -0.352524991035119 0.301912995126683
 -0.621255983239652 0.46033689620582 -0.634137954455121
 -0.183659465405111 -0.0362793404560163 -0.982320217761594
 -0.984899320820413 0.0424657314428153 -0.167839177489991
 -0.542896214680681 -0.71641540375254 -0.438192502618967
 0.250546585145766 -0.793213628911413 -0.555012204893715
 0.381327441099395 -0.90477323458983 -0.189670178558583
 0.0193549903901229 0.342813360652527 -0.939204122704494
 -0.991736643038712 -0.0788284358431499 -0.101215159718436
 0.343480374515459 0.365739718681522 -0.865017739992355
 0.541388647207518 -0.840179307838112 -0.0315763100359152
 -0.478673854589078 0.480796946615091 -0.734646606919571
 0.214430574112992 -0.976738843016035 -0.000872599146130841
 0.24290384972331 -0.949247985618853 -0.199814868285986
 0.128513069514235 -0.389096935105111 -0.91218855838902
 0.272710396953474 -0.957290451481399 0.0960418184751751
 -0.0368906201333087 0.118700092735691 -0.992244612044187
 -0.133664163437901 0.780255050308056 -0.611012232186247
 0.416421529010372 -0.85649394430889 -0.304977431195923
 0.17734497113644 -0.921462329970592 0.34562398015442
 -0.948879251392161 0.287384871840152 -0.130530079732115
 0.240237011609414 -0.967520031884851 0.078683963769726
 -0.982868224554115 -0.125681341445025 -0.134811919259468
 0.509350934095265 -0.427010544260673 -0.74714364149505
 -0.95215155487087 -0.247499843837835 -0.179307679303568
 0.188431748915746 0.0202843867185759 -0.981876784355351
 0.331436060185339 0.621443668866214 -0.709899925647918
 0.0892849946252448 -0.952364453201458 -0.291599276427528
 -0.398819485372251 0.243212939131249 -0.884189167727445
 -0.305609419536151 0.0343323745257335 -0.951537792602165
 0.782423951867634 -0.0121009463550778 -0.622628562339655
 -0.597174623325721 -0.0121325409923072 -0.802019495214956
 -0.268045027000185 -0.765596964832334 -0.584818904396898
 -0.177592405850605 0.619443555677677 -0.76468988401416
 -0.288517483309578 -0.953956988067543 -0.0819983337745877
 0.0641138322937669 0.417188036782148 -0.906555877193714
 -0.918586201548147 0.20965450513437 0.335028922336878
 -0.0750030153780821 -0.038255461183557 -0.99644922970206
 -0.0614316882813313 0.433191791933548 -0.899205771265013
 -0.998348166125347 -0.0536660131104705 -0.0205158044196099
 -0.923422267505777 0.203585781024486 -0.32533697244417
 -0.974038124467572 -0.0915007417257136 0.207068458117936
 0.422814489971048 -0.906102903284292 -0.0143330293482992
 -0.584086717921466 0.385597592175406 0.71425289838842
 -0.628037945896108 -0.403929620703049 -0.665138481846666
 -0.830989981671727 0.294778744058872 0.471763862978394
 0.1744140029047 0.170176888973535 -0.969855443893598
 0.277748309461515 0.0663228320106384 -0.958361705487735
 0.436634688616267 -0.399614679646747 -0.806013806648374
 -0.264483632295929 -0.100702432879895 -0.959118047093069
 -0.986728876700129 -0.149870358065255 -0.0624899964753829
 -0.478543205639709 -0.287645730319952 0.829612158881952
 -0.16944060050112 0.123599030130963 -0.977759255978948
 -0.422329694393285 -0.0430880203416517 -0.905417611788456
 -0.561978903465899 -0.089841163716739 -0.822258035753551
 0.336544003819346 0.10342356208741 -0.935970993299683
 -0.977603273109965 -0.103856613355518 -0.183045470490275
 -0.19059155536841 -0.927049620534855 -0.322883663396634
 -0.0334159356390072 0.109855024322594 -0.993385750288604
 -0.373638569392518 0.556476662796782 -0.742110465648389
 -0.963306966604196 0.265965711018361 0.0360822484654054
 -0.629806654855568 0.607919209303829 -0.483505752250215
 -0.870983586288083 0.177306405224792 0.458203045693731
 0.260721685392648 -0.184806344902724 -0.947560455933928
 -0.347593928732522 0.422961631596212 -0.83682848834499
 0.472423116672309 0.813052714672867 -0.340237684562871
 -0.521479664229132 0.195264216479692 -0.830620759166326
 0.376664959079185 -0.332843233868058 -0.864487646106137
 -0.716284641508687 -0.0300870696198347 -0.697159293548083
 0.073751868462252 0.343249339278493 -0.936344249185739
 -0.594183051454285 0.410013979369126 -0.69197907344541
 -0.818019245824443 0.39064005471247 0.422190550717385
 -0.815789444262302 -0.133363437955468 0.562762628509483
 -0.546879482409951 0.373995412283489 -0.749032885332765
 0.469614793112649 -0.120470819150834 -0.874613473382895
 0.199523977976559 -0.82277877580451 -0.53218912831628
 -0.155107421662712 -0.092630360859347 -0.983545272975379
 0.314519813264053 -0.417176666492958 -0.852666943183661
 0.105681512184799 -0.968108844504933 -0.227149032957788
 -0.261400299869436 0.605272904905476 -0.751874054490149
 0.20671230072215 0.631257190551912 -0.747518818563562
 -0.0158277764865846 -0.915693498323548 -0.401565559553448
 0.431207385061463 -0.902054420814 0.0189212303610095
 -0.29027076786655 -0.0868778911555531 -0.952992714216918
 0.405286866288842 -0.169877354892802 -0.898267354582362
 0.0501705178823943 -0.833105260445477 0.550834407198285
 -0.368882235298285 0.294033052934508 -0.881742853820406
 -0.106228401773732 -0.985169582449649 0.134745762354823
 0.209474275426507 -0.875339755656257 0.435776135305945
 -0.535804196890764 -0.431215047690085 -0.725925233918674
 -0.972247316860309 -0.0128126203061064 0.233604348458716
 -0.0660419942584612 -0.875917348850663 -0.477919713944499
 -0.851102416778255 -0.383031589019658 -0.359042445913138
 -0.533645059427939 0.168539173313505 -0.828744530966541
 -0.303985029169152 -0.674432439840325 -0.672855100398337
 -0.364038214455558 -0.416487156700045 -0.833075402781718
 0.0605662371464631 -0.889326107786041 -0.453244751682851
 -0.713654383692974 -0.295503512302396 -0.635118173927301
 0.274717096203914 -0.958318623688354 0.0784597511170446
 -0.676995701954714 0.662400489516278 0.32078405668524
 0.439662714478901 -0.203429496547938 -0.874821774666873
 -0.584266513920416 -0.284482177743111 -0.760067451781631
 0.224106172872525 -0.622736258150178 -0.749650569309158
 -0.149368062050889 -0.176588873981644 -0.972885168776386
 -0.000921462456940573 -0.932437072217963 -0.361331229290431
 -0.15210305493626 -0.49593197330214 -0.854936335954732
 0.380232614609335 -0.91208438564443 0.153379373616441
 -0.333637728847472 0.596937235288588 -0.729624425999787
 0.23472201988432 0.24667226071624 -0.94024378177926
 0.34582733142415 0.312016061312161 -0.884900804792999
 -0.896699188959249 0.384460820532429 -0.219363720782077
 -0.886954478422539 -0.253230053322529 0.386246415259055
 -0.61136505987383 -0.547999576010397 -0.570902117930818
 0.239267584053117 0.0337299769387945 -0.970367616873674
 -0.209343502968315 -0.899195455715873 0.384217165395924
 0.475217746395722 0.094339306800869 -0.874796084069255
 -0.854683577257078 0.450798425150841 -0.257481577299361
 -0.045053517459592 -0.965736637582029 -0.255583503763985
 -0.819686393777241 0.0302498731127784 -0.572013252497809
 0.337332162156255 0.256866338763189 -0.905663677302662
 -0.063563323252438 0.566671511941459 -0.821488345316649
 0.066156668986538 0.856086476480859 -0.512580959395872
 -0.649919046857868 0.39031792625971 -0.652117434954533
 -0.0445930060064604 -0.381824492528572 -0.923158448328675
 -0.100645335786082 -0.934560407980253 0.341273146057948
 -0.936334315301497 -0.225498151283007 -0.269125683941207
 0.294084342160861 -0.934497530505725 0.200571097555242
 -0.810286275366461 0.542968100477816 -0.220503500689353
 -0.989899823946363 -0.117559021065069 -0.0792351886296835
 -0.254234706106429 0.358790131999288 -0.89812825108161
 -0.906705262751159 -0.39111400639135 -0.157846129201381
 -0.744505781516674 -0.667614927322612 -0.00120420275293779
 0.609214705418653 -0.254282764353629 -0.751130959589831
 -0.99441894274572 -0.0346541139358928 0.0996496798580063
 -0.249270787638341 0.23718193430716 -0.938940256069829
 -0.959957928599501 0.0410124940685638 -0.27712587509872
 -0.28509095223796 0.157026021505862 -0.945550621342979
 -0.787795694258007 0.350584717551499 0.506426993680116
 0.546843582498695 0.589543673493669 -0.594474855081007
 -0.994816629479547 0.0166445084240109 -0.100313678281068
 -0.877607456553768 -0.129528400727045 -0.461549071720788
 0.362536332476383 0.190747265188733 -0.912240586938332
 -0.910330543064246 -0.373247822332465 0.178841733072649
 -0.953195426102441 -0.124263183357298 -0.275639512623458
 -0.70454008899482 -0.599150674237088 0.380317936153968
 0.409115106794218 -0.869793880890055 0.275832257285062
 -0.873060645020869 -0.383532853708013 -0.301110710939236
 0.0451674503106257 -0.883234589189764 -0.46675107058391
 0.276400891189455 -0.82000650773341 0.501190457435626
 0.587445056324286 -0.114865322395418 -0.801070698197826
 0.662424557549783 -0.627322080447127 -0.40946393362354
 0.706549119047234 0.53922175971026 -0.458288376711159
 0.308158377140827 -0.735491128453321 -0.603399713758958
 -0.560231717603154 0.33478529460759 -0.757666964507447
 -0.636733332680595 -0.509139420876827 -0.579092145657902
 -0.391115027799622 0.368899156459396 -0.843174031498152
 -0.990929362076728 -0.0963625200354709 -0.0936657040043111
 0.0798026628466263 -0.162572879797753 -0.983464078528979
 0.0609452176058492 -0.837783955530451 -0.54258983063335
 -0.478726483585983 -0.0294743884931497 -0.877469209907877
 -0.389841897233319 -0.766841955868581 -0.509879113007363
 0.699272958739134 0.439102020949151 -0.564098169093455
 -0.737901085219807 0.0835182997702459 -0.669721346557596
 -0.964858513853288 0.262767682504417 -0.00109237176890578
 0.216625962042894 -0.97276944027966 0.08241849687411
 -0.375271579028839 0.234167103820348 -0.896848375959723
 -0.252192384594999 -0.156062677746013 -0.955009655326601
 0.505680618220333 -0.85829545525372 0.0872698335458048
 -0.639189858327312 0.44427460275687 0.627739119664162
 -0.9859017604481 0.166852521384083 0.0125680091148516
 0.531914503306197 -0.756623997001344 -0.380246089176777
 -0.446577545600712 -0.868718128310042 -0.214236573233288
 -0.754934484713545 -0.402000405457897 -0.518140519359353
 -0.363360141965359 -0.87234485230625 -0.327083882032884
 -0.387364423837316 0.508018100207623 -0.769328546855387
 -0.861252193672176 0.257637420814785 0.438026960689374
 -0.317769184592517 -0.368630633570304 -0.873575526967739
 0.10770976247715 -0.949548881795876 0.294542913931599
 -0.205180152060495 -0.963944476675979 -0.169446602463152
 -0.60344165156665 -0.493436452065756 -0.626401341734892
 -0.0843379048465166 0.743993336162001 -0.662843144003644
 -0.686564374568532 0.617762349683034 0.383404536863371
 0.232751549717276 -0.862361459421286 0.449621428992209
 -0.11334910834359 0.530787404855406 -0.839890892011919
 -0.348127581879688 -0.928455450177887 -0.129528621430087
 -0.0324970862378003 0.156329673798133 -0.987170184150748
 0.476782290183545 -0.775687248250382 -0.413506881042001
 0.298901471736255 -0.718055728531847 -0.628533118392738
 -0.0566291038356808 -0.928314209865147 -0.367458667554891
 0.130845735912442 -0.460491231724979 -0.877967663925012
 -0.278768420847036 -0.118683638707533 -0.952996517014407
 0.0879627399147942 -0.994555245136699 -0.0558786252315009
 0.128545459370658 0.98877476126838 0.0761612523127381
 0.112708696388543 -0.966203879425675 -0.23183358932901
 -0.47153690155418 -0.0629248164806024 -0.879598441303511
 0.352950277549416 -0.830395627251678 -0.431125508198114
 -0.764783597624912 -0.0786630363896461 0.639467102758115
 0.491244637117913 -0.86897852844337 -0.0596240187112964
 -0.758459695499717 0.325144025714852 -0.564818778763964
 -0.680865550414382 0.0830423895522262 -0.727685415407219
 -0.138398005088035 -0.150774109146166 -0.978832549621656
 -0.00593212679382964 0.677356534449967 -0.735630977535362
 0.637997330277221 0.0115510022758306 -0.769951934152751
 -0.692541686313382 -0.468153245944385 -0.548833810028094
 0.376388200431156 -0.143111739678855 -0.915341986659788
 -0.138080002570155 0.619328102347055 -0.772894956985373
 0.603460913461216 -0.774489088607427 0.189740816780659
 -0.0254267515785375 -0.348052455542874 -0.937130176920336
 -0.968451135039328 0.207423607940536 -0.138122575670915
 -0.483659247622051 -0.04799469112717 -0.873939495510575
 0.253602458571962 -0.925923144917144 0.279914491788121
 -0.974707939917398 0.220485222548424 -0.0364787403805843
 -0.234227831829982 -0.971700781175284 -0.0305763742057313
 0.321006823155883 -0.177205948361287 -0.930350832402887
 -0.409431456848655 0.252566107590263 -0.876684802788032
 0.252661198767014 0.60376748199619 -0.756060279555536
 -0.934164860177386 0.28467186301855 0.215169571304386
 -0.206429264403928 -0.761687743229363 -0.61418135807904
 0.0641876334173888 -0.848496343846525 -0.525294110185288
 -0.943882660754646 0.00789855160452013 0.330186516395324
 0.315626380336784 -0.893468798745392 0.319520724999125
 -0.495722729352422 0.605653287716192 -0.622449251491198
 -0.928996544586203 -0.0230707728342156 -0.369368595833115
 -0.987299982235719 0.0708633634206506 -0.142186950182009
 -0.205823947369478 0.505895522017358 -0.837679069508145
 -0.0528850201671149 0.166194480871592 -0.984673838979053
 -0.219239758355775 0.286929941743004 -0.932526212439874
 0.256392621961267 -0.0934308080532259 -0.962046520450206
 -0.12856640757379 -0.645745621215458 -0.752650829750843
 -0.692599385530412 -0.673110888571238 -0.259283286869274
 -0.890374549385922 -0.333284145848905 -0.310088438887333
 -0.992144165960388 0.0403082193704987 0.118428043139901
 -0.990702837589124 -0.0194775121528479 0.134642170634588
 -0.244176442936964 -0.328542002200835 -0.912380412714191
 -0.661902416696114 0.641964990093472 -0.386996307819767
 0.276593112710024 -0.212247876371167 -0.937255082129358
 -0.649529511989225 -0.323320986710822 -0.688167822996237
 -0.0712259644855658 -0.742283248881252 -0.6662900572674
 -0.720903402716917 -0.661822627504303 -0.205643122118081
 -0.0574063873202177 -0.995500035918546 0.0753935354059933
 0.0883643117907599 -0.994612633911013 0.0541983105487883
 0.0867323555963959 -0.987905365877326 -0.128532044889545
 -0.901829641814418 0.280484148892344 -0.328682125107248
 -0.423576114796361 0.292244589870305 -0.857424267597761
 -0.941061021671069 -0.182054097787224 0.285062201931937
 -0.982657849020127 0.0709667176088216 -0.171310468888995
 0.217816928899395 -0.207127950139615 -0.953757724873459
 -0.12574037368726 -0.154538569565439 -0.979952646275143
 -0.966353392485936 0.239162358132941 0.094670413980366
 -0.958512465558793 0.2312194339251 0.166707608535902
 -0.872847510413961 0.450484051112176 -0.187620210152619
 -0.584161649837478 0.0369415823554384 -0.810796205191066
 0.0836493892771759 -0.967454174860436 -0.238820433000755
 0.608813644788201 0.535152681259256 -0.585625779539064
 -0.1866100964324 0.0170403373299331 -0.982286261134285
 -0.841923176938319 -0.375649091587687 -0.387366911497916
 0.424661661108197 -0.738057196817636 -0.524341537369032
 -0.937765682764151 -0.262114363101447 0.227797245123398
 0.0991767886808374 -0.955105559439754 -0.279172589833296
 0.149656157431136 -0.313124954451716 -0.937846361320743
 0.626656711265764 -0.767740784776305 -0.133699115990501
 0.0548298524803987 -0.0984471847826111 -0.993630635138308
 -0.241357182867284 0.209236725759199 -0.947611050416751
 -0.0689300411446854 -0.105089312181339 -0.992071008493366
 -0.282967719162148 0.0852552200223762 -0.955332830677931
 0.0325912661711202 -0.966499706494845 0.25459011511593
 -0.00511671504715489 -0.340208606400557 -0.940336069369945
 -0.942235458650099 -0.307865552422515 0.131951286822134
 0.189686773695364 -0.981251010422555 -0.0341376980735262
 0.00754484557279397 0.52583614942877 -0.850552420053701
 -0.967748579436201 0.142299900935409 -0.207878390394451
 -0.428246171936711 0.364065222420245 -0.827080244018469
 -0.021656856080075 -0.0297532463983377 -0.999322633043747
 -0.949580297889323 0.311670275192462 -0.0340425824795794
 -0.247333944141776 -0.954789772368672 -0.164931533235621
 0.117264442079875 -0.183504998975325 -0.975999470273812
 0.0631251175106554 0.301110342650225 -0.951497651646251
 -0.519302777229977 -0.0212055277718007 -0.854327192095132
 -0.936951737614577 5.47567935500379e-05 -0.349458779232571
 0.0794330196061645 -0.885370996457305 -0.458048680850023
 -0.089203694027638 -0.694766819121383 0.713681839491366
 -0.802599824786845 -0.353679869744269 -0.48035827357276
 0.0460843435224436 -0.743812784682872 -0.666797401482952
 -0.570558767396624 -0.178757411977356 -0.801566267135789
 -0.694894010521173 0.156040506850757 -0.701978400211544
 0.0311404433289778 0.69582278972026 -0.717538095222261
 0.292542556568488 -0.932250641291423 -0.21290278158846
 -0.370673565027608 0.25343534634502 -0.893516442720952
 0.601507084265143 -0.105365823921229 -0.791888420630234
 -0.583159677317511 -0.321865029384689 -0.745873778604751
 -0.46511220837319 0.146290859044278 -0.873080533617776
 0.577631921664949 -0.031281598107467 -0.815697753272314
 -0.572787987069333 0.559551242417359 -0.599012795337673
 -0.734573965291696 0.67457807225846 -0.0731130217108707
 0.672783285229773 0.150054826287146 -0.724462697606556
 -0.298795817210171 -0.949212451642179 0.0985737351689052
 0.298177548753577 0.0500872546054616 -0.953195371550553
 -0.364985124449344 -0.0445952846122232 -0.929944686269593
 0.616172455491672 -0.0576725424303178 -0.785496901930865
 0.0885518076808175 -0.987636634246942 -0.129353995105803
 0.461312093842539 -0.819457006528835 -0.340119635606964
 0.204737933804218 -0.748520150219532 -0.630713852057261
 0.750825625089129 0.075082767537039 -0.656219063063927
 -0.125313714457938 -0.992107252602725 -0.00443534686656722
 -0.889768586365941 0.380098215118089 0.252660265139571
 -0.151786377097099 -0.964341438145646 0.216809793143493
 -0.455565349888398 -0.283372012939608 -0.843896032852161
 -0.0215402003337603 -0.562111777405063 -0.826780726355
 0.0179518459151733 -0.999606037059005 0.0215754931213335
 -0.547849514239614 -0.706392995298801 -0.448185057694037
 -0.109790010784666 -0.519864435078073 -0.847164165125543
 -0.177461430560237 -0.854307377651317 -0.488534896557087
 -0.820186410993034 0.36595972019307 0.439735982628868
 0.0997547713592663 -0.943787275980034 0.315142131885357
 -0.462825329369322 0.11283777196356 -0.879238506727542
 -0.0589146685458474 0.719867905720307 -0.691606289838368
 -0.225822040464721 -0.940158553253216 -0.255159363506749
 -0.389938596672929 -0.91562279246283 -0.0978917399340593
 -0.732672447326672 -0.550803904502752 -0.39975760619764
 0.343540585979629 -0.551924341382229 -0.759841685599419
 0.365484426763233 0.829093498395748 -0.423113583699993
 -0.0717326900881517 0.0255947168690111 -0.997095447608258
 -0.00980297036212624 -0.999838322275636 -0.0150741859190367
 -0.98832295039648 -0.00615852617439452 0.152249197945199
 0.0016840520781736 0.461222302008604 -0.887283016910885
 -0.268990422133243 0.295274346351219 -0.916764535301972
 -0.525969095940743 -0.42212843703513 -0.738352282289123
 -0.599940807877616 0.546313377460862 -0.584476450039229
 -0.968694226986549 0.246439476522356 -0.0299846463097302
 -0.773203939582768 0.323625070102983 -0.54536454029807
 -0.0416122506929774 0.544835594092691 -0.837509758750266
 -0.148433172277831 -0.890490900597807 -0.430108764523635
 -0.299043370400435 0.652788363756036 -0.696017539121153
 -0.716318707121716 -0.246788230751788 -0.6526737921733
 0.400548912823655 -0.375969967028616 -0.835587908198945
 0.0672811296300317 0.46411675665509 -0.883215084669452
 0.0604179226053458 -0.997703906825119 0.0306037405221705
 0.60430368684899 0.234909749392534 -0.761337286425047
 -0.259043114792166 0.498059678753622 -0.827546506897716
 -0.374963508489906 -0.20592767522027 -0.903878398834332
 0.00511631243355358 -0.136581682743435 -0.990615600162876
 -0.32544090686077 -0.712311978915523 -0.62185196054615
 -0.936845251957722 0.0423809755599107 -0.347166857281716
 0.493841061998222 -0.869532910379254 0.0057899267570742
 -0.0316840592891172 -0.26748629099942 -0.963040603772415
 0.495501601968962 -0.839426446288472 0.223251884018254
 -0.481577899702752 0.0815170893215265 -0.872603971264417
 -0.275630933585642 -0.545257510436629 -0.791657650606092
 -0.969543238894296 0.0694819943727747 -0.234857744969886
 -0.02071348387725 -0.968796842672321 0.24698912772389
 -0.98895249276117 -0.133538054322364 -0.0643471453078144
 0.17598084861885 -0.982010945600612 0.0684488395809724
 -0.841806923868623 -0.517749421769143 0.152632366110743
 -0.970780829306264 -0.182187889280839 -0.156179878508197
 -0.448797142211139 0.212581077497363 -0.867980651070734
 -0.432681151310646 -0.321821922164337 -0.84215062293805
 -0.387115627665669 -0.0254595744547156 -0.921679608587279
 0.339230653306887 -0.673745909228392 -0.656497535147688
 0.799107183693546 -0.384610519972628 -0.462063260707615
 0.461499431089381 -0.342479004286753 -0.818368136431845
 -0.517198456944568 -0.266745868725646 -0.813235757730781
 0.376454067193747 -0.863493703350438 -0.335650055217383
 0.291617206216968 0.0910786037907487 -0.952189105676881
 -0.158051718388556 0.699488232904146 -0.696947534856864
 -0.690208364371627 -0.375677566232615 -0.618448688236124
 0.547424897771685 -0.67973218867931 -0.488149703444441
 -0.409386126253918 0.172752132288199 -0.895856964264213
 -0.332481458201861 0.09188863037854 -0.938622692863922
 -0.300478925141374 -0.0286830774782907 -0.953357066692359
 -0.207504232355519 0.0465092073165008 -0.977127876579794
 -0.802257925476089 0.00117084881394535 -0.596976423423787
 -0.423479741036161 0.360894870006516 -0.830915038818606
 -0.676395862469027 -0.355610566459802 -0.645003691661466
 0.117640759871886 0.406455430584259 -0.906065469248956
 0.0326444114744017 -0.0140986721592528 -0.999367584947018
 -0.529348724581591 0.233347056562967 -0.815683197679861
 -0.455249599239777 0.0723369007516032 -0.887420517669991
 0.119127911346816 -0.534623739242392 -0.836651658802293
 0.113628331315487 0.209409959987872 -0.971203413801834
 -0.924320396589057 -0.0316075178889119 0.380306152017491
 0.106530328372115 -0.874356102761947 0.473447668385714
 0.593847979719207 0.122598400044602 -0.795181871831797
 -0.548144109743173 -0.236195729350326 -0.802340085244737
 -0.905132580883105 0.389370609609955 -0.170662061970027
 -0.299187853758816 -0.804535888652882 -0.513038626258015
 0.251567924489345 -0.94529705528372 -0.207670548321254
 -0.911932104541725 0.281776066718128 0.298298650568455
 -0.935784106569087 -0.352531982282991 0.00541362727941293
 0.360007426106087 0.225604027290851 -0.905260998838798
 0.348628009688326 0.105091398837603 -0.931350797901152
 -0.149197240684376 0.216493683123491 -0.964816391102366
 -0.27322062477491 -0.950801711607402 -0.146036281115489
 -0.816547718592102 0.079049680443194 -0.571839987482392
 -0.902849306025972 -0.425354169883414 -0.0627452051651129
 -0.0220381365393738 0.237983624542996 -0.971019111545829
 0.0879664790400415 -0.327330748909247 -0.940806292168483
 -0.333555490553439 -0.937468436090552 -0.0994669093497396
 0.319146111341161 -0.803300170883994 -0.502846492553703
 0.483697973970188 -0.874856618054644 0.025732621769391
 -0.371610223849298 0.116165463997249 -0.921092517885678
 -0.168280269242318 0.124831546563564 -0.977803066044631
 -0.128598949107446 0.0492155023367059 -0.990474706702905
 0.573955123285123 0.47115618049764 -0.669766653420156
 -0.952778024748664 -0.273922017739007 -0.131075412468641
 -0.26854026513823 -0.000113788412667003 -0.963268453262997
 0.607968540305456 -0.784920032495894 -0.119477180187254
 0.0245961597885105 -0.443838494881489 -0.895769177514494
 -0.229646511930406 -0.973273803756255 0.000763203792608851
 -0.409290674018491 -0.125232485491897 -0.90376875844378
 -0.0953172509522913 -0.875152019513578 0.474366487446366
 0.35563361904948 -0.911794633815167 -0.205317497422003
 0.266982332714965 -0.0341621519539957 -0.963095728051967
 0.456941579003188 -0.88766644472137 -0.0570322390740254
 -0.0298774230206756 0.856919340329794 -0.51458389380391
 -0.93950580508803 -0.143774939429026 -0.310898068501675
 0.00709939347242718 0.589601928861793 -0.807662778698373
 -0.0643064901538359 -0.0353251651119941 -0.997304771889669
 -0.983797278737955 -0.177501096050682 0.0252244969940082
 0.477127407677125 -0.177168021296129 -0.860790874181018
 -0.9384015794592 0.325378825232924 0.116323238256684
 -0.539673302038748 0.0610519526882142 -0.839657898277358
 -0.888933162338865 -0.452810584690667 -0.0689957048396543
 0.0900215776591277 -0.453678594320296 -0.88660693016202
 0.583499724839824 -0.271794224569698 -0.765281628292752
 -0.168044751057585 -0.0460365868174197 -0.984703810450735
 -0.755554994898224 -0.552028684930799 -0.352705232025155
 -0.251904373931385 -0.374461310486962 -0.89236926960907
 -0.816452251022204 0.575758598592878 0.0436778885380401
 -0.97459014587947 0.218048293397831 0.0512736706402762
 -0.155059555432955 -0.942185025246455 -0.297058769387931
 -0.307006838126309 0.49420239163823 -0.813333140504393
 -0.038667450207653 0.174225558479661 -0.983946280579834
 -0.488817104846593 -0.0798470438339307 -0.868724517669657
 -0.122929461458429 -0.660793011731555 -0.740432943049053
 0.424921797715077 0.612360147829824 -0.666675719654184
 -0.906717658853288 0.104449027359604 0.408599422181732
 0.259392019368768 -0.960762833737645 -0.0982372515708886
 -0.0480336532295215 -0.991226139447535 0.123140199095836
 -0.0497255471813156 -0.0994958325434322 -0.993794721893817
 -0.303791189838588 0.308256213967107 -0.901492661937478
 -0.0267037942898613 -0.297208728984137 -0.954439038800362
 -0.649070137567696 0.365894253037566 0.666955284941902
 -0.996383294866755 0.076738279680551 0.0364906308816082
 -0.943131669864627 -0.222515701758335 0.246960352626399
 -0.0841947969775824 0.431883239944911 -0.897991148740671
 0.192520381939333 -0.403356723591528 -0.894560929211332
 -0.938262187029665 -0.249946793368685 0.239145706369614
 -0.999864739099829 0.0157564996841459 -0.00471552993143028
 -0.162370643970865 -0.074986638032286 -0.983876403870477
 -0.93987897864877 0.0615649070135972 -0.335912589401696
 -0.992731588197939 0.064877185584219 0.101365401319527
 -0.425016975004109 0.644342559684109 -0.63575406938382
 -0.298384650802293 0.026667229506354 -0.954073088938185
 0.404228307271306 0.165107388673992 -0.899632717171752
 -0.0224069147797073 0.627892896802818 -0.777977146396101
 -0.161403880436865 -0.936791144779352 -0.310437012037729
 -0.866659270417453 0.483371974723711 -0.123504020384714
 0.131672989059627 -0.00141221257590012 -0.99129220193026
 -0.78048884469711 0.119707516756217 -0.613601885374735
 0.257805060405726 -0.952621753166711 0.161395000612727
 -0.543577001097941 0.825303109765356 -0.152966731314366
 -0.180341670336437 -0.30664753289588 -0.934582351914016
 0.0685568279625861 -0.926600399440749 -0.369745400371598
 -0.376314411674603 0.503824082547751 -0.777527335475039
 -0.928641386330767 0.256240295597261 -0.268264955791655
 -0.802033367347643 0.166130737578232 0.573709905520825
 0.132317693647031 -0.656280734751188 -0.742824087615885
 -0.310610297610089 0.385465796000584 -0.868871315634374
 -0.889675972187678 0.12974198425479 -0.437771266797558
 0.863979807320914 -0.0750788320156863 -0.497897641614094
 -0.6034781522045 0.466912471564151 -0.646379813816689
 0.245799629227734 -0.923655041475168 -0.294013446340494
 -0.550133200519285 -0.0532352178596941 -0.833378349410302
 -0.0646384051838778 0.339133855691516 -0.938514839786293
 0.0244118254345096 0.16131865234548 -0.986600402992211
 0.403847844173422 -0.567483339426972 -0.717544129813137
 -0.124903383590389 0.159844637316569 -0.979208270333133
 -0.569741641663476 0.0858969914357428 -0.817322560937171
 -0.394242926495811 0.414802415322793 -0.820067967396847
 -0.51615714810537 0.0857868636965118 -0.852186841295292
 -0.211157858804794 0.227025074801918 -0.950721817397791
 -0.185485178122102 0.690447884532099 -0.699197373738032
 -0.974928466025302 0.196616273362214 -0.104194660048901
 0.102005851184574 -0.787458964266807 0.607867737192852
 -0.268197759954912 -0.963062645762082 0.0240894560524998
 -0.862885881398783 0.2432770231567 0.442994633925356
 -0.287285976583324 -0.90689417060172 -0.308236485489932
 0.518733567883396 0.7144605457801 -0.469533400382299
 -0.86825688259342 -0.134896875127285 -0.477423102614494
 -0.39384958638652 0.102247997926459 -0.91347022404849
 0.0511625435606256 -0.766572199513472 -0.640116752686168
 -0.995428256139517 0.0883857885949045 -0.0362013708786999
 0.39380391069079 0.274242447989188 -0.877330929379295
 0.0531781826863979 -0.244422434280267 -0.968209561255558
 -0.994637508758596 0.10216584706133 0.0160737632412144
 0.306027418412738 -0.323907704692103 -0.895226796974224
 0.286507309437098 0.37171772402138 -0.883028592565088
 0.154093192090453 0.0813307214293896 -0.984703306536111
 -0.245952108710361 -0.240214733943144 -0.939044430161615
 -0.97581312070958 -0.217978702040069 -0.0165541205733777
 -0.901575088509384 0.0200784607284871 -0.432156470730303
 -0.263094313862641 0.510513255389844 -0.818631539878845
 -0.0712333440020702 0.206472019413819 -0.975856093848608
 0.540108547514149 0.155495133413276 -0.827105809668233
 -0.350000300492867 -0.205838933700149 -0.91385454150433
 0.269291316267868 -0.962621143515682 0.0290296579256523
 0.149432837822094 -0.797091279424387 -0.585077190844105
 0.238309539785288 0.381289922898528 -0.893211373608375
 0.0697261817472494 -0.963187950363451 -0.259629027370987
 -0.823989587158807 0.536929738385479 -0.180963024651887
 0.0774048318865334 -0.0975395271008481 -0.992216978615847
 0.278825942324578 -0.954087258648913 0.109423931434644
 -0.673967869501614 0.644738704042409 -0.360665100043199
 0.411789362170219 -0.910953275438506 0.0243649578555198
 0.136610594877554 0.420614050791276 -0.896895403959768
 -0.818814309944899 0.472237111580164 0.32639735948056
 -0.102102244486755 0.15380567799796 -0.982811754654143
 0.790459331051359 -0.612452998447613 -0.00868162694234468
 -0.152700630790795 -0.156425741754459 -0.975814277756101
 -0.832167455390874 -0.20283281927907 -0.516097058324867
 0.0935351916316631 -0.373648555808493 -0.922842307584918
 -0.273816542530838 0.140604395920556 -0.95144884512215
 0.39860493868179 -0.79053389083091 0.464941147142548
 -0.152899216095206 -0.508153284685499 -0.847586024531322
 -0.995346594409916 -0.0149246729773698 0.0951966970703375
 -0.572663343337165 0.596772382199376 -0.562067094786719
 0.082720783840125 -0.234640580543963 -0.968556177969491
 -0.495659638197486 0.148285620003295 -0.855764510810174
 0.252292030170242 -0.0500096839600136 -0.966357989061402
 -0.203516599554612 -0.974199684161656 0.0975498287290063
 0.164284188313059 -0.918304083633251 0.360178171816138
 -0.182821413684684 0.44824607225926 -0.875015308096081
 -0.547914852828076 0.664910745150306 -0.507624876295531
 -0.243269250777941 -0.0428955801059003 -0.969009824941583
 0.10898500467915 0.631592238499883 -0.767602444642923
 0.300549167011214 -0.823221662026772 -0.481639173426274
 -0.958325690114539 -0.214980660623213 0.188136086980939
 0.166561489828081 -0.980659167648786 -0.102785538927614
 -0.0933747806784809 0.261337858490318 -0.960720393274203
 -0.947677735585089 -0.217854345943404 0.233337509693342
 -0.946212925296819 0.0689711763216079 -0.31610769816322
 -0.99162184451938 0.115695493591984 0.0574514598116464
 0.278770168678547 -0.401191188617042 -0.872543880404292
 -0.666537382755595 -0.257924415396217 -0.699430420650861
 -0.660710811934908 0.381693436943185 -0.646352336722637
 -0.111227720815173 0.16127730639982 -0.980621244193027
 -0.605137899862932 -0.361348807562421 -0.709390697304875
 -0.0632668375594481 0.331506943405806 -0.941329088968872
 -0.265123391903029 0.223831254119152 -0.937874808673994
 -0.246799471619662 0.00387350171777483 -0.969058830408504
 0.121762959504229 -0.986791972999077 -0.106842799089884
 -0.365812442078013 0.209219413727599 -0.906867407144176
 0.165369977972073 0.88602962223406 -0.433133096067809
 0.0278752790036376 0.606000185857355 -0.794975938982634
 0.501709027677258 0.542694972977281 -0.673624686195755
 -0.166431817079356 -0.0475784920547601 -0.98490443057053
 -0.522235646677914 -0.12772830190209 -0.843181718392963
 0.164194824575364 -0.776606336055003 -0.608212675288742
 0.0966220878621178 0.398504455759531 -0.912062701176276
 0.355426261511307 -0.827864856352458 0.433949250770895
 -0.797812825835749 -0.207688736953676 -0.56600360729819
 -0.305804003870483 -0.931668734272964 -0.196156266264921
 -0.961062510721086 -0.164013559633693 0.222392452081378
 -0.481801924312849 0.567690755436666 -0.66752836038642
 -0.61124216542953 0.518585946425863 -0.597872587906998
 -0.952664557855031 -0.196094382626177 -0.232330009489383
 -0.146616476065967 -0.962228415744618 -0.229390681762797
 -0.920237924014039 -0.208134268084509 0.331424636463944
 -0.315333522915747 0.780367982619115 -0.53999127865968
 -0.451256407076354 -0.0754540673982816 -0.889198706018849
 0.00153844932405836 -0.98971941225742 -0.143014398486669
 -0.809689231838872 0.569495034523799 -0.141699518336919
 -0.0410968743742793 0.0886601440636878 -0.995213758833383
 -0.924194235338506 0.316613047962195 0.213591182465857
 -0.135094398794546 0.822467698433892 -0.552536323192599
 0.319147605107607 -0.170768296250111 -0.932192574069282
 -0.0818596708003304 0.117260405337311 -0.989721673823803
 -0.562686595257328 -0.249246739854822 -0.788200392152566
 0.101779920845061 -0.640398581952823 -0.76126900892233
 -0.309723671787177 0.240609456789147 -0.919879522784534
 -0.867331915766445 -0.48893311523538 -0.0931652119577629
 0.0735002156869007 -0.973166610122435 -0.218046938150455
 -0.782448652644424 -0.192787373299876 0.592120878428603
 -0.169581734594865 0.643669868241663 -0.746278189423727
 -0.64445641985298 0.269883160429713 -0.715429243620045
 0.383739036933409 0.42135751215284 -0.821706881123548
 -0.578712079772731 -0.54264437784806 -0.608793403311019
 0.0507178303258574 -0.900254416552213 -0.432399915778521
 0.0484453718394481 -0.961208585109604 0.271534715752758
 -0.237581248003509 0.464873406236973 -0.85290554387384
 -0.140276647430886 0.682540645267772 -0.717259178918614
 -0.47950142922911 0.220074765480704 -0.849497190675669
 -0.903833165481834 -0.00497358487880925 -0.427856135200305
 -0.300240102456878 0.182007640959263 -0.936338133106373
 -0.983860334501334 0.176032650327911 0.0321146105916766
 0.396069971612206 0.266713646749018 -0.878630985240645
 -0.030200799982285 0.238090029549191 -0.970773428514448
 0.405739620717313 -0.65396935569016 -0.638513462660238
 -0.356600480421212 0.435883277695727 -0.826342462656126
 -0.992441932399942 0.12157878459839 -0.0166616310680105
 -0.983574806891187 0.0405804839532077 -0.175880139785843
 0.243098279356694 -0.838547048512362 0.48758801667496
 -0.922512390670196 -0.152043990964528 -0.354758388021395
 -0.228482343950953 -0.341279066483988 -0.911769936597219
 0.353718332121907 0.478011484295462 -0.803982812255676
 -0.18493200990628 -0.0370541885645883 -0.982052513270978
 0.128331557629002 0.239299609787701 -0.962427507956817
 -0.324735391256556 -0.406160903753251 -0.85415469671939
 0.343504903524471 -0.121168059774482 -0.931301606647992
 -0.931018278760675 0.275338779211257 -0.239569449796847
 0.450796576798946 0.768856884488934 -0.453477163173983
 -0.504080054954131 0.633574524940479 -0.586929825059084
 -0.208308947891833 -0.976576561449909 0.053903634894772
 -0.283893456600047 0.947292936522417 -0.148460761531163
 -0.779710924689977 -0.0790058714014028 -0.621135207666741
 -0.884817676922505 0.457391263327935 -0.0888307989198442
 -0.153170837135369 -0.988019986761395 -0.0188467612937508
 0.295438012036996 0.699731074449632 -0.650455843615223
 0.0264252377769471 0.418293811101971 -0.907927306782994
 -0.913511832609418 -0.224234929681123 -0.339433097964068
 -0.748759770844995 0.450672138531634 -0.486059079861156
 0.162011818746134 -0.236771392499071 -0.957962148668005
 0.356987878080384 -0.364725983652273 -0.859961982736764
 -0.916498378263826 -0.0241420797726835 0.399309256872448
 0.13605675939675 -0.964779532238892 -0.225142204829213
 0.104091805860431 -0.288429592874338 -0.951826279268995
 -0.442091910746834 -0.100626102601741 -0.891307539476357
 0.0845587798288362 0.282244411743443 -0.955608656717517
 -0.300274155977729 0.0480754234818564 -0.952640637863462
 -0.23051606156652 0.0167097393349694 -0.972925038207578
 0.0415427446780717 0.156119324293283 -0.986864203903871
 0.239778736819897 -0.966570045473 0.0908212781421675
 -0.570996725590064 -0.166714056049649 -0.803846479671896
 -0.938258513467186 -0.345472899990346 0.0178728083581444
 -0.345773033551699 -0.718062667075714 -0.604009118656802
 -0.920000453577723 0.389515993303021 -0.0433180837289229
 0.10389617800047 -0.213031637333521 -0.971505587061595
 -0.90489722896947 -0.398077307549286 -0.150650131821004
 -0.48378806495657 0.354665526979639 -0.800100913746406
 -0.92916663636823 0.337237704792863 0.151393831863098
 -0.718582278867821 0.498898036014574 -0.484500008418916
 -0.0373055728854024 0.46306745433266 -0.885537592070242
 -0.424985433602557 -0.427605612161852 0.797835084258228
 -0.161065040234382 -0.964444889408344 -0.20953307163411
 -0.184732911317256 -0.11562619048617 -0.975963285964132
 0.156205941110736 0.214683377089336 -0.964111379231273
 0.152192952349906 -0.0597444238420215 -0.986543414693345
 -0.349119350049179 -0.158425068249377 -0.923589290307883
 -0.19460666639261 0.823145392361229 -0.53344156983688
 -0.458755485566413 -0.0679940148487886 -0.885957232832075
 -0.202068213567016 0.484390385615979 -0.851195859593219
 -0.924483333461334 0.275345918630593 0.263657336794739
 0.321799206882095 -0.832344735746168 0.451273211398258
 0.633397842903601 -0.741109319619233 0.222630072044599
 0.301393906701516 0.306920108976381 -0.902752324676666
 -0.333023750942819 -0.486642054287212 -0.807635247068315
 0.694803039241568 0.341723476082615 -0.632829994986563
 -0.907108003120781 -0.39992424160277 -0.13120850449829
 0.389481467784079 0.0095848330840119 -0.920984428330637
 -0.775340708284588 -0.257344207744801 -0.576732819264652
 -0.973177310484761 -0.167088377556103 0.15813727088614
 -0.988051213521531 0.144833156185084 0.0527082187907788
 0.18543470853216 0.500704459087795 -0.845522923119883
 -0.88691467942302 0.0921601398193691 0.45264650672731
 0.17643892193213 -0.984278464771 0.00807530900154794
 0.20264942982975 -0.941742638694205 0.268428782091178
 -0.92044945406678 0.339961847962281 0.192869760300153
 -0.670213784301209 0.0117051178784618 0.742075786930219
 -0.854463173355877 -0.0846413061548584 -0.512570516778916
 0.460667277158199 -0.333963435679684 0.822346692937153
 0.143965757286951 0.108990648242676 -0.983562351518416
 0.198572058593261 -0.735848002610284 -0.647376903048363
 0.420200608134596 0.446645716805922 -0.789898127977424
 0.0601711850932061 0.0416273330169674 -0.997319704824072
 -0.557972958579367 0.197358250568695 -0.806049563256908
 -0.36804693472739 0.0774290603525214 -0.926577678584315
 -0.774801840507887 -0.485505607087002 -0.40492766444474
 -0.246242220048196 -0.735424701838004 -0.631280664199545
 -0.499150116077193 0.455516809133227 -0.737125225600921
 0.574877763946958 0.064527916575544 -0.815690936876072
 -0.876204344994811 -0.234677433608434 0.420942333303712
 0.485428302715426 -0.332489525512249 -0.808585232580623
 -0.914354797896548 -0.24167452360216 0.324882637586609
 -0.888678186966676 0.246760045266113 0.386471939563389
 -0.617693927930636 0.112166898507367 -0.778378313082309
 -0.404937966052738 0.70578569935342 -0.581284603475161
 0.0929165794662657 0.0812132384059598 -0.992356246097089
 -0.939393413520094 -0.232357555917227 0.25209121532342
 -0.980429596536972 -0.00286293558590841 0.196849205825632
 0.234395019467047 0.00309220854029902 -0.972136519782785
 -0.656675471237095 0.229775296059644 -0.718317923204094
 -0.692955469563265 -0.687503157758341 0.217145401228448
 -0.310991328421095 0.162560978731716 -0.936407134659209
 0.141258406211053 0.254028138878945 -0.956825881408113
 -0.189205114234949 -0.234620875464105 -0.953495920045701
 0.10950102397879 -0.993982786913195 0.00278299620453713
 0.509436976876012 0.546028357342812 -0.665076686983494
 -0.304662479518786 -0.872273290417415 0.382518078524195
 -0.0597185207575722 0.0363465985785481 -0.997553318399722
 0.186104791728031 -0.317498853664606 -0.929816909083464
 0.043246098749523 0.515465258436834 -0.855818521818496
 -0.456876833460791 0.504684463361241 -0.732500615350333
 -0.0768630792345254 -0.710004529792574 -0.699989739013803
 0.197314364776586 0.568488761910843 -0.798678639400034
 0.301488713222291 -0.942340359277779 -0.145255647311193
 -0.161011165629623 -0.983294366095828 0.084897550888075
 -0.198619927881186 -0.874836447877819 -0.441827244195049
 0.0520635574463097 -0.347919409080614 -0.936077705519703
 -0.50567962032652 0.0413437344243813 -0.861730130151124
 -0.652301939172123 -0.735681030609526 -0.182416011779649
 -0.674070003892306 0.176167109710454 -0.717352618527939
 0.434273028425466 -0.897712342987539 -0.074293243501661
 0.916022322457043 -0.107080698543996 -0.386570599968149
 0.405414612513992 -0.0573790241308347 -0.912330334664985
 0.170656758824794 -0.171277461744278 -0.970329996323856
 -0.933781242699545 0.207028844441188 -0.291876083898356
 -0.30809979391438 0.825063471914316 -0.473650487493269
 0.103950852397105 -0.331543317932023 -0.93769571216922
 0.0783659786728712 0.68157442764088 -0.727540427036636
 -0.908174833295873 0.406570738613083 -0.0995927039075886
 -0.98997772119337 -0.133838491090131 0.0450707204679371
 0.337572730407839 -0.0147713542051986 -0.9411835414944
 -0.205116348462352 -0.966742598229182 0.152761357556684
 0.818305696954919 -0.537476554204792 -0.203702577330939
 -0.976169927469579 -0.215778457802644 -0.0230636044960388
 -0.557554932708246 0.0204241762516891 -0.829888757627878
 -0.274312871934161 -0.93819029737804 -0.211072059252135
 -0.0663276631957195 0.291708097432646 -0.954204918760756
 0.286227605639081 -0.855105837932947 -0.432282041846653
 -0.262841519270855 -0.481649808340981 -0.836019017650008
 -0.831374484655304 0.440825654128489 0.338362540666543
 0.0952258197097043 -0.0977090610388025 -0.990648768561053
 -0.256081812525536 -0.588166977295937 -0.767125616905208
 -0.170940722553011 0.650138337994346 -0.74033736285764
 -0.991354373249636 0.0591332584369314 0.117131397948852
 0.0109170309027826 -0.402805285207393 -0.915220585785339
 -0.701190610325998 -0.476301075121954 -0.53053653392422
 -0.348917580990425 -0.933267714468885 -0.0852519489854255
 0.119280629996198 -0.899414088469241 0.420507346868939
 0.057396133161761 0.152702654942637 -0.986604066012069
 0.129541551345238 -0.990032582721753 0.0552672744430691
 0.0624778522017982 0.466235283315831 -0.882451799576417
 0.0825641870067339 -0.935165023061131 -0.344455417531778
 0.744893544095538 0.277174812881956 -0.606883622343396
 -0.82358913272341 0.323161147839776 -0.466119955576651
 0.273553677762904 0.616475836181527 -0.738326437821833
 -0.0796241503450967 -0.751013042502025 -0.655468843404225
 0.433874828936758 0.423607309535782 -0.795178898187669
 -0.460349851853548 -0.678268403496853 -0.5727390214716
 0.770112957847542 0.411147030984813 -0.487733688674141
 0.0514046473832726 -0.922597459273905 0.38232380303708
 -0.207241652815052 0.186944162271477 -0.960261827592403
 -0.0700420060427583 -0.0841773034043862 -0.993986065788184
 -0.950427872287802 0.273857482172967 0.147271650484282
 0.349713495638969 0.162122921885136 -0.922722400924243
 -0.213113388722936 0.249423865790058 -0.944653597209776
 -0.9156513495051 0.345831712116112 -0.2048976160045
 -0.435505015880118 -0.258721925964718 -0.862205512722092
 -0.187062609357606 -0.0346187365891131 -0.981737807796612
 0.0685148204302794 0.290361110239423 -0.954461180479299
 -0.448167296645483 0.238329903085537 -0.861594412419624
 0.769938983888057 0.0789501518489833 -0.633214682878128
 0.602762833146021 0.105714176126424 -0.790886515211692
 0.334463770665418 -0.930637177010566 -0.148487140446827
 -0.64995918432617 -0.726706752048132 -0.222374358318836
 -0.601576588771284 0.0159038900640743 -0.798656793699982
 -0.922181184495094 -0.0941967912397821 0.375111753326065
 -0.936703570771849 0.125559617648976 0.326835131096875
 -0.525915095682916 0.503017480080306 -0.6858474516002
 -0.376344254488212 0.0896764704396558 -0.922129672423135
 -0.967463477641011 -0.129773525174951 0.217194041341899
 -0.00952171007193579 -0.845608246006436 0.533719056548691
 -0.373387713061609 0.517044420131001 -0.770225086157299
 0.132766037012816 -0.968325583537006 0.211468067763499
 -0.430721702258313 -0.414122627518365 -0.801861125495548
 -0.175986996262117 -0.250359901613079 -0.952023369886962
 0.283304671726865 -0.941662599827499 0.181686573702762
 0.660472526707065 0.579817650978928 -0.477061351482662
 0.104462917480194 0.11187143137207 -0.988216717989678
 -0.379584016394582 0.117218530361521 -0.917701362447307
 -0.411113302039259 -0.261557309564658 -0.87325461733659
 -0.193555415377155 0.426754026452918 -0.883412305825767
 -0.276131149839843 0.111954033028742 -0.954577331899687
 0.506720902476452 -0.0004112516365649 -0.862110061341092
 -0.635458336861363 -0.276910685484218 -0.720772623216262
 0.402878852453889 -0.902271749220679 -0.153604429635653
 -0.544250332226232 0.188623724723957 -0.817442760285328
 -0.389368593518182 0.143464286681574 -0.909840698599826
 0.0259746805740325 -0.450806174396801 -0.892243861898079
 0.340269784176019 0.144838658543724 -0.929106149461976
 -0.517288138693961 -0.249146859691381 -0.818742220648515
 -0.398869535011917 -0.89470812591205 -0.200998665334683
 -0.406508013179929 -0.908576699322574 -0.0961229247817811
 0.215692992294482 -0.975958435949228 0.0313315236557182
 -0.859387196908334 0.491573483998661 -0.140745002111812
 0.77071681625845 0.418987522261536 -0.480046919920936
 -0.160095522727076 -0.504249499017495 -0.848588160619361
 0.0669529994083327 -0.980683312997642 -0.183786657508634
 -0.514228410216687 0.54994327392584 -0.658127295885642
 -0.902252164659823 -0.396505268956814 -0.169483341529921
 -0.697986248329441 -0.689633275449686 0.192927816904485
 0.561317322714483 -0.0587600394660018 -0.825512035637639
 0.450958339095389 -0.522374127953041 -0.723713926110054
 0.149201716009226 0.0928591197285134 -0.984436911042627
 -0.986100082000862 0.0749527859686579 0.148285900049298
 -0.575395083763153 -0.770750060756818 -0.273614402809053
 -0.671425182380786 -0.01672316395933 -0.740883634757927
 -0.836195247891077 -0.346562942669781 -0.42505486019153
 -0.99742506544066 0.0116614522783829 0.0707619202781718
 -0.22527041955857 0.728131668571444 -0.647361963120534
 -0.936310778489339 -0.297130285123357 0.187178310034044
 -0.979401008334459 -0.0563776502230904 0.193894882420264
 -0.956143107183112 -0.248105808502017 0.155672304453246
 -0.922862381551551 0.378751534431842 -0.0698018615978395
 -0.051726006845667 -0.832392920945482 -0.551766658448706
 -0.329556714206798 0.0129448450742552 -0.944047034372347
 -0.872631667537006 0.310725446354709 -0.376780665373439
 -0.176168027574898 -0.91894533729344 -0.352851658812901
 -0.126028236110092 -0.0567543767286385 -0.990401849970568
 -0.362051332477204 0.337585476249128 -0.868881395172627
 -0.65837228601958 0.121252768741618 -0.742861830405792
 -0.9090305520824 -0.300230961819484 -0.289006617477377
 0.016696478041031 0.0113584114060716 -0.999796086265272
 -0.409449651066977 0.912097383920458 -0.020720653623524
 -0.986951729188138 -0.117918090715974 -0.109643094330852
 -0.0420692470898798 -0.0352049308632745 -0.998494262022673
 -0.81709914320764 -0.0145392142925929 -0.576313804638667
 -0.160037719490781 -0.069071404415372 -0.984691357447743
 -0.603679287743598 0.640903368706155 -0.474145747139511
 -0.38134195876172 -0.833322990101589 -0.400188836245993
 -0.708744573573411 -0.261604538017962 0.65516730315138
 0.0593711634236311 0.82006046319079 -0.569188810207151
 0.122247028269009 -0.89402202723784 -0.431022364724778
 0.0840626828782618 -0.940998371161308 -0.327804104335309
 0.559087762657525 -0.179409612586695 -0.809464677770497
 -0.960017498248941 0.0646196655612657 -0.272379701664046
 -0.244618718748423 0.0687617259477178 -0.967178115696675
 -0.578427910336458 -0.809506025578992 -0.100603911927439
 -0.962215484447677 0.135693625030305 0.236069061114026
 -0.0441281980941877 -0.979990155790216 -0.194092752794195
 0.291307580107653 0.304495364140074 -0.906875111020821
 -0.349707337146163 -0.695642460050669 -0.627523980514525
 -0.836218101498832 -0.331800387783846 -0.436632327470353
 -0.998927315959582 0.00644883711938547 -0.0458544428555479
 -0.424960728204442 0.173017540363863 -0.88852310617698
 -0.871905120174593 0.208272659063527 0.44317486492347
 0.0462983271463113 -0.0188946453069798 -0.998748946073124
 -0.715458590878821 0.344927218882948 -0.607572397670736
 0.184780436883303 -0.924418415544178 -0.333626712281865
 0.792594270155809 0.275134409466857 -0.544146468924962
 0.166435344599961 -0.985986301350198 0.0114144477592717
 -0.885677827985064 -0.166531141023958 -0.433407618858872
 0.0149490276120062 -0.854996230766099 -0.518418722606755
 -0.60869000707275 -0.138908330798769 -0.781153602644496
 -0.992788382978399 -0.0381363732388952 0.113652292802737
 0.265100694460791 0.185293437920157 -0.946249419371095
 0.0849674722177592 -0.910234933393056 -0.405281253817474
 0.0120935255399377 -0.955187546026199 -0.295754118409976
 -0.185010655169589 0.137291759140631 -0.973099188338882
 -0.553438221861683 -0.683555000854203 0.475876764919016
 -0.489153650571706 0.552217327848028 -0.675118307377868
 -0.383227399434388 0.17604899779356 -0.906721297146283
 0.910055381473932 0.0754845831525947 -0.407555248226073
 0.15590049078549 -0.930027989893076 0.332780670995608
 -0.969226581689376 0.183415547124733 0.164190652656178
 -0.0222905089553564 0.301343416341413 -0.953255096308537
 0.271082000215829 -0.930949749024141 0.244636697882541
 -0.136606178572689 -0.975390671492292 -0.173065854349098
 0.250327432472202 -0.968016937233942 -0.0167148371243755
 -0.0449926551456322 -0.719352618238699 -0.693186462372193
 -0.775927894887242 0.457375041499894 0.434446743973095
 0.31072386587972 -0.167895820079864 -0.93555420621815
 -0.543220673964512 0.567631448077324 0.618632232050013
 -0.365791186631628 0.687822999763436 -0.626973945853457
 -0.523349611195614 0.0107619822543582 -0.852050094888415
 0.261474251662879 0.154313610038332 -0.952795112012166
 -0.568112345458243 -0.28220232266835 -0.773052528628245
 -0.323252838668606 -0.770568889017293 -0.549300636784031
 -0.903512078047168 -0.271789077043848 0.331355733951507
 0.0314016939332143 -0.924907482285463 -0.378893234078533
 -0.925763735367287 0.0193914280797487 -0.377604924220852
 -0.229398986488978 -0.454406918361291 -0.860749939031787
 -0.597800864814524 0.229250110671588 -0.768165680556006
 0.396359557978341 -0.908250895810121 -0.134087326244234
 -0.377819813112107 -0.810522899796134 -0.447554262325809
 -0.617024726853429 0.784121469621042 -0.066588342303958
 0.158676116027483 0.685718110072618 -0.710360868658226
 0.254986090520479 -0.966941444621597 0.00251720364309605
 0.373426904263024 -0.466148113415486 -0.802033841886811
 -0.990361693641052 0.138111534374508 -0.010436466889999
 -0.639843245150458 0.451733410539664 -0.621721438779084
 -0.78567175103832 -0.212143271610937 -0.58113262852002
 -0.0179125127343411 0.143589396085922 -0.989475228198878
 -0.892120237638411 -0.233975023868648 0.386493427889338
 0.581201432839333 -0.285111714978533 -0.762178590913905
 0.615132495521417 0.0207725297499798 -0.788150058657221
 0.381631981223201 -0.886954090128631 -0.260133567445163
 -0.94705384606475 -0.151008507087826 -0.28334686065152
 -0.548530455298271 0.0276062116368849 -0.835674719426962
 -0.737249427721743 0.183966782376752 -0.650091919889724
 -0.994725582206335 -0.0975249139901533 0.0317790379885993
 -0.360559595515769 0.107717718070788 -0.926495370358172
 0.0689254525555572 -0.952275721344804 -0.297355397676325
 -0.392379533948996 -0.759786319997773 0.518423619525781
 -0.793846594091268 0.0496856221712564 0.606084914842094
 -0.897954685821041 -0.432393118579227 -0.0819363973906943
 -0.983999777923481 0.00483589944123665 -0.178104045779803
 -0.475001212476549 -0.358087967320182 -0.803832604343907
 -0.185317428177973 0.152225681758714 -0.970816559720011
 -0.95364087066092 -0.116230871012051 -0.277595883306762
 -0.892808434500308 0.401851066729806 0.203491570963581
 -0.953721866601923 0.29877346696196 -0.0338971474445121
 0.204162680319738 -0.614986674705803 -0.7616488625994
 0.0762434726752922 0.729389225057917 -0.679836959309969
 -0.889536175334237 -0.092475366891891 -0.447407755062368
 -0.944508232308415 0.095018799861446 0.314444950308513
 -0.159565891645068 -0.714293261424114 0.681413136729559
 -0.95427914353256 0.208300158076306 0.214388340084411
 -0.95809828399835 0.253455076959792 0.133447376005387
 -0.533812276071065 0.353305657418317 -0.768257487013333
 0.0237523818763985 0.67965312676355 -0.733148996886532
 -0.943341841103083 0.0415603095300011 -0.329209525220665
 -0.921688667989326 0.0896437315879813 0.377430789267443
 -0.991313716982948 -0.0599738687490203 -0.117048065292542
 0.125561497552253 -0.954715386411458 0.269727346188063
 -0.185430066215607 0.434429712579019 -0.881411660560369
 -0.839082183531032 -0.400535058716703 -0.368120572665538
 -0.441894008523668 -0.89589698833957 -0.0458068937494478
 0.0289735853289217 -0.700778686537194 -0.712790126087892
 0.143397791552842 -0.870903622252123 -0.470068031380457
 -0.279032192547573 0.777636159752227 -0.563403087112506
 0.0501343865489955 0.539900880467718 -0.840234242670185
 0.00289414496179418 -0.243328678747611 -0.969939574418882
 -0.213448470742887 -0.975279028352684 0.0571888729821338
 -0.692896384410106 0.357454550574238 0.626195532358042
 -0.45796812492113 -0.844887269242679 -0.276461025875029
 -0.0926935165732832 0.41196092865844 -0.90647454748832
 -0.913128363849552 -0.00573810418891747 0.407631776599614
 -0.632276987776398 -0.0283318920715575 -0.774224201778819
 0.168816818535612 0.660801672169134 -0.731328949131641
 0.302017126197034 -0.932885406429727 -0.19624085699499
 -0.938734566429353 -0.178677872704063 0.294706008755583
 -0.11765872369138 -0.922581798384615 -0.367422440834424
 0.19294237508424 -0.761999931485844 -0.618166113850008
 -0.408506465007693 -0.246492414452101 -0.878842396374055
 -0.97821214789725 -0.129127726552506 -0.162563907253823
 -0.906160306559111 -0.399552178821946 -0.138677882935
 0.356398503283908 -0.716423526461877 -0.599764485101376
 -0.282961639837751 0.757343815974318 -0.588526171708438
 -0.211071848338778 -0.748971483785541 0.628084700748981
 -0.995669810207182 -0.0552358459163632 0.0747705180395239
 0.0273873681673779 0.179677519659479 -0.983344253552072
 -0.755084911379456 -0.297034870606212 -0.584480164121102
 0.608424634271865 -0.369578259192082 -0.702304331998385
 -0.219243221313717 -0.266939631106193 -0.938443201932261
 -0.962728336053967 0.268691713356099 -0.0309663387006749
 0.0722853784123298 -0.937635162690224 0.340022243029281
 0.0636290787699228 -0.856958820167191 -0.511442001474797
 -0.478661159000055 0.194288466951144 -0.85623331310718
 -0.700749055169869 0.583541140065999 0.410402850293476
 -0.691870271259974 0.231159819516196 0.684018030162868
 0.4325339059611 -0.897591541400928 -0.0851107807480393
 -0.962763625297858 -0.26964637120588 -0.0194174225587725
 0.284924824121234 -0.892475181351344 0.349722597598967
 0.231080969120824 -0.600987275099303 -0.765124748573
 -0.193052453554726 0.817206775953909 -0.543050490757092
 -0.510370842770931 0.737869159112532 0.441668095836516
 -0.908324722787926 -0.0543733599601139 -0.414716452168087
 0.151781470845445 -0.0842817535772743 -0.984814181011795
 -0.988272158808072 -0.147188539839452 0.040665389027559
 -0.0241727469809363 0.244856380174603 -0.96925797979237
 -0.759925019848695 -0.646519825966541 0.0672761387131706
 -0.20079698352372 -0.144771370440099 -0.968876577128723
 0.881296330944896 -0.461778971523881 -0.100384055115395
 -0.728968024724363 0.111112540155483 -0.675469927050536
 -0.0800162721960468 0.0966924414998958 -0.992092721443232
 0.506544452861882 0.17012087352676 -0.845264222397558
 -0.924183681948438 0.0666988579003232 -0.37607949209578
 -0.272261985482014 -0.0725002194283924 -0.959487951693103
 -0.581313773169819 0.0234833811391584 -0.813340536265924
 0.137719221736124 0.633625313786908 -0.761283375421294
 -0.93112830942202 0.361643164277886 -0.0470562761379393
 -0.0252017896496131 0.203372970219089 -0.978776943324025
 -0.316929300390493 0.449538127632039 -0.8351474662352
 -0.573243192461725 0.479960637361291 -0.664100917692509
 0.323153613367832 0.865427536695609 -0.382892832129676
 -0.226378747994074 -0.966853868734889 -0.11809428000125
 -0.0146815973696796 -0.953013009855595 0.302573385717672
 -0.902043667365502 0.112550691437191 0.416712807605916
 0.246957060175609 0.752273841706963 -0.61081607502821
 -0.370229010490792 -0.92872703843099 -0.0199140121073615
 0.447532256701917 0.103648126184753 -0.88824092742323
 -0.83342835053435 0.5207359842166 -0.185016808067702
 0.453933307110274 -0.853289607514503 0.256595787969474
 -0.191448156593461 0.0583403126035906 -0.9797673250636
 -0.95886220269566 -0.210198492416268 0.190787499662725
 0.162526528238496 -0.857343507991984 -0.488412977840209
 0.292083222298907 -0.470453530819005 -0.832682932809013
 -0.63143296048605 0.0244542557448595 -0.77504477663409
 -0.761344149823038 -0.602120529937284 -0.240428685805749
 -0.926235366386376 -0.32976168285089 0.182606896305822
 -0.156518167070185 0.328283551158556 -0.931521322040305
 -0.192840517176839 0.363321712051384 -0.911487722620015
 -0.672664210628478 -0.279365761668758 -0.685184377337079
 -0.211329767727246 -0.45816339721472 -0.863380582782017
 0.703077674564987 0.138397248725347 -0.697515580523865
 -0.345787614895826 0.642867381438123 -0.683485519427842
 -0.327258273457635 0.579768632309982 -0.746170460044446
 0.00180665173551249 -0.936345864688554 -0.351074290841911
 -0.820399813331702 0.117402718504693 -0.559607673261381
 0.198603848441645 -0.974792022757314 -0.101671154969694
 -0.109392629382997 -0.634456158904244 -0.765178825546778
 -0.286785366527853 0.467678411784606 -0.836080771634005
 -0.919483945165437 -0.352378837633475 -0.174294088743952
 0.21765027668957 -0.0052134943460255 -0.976012897729153
 -0.982160490492955 0.185833982427303 -0.0287489458910493
 -0.752201630919799 -0.0583057359759531 -0.65634834317906
 0.0372618322889766 -0.994141715340123 0.10145839381277
 -0.807336267441453 0.178387098707615 -0.562482172418275
 0.0625621090172566 -0.434595424729659 -0.898450220835501
 0.36500335963428 0.167735920202641 -0.915771373504032
 -0.91438856823567 0.318963087958976 0.249311240820778
 -0.76279427403582 -0.421049033558886 -0.490777553314426
 -0.892219648497635 -0.277588085784085 -0.356214757506598
 0.120051173167254 -0.895877098426647 -0.427775572392601
 -0.00121949478458552 0.55463218522026 -0.832094737364845
 -0.370336985256824 -0.0462402477616136 -0.927745847114301
 0.199268668650181 -0.973808216862387 -0.109496823998155
 0.277186032713304 -0.777093629225941 -0.565060523028388
 -0.336562775885655 -0.405690847628491 -0.849788464288978
 -0.675010225774067 -0.0142114844418611 -0.737671491119456
 0.119701169969005 0.975679036388154 -0.18363563886331
 0.255039244856632 -0.049970818962266 -0.965638597424109
 0.237311400208016 -0.244820530445947 -0.940077766572253
 -0.907974983919539 -0.257386410595645 0.33065641414768
 -0.181504660099028 -0.604133020350706 -0.775937724359545
 -0.359839658475907 0.0356309872329809 -0.932333552403187
 0.00689670258581349 -0.396129018919451 -0.918168958233372
 -0.202719255074691 -0.494623640656163 -0.845134520491268
 -0.99777716263002 -0.0468914407980608 -0.0473489864080395
 -0.198712656131404 -0.855742414678056 -0.477721885634489
 0.75179824539776 0.246561920519859 -0.611560804471975
 0.240622332718043 -0.254128518387309 -0.936760155610602
 0.397759962228325 -0.587043358218196 -0.705100778626732
 -0.457575531628759 0.290839379960512 -0.84026013110158
 -0.927328926218526 0.16313113648911 0.336822349178565
 -0.944248979354803 -0.189092991776735 -0.269513831645679
 0.0511663851300596 -0.335005453731302 -0.940825885593613
 -0.966716931979638 0.255790221156577 0.00545308944960928
 -0.498672350455866 0.321099806974201 -0.805121606250853
 -0.348001517421638 0.264422986778286 -0.899430613185636
 0.0982390258180125 -0.755070417234342 0.648242052649999
 -0.984727434400707 -0.168744317483478 0.0428629823464977
 -0.633496316136063 0.190423236399925 -0.749947603823771
 -0.486802540863326 -0.0745726626003666 -0.870323045886814
 0.0768956944638685 -0.986398176302276 -0.145277974794746
 0.177646356061342 -0.967898790633022 -0.177802427624766
 -0.978779982141616 0.0458808964018948 0.199711516704013
 -0.498619451586545 -0.0898900607216673 -0.862147562475814
 -0.0572861740010033 -0.131819395965439 -0.989617067918512
 -0.501011318789755 -0.0256042081381497 -0.865061895456139
 -0.665493125593039 -0.695152767844722 -0.271811569191286
 -0.11573907464576 0.705656925065889 -0.699037030998143
 -0.0686269473294511 -0.226302826242037 -0.97163644072004
 -0.159023451027231 0.465432464269745 -0.87068028760687
 -0.879576415820915 -0.393273208220006 0.267734033002859
 0.139595061712352 0.941649371838496 -0.306283658169499
 -0.575038497670441 0.350570121383842 -0.739209927009805
 0.0568102404997584 -0.661363495201343 -0.74791104002376
 -0.890825900197077 0.440885021807721 -0.10977072963078
 -0.682348570998967 0.135252455457085 -0.718406013998002
 -0.0273869967421771 0.328692389070393 -0.944039864506071
 -0.230970216314418 -0.808064055111365 -0.541927340159775
 -0.2882435505616 0.0406808797632159 -0.956692595132487
 -0.98287731404527 -0.126224355311063 0.134237094953151
 -0.0777049372810835 -0.880139584053471 -0.468312134483322
 -0.355476789844408 -0.383748694816029 -0.852275302416366
 0.539219213725757 0.0714259849454207 -0.83913107928592
 -0.0717147276348614 -0.0834653570251936 -0.993926824276775
 -0.893444777537846 -0.146832823408959 -0.424495643629122
 -0.202326293119682 0.948863495567046 -0.242326510916027
 -0.170663457892242 0.122930483119946 -0.977630850812391
 -0.375613168622215 0.0810769560507918 -0.923223307090499
 -0.762342163575014 -0.201843713316885 -0.614893113500402
 -0.980191782658323 0.180807515496206 -0.0808251913031357
 -0.0794246362917306 -0.661519888699845 -0.745709839015465
 0.861353647792562 0.0190155855397646 -0.507649781779749
 0.264439575656876 0.0891697416954472 -0.960271038817884
 0.543468589792424 -0.0835168940720419 -0.835264521162963
 -0.0390173766367563 -0.998266916650409 0.0440545961469507
 -0.170675317711016 -0.0740839120801202 -0.982538299454606
 -0.883600113164608 -0.0105398331145157 -0.468123650260709
 -0.97251814312887 -0.230626209762421 0.0319376369788694
 0.433677335555459 -0.770599216823419 0.467012650424645
 0.111275339448458 0.174376617347064 -0.978371398883484
 0.349515631266598 -0.531222697637465 -0.771777992051526
 0.150784093246652 -0.0319909446546799 -0.988048954598853
 0.121399050787459 0.844328662047999 -0.521892116162086
 -0.778186631858951 0.49527524704933 -0.386170940978534
 -0.168266394536734 -0.319966652156354 -0.932366752934414
 -0.138484017859997 -0.184899989841728 -0.972951268334587
 -0.95448017624333 -0.264400774493831 -0.138057319999935
 -0.199438606797628 -0.971389570288937 0.128943960124142
 -0.359451568101861 0.904392605220938 0.229931698142728
 -0.272985261815231 -0.143549786242551 -0.951247867646171
 -0.972466725785901 -0.203217307926538 0.114066616493785
 0.397091102407455 0.0476503776492694 -0.916541378170519
 0.278357722166195 0.563856105673996 -0.777549529357843
 -0.0516919419952639 -0.919704004479849 -0.38919466501545
 -0.609477239426995 0.243300388762366 -0.754547821843341
 -0.289213174385614 -0.94808502948448 -0.132251716923481
 -0.476714792545647 0.262903872852723 -0.838823318826557
 -0.31919078148838 0.0232641928422174 -0.947404888283904
 0.0451863088651157 -0.539111256060746 -0.841021552089928
 -0.138657790793912 0.113716722087153 -0.98378987805827
 0.0886173908635888 0.579608640282958 -0.810062208812305
 0.00692874340473045 -0.168596550504646 -0.985660791384524
 -0.272992549803732 0.357214610043755 -0.893237252986543
 0.364013285342574 -0.838152137867394 0.406196161826306
 -0.820340312217372 -0.285304097808598 0.495624196266411
 0.205685707952592 0.837345499954868 -0.506503606353768
 -0.253849975377402 -0.429005734401982 -0.866899227044937
 -0.244950842781843 -0.468356760246125 -0.848905783790062
 -0.0533169742403986 -0.990024939382081 -0.130414415075007
 0.0461606263250296 0.153814130031768 -0.987020977477101
 0.255403597324584 0.278435694036468 -0.925873947554467
 -0.504090589660805 -0.139547153986436 -0.85230233440353
 0.0367292233503179 -0.510962733941827 -0.858817820422222
 -0.132452518986725 0.248776099533815 -0.959461714981277
 -0.942811681659448 0.196031945861625 -0.269587850483267
 -0.984847806075535 0.128630470272647 -0.116314233804995
 -0.911816972445008 0.361035691057293 -0.19555827403616
 0.495713454403733 0.468417054790012 -0.73133688126948
 0.0482307388754974 -0.583728938020558 -0.810514850416027
 0.398356444225267 -0.639435966557009 0.657596979933383
 -0.0678030145586843 0.365740641659319 -0.928243790313399
 -0.27679604233101 0.222523732688438 -0.934808611075173
 -0.148808360312938 -0.00556124728248068 -0.988850415598658
 -0.96515272280398 -0.215095863152432 -0.149043588653702
 -0.950416579226549 -0.125396046622223 0.284577155483048
 0.147837166397306 -0.94515147114954 0.291260826091452
 0.374750080209615 -0.790788378067263 -0.483958798346135
 -0.177494371911169 -0.683464052455634 -0.708076716846968
 0.155310771698749 -0.374392765803275 -0.914171002115312
 -0.648681170186113 -0.574922395174592 -0.498675223941079
 0.275843248267891 -0.315321149093906 -0.908010503969595
 -0.776743489584229 0.363840394934002 0.514091157678076
 0.206423147009634 0.451648428281879 -0.867988007756529
 -0.916761970415858 0.0532943583392927 -0.395862603649848
 0.181093265066858 0.302343297075671 -0.935838533113933
 0.151397530406199 0.272112108066199 -0.950280899750528
 -0.380061956475795 -0.794371184100746 -0.473843150325263
 -0.194692844500889 0.431318223125293 -0.880942272058841
 -0.403650074129209 -0.266932092590681 -0.875107922259103
 -0.928644833401853 -0.213830503886313 0.303142357653578
 0.334926860432041 0.113875184876875 -0.93533760772803
 0.807742432037583 -0.332212742038308 0.487018333857565
 -0.968884348954335 0.165447967156091 0.184092608529651
 -0.458488874548229 -0.706848221265084 -0.538659023882349
 0.410766798017655 0.324604786680053 -0.85199904349167
 -0.284645112779939 0.556659687467882 -0.780453170996605
 0.682970020737223 0.0775415642548798 -0.726318977162998
 0.262265989631745 0.223884561582372 -0.93866514464294
 -0.0176396509201139 -0.0203580998052999 -0.999637129406333
 -0.530890991919861 0.27933730960768 -0.80007838500955
 -0.231860637195938 0.133713753871363 -0.963515063164413
 0.416489216806047 -0.902254557569964 0.111684580979269
 -0.512164067497374 0.416659222663903 -0.751054631923442
 -0.816692056178108 -0.203287263441078 -0.540081821484682
 0.0509170759271904 0.337643195184652 -0.93989601771926
 -0.0635219427709481 -0.668395822671037 -0.741088380034738
 -0.141271378204859 0.559960689888645 -0.816386197506752
 -0.789324406756019 0.572133760582533 0.222777783679045
 -0.763952942816294 0.644818279925236 0.0241927062682894
 0.00716107935803894 -0.976493958388154 -0.215425783447251
 0.00237479796102297 -0.969131092331587 -0.246534553786747
 -0.964508333513443 -0.2091652382662 0.161163202016358
 0.437452023696543 0.684505902606529 -0.583170126344466
 0.519955357684197 0.514624651487627 -0.681768211415534
 -0.880890690515273 -0.39475222466628 -0.261155648004303
 -0.0604186316751363 -0.539767405411362 -0.839643220065518
 0.558385690897476 -0.0961233023935305 -0.823993768749443
 -0.311270461185829 -0.606026155198321 -0.732012977486535
 -0.956985058861063 -0.279769088858109 -0.0768690707384354
 0.410251289840352 0.516720782650312 -0.751460918452568
 0.145529234494925 -0.75404485892195 -0.640497925555343
 -0.504371653658293 -0.478879807990407 -0.718528610763044
 0.49557841359888 -0.860087733063606 0.121041841560368
 0.173301716275391 -0.110131885956778 -0.978691720017906
 -0.982417291942998 0.109731934306459 0.151046903592061
 0.0646920989200122 -0.987485717231806 0.143829380171472
 -0.454356188397941 -0.131668546749673 -0.881035667757738
 -0.958653836081711 -0.258421487649235 0.119168608647477
 0.168614354554526 0.57012538134225 -0.804068559880011
 0.317978806349844 0.396153148565065 -0.861366450237246
 0.108852301006189 -0.975929924089622 0.188976082698532
 0.276922218913288 0.339772257892135 -0.898815274369
 0.216039977808133 -0.969105308191863 -0.119002645445451
 0.176802302993637 0.231398226849582 -0.956658667585788
 -0.0987565232861612 0.0273713698002241 -0.994735119126539
 -0.417098928148287 0.614377797112266 -0.669752496488837
 -0.2595587157437 0.0285086061404398 -0.965306444844025
 0.0747813522557222 -0.347281893214559 -0.934774323566987
 -0.496997055405198 0.39655449328651 -0.77184095562029
 -0.137128037206242 -0.223228195410884 -0.965072574569169
 0.0753344619166326 0.152693758531778 -0.985398059138118
 -0.507711139319838 -0.103614394326025 -0.855273907177697
 -0.394081505999434 0.0415770253855419 -0.91813458577123
 -0.439189249586569 0.219300338702394 -0.871217633253943
 -0.283673300861596 0.0684376323408595 -0.956475691723456
 -0.981778510665662 -0.0658706788591467 0.178247046712558
 -0.953367757148181 0.301690276023976 0.00853797299271992
 0.465723112038956 -0.0612963078308493 -0.882805043913465
 0.144291886118476 -0.543906257682713 -0.826647345882123
 0.134814266298371 0.577724271552018 -0.805021601984768
 -0.397179312269007 0.269511235113166 -0.877275491538031
 0.286992804408386 0.475960801623693 -0.831322106969099
 -0.570621801097874 -0.759634418446723 0.312003702578874
 -0.932825269962399 -0.194558601568367 -0.303288585797982
 -0.926909184667544 0.304553539866921 -0.21928635327689
 -0.552844789630194 0.0170158481601897 -0.833110496567014
 -0.869839766690537 0.320857376846788 -0.374739007853134
 -0.98068629550371 -0.0604159543945355 0.186022316580049
 0.0426300073030588 0.630683516375046 -0.774868366014608
 0.100243044537668 -0.397906038322391 -0.911933175560797
 0.117615796285729 0.170928543184557 -0.978238190620709
 0.287299918200687 0.490983922319457 -0.822431483483992
 -0.426573686163922 0.0901636214935976 -0.899947449372286
 0.328968975168517 -0.143599211261028 -0.93335881626617
 0.00556729496367425 0.913686643421215 -0.406381253086877
 -0.180739785622371 0.111807539511023 -0.977155158611809
 0.443399902773634 0.509061157217054 -0.737735226509597
 -0.531149291335446 0.191572070317032 -0.825336641733723
 -0.313040633871383 -0.127718699095567 -0.941112902603476
 0.420730579513999 0.174098086319843 -0.890323332167356
 -0.274588108255638 0.28568119663564 -0.918143575206742
 -0.761387235148321 -0.266567002667494 -0.590958129855292
 -0.525033789221356 0.0523395815607337 -0.849470475283227
 0.00103738667225103 0.472159083211575 -0.881512747479977
 -0.0209842583078378 -0.262250837082436 -0.964771558117688
 -0.786446504431243 -0.398930623852147 0.471546660491637
 0.0456639300799482 0.278745594735594 -0.959278738899781
 0.310012502221539 0.830725962136807 -0.462370656830877
 -0.865075746589287 -0.226778228580614 -0.447454564961433
 -0.972980163973908 0.0161629881779903 -0.230322292291617
 0.262201721862724 0.843030077192193 -0.469628093283981
 -0.926184990132577 -0.283466156036053 0.248652975922797
 -0.56743089436206 -0.122260906020529 -0.814293835775829
 -0.301538603873532 -0.325929711498126 -0.896015788664881
 -0.43334024628826 -0.02249252810171 -0.900949675135312
 0.282850029451562 0.106999366442094 -0.953177316358421
 -0.956340942934184 0.174262890857568 -0.234615527486396
 -0.999311743389418 0.0367026880580927 -0.00538072609531793
 -0.369231691776463 0.903666376455276 0.216921732088057
 -0.22195199257286 -0.134860061963308 -0.965686324165456
 -0.978693110109503 -0.182479770918857 -0.0941325099505421
 0.465243026711073 -0.498419998004208 -0.73152336373229
 -0.207730773053873 0.29600514040036 -0.932324451456146
 -0.534273912594424 -0.201149171627065 -0.821030082929238
 -0.332214430625611 -0.258451664588582 -0.907103251650821
 -0.448136342719779 0.333049998290976 -0.829609255596947
 -0.444646140284315 0.112131625248071 -0.888659838492484
 -0.321156536239748 0.651351236014124 -0.687459123565438
 -0.971159050370341 0.0753977251097662 -0.22619744015362
 -0.944960834224702 -0.319907696112835 0.0686155066230148
 -0.600015254926685 0.267620210438743 -0.753897285324724
 -0.868687571703118 -0.481375236121769 0.116875082105856
 -0.936113249552809 0.126636862819905 -0.328108349462207
 -0.134119010599311 0.312025208810013 -0.940559599420967
 -0.897330659322013 0.437458850274542 -0.0585443605926119
 0.252160391601218 -0.23457302357737 -0.938824069523833
 -0.306024660242976 -0.019201325934986 -0.951829930400126
 -0.124036199576605 0.0952847338467746 -0.987692179117736
 -0.803782486950317 -0.427677290677395 0.413552715757987
 -0.477796330787476 -0.320466758427989 -0.817931368165253
 -0.898897511128981 -0.296912659027771 0.32222063465145
 -0.51440693054142 0.434976906636237 -0.739040324004127
 0.1463264470189 -0.368254015482624 -0.918138089278377
 -0.978813429613291 0.0104359229511891 0.204488047378872
 -0.99287427837275 -0.00816687103226536 -0.118886372487906
 0.0446717068874629 0.862001729942131 -0.504933120502641
 -0.932410225355327 -0.110511216853803 -0.344090747626726
 -0.838404327905409 -0.518326747222366 -0.168569172933133
 -0.986231298480002 0.11152096819239 0.12211019429958
 -0.0922191897873265 -0.269929125984294 -0.95845390498465
 -0.903457981934022 -0.30861677340402 0.297522036248403
 -0.978888946209348 -0.0426970845029427 -0.19988344094522
 0.249285325773889 -0.248334681968564 -0.936048456056297
 -0.724887140644328 -0.678432581461813 0.119448171771486
 -0.986093439834242 -0.0880433433568165 -0.140954239405651
 -0.494173190957162 -0.306465733570189 -0.813554922231131
 -0.883513852970611 0.322058619008863 0.340119857596009
 0.0614145993203363 0.885030992247257 -0.461463313549581
 -0.878689596873436 0.0308056997681688 0.476398573893954
 -0.712899150345348 0.100201500492628 -0.694070933504571
 -0.378120275724335 0.63929731447931 -0.669570011862609
 -0.861262943975234 -0.130575607677594 -0.491096886586283
 -0.0414889088869198 -0.505402093538274 -0.861885952018307
 -0.193370055379545 -0.0442723656168461 -0.980126511897929
 0.686169855306616 -0.0195589411808639 -0.727178367038227
 -0.884072465858214 -0.281888683628081 0.372766207097431
 -0.966907193678346 0.238821605317478 -0.0897480899331462
 -0.550317041222088 0.00504645811123445 -0.834940529260077
 -0.892425286394323 -0.394879671605852 0.218282278612959
 0.277057000833292 0.34126392149976 -0.898208413549922
 -0.822894077468319 -0.118696472450775 -0.555658604446386
 -0.910254145564902 -0.412104875473717 -0.0400869316947833
 0.154137592285615 0.531421179952259 -0.832966465196854
 -0.680492621174406 0.116782504010388 -0.723388995827453
 -0.896755853706479 0.382102878894059 -0.223218119300463
 -0.945934213943713 0.159815042132079 -0.282254522016941
 -0.251610139254657 0.511945701507726 -0.821342764338991
 -0.881807825817412 0.407048134543066 -0.238173832509321
 -0.947065929302699 0.0392762934738463 -0.318627522861683
 -0.991667940493541 -0.127787803013115 0.016277997370084
 -0.247623319951291 -0.316780663745543 -0.915605101827875
 -0.880126737743166 -0.321353877062805 0.349440425832897
 -0.964365561270513 0.024993423998521 0.263390191526259
 -0.145977929270546 0.359624069644908 -0.921607819355889
 0.199855998482545 0.38158735648816 -0.902468098737525
 -0.607569811212396 0.0653772899845897 -0.791571054585503
 -0.426022817150754 -0.624985170824221 -0.65413920194157
 -0.978084839343066 -0.119181335592777 0.1707215753605
 -0.886480031512799 0.144161484360867 0.439739263832489
 -0.726449668991708 0.415463696722483 0.547412819659466
 0.802057722478384 -0.454143846189726 -0.387887582658674
 0.278713484512807 0.0030004642662133 -0.960369611537619
 -0.831519245810183 -0.540623358882607 0.127679785705301
 -0.113484328423417 -0.0764813122883414 -0.990591699981854
 -0.817499132171885 0.530250985306408 -0.224786702186315
 0.411879024917189 -0.00727695379802278 -0.911209479086279
 -0.353484542354336 0.524522714130352 -0.774547997659199
 -0.774858327445987 -0.105182334116378 -0.623322748644262
 -0.294590953593407 -0.257906165873342 -0.920163344013137
 0.711734949415843 0.234158536794524 -0.662271199303032
 -0.159933172743805 -0.685393481400983 -0.710392254961398
 -0.941042767670204 0.168788857258041 0.293170310708856
 -0.982789722155902 -0.182761007707103 -0.0268844952827823
 0.555877485124438 0.510077415409048 -0.656369752366268
 0.236363069626588 0.386878092395665 -0.891323645451521
 -0.941957622487594 -0.322723752153394 0.0925484588394345
 -0.86151228690031 -0.153654761986326 -0.483928500543957
 0.493406106297179 -0.597978448797297 -0.631642453483483
 -0.307365166827282 0.44404736113756 -0.841634478433486
 0.266105357094089 -0.165244234445354 -0.949674829564518
 -0.786126319934238 -0.186400861990223 -0.589287814022956
 -0.865689344511849 -0.485944787102742 -0.120164981114781
 -0.945804032856777 0.323095315052802 -0.0326212940084614
 0.0251807364462329 0.686298815014554 -0.726883668148931
 -0.880554512420283 0.259750573884409 -0.396425768616268
 -0.239978782172545 -0.484198626818094 -0.841404702800296
 -0.198429944165693 0.0373952385323899 -0.979401426072836
 -0.931058544608068 -0.273391711277693 0.241633935358759
 -0.446628170704996 -0.371972758021292 -0.813731862730434
 -0.233116884100198 0.410037720873756 -0.881774112688772
 0.00972467692669015 0.0133021760921661 -0.99986423216849
 -0.382519017604028 0.788930731544582 -0.480902798906161
 -0.826976634320506 -0.554289685691393 -0.094194429899353
 0.471393569730882 0.0900026801331047 -0.877318425650137
 -0.787930964587684 0.314459859911917 0.529414574363136
 -0.641294561859656 0.303790442394503 -0.704593962533731
 -0.0752241268231003 -0.195790020859541 -0.977756410603133
 0.160290815370878 0.15455256864754 -0.974895049752632
 -0.786065272203148 0.403678444409199 -0.468129363910832
 -0.232426210678169 0.206225341864056 -0.950499429228046
 -0.969523544670228 0.214256442634292 -0.11882033967202
 0.349829596489762 -0.31265729040192 -0.883099469017132
 0.608427052039696 0.586340694297371 -0.534809417042335
 -0.981525254588975 0.15357065652702 -0.114123740115314
 -0.252833124335644 0.336924689478529 -0.906949372819935
 -0.231649000220709 0.364742055463981 -0.901832564100818
 -0.91158879455054 -0.388361088420654 0.134838921126721
 -0.857170720651592 0.442825215868473 0.262990843659379
 -0.948039767836951 0.302700215970287 0.0979447693917402
 -0.410529979207378 0.310255793888327 -0.857441822242602
 0.508234397923685 0.83865264237653 -0.195855922049891
 -0.981266027848353 0.0837484085185243 0.173502699291189
 0.185632335951651 0.27302577509156 -0.943926671932087
 -0.841159754513628 -0.463618801662245 -0.278402360140565
 -0.572171425584483 -0.715200840389547 0.401382134194719
 -0.931609979552713 0.198729192274874 -0.304318179107935
 -0.772250225287784 0.0249420563547981 -0.634828703957029
 -0.294595331745474 0.259793670949027 -0.919630816713209
 0.249381486599973 0.074705362683877 -0.965519540417209
 -0.42417912087717 0.318317185571109 -0.847789032001452
 0.370063782528466 -0.504199877567692 -0.780278975957605
 -0.866094122531666 -0.290390561485136 0.406883635351008
 0.26243507533823 0.439878393472421 -0.858856699448947
 -0.973844814146874 0.0148739018756198 -0.226726806977549
 0.0763489817296135 -0.291309447168962 -0.953577285267935
 -0.972902675223249 0.108680231703557 0.204080846186764
 -0.135272993649391 0.43920481665262 -0.888144327358043
 -0.0139302093341655 0.540834823990213 -0.841013461501884
 -0.905500774424618 -0.416687383500558 -0.0802494358103324
 -0.933129039111235 0.352163154695811 0.0724659150362341
 -0.392241956642277 0.720148382936844 -0.572304598970588
 -0.243474808358927 0.969518876677826 -0.0274438601503054
 -0.695270679355864 0.224045557495434 -0.682936505536639
 -0.173488079040729 0.196015580790299 -0.965132000566865
 -0.458074569244938 -0.0678785834396095 -0.886318332723236
 -0.977855377361614 -0.187266625010502 -0.0934348549640431
 -0.071245866498863 -0.465183450568404 -0.882342554694094
 -0.824284994500602 0.198660567010563 -0.53017754286294
 -0.965859088205077 -0.0776761346193364 0.247149023551089
 -0.847082238119624 -0.382724265356813 0.368746279397279
 -0.901151641233039 0.0733425931111646 -0.427254705695244
 0.394213401851556 0.479224973596751 -0.784180603229777
 -0.7434171878308 0.190851732283959 -0.641019891362161
 -0.89733890081394 -0.3612029432896 -0.253604674335784
 -0.992481194841793 0.114985960976168 0.0419440897361493
 -0.602048985868719 -0.311947464797393 -0.735000542735124
 -0.825964311938483 -0.561273901203627 0.0524839330809881
 -0.947133323279111 -0.306731896570788 -0.0940957573982711
 -0.340451144691555 0.421127871214739 -0.840680875341144
 -0.172229975727388 0.0385852007593454 -0.984300776055421
 -0.536185118039004 0.553570169657466 -0.637232756894138
 -0.0530019964992101 0.287258227251711 -0.956385643578626
 0.0645439161623399 -0.046151213826417 -0.996847103797156
 -0.302892306000104 -0.0532016032297384 -0.951538669933979
 -0.114346147515547 -0.602567283578188 -0.789833923878657
 -0.14757810210047 0.100530032749962 -0.983928054430666
 -0.208671506113915 -0.266489419695556 -0.940977997472032
 -0.225969507398361 0.238075807386427 -0.944593929508042
 -0.149337272186387 0.382104533879772 -0.911972863809254
 -0.159374229910573 0.909227115396958 -0.384585370844159
