Format: x y z  (R = removed from domain due to fracture isolation)
231.1528784 -411.1886525 -273.3652723
361.9482696 504.8707699 378.8368229
-283.9988868 346.0248864 -159.9495469 R
60.85509794 451.9057163 241.879337
-294.3810691 -306.9168357 -195.6912295
-73.3087704 -77.62136028 -505.6841088 R
314.0768276 362.494649 -198.9581873
17.58306008 -14.38572916 449.4016879
-126.1605221 109.6507538 -420.2295916
145.980278 -244.9547444 -329.5123916
397.1456842 362.4834882 54.4953952
-328.9169968 301.0815021 488.5983993 R
214.630318 -442.3910566 -454.7716443
0.1886499801 24.76426694 352.6934284
162.8334544 377.3949145 225.3847792
73.47295183 521.4281063 -431.6940907 R
161.0473229 -275.7388284 386.0185201
-31.08000788 -519.9897581 -259.0855844
309.573967 1.898948238 394.860366
454.3754239 -139.6896739 -7.787124897
125.590372 9.489096791 -172.9131991
-68.48120308 490.738395 275.3591898
-171.7776183 -440.0215272 -496.4991888
245.3138075 139.5417678 454.9545917
55.86790741 -488.3353034 -337.1952569
-46.10203225 -280.8735756 -57.97393795
-354.6741827 313.4661672 15.33544796
-297.6249858 -345.4090836 181.3023012
-192.9048821 426.2281778 -77.36411332
-286.0501863 -357.1104573 -407.1541083 R
163.3274056 -9.381045078 -43.22774493 R
-228.2009628 -427.3964592 -138.7647098
-505.1952899 -392.1341757 -221.6538835 R
-271.9522814 158.9223486 52.61391129
-356.8349685 549.5999166 140.6386835 R
-52.62035661 55.69784333 -78.83490967 R
-465.8670928 419.033195 156.5093096
-344.8830015 -7.371205058 -247.4124196 R
-307.8026712 102.1923319 147.6652407
-336.9129903 -31.42110811 -77.85351946
442.2663298 -437.8652476 13.03843919
-68.83974616 -486.471048 -256.9887064
205.8688305 -460.531262 -139.0024986 R
277.5546952 -370.7971623 385.5245836
389.3185427 170.459859 376.313441
135.6284248 -176.7734165 159.915976 R
480.2785455 65.94225033 183.663456 R
-486.7494226 211.7656214 169.8055755
447.5722726 -230.3144942 182.857715
-73.62946139 -439.281264 436.2474331
-78.58908032 -57.52771809 396.7049982
529.4397383 58.67728801 -148.410788
68.01196457 -292.463477 -432.6297616 R
-437.7703244 -290.1500124 117.1690985 R
290.0028374 130.2201634 168.192597
241.2196694 342.0856621 -162.5768991
-533.5843671 -161.6903974 145.6917746
-209.2166099 -177.0161366 -433.6619177
187.3312921 345.729559 239.6359836
398.1380151 -297.4552929 -533.9341256 R
-536.9751885 -484.7278205 307.8045787 R
-176.8169943 -470.626796 -34.64607453 R
144.6106641 236.8315124 -371.6069326
439.6298907 -281.4662897 436.6004823 R
-50.40275578 77.51574388 154.4803811
-31.41817757 -456.80938 526.6319528
-286.1346915 447.912044 -18.77038034 R
411.3728911 -88.81674615 -447.2281621 R
-478.6170112 340.8102077 -14.38316703
150.898389 278.7841937 435.2930943
-507.3451517 36.81259652 428.7999612
-72.91208858 501.3241767 -390.6386841 R
-149.606689 -26.70538621 -456.0353284
-156.8109422 -329.2130139 -504.1698783
299.4371839 -533.7346374 -508.8971284 R
33.41761003 -106.6207767 -52.91870075 R
349.6230115 -459.1434924 41.05841292
-148.1798808 298.8711301 35.95393262
208.3414687 190.6790076 5.328557478
467.3821762 -337.9736034 196.222903
278.4894347 368.8931907 -313.8311645
-440.2262141 338.2087832 -220.8919947
394.3440744 -299.9243147 175.696173
41.53863505 -549.7979401 409.5772452
-507.4809394 -230.4429451 288.7313571
119.6285596 -341.1378673 64.80250296
478.9310494 -456.5145289 -440.3521866
35.66605033 -287.6113033 -495.1816175
282.9017009 -20.57978109 52.60856551
-72.73342655 345.8936807 510.7824754 R
70.39837517 537.932088 95.67563084
-46.12114757 520.2209933 143.9151158
253.5226085 -224.0837009 -182.9070851
-132.4107536 -192.6684232 96.86826308 R
-252.292461 21.05130633 -26.16141859
129.7455583 -476.5836864 477.3453478
-280.9341844 -490.913115 -98.52402719
128.3822953 -236.3467902 -523.5175744 R
544.868549 139.3920304 315.386956 R
-161.3892867 513.7011893 -491.0347293 R
-439.1005166 -491.8728804 -464.0226189 R
414.8847963 -132.3744597 -507.8452628 R
-129.2708403 372.0603529 386.0021438
-354.0035129 435.2331262 -90.61305309 R
-62.01355112 -302.6014133 -276.0824491
455.6244976 476.6993369 13.69416345
-303.6834609 52.96841314 -57.67389662
74.97421312 -281.9197358 -234.333809
409.4741649 94.19347736 -234.2222505
-547.781204 -446.1036606 -393.5256651 R
213.8317326 530.8855915 27.09704439 R
-528.3669413 -25.33952867 240.8112351
-157.9059746 -266.7507554 -491.5540387
-504.0499157 -34.00586887 -266.2532542
284.0071023 -187.1130132 251.0346428
269.4565525 -517.6268982 39.81311984
-273.4845254 358.9216573 -87.48653535
-237.0811614 493.863169 -10.89829335 R
432.0676349 -454.6612408 460.3956274
-429.6566396 501.3128116 216.147031 R
425.6166045 -82.84449986 377.9795218 R
-70.01437327 439.8328177 192.4576655
133.092066 303.972868 438.5484911
309.7781804 -283.234514 -377.4191056
-109.7926483 268.1198698 -108.4103365
274.8099153 -242.00428 -63.09570448
-315.4214907 -531.0463784 -164.8906398 R
331.7355008 -272.4795493 -401.6802914
73.67108172 389.3332777 318.1605848
-501.9538163 441.2005326 298.8774986 R
-262.343963 440.4994654 159.4225083
118.5155476 498.2276015 -32.99095981
-343.289504 158.580861 -340.2932638
-127.4327315 367.4463745 -453.9289409 R
216.8742669 -238.1321283 173.4316059
-408.4057212 -430.271369 -512.6400312 R
-110.388352 -154.972131 331.6030702
-417.4098758 92.98025384 -512.9287706 R
-15.39762297 131.9211187 -11.80178148
366.8600545 372.4555822 287.9714876
-139.9382054 -77.17044375 458.02159
-109.4309447 448.6279063 -435.0630389 R
411.1167161 242.0997256 455.6576092
-172.7724309 -130.5805941 -136.6137498
-238.1236149 201.3153692 368.0086418
-81.45784504 387.869317 506.188491
27.04897177 334.5050325 -367.6199213 R
-412.6894089 306.2756919 96.9100052
509.5785768 519.8766895 375.5756508 R
-437.4880314 -195.8070916 -90.81445129
236.1554406 535.2484721 451.8894559 R
-426.3179547 -402.5885748 -490.3419187 R
-219.7869477 -294.8471947 488.3068691
-325.0740116 374.0775909 -108.35008
-238.1408737 -85.83045587 87.94794982
296.4781703 -517.8925143 424.7028927
183.1384428 -124.3290683 -40.81622621 R
349.5825035 -104.4368512 -242.3165632
-37.9693513 127.1047042 -405.6207303
-361.539184 283.0889048 381.7791697 R
188.5788037 89.04792432 301.393579
-175.1507258 289.1650728 341.7102512
396.3090273 53.32085187 -177.3910449
-484.9589074 287.984981 128.8051931
451.0815027 -152.2088428 333.448277
-352.1231319 -334.3274835 37.42842384
284.9780474 136.8493253 488.0028098
-240.0766382 -103.4858611 480.3081759
483.1988506 -92.99355997 230.8229551
-523.7694003 -189.4982223 17.25497652 R
171.6044898 513.4672357 -462.095816
168.3761668 129.9462597 -193.6414912
-452.2440217 -102.6188285 -45.73085
411.3734702 -298.4373863 -47.56389857
75.73852485 405.1866123 174.376889
95.71244129 325.3679009 180.2170695
-328.1568627 226.7105548 182.3080329 R
-47.97459663 198.443927 278.4839505
528.3719374 432.786807 -471.2519607 R
-349.8405946 270.9514726 48.69090719 R
-7.058378784 333.5392254 156.9164444 R
-49.37707004 -149.7362459 -141.6140844
298.1919359 51.85344059 355.5167904
106.8801622 400.6930123 -174.8590995
-378.6135873 371.0266052 -203.9094206
-288.7179752 59.85146959 -430.9060739
-163.1931714 482.9499686 -1.794378559 R
234.1687089 -411.6147978 345.6317839 R
-40.04403567 147.1801024 -74.52873996
247.7438713 -265.4112397 14.36592822
-326.3544498 -407.7238739 -68.19358797 R
-333.8255905 353.471602 -303.946186
-471.0845158 202.0145116 333.5165312
23.99459089 400.0033723 -438.6726387 R
-298.93078 -444.5209892 332.0287298
-497.8581741 524.3433486 -291.3573282 R
158.7459707 -90.34349439 -309.1997888
-429.8775339 -271.225498 296.800497
7.555049987 -536.5200866 179.9717064
-213.5429081 -463.8532425 -479.7325885 R
-125.1324469 -442.4775444 418.5005607
-492.9168628 -102.5493336 52.04142717
-473.003629 128.6872264 140.4503099
431.7504875 82.70047406 -403.096852
-94.43822448 364.7282069 -513.3771496 R
-19.98160573 87.47664209 74.51928556
294.4338659 105.3588458 -162.3423827
-219.6444513 -495.1636894 324.1696088
82.23562185 -176.4141869 451.97484
-374.7769375 495.6673877 -158.4494634 R
34.38261232 -363.3633179 27.13381655
-280.4733766 -29.47305544 -39.46156103
18.28592385 -343.829271 276.4543354
-368.5734691 -315.0268385 372.8071717
469.2112964 -192.4147766 -256.3388266
-355.8427467 264.0220534 -260.4434682 R
346.9788709 207.9278948 38.66780829
450.8261664 -523.5262037 -0.882958639 R
343.039499 122.8043431 43.61599892
64.22801833 -390.2296633 409.2972425
249.3617748 95.84667005 -526.5114718 R
85.45129806 -510.1434413 401.0643027
387.5879172 -93.15896521 524.3040906 R
-428.159103 -514.0441714 391.1218394
-209.31637 348.1296904 60.34025092
310.8207323 -191.3123203 -499.3183223 R
-504.8146277 190.3376647 -61.4858937 R
-35.91570443 436.0585665 -200.1818335 R
-379.0773547 -489.6600367 224.7781332
526.5756921 427.7910332 60.28293019 R
-242.2347786 -43.12495642 -244.9422702
-347.0731694 397.2674615 303.8053637
145.1682543 446.8747292 -313.2482143
-481.097651 140.9971052 -456.5110717
96.17876373 16.75419237 504.6483596
14.61770883 -360.1355617 -449.8698837
-250.3112908 132.0102521 -244.0560398 R
-282.1677185 184.1612397 -388.2675109 R
-451.0060173 -455.8050894 -353.5952894 R
336.2360531 143.0976708 -460.7827628
88.36251754 314.4034813 9.882050972
88.06171129 -107.9314245 79.36544199
188.3552669 -474.2708245 136.2985335
-232.6637853 143.8919431 -512.6852424 R
-185.8960667 -394.9268508 231.7200621
-437.3639885 426.9290631 107.6555756
-73.98278007 472.8753532 -27.66219991 R
-418.8817791 -301.670342 -389.7376698
-135.5747806 -464.306085 -260.9133664
-399.5178012 -390.7387744 -397.4451912 R
-105.4499339 -330.346937 70.94817748
-234.2881138 -96.73233447 504.8298196
-179.853999 300.4727627 258.9377201 R
-184.7111075 142.4761814 -99.58669443 R
117.212844 133.8898203 358.7396447
354.8237866 481.89115 -264.0646016 R
360.9775554 -499.9042223 -177.9180183
436.081834 -421.5372586 428.6397375
-275.9760614 503.1839887 351.1592854 R
291.8869194 400.6048435 90.53548913
232.9967918 -479.517296 354.9868624
354.4689553 361.2012381 -225.3051968
12.16658734 -407.2871649 -388.5374638
251.0529207 -8.266617371 -388.6993461
389.1956582 26.84446781 508.7580779
-201.0452504 307.3599524 -112.6210351 R
222.9947 469.8794022 -329.1412172
258.0974065 476.3238059 -257.7565574
-9.802951568 -98.2898159 -285.0254461 R
15.94582244 186.0965148 -521.5520603 R
494.7518057 251.5811168 -82.74563198
-45.11423523 -286.3093742 155.588207
428.7620754 -191.158426 279.3715842
452.4366196 49.57273195 -63.69219932
505.5856649 -331.5611919 -366.8845636 R
-100.4854579 -335.4331453 1.715660688
-204.360014 375.728108 146.7664842
78.95608942 521.2993937 -315.1543054 R
-459.5462482 -241.0309541 -359.4013112
-39.94440866 -282.3844153 -400.3013891
153.871134 -99.73351698 -351.0408085
-51.67124805 -361.866177 450.9936494
-410.3119975 473.9284755 -374.0793677
453.1262142 223.3448167 62.74187991
2.704699541 -288.0587329 457.8594388
411.435644 371.0187061 432.4172947
-301.4660248 355.366959 14.26784621
386.810375 -460.829364 -491.5435369
380.8633446 374.7355509 -349.4121899
185.4293838 -516.2407093 381.4338617
45.48185114 543.7585792 -329.8105413 R
414.0559515 105.5546573 -509.2155497 R
476.5970972 182.0564075 84.26867406
-156.6054506 -404.8553309 -17.81656618
136.229506 59.49736936 -492.4754211
-323.8827114 529.2908775 120.3119506 R
-216.8567874 -387.2176974 362.7957793
-544.8920772 -401.2262038 -359.6252817 R
465.1227068 194.4926261 143.8747263
389.4582224 96.21751947 170.992566 R
245.8450845 383.2379717 351.9209708
-336.8574255 -451.3554123 481.091516
-300.6935552 -410.6313792 -242.6591463
-83.41445053 -526.1577663 323.4784499
70.76041179 456.095608 107.7316059
-12.62578287 -340.0402237 -497.5882195
474.3249379 -330.7512419 -504.5536072 R
294.9589905 -423.4992942 -524.1363605 R
255.0493907 458.1119279 399.0716649
-416.9707176 227.806143 -239.2773736 R
392.6898443 151.1021093 257.2043858
-343.8854693 -425.209887 15.80522858
-413.2252623 239.9391143 -494.138029 R
273.9842852 -442.9984308 314.7648148
61.87603179 -39.4044667 278.6467818 R
-229.7127793 -143.4789624 -181.5278495
-380.6673847 -468.8236756 273.2814338
24.6710217 61.4496295 453.7558091 R
-446.5109661 -275.851965 -525.3349835 R
-337.7598605 12.60761936 118.1005379
-178.8143508 140.8051317 146.0808111
-490.4157921 -464.4012435 94.33609969
-477.6004292 288.0310934 65.96931713
-469.7674826 81.10947051 89.08695145
-150.2347324 18.24731205 -385.8278878
-360.4775797 -487.0042143 50.57979122 R
457.659053 -293.4679986 230.3268548
373.4462204 -23.74169047 49.64228777 R
-13.42177552 -381.0016771 -424.591848
-15.22561571 479.873496 -341.6994107 R
177.4892166 511.1620152 -144.5199321 R
-358.9895823 -18.76785216 151.1880878
543.0879004 -92.25656925 40.48132091
205.5493697 -124.2097478 -443.9873942 R
-366.1412083 416.7622436 352.7551686
14.47227765 -475.6144025 -36.85944908
-298.3241361 282.4799737 -198.2832909
-377.4845878 -240.4785434 -320.412016
164.6656126 28.01140865 236.5831343
-270.3218387 -262.1793548 408.1941639
-34.41638265 -1.135941498 -315.6855954
-219.8485711 308.7040549 0.9894783987 R
154.5872743 -454.3606466 -175.4194079
405.6223646 430.9417817 -482.1805328 R
-143.8964825 48.85436015 -104.1942826 R
-387.7774984 106.2228456 -483.3739243 R
-3.016401508 -415.6808361 -45.4996335
-299.2920641 -503.6872974 454.9239004
-62.10688426 508.9043927 196.9762883
-228.964807 475.5353361 101.6355346
332.7541016 425.7541391 170.1532937
503.242622 161.4827526 -204.0069601
-341.1913341 -385.293787 -454.6965756 R
-150.8184395 45.45329664 -127.7479073 R
-409.0559317 -11.42777708 32.49373036
476.9518457 194.5029176 -156.983544
-290.0059452 -217.0619963 357.8939574
-403.6231833 -465.4200912 461.6522392
477.9433705 -209.3011572 -376.0144944
65.13225572 -384.0771051 341.0267719
-519.1827824 421.9875325 475.6347714 R
-334.9815145 -481.2837746 23.89906486
-180.282774 -4.158972739 -287.7056887 R
-303.8180284 -34.78650786 211.6160896 R
465.3764029 -131.8501086 -400.640278 R
-98.76435367 -103.4811531 482.5189151
-74.08466484 -430.1064433 -101.944821
479.3157395 -97.82500068 -98.6405072
368.0242064 -49.37217784 -20.21276375
214.4198315 85.12671943 103.7948043 R
-160.282778 -499.062803 225.7699373 R
-279.3746879 159.7914968 -184.4635262 R
-256.313686 390.6501798 369.7686351
-83.97428911 -350.672757 218.4228309
315.8346705 498.528458 57.36719049 R
95.5688415 -222.9695099 -57.37523818
200.0775095 42.12133518 -10.27663082
-137.2204312 -436.182726 167.1161383
-259.9590399 -317.6500377 86.6025213
357.3986261 2.576529577 -216.679515
163.12616 468.7902377 -528.6376469 R
-231.6172563 -138.4724513 352.7460758
-514.5589147 -10.95647476 384.6122206
361.0368344 427.9125948 -98.63247523
180.0394648 -405.676647 -361.3826487 R
362.8070804 -141.3702915 -515.591903 R
-174.1255869 349.2711051 -244.9514852 R
350.1274956 -82.01669628 -229.4300022
-330.5710774 246.7859275 95.09058859 R
-272.8004926 -430.5081775 153.2418181 R
207.6685662 -396.3029911 -184.2812563
8.368069516 -212.4774275 371.207414
315.3856735 -343.3471785 479.3605757
-108.126639 -348.4533749 292.4709104
-271.8558516 -500.5450689 -41.03521925
-74.5131023 363.9588731 -443.9553173 R
182.0881281 -512.8726549 -511.6802315 R
-372.5856719 -460.9128263 302.8582111
321.903671 -146.1934671 295.5564544 R
-362.5815654 523.3703981 227.7055118 R
291.5770884 76.18369904 542.7865257
-333.7679051 -260.4282131 -55.4754197
-424.9141449 287.4539916 351.610383
480.0972371 -526.1401846 475.3189752 R
241.0285343 -263.3875282 -443.0020757
486.1886495 -26.09369813 414.3179487 R
-262.9708591 -343.8967064 -436.3892979
282.9521866 -9.280546307 41.1461061
-433.325145 -468.0969367 -146.6510411 R
44.74493591 -123.615424 445.7510849 R
101.5924186 -318.9963791 464.3808712
-211.2808245 389.8629947 -158.2329202 R
-111.5151769 316.9170872 -326.6734099 R
-415.2596585 382.8771542 -180.9018746
-13.19933335 408.3423076 -525.9251789 R
305.8480403 486.2195886 375.5744986
155.3822969 342.8534629 -341.6767645
396.8111519 187.533386 396.7427999
335.5552405 332.4727049 -437.7790006
-262.3776529 61.05644074 -347.4962784
6.583658246 -330.896685 38.82623891
-95.86051961 282.2963328 95.93469974
-361.5285663 -83.40238766 21.710597
242.2237273 -237.5145137 424.5828074
347.7590665 226.663075 50.72766811
-361.4714582 -22.74642684 478.1466849
269.5917742 481.1046827 -244.7556366
-393.0158999 -297.0726392 390.1140615
494.3696622 -340.5609909 349.4801541 R
-85.09244579 352.445522 82.8564257 R
280.566065 -188.6985253 127.155616 R
-451.5295834 148.4899723 476.0302924
495.6157523 353.3225246 143.6571481 R
-530.0682593 203.9453106 -218.0305276 R
-507.4232228 157.0933163 -96.97751164 R
499.4682 344.4233716 -41.24845933
-339.9822243 536.3682888 353.8127634 R
101.631786 388.5942555 -250.9389062 R
-339.0972014 -271.9975677 14.04740394
477.7736674 369.3157849 331.1500685
427.6690575 291.2171484 237.0848266 R
-192.4191619 -490.7744735 -33.78100291 R
-181.8376081 -234.7812404 -48.64488349
327.061991 54.92529292 105.1565735
254.3532977 125.0094818 137.9855784
177.0842729 242.2161211 320.1735485 R
-18.20943211 416.9484709 224.8952711
-383.6668365 331.8394955 304.8091801
-264.9127956 228.899902 -65.9691007 R
-46.64703565 -464.8005955 -267.4348652
-352.2937425 380.4198528 -335.1397163
-217.039754 138.4108629 -433.0644364
-484.2132063 143.391205 -131.3708461 R
-4.680249833 227.2664482 -226.4491866
-120.3196079 -30.33970704 498.6459718 R
181.6524941 355.4420476 -245.9778823
268.3140355 -87.55529639 -172.5175899
140.1043486 -484.7936137 144.9081466
280.5283365 -287.5959262 -294.2868662
80.42961726 -313.4987698 299.2619985
73.40920133 -437.0413227 533.6966189 R
123.3660695 412.4030947 351.2819474
-344.7847525 223.6036341 249.6752898
303.2103328 201.8296364 147.789979
254.3987393 -357.8112662 -3.553329836
-462.7125579 192.5077952 -334.8146381 R
436.8861358 25.20128212 -383.7806836
-304.3882025 -296.1068617 -217.779576
424.0126614 -260.4952709 -211.9285384
425.5736204 -460.0422463 -51.27399466
-88.08081684 105.0915527 506.4738011 R
31.80672455 446.6275952 504.1755922 R
-58.81096967 513.6036217 -29.85895727 R
-116.3886772 -170.5253318 148.2969791
-211.2204093 -408.1363675 368.5166711
-0.6073319478 277.0787906 -7.841633473
-309.4795215 -432.0415611 -183.2628484 R
-333.2854576 -369.1742689 -299.5212178 R
-379.5742959 -477.5583791 -189.8292141 R
463.722119 23.48698819 -59.89562886
-405.8171828 -3.249302819 -43.06568411
-59.74599129 322.5970239 -132.8029592
535.2473086 383.6038322 327.3582809
-412.7132829 116.3179377 -64.61738242
-328.2626799 394.7824043 -397.2810047
0.8729751814 493.5712118 250.8182335
-506.2711547 -311.7078178 -304.9556332
-460.5855412 532.2292498 154.386374 R
308.0810507 -360.2284164 486.1088566
-8.442108161 -189.2506493 337.8340687
-259.4791922 -87.29667891 444.1083112
372.0451027 -467.7412633 249.9279307
246.2222908 -485.1340762 79.91135806
126.4717701 59.44322657 50.15143445
189.3400013 516.123704 -423.3200661
424.4069306 275.6586488 -17.60355709
173.3187212 487.4749369 -172.7574518
240.4345908 168.8522208 44.56919685
420.9338232 -235.5932826 -181.8092437
313.3663212 -356.1613858 -453.9756476
412.6901346 -57.54549005 -485.1608225
-122.5896794 451.7640168 266.0235513
-465.7913142 463.7681071 -116.2751353
180.8845414 -474.2209909 -293.729311
187.5330872 -468.4004398 -333.7148878 R
-183.1709418 -267.2328779 494.0117569
252.2709897 -294.0187087 -87.04562348
539.7370219 243.3070904 516.523944
-358.1501819 -386.4700248 479.1462429 R
-349.3123134 -492.6699914 -403.4448659 R
466.6643396 18.2947346 -479.3665508
423.0826834 -541.9706637 103.8956385 R
-113.3982541 487.8203924 82.29040642 R
202.1084066 -525.7822239 -27.30611835 R
-302.8316564 370.6111741 -358.462518 R
-177.6878435 366.8090424 -379.1572062 R
-134.1803789 409.3818574 272.3936798
371.4879797 -412.8592817 -496.2954362
77.75865941 405.6516891 456.0914506
-391.3894729 -111.5766072 70.81548472
-203.7132557 -121.8409472 103.5069081
349.3288676 27.20411142 -447.3554413
-144.736889 -2.377843549 82.57945724
238.5975882 -457.6929152 -121.1530232 R
-208.8785085 -251.3262685 159.3875806
-121.0677122 -59.50976233 334.3272677
228.5619124 -264.076512 375.6692179
-136.8934206 233.89143 -117.4345793
-78.92671097 -147.3719804 -330.3237791
482.0596442 426.2817591 510.5380082 R
422.8018065 -534.5332842 487.2495859
-231.2130178 -494.2426938 400.3971914 R
-417.8481963 -119.6094456 -330.3389432
-211.7984085 293.4839831 -366.4860062
-138.0438434 48.22340114 -432.6957628
358.1488318 374.8526585 -160.5454743
-350.7361021 329.4661016 -445.9228313
424.0345322 -272.6541956 -0.6120164323
-120.576175 -525.1997184 -164.2661716
290.5068529 307.845184 -130.5520107
-319.9395006 -195.3501361 136.5147341
101.1417362 -131.5319778 -313.8524102
-83.75384489 -428.9500355 -291.8721385 R
342.6743984 261.1193279 209.7266566
-225.7772563 -80.38127655 -341.379332 R
-362.8763342 -250.6201706 -78.02180579
259.8689654 247.3065857 311.2032372 R
301.9058839 -502.9124598 -147.194487
209.7827809 465.1428404 -403.3295069
279.6337251 219.7172418 402.3235554
399.3012243 -194.5481518 -240.1329058
-273.4448629 -132.6558055 137.5138521
-437.6080462 -14.28169298 289.6339118 R
136.3276665 -232.2711898 -277.7903388
364.5131663 490.5520649 326.9109077
120.8700454 430.4945824 -66.69736868
186.0409088 -303.4244708 -483.636198 R
478.3251961 530.7186653 270.4150718 R
529.6811691 128.1445071 -279.4249788
-18.80579647 -297.4868938 12.69626768
-346.6529254 42.49068398 30.43255551
-131.4832731 -427.5429281 -150.2551704
-199.6544378 155.8510336 -467.6266526
-17.77479029 222.5706624 -371.3490334 R
-449.4842462 442.6717644 -162.1751969
-293.3548895 -245.7382719 10.31011399
-460.9325404 183.2571485 -126.5036989 R
224.3569559 -42.47061624 448.6598467
-133.0808148 -316.3482991 129.9041575
338.2107825 -332.7317608 82.6999482 R
109.1908735 452.0630535 489.7139998 R
304.1165939 -468.7418316 299.1669046
-488.6731769 -363.4846929 33.63807724 R
339.3737023 -425.0538772 484.5742397
310.1725292 197.22647 121.9246929
-126.7116297 -222.2238457 -449.3355558
374.8674396 -215.7194935 374.7390364
-193.2329762 -243.9275773 211.1997323
-61.81023199 254.7434925 -214.0321368
-196.9467961 -448.5354358 344.4677047
450.4861903 419.1421512 451.6496889
-339.050322 389.6822289 -506.6644055
-91.41985609 476.0366311 -419.8583085 R
-310.1207526 182.0077118 338.4819634
-400.0451955 121.0345112 298.2607822
237.5947319 22.56836543 238.667447
61.09034352 -495.7110873 -202.6355124
-425.2754059 283.7036986 -113.8782082
-420.5191036 -285.1401673 169.0073319
7.812784241 506.1256536 -5.636418019 R
204.6413258 72.37055261 86.31524848 R
-132.7205393 -383.7217675 220.4732768
-415.6684277 -309.4607923 -407.3077972
160.2615725 313.2779945 -386.002265
250.5815973 198.9725595 -279.4521472
-235.2455656 -290.0888033 12.24770863
505.8572114 437.0571403 -33.22967964
-320.8583093 -336.6960591 330.0286119
390.4732972 176.1853464 298.7784421
71.91569234 169.2969511 502.1557633
285.5164253 -284.1735388 -209.1567991
307.492644 -458.4584851 -420.9727864
-501.6134005 359.2424481 -395.5521435
164.8610293 439.8641885 420.5101959
500.5715073 -131.5589991 270.5530177
288.834153 349.6079759 -148.1772821
-28.55685398 -32.40535012 63.0719442
-507.2968628 95.47826393 327.7130088
-129.277135 -133.2351109 58.11117435
-287.4678778 133.1876718 -41.6613238
113.767205 276.1637353 -285.367859 R
-413.1794955 434.28147 -478.6149556
-241.4167245 -122.9116677 173.0718609
235.1446438 -386.8669389 473.6326679
330.3954 108.8974707 -440.611941
-160.7616882 -120.1104885 189.3568042
-399.6452959 -1.084435419 187.3496492
-202.333929 88.15257453 498.6390051
-290.0216367 -259.7604363 -202.7690348
-273.4956816 -274.8964974 -222.2520074
-120.5928762 -174.297423 43.04917382
-352.2352128 202.6335339 -111.2878429
-440.1674633 -268.1432242 74.33285904
-304.9659639 -445.4414838 -182.5260048 R
408.7333029 534.3194677 306.9846688
-472.4362625 -167.6134778 71.3253925
175.3195286 -163.2455706 -527.9114 R
-61.41067388 547.7517668 -477.3952521 R
268.9781047 -361.3393243 -3.178426295
-84.33427826 -55.62437352 -411.6842892
395.4860765 -115.6925848 -251.227111
-12.59705987 -377.7420914 274.2399744
175.8044797 512.3845536 285.5671571 R
199.0941287 109.0542939 158.3838426
-199.9266993 -275.1955688 120.0909407
-222.0101882 183.7354361 178.8513371
499.554728 543.3597216 326.4290842 R
344.5982546 -9.910570423 -446.5067435
413.3052809 358.7609202 -328.6418933
-201.7349552 397.4187157 -417.8838599 R
362.1918158 125.6456595 -416.4256974
-65.29130976 443.9265109 495.5357077
-214.1695872 261.4156252 499.8142937
357.8674887 -510.0526912 -219.6713886
-26.45251936 -320.9310704 -310.0292957
77.46184741 -212.6278894 -180.8396044
265.8325749 181.749162 -305.3012236
25.28611562 282.4657556 206.1215065
-414.2039229 -242.2634781 -289.5496862
-86.51956125 335.6921008 -141.9731608
-481.5183393 85.28889178 180.7278516
-136.1795913 -490.9234177 -357.6814505
285.7915835 -447.3695696 18.78755585
171.5847039 431.7181122 105.9715718
465.5590017 -143.9079749 236.1400837
238.503552 277.726917 -42.66363873
88.38444168 -264.9267118 -391.041358
14.85043273 312.6514474 275.5292437
242.9631743 -65.39807839 -206.8137776
65.6500264 177.8027118 -363.8473685
476.9153815 439.3156544 -225.188049
-439.5863638 505.8892361 -480.3042824
-362.5768633 -235.9024734 481.5958673
-148.8590499 -176.7456064 -491.9188772
-499.2395053 -455.8999658 -26.24325893
-183.9463005 -503.9001897 18.79835315
-299.5106373 23.12378025 493.1489958 R
402.6774716 -30.75678805 -466.6156954
-277.1111588 449.6574071 71.28875831
-181.7406961 -314.4082534 286.9801223
-105.0849696 537.7346839 -401.2118662 R
248.6050453 -139.1974709 158.3504297
389.0084484 469.4769004 10.87622941 R
-263.1968307 230.6056423 -148.6782139 R
290.6201522 260.0236562 -227.0135
375.731737 -248.4639157 -238.7914924
-281.1866931 23.39794744 -269.2717514 R
-497.4560823 124.0871226 8.937778815 R
-126.5189298 139.7597687 330.8366413
-370.1051441 202.2213853 77.77898912 R
418.3656588 -322.1092781 242.8333032
368.389337 231.4274784 330.312216
-328.7741861 199.9174957 -379.0413282
-296.6259001 454.129769 -230.9577847
-12.98366259 521.5825221 -504.4776846 R
-454.9646073 353.4909383 -275.6802451
73.86247851 -535.0578797 -392.4892332
-356.0166318 -195.6298028 -408.9632141
160.009351 -271.9506657 466.941948
-77.8610175 202.4432576 -258.6173268
215.3601227 -251.7002166 296.108752
92.09125615 -88.72444889 -47.09236853
-446.9637938 -263.2640887 -204.8968807 R
-334.2352516 -45.14148662 -355.2299632
-125.8344124 -319.8387121 429.3126227
407.0594935 -267.3422845 293.2874943
40.36188026 -368.7187475 7.464603191
468.8546716 -338.29169 102.0793977
-38.2054521 -409.9899579 -166.481711
-170.0223591 -374.0660983 -441.6742793 R
-307.1980219 88.59121438 -128.9197053 R
-427.110833 317.711372 -457.118427
-446.7865641 -511.2402464 130.2288643 R
398.0121255 30.4127633 -122.2087246
-487.1749281 -220.7161129 -32.28232028 R
315.9251565 -415.8975561 -204.8110742
-393.5563964 102.6042673 -276.5386175 R
33.16863166 286.4047883 -171.2025799
267.6725869 -304.0436319 -52.81345213
103.6004411 -439.719793 -370.9412203
318.1839528 375.4641358 176.6709116
-333.812625 -286.8320008 -324.337845
-531.4782975 63.11192142 -28.42384886 R
-338.247086 -20.82100601 -327.0973665
-172.0247524 -419.3136893 42.74504583
-80.70365977 419.6295849 126.9485754
335.7737046 -296.1699489 -285.4302369 R
9.539980853 144.4664638 -190.2074349
-395.5880675 464.8630863 -154.989587 R
-444.839019 -367.2880976 488.0466448
177.8907807 -269.2674773 -179.2046639
435.9576938 367.4066247 -498.8966466 R
1.127583813 -1.908896704 218.4682956 R
-176.1939652 227.4483411 -460.3387629
360.5609522 -415.6593523 285.868522
472.7834207 243.5636449 -396.721396
53.56525892 -387.0710824 -120.0455313
277.3782308 531.7885596 -152.7237738
-434.7138176 -308.7840956 440.0456802
122.2189622 263.8224145 70.60073307
480.1754873 -447.8335281 -293.95745
126.6309124 99.81130272 -16.41146006
-187.0262247 -7.983093585 17.72290367
182.7245334 -20.703866 -296.9559222
226.7030265 -8.018815642 -400.6036061
522.9672324 -464.7581924 -203.4393712 R
209.4905728 12.39517589 -0.05481959193
143.7821607 311.3782252 -191.3708731
-212.9823111 -253.9111862 382.7500896
-520.3356217 345.4655332 -147.4104562 R
-388.8177211 -411.1500845 63.67611633
-136.8331938 99.81230021 348.6728705
187.7773016 380.7190608 -438.6337901 R
-407.517065 -314.6228944 -6.913846653
460.4885297 84.33145497 -410.9523024
-500.9722841 461.3120633 59.96145918 R
-482.5651604 -375.6703593 -152.4032165
-505.1082315 -215.7222768 -497.4973686 R
-181.5121097 229.3217224 72.73251458 R
104.2372753 -483.7406263 -330.2134025
330.8394017 -273.1694335 300.2536923
429.4157289 -277.5849494 441.69273 R
122.8179892 145.6218348 118.4955179
502.4082819 -185.0219359 -243.9994181
442.4496179 332.9012036 -433.8308168 R
-321.3405061 -334.878684 437.7345402
-227.0457336 278.6635369 -114.0618831 R
-435.0813264 -466.3095982 361.0078046
190.4997871 317.2374471 -385.8310692
-483.5918865 -269.7785771 -323.6901021 R
-345.2375598 -120.8435177 31.07600485
389.3475354 -202.6990395 -454.3661745 R
-281.6481082 -296.8955859 -229.3683853
-322.2512002 78.20451698 329.9822629
211.9829013 365.516735 173.571623
-482.859367 -101.9742217 -169.685351
-450.5386009 -180.1270393 57.76936999
-466.8225715 392.1837744 -509.6667202 R
436.7046291 -290.9909666 220.1207773
144.8207354 17.83447796 -206.9458571
431.6830777 -394.1066777 388.5933837
504.4035126 -198.3041251 20.77767854
330.8217016 168.1490827 -486.7842937
-225.9755992 501.3481845 -453.7824616 R
-23.44213567 393.0443174 -356.5315018 R
505.6577995 -375.9862469 213.4556435
175.3228919 -322.9047497 498.272423
26.18995034 58.99221875 -93.56115209
-217.3546724 -365.6202399 455.7085866 R
-169.0160477 440.4130786 -183.4239611 R
-350.0081544 -176.0534667 218.5686607 R
-472.2269613 389.1603085 -228.0102757
-142.2854401 -366.4902652 -133.0216946
84.82361378 119.966742 -519.060734
334.1873469 429.8658462 -449.9982542
-189.9345459 -140.5156023 376.9929861
216.8968682 -235.862413 -144.1395114
387.0934868 -480.3037645 -167.3246802
67.67692335 -94.16717812 463.2558689
-368.6072371 -188.349692 382.4370026
360.2809731 98.06513606 -238.1516606
256.7791996 59.60557086 471.3072075
-26.7794104 320.06254 -40.36471135 R
459.9511234 495.3842463 -354.9868991
405.6327666 478.265608 -492.7860385
-467.489769 -409.5509898 -365.4174599 R
259.7836194 380.6738998 322.2336187
-96.80031437 -346.7934863 48.70334619
-168.7981114 125.5568176 -229.4961313
-255.8603411 150.3133076 130.6654168
-153.1151244 335.6508427 -251.1037959 R
511.942562 -426.6299769 -163.0755178
256.0216856 528.4202061 160.4984701
146.4305275 271.004236 -275.6130815 R
-191.2141734 27.49369835 323.7743792
-325.4782415 454.6594924 504.0550014 R
-272.4783874 -151.182668 466.0242642
81.8119629 384.4841739 124.9742928
472.7834019 330.4257654 -415.5083333 R
-277.9238156 507.0276333 -210.5736234
-344.3395265 184.4614215 197.8632288
27.52034243 -496.6961985 360.6997169
-488.2840547 138.6989819 -395.8652758
-121.6412283 -239.5461876 367.9730441
359.5486301 -295.6039874 53.62923228 R
176.9296377 -164.0895714 293.9706845
140.655071 205.8172877 -25.0605181
-306.7850188 -216.6481244 205.2448126 R
-106.2968861 -175.7005835 -154.1087658
468.5783455 -237.8758309 -118.3510326 R
130.6393765 127.5533642 318.2743027
387.2538723 56.95820738 377.664692
-163.5685041 -341.7869154 11.4011791 R
-325.010287 69.3446106 -444.3793538
-166.778195 248.2301614 -469.7897477
-83.1779451 25.34320171 245.4884765
-335.0866775 -536.7926309 -93.79621156 R
69.96650022 457.5062762 -59.80772767
-370.010299 523.0612435 -225.068325 R
3.712937305 294.5355069 -64.10663452 R
-109.757256 311.1904958 343.8632459
-376.0671931 250.1295153 478.8296641 R
333.638285 -239.7099379 -184.4620111
148.7292074 224.6235316 199.460357
474.7532411 398.8729291 136.2621963 R
-438.6274838 142.8548134 -108.3503849
-7.682731162 34.48549238 -421.3734358
-334.9090515 -329.2677076 -36.25098298
67.22270001 474.3598803 -386.8789427 R
-386.0990887 -230.0742248 376.4292788
-221.439865 -428.9902935 437.5058695
-31.94844296 175.4143466 221.6837927
-496.8109323 -430.283596 -23.79115058
155.4021907 197.390109 -489.1939279
-441.6380452 148.416602 39.67936204 R
111.3939662 105.0693131 108.1269303
-154.5364638 -430.4917654 4.188760882
-413.967155 134.4003375 -2.439085007 R
454.1743809 97.10367217 225.151205 R
104.0867181 498.9078167 69.57123699
-450.285858 -45.60560004 68.33303883
357.8549423 187.9402534 -346.827131
8.58569506 513.4811071 -405.8460104 R
244.9887333 435.4862466 411.6499106
193.3543139 326.1228533 115.3422446
-9.67821809 -298.3525878 485.4698403
517.9964282 -33.05396608 130.5217401 R
-467.1675222 -295.6904156 482.3228442
-61.76362455 125.9275463 327.9251937
186.9602806 43.71988076 -85.0149808
28.60307883 170.2557493 314.7039754
-124.2914637 315.0242367 -465.3814784 R
245.9959501 208.796902 -157.765291
401.1508981 140.1389038 195.724444 R
-413.728191 68.34676229 454.2770636
-256.395148 475.2827119 421.3292485
31.76208712 -104.7793683 -478.6772531
-443.6232895 -94.36164965 -23.27005206
-22.10976633 182.6813506 -136.5263865
297.3346975 -29.3772348 232.0868694 R
135.8683585 -506.1478145 -250.97455
-143.2076978 295.7016424 -153.4455624 R
-498.1622815 -30.44831217 -204.6673889
286.7075356 -28.21538457 -9.705685437
467.6064047 135.8793519 124.8908474 R
-426.6131935 121.5054947 -339.2366176
476.5139261 167.1529143 -176.1605645
-331.4251247 -429.439622 -335.619059 R
381.9055549 -400.1085275 -250.5251259
-352.112988 -71.25599435 289.9210988
99.4794127 67.60271545 -50.36398393
338.758773 -396.7146703 529.6158634
-370.2256344 -223.6080094 253.7124152 R
-411.3086477 -261.7597646 477.2129085
-519.7479223 -216.83781 -84.2626896 R
-264.8678668 225.5144175 440.3923282
523.513635 386.9210347 -224.9252852
322.7898085 255.2921661 185.7054527
207.8545545 200.8615426 418.8518352
402.7754152 -426.8303473 -31.46588662
386.7769708 372.8543775 -203.3562763
-185.9363319 380.5217226 258.2714458
-330.5359248 -248.4341959 150.9995479
114.9916588 183.0326055 419.1424819
34.45215794 421.0324782 176.9710397
205.8283488 -357.5113241 -421.9580928
-534.137935 -381.8799501 391.927159 R
-521.3303667 134.8915176 -135.8486949 R
-87.37914077 115.7475715 277.5205337
322.4278936 -469.3126088 -322.6162318
-61.90914914 -127.598629 128.7617397
181.6091379 -386.9332256 -157.347778
-150.3764922 -437.7689477 381.1413987
330.429132 262.6708936 -25.99964881
512.0470873 147.8890276 252.1348289 R
391.4592647 472.9769251 187.9608219
-420.5654203 46.42987387 13.36199362
-188.8923773 -538.5512565 -186.3521963 R
438.2492826 69.44430228 -297.0649649
-346.8278604 366.50301 74.1030649
138.101135 430.3670227 -172.8972992
193.9538027 74.61766795 -462.2263634
199.130821 501.5812788 -130.9886198 R
516.7043883 -389.9508666 -449.4878971 R
-515.4096547 -455.4312274 -61.44005867
228.2895114 -97.97249783 221.5146737
-245.561861 -214.5409013 474.5368497
491.1624399 10.90562116 -66.25374444
-301.0425627 -59.13592576 62.22797185
234.1397409 -86.37533077 269.8013431
-444.8024188 128.867916 -366.9868851
-71.29075764 2.508318157 -259.1174441
491.5061663 -378.6792751 151.930763
-22.39640197 128.1677576 -323.1399304
-265.7819435 -219.1457839 -151.5502013
171.693639 220.3699093 -168.6698621 R
-381.36724 -116.4139453 -484.4905453 R
382.6605456 -41.0936866 -104.6820553 R
26.94579222 223.3101223 301.9979221
266.2267511 -140.9665634 270.317518
522.8997856 -42.73982553 -131.3036346
-353.0296283 -392.7820831 223.6604427 R
-37.47113227 -448.2925334 -394.2013559
137.3947578 319.8411476 -352.948179
21.90007738 508.8024452 -360.5611512 R
471.6944953 -267.6869046 288.7707393
-457.4283449 238.3305449 170.0825048
117.4692019 -466.4267735 -99.11389635 R
-470.3108023 384.2724245 471.5578904 R
-393.0787126 397.4737399 205.2900302 R
403.8101403 -427.3784072 344.5435573 R
395.33425 -133.5643998 -221.4925663
-427.0915244 -433.9408678 356.732271
-100.4121488 -519.8968007 263.2688927 R
320.3226185 -288.7936738 359.6462526
-206.3037273 155.3187546 81.3620077
-235.9158878 -35.07256988 -345.98296
256.9197029 88.55544236 -130.905396
-268.5795801 100.7740765 20.46617553
-453.5073089 -124.4397359 378.0143242
-68.24925574 504.9681045 79.0374792
27.06968982 256.9139337 -457.7180207 R
429.2552139 -60.55671282 290.3832625
261.8896127 -471.9637026 82.52625929
45.08601888 269.142563 -170.4912108
-374.4711354 465.7811987 474.1976155
263.7413013 -221.817845 277.2459774
-66.14419417 -266.9202277 453.8581859
-455.1842527 -242.8345213 -402.4070753
95.17858686 251.2789302 -520.5149314 R
310.9549 -5.218292253 -398.8717008
123.3304981 -44.14233233 -225.3921802
-487.1825987 57.17176276 -429.6090008
515.1485555 271.0268052 -281.5345186 R
313.4022004 46.78829278 107.3019677
-238.1695169 -408.6003498 342.3040535
-453.2947033 -14.88269466 67.63278461
-25.17541064 -283.8363143 221.0146962
-160.0096629 -489.1377401 -307.1845768
-169.6114303 179.4106273 -348.4085241 R
100.0304859 455.714564 140.6885931
309.5067574 192.2513016 -388.1827827
-520.7620711 2.752809051 -115.3230965 R
515.8365715 245.3409078 -105.2326976 R
-395.0413809 475.2054589 253.5534389 R
-345.7073633 177.9182197 237.0268065
232.4763641 358.1312536 341.0563823
-485.944426 -372.0462931 400.7076074
48.3556837 -101.8469684 163.355919 R
-501.2740291 493.8016075 393.6726813 R
129.4576315 -254.5958983 -231.70208
-330.3623712 -65.77674178 121.563167
-182.0930027 66.47763485 177.2720941 R
-38.31401789 513.2758748 -43.85517587 R
28.79497919 -166.478882 483.3986902
497.1691613 -233.3310366 -469.1378393
-83.88961104 -459.6884802 303.6016681
428.0596217 270.2691869 -341.4037291 R
425.8208443 44.30350994 -250.1310796 R
145.6784043 445.0489176 -141.6482332
453.0941928 -367.1686478 20.2129884 R
-432.7410137 -287.0018612 342.6446052
355.4025277 450.3395509 -117.1157156
325.2733628 243.5934714 -431.9000565
-170.6107412 -165.5495371 -399.4248213
217.3216547 294.0349234 243.8039398
174.2980269 144.8708005 49.40134583
144.7367952 221.5954409 411.5083319
-227.833596 14.48721959 465.7337919 R
-306.8421077 -292.6171353 28.80800516
-337.4354216 -463.2755177 265.4646835
-63.92411099 146.5034375 168.0469897
89.60223264 96.25092166 -441.333942
525.8379438 -134.7112995 -31.61265273
-217.8851604 168.7124525 -178.3267695 R
63.68049345 -499.8026562 396.8260273
-519.5166323 -65.91535885 199.9241783
144.9591837 344.6747497 -264.9205361
363.9742576 -282.3841136 395.2750509
342.01003 12.19175793 464.302134
108.6456054 -43.17658548 201.3897368 R
-345.2990323 -153.2535099 -329.0197613
-453.8957681 412.1443228 317.1426911
-504.2501203 -208.6906475 204.1039805
-217.9900852 137.4086069 -406.5592627
-274.1979512 -283.7317891 26.93231566
-203.4544473 -212.2914559 184.0934897
213.8715762 352.6225732 -277.1895433
242.7141593 43.01653113 146.7132063 R
-212.1515584 401.0086651 431.2946125
-453.4654295 -123.5066035 62.98200668
116.7621235 142.1354582 510.8892824
143.5607212 -264.3259253 30.90199901
-185.1534607 -229.0178022 485.4962833
533.9048 445.9981319 -61.5513175 R
159.6017255 -59.48687262 -241.3958438
236.1284033 84.05625276 -396.7515625
135.7841609 -488.74249 -527.6114695 R
-455.27722 385.7516242 308.4050904
-307.1777706 512.745571 479.0591105 R
-231.368059 -302.1617683 447.1803352
-102.1089486 -135.301423 -127.5320468
278.4117784 -81.01298202 460.547417
-7.454867714 73.20098903 465.9070521
-479.9111922 424.8887446 -42.37072469
-7.269799143 -425.8468782 157.9360877
200.857324 -200.9297492 152.2503572 R
200.4977932 -413.1987977 407.8207479
-318.4204732 410.9776758 141.4205845
46.22305052 153.3320951 -11.5458998
521.4016324 -287.4410013 303.9564489
278.3228293 -465.0254631 406.9134982
230.6436923 -46.04808143 -262.5040496
-230.852971 -486.7332109 -317.6911087 R
-308.0464595 -300.5389891 388.716739
36.97691533 436.3595788 -391.1760353 R
-150.4182454 23.53064572 501.7021946 R
-478.7198342 213.6517544 192.802721
85.15151593 315.7869923 462.4554668
-313.625262 20.98234969 227.2469087 R
510.5626014 407.0544056 353.5183128
386.1902727 -220.8524616 -255.8264223
-166.5818795 143.7091042 -371.431383
-343.8369172 -39.30813599 370.7415887
-235.8676798 -73.14275232 459.5002466
295.8166288 -20.97122819 479.9455997
-229.6009447 -73.77162733 136.5983978
-196.7029171 340.8882886 161.5469032
-385.7023967 -403.6263372 311.1292847
-204.8873764 454.5660777 -241.9800784
94.47052261 -156.6599847 -366.7108043
-371.9649381 -339.4022672 -167.8283863
-144.6590272 -101.5068387 208.2901477
449.1307571 183.5121113 -273.580068
-504.7200551 73.16456864 -101.8128385 R
499.5392285 321.705319 213.0869392 R
-200.5583121 -235.1862395 268.6508207
346.9118299 -202.3125545 420.9845187
49.1566534 -141.4058396 16.34634394 R
-210.252907 -511.7059893 302.3520298
280.7577633 504.2793548 144.9775485
-18.58013293 38.1575239 -342.6313253
452.7007498 -206.6597722 -267.659629
372.7793117 447.6723143 158.9773023
-0.03451637539 -539.4010654 444.4302859 R
-311.70618 -450.7302381 16.15478967
-335.5506406 -200.163233 -99.97619148
-252.8490999 161.0988886 -19.68670138
-23.70399344 -297.9526067 -478.0544274
-318.5344888 -298.835984 -206.9088185
415.4711376 324.1058663 -61.00573678
160.1793577 418.8207231 323.6765147
-368.8667804 166.767286 340.8071721
229.9317031 290.0415498 374.9225127 R
233.6612641 312.1726269 35.27663224
79.85023603 -144.7637721 348.9372577 R
-366.8763662 -145.8870307 356.7021754
-427.749313 79.89869122 -309.8120288
-234.5253242 127.2799497 412.2064981
27.60937214 -462.7704841 245.477261 R
244.2848229 -109.3153491 -360.3035458
-248.7822278 496.610877 -288.6115286
403.4927592 357.5406336 88.0636463
362.091711 -153.9255152 204.4455832
495.9032627 -79.65877687 211.4922239
351.7868011 424.3823556 -368.2242294
-509.596872 -380.6032445 292.1936623 R
-127.8461124 185.5611476 -482.7702216
-390.0546944 -203.7652219 -171.5606142 R
70.91937892 -428.5292324 285.2278887
-45.70600078 -387.7244872 230.5585927
-122.759599 223.5416659 353.2115284
-423.395858 -210.278089 146.4486262
-475.6255101 384.3725251 482.4689617 R
445.7013434 -212.527526 -38.25394298
103.9382074 525.4771848 -459.1005721 R
-311.6339517 -400.3188627 -453.243587 R
-415.1964402 -526.7450187 -528.3626933 R
406.269491 -218.4243496 -159.5160817
127.2795863 -501.51496 278.5437538
-502.1936881 -339.858715 -166.4464106
109.6710502 -379.011302 -237.8755772 R
-151.7108656 -366.2566797 463.1056009
-417.1039095 391.1079604 -422.8196353
105.6044102 -413.1204165 -109.8270764 R
-487.766065 -526.5753136 175.5181023 R
29.23571473 -15.83576626 168.799012
-232.4418081 238.2249566 -460.748261
518.6354681 138.0297049 510.3787228 R
-7.510707147 -9.510763666 17.4524925
199.9396187 -508.5805374 -136.8705906 R
522.625563 392.7984275 -218.4116638
154.9123066 204.8162432 -304.9844972 R
-104.8037321 123.5940594 -231.3067465
-525.9722313 37.20802589 518.2083864 R
41.68990466 -157.1423681 -232.6187961
196.447099 -340.7546023 -151.8362309
-436.8652818 444.1664533 291.1653812
408.7677905 253.4198409 47.07534656
279.0173136 283.8000524 -332.4755196 R
-169.4395019 -193.3750724 313.7772185 R
365.2938107 -349.9387767 161.0204543
30.54432029 335.3238469 319.1956537
402.931985 -179.0246707 317.1287858
13.05788929 75.63730195 210.7196056
159.5313135 -274.015661 180.6648129
332.001508 -0.8416382138 -69.45545132
-29.75802335 370.9935109 236.8784762
184.6484989 -118.6743189 161.2041209
213.7479854 -81.27285622 152.6244044
-241.9631201 261.6076842 -491.6501907 R
-346.1290893 -58.22418601 44.05697239
-210.4421268 396.1094636 -70.52324966
-463.2466101 59.84617351 55.88647666
232.8494532 -390.3569436 380.3220391
-200.6141968 -381.1303295 97.60351597
374.6851205 10.85157273 -203.4698156
-337.2470307 -38.69218702 57.01300969
507.6082735 -270.6483054 -229.4128066
-90.02558355 -140.2649526 -421.9815261 R
193.4464597 -522.2159102 301.8812334
-206.0752391 -374.1901741 -444.6683106 R
140.2626949 346.890974 98.53770809
-334.3306187 109.9332679 441.667282
-374.4156498 -327.2234733 227.9321287 R
311.2938013 -243.7778925 8.811856514 R
69.39704637 -240.1049952 -325.5102967
-1.93313891 -504.9984522 -481.6402292
-353.5637171 244.5985421 -407.2988248 R
-221.149247 -350.4439327 204.5836752
500.167055 -25.37073257 490.3432882 R
147.061332 -431.9977464 8.227155923 R
325.1894918 348.4881719 376.9354959
-372.82849 121.9952974 321.1564018
-339.0004449 -47.67399606 82.9480748
-200.9821116 -443.8540513 369.9600281
534.9701158 -167.3909299 -305.5343684 R
412.5867672 128.9862981 351.1408506
442.1522021 -408.0835028 392.9082441
465.1904494 58.19645134 293.6578618
58.17614565 323.721322 419.5961298
261.1019754 467.6421633 379.8865853
-500.5316487 37.11141269 428.8504617
-49.22823269 -155.7089313 67.70208689
347.2936304 191.354746 44.88574461
-46.52536933 306.8546888 166.5484422
478.5695217 -336.2993508 -496.6658977 R
454.6251212 -350.8724806 252.7660027
-462.7995631 349.6621276 -338.8819482
-151.3606132 414.2086043 286.4287797
-265.3264324 304.2728981 -448.7749098
-144.3952444 -480.877673 -106.3800056
515.7737858 56.48563328 -427.4185109 R
-375.3946899 -263.5464049 -39.32079282
180.7827717 516.4083963 -413.0503559
179.5079871 419.7491369 -233.892441
-327.204293 -115.6382802 232.232017
238.6007347 522.8131961 112.1965287 R
-417.8096723 40.26727261 38.67136279
-101.9738547 173.0081225 -78.86956592
-10.64169955 279.8250028 474.9536629
-315.1007514 249.3396385 519.3964011
-459.5286067 389.7769485 -292.5032398
42.94281443 -376.6690119 -3.796763613
9.982347481 99.23855961 -34.67719587
387.3467074 43.75252283 479.1593445
-442.5106912 -436.4570472 41.65343558
443.5114285 -257.3867519 -360.5618482
146.9269 -23.05811848 -447.2439867
297.9868276 -305.5164283 327.8408185
221.8547626 -171.5324399 152.8701876 R
-390.3260484 356.6242599 170.9066993 R
226.0999296 65.66046886 449.1029717
155.3128072 341.9148242 8.710179122
373.3051657 335.6164669 -366.3375802
519.7854579 306.3503159 -121.6135611
45.93410042 -342.6539343 421.2324494
-216.5727316 -70.98395651 88.37293538
-136.1079539 28.97775098 -398.0565084
166.3934864 416.3658828 211.4816435
271.1800361 -125.5943849 -280.1966096
287.0083061 284.7327286 480.8307806
73.69786002 -459.6724078 362.6234393
172.4337324 -275.9626487 -91.29375537
300.5965711 500.3772491 199.2259658 R
-79.76335113 -439.4681682 75.74491024
-83.55868228 90.62753505 339.0382637
-174.706298 172.7043471 61.30844999 R
-17.84340156 154.2247358 145.3976056
215.6804445 -355.119667 -233.0894229
-524.2345088 263.67975 -142.2028092
125.3011657 152.7221403 107.858588
133.4348946 -66.50424055 -487.2814164
-11.53462873 -71.98493042 147.0912956 R
424.347493 124.7860528 -167.397789
31.35772414 -40.90344587 358.5196283
-401.6821284 84.49935914 43.58421553
13.02344939 -12.01780103 247.1220315 R
-481.1027199 -311.6541251 -127.8691857
199.4394309 -34.46556106 419.9621969
-43.87361962 -477.5340304 308.9757357
-233.8279879 -271.7343099 -377.309159
-498.4869623 73.0968641 439.9614452
478.4768222 -354.2947085 446.267048 R
-61.50441642 -260.9921724 -481.9223143
502.1085235 -119.0592118 362.2620718
347.7741967 -98.9518403 -111.2165685 R
233.7867317 -162.1451858 441.2471738
201.9469069 283.7193736 37.37025588
323.8502806 -161.8279754 191.7691539
-32.91643809 -15.80645691 14.97665847
-273.0088674 11.36913836 -506.5289797 R
241.2781646 -62.85552181 202.1255657
-123.2405663 -468.5851672 64.90482111
339.9375703 -463.6337712 100.5509651
397.5093636 100.9255786 -287.3917748
-296.4460326 454.9937154 -274.2499124
259.7542003 -47.35263864 -478.070004
316.4791808 -309.2849065 122.1489771 R
370.2711039 -12.34936233 115.168812
124.3698204 -501.1720835 446.5941607
195.3626859 -213.3005193 -109.0318468
424.4336148 -162.9042568 88.74393587 R
-91.72057144 203.9808135 -33.22438877 R
28.05620117 148.5069261 82.62662244
-341.2577225 286.8098446 193.6759692 R
-44.89528826 298.0701942 243.4686328
-274.8773072 -100.8702508 -216.8876868
-312.168703 -227.5720609 -100.3720154
-193.4659585 502.8185017 -315.3235881
482.1556936 333.055817 484.6126849
79.22434354 394.5592566 499.7611881 R
164.1584023 -457.2195249 340.0061145 R
251.020184 195.7610304 64.43456952
-16.20972788 -521.9602989 66.52555955 R
331.579064 264.4183776 -481.3424387
489.1340778 338.0466049 367.1169329
-494.2608465 -40.92491548 404.9278779
504.0270538 -264.2735668 405.2577949 R
5.174509857 168.685151 428.2874614
238.8153276 31.08730841 -154.0819274
302.7461708 306.646271 74.62916881
367.999064 398.9102273 151.178615
-496.842056 171.5038144 -61.56194514 R
276.0208381 -200.561813 -497.0540699 R
445.976225 285.3128603 -334.0647565 R
-225.9755964 395.1482454 85.26957022
-434.8708544 367.3745977 431.0956973 R
178.2918558 232.2624767 -267.7354541
478.0629582 306.7187974 -138.4558792
328.6664298 -73.83060148 -185.7460395
371.1944711 -341.7079462 517.0303893 R
-71.56243814 -147.5543141 262.6769399
104.2667275 -444.5343015 -261.8176158
-214.7380908 139.6418289 483.2225986
29.11408478 -217.4398677 -408.4506761
252.7554055 -233.0533579 -308.1276285
19.08307542 105.4195015 321.6600082 R
169.4298926 446.4636906 457.6615663
495.0445948 95.37476147 -58.47015321
-221.9358222 469.1902704 -241.6273253
418.5913687 -4.519728238 409.8612984 R
167.4539627 415.0461993 228.7509079
-199.8189982 438.5349407 -223.9033994
-3.079877621 447.4416146 339.6541464
-280.3694759 -262.6630537 376.4245723
102.5868237 -378.3202057 176.1340744
-138.8879439 241.0815132 342.8025458
518.61968 -135.4993582 -260.4109831 R
-506.8241215 -75.77081093 -178.1308067
-169.6005757 43.19797892 -226.7024307
69.07150997 -397.7929257 -506.4372899 R
-358.596968 445.0040256 481.4369242
475.0349356 516.5812516 171.9153346 R
-74.71919911 153.5905678 -99.25414586
7.839850823 -121.6865228 -339.2166953
25.37179696 75.74468715 426.857394 R
309.8529593 501.722898 -217.284604 R
-327.1088474 429.1253167 150.4863195
-233.9223316 180.3853745 -107.4300144 R
491.6884532 -319.7882473 289.5965694
-217.3506366 -481.4123998 -363.8854625 R
129.208155 276.9304398 427.951119
-392.7672948 396.7012017 -72.6527782
-525.1019869 416.0296011 488.9035135 R
-27.43797954 -347.3849942 -275.9066491 R
263.1291771 412.2631014 517.8328296
-318.3018529 -341.9678175 407.8261275
104.9215352 -111.4526796 120.7031896
169.9487972 152.1118364 425.3724238
-335.3391572 183.3489229 320.1753492
-43.80177253 -222.764719 -162.4563248
26.94219463 -111.7311289 -5.849728362 R
446.9375932 169.1211166 -415.1454787
241.4456236 46.85104975 -27.78611102
131.4400359 -20.1613747 249.4429709
288.3759783 -23.16273181 99.69085344
76.74321375 -219.3316146 289.2548555
-184.021325 -396.3197187 -374.0891576 R
256.9543323 48.4942195 294.4682804
-33.92056528 330.8099251 288.3240237
452.8348777 0.5808940102 -214.3378626
-30.66366535 -371.2453181 22.52076331
49.34083284 -361.9361641 180.0313449
453.9987142 239.6975138 157.563103
396.9644508 -448.984485 326.0347533 R
-205.2676793 459.5147401 307.2723884
-482.4882134 252.2123381 408.8193112 R
-3.751256604 332.8869292 -372.8715531 R
41.29628788 -478.0010895 -199.9864713
273.6459831 -319.576029 486.4866019
-4.068331659 -420.4182488 -254.1319944
138.6304773 507.1004726 98.56390487
-286.4037636 -68.83670381 -389.9236904 R
-350.47163 441.8387595 362.0786597
-348.8190514 196.8277667 -135.0763058
320.7208881 118.0885721 3.024945429 R
152.954864 -361.7034092 175.7122668
515.1457421 110.2386761 -228.1495011
-364.3529863 322.2188237 -467.1356143
479.7175333 -437.9479999 9.023310545
260.2859568 -287.0685964 -434.4352369
-511.4450468 71.99014529 450.9351617
-326.14388 61.79976097 -256.8369845 R
-219.2045717 -3.602963814 -101.257697 R
-83.07826072 -513.9143779 525.5965854
365.2356372 410.9604039 91.31792628
-35.24113231 -505.8962433 89.0429577 R
-261.0832149 126.9766974 -353.8796087
-125.5597924 174.0225367 -268.4151603
-446.5602998 -222.5181216 -491.3003654 R
-460.0247313 -397.9776094 47.98548117
-502.8806222 304.7133383 88.13199096
5.332622509 34.50126464 27.21274255
82.43508352 -157.0450352 265.8956772
-523.5753631 -372.2109949 -196.0645057 R
-516.7200898 -125.8212589 -264.4335695
-62.59697164 -93.20470979 131.9549845
-505.2009721 -59.84126692 74.97352205
170.5850225 124.7278826 94.13845573
490.2173741 196.4975926 324.2976699
-466.7547995 474.1696553 121.8531238
-256.4859591 -434.9793805 425.6139749
492.8000181 -240.5844383 374.0399599 R
426.5835022 259.1404757 -173.4307336
271.2202632 452.496578 283.4271458
-503.5745653 114.9937537 41.49607152 R
-136.826482 -175.9065137 -325.7601215
-120.4088278 33.4188461 104.3096727
441.9690196 -411.5131971 -227.1387272
-117.6194429 23.37564664 333.7368972
-468.5743881 -396.3547696 234.6683581
127.6382112 -160.3280871 -432.8720467
-31.68935552 -149.5459827 -71.62463842
-447.4288884 -278.4604328 -113.7991187
72.87195547 -303.0505378 -213.4063176
287.3401546 -109.3041267 224.6968055
42.6692775 539.1931492 -391.387744 R
-468.535172 -349.247362 415.0963147
-2.227218958 -448.4621455 -20.13588157
383.8865307 -43.65217775 -58.53550047 R
402.6276217 294.0262426 11.86320417
237.1505554 -177.6093559 -34.33396034
532.4897122 302.3757603 11.73126388
-514.1031345 -95.08911489 -179.4391513
-111.3053107 -523.0443085 -104.8584287
219.0685933 73.07710459 -381.0185384
303.3712014 -109.8810771 360.7087399
269.6352344 -377.7394176 -464.6805864
-318.0945583 -315.0683232 -391.6102925
-124.6619563 143.7135199 -442.6943919
193.9863161 -507.3766906 -315.5325285
-83.32949506 431.1127836 165.9142287
-447.1221285 -285.2866808 343.587723
-484.4658796 -482.2572485 -70.44171626
81.52501375 523.0205098 -7.844385308 R
94.31611943 -115.1782041 27.02860243
-346.2351788 -118.4179478 -301.376791
436.1349996 -366.7723937 -279.6526782
-227.2255417 -260.0045627 52.97285957
88.0751992 167.4743404 -241.559101
195.5840752 -452.3193097 320.5144002
121.8348086 -419.6307615 180.2040179
98.14213965 -268.6678535 -255.2877992
-146.2383583 -173.0157118 -233.6904919
-246.8261631 -419.237762 -99.7391756
464.2700956 346.6983305 -205.6557129 R
-409.8885465 27.65185707 482.4074069
-531.8390706 -18.81513691 -185.5927964
-403.1755217 297.6319476 -33.78283101
335.4026202 428.0943087 -125.2986012
-323.5248766 -428.4497151 -125.123307 R
-112.8254346 -190.0168338 -389.9324031
381.2445532 -353.1715818 -438.2852551
-149.7978083 109.978828 221.9439267
-509.7741524 -184.279733 245.1347681 R
-48.3844652 -307.6945422 338.0318438
286.2180008 169.269266 158.7348925
-397.9404511 -378.2433814 128.7388284 R
321.6929492 -59.89329885 486.9863761
358.7471844 -94.88083262 102.5107636 R
116.8179868 -452.0652868 -38.44214093 R
-29.79034486 -299.6789864 -344.354278
389.7396659 350.5569729 389.8066353
84.32483427 235.1752595 141.1272268
-492.0781803 -512.0048276 -485.3400099 R
-100.2700942 -380.1189446 156.6111256
16.02150484 -451.5964515 -116.0715891
93.92253817 -317.7646654 200.5305239
92.38350431 -307.4906455 -356.8819511
-104.6418277 -2.991481034 295.1429784
46.55690432 337.9047143 -418.91415 R
-31.28064526 60.79843257 363.608714
-288.4109267 454.6245214 -259.0958453
466.1800233 216.0077108 -220.9117838
89.65213317 515.5654291 341.0025457
-111.3616073 -99.24919172 -430.5714613 R
266.3551405 356.2346065 -206.2696543
294.7927279 -494.596804 369.7111116
332.5166859 -247.5632932 -235.8355458
-291.8609489 459.6026753 -273.6762109
258.3343808 420.1980761 69.28009529 R
-373.9509693 -63.10570651 -227.4546753
152.4684576 -152.6843814 -42.82097627 R
514.4881753 -171.8815584 58.73798764
511.7120242 -350.5180436 -484.4618524 R
-320.5945564 -168.8110095 -45.17581487 R
56.98994727 216.6715882 -26.60666589
203.8450322 30.60589852 89.72897933 R
-460.7804495 -279.8387326 228.612006
-12.08616173 -184.2787615 -214.695141
-348.1258884 -334.841465 361.626934
-119.9533155 -296.9939736 364.7400117
440.1969283 314.1506586 -421.5754301 R
-71.92697376 -299.5049964 35.05646399
-145.4958083 -128.4811823 -441.4554389 R
-339.9248523 465.768703 -507.3920895
-388.4676861 -496.9607209 101.4175739 R
-196.83726 408.7236997 -22.96601996
-498.7039624 222.9844126 -36.44149532 R
-266.6663078 180.553053 59.70198629
480.7294946 121.9868114 -252.5668764
-402.7213735 123.340193 414.2355339 R
193.1131037 193.9431342 -289.0665776
-342.5967343 -75.24283087 406.9068745
-96.05672037 10.13200274 -198.4144805
366.9419535 319.8353381 -45.36535189
-301.7968376 156.2086675 83.65385897
87.25408274 -346.4872235 -358.3697538
-94.99259005 507.2519674 220.5858914
358.2325483 158.4738973 211.7766887 R
-452.1631163 -250.2024338 281.2052135
431.250404 -100.2963907 -215.6735937
-243.1257774 -454.0394955 -118.8482912
370.4522968 106.957302 -380.1711561
530.3179037 18.0682739 278.5636874
300.6516774 489.1386137 -287.4555744
-486.8567058 36.51976297 -491.3300669
-516.5624483 323.97137 368.4279288 R
70.94577682 90.61305191 -396.3408138
56.32772526 -347.8934997 -212.1847195
151.4339958 13.08745773 -291.3920837
-9.818865641 -246.1334647 81.10228282
409.8399886 130.6401801 376.1725776
-452.1364441 -63.07832058 218.9782822
109.2451702 184.4218765 262.6703335
287.2533806 242.6119054 189.4237334
498.9378253 -483.4129936 88.18127937
-144.7144946 159.7580364 151.0852186
-41.58263814 155.9658179 -183.8968774
-194.0823131 -243.8491841 36.50014402
-519.444534 297.3839749 -47.99285338 R
26.78948758 -431.8414835 -52.51796977
-418.7121596 -120.970854 144.7441782
181.8237064 457.9895818 -451.8850748
-355.8126732 388.3232113 181.0647193 R
275.0256546 -267.2759822 -144.2004039
-457.2820726 519.4062558 86.70601553 R
205.0913058 -181.2574832 -220.1633914
-258.703345 -239.146263 137.9226573
498.3296448 -56.27802915 -407.3318792 R
7.523908672 -247.6647333 396.739793
-394.1603788 -364.1285636 -255.7245204 R
199.6240391 -511.9293757 266.5166244 R
398.4572524 310.0122946 477.2827821
-439.4835034 377.4652521 -18.46290794
19.20341559 -54.37369798 -184.9102983
172.049952 -462.7279726 -416.1063723
426.7713546 -395.3181202 80.05901114 R
-341.1503967 -385.4724609 160.2735721 R
-122.2423415 204.5685544 442.7558856
328.7871435 267.022251 72.52759062
222.5937783 -251.4389189 310.4679239
394.3916296 320.1558301 -390.0572119 R
-402.1350795 36.10150058 410.4558895
22.20613224 -252.1833573 -277.3956226
-40.50210342 -270.227915 11.82576363
-150.8447951 508.6413802 16.10858611 R
-117.6631811 -476.6513915 282.4402293 R
-22.41755378 -27.46291945 380.8833721 R
-434.8338078 -460.1183916 -259.2527018 R
84.65565083 -29.71170611 379.4297241
45.46913314 -318.1840791 -129.633786
139.8776716 38.58242384 144.0727446
395.725912 -40.59688378 11.90138469
-287.159708 245.1104501 411.0162483
335.8166718 397.3422355 149.5329013
-130.7039907 -466.1590526 126.2127948 R
-120.5787467 86.65223716 131.4036178
234.4000165 -94.7580858 211.954378
84.22779461 123.9949707 -412.5538134
-384.9241471 -308.2716954 -411.8138926
428.4353972 -296.1442136 138.1439573
-474.3052445 -82.03146888 68.14135019
-100.9032887 268.6079769 92.81566584
-130.4871886 -32.40289872 -216.9999085 R
208.0275373 147.3754296 -196.0672186
-296.8428811 -349.3996867 198.2801922
-273.2740998 -499.2194878 -215.6282255 R
485.6660185 351.7756071 -65.91539145
-13.03535402 448.0896388 251.745505
408.1610995 -293.0395006 -113.1326908 R
-218.3845902 -152.1276918 245.8637458
-181.7835332 -370.674178 340.8450015
-336.4068452 69.27985706 12.56348452
291.1248608 -401.8607564 479.7155307
288.4178989 225.1089994 5.367526179
-414.8804369 250.745 -113.1651643
327.6349736 -34.02187355 -196.3273444
-445.8518334 -11.03645535 139.136887
-443.2978441 -3.017401102 462.6578635
-150.3851626 -523.9116664 -472.9493311 R
-38.30638641 -417.8920856 -402.532214
-385.8016162 45.2387639 40.37992706
47.39149648 -346.4549208 -10.89224693
390.9513162 488.940321 443.2032399 R
-115.8496234 69.83526623 322.9688624
-57.44703587 -414.6265297 97.48741663
-437.9190756 480.6778001 -366.0191585
508.8667841 493.9247762 -235.5338392 R
-194.926652 343.1709311 124.8487716
-304.1294184 -98.14471433 -463.2515873 R
-423.5515346 -23.38519821 152.053017
-266.7170726 -128.6707808 488.3422777
420.6560249 -7.780403788 -425.1892645
343.9608134 495.3057023 60.66041201 R
-447.7707057 78.72278991 233.7775715
388.6410892 262.0182972 131.0759197 R
-524.2945871 -6.205039041 -117.1038129 R
-74.17379337 155.5329386 418.8354631
444.3914047 -344.5695161 -63.37263325
175.8564037 -84.57169993 -482.945561
-107.6633158 107.7310172 147.9374255
-177.4045675 -505.6462962 213.5300019 R
-210.6062478 -131.4702423 372.7035792
438.4917609 244.1331305 302.7094793
409.6611577 341.5452328 402.7341943
403.8596524 104.4819121 -198.0513669
17.71194078 -101.9279851 -313.8595222 R
-218.9975573 -187.7172666 -130.2715237
155.7855321 241.0003954 -379.9397343
-326.9069092 -518.563926 -470.7491058 R
-44.27403077 269.3900832 240.556644
-495.2496099 -502.1732383 145.1552216 R
-245.0924575 116.2606602 350.2268681
-350.0717679 132.4545332 519.9401428 R
-349.2406322 76.03782074 52.14978844
246.7984736 -235.9933393 511.1225777 R
515.1441275 385.7785607 -203.9307139 R
222.8250391 85.04351159 -169.1695243
198.793986 175.6068442 -374.5713886
87.81782025 79.75254335 130.2563131
432.5566036 267.7027602 6.571394074
-21.18405172 126.9784891 52.38220049
-65.47971987 -434.3788315 -22.29744691
5.792918219 -106.8169137 -197.3578415
-23.43386331 -378.2827788 5.081817394
-526.8993898 -91.47502039 145.0395662
116.8178178 217.2292981 114.7720428
342.4417871 -453.4810161 -219.003557
-478.6138888 -411.4528342 445.587822 R
187.1763025 -322.9737131 245.9381946 R
-13.43726412 344.8791883 -213.6420387 R
477.3312384 -513.2002022 129.8933494
-394.3231478 339.3817792 293.757745
442.2489511 78.17744699 -293.2873294
-353.908437 51.56310865 -327.3965501
487.8684317 94.41609181 -392.6615542
113.5393227 219.4012266 -486.1506471 R
174.2917071 114.3771693 -179.6548517
-222.4720904 -274.741596 373.4349927
-489.3350161 -69.31000388 -432.956522 R
-45.1885841 -89.07443671 -254.1137826
-61.37557665 314.3571012 268.6021661
426.1528928 361.2731748 462.7081711
-13.20245717 -390.9051955 397.7793315
350.0893523 -444.2170416 -242.8279772
-149.9465087 65.26897155 394.0565548
338.4396825 450.4802808 -242.7249011 R
162.6765387 -170.0993005 496.9683215
-209.6996242 -493.4546806 -215.2282556
490.3804345 322.0124798 -472.9487651 R
260.97403 405.6333825 -97.12850439 R
-138.5990834 181.2683106 -211.0077055
-154.4106765 446.3420325 -324.032867
171.9847595 -131.3613941 199.7650293
88.90147281 395.4713985 -248.2683893 R
-372.3417353 -225.9378418 203.3965393 R
82.00976694 -21.54027911 468.8054261
-383.4870111 -226.4551652 51.6609052
-268.1572447 463.0051397 285.1037226
-74.43822194 -74.04702064 188.6500643
95.28567583 298.0714642 423.5617285
299.6016398 250.3786343 -25.10976513
196.9205223 352.126582 -5.149218744
-207.3344108 29.59779058 36.2697915
-247.9688665 -20.56854987 81.24864891
-2.329036478 -387.6362353 -302.9052645 R
104.2864398 -20.6685093 -100.3028999
158.7262548 497.5166001 -253.8637092
324.6642108 -332.7336857 -250.8713387
378.806004 -416.8958559 -378.1618952
514.5476877 225.3757087 -416.5935357 R
-497.3975947 161.2891544 -262.7482298 R
-396.1111667 -419.9598065 165.8838366
366.803435 348.0727114 274.2665126
449.2379224 183.352355 264.0578245
140.1375358 -500.661876 -400.382911
-36.97928071 322.7896293 245.3851427
396.4989402 -229.5155709 -4.984482752
-16.46329304 -294.8647905 -159.4829519
252.2098311 -358.6237458 -153.0450921
-76.52156954 -429.497228 -161.6733637
-52.71051101 -331.0053297 -380.8285927
131.3149774 461.7102744 313.5035133
-125.1155436 -68.39657155 501.8325146 R
-434.2938216 364.7288037 -295.1001227
179.4463205 -153.9805363 422.837557
416.3399577 159.8016516 238.8094652
-305.7738345 456.4514698 -377.590027 R
421.3026882 493.0027116 151.477783 R
-291.2275891 -62.73635399 412.9511023
91.14473269 408.4620213 164.7578123
325.7041939 303.6648099 106.9197757
-370.8919181 375.3613335 266.7959157
284.5591191 -331.785762 -431.9907204
324.6544717 -74.99802662 -214.7526928
67.79616957 344.2624994 -129.8664642
-58.48005993 -9.22861451 -176.5603576
-43.5825127 -392.0464737 183.7364946
41.50887875 473.2166386 308.0435105 R
403.9452812 482.9322496 257.2547331
-486.3500804 -145.1287959 381.1027518
-416.8503638 -477.7635979 -441.0055172 R
-355.4662206 196.892652 226.4478922
247.0391027 86.52311596 -397.3124232
277.0536189 -140.8798625 -159.572191
122.476932 546.5119562 -222.3718985 R
-170.8847122 178.2710762 -242.2731591 R
105.3981243 142.7957078 83.29472914
364.315959 -517.5315964 10.24383764
34.356464 -431.7591306 494.589226 R
-43.00112725 -57.31708834 330.9430424 R
-297.8337472 -218.0392443 -328.7091897 R
208.2545951 -23.3604362 137.9344474
388.2982636 180.1044433 372.1279151
-29.4479054 -319.2139012 -14.62764299
272.4226716 -404.5492765 -38.3039148 R
168.6949158 -430.3347409 -391.3094992 R
-320.1018606 445.4419309 346.031564
-474.6072722 -511.6807727 -499.2565063 R
-5.628938903 436.6077289 215.6650839
2.539279841 -60.93470981 -428.1331798 R
-387.9072704 153.6216889 -336.8451606
-226.39228 524.1081595 354.3536119 R
214.0750555 467.6431624 156.0464293
300.6674076 -25.66454462 364.4305508
261.6552422 -496.1504951 -444.9318011
-86.57236405 -420.7151628 -476.3645043
-505.6004384 -417.218719 -25.85475063
-484.8937206 242.719638 -397.6304046
-134.3760901 -118.5666106 -134.7802296
400.1046486 -13.99446659 -265.905621
-266.1296077 125.3950406 -411.1996363 R
99.54033279 -432.4728485 81.65754607
455.5998775 334.4158402 506.3135835 R
-469.9052818 -176.5038621 -108.8474937
150.6493246 -429.2934826 305.5775681
-123.2369874 -78.52359012 302.8181839
-337.8136969 366.695156 401.5029601 R
177.0880768 -175.9586903 -283.8313457
456.5487722 366.2319301 -269.821496
53.87404872 -502.794885 -60.33424631
-487.6690364 -372.9894381 274.407706 R
186.6364978 45.89706283 204.8192364
90.80986804 421.0378813 128.678428
-409.2341672 478.5357702 427.1186568
-46.42750266 71.41390693 214.1300509
-509.6502692 393.0640789 516.1703246 R
-227.8602369 -269.9795838 -480.2448714 R
199.6714057 430.7353829 -333.5088616
461.7336579 -96.3086605 519.8345182 R
-494.6713737 -437.7114626 -443.1096258 R
-134.5449665 83.76449276 76.05594357
39.44713709 162.6612501 474.9618751
-416.0643945 393.5566782 429.2951324 R
293.8603617 -334.0779439 40.6346253 R
303.2101475 66.20523684 519.5542896
511.9256693 -303.9770029 -212.0173385
382.539762 365.1910349 -146.0910116
143.805849 -11.37668588 -80.34374834
177.0929774 -439.8877825 -126.3749385 R
117.9243136 330.1712036 275.2862075 R
-377.758519 -182.5561552 315.4498838 R
72.04780303 -522.7706603 346.5882112 R
120.578796 497.9218044 -73.55531066 R
323.4835878 21.17042527 -9.466637543
-27.55349657 -206.0618449 -466.7717955
28.58414325 544.7447504 394.5464385
58.12108166 241.798796 245.5755292
477.8918985 -345.7721202 383.3088079 R
-309.9956578 249.7005677 1.515916163
329.1207962 334.3326207 59.8617718 R
-517.4806889 514.5714257 -448.9977929 R
164.527397 -116.4349283 147.4413414
185.7593192 -101.1730188 -404.3894008
385.488005 -83.47440973 143.8319344 R
323.7540012 -106.7583476 -504.9956692 R
-234.4682797 -167.5865341 -18.4663858
-235.7220345 423.3450397 -19.0499716
540.2700611 101.8527996 239.3432137 R
88.44565764 452.1960663 14.41566407
-386.7790315 -484.2947988 385.5779084
130.5118801 -370.5669091 475.2609535 R
229.6111769 208.2890526 16.61039218
442.7816074 401.2723581 527.9768048
197.7928214 507.3184675 -491.5101972 R
-46.36486818 90.41858918 -10.05874741
160.8396182 132.7559837 -416.8503213
497.78463 -528.2158751 20.44019602
-53.84905533 57.07076681 -357.3168924
-17.86963413 -341.0543711 378.9508189 R
-365.4864764 -44.09014899 406.4036406
70.06935245 -476.4190161 -211.0987987
23.95520373 -50.10920692 132.7501607 R
-532.2005691 -115.4773134 -244.720138
462.8142825 18.35061963 425.3115901 R
228.1439853 270.3280054 -430.8499944 R
-24.05073998 231.8305286 401.9041738 R
-95.45468794 59.75076019 336.0954392
-238.687354 -123.4872321 -53.95471304
-294.2935185 395.5718892 426.1490187
-322.7453214 -530.7368153 -172.5415757 R
430.7754626 374.3956386 -174.3549124 R
-133.4193704 -358.4219958 -228.6995297
-89.26082772 -54.77538449 -353.3602375
-333.3257811 166.3256562 -167.8640434
-94.63695995 -396.7391641 -53.27364012
-370.2292517 367.1736972 -100.9603943
-301.9408233 296.475778 -44.6185465
-374.66386 522.8945725 408.328813
518.741351 -148.9690227 -311.8872488 R
173.2310791 -182.40842 324.5821948 R
226.9619102 -140.6646387 -330.8258105
154.8112009 -7.015847625 216.9436026
15.49554256 -262.1944824 -463.3128961
-109.3270199 192.8824267 397.9322393
114.2743953 204.6302663 246.5217639
524.2052622 -443.3190622 -194.7487962
-357.2650668 489.1124976 219.4567321 R
188.2231636 -14.72196553 -499.9317349
-500.7970505 415.7067064 -529.7538072 R
342.990004 91.71698739 -282.5442913
-207.4045729 -520.0580011 476.0073345
114.2886112 253.9561456 218.8204654
366.2982172 -70.04259769 -371.6662864
-379.7023086 210.2684357 -461.898309 R
-204.4356407 -140.0866351 44.14715308
-189.5230298 -176.7702496 527.8748144
355.1468512 514.9978036 -198.5272869 R
-162.3258399 -291.9167109 -249.735837
309.5275677 331.8533736 -178.6587789
-59.62344533 -427.1669053 121.5373129
-374.0862312 -53.93095864 -340.0085081
265.6248657 -103.8138053 282.7594068
129.0636502 441.2455217 362.0602699
-291.9741685 474.3671298 145.0247761
-42.57139841 -71.41710472 -445.6632959
250.3056882 -154.8209618 -478.5299225 R
458.1123463 118.3830563 -59.25976989
-316.7942445 122.1770326 154.6846418
-215.7834892 -397.3601285 408.3664779
212.3718832 -147.5982045 -96.7525727
444.0369391 -396.143241 -62.94973682
79.65407074 333.2626336 -216.9404468 R
-533.289206 -290.5046613 449.5753197
-304.6191739 -452.4268533 526.2972328 R
392.4380389 47.18816713 109.0088338
-242.3765933 -175.3549461 302.0871756
-421.6938066 -324.4602965 180.4835259
-113.938996 -355.4021687 -425.6438852 R
-351.2808692 314.7899455 -62.14795082
-291.8777088 96.96585313 476.8749401
267.4295668 450.3813006 541.5261685
-205.3142735 -402.0820897 363.3500319
-295.9491748 -320.0192316 303.6583272
-539.3159729 91.83062137 22.8375714
27.01978955 58.17751845 25.54513075
-94.32211885 -122.7378712 134.0865787
-23.72111256 433.152867 -344.1929828 R
-447.784824 -186.8953698 -131.4512613
-113.3559677 -283.533406 482.615838
-489.6430303 315.4571325 -276.5692984
-48.2611015 105.7071661 -243.9898165 R
406.9356093 -314.3010433 271.8868168
238.6292107 370.8382483 -282.6357124
138.7173299 -146.9880317 -362.8720367
270.3062261 487.6416442 414.0879749
-491.8163254 -307.7865033 -10.21476814
-295.7392933 -414.3276267 -105.1191704
501.8827014 96.61963906 -479.917261 R
-191.8058719 -477.6457287 348.8482635
203.6990783 262.6080272 288.5700936 R
-162.4920937 -310.2985091 -250.4627764
337.3227099 -111.8207072 -4.054444213
460.5840704 -247.0754058 284.9808317
11.94001326 406.719491 268.1920455
132.4743449 117.5230531 -185.3687563
-463.7722715 168.6160791 288.8945759 R
160.1767144 -314.707408 67.8366373
-258.4364417 376.3749852 223.3646673
465.0045216 -79.08011706 -204.5814446
-113.1601978 -30.311344 -43.51481781
-263.0097546 -404.5351074 68.06513405
541.4520277 -372.5131258 167.2966997
36.13648786 -449.9309103 122.3674093
-470.7351264 -57.25137406 -201.7831446
380.3474307 30.42166366 404.7807139
-444.20315 -486.518027 360.4782434
-421.3101697 -308.167789 112.9690603 R
67.54577602 218.3620644 -115.4016845
327.7835867 -483.0739534 410.0768912
359.378196 458.8904057 -389.7070944
305.658834 -403.9792889 -359.217395
129.4260484 -514.6852431 225.7729308
205.3880412 -52.87071692 -124.5748257
-238.0436371 427.9294781 215.7724292
168.6626171 293.2155361 193.319915
130.6043429 22.52117612 167.8916578
-236.3881622 160.6141712 496.8866294
255.6162674 -434.4972608 -70.7302937 R
-345.5038301 77.06200347 -436.7214241
-88.64409904 -510.8158866 -199.821123 R
-202.2746483 81.68702482 78.26588411
326.9350693 234.824689 186.7479238
-108.5949294 -114.9298282 197.9899777
297.0493352 112.2451806 81.77584497
-166.2326396 27.74094624 -367.4025866
-159.0527132 130.5780793 -512.8190967
-450.1958355 234.755761 -317.7322159 R
-301.6190267 411.0728715 70.42197044
-137.3840914 198.634843 -328.304555 R
-52.43292275 167.3756609 278.851687
418.4083434 -349.0146967 134.3792815
436.0667342 261.1049192 316.0276457
412.4601345 -507.5864407 -187.4184348
514.9972183 90.71307047 -363.3218967
-199.9932231 -246.2079535 442.955878
122.0768653 -78.30797929 -31.91204273
220.1671396 2.871811714 -223.3329206
16.17668252 480.9503755 -113.5768533
-85.47415271 172.5675787 -460.6642372
323.0763001 317.2379783 304.4270683
216.9478233 501.8483252 -188.8251746
1.244907936 -471.4684412 154.0872774
268.230963 -217.903747 -227.5704223
-173.6569197 229.0774059 83.13756211 R
3.126363515 -155.4598139 476.5043992
-50.25381842 -163.1566112 115.613878
237.6055945 358.7182315 -302.2161439
119.5315902 -355.374832 363.9024726
304.8494343 344.9880194 183.1395611
295.5369174 -188.64491 -505.0129335 R
302.2178713 457.0038745 280.5709154
-286.3029056 -272.763729 511.6302272
426.4202969 1.934191425 290.3574867
-250.7264763 174.2317971 324.3635773
-511.0629044 -153.4461002 -348.8581963 R
377.5118908 238.6243837 230.9519098
-155.0715604 -38.30078387 221.9613553 R
-89.39505075 304.0798219 -300.5968785 R
-118.1402756 261.6073346 -382.087697
-349.2509231 229.3776272 463.735938 R
-188.777553 232.2822029 415.503012
-156.9303402 15.07535466 -398.8822329
-167.393959 232.1154479 -255.3917884 R
185.2139862 134.4569059 -126.3418602
28.88161774 324.8134066 405.2422967
-341.2779727 -166.5767613 21.31635308
-100.4638318 141.1252865 -77.53725112
-523.2916141 -277.4142892 -372.3966901 R
103.4597293 -219.4166821 -179.5710229
30.93966917 -383.4624956 74.2282261
-98.34091527 122.8587627 -423.0738022
-213.3091997 -491.2578564 263.0698238 R
361.2020647 -305.3399858 -195.069545
452.8323776 -373.4980617 475.672751 R
-363.5364145 349.9221068 -338.0316671
-102.6525787 213.1307946 295.3474767
129.7664057 22.55091948 160.7231006
-304.748346 -375.8287991 112.9482401
-266.9479373 -67.15818311 476.5396798
486.0232091 493.2732878 -402.2534886
433.291016 -216.7546687 -471.1014653
47.93109141 -406.3738626 447.6267412
441.1419457 367.3469234 -223.4111849
-68.22440494 -251.7983988 -89.44700397 R
51.62398905 362.913061 -43.46670928
366.6282231 389.4340709 -147.4155406
414.6885005 -438.577019 516.0672603
-14.18532732 196.6076719 -330.9762825
319.1210483 113.2424084 161.5719375
219.8473317 -384.7714718 346.71902 R
-147.5304066 -404.2939793 323.1692308
-406.3171515 347.0553606 352.6584545
-173.179406 154.3805076 -153.5144307 R
529.0723444 -269.1281516 170.1388054
-199.849068 430.0579094 377.229678
-248.4864323 84.12043797 -462.7755443
-11.888052 -68.11737013 435.0233001
386.7318329 484.1635609 318.7754715
32.92060728 316.9425369 205.8151898
-471.1894025 -388.3890232 158.0634049 R
258.569638 -275.8348188 -147.8542342
-247.8759539 90.7627053 464.5502158
308.4458336 -453.50221 419.5886494
-444.0445356 -159.8947414 -131.7756287
216.4901463 295.9185118 -183.5178996
-384.1805738 -296.2135812 -133.1323943
249.7420594 379.0167349 -350.4549661 R
80.31095724 432.6066166 -86.04398057
-502.2800286 524.411387 -525.5739807 R
-206.7899016 158.1782518 479.1295533
-69.45691289 95.59214229 -195.3793886 R
-417.4130716 -414.7771495 -511.1254783 R
359.9936465 -279.5159533 -42.93628154 R
129.1105643 -89.07064309 88.50367105 R
252.1926658 444.4798465 -531.4663134 R
290.1629422 -37.17520485 -203.6029741
-45.7986275 -100.3382325 -16.31930196
-158.1251181 -141.6200397 -221.3291103
-170.6233349 -365.9142142 -136.9161497
-8.761576354 -248.1058008 421.6085591
198.0770857 327.7965292 -152.968348
-30.35823317 349.538107 386.7380024
-436.2360774 468.8817746 242.6695028 R
-478.904824 397.5492651 106.5049774
-78.40021689 -284.8438342 372.8586406
-328.526679 -9.202869401 11.88291025
-49.19204359 272.171938 -493.8052511 R
424.2232319 -167.9413314 -118.2965383
-362.1362007 -364.5358272 -307.6481131 R
-131.4061524 55.97570784 -210.1255759
-196.8969686 -549.9458172 -438.5008353 R
-469.7780233 -240.3521326 429.2867899
10.95593187 447.7609328 238.6690317
-207.9953625 40.27239214 298.054041
-295.0023763 -345.8208555 331.7400065
161.4954368 -414.2537075 381.3406587
411.0865891 -148.2091453 -94.07297675
-214.2084102 -259.118887 315.6617996
119.2340749 -143.8803248 -184.6108974
-508.5785291 33.91913737 -12.25441938
-132.6106283 265.3436226 354.1421079
-528.7319568 -478.2417164 336.8953346 R
-140.3274314 -466.2463456 405.8034878 R
439.8262288 178.8315132 -201.727004
-522.0108964 79.12246102 307.0047378
-375.0220597 306.2662082 77.48905681
110.5081709 -9.578313649 -438.7450153
-61.19889588 271.3805972 516.6818436
195.7169781 -258.3375236 -236.042606
-284.6665607 -290.8630218 -271.7740964
-31.34226241 -305.9536578 314.1887947
107.0975028 -504.6653372 246.1003138
-504.0453595 163.2919756 -207.4725839 R
-230.0108233 -472.1427489 249.6161214 R
17.71804573 -340.9571418 45.35524951
-142.657982 114.4046838 -512.1516511 R
172.4133066 -109.9531765 28.7760718 R
-400.0653918 460.7183387 -253.6551847
351.2612391 89.74565987 -98.20462251
-224.1829137 374.4071658 64.08179072
-32.47448561 260.9035511 342.7765413 R
-75.71989759 -370.5551593 -348.8518311 R
316.8479498 377.5733194 -206.6475358
-364.9995757 476.9563813 -385.7280077
345.2586023 -369.8015956 -114.1524318
169.070171 431.8832324 239.6641593
-111.8287107 -361.5398437 -253.9461166
163.624759 170.5131101 -401.2135486
253.7364172 87.37968042 436.3704874
465.2745448 184.9047461 307.6823086
-414.7859805 -511.5491418 270.4323147 R
-205.4152291 377.3666419 -512.6324816 R
-464.4928398 -15.01002717 -47.56807808
-182.2372299 139.043867 -423.0071663
50.77956123 -24.25025722 269.1151531 R
450.4748575 4.256966139 246.1423926
241.8344085 407.7956257 196.4063838
239.7296307 313.1766528 3.62446309
527.4838568 370.1812153 178.2184236 R
91.11431705 -475.8450799 -488.7741048
-195.475594 -135.3656184 -187.9412587
-258.926203 -439.8269007 -105.6911908
-13.25648747 -320.387627 -223.4636757
348.1116973 366.9955182 -389.1067803
-54.9310562 -208.8224579 116.3465371
-440.4063843 354.2742014 98.08912252
100.1573108 -398.529032 -207.5236552
-184.9221112 480.4452703 210.816438
197.4690107 -505.9166045 -473.5724353 R
153.7776841 229.846136 -225.6823344
141.5174983 396.0775008 -284.6797395 R
-138.0714077 -307.0299437 450.2283225
491.2033491 59.76048121 -337.1378164
-463.6230253 213.4211452 140.407123
-147.6168392 486.3965325 -211.3915702 R
-441.6356994 -76.22571059 44.06378615
98.82452156 343.6306406 -510.8621409 R
105.6464725 11.45833078 345.4355502
-398.6784462 -388.8373398 318.4255396
-343.6432093 486.9638309 -430.7370261
-139.7738004 197.4002563 -123.1364653
434.6941519 181.0395284 186.3612889
435.7989944 -416.2559285 -482.387892
-382.0112532 51.48980321 174.8752631
477.4817076 281.779933 -339.1989859 R
-127.8428303 463.6633089 -87.49270026 R
131.3557391 258.2819093 -29.8328598
-440.6817485 -303.4545448 -16.28704871
-28.38928779 -97.75682883 355.3756575 R
-519.0793292 54.29805638 -513.6023905 R
-15.32514519 -376.6855416 97.40210041
-315.4958944 406.981515 -402.5354334
474.9258893 48.2428498 211.8670759 R
-201.3188331 -252.3290526 -67.31245476
-240.3612463 -475.7529633 -306.8195602 R
486.0619179 -248.1685797 490.5693229 R
-157.2850708 -340.6400067 -275.9692652
-396.3045586 129.712807 406.9834185 R
535.6186434 -495.9032485 418.4300173 R
-473.9301329 -492.5403852 -325.2225525 R
-140.8449833 -68.48303084 -34.76528092 R
367.2214754 235.1396076 -136.3484981 R
469.7478133 -477.4674121 -118.003122
-203.3283936 433.2584266 377.9856748
320.8839846 319.7076102 -458.3847752
205.9268783 497.2115043 494.7985854 R
112.1529203 26.5873222 253.564969
-403.7545011 -83.37932905 348.0091761
146.7210169 316.3710359 481.3419728
-181.8675697 8.071654264 -431.6798376
-271.6111717 115.5195936 -464.5181206
-259.5919608 5.679180463 360.799521 R
316.7471583 -339.9159442 434.8450117
536.9213363 -194.4465324 -20.47919607 R
251.919113 64.41085593 175.167918
-435.2255078 -53.93030892 417.4672826
89.53793732 -199.2022891 288.9602449
161.1711734 172.7130353 -236.1164549
13.21236115 240.886089 111.360922
149.3587015 84.51864686 342.9846457
346.7816612 52.65554371 -115.3216105
376.0777905 248.1622037 -69.47633167 R
-542.3331126 374.2791407 362.8881434 R
-511.3160479 297.9856879 -147.1229287 R
14.33495653 414.0950262 -531.2583796 R
-188.1186449 -387.9447003 -223.9678766
237.0139333 514.0246559 -81.62692565 R
-78.17274536 416.5909171 98.75876585
-334.9838236 -256.8216775 -440.000922
-89.71028902 -170.3589809 -193.3174978
-331.8441701 484.1345547 -170.6711456 R
259.5658177 287.5363561 55.1199998
41.63351207 -102.2813634 501.8991472 R
154.9969965 -328.9312787 29.65264453
236.7657267 342.8128668 -41.5156012
62.17752441 437.1373144 354.2777086
519.3507917 481.8092755 -199.9905049
69.63114334 -10.54130027 -453.123817
-409.5810254 140.097326 280.4990908
444.4487405 -423.675371 -47.6749994
268.5994254 -339.1927233 -400.8214057
-102.0318598 -80.70057059 134.4857114
-176.3677614 -340.0722169 497.3069827
164.0440403 391.7519701 -410.5509671 R
330.2605436 -61.63989516 -309.5782016
-237.9934924 -306.0839099 10.82016397
-58.16424329 -155.1355191 221.4800493 R
103.0191554 -268.0319366 420.6444248 R
-86.11799628 -527.8796479 479.3391618
-314.2405129 -434.9015118 474.8637823
-137.6499154 -441.8798047 -479.4434574
66.77161479 -274.1681505 -112.5736566
-77.34584561 231.7702927 298.4056811
-233.4296378 246.0362438 407.0780169
253.2382857 -350.5628454 97.41478862 R
442.3158392 50.54416274 -462.5638597
-445.3013512 25.68969765 -525.8695173 R
-304.4893084 387.8781795 -233.058256
352.5358642 351.0335284 -217.2154696
71.76874366 -106.5232363 -65.36312411
-188.4841098 -507.3900378 354.1457099
87.99937558 262.4556486 -522.3771829 R
-360.4688006 -343.0309413 -209.6935259 R
474.1034649 106.017329 489.4555523 R
-5.429038313 -467.5185775 -191.1646261
42.95915306 349.3168299 -408.4128289 R
-128.4293053 347.0748498 -149.7853738
-338.3983111 80.86722573 -399.7204379
-232.0817149 237.9254851 -105.5710587 R
135.0537255 321.2576343 440.2664979
497.5254203 -360.7805222 73.90591748
380.2999511 -271.51011 -355.7535207
-172.1778938 -216.605147 -235.8259304
384.9845574 -462.4938661 -503.8505468
-170.9701756 -270.3672028 -68.82382485
87.91809051 -519.8482676 -356.5225572
194.1429087 132.237065 199.8546422 R
-198.2467433 520.7021648 415.8739254
55.64474782 346.2495907 -103.5436097
-179.661565 65.5969698 277.447078
-48.55369254 178.2257793 220.5311539
237.4407439 -221.5865327 -48.1211166
-43.16484973 -338.2676191 -438.7692647
-121.6888251 -366.1553242 438.99419
-229.2098873 -409.9737843 -229.7027099
132.2555599 -261.4963676 -67.03708356
534.1911102 402.736616 -77.78793104 R
-519.5466235 132.6272509 -344.0001812 R
221.2678618 -4.19985709 255.7976871
185.4501164 358.9142608 266.3912914
253.4803834 219.2703127 -451.5497957
9.960431864 65.71425867 -201.6696594 R
-100.259112 -465.9542751 249.0283792
-367.3968256 -109.3807037 -227.2708473
-503.6213942 136.5962631 -196.5230838 R
208.4786204 -267.8922483 423.634895
520.9809809 -152.7513886 491.6674442 R
68.02439036 -387.0597232 -35.01215128
-149.9563087 -9.439804113 49.09862068
311.9179246 113.4326113 -57.16461293
-398.1400225 -490.1028809 250.1856681
529.6286423 15.3898966 -368.1339125 R
279.1409734 374.8177215 -256.5000537
50.51219583 -141.4603162 270.8305788
131.9483571 451.7629452 -360.8856463
115.032879 300.0132492 381.440815
-352.9597262 -5.577318658 -11.66151131
374.6922362 -235.8634807 -192.4037112
-77.10972027 -255.6823032 -398.9970427
334.4743094 -408.0570396 -239.2168725
119.9507071 -505.4633421 -417.275806
163.2808363 -387.6380158 -298.9562671
-427.7858429 -10.32419433 -357.6907116
443.2520553 -68.24283067 242.5407708
301.7382805 -93.56449579 100.8007447
219.055276 369.1949926 234.3118174
-244.2820687 -402.8360405 170.9699129
105.3841257 -327.5577592 105.6926066 R
409.345653 122.6764384 388.9916658
184.5154254 -455.8084472 286.7143925
-200.0102556 -187.0157788 -215.2875166
106.824312 106.0445906 394.8352892
-68.51777747 440.2181912 -162.6407789 R
158.0256807 66.72284237 529.7375258
-324.1513575 113.1935242 101.9363114
449.1473 232.8400997 -67.27678945
125.1156595 306.0764684 264.0936258 R
-88.84592229 -449.6671991 494.4817324
-31.0000476 -138.7873425 -116.0838364
-368.9897552 -176.4491654 -1.580693977
97.52496564 290.6574557 -149.9152509
353.8755827 259.9189776 -413.7636527
-398.6742988 -311.8041725 10.13174574
120.3661142 -148.5178483 -477.4675206
-169.9942125 545.2317942 215.8915567
69.86636318 -324.5518405 -410.3369661
-324.5145587 -397.0224978 49.45948579
-31.61380407 -161.8875512 47.61468595
-445.1501581 358.5831206 -358.6016255
-156.9448235 137.0301266 211.4419768
-65.2464438 -239.4974235 117.4740412
545.7198155 -76.73237259 -377.973014 R
195.6835751 313.9680078 -540.3413529 R
-380.097297 -158.8914627 481.386254
342.4967999 -73.72130295 -365.351839
266.361381 -132.8427253 -85.70403786
314.6470641 469.2369117 -356.2642897
81.28017997 189.4217961 -76.4132234
-413.7614589 243.4161922 -445.3128328 R
-392.9756809 -205.180186 -463.6157918 R
-471.8980198 375.0351784 456.7686928 R
-49.94866621 332.9053305 -496.8425871 R
-107.3142378 372.5713635 -175.2162625
15.68527001 -111.6913911 -424.5561579
94.9963257 420.0338851 -361.5903996
-380.4954537 216.9358237 141.6858586 R
-472.4354809 -23.31911376 200.8217978
-456.5165373 -147.5092748 -333.6651781
-501.1675994 -462.7107471 -231.0676468 R
41.89332189 -168.9663406 343.7720748 R
-531.0085523 461.0602651 -345.4362258 R
-291.6075272 483.6479685 109.2325672
-93.16248768 -255.0666118 16.67293332
102.556398 -346.9431542 -44.21260315
432.9656069 239.0878988 219.9421865
-235.2809902 306.1866403 -116.8833537 R
-188.9178669 -38.74958992 270.6157075
483.6509715 -116.0794349 414.3953479 R
468.3410822 -306.9326617 -42.27371448
-156.2367199 -254.2374827 -227.2906693
233.1720382 -339.1783413 -432.4693068
-377.0129447 452.6311138 -435.9106369
-449.7221067 -126.4762952 -304.1696872
331.0920671 358.9919151 -212.2852884
-520.6037013 -300.4701778 -279.3590622 R
257.4203408 -122.1009353 329.8829055
237.0994373 418.6894063 8.730283277 R
400.6960219 -281.2746203 -201.7383596
-319.2042596 364.5382308 32.80065453
437.535389 -509.5073058 -238.8617761
301.9433196 -530.6369358 -242.1159454 R
-177.1324087 -198.0681734 152.0836948
-140.9516476 259.8467264 255.1212819
120.6697108 366.0520685 237.4082136 R
-42.88772398 499.9924883 99.84868786 R
-99.48365089 111.9974592 250.5036282
-304.2016682 44.38349412 -309.6187397 R
-503.7665253 -201.1787889 373.1717943
161.7373507 370.1256244 -114.4493304
496.3976077 107.9897826 192.0513646 R
-415.3247074 87.41152984 208.0033492 R
249.2109498 -69.93404957 -271.8870076
351.5514154 -131.0643334 410.7212816 R
542.4206395 -308.6554391 -220.4487792 R
-457.5216012 364.9727304 526.8542633 R
280.1535013 -377.7457998 -403.8240264
-500.2736668 103.6088633 400.0341353 R
-297.7852833 -21.06093121 68.20893258
-265.7779574 -224.3147294 185.5508472
386.615597 -46.06677442 470.663327 R
-243.3747959 202.9578686 -507.80177 R
470.9675399 110.2524186 202.4723222 R
406.0721304 285.8286988 -275.1972672 R
95.01467848 216.7302299 59.10110133
149.2101013 127.8051671 100.3617375
-407.7873731 315.1443948 426.6100948 R
117.1902863 524.6446625 268.6477582
359.1926068 76.27385965 382.0210214
-499.5210845 415.1049559 -308.8723314
477.4145962 -211.5979957 -75.63980477 R
348.4834962 214.0955663 47.75152744
-430.7311018 -41.32357662 -434.6223668
102.6485392 -482.159452 321.0424854
-81.95107181 342.4188148 199.6611064
-48.15043628 -381.264144 78.554547
129.4416768 -244.7849259 83.34969444 R
229.8780105 -442.9484292 -72.77766899 R
-281.398658 -212.9949412 -350.3851633 R
-195.002525 384.4254748 -91.11674606
129.4515207 -118.8750035 403.9948106 R
353.2844785 322.620698 82.0488107
-324.9525801 -510.2344712 457.1795172
-376.2241195 -357.4502774 377.617838
-368.2207048 -95.51284371 -519.4336886 R
111.2663507 -474.200503 -476.1686446
-184.8574985 -85.61248657 316.3479939
-350.6599121 -231.7856266 -416.1720528
182.3647314 418.4765814 -339.339794
-197.4088386 444.8734989 -10.27095924 R
143.0448826 -510.511721 248.7258374
-193.5340185 332.8556212 -337.9285785
375.5875294 -220.7249357 -346.6252433
82.32116658 452.2731648 -527.0481575 R
-340.6234621 -338.7386091 353.3878247
-340.9592224 98.93960246 320.7052264
-510.0215655 128.3633279 -451.6156746
435.2577079 -244.8637146 -2.410649778
420.2413679 -539.5332638 -254.4577601
-283.5076224 549.2780713 -133.0270295 R
-516.4547997 -364.5649915 339.9012211 R
244.4844892 138.7149039 488.3167567
-168.2103059 42.09510549 -168.8496517 R
501.1399448 399.4177201 129.0691427 R
283.219002 -407.0658116 220.953127
-125.0535309 513.6011874 53.82494052 R
-245.6318919 377.4546509 5.070731963
514.9636443 398.7469003 179.6290494 R
-171.5652937 -64.08006945 -446.0862864
-487.8746609 -317.3519194 189.5611098
280.6572352 53.36657113 165.6748644
-420.4408519 -120.0641114 94.84214493
-335.1039209 381.3856551 -257.8533161
-164.3507905 -501.9270871 43.99680101
-449.9449781 53.79417014 231.4660939
359.2954756 125.6511831 -238.3755296
491.5113533 291.0261192 -5.837429327
-329.4831069 263.4268358 -188.8450794
-522.2975221 -520.1441038 -457.5739749 R
223.1727626 -208.8085963 -142.9369786
347.4732958 -91.3991524 475.0685067
129.4178972 458.0365105 381.1865647
147.7518764 -496.5966578 160.7515251
14.16865679 513.7452816 422.6505223 R
-452.5441807 -362.2637125 -270.7144674
-172.2172622 -188.5656161 220.7344881
387.250961 -237.0845857 26.1343573
-296.9064924 398.971274 -215.5654742
471.1849489 -209.7285923 397.9416448 R
-477.3357885 213.7586858 56.79706112 R
-358.3733018 -388.4156354 -200.6692376 R
-401.3106539 -1.517785482 23.64229728
-92.29712186 263.4556978 227.0862044
-307.0538438 212.9917889 238.8664332
282.2566407 327.441973 216.5491198
-542.2672272 -112.8595187 53.30191298
-373.2169823 -394.0439961 515.894426 R
-43.62000706 -98.58606295 357.3664056 R
156.3621116 194.287712 161.4507213
548.0878009 520.8022567 39.55551704 R
-453.6290984 -536.2865536 -39.49898965
-131.7732756 451.3017926 195.9698211
244.2524059 -484.4054002 79.52667178
-437.4857235 -38.07557322 3.090953713
-388.9813997 -105.7245978 -525.9722891 R
483.5445909 198.4456359 -40.71647062
-382.0570217 -184.4785601 415.4023006
-137.8853674 -289.3265954 251.0512647
-156.0611349 432.3981837 -115.617446
-58.37449207 111.8636823 -86.06513298
-145.5463997 238.5228391 -351.4509064
-71.87229297 121.8987546 369.1831077
23.53680818 247.9031635 417.3348821 R
225.9396683 -422.9289902 -287.4782721
25.76053123 -111.797961 -486.7950666
94.07241355 73.54585495 -502.6359998
-200.0058584 276.3148388 -503.7449952 R
367.3793439 308.7433763 355.2155965
375.8665284 -48.43331337 460.4904373 R
-397.2247923 301.2542471 118.259984
-241.1305383 -148.6610872 469.9595824
-226.8369872 262.4707827 -67.86660067 R
-440.6388359 325.9784994 -408.9189348
456.1189188 29.50053012 -106.2271266
510.972178 326.6441826 318.0076129
11.58895356 -155.7228166 -218.0028804
-63.25888389 -293.9425174 225.7610489
39.36935044 216.4351135 -375.014171 R
-241.1214419 387.1017872 -377.5484857 R
-351.047571 -6.296381718 231.3389023 R
453.9204713 -372.9600408 -238.838111
-36.62469426 50.6736275 -428.6824181
370.3480226 -360.4149717 114.4371156
95.04802616 -237.7616356 -222.4705564
-271.6913536 -110.2765921 22.83781575
-39.38842551 -201.4417618 -400.7577041
-305.977167 313.5842755 67.74009131
228.8249474 -418.3077881 291.6973376
130.0395215 69.3091372 350.9326875
445.1728581 482.1029995 7.236290345
-280.60403 -245.0236672 -250.9046656
-152.6415517 -317.9643582 70.61598424
488.6220219 -488.1008291 412.4801869 R
101.6427272 -531.5769407 11.91902191 R
-377.9833137 117.3676517 -449.0917222
499.8083753 144.3502823 -258.9685552
412.8571811 41.78039288 311.8928617
-246.5490699 306.8234424 435.6966689
49.46229172 410.5766135 -515.1497545 R
-446.8213017 524.8796545 -42.14434297 R
288.3068987 -120.8542733 372.0121712
26.57793398 -390.2344008 421.6944414
210.6598432 413.2347844 308.1768132
-344.5457214 313.14139 -449.5494669
187.172945 -495.4207078 -216.979207
-464.3355151 44.60893299 30.07999231
81.95769245 -77.39065456 -373.2834582 R
-119.8826377 142.0037729 96.81731717
523.1389338 -68.31763342 -440.239902 R
414.5292747 -123.4871241 -502.7238219 R
-223.763483 -208.6310171 -284.459862
470.1311316 -460.8557283 -141.3286304
71.19169752 -500.0421457 -255.9961884
-422.243999 -227.2740745 402.9242493
-400.7791397 350.9339743 -343.9413929
297.8603016 77.25903913 378.9559766
335.9220112 -182.4529504 187.0804156
299.9993086 120.0815167 408.1503065
-394.5273499 466.8377965 374.4711177
-61.71579899 -422.9126137 -158.4816486
253.6432825 371.6903747 228.8038787
211.7508733 -404.859821 -113.7398445 R
384.6879792 260.4177264 -382.2357245
427.9042111 200.9194187 71.24848472
488.5269231 -75.49307595 227.660818
190.5996465 -276.8139621 -319.8226353
-29.60707093 -516.404002 -98.80533236
-279.4013488 -32.29634113 134.92961
-326.9857422 172.479424 261.3987343
-100.5707076 -239.6619505 177.6377953
288.8256273 -59.36104501 78.84599536
-246.782455 -124.9573713 311.8401264
-191.3433249 497.8533258 457.2514074
-364.1534983 71.33321507 12.70642875
213.4295986 42.77154541 -217.4620047
500.171271 -459.139483 18.91498352
116.4321314 -466.848747 -332.729883
-428.6939729 -140.2765005 245.5729559 R
478.3308698 385.9177674 391.5616311
-163.9168988 -443.9421924 426.5839875
-98.41370194 -236.8798789 -340.5056509
-524.1463429 -344.9565996 -269.4191567 R
177.2545153 61.97429855 238.2982893
-298.6893076 -102.4924685 -423.2713682
-141.6382039 -405.0475884 512.9146174
269.3784741 -363.6354885 -128.312234
268.6270687 -293.7710635 -315.4038896
-366.5966816 -124.7550165 -402.9544187
-135.3906078 -476.7639675 -98.79627341
-254.1306717 -383.5481902 -243.9408197
-190.1697132 114.8603636 379.386237
-240.8807266 -365.6997171 25.02984337
-102.4430403 422.7587317 478.0478186
-158.2533255 -394.3927943 422.6558863
-455.873121 -300.3367069 -6.062364504
55.89989445 -480.0934919 -241.925987
375.0960272 380.1353225 -364.4930351
46.15837279 -506.1127157 51.2023223
427.0284091 424.9813199 7.681403327 R
142.3116029 32.85782462 -71.96787231
-64.23097024 -80.9912997 -22.89120916
-510.0067581 -543.599996 -5.656397369 R
-414.6703601 -281.8262971 366.6035744
-462.7213769 185.8034017 373.0668341 R
455.8989949 -210.3586929 -15.52023564
-368.837884 265.7569669 275.1326046
-315.0059331 330.9897166 -292.4695449
122.2696253 244.0269715 37.47780771
30.4588396 461.2622062 111.3847276
-56.49724791 -340.289481 438.9695018
528.6085634 331.0908683 -45.4599561
-274.4765392 256.0456982 477.3335932
512.8068496 -512.0456433 497.0452475 R
-5.834521889 120.5531257 369.2478567 R
-407.9079514 513.8682837 147.4033808 R
522.6465853 287.5697903 483.0283839
264.6995725 -438.5127004 507.5868148
-19.76412821 -11.4689203 -209.5487142
-126.6830958 -420.1461107 506.2169928
-227.1002443 -477.436927 34.5935113
304.5789607 502.6387979 -204.5355154 R
295.0899482 -218.7247721 -198.3241834
-349.2031501 224.4549453 55.67115816 R
-123.54473 -197.5370642 481.6068137
-478.6636772 382.2584253 -397.0657277
-107.5720697 -430.5097458 3.171730129
430.6415394 -496.8777364 455.0054631
85.81923381 293.5368925 35.71056902
489.4927124 -115.6344145 390.0581282 R
184.8842767 -97.23947233 -153.2259074
267.9815706 151.7694182 -453.5105642
-409.2077441 229.6637314 197.8816817
-376.1737567 -93.16010509 243.5770486
-320.7012018 54.90256932 -122.3822259 R
-232.1514318 -431.1733416 15.86953811
-320.6236625 -276.1374473 -147.4598586
-329.0146418 -259.8245791 345.6437024
276.0875465 351.6328755 253.028245
-195.0985276 387.8069043 49.31102158
-286.7034902 -44.62086733 70.16830487
201.8331779 -317.6161514 -219.2922551
225.1637057 -87.40337797 18.74499147 R
256.8092034 -106.1236571 -346.7876056
-433.3976067 -22.99721949 35.20784907
-323.9647874 194.3611345 381.7929246
432.6107535 343.0083153 226.6851064
-311.9266767 251.96526 76.8428135 R
424.4795711 80.82727312 306.5041676
310.3284825 66.33388392 502.7324917
-218.3916422 94.67486758 321.4435626
22.76927547 291.0148066 -149.1844196
-81.03489995 464.3861077 522.7472879
-409.6592881 144.0900418 -336.0569
-278.194623 -270.2542521 -91.12287983
46.21177884 514.731414 197.6563691
-393.2654679 200.3530359 -130.4427834
1.540377546 -344.2760041 263.2296057
-184.9107595 -427.1863689 112.5277539
2.200513453 44.61419934 -161.9108324
-283.423217 -120.320617 -111.4300592
316.4076125 -13.15329533 71.68639297
34.60956402 -29.09516188 461.4452378
-95.78446267 -409.5710191 -471.4390076
47.6166398 274.582851 101.8468324
421.7706963 -29.75208081 227.2874842
228.6313558 -348.6599774 118.4208288 R
300.0825269 -377.2159422 186.668821
-434.6166742 -240.1135856 -356.1805485
49.74362159 454.8942787 502.3966811 R
-239.2789239 -449.0231513 -443.6069617 R
-149.3578986 135.3453485 -210.2177195
-505.1701601 -465.8578957 -179.4163979 R
429.4506642 139.5228812 277.2671981
-254.6235256 -503.2507646 -2.540769527
-440.7752867 -112.726931 222.3084764 R
-483.4989156 -424.6609778 -95.86416085
284.1335374 92.38160988 -49.44110713
-290.3199113 412.8044568 -230.1300332
307.3804684 -98.69978853 483.1260566
135.2359571 -84.93131435 118.9632022
135.0084001 -297.6685485 -320.2789003
68.31403084 50.90094292 105.5389471
93.58680042 16.32135821 -81.7400105
76.60086409 64.13736319 263.4110642 R
233.5567723 21.5233509 523.0917898 R
51.71018188 -334.9316251 246.0529426
183.7461457 66.13531039 -458.3934039
-306.7337574 222.6601589 391.2399439
-130.8773299 -264.8422929 104.0830626
-380.2904237 -453.2226218 -479.950655 R
-193.1429298 -492.0039193 21.15854266
-261.4443928 -140.1633175 -351.3927011
-512.2744334 238.4491781 500.8632957 R
310.2982624 332.7741596 180.5837967
465.7383648 90.22061589 -80.2608292
299.6979475 -49.87283592 -394.5350233
118.8166861 230.4318481 131.1487973
-219.1502489 470.2637661 370.848638
53.06322339 -387.9795546 162.0622302
-494.308137 230.4746054 104.6363307
254.9281191 -52.39761087 -353.4420477
309.3320556 77.96648335 388.3981832
-34.60182724 207.6142295 -161.4522548
345.4222148 -317.9115581 242.1758426
143.9499679 -275.2859839 382.6532644
447.0605749 275.8613555 524.244816
-26.70544354 -176.4746697 -95.56871971
363.3995051 -298.4209461 -208.2446966
-415.6689489 -386.9993261 -229.5007203 R
392.720633 140.9282349 -237.3081046
464.9911695 521.0017556 -479.2638542
492.7130499 283.5181961 -114.3558543 R
-155.3996016 -411.4896216 -156.0984511
325.7673218 274.330551 -455.2297668
-394.3023255 -240.2330745 159.0765669
18.18454786 201.6209783 -21.77789768
324.7837902 73.23068784 -64.20367242
-111.5913889 -275.2012494 67.01476699
186.732626 137.7921204 434.908109
459.9119355 -490.1071317 -279.9367468
-441.9106476 309.0620812 6.129902772
244.6732006 307.0636645 336.7174762
-124.8862929 -388.9017674 370.1158291
-185.6535418 -108.0955947 223.8872342
525.3895709 250.5396988 164.8170692 R
161.2545882 539.9916389 131.5942092
-37.13934492 -284.7168116 426.0362716
-6.809832039 233.3942833 -446.9342884 R
509.8712638 69.78562956 428.2442304 R
9.182180247 -89.40849679 107.2380918
206.2605037 414.90651 -229.4388728
-221.6598445 -26.80398149 458.8439146
-90.22732838 276.4596711 -13.24564047 R
-189.5439857 -127.5984045 -262.3231472 R
-483.2845324 401.9174157 -323.5009821
-405.3100224 318.6275654 -68.00271506
208.9530743 -353.9216122 -267.340835
-253.1774462 36.61045695 332.5364994
153.8739547 508.1726682 51.70893282
-183.2396977 10.10717065 124.8630572
219.7348611 483.2960863 -245.7465327
-212.5855663 22.30089078 175.9693729 R
506.65439 -240.1149769 507.1498498 R
-475.0993287 32.4765441 118.3737104
-406.8085301 -503.144536 402.9406447
-528.5137456 97.11486543 463.2590121
-333.6249715 460.2438081 -230.9389307
-421.2303858 375.5063831 -44.26834666
-397.6188231 384.5711174 -131.5394266
-471.9087755 -86.57281083 375.992511
549.1295822 -491.0236809 211.6185856 R
-21.78719108 492.6926403 2.364442584 R
510.7349702 485.9489814 -227.1186805
-374.5557085 -287.8539771 185.9498501 R
-288.2452834 154.4142404 101.3210996
-196.1024366 -328.7194113 202.0775557
-360.90093 299.5120489 -143.0433048
-429.7967298 217.9257904 -482.0470539 R
196.8817558 -289.0784776 74.05252659
-40.14443349 -86.66674574 78.73541591
-286.5172819 -419.1083677 267.597597
-73.43006399 -2.044610313 -390.3616794
-432.7820645 32.09712142 -235.8532185 R
-163.9148535 -397.6073985 438.7185318
-0.8061092522 168.8033418 -499.3763057 R
224.6184206 -97.82794762 -495.2388938
-290.9122587 223.4621836 -99.52329671 R
-189.6637964 350.4052992 -347.3353422
266.2779861 381.4431063 295.7079112
412.4817618 -87.94761718 306.8171324
-517.5785106 5.494733653 -211.3334562
251.0245704 117.5357671 -514.2102202 R
-277.2602737 -221.2949495 -164.6670215
-376.3223364 219.6131602 -164.1804819
-477.7209698 352.1762375 148.3063838
-13.64915252 -383.450141 301.2575828
-421.1199011 5.848171354 -265.7136046 R
178.6941536 -496.8583981 162.2597146
-111.2275461 377.084238 35.58483751
101.8679414 405.5405883 502.7923596 R
-201.9999002 -179.7607235 -333.9279504
80.76582753 379.3500322 289.5859441
-384.8485426 -402.3511334 -254.4261039 R
6.653839257 488.1762581 492.1853171 R
-55.96579542 -425.2332786 -90.75667597
198.0873023 -402.4074395 -480.2330751
294.6224215 462.8216733 189.0207355 R
2.955461205 51.58305365 130.3239719
-186.0092118 161.5485448 192.6792426
-238.9888342 -413.3463107 -63.66696853 R
84.98263537 -351.6525799 395.2255325
281.9960302 -326.2023341 404.2902696
-265.2512689 -136.0741329 142.1197787
307.1113158 225.3531973 188.2780976
367.5672754 -402.9610523 -78.87460222
308.6003569 -204.4137598 241.6825508
368.544915 484.0562689 -332.1994025
164.9510893 434.2262317 400.7672069
-72.08827713 45.54758437 209.4485848
-90.08824994 -217.8017851 -403.8584521
467.6762915 438.5887055 -536.9151234
-410.3007288 358.9596673 176.1208679 R
40.67998951 68.53752641 309.1827978 R
-68.51441333 60.98201269 -37.97751588
115.1517438 45.83581586 430.8260174
461.3291348 -192.1184565 23.50602512
497.864597 237.3875126 -341.4738311 R
38.44291125 -163.6053008 -138.9337436
519.0922164 -73.1453944 2.574839025 R
-412.3589612 -492.9386351 413.0372941
-5.451532325 -112.7792684 -374.2700944 R
77.63645509 -456.1359244 -297.6742026
499.2607446 47.82615323 162.3719739 R
441.6207163 -15.20416631 -274.9469705
327.0391024 238.7845551 483.2598209
210.8425645 464.0093386 159.4782379
103.6271435 330.1617695 204.3840832
-429.7502864 418.2644501 393.7489078 R
-70.03294485 238.9440528 -214.6146886
-345.3574454 123.5321529 471.8250173
349.533898 465.4556963 273.50213
430.5286143 -360.9595845 252.5925346
449.2849639 -105.443581 -466.7591374 R
-93.50873004 279.6254096 206.2925033
390.9218787 385.2142755 -439.7900935
-39.18248913 148.1674315 -107.5529592
74.92818434 368.3414286 45.61396942
-334.5425552 343.0998117 -459.0765586
448.483443 -174.2851918 243.5893033
55.18857527 -209.6085256 -140.3098695
486.9146262 524.4064985 94.98001816 R
334.5686842 150.5288985 -336.3551778
-254.0068447 44.65473749 43.47785537
-141.3911686 411.105572 -485.117494 R
-315.8449924 165.1947714 318.9449697
275.71464 111.9587989 401.1120124
-211.6305134 -169.5924067 -206.8155003
-225.5632901 489.3713841 -124.66014 R
-481.7895922 -2.422464041 108.4610862
-73.49107154 158.7697834 196.4398258
-162.6802027 -87.09548469 -374.527597
-191.7200303 462.5581078 -400.784483 R
-176.0619048 63.91697623 -77.80886086 R
59.8396717 -58.16586475 -475.4237107
-505.2490555 -118.8207571 -255.3186259
-0.9328628233 -408.1347878 -525.8759359
-244.5794858 -190.5207998 -114.709578
-304.6340849 -174.043878 243.0845514 R
404.3720916 -268.0426857 320.205955
-486.4828407 113.2578423 129.4681155 R
-228.2086527 -47.51382689 -226.5367986
83.10188987 504.0572042 -45.45869926
99.26924925 268.9267353 -143.9113441
-451.5231438 62.02861447 -304.0327147
60.00051846 268.4426726 290.0787948
-482.2279958 261.5619561 113.1265034
523.564805 -370.7455355 399.1166046 R
123.2822105 393.3106828 -479.2656854 R
375.2370297 -531.4283901 -277.8941447
-387.1139597 71.48212893 -321.7806342
206.1361784 -459.3663183 -503.5624639 R
206.0885135 205.718688 -285.8568814
-324.7766705 -332.3024734 59.2778209
499.6098689 83.32298358 -464.7809268 R
275.2444737 -44.44686316 -452.0937441
422.8890602 -389.2675462 -74.07344304
-263.5679061 25.31586533 313.6551169
-125.78291 45.80170754 76.58908769
56.52887775 -63.70024558 -485.0610475
402.3558268 -336.4016657 175.2988483
-461.3412646 306.2432073 -10.45268525
374.4851018 -334.2223181 -39.17090762 R
459.0731172 -297.4661333 460.398806 R
-157.6123474 -230.4011455 -44.64437885
-248.224446 310.9646102 11.27509482
438.4464328 297.9208029 440.0002553
417.0785936 418.1537387 336.7896374
-210.9300489 -189.3038063 352.4009951
219.5206169 129.4361178 9.585214578 R
-59.55744145 180.338374 459.5857256
-464.7111623 -407.8189193 -234.1698332 R
126.5171974 119.2748422 367.2959629
360.6715818 342.1193746 -307.4649236
-303.7861886 -170.1328726 -377.7244565 R
357.3126728 -100.5865619 189.607931
-369.8877085 -334.4943663 -13.82698742
-507.4067082 126.310748 -506.2672386 R
-3.6222819 -166.9154375 405.8649418
-482.780848 -508.8874541 -155.3266722 R
389.4674246 6.733251192 119.0158686
-373.3653542 26.52866407 -394.7504965 R
-199.2205624 187.4040515 -32.43765409
-322.9065506 430.6320445 319.1830808
-146.0815614 -485.7941173 -192.2661422
476.1640783 173.4906587 -524.743701 R
-407.6684273 -12.91326234 -256.1329288
-117.3599857 -254.9702151 290.3040969 R
289.0939445 519.1244881 -288.3063263
-291.41514 65.62548444 -536.8508163 R
407.9353325 -178.9568577 353.1317439
-507.0422582 496.8761995 -363.9877206
173.6617382 266.2808064 420.1225084
438.3205695 150.2638878 205.7826756
242.3132167 0.8450478462 -11.87070352
-394.3345916 462.515322 313.455379 R
359.9466734 274.4738519 65.3535602
-68.8081446 -58.2942079 -320.8962863 R
224.2418476 1.993617374 432.9803711
176.0794489 338.6133011 74.08211225
253.9686038 -540.4120143 167.3629888
-474.0162653 431.150404 -126.0177118
-470.5504647 -83.72519924 -43.0539813
-77.0380246 366.0399241 446.3723814
-280.1363335 111.15875 460.9385287
246.5392491 400.8258515 488.7645474
-121.4824184 -122.390211 -67.49785316
-193.820482 -66.50021899 284.4721556
-442.6400749 222.9637161 -356.6437254 R
253.6044548 304.8059045 -14.80863401
209.8994487 -13.3422742 -118.6007846
215.7622724 216.9369686 13.54688904
-26.02894092 -530.3455691 -335.6044077 R
364.055982 -109.4702534 -221.543308
-391.3727157 -284.3649927 58.62772693
-370.7671704 -227.8058545 323.6545752
287.4485798 -403.2630488 417.2669788
274.1112729 -293.0556546 -161.7789245
129.7631263 -177.4868972 -466.7283503
355.0444874 -447.5159457 384.8551074
225.020427 -204.8426569 -151.189364
468.6867851 25.35445466 -150.1821887
93.97806628 -478.2165039 388.4270985
-271.5978883 -258.9367481 494.0459894
466.9769631 -517.0619619 215.2013421 R
-108.6139693 495.8853806 324.6021574 R
-44.27916901 -51.50068361 -107.3314173
-116.4688314 270.712269 302.4434556
486.6449739 509.3610311 -516.2679801
-11.33031728 -184.6499016 -486.6664851
62.55343541 375.8258485 -176.8512198
-243.3033608 -317.0274028 -355.8899952
-515.1092486 33.66467846 -3.242227545
-469.9707695 95.27952006 459.7204884
-2.951540787 415.5679457 525.7574877 R
-79.0851467 375.8325599 -244.1357327 R
-471.6622054 327.7501743 4.751852332
-100.4202062 247.9204808 -516.4916519
263.9331478 -497.3829738 201.3561126
22.17054659 414.7648504 320.7754941
-435.9474882 398.4648126 -167.8141908
315.6391193 -244.0398578 400.8015582
324.0952342 209.1565754 127.9032104
178.558449 -28.03564105 -460.1709252
-215.5973139 -289.024666 -458.8673351 R
-211.7660052 304.9098838 420.2419721
-275.1960024 165.937239 536.4329287
272.4420437 -452.285594 -349.732811
-9.896010627 -393.0266715 403.4377232
497.4742007 -285.0960468 499.822749 R
-16.69267146 -172.3684697 -390.7877296
-13.77475079 -491.3086983 318.6013005
298.7023308 -519.9696358 353.6060183
-97.88189682 212.3270254 126.195436
41.39438459 -470.807172 500.5957889
-487.5129869 -251.915221 390.3464757
-236.2608139 32.10706376 -434.3169268
-45.63677756 -426.328239 224.9652761
473.2628909 354.2144571 331.232991
380.3234442 -2.279267887 482.6519103
170.5294145 424.3301568 -218.1262026
499.3749434 379.0936238 458.1123924
100.7308995 174.7829613 -238.302262
-42.3119725 541.8810062 -4.739303542 R
366.0697449 -542.1294598 208.4444832 R
316.1582624 -170.4058775 -171.1705447
-274.8126326 113.2530264 -45.23906646
56.53219684 -264.4275823 180.1568509 R
-504.449886 -249.4101697 531.4600488
200.4189912 229.4185477 -366.8789328
342.5538314 -320.2057471 176.2195552
465.0562342 -260.6694395 307.1990252
-155.7028312 -319.9487326 -220.9606497
127.0623455 -459.1013141 -447.1340685
-503.137635 361.0973389 196.8112839
-457.7374022 -322.6821348 -430.6733112 R
274.7463499 295.2253896 -211.8415569
239.1078271 207.4751903 404.1633055
291.0031445 17.07484005 419.0927223
-338.1263064 344.177735 185.2718859 R
470.1096241 -127.6623503 137.5621413 R
-376.0088767 -38.0544646 -148.3576821
42.54978709 529.6823312 213.0244614
459.7959308 -120.7410043 -244.1861771
-28.64893365 -437.4164532 -487.6975556
-203.5285716 -268.8925159 -116.561231
-275.7339461 354.1262701 -438.1107549 R
288.0657043 -474.7577065 471.0380501
507.7138095 238.0227216 -143.0853854 R
503.6303928 -477.8021683 -212.7626513
279.39232 -348.5057787 -488.4973233
-358.508009 90.17167891 31.04250183
-284.8013787 -3.781660573 377.2478554
317.5786501 444.2653835 -74.68055858
-89.24376657 205.1747082 512.3757054
-174.1198679 387.2564633 -453.6821897 R
516.9262478 286.8277231 454.9361136 R
-482.7128475 -315.186853 -156.9716269
-122.0327787 -64.02946043 111.6476756
290.1376318 171.9368712 -152.9414338
485.2637066 -538.3690853 -50.53637775 R
187.802909 -125.1265473 236.533653
-351.6826679 -270.5467753 -265.725158
