 -0.326992743931531 0.0136570559032422 -0.944928161417673
 0.133093152302933 -0.9426588863153 -0.306072600637278
 -0.989254665170607 -0.0678673066443232 -0.129496085373404
 -0.212496277993151 0.0919742436347224 -0.972823761195664
 0.174404203831106 -0.141245181061932 -0.974491135163794
 -0.417944440770644 0.285280014868826 -0.862518265050287
 -0.247978932364214 0.240133221522245 -0.938532090567421
 0.347000400470567 0.321423056031293 -0.881066365902575
 -0.159703700470521 0.747386240939329 -0.644909710665456
 0.325030082824288 -0.93731586340471 0.125675842822392
 0.505664925958954 -0.852268636089745 0.133944595234938
 -0.99269563942156 -0.0516110154016386 0.109048936549755
 -0.0672961266397298 0.180799353224894 -0.981214974005569
 -0.140420385488821 -0.990042159276079 0.00993167635043036
 -0.155841114724385 -0.396773566421896 -0.904590672044716
 -0.169833342455087 0.00712826469829083 -0.985447017161717
 0.419834564207456 -0.332357253936368 -0.844557632404451
 -0.139327070353077 0.69173223511187 -0.708586256128332
 -0.0073245804297622 -0.302541287726805 -0.953108136436855
 -0.177226364236921 -0.0860385853651254 -0.980402048981809
 -0.641602450647314 0.766588399298009 -0.0262396910248267
 0.198792111692916 -0.979249258949769 -0.0394028574471347
 0.288606045023962 -0.365917312960617 -0.884766110817604
 -0.810502744194336 -0.0644482264386892 0.582178432924442
 -0.00992748275338127 -0.372835029409371 -0.927844537587787
 -0.346988860764921 -0.396408727011125 -0.849975794746228
 -0.96288462323878 0.267618822196411 0.0351193441925893
 0.0844492772356258 0.344028936329711 -0.935153682846957
 -0.773240204098313 -0.00146403219649279 -0.634111538592168
 -0.452140723235519 -0.603213174183876 -0.657040815233783
 -0.0130819222140256 0.639821570785695 -0.768412142582685
 -0.430192164309784 -0.887819363162462 0.163436471328354
 -0.937799706436683 -0.323914499570781 0.124944417942867
 -0.257974650827648 -0.699311722604448 -0.666642478513298
 0.0555246799616542 -0.512264456692899 -0.857031000795353
 -0.397418725818961 0.227298303603223 -0.889040965055902
 0.30199470002869 -0.85017130556969 0.431286392482431
 -0.288854291172282 0.131773165293173 -0.948261056555618
 -0.794988689130124 -0.594870400313618 -0.118836825041244
 -0.199747757678229 -0.979799451146091 0.00968859310422044
 -0.312102395758716 -0.197163609981155 -0.929364624601598
 0.343054826849131 -0.937202830616807 -0.0629622113601216
 -0.448903869985176 -0.188911428578646 -0.873382955904629
 -0.815860154591792 -0.508248487143407 -0.275781949129917
 -0.694602213663244 0.630453093658377 0.346491935650316
 0.00149466075448587 -0.998205356071199 -0.0598651242377422
 0.110663316245555 0.255733309403419 -0.96039268265596
 0.319335353467582 -0.0274029600597587 -0.947245485502939
 0.194967120622206 -0.939167543520386 -0.282758106999906
 0.0885818240662826 0.582748016816232 -0.807810627153319
 -0.192731920350847 0.408238554510602 -0.892297982452594
 -0.311578520403968 -0.323113181767264 -0.893597614920222
 -0.268023421301374 -0.117048586452468 -0.956275626607405
 -0.565311420524698 0.243320705851997 -0.788173858947399
 -0.998956185559732 0.0440574121210424 0.0120616652725379
 0.249499051710904 -0.834697515524818 -0.490948348374914
 0.042182772568642 -0.991877176356684 -0.12000116966561
 -0.902809019783113 -0.297678557995991 0.31036003271633
 -0.508109692972538 -0.0501071258677112 -0.859833597764492
 -0.279949716364532 0.101494893287086 -0.954634455141894
 0.343642995636825 0.487329248044129 -0.802757557143185
 -0.901749721301022 -0.410879948263412 0.134257618959165
 -0.964053961149459 -0.0469006186640662 0.26153449478217
 0.0713709429702697 -0.997443912089104 0.00343958368380934
 -0.860423052128292 0.414018125089242 0.297087804300048
 -0.693779721169755 0.0272371084418959 -0.71967203531702
 -0.460726579124105 0.828010537509659 -0.319577172309858
 0.0735843972759587 0.503303410712475 -0.860970971196314
 -0.639264967823256 0.162023954406526 -0.751723711953005
 -0.744199460376567 -0.582715589722557 0.326511415833382
 -0.746683357621398 -0.64866236027196 0.147312951968404
 -0.876396360913581 -0.135609875532671 -0.462103213833712
 -0.419115923657936 -0.376711958486542 -0.826093180500595
 -0.563876705380879 0.221995319819886 -0.795462845836857
 -0.101111108205895 0.210905695169969 -0.972262995049307
 -0.176188890972375 0.51626902306496 -0.838107254783942
 -0.926803289350624 -0.282978317324753 -0.24689863258616
 0.211001653761231 -0.971486960060591 0.10812672445912
 0.025094880261882 -0.372407683877759 -0.927729898178045
 -0.869863935300273 -0.480841154323467 -0.110129552676827
 0.187518151557636 -0.69824762368648 -0.690859753388914
 -0.0620216376595786 0.209338622854512 -0.975874304120874
 0.234022414616385 -0.946691474220409 -0.221379226883429
 -0.920036245773582 -0.193414579911405 -0.340769873581201
 0.426888537081828 -0.452150559254204 -0.783151357449023
 -0.0340751385283735 -0.859344798802123 0.510260131409472
 -0.22799079393872 0.0480970374151284 -0.972474612969963
 0.274108912945602 -0.836147808148632 -0.475101196348757
 0.00417148200876934 0.719553529705829 -0.694424449904907
 -0.639230104934353 -0.61380128142225 -0.463284858235213
 -0.177820043421666 -0.636927944098979 -0.7501352052686
 0.108483173987379 -0.980661805113552 -0.16289206534713
 -0.0316032870480709 -0.0927517582316965 -0.995187592161742
 0.0230433596819572 -0.926460516306253 -0.375685926406778
 -0.0958366499807189 0.365770902613421 -0.925757518641808
 -0.855836753018444 -0.105487075134386 -0.506375284904821
 -0.384722896318765 0.665731976295603 -0.639366271229294
 0.266740716051897 -0.887812032182932 0.375018914071456
 -0.762835678555514 -0.15790445686673 -0.627015079582917
 -0.240386653471288 -0.366648885879245 -0.898767406683389
 -0.400894904482142 -0.913484935571972 -0.0694877546286009
 0.424007197095817 -0.269757168263823 -0.864551309629008
 0.294669218211024 -0.955519514548768 -0.0123494597205963
 0.107630418929006 -0.456995851767866 -0.882932887816582
 0.678472018916458 -0.173511592704433 -0.713841331630914
 0.0544087505339096 -0.988785749966306 0.139077059678833
 0.0357668499451846 -0.236534918109225 -0.970964450924987
 -0.800421953340298 -0.471064480343194 0.37070601825422
 -0.385958945835647 -0.396555256981662 -0.832934343324637
 -0.0755681186049537 -0.184276608779043 -0.979965096780188
 0.155604440428525 0.354592780246329 -0.921982222342765
 0.0992962987963724 -0.994508161829071 -0.0330720592147663
 0.238431268677188 -0.958812352907209 0.154367749318079
 -0.141428796563109 -0.883660163114865 -0.446253976594632
 0.201494567642189 0.402527581124301 -0.892956597850593
 -0.598918352262386 -0.229163569327387 -0.767320575650387
 -0.482387813941194 -0.104474619235311 -0.869705151701813
 -0.363683594558506 0.226002931630153 -0.903690720292944
 0.0200262609549936 0.245052521280347 -0.969302950932425
 0.158030334901606 -0.90643658240278 -0.391662016709375
 -0.557666363990952 -0.172743233524306 -0.811891619457104
 -0.422149740093206 0.0567947944426319 -0.904745239425695
 -0.806937532945404 -0.11222189143151 -0.579877629338742
 0.419387407410515 0.497256395449623 -0.759506602795483
 -0.969638700937846 -0.0744691250719573 0.232927325693195
 -0.9545817268928 -0.270818902944193 0.124220966388382
 -0.970308407838847 0.0502187024944401 -0.236600244287735
 -0.123716951109368 0.402251471676365 -0.907131671557333
 -0.215135760532429 0.565948052407747 -0.79587650205042
 -0.576813212992309 -0.068158274096727 -0.814027620532402
 0.139749263792915 -0.979313202072635 0.14634136638552
 0.500618161805896 -0.799705710360009 -0.331439636868736
 -0.940990717067983 -0.338117636637536 0.0145922646128038
 0.135277818900894 0.229830220559403 -0.963783161002014
 0.272468472959825 -0.923585633010228 -0.269723024119259
 -0.713001303070724 -0.70090227729677 -0.0191086236984894
 -0.136478005517636 -0.912156705510301 0.386450383105675
 -0.932460822723857 -0.148626373536586 0.329282576481828
 -0.207521466854146 -0.0915616916306723 -0.973935982198231
 -0.982090690570522 0.150962476271528 0.112730680174848
 -0.0574390382827951 0.328274434548577 -0.942834371723348
 -0.0683068676836303 -0.993143499756635 0.0948691768615793
 0.382637727068258 -0.00150681813035205 -0.923897234178758
 -0.255829315195242 0.905562095909893 -0.338391270481397
 -0.56837642718512 0.668390346891385 -0.479794311348824
 -0.735403079812628 -0.666911904736487 -0.120045081210574
 0.383869044534903 -0.915261371024773 -0.122234116995675
 -0.0115971327856499 -0.901819991718667 -0.431956258257355
 -0.881931874049467 -0.33488108261775 0.331739099354235
 0.252804371289109 -0.548571579159033 -0.796968739911475
 -0.22999892550205 -0.339995100203698 -0.91186831620875
 -0.513393434236383 0.0134424188344469 -0.858048065704278
 -0.257853768336809 -0.953043691017369 -0.158805406603481
 -0.0744403842974448 -0.990847854423684 -0.112601769833479
 0.413428765093482 -0.308203081477038 -0.856789073670607
 0.376822663174698 -0.875971214076846 0.301129727238385
 0.489040928456036 -0.854248469356644 0.176347732893535
 0.187886266074114 -0.00728374029196799 -0.98216378376933
 -0.609819939418496 0.59851645799195 -0.519516786062194
 0.381620777166179 0.219006523263428 -0.897998733408432
 -0.691779888341876 0.00966765683380798 -0.722043712317368
 -0.3832041744747 -0.0543760493211516 -0.922061714813812
 -0.443703977143489 -0.378257832890033 -0.812433254196544
 -0.0635077716447476 0.133693732765911 -0.988985717166753
 0.169617476550525 -0.607003243078373 -0.776387129298889
 -0.962566983231286 -0.0347326755355819 -0.268809307954841
 -0.260671760827303 -0.961521884189321 -0.0867519413743074
 0.140149550350459 0.105734766475382 -0.984468517879044
 -0.304807244328934 -0.949151222539098 0.0787686521221367
 0.586938370140161 0.242934110150519 -0.772325299198846
 -0.954315952576675 0.082441342465719 -0.287201127626831
 -0.942052996910021 0.329771277991309 -0.0615390544680951
 -0.453358970426618 -0.810889653676141 -0.370031908752077
 -0.899283032531259 0.285514056905651 -0.331318201598794
 -0.0369020878912593 -0.171590156131682 -0.984477046064544
 -0.460495966418111 0.0149541726915276 -0.887535823294904
 0.225261534922633 -0.955033192993901 -0.192792222779275
 -0.149156748510263 -0.0623844059497509 -0.98684368076618
 -0.685147028244676 -0.168521939910715 -0.708642297253148
 0.57635177884427 -0.190378589937042 -0.794716691353988
 -0.396054776927852 0.283579692424556 -0.873340238233086
 -0.760515516815984 0.454658826718776 -0.46357469729141
 -0.996118964437299 -0.0269967049262545 0.0837746179429498
 -0.370510865716301 -0.927033422634116 -0.0577124917624689
 -0.771253140224475 -0.181266415656643 -0.610172992067725
 -0.367317617343647 -0.131032099814304 -0.920819394239305
 -0.0996954874080119 -0.942521449230484 0.318926523718156
 -0.962367140027172 0.189288440574621 -0.194985573981127
 -0.124440466806562 -0.970484359987518 -0.206578501399788
 0.291285307957377 -0.942871914149518 0.161695463375445
 -0.18748883998877 0.187252065089544 -0.964253389415545
 -0.0908891012014173 -0.988534266350384 -0.120578503614481
 0.673756563096509 0.111381556773794 -0.730510946184262
 -0.875822980315824 0.142680427230794 -0.461060085928012
 0.283744189612615 -0.910734846193162 0.300085445816018
 -0.429588728163758 0.330930768594699 -0.840201375285691
 -0.992876212500397 -0.00634382751950949 -0.118981437641627
 -0.884870664755237 0.114695628666547 0.451496200892556
 -0.600274287815709 -0.314519261386182 -0.73535597747243
 -0.238768583956761 -0.182176186805637 -0.953835101197393
 -0.132948801523034 0.573109150055499 -0.808622605605515
 0.487334787961822 -0.873186910137901 0.0070302493577188
 -0.996126944413528 0.0565096952550326 -0.0673629345823889
 0.0820448596722492 -0.984644718837134 -0.154088995932553
 0.510428583160958 -0.143875070583363 -0.847798694005204
 0.0117141040082787 -0.0776217752204978 -0.996914058371584
 -0.668735310332767 0.296844110455897 -0.681671958350778
 0.0847996607302922 -0.927914318624276 -0.363020708544393
 -0.843124969664802 0.500598561953711 0.19631954894407
 -0.954346137067019 -0.170274413837983 -0.245418162851469
 0.478076878532165 -0.87679524794155 -0.0516971121055828
 0.353617185372515 -0.851839936401552 0.386424130924325
 -0.765259569159614 -0.31880855679394 0.559230628564465
 -0.137249314031114 -0.224421868172146 -0.96477844652755
 -0.442092115626104 -0.596598255858013 -0.669794806196952
 0.428696022948311 -0.785993890297573 -0.445458555112806
 0.0769881153690086 -0.915238792632505 0.395488030858739
 -0.139087350064566 -0.989311337734917 0.0437925345368939
 -0.417234932430139 0.0221389869681433 -0.908528962893337
 -0.212981987014878 -0.214038207884004 -0.953323826814896
 -0.702405387195692 -0.476165542504424 0.529049192580366
 0.570671509862967 -0.697306619027996 0.433702094634632
 0.222101571581503 -0.970931917969786 0.0892306145251682
 0.557835098068759 -0.32595164791988 -0.763266353628229
 -0.865712241795828 0.349736902563476 0.358087158929425
 0.405435612990556 -0.891835506561613 0.200627498003047
 0.388490841682216 -0.117312867366015 -0.913954351748164
 -0.210826631785904 0.116193704661503 -0.970593197136085
 -0.574730115761118 0.645347279316437 -0.503201930755522
 0.119464583737566 -0.992052451118502 -0.0394987020316087
 -0.870806078954589 -0.24562659805417 -0.425868931931023
 -0.0885315543633639 -0.945734450993478 0.312647584487826
 0.181206930815976 -0.817958432235826 0.545992720975805
 0.157264520711577 -0.924166646667953 -0.348114750781793
 -0.985281777383044 -0.17017430080428 -0.0161408333949905
 -0.618360033879275 -0.447488312344024 -0.646053464363684
 0.0711543738598513 -0.845575833930745 -0.529092207609352
 0.204785417356128 -0.928446264601729 0.309920097098226
 -0.492590056915426 0.302832975564475 -0.815872063952936
 -0.809363593262792 -0.362954620510669 -0.461729918188867
 0.0122428258565097 0.396154817889836 -0.918102104059084
 -0.882543660757561 -0.166357052794096 -0.439820438181659
 -0.170397698994658 0.0905513635614247 -0.981205928811324
 -0.897204818415719 0.342971422074522 -0.278197982472547
 -0.810285785053638 -0.0443622378287082 -0.584353436196656
 0.279060402127762 -0.32627176514012 -0.903145629030359
 -0.330392068989938 -0.820110100235835 0.467183587297025
 0.0914984141457922 -0.973246654354523 -0.210758131507502
 -0.681090898655829 -0.0594828098745962 -0.729778722009362
 -0.576229260719783 -0.80154159218684 0.15965874572011
 -0.27061322952206 -0.835583396016174 0.478088766140473
 0.70543331865784 0.504696125859487 -0.497640084267547
 0.313254993405587 -0.927395416885147 0.204472613928836
 -0.151440895647217 0.29931679700007 -0.942058973822334
 -0.95881088960844 -0.0497683689216962 -0.279651188846294
 0.127866026528931 0.564335322998725 -0.815583179372667
 -0.203024742307473 0.171120078192846 -0.964105218765182
 -0.587328739717819 0.345125679316143 -0.732074597959832
 -0.926103321306591 -0.145169619398242 0.34822179694653
 0.172643062404473 -0.825688849641803 0.537058932130173
 -0.96673153003697 -0.126015823536017 0.222598654647593
 0.704823329647944 -0.60859155676917 0.364472757573546
 -0.0982233201735771 -0.834770334262973 -0.541766248864363
 -0.414562999260476 0.591838479914206 -0.691277609457301
 -0.792234456394912 -0.374966452315774 -0.481419490401439
 -0.888578176501315 -0.401522096384809 -0.221830634404596
 0.029011442516559 -0.994795322695569 -0.0976760059898398
 0.0854536729667268 -0.993790799521979 0.0712566948571274
 -0.98557177452666 0.116428069263169 -0.122852683910529
 -0.885818756671976 -0.333742029745121 0.322399422936397
 -0.29256408662184 0.361662426577906 -0.88521553557363
 -0.13566404464309 -0.989818161104738 -0.0430729025991083
 -0.990292713203979 -0.13748716238722 -0.0204358105738977
 -0.57602151386142 0.0565064903813619 -0.815479142660056
 -0.814592065215173 0.580034249396617 -0.000191873351834147
 0.112052432202349 -0.96688463617756 0.229299700744082
 0.0115232705375159 -0.981654122940019 -0.190321825209254
 0.10152202356674 -0.976924823475143 -0.187912660587239
 -0.651354554390485 0.751896827960073 0.101923523184558
 -0.0299028822208784 -0.143589089229884 -0.989185519045349
 -0.830139934223615 -0.0863504520491338 -0.550827821590487
 0.285596333236577 -0.957395696078344 0.0427576375924418
 -0.318324705347039 -0.0669186687174202 -0.945616874713438
 0.202439593948965 0.128847300719185 -0.970781429519106
 -0.39576584201017 0.111862317975022 -0.911513148624438
 -0.955569547479345 -0.0904299481716783 -0.280551714312685
 -0.308184592989048 -0.823534678994327 0.476248768122172
 -0.0118281829631278 0.117767524415657 -0.992970746941116
 -0.126540790486299 -0.028823602343841 -0.991542549914539
 0.383698567109868 -0.911854404177507 -0.145934763438731
 -0.375760283583385 -0.460021664317938 -0.804477642721964
 0.725050386953292 -0.610251044795977 -0.319210900039927
 -0.0332200771094045 0.245561538760524 -0.968811621089678
 -0.5144946515543 -0.0463794825170024 -0.856238399701552
 -0.0022482890487283 0.281861283041876 -0.959452532603016
 0.109949709064471 0.503542109631675 -0.856945975720944
 -0.0304739639180678 -0.977964544895215 0.20653495212921
 -0.492502902135837 0.831327466632046 -0.257556857045045
 0.271080773136233 0.658758573656091 -0.701820743545284
 -0.807997923069946 0.532894550898777 -0.251322012440303
 -0.0890948486261025 -0.240241886383233 -0.966615716805452
 -0.271128938757306 -0.0958161666451149 -0.957762162949536
 -0.672541342999952 -0.574125305096592 -0.466977811039846
 0.403719805741851 0.518980183303568 -0.753438708714888
 0.0589747444404417 -0.995599195085628 0.0728300917412237
 -0.115380888765962 -0.133100995174689 -0.984363436740254
 -0.92924410985471 -0.212125193447748 0.302503366270664
 0.423297131887081 -0.791211968768523 -0.441365108060898
 -0.548389152810643 -0.0144721655696643 -0.836098016684258
 0.309391789760035 -0.786901641065612 -0.533912471962707
 -0.794840217295732 0.439196163159181 -0.418731130005314
 -0.415222230630085 -0.909477673413629 -0.0209966843265485
 -0.175906269454518 -0.942507481316818 -0.284141922335342
 0.452996001652768 -0.126117250466236 -0.88254691751852
 -0.311102413151898 0.0484455832929989 -0.949140829377004
 -0.289579317453472 -0.458242458217186 -0.840331879908321
 0.0902212148165168 0.251344586451487 -0.963683574239264
 -0.557468922477206 0.143485579257396 -0.817704279686289
 -0.260375273307146 0.0280504205212037 -0.965099938327017
 0.185455345599621 -0.982343250511254 -0.0246587299654589
 0.0277009138382226 -0.423872374295739 -0.905298221406306
 -0.61933798770014 0.78401554194674 -0.0417143497791908
 0.319720664062211 -0.937098546184713 -0.140089299056407
 -0.359994034145772 -0.769520663084848 0.527486724444235
 -0.996680701058628 0.051163586953125 -0.0633235146479634
 -0.397217840872005 0.00223015256752324 -0.917721642608753
 -0.987187450130252 -0.0265011623638356 0.15734874228508
 0.20588942725202 -0.964189156737579 -0.167178987242751
 -0.194007820078927 0.0753633635570178 -0.978100878836941
 -0.768574937267019 -0.149031357754116 -0.622159320601213
 0.154102096267763 -0.987351565895945 0.037275048607703
 0.516150964652006 0.150283524697338 -0.843209964299135
 -0.0858804627790879 -0.0548751608519863 -0.994793075385187
 -0.247494967836758 -0.496682497545137 -0.831897071474474
 -0.348687253318341 0.14550532325993 -0.925875477737873
 -0.288417508389009 -0.954159090721781 -0.0799735609289729
 -0.872562918868924 -0.485730178661861 -0.0519629305568786
 -0.37862757710035 -0.835154720794244 -0.398945798566932
 -0.0725936359867553 -0.975662189064463 0.206914129155462
 -0.789810765422061 0.427330029016866 -0.439986364702207
 -0.848008184205047 0.187409403004833 -0.495741702085503
 -0.779953510668637 -0.572413382048317 -0.253012729418256
 -0.293882723061001 0.447478030666811 -0.844627940075868
 -0.501771702566508 -0.277469009022222 -0.819290002096776
 0.444935159504044 -0.822011767801267 -0.355428413936404
 -0.288400003122682 0.244692043966786 -0.925716609885657
 0.0777365918921725 -0.168874687735007 -0.982567230332558
 -0.0163623115701803 -0.365910331362817 -0.930506262290606
 -0.332002737575306 0.140181349425692 -0.932804037038699
 -0.00595591936775798 -0.463152569811643 -0.886258553753562
 -0.593454544049137 0.475328541621113 -0.649518653825874
 -0.22384417834083 -0.665237859198353 -0.712286722122567
 -0.225653457536595 0.77417504882742 -0.591382711004339
 0.437462085628376 -0.881239272373625 -0.179009129555105
 0.594593705155159 0.717856743628492 -0.362132601980211
 0.363609805410866 -0.139914855901425 -0.92098411631643
 -0.122206712502463 -0.451543786707966 -0.883840329530607
 0.509749661708324 -0.00786704265339089 -0.860286808005411
 0.0617653604512447 -0.9458528618516 -0.318665034127477
 -0.595944391926416 -0.636366591357469 -0.489783465559557
 0.379100441690839 -0.469535513527701 -0.797382754168968
 0.461065627198326 -0.886183231101473 -0.0458014009694831
 -0.0245443316236627 0.383577574069576 -0.923182441587819
 -0.963515078934272 0.226700482188929 0.142286977765328
 -0.359509178301684 -0.0100387238973806 -0.933087549343233
 -0.361328955093666 -0.914929594829923 -0.179847776509114
 -0.732403004865734 0.526557852534959 0.4316510933583
 -0.268017433107158 0.503784147096121 -0.821199238117818
 0.107557169592336 -0.102326291036376 -0.988918998417982
 0.0159760246808365 0.134068021870031 -0.990843343898143
 0.0841523402977128 -0.962457888688528 -0.258056575431897
 0.478518437723917 0.480930328770108 -0.734660549932646
 0.00194903946774393 -0.993293479707416 0.115603911767234
 -0.990378228215917 -0.0469570593963542 -0.130176801499918
 -0.406299627830567 -0.439977399332641 -0.800837374565666
 0.295440555219049 -0.014317326892175 -0.955253836675113
 -0.0100528715025161 -0.999294381646124 0.0361894816907484
 0.0942340034873645 -0.994698710311095 0.0411634339212417
 -0.67518633493492 0.305230754317467 -0.671533766638685
 -0.802802903823211 0.421181905000279 -0.422034714820185
 -0.86597679453664 -0.497921073483577 -0.0464628443490986
 -0.0828168476534091 -0.8744535923781 -0.477987745158585
 -0.149216526237722 -0.964620303152411 -0.217352476506934
 0.657513490351817 -0.73278906931473 -0.175203281642277
 -0.993329010414402 0.11232214382966 -0.026100058901354
 -0.22194680502617 0.520779285126503 -0.824335218173895
 -0.245463885341433 -0.913896929472263 0.323326279931368
 -0.115054197929716 0.203462763063033 -0.97229904637694
 -0.00839453195129239 0.674564128348418 -0.738168523156371
 -0.98422857315155 0.146301359950054 -0.0994486192404335
 -0.998892319563862 0.0358688785958149 -0.030455828089313
 -0.370098443992696 -0.62917124415871 -0.683498856822721
 -0.200466195822089 0.554768977946234 -0.807492839250671
 0.232748044428799 0.296680503958697 -0.926179802406306
 -0.302449978157504 -0.00621151312843781 -0.953145019300411
 0.00498231077786733 -0.364910208524849 -0.931029385300842
 -0.380602639405471 -0.330911180809147 -0.863504152446927
 -0.0770083116442332 -0.614294380857348 -0.785310214873583
 -0.12701204769789 -0.597924496100403 -0.791425446079836
 0.604710581005396 -0.699238847794026 -0.381300599207238
 -0.0561034811615319 -0.587438444007996 -0.80732179080155
 0.0550270473762785 -0.453015110194426 -0.889802974816662
 -0.963978951752765 0.265742363178653 0.0112061139502021
 -0.853761441109342 -0.492482713505028 0.168973899089839
 -0.813037595241949 0.229906532730039 -0.534895181256328
 -0.576759228186742 0.775118227727909 0.257954503246946
 -0.918882920588716 0.345930086235565 -0.189701222155806
 -0.950170717035571 0.0603426682488252 -0.305833894257523
 -0.383058916026862 0.51594855715849 -0.766200334911437
 -0.975204246685367 0.0976805795244724 0.198582933885543
 -0.928770187205579 0.368546507303296 0.039489382277467
 -0.448464245265254 -0.88963376660949 -0.0862066240313252
 -0.0695383866360478 -0.958068974435237 -0.277971676630316
 -0.46338331489539 0.0976253176831572 -0.880763987015717
 -0.984008317813386 -0.0571765852879025 0.168696379833374
 -0.262763867984528 0.488140973870717 -0.832270111989105
 0.0961131673931423 0.491501332307117 -0.865556872420286
 -0.852701056452536 -0.270180696836581 0.447105467850293
 0.278019948322694 0.357515118166714 -0.891564831415465
 -0.983988329269825 0.00385197794652153 -0.178191273991398
 -0.822335946625437 -0.371980500757416 0.430574149182123
 -0.885553097042104 0.0488723800757605 -0.461960174457569
 0.114277222291879 -0.313535843284006 -0.942674912916133
 -0.904367333401173 -0.27000356159586 0.330481168907401
 -0.222560636247785 -0.443463576455034 -0.868220490169802
 -0.66308062662299 -0.194249395623349 -0.722904734316512
 -0.856228212904751 -0.271761128539523 0.43933943192122
 -0.00678140705523175 0.346743671718572 -0.937935412830476
 -0.354992885358049 -0.923933841311246 -0.142570362365437
 -0.134605943789837 0.0297743838366472 -0.990451778716963
 0.00870494459960594 0.37419076124902 -0.927310896159102
 -0.925206124512031 0.0888468799436045 -0.368917143935756
 -0.441642559074629 -0.516807816635232 -0.733390435360823
 -0.862700228363562 0.159957355594771 -0.479751977976731
 -0.594224501922448 0.440001712947194 -0.673272406919037
 -0.600996794284291 0.556065056837529 -0.574103218789341
 0.561164141310677 -0.628504673361752 -0.538587673521673
 -0.591320071991567 -0.804085340506551 -0.0615413490456035
 -0.0422204936091243 0.177108489694167 -0.983285316069376
 0.318900649224791 0.401409235276071 -0.858587795021037
 -0.557477263274609 0.342923683771166 -0.756057172468237
 0.0495030589282189 -0.939447956635075 -0.339097307466355
 -0.71828015673685 0.695198008870833 0.0278090794546621
 0.144214533917344 -0.914798843570854 -0.377286686762775
 -0.0411828591687437 -0.259058773682309 -0.964983172852722
 -0.930977795622262 -0.361236361897241 -0.0528075269403717
 0.259502077780953 0.171263785299568 -0.950435367330274
 -0.528742216693335 -0.600279521614092 0.600080131496599
 -0.854462469115377 0.346862272632339 0.386756322117146
 -0.971231262882886 0.0191650513581329 -0.23736582484712
 -0.394816858607419 0.247263890800037 -0.884861693410782
 -0.584351647997968 0.228196676429988 -0.778755050287551
 0.35665731345128 -0.803709739352592 -0.476283755372261
 0.297455066051565 0.297334825046335 -0.907255468704887
 0.0394820979128139 -0.992888016239301 0.11231451888687
 -0.462086711511339 -0.420522668507727 -0.780792261946658
 -0.847332339098253 0.526934276993269 -0.0660921693384558
 -0.289079586347355 -0.0392564165504104 -0.956499830902684
 -0.430417484218693 0.367657277607388 -0.824359700313629
 -0.930924570283172 0.357314925358054 -0.0755346844797823
 -0.315853257311822 -0.776054366954842 -0.545872090673109
 -0.748705475876404 0.0901416179947012 -0.656745459899027
 -0.992222545208811 0.117466045019065 -0.0411843301138765
 0.0746837781671677 0.0367816930355284 -0.996528695189515
 -0.859562668652508 0.289942406698032 -0.42081518444221
 -0.375833264868944 -0.758056866671095 0.533009515778801
 -0.997662759295876 0.0683277711806731 -0.000578272963918433
 0.291525948730704 -0.946141851778528 0.140812703722925
 -0.901038129054367 0.174132960363872 -0.397250553310023
 -0.679109311955728 0.275179826524074 -0.680504669704182
 -0.251353635908289 -0.953499321231388 -0.166314142895202
 -0.0129133629573963 -0.47010487866404 -0.882516089435994
 -0.895788920824341 -0.242799065163012 -0.372304745181053
 -0.352012994384975 0.291399391714064 -0.889479199471689
 -0.99613363148001 -0.0635159671489556 -0.0606919282242684
 -0.925077522956473 0.379386726757275 -0.0172420439947517
 -0.478917364796222 0.0837156845036614 -0.873859165921332
 0.02405368696462 -0.857254785781405 -0.514330295042287
 -0.284262176375129 0.0711530355487843 -0.956102641254938
 -0.0602257587438499 -0.940330561846698 -0.334889970648274
 0.222726860088665 -0.972395771161463 0.0695644307268341
 -0.108239000541456 -0.0765630963491241 -0.991172240853839
 0.200212117573495 -0.959626983480442 -0.197563054625515
 -0.992264711515593 0.0542982672712438 0.111635301102371
 -0.884724480239064 -0.388418368010398 -0.257669876892619
 -0.114116331798974 -0.466334212781738 -0.877217113835556
 0.461004921614956 -0.886830553088927 -0.0317180130962895
 -0.0662062939378698 -0.804411697833544 -0.590371533046409
 0.065562168541929 -0.361010899494882 -0.930254122539629
 -0.825884042298042 -0.355572674560074 0.437588415961438
 -0.0414342021385928 -0.992219788141216 -0.117401443407389
 0.107755300444309 0.165150356148392 -0.980364297131539
 0.00127548532689724 -0.989453929679257 -0.144842307974765
 0.0246421757281767 -0.0269145956610951 -0.999333962054618
 -0.931782972066424 -0.256215228882922 -0.257165801489107
 0.494976330669087 -0.868860174216838 -0.00896826277784298
 0.13945529355937 0.180491380025685 -0.973640119774598
 0.0358502927422232 -0.149661590066623 -0.988087124179355
 0.0823508434871649 -0.933360595961835 -0.349365620064024
 -0.971891724201466 -0.223388873749868 0.0743228599656097
 -0.380647938743294 -0.716527736766542 0.584546960623951
 0.0229703537692056 -0.563695473425153 -0.825663234065627
 0.225374164810067 -0.960955941274165 -0.160530884150209
 0.283118873152383 -0.957285567984807 0.0587200561386917
 -0.668623621049068 -0.432465551935764 -0.604909910452893
 -0.178076095427653 -0.229306433129357 -0.956926049369926
 -0.467835939605151 -0.882640724956402 -0.0455508974906464
 -0.0675030579797378 0.252921119334727 -0.965129133617804
 0.221033008275933 -0.844421562355604 -0.487951467137268
 -0.922230316961986 0.38547746406397 -0.0299727738957376
 -0.612316293070871 -0.0784836982865665 -0.786707738835211
 0.171434044667512 0.367239454582909 -0.914191200639442
 0.353001974560525 -0.201273257188323 -0.913716959401091
 -0.600639403728828 -0.6441230610126 -0.473643102937261
 0.269307226522867 -0.374114910976762 -0.887418532107264
 -0.684088064106895 0.481384112449134 -0.547989832777982
 -0.436089431473007 -0.774058742139849 -0.458976112095635
 -0.861783843286762 0.0220179740344616 -0.506797608784133
 -0.743043156289817 -0.638101438889818 0.201775671421534
 0.116688605178097 -0.985903197654771 -0.119911026497518
 -0.51902753197287 -0.702363770790191 0.487129915459454
 -0.0877234109015113 -0.120200868431673 -0.98886619641288
 -0.906957272198169 -0.388724993314172 0.162238669803946
 0.357121066706236 0.111945579279155 -0.927325579823211
 -0.880532891893619 -0.322011579348991 0.347807948527098
 -0.456989070389451 0.108758486182074 -0.882798154295742
 -0.53848813160678 0.479352493786269 -0.693001961627472
 -0.907837851046508 -0.169482526110957 -0.383544142896626
 -0.90633381542556 -0.422015054783253 0.0215013616413925
 0.0431061736680793 -0.121812344606862 -0.991616665094469
 -0.670562659681777 0.574348130166517 -0.469542271595143
 -0.314033500726195 -0.241093805196289 -0.91829011620382
 0.0150522538436814 0.632871701096677 -0.774110353635206
 -0.835113009742618 -0.40043062006016 0.377149280095908
 0.212710740434315 -0.975117160488033 -0.0624552978188469
 -0.273817186025201 0.794980870879862 -0.541322051622078
 -0.0412389886523038 0.837039399738532 -0.545586280161344
 -0.230253481960261 -0.49721125443819 -0.836519158480652
 -0.490247865937378 -0.334662014460957 -0.804772244812643
 -0.0112210404839483 -0.327676062993997 -0.944723497109716
 -0.936333087507211 -0.218925687239974 0.274502992161685
 -0.469737330472076 -0.877756626218538 -0.0942875680586591
 0.0383814451063241 -0.476262621036456 -0.878465013802505
 0.458981678305169 -0.872319075554702 -0.168508900072254
 0.00376710459050221 -0.923194553618531 0.384314487226393
 -0.92156429009561 -0.109445818263633 0.372479357931656
 -0.509418216172078 -0.833098191531669 0.215500543615834
 -0.168943958984738 -0.981725191095308 -0.0875990176397209
 -0.0874100850006803 -0.986169073792735 0.140819156846481
 -0.00604522142728553 -0.217296258393053 -0.976086979416422
 -0.983556497786536 0.122227476437636 0.132955103947051
 -0.643613980893142 0.387775896135437 -0.659841570360069
 0.326064049639955 0.189953032095942 -0.926066996026719
 -0.393060346660486 0.43750304844983 -0.808761180126893
 -0.374008809827043 -0.818250649182559 0.436558455746855
 0.126591990754568 0.0311416488851184 -0.991465917508772
 -0.767230736134558 0.304392174259879 -0.564537334265651
 0.262556587115638 -0.883829507405589 -0.387181405030488
 0.169598983181996 -0.826657185031467 -0.536538985852364
 -0.63202852219668 -0.0339267935763908 -0.774202118188465
 -0.0489137412195665 0.667043471060629 -0.743411362325929
 -0.838176515591312 0.138590776396862 0.527496659144798
 -0.415681856664 -0.850504473939818 0.322258799489979
 0.273523159667795 0.0603646540337063 -0.959969369130462
 -0.971859045443125 -0.220131550925274 -0.0838575940366282
 -0.90313014665742 -0.419809153081693 -0.0900900282349803
 -0.0338725463561321 0.580134749450866 -0.81381590245149
 -0.826740343215472 -0.229167781063789 -0.513792305335788
 -0.998698481423222 0.0293970676772348 0.0416791988278391
 -0.881261264648883 0.270206054207366 -0.387772190466435
 -0.976117995152947 -0.149445208289221 -0.157669874287966
 -0.573717890812456 -0.817246457788275 -0.0543691915906908
 -0.870452864403397 0.45935382267383 -0.176934667170853
 -0.616062314134979 0.65298674149677 -0.44054005553648
 -0.957413200402292 -0.287208933852441 -0.0295125737743194
 -0.4705676205689 -0.355653790863776 -0.807512535826131
 -0.242736937589408 -0.249332873219622 -0.937503011974769
 -0.301490497515813 -0.367946646650737 -0.879612838199935
 -0.346612140078132 0.219092604143096 -0.912062747381042
 -0.225807426447622 -0.242202654534025 -0.943583001276397
 0.0379323475407367 -0.670275714138998 -0.74114209436889
 0.11322353919816 0.323783006773291 -0.939332206781121
 -0.990129554133215 -0.0274656349490509 -0.137437640145655
 -0.983133136684374 0.13181796477964 0.126780360129234
 0.147489634559085 -0.954952820467471 0.25751100632565
 -0.761950491238969 0.581788317906596 -0.284523816310881
 -0.927476116570077 -0.311449497064475 0.206850825404142
 -0.306366086712642 0.530448521467613 -0.790420259725929
 -0.976159057600712 0.216779653732928 -0.0109579191237423
 0.105012477836701 -0.949036978766069 0.297155165583855
 -0.178258476262522 -0.709892915967235 -0.681377988711185
 0.0588797558529369 -0.991172946910672 -0.11878284246099
 -0.359784057981644 0.36140175116498 -0.860200096417773
 -0.350143679939668 0.484007938426098 -0.801957429630043
 -0.551699742283209 -0.760702055140511 -0.341993826946693
 0.0384548354871248 0.397720162456408 -0.916700549799828
 -0.27258620042684 0.157689180565344 -0.949121112224088
 -0.904922066909922 -0.310481134331369 -0.29106273901649
 0.550250003357272 -0.832646084910646 0.0626532607953848
 0.382835239369854 0.0644977177184329 -0.921562381993612
 -0.896542109589051 -0.424730159726896 -0.125763814954779
 0.333571012666986 0.451980078588193 -0.827311542327153
 0.201792301983965 -0.0698767054879928 -0.976932501706314
 -0.522246629871387 0.330647002607353 -0.786085884146733
 0.145179502816872 -0.567861246937329 -0.810220041833469
 -0.950616219329193 0.224438839144568 -0.214373531555813
 -0.986290833434897 0.0817521988836969 -0.143342142651687
 -0.528564818764579 0.703658186753447 -0.474851964910349
 0.328809271748277 -0.933613898724119 0.142300916797884
 0.502162726091244 0.0387193681215011 -0.8639059017375
 -0.999466382626614 -0.0281817016429417 -0.0165148930295953
 -0.85500761158068 -0.497040472676713 0.14802956684531
 -0.0886872778894071 -0.50997937614755 -0.855602479335306
 -0.356658521342553 -0.884405591582348 -0.30103396607629
 -0.100882215117601 0.466790207153145 -0.878595288616375
 -0.17970953587891 -0.975567437260044 0.126382981734322
 0.234885810997024 0.59483494938794 -0.768765268972863
 0.0327090356103155 -0.989562550717075 0.140342713411703
 -0.905454682615608 -0.361158052145473 -0.222972372952249
 -0.377796163741968 0.445981297492301 -0.811400481235337
 0.381853274185738 0.0849575023007548 -0.920309893349218
 -0.643115831759471 -0.349028568068942 -0.681601852705865
 0.358504315202381 -0.931514433646349 -0.0612822640720235
 0.402095707885876 0.111025092096645 -0.908841279115714
 0.271518946465833 -0.961697109431714 0.0376315216377339
 -0.43212520417833 0.750749451974222 -0.499642940782957
 -0.984160595974218 -0.0989950555153671 0.147064272735361
 -0.852195165133848 0.268790983970647 0.44890400695314
 -0.787323982974124 -0.558096392067896 0.262010234522544
 0.164691326844376 -0.980340316220926 0.108672127310059
 0.775856091960965 -0.524996854312151 0.349893737482404
 0.41413022912719 -0.883504586459057 -0.218896777109375
 0.357243137120434 0.464441242169882 -0.810352808073155
 0.00822249628398536 -0.428450920953424 -0.903527641463737
 0.13924746261076 0.142898973802612 -0.979892865288153
 0.138619920130287 -0.46848631038378 -0.87252799079804
 0.203667597336729 -0.22786949025201 -0.952152826602628
 -0.707280356381987 0.289227132335088 0.64505981381372
 -0.113913003143119 -0.911382972195051 -0.395480600924786
 -0.16019387997326 -0.833025390193502 -0.529534342712611
 0.345473551479142 0.393678823652279 -0.851859735541096
 -0.00806633189299113 0.41274181247824 -0.910812346491839
 0.467668992371646 0.0715269792905964 -0.881004883532238
 -0.177610355876576 -0.193276532057894 -0.964934579979944
 -0.0879322446444157 -0.110675021850785 -0.989959069805476
 0.175941280713748 -0.339065123004512 -0.924164221392898
 -0.703760952113571 0.150426083978674 -0.694328823785273
 0.268864499335888 -0.879856427625191 -0.391873127125987
 -0.890781536068988 -0.26539824549573 0.368879419711051
 0.228364937518615 -0.96908529332564 0.0933978028225323
 -0.900300275437101 -0.354068250507488 0.253170077280958
 0.405251588498579 -0.094662655969069 -0.909291004895716
 -0.936833555985121 0.155162034350944 0.31347668410322
 0.0903654860240159 0.405370880405612 -0.909674957473725
 -0.312091781120927 -0.915685196129143 0.253217972795574
 -0.799635464412274 0.0952521556388077 -0.592882915001206
 -0.892121457972819 -0.257180851351896 0.371452976731061
 -0.571505464260362 0.237278664811582 -0.785544613338912
 0.307278548396225 -0.444851806064025 -0.841241204612021
 0.249640085082019 -0.94701066886959 -0.202115365490639
 -0.517832557681029 0.757712386639731 -0.397141512987809
 -0.783664543024489 0.336759420923854 -0.521979862087848
 -0.474054261272115 0.235809479296955 -0.848331566572557
 0.12897790029414 -0.978500919040335 -0.160936797137679
 0.104295446971603 -0.988891990662009 0.105901324569261
 0.10214570977597 -0.680963520813414 -0.725158560106521
 -0.115704959870897 -0.00319036025985564 -0.993278502668152
 -0.807797851922973 -0.514906886024155 0.286938197445963
 -0.0820011808042802 -0.2287947408104 -0.970014831290845
 0.0225565401033594 -0.963303024087051 0.267466794730314
 -0.190018521496629 -0.907239807448715 -0.375245110919054
 -0.918306296660384 0.377624456547917 -0.118799475296745
 0.359864183042367 -0.793276593220678 0.491131363701653
 -0.233463322692554 0.384184934688225 -0.893250699924695
 -0.0225691668887216 -0.104500618372531 -0.994268702849339
 -0.0160337877287629 0.118502262728975 -0.992824320501458
 0.275542359662469 -0.961288903211705 -0.000229333113604305
 -0.880343137182842 0.0164589270902147 -0.474051753012379
 0.48048636948607 0.732993024101094 -0.481512279549784
 -0.879978869965138 0.0406818848106675 0.473267548711223
 -0.36619258980747 0.251567845764058 -0.895888724199456
 -0.430617307938777 0.307208987252384 -0.848640897114277
 -0.838212315812018 -0.430177926223812 0.335182137666724
 -0.37184796319953 -0.926981976707921 0.0493305901346905
 -0.433153275045657 -0.724123242228642 0.536678460888362
 -0.0988153080135001 -0.993940353780848 0.0481467343461546
 0.346975212892672 0.119567806313626 -0.930221339967769
 -0.226259173464232 -0.950371940278514 -0.213541475021914
 0.165214051077818 -0.965240671239733 -0.202521020911722
 -0.583127383944604 -0.632316120490139 -0.510038016095098
 0.0372042821832249 -0.452440178039483 -0.891018364952616
 -0.480189816371297 0.0492009929696587 -0.875783650534822
 -0.30862376374088 -0.127574251014186 -0.942590145785847
 0.0478906983265781 0.00268264483962524 -0.998848979791468
 -0.844233336468168 0.163028907924348 -0.510579718336734
 -0.944339949436457 -0.32630186614059 0.04182286517585
 0.234530644642286 -0.198084737634202 -0.951713094078286
 0.299768669074624 -0.330696779325223 -0.894862215754556
 -0.824438557526011 0.46842185515021 -0.317619316922107
 -0.189903750494966 -0.10601032790845 -0.976062690570994
 0.196095390913409 -0.933449417261211 -0.300364417128965
 0.0735917485285937 0.159301888950377 -0.984483195755695
 -0.949749641117915 0.312894684041614 0.00851680074262487
 -0.381279528211975 -0.607534331149082 -0.69679836239883
 -0.366934552619145 -0.891131960691138 -0.266913586632372
 0.0711427139869384 0.209713438518767 -0.975171260831249
 -0.0593341214979344 -0.955154054714829 -0.290103763829238
 -0.269532651137406 -0.197310557792719 -0.942560710911699
 -0.86694292305035 -0.276513751901873 -0.414668678805217
 0.29501399258441 -0.951863525455582 0.0832020016987417
 -0.201694046784054 -0.139094001790573 -0.969521722375397
 -0.286908664287651 -0.873145058236374 -0.39408263807744
 0.528741928294198 0.3196034403943 -0.786311397699321
 0.316603534469456 -0.778542731715157 -0.541879522453976
 -0.895897899674094 0.297037680918614 -0.330356730632264
 0.0232248145555069 -0.875132883150783 -0.48332498881918
 -0.451048840717047 0.057445921428006 -0.890648589174819
 0.0352258802816029 0.344682143193878 -0.938058291110772
 -0.846518336804867 -0.0122600207308367 -0.532218373738451
 -0.0061078898847905 -0.962582846793926 -0.270918727184475
 -0.0698101739647126 -0.997170256550152 -0.02789299307568
 0.0642718971210296 -0.983808881263001 -0.167299756092193
 0.24052190301027 -0.93249382571913 0.269452183453797
 0.138500789217864 -0.909371348718907 -0.392251553872237
 -0.550230341805734 0.502118449791526 -0.667175863873461
 -0.936897124869022 -0.240363751904508 -0.25386816299518
 -0.879222188729092 -0.462588274127524 -0.1139316965824
 0.250203901295676 -0.968128356175118 -0.0112023991219963
 0.145442797254677 0.3656738828604 -0.919308981855684
 -0.962056657505057 0.0307665732373976 -0.271109582496498
 -0.0861528114444117 -0.360969563732749 -0.928589611797813
 -0.109596287794655 0.450475119822718 -0.88603657944937
 -0.0615203397343681 0.131263918664282 -0.989436724331508
 -0.210992127996449 -0.736287397724591 -0.642933270157549
 -0.768053650504361 0.632090804225893 -0.10273658141085
 0.344101682441181 -0.935097385430106 -0.084775656310813
 -0.982703054068842 -0.104205938041626 0.1530876546317
 0.103278621745696 -0.9140572620467 0.392215308204562
 0.0932772516251915 -0.410316235229005 -0.907160372501327
 -0.451321812986932 -0.742773999228667 -0.494565877504747
 0.357069396226674 0.0454407677166909 -0.932971908959555
 0.291501621423507 0.460485738636652 -0.838438840476587
 -0.93141547259071 -0.274787413081786 -0.238656856240178
 -0.147988171695857 -0.517145075212276 -0.843006804374559
 -0.416033506171721 0.479731854387902 -0.772511145309897
 0.771276796200975 0.556469257729619 -0.308988784333358
 -0.672502004030093 -0.0202169959620616 -0.739819118196995
 -0.737807109723415 -0.221454566736117 -0.637650800762689
 0.342470473996531 0.16348206079645 -0.925195973963537
 -0.378053497422152 0.903735039279427 -0.200844546516681
 -0.114223854663038 0.228263095825642 -0.966875829726864
 -0.435035906042973 0.313033439234739 -0.844247491186228
 -0.507133239884359 -0.82811991296282 -0.238816428996927
 -0.925553375546502 -0.0046574997693925 0.378588505782166
 -0.124231163572604 -0.521879855944594 -0.843924187327658
 0.118477663858096 0.326319571964604 -0.937805193054275
 -0.208939816577507 0.478140839985428 -0.853068279908817
 -0.475892458247402 0.28285440406773 -0.832778334422032
 -0.132477005929487 -0.953165060803907 -0.271893747192985
 -0.809720405010421 0.185427507243564 -0.556749050531025
 0.115243819278409 -0.913743605445006 -0.389604267977761
 -0.0296083073028127 -0.907152199166959 0.419759735664597
 -0.945261918777461 -0.29252550113261 0.144598534212033
 -0.558002231005382 -0.294489227789792 -0.775828334690599
 -0.910251517264672 0.409455174520773 0.0615518917298666
 -0.200227640383346 -0.978814397460196 0.042793309654097
 -0.80859256383857 0.100904233329588 0.579651965752844
 -0.332525173363064 0.676341382462426 -0.657258962242949
 -0.403641356470679 -0.171557618439291 -0.898688844318182
 -0.51932547133826 0.724081201471985 -0.453880456171204
 -0.260482888913321 0.230854712880275 -0.937472541530863
 -0.397028207817435 0.107069859505827 -0.911539712455074
 0.630608723924698 0.231443104966934 -0.740787909238082
 0.218944234771662 -0.640368201524366 -0.736201051708499
 -0.853413765583912 -0.51515971632391 -0.07934362853409
 -0.756158836257442 -0.626450690693646 0.189164865869021
 -0.225649501084591 -0.791886916973002 -0.567448159206874
 0.0726202111280798 -0.944186219823059 0.321307776488455
 -0.908401665966455 -0.230965942565529 -0.348512763961646
 0.102264212706392 -0.994736275467952 0.0064632087765731
 -0.25345159796949 0.202109103020896 -0.94599904754857
 -0.556045975777918 -0.751802641080772 0.354408890527818
 0.22753202383872 -0.821622844440336 -0.522651967968769
 -0.430049723310029 -0.868906206706494 -0.245069866421598
 0.175969424575749 -0.970382891742237 -0.16550469790448
 -0.585943784529657 0.288089926104346 -0.75741275131084
 -0.147538887870724 0.179947308227628 -0.972548838273689
 -0.410262979773154 0.128973751606593 -0.90280122885615
 -0.323785575793492 -0.121252260989888 -0.938328721777671
 -0.68441498089309 0.663148636952582 0.303001681904645
 0.0676196702345428 -0.986181413558555 -0.151240866663153
 0.103731869235557 -0.974283502359845 -0.200028388821016
 -0.295809062047726 -0.92254364221566 0.247810869450694
 0.0171617084719216 -0.452747370844586 -0.891473664196335
 0.0137274156530492 -0.986117598979498 -0.165480026113116
 -0.484518563092607 0.57172152017118 -0.662099890795816
 -0.568551905264152 0.442414252218109 -0.693554871985479
 -0.180528960260052 0.272782599086676 -0.944986215848116
 -0.356422972536961 0.35676909842801 -0.863526765685223
 -0.186222227672399 -0.982440967889389 0.0114466821957132
 -0.456502812815441 -0.372817983288518 -0.807844003027982
 -0.681674616889393 -0.462926132195157 -0.566585485888521
 -0.754919231991452 -0.388224388066401 0.528562936347134
 -0.424812909314278 0.0709240457305314 -0.90249862704447
 -0.880897097608646 0.288031828278979 -0.375576848757924
 -0.35906075656562 0.200478655656028 -0.911528212246267
 -0.241717968565362 -0.963656632298546 0.11374673050097
 0.0149896323515784 -0.0993174683913622 -0.994942888508831
 -0.40394411965968 -0.373799605565916 -0.834926944750935
 -0.500417820021614 0.429504110423726 -0.751736805360718
 -0.582549576264903 0.146054536763054 -0.799564921369436
 0.384061300418578 0.144779036520535 -0.911885929327225
 -0.274980481263141 0.41586656138835 -0.866856815191137
 -0.920191948098168 0.185271954093165 0.344849360854561
 -0.213178892987591 -0.974854144537836 -0.0649165345808752
 -0.181404793019889 -0.42892825356487 -0.884936638614992
 0.247676551121356 -0.887110305542151 0.389476099171108
 -0.634643677502409 -0.763387628068987 -0.120277728268474
 -0.886006710705775 -0.458355171770155 0.0700188909929695
 0.255279391545526 0.552828092294455 -0.793229810724622
 0.0321919441167049 -0.0637641368660062 -0.99744564442566
 0.708170914445712 0.106988744352399 -0.697887787910793
 -0.876250967430379 0.195882136441264 -0.440243603815582
 0.0260432045602908 -0.548035201544212 -0.836049740963196
 -0.645511082418075 -0.757228845841058 -0.0995987826314388
 -0.841171449393146 -0.462380710459717 0.280418742812604
 0.0789087779440583 -0.962281778745229 -0.260359718578536
 0.0183714063608829 -0.990267339134334 -0.137960459814143
 0.191486955043239 -0.831411402457181 -0.521620384870503
 -0.954346442695186 -0.13843808382401 -0.264684272789641
 -0.152033594076488 -0.988369485738193 0.00339793081229581
 0.193999836374479 0.129166213560935 -0.972460874668491
 -0.481671758527599 -0.860620079571536 -0.165303949363632
 0.229073506949796 -0.962253662880034 -0.146946305457742
 -0.303006052752491 -0.197199110470048 -0.932362506123652
 -0.417744482265903 0.347549583974907 -0.839463420415245
 -0.488989450479183 -0.789143096587539 0.371675248608643
 0.814892868556832 0.477002611627836 -0.329269071240287
 -0.470751601892152 0.112202923891849 -0.875101955880623
 0.600710528873395 0.198758218920797 -0.774365566713861
 -0.715632815896335 -0.697490720805372 0.0370994232122908
 -0.0315808331271067 0.899141395501036 -0.436517355755127
 -0.137042584802902 0.465741784322864 -0.874244771380587
 -0.997588679117557 0.0388298050635244 0.057524547240439
 -0.601468916588355 -0.257409246698561 -0.756290699461596
 -0.915546858874648 0.295437114131914 -0.272930139043257
 -0.891980548709192 0.365706963676385 0.26576139193466
 -0.439981170539519 0.0764722817590627 -0.894744969079591
 -0.53255342082558 -0.193194011486482 -0.824052745819547
 -0.13216032662448 -0.00456228684224914 -0.991217853756317
 -0.113083518350498 0.341958684927855 -0.932886046460062
 0.179380929870673 0.0652162120938952 -0.981615672082948
 -0.296401611718853 -0.867533998396443 -0.399413127221361
 -0.0372577265613536 -0.700448377141701 -0.712729915726172
 -0.411055547085668 0.393660248875537 -0.822231686123414
 -0.980899500195548 0.188792692879377 -0.0468347054167934
 -0.255436000542868 -0.962648942199055 0.0897745159257571
 0.0189685335044396 -0.24274185303061 -0.969905452878762
 -0.379159959404196 -0.763569161322997 -0.522685240906134
 0.234550112819761 0.397584389837641 -0.887081111022926
 -0.924408255572816 -0.369865665913854 -0.0931062092823316
 -0.534531081953011 0.329996851188477 -0.778060794945892
 0.378219475082033 -0.710903529339176 -0.592930181928509
 -0.0434413339362801 -0.988448502079153 -0.1451978279566
 -0.446591764758042 0.0112819416565801 -0.89466670522757
 0.388632877432535 -0.743461203177232 -0.544270085480335
 0.303372509206154 -0.949356691803499 0.081774032466787
 0.16060115770358 -0.0160753797172853 -0.986888469033464
 -0.652051743215988 0.437426261147306 -0.619263102588616
 0.300524327130471 -0.943983307485446 -0.136310835928831
 0.286516863489487 -0.953593336381869 0.0925626044590478
 0.317138518193991 -0.946664381852714 0.0570062137765584
 -0.999249857727949 -0.0199753923126722 -0.0331768825031553
 -0.232954612827884 -0.0331036804235192 -0.971924016939919
 -0.909971595415038 0.405774593213623 -0.0854322833601446
 -0.697805115305423 0.29396530819113 -0.653186358272797
 0.665947003325448 -0.512531437080445 0.542057298416053
 0.264707951316542 -0.869503810511183 -0.417004585126269
 -0.0408372074249774 -0.995284879440607 0.0879791523409115
 -0.964035038008026 0.0103669095511284 -0.265572914054167
 0.110632782599811 0.295439369548375 -0.948934121177588
 -0.0604557096653464 -0.997904377608647 0.0230642649646424
 0.1254671481094 -0.68246372330507 -0.7200703167871
 -0.433578192263525 0.136380562767523 -0.890735815656195
 -0.162849931686436 -0.334343717934876 -0.928274839703849
 0.24215852505034 -0.970230832058435 -0.00337361358810555
 -0.542325193919677 -0.301900071176255 -0.784053398094643
 -0.195361499472345 0.164613392257804 -0.966817622725866
 -0.978751390514263 -0.0167364806654758 0.204366351881444
 -0.99740049242763 0.0670562751127239 0.0263763847622953
 -0.557258818065768 0.176231042559545 -0.811421733333733
 0.761296633177599 0.104669816702071 -0.639899731039174
 -0.257129867446038 0.719770982924095 -0.644836384990537
 0.173265475751134 -0.967202466580115 -0.185737620190618
 -0.813805169698899 0.550636470961153 0.1857972621402
 -0.652282455218577 -0.199415785567104 -0.731273507711499
 0.463468793738436 0.684267734174623 -0.563004747047631
 0.180008075858365 0.324245651647225 -0.928688241560986
 -0.862504251758855 -0.453219788624073 0.225118277573032
 -0.196632354073522 -0.135728621265662 -0.971037310663616
 0.415788733081507 0.216372626291751 -0.883347392611811
 -0.436495447189496 -0.626934598559119 0.645309796696407
 -0.927329278828296 -0.21709979761068 0.304841084017875
 -0.0125797932402187 -0.391638397101263 -0.920033213921099
 0.179978759101502 -0.78169025830336 -0.597133139547546
 0.0305999683617613 0.0830750744130752 -0.996073377792782
 0.0233904476229078 -0.664628856323099 -0.746807451959773
 0.196101435092383 0.686944392220716 -0.699751119435489
 -0.962903279603456 0.268069853464924 0.0309164647429472
 -0.750927919672422 0.0388575485590726 -0.659239979352305
 -0.290957183091382 -0.0849168629310303 -0.952960148168579
 -0.941297109688587 -0.256945544646233 0.218949168480639
 0.34454995549419 -0.821795418284056 0.453803502252115
 -0.0334799817912691 -0.369981444664093 -0.928435685130385
 0.654987485799254 -0.684401723668694 -0.320289984366812
 -0.457995096957003 0.53224717156396 -0.712006628849416
 -0.982246084642253 -0.139447762844583 -0.125486854461354
 -0.479337801784831 -0.134586079728337 -0.867249594363378
 -0.610357147521551 0.119794010926465 -0.783015675076499
 -0.141171294446793 -0.0253680286188263 -0.98966010768759
 -0.669351805983955 -0.176323187101151 -0.721718985143464
 -0.961278882873631 -0.258888881993066 0.094442872264689
 0.0783140440022972 -0.92353096706827 -0.375443022811653
 -0.0014958910410604 0.668017656474092 -0.744143919513461
 -0.211627175651741 0.575454490729209 -0.789978523521529
 -0.236921753633679 0.507794473809885 -0.828258929938751
 0.056922360500014 -0.00872336705620971 -0.998340496895878
 -0.577805315066155 0.0514346023427029 -0.81455233077019
 -0.673290885615935 -0.195774593792301 -0.712987862289373
 0.0406527379206145 -0.992122002164924 -0.118495939676518
 -0.0631814756908099 -0.0702576749126009 -0.995525971657901
 0.166218616227374 -0.888683372088001 -0.427332699186192
 -0.630395633266533 -0.363026689446785 -0.686158121942599
 -0.654214475314064 0.0980359494750212 -0.749928245167546
 0.104872806213895 0.386864823466012 -0.916153536740122
 -0.278517843297529 0.44032246405959 -0.853547853731344
 -0.710618732251862 0.641498300108384 0.288965306448386
 -0.99565171266337 0.0831167241291886 -0.0420627773753779
 -0.970753049331514 -0.220959160395732 0.0938912490639082
 -0.106396378985282 -0.365317610812877 -0.924782598110924
 0.258404643364557 -0.897095256236787 -0.358395230890549
 -0.195697615254951 0.0974828555191798 -0.975807120420502
 0.602494398482276 0.508572702023351 -0.615105118296172
 -0.356879463438541 0.289470987973546 -0.888168675251181
 0.4639497920268 -0.870067580588616 0.166532266203765
 0.554213653140342 0.263701982798998 -0.789498885965467
 0.0899101591086185 -0.940137063924952 -0.328722473104036
 -0.833702613898456 -0.122649210698086 -0.538420953059981
 0.776493340932822 -0.629785296603034 0.0207019726019495
 0.263380388762652 -0.964681528176808 0.00450777214290109
 -0.281046064047898 0.0696516537204742 -0.957163390972089
 -0.798870578849951 0.512064316468382 0.315588234964033
 -0.0881002176522503 0.656022913412069 -0.749581409006365
 -0.0590038154283633 -0.722858109619758 -0.688472732300885
 -0.373035673220891 -0.3625024863002 -0.854070450215209
 -0.783971129824686 0.250137336922157 0.568173019668214
 -0.938473843722216 -0.320463580728971 0.12872427150936
 -0.928385412805669 -0.362382529003994 0.0823372817277601
 -0.067242281522725 -0.737432285432572 -0.672065547381587
 -0.594555242658951 -0.257845348404391 -0.761590335897833
 0.08908128969337 0.224276504652061 -0.970445554004768
 -0.55735161546667 -0.67709643591449 -0.480520127787161
 -0.997510453788349 -0.0705172827235699 0.000455434128546696
 -0.870194123808364 -0.292918099811452 -0.396183257713197
 -0.864079337412451 0.166966036945083 -0.474857074458949
 0.167939158229118 -0.977372405062804 -0.128606457672413
 -0.720502395262348 0.153516695379155 -0.676246199738736
 -0.957402662353292 -0.1728492494402 0.231307758380014
 0.104564641216801 -0.930105284845554 -0.352094298320171
 -0.165598230121795 -0.327801663405823 -0.93012004367657
 -0.358224869111284 0.619683200828766 -0.69833206553961
 -0.813972811864366 0.350736899459661 0.463067909601865
 -0.993636610424571 -0.0931994303362241 -0.0632467596717263
 -0.348062920739077 -0.171106046052173 -0.921723887186925
 -0.091320899068063 -0.993893318900335 -0.0619400035411443
 0.569348192775954 0.378566239136519 -0.729746694387023
 -0.587530655034511 0.142952719992543 0.796474889272382
 0.260107871082051 -0.96151658605615 -0.0884858753705333
 -0.268999009238491 -0.960087270813645 0.0766287508075004
 0.341074574277303 -0.915456128332708 -0.213560791999948
 -0.999297456886435 0.0308424667142323 -0.0212916628586229
 -0.116958547139785 -0.903944949784893 -0.411344412882123
 0.0861632704741234 0.766185147972383 -0.636817249960883
 0.21076806938021 -0.0186567708327046 -0.97735804382623
 0.200399613642703 0.489727951086396 -0.848531984533628
 -0.384553286915749 -0.922500257640466 -0.0333473263631101
 -0.136353410595686 -0.990073507956763 -0.0340909997083281
 -0.705536921663748 -0.399472952983063 -0.585353749457739
 0.156130856615534 -0.84532772063422 0.510924848035261
 0.760310313484965 0.0527677960434122 -0.647413150089735
 -0.869564034948454 0.435279765228684 -0.233216455479937
 -0.00995375185119671 0.744788120055423 -0.667226782322468
 -0.274294380856194 -0.749293590443934 0.602761733979817
 0.116048982613393 -0.948729965195405 -0.294013752696572
 0.409058953623948 -0.850027017363374 -0.33185063238211
 -0.192771967366371 -0.665843665888604 -0.720757366381866
 0.299490282431688 -0.931194957459621 -0.207801640827889
 -0.434458803669108 0.317285475476894 -0.842956389717647
 -0.229124477746109 -0.95613123247821 -0.18252408054082
 -0.935235967861816 -0.00698157895339984 0.353956130011744
 -0.985822719470851 0.163256391496055 -0.0387416624679653
 0.0720059478914086 -0.136542627853775 -0.988013792538872
 -0.898648732639304 0.223729060125593 0.377327129929841
 0.330993167511136 0.298259254890497 -0.895256912809452
 -0.253962607531367 -0.964850763820668 -0.0675721653533644
 -0.853903307843797 0.310010589341882 -0.418022218726852
 -0.917659857050293 -0.351751795584694 -0.184854161601461
 -0.986111481562275 -0.0846621684995433 0.142886189521624
 -0.353003506272069 -0.149736743028361 -0.923562359749944
 0.0971102760830909 0.515701988723782 -0.851246763932411
 0.228308330652435 0.134199387206963 -0.964295510011311
 -0.0157535891871361 -0.962196795046516 0.271899157832339
 -0.857996337636032 -0.40731332299614 -0.312950701409979
 -0.731676860759947 0.678655761778637 -0.0638382991089732
 0.162229541795349 -0.784502173778829 -0.598529794667871
 -0.0901115614780533 0.164120240943529 -0.982315862134286
 -0.975737141118266 0.20828816110179 -0.067476465431946
 -0.328536639406873 0.59578284909509 -0.732875482801393
 0.253931784472417 -0.40555043773201 -0.87809309944335
 0.652381840803761 0.446822741081594 -0.612166130916948
 -0.98756722277796 0.151409211613862 0.0422638277146702
 -0.0799090300390355 0.633322415256 -0.769751430822007
 -0.661977383900864 -0.299900632352877 -0.686910149814452
 -0.345744571000206 0.207806732643275 -0.91502844408904
 -0.0694056573528683 0.781888715773018 -0.619542485124497
 -0.649377359801287 0.538189578459552 -0.537271832702068
 -0.859105077209611 0.22890830564519 0.457754796719069
 -0.98460933721462 -0.0390937645568891 0.170341218272495
 -0.110310219426336 -0.97994973316314 -0.165922198525707
 -0.672756069313604 0.364799535251225 -0.64367738058922
 -0.743339268532872 -0.20476442386621 0.636803158421623
 -0.525952932198302 -0.268162937859288 -0.807132053551762
 -0.312623053141146 -0.56426829352924 -0.764112635389776
 -0.949855258078398 0.311765755261267 -0.0240229587518148
 0.013020887991917 -0.97923469120346 -0.202311334382347
 -0.870724179892689 -0.454366789434933 -0.188122893898632
 0.355704747481644 0.31117039821893 -0.881275845516767
 -0.388708057111236 0.367193987758061 -0.845029361437306
 0.290369683901811 0.21817524562615 -0.931710796796265
 0.0848071443106437 -0.994129629323181 -0.0671865192998507
 0.528213026688371 0.390623222038614 -0.753926055287176
 -0.274377603115675 -0.238774069401572 -0.931506239748243
 0.082905966544924 -0.917839516409179 -0.388197401883392
 -0.908473456343358 -0.361306527967766 0.210079918048897
 -0.0240571711680957 -0.922367002175109 -0.38556499557648
 0.173759011433385 -0.887789063243914 0.426190550259137
 -0.90750602715041 -0.0733211401854135 -0.413590160772219
 -0.307571109288227 -0.288894376876675 -0.906609095332849
 -0.912072243203145 -0.3641273414809 0.188508626763964
 0.51711995449636 -0.80338594933524 0.295225285286336
 0.0262463858466168 -0.974701414175715 0.22196459274815
 -0.32024830408249 -0.262263797455834 -0.910306939595835
 -0.958782740236587 0.283364283647519 0.0209842745252023
 -0.995345557484995 0.0713010287780382 -0.0648335136336013
 0.500418988757275 -0.347853389722192 -0.792829650650079
 0.189370292710513 0.409046349288962 -0.892647733639708
 0.0554195007925491 -0.936703560881223 0.345709586162058
 0.135017560025052 0.475404410563689 -0.869345101154584
 -0.96076018804952 -0.0150074103578186 0.276974075850798
 -0.99344699963939 0.0452103739225807 0.104971810488695
 0.583942726418444 -0.808207981924648 -0.0762282770124208
 -0.785115655608941 0.580088991150319 0.217002695061486
 -0.842155358378888 0.0314485424915971 0.538317138431316
 -0.0944828004796219 -0.991341131008603 -0.0911908020806451
 -0.668000261312819 0.184966636393471 -0.720807182474821
 -0.466138437948096 -0.111987466034215 -0.877595444449517
 0.221936873673529 -0.29248721106796 -0.930158725952569
 -0.030590545610673 -0.996135883386686 -0.0823256967700164
 -0.377691695011469 -0.875583760847812 -0.301167829057096
 0.497350315753441 -0.34155393956344 -0.797485780304982
 0.149236806930149 0.046874174696218 -0.987689823377685
 0.0218153760118955 -0.668642377750326 -0.743264058088275
 0.0911378819291269 0.524158975644539 -0.84672974125676
 -0.907848188250617 -0.400861465979781 0.122970533798197
 -0.21123137893277 -0.708614455424483 -0.67323610874464
 -0.518736503661348 -0.542975231880177 -0.660371363199426
 -0.535356691589297 0.218536467153974 -0.815864587596754
 0.041932641025858 0.0641867989937698 -0.997056522194971
 -0.208636081976064 -0.977985671625625 -0.00387445385216122
 0.249612132430807 -0.963378235837346 -0.0979599819225638
 -0.26014767960586 -0.216758392927022 -0.940924536767632
 0.613327012922458 -0.454590394255037 -0.64589283063885
 -0.730742170363045 -0.238290090281602 -0.639713774532558
 -0.141791658928134 0.557407884824934 -0.81804130420988
 -0.11506298759378 -0.96334448953746 -0.242338406703942
 -0.919131368184597 0.356051008074891 0.168597768870069
 -0.994318509383415 0.0917265442952016 -0.054008730490573
 -0.315284142623266 -0.627446829679482 -0.711973584717495
 -0.13533783532625 0.0223304168463581 -0.990547839739542
 0.0914507607701659 0.345057642387895 -0.934115614784522
 -0.473078564609724 0.200402368377509 -0.857925149681187
 -0.600111538127551 -0.308358502360378 -0.738092931701863
 -0.614352708548793 -0.785440774437582 0.0751900216096059
 -0.276831451372789 0.148232343155348 -0.949416410208666
 -0.215269223539182 -0.957748489827062 -0.190727532440443
 -0.674188612884943 -0.310126017009941 -0.670292151102656
 -0.962552545003842 -0.21006119486356 0.171367711425226
 -0.124066995295085 -0.990050169528719 0.0663930907143467
 -0.984112118692244 -0.0672455808310406 -0.164320935068419
 0.234624386667594 0.140045248806871 -0.961945281950838
 -0.95101535690136 -0.215608434531511 -0.221546369630942
 0.692268997081604 -0.159292353152935 -0.703839173324866
 -0.28163238480508 0.915241806784218 0.288124339380351
 -0.127410572014604 0.278240349892121 -0.95202355739279
 -0.0896063528719918 -0.953119358427581 -0.289022819368258
 -0.529192799653286 0.6114239306935 -0.588316035622374
 -0.98852378792294 -0.149872054497438 0.0189496171781812
 0.47700237599793 0.527350381934888 -0.703114718922493
 0.0669038240697335 -0.995956719287862 -0.059950743366575
 0.138890956029887 0.422398484529314 -0.895705767872711
 -0.435693514539082 0.210101782120617 -0.875230485379893
 0.137481812630975 -0.975257828889487 0.17312110901177
 -0.948862755703355 -0.286353722777302 0.132894756445148
 -0.993043388129869 0.108869587794292 -0.0448580220813571
 0.882718666566875 0.126035916067896 -0.452683889215559
 0.370682306625688 0.12431518609784 -0.920402282733001
 -0.168599538351151 0.523117573198737 -0.835417380881223
 0.38035608106644 0.39475112282612 -0.836361645834682
 -0.961301892314898 -0.267502275975787 0.065887815106967
 -0.915675826415743 0.350041930776089 -0.197505512875953
 0.0626038704681613 0.103082013977413 -0.992700787647903
 -0.23059006567677 -0.752349491337095 -0.617088700671142
 -0.132553689450908 -0.452687020502216 -0.88176186177549
 -0.166534834724811 -0.0512352972056227 -0.984703555971761
 0.358942346216019 -0.93335973347172 -5.15159040347012e-06
 0.452477169625522 -0.406454566532605 -0.793762619624072
 0.11197668866623 -0.917115545774954 -0.382570643010221
 -0.273857611875698 0.366751720629237 -0.889097960763174
 -0.0930773865780716 -0.496759873638548 -0.86288251115109
 0.557749053245871 0.42271910125591 -0.714300045524799
 -0.590703029150166 -0.379521130257056 -0.712062948791204
 0.0375242735889898 -0.630551821175378 -0.775239530534939
 -0.604438552177757 0.200040329732659 -0.77112768276188
 -0.751789597213616 0.576473317579467 -0.32014202417101
 0.569412360773072 -0.799538766429461 -0.191068899550115
 -0.990596563295077 0.0348222042350944 0.132309723301773
 -0.602281989237208 0.35177105322323 -0.716598584672543
 -0.0727045648120817 -0.941071961073684 -0.330299273896289
 -0.624841672383118 -0.00117387707445117 -0.780750604524955
 0.547024709534142 -0.403229813766351 -0.733600493762812
 -0.882163539577174 -0.447322006876217 -0.147276989393814
 -0.216178697139813 -0.968169482948987 0.126153173520227
 -0.302936854353622 0.185234046577477 -0.934835606009348
 -0.280598258232237 0.232931825680285 -0.931132311791554
 -0.394060876288155 0.304072540607829 -0.867326879456247
 0.465835410149666 -0.299644591272349 -0.832592631226052
 0.538491880690113 0.089415179144205 -0.837873152791898
 -0.808706857129037 0.411619639559889 -0.42019339780756
 -0.46175926676123 0.59234736804679 -0.660229486715166
 -0.0687206716465942 -0.353985693809613 -0.932722680042985
 0.370255974032768 0.279129151196597 -0.886000807361547
 -0.0767458430164646 -0.958000156677011 0.276307392927722
 0.21609354294929 0.641532892767605 -0.736029298460905
 -0.885066127900626 -0.410260558635801 0.219873198163925
 -0.234184843713609 0.238206427491146 -0.942557773760706
 -0.999378940635766 0.0280661904658058 0.0213077912152344
 -0.999199657192803 0.00293532616306313 -0.0398927177076278
 -0.942608513096068 0.25157375417136 -0.219544613349877
 -0.933318017340351 -0.236513782000862 0.270145718884317
 0.533187808364208 -0.788366279129756 -0.306902868906231
 -0.165597383241357 0.159943967794485 -0.973136903950195
 -0.580259164059454 0.719569165122236 -0.381470207395431
 0.47398976198607 -0.662434373018753 -0.580098618319024
 -0.998990110892269 0.0344004811100123 -0.0289026856684914
 0.305734566472872 -0.532896664251188 -0.78901680596398
 -0.50570787144865 0.638728805493495 -0.579900906869207
 -0.0532984112032056 0.899881555392188 -0.432865412834233
 0.529333507397603 -0.608362091126206 0.591355733908704
 0.072725911593559 -0.683350904657738 -0.726458865240378
 -0.189760851857779 0.209011640890726 -0.959325259270481
 -0.267117409708672 0.130422726682229 -0.954797466374572
 0.431759919358714 -0.843615853639876 -0.319211001569213
 -0.442634780030222 -0.857495499476957 -0.262251634664802
 0.316638464921952 0.11199016468358 -0.941912037053362
 -0.32090552362937 -0.91360115389792 -0.249704978926231
 0.0499771681634036 -0.991543276155025 -0.119767333501778
 -0.076007806768484 0.443965025316104 -0.89281457739349
 0.00629427160935933 0.027013663117258 -0.999615248057919
 0.0104149598429566 -0.0686998006032717 -0.997583012088989
 -0.80743226278063 0.253953284420318 -0.532504338342031
 -0.906242604290113 0.396569980023268 -0.146480691948863
 -0.986465533935729 0.111168219712805 0.120529570159288
 0.412296706043788 0.160624897970122 -0.896778160047138
 0.3993414361815 -0.781266163403746 -0.479739094997362
 0.721494481133329 -0.69231585488286 -0.0120195994926217
 -0.163619965391011 0.812325073347176 -0.559782531110922
 0.449246902749084 -0.833741879606112 -0.321016663993043
 0.0154370560600463 -0.97144342330678 -0.236768605634705
 0.466535174937155 -0.879505748314431 0.0938859373294616
 0.0925128019125727 -0.119623293737519 -0.988499696043288
 -0.83495299501083 -0.329409424837308 -0.440843426797768
 0.0926907126367076 -0.98184665112909 0.165485907126529
 -0.835797714318268 0.543946289102383 0.0745963491875067
 0.57723271886346 -0.806149570659186 -0.130097109881456
 -0.145086295072491 -0.708849898108619 -0.690276603205946
 -0.268599218959016 0.146179320615716 -0.952095617991667
 -0.178281820852359 -0.448789678925087 -0.875673121914727
 0.335298520026451 -0.828520394341268 -0.448473921904788
 -0.237833009732018 -0.904823115198913 -0.353172181355703
 -0.236545799587652 0.186447044600626 -0.953563623602081
 0.377191005197372 -0.326113548710676 -0.866819992239176
 0.25785308728111 -0.854432057775174 -0.451062793883159
 -0.0497149748474671 -0.983398021929133 -0.174518628638277
 0.00313287817015411 -0.98776877266508 0.155894312988295
 -0.994312681569181 0.00204722365371539 0.106480515335044
 -0.103413192232834 0.26135734859367 -0.959686432126818
 -0.405619425328039 0.0436166046520171 -0.913000807006862
 -0.128728107228705 -0.40503142903074 -0.905195346821133
 -0.907934269629911 -0.412396127536191 0.0747314928577905
 0.188278640527612 -0.530811632096614 -0.826311179128059
 -0.997781214283646 0.0651558288746205 0.0136881841861571
 -0.771030779551254 -0.418676441627905 -0.479814103805193
 -0.558406520980632 0.252624669238386 -0.790166396285303
 0.0647503121289239 0.449538488012661 -0.890911075739043
 -0.602504054575288 0.0140701025512963 0.797991789703713
 -0.194332085149046 -0.974764879421817 0.109856590732625
 -0.0230664660300119 -0.950027674879912 -0.311312311203965
 0.153186905845531 0.298010113585078 -0.942190927614187
 -0.182281540223067 -0.956031812414801 0.229731612419314
 -0.983913924232025 0.0394681673043272 -0.174228738938139
 -0.919867052631025 -0.378887614987823 -0.101433627031422
 -0.910864622220324 0.327722026260011 0.250846394216579
 -0.544527005320654 -0.0303194540184472 -0.838195127153901
 0.451075304083379 -0.0497277878907729 -0.89109944291172
 -0.0352733871579839 0.0355558304281719 -0.998744998025505
 -0.881921241884524 0.446851082121888 0.150130055349875
 -0.880421129581639 0.0910099960355567 -0.465377067771713
 -0.47822359038867 -0.152156720492227 -0.864956952688872
 -0.0888521383792541 0.488036562995042 -0.868288898170085
 -0.734020100607304 -0.094798604053131 -0.672478785222271
 0.100304241102417 0.346703687273627 -0.932596167935372
 -0.433505483238765 -0.585666808968268 -0.684884942800505
 -0.766582186204744 0.380897834881377 0.516980261882632
 0.0553884544598212 0.510928981125318 -0.857836636754806
 -0.8344973455332 0.546486928147725 -0.0704713960533338
 -0.957349832094533 -0.23263384750325 -0.171355746867166
 -0.965016631564669 -0.157283959437088 0.209772869807733
 -0.289617938276107 0.0240780148382371 -0.956839432209055
 -0.847248655175859 -0.0362866823943751 0.529955651902599
 0.112390547558064 0.0554607239723288 -0.992115151036443
 0.251278757649994 0.305675847138375 -0.918379694042781
 -0.90900395981903 0.387986294797314 0.152244658634632
 -0.979031722288961 -0.102781214980527 -0.175877538642765
 -0.911429412021635 -0.352386377816041 0.212415318730987
 0.580640607836867 0.280022735021492 -0.764489210127858
 0.41453769697764 -0.787797357741791 -0.455558800726675
 -0.92061754451414 -0.348157672426677 -0.176775484338735
 -0.110395646220579 -0.111812702175996 -0.987578210030802
 0.133266593901759 0.72647384735971 -0.674148176629
 -0.0111822385825267 0.592434222162906 -0.805541215550462
 0.680279905333899 0.126797510684419 -0.72190140717631
 -0.934845848848197 0.315304546452778 0.163236888837979
 -0.21791087000787 0.394837970426442 -0.892534497844168
 -0.972788425392446 0.222543958544456 -0.0644737616232258
 9.48182580399058e-05 -0.59999110457407 -0.800006665873157
 0.199783088864919 0.229235128338092 -0.952647874788692
 -0.359218737686527 0.0145947296319552 -0.93313926739896
 -0.463280764319673 0.553350186283024 -0.692224316787501
 -0.906772677030769 -0.309844969249968 -0.285936019453549
 -0.304239966893533 -0.705667658824967 -0.639899365395147
 -0.810204703816239 -0.332632447201426 -0.482621998030374
 -0.277089957858847 0.302556984637038 -0.911965145332389
 -0.898605595817644 -0.0677870670938181 -0.433489211745846
 -0.997801900391572 0.00914863430003426 0.0656328428868614
 0.225766941088747 -0.368482234905065 -0.901803820612221
 -0.207178035238382 0.585632299436086 -0.78365303009174
 -0.82160048266986 0.27292078236459 0.500486656595511
 -0.85354121232994 0.474131201372099 0.216025467803652
 0.118876395291908 0.0718667151015145 -0.990304790406933
 -0.200176767589166 -0.159678398802495 -0.966660266419089
 -0.817096095983255 0.40967370795585 0.405612404813547
 -0.571260947904546 0.104222759871381 -0.814124404328965
 -0.105435350356762 -0.0152892228247299 -0.994308617362116
 -0.755175760491871 0.0115196496945607 -0.655421138228268
 -0.991150585941507 -0.00427138034286839 -0.132673551613627
 -0.21830658825413 0.293940661079897 -0.930559574282461
 0.189547060794899 -0.243171342567531 -0.951283138659526
 0.264897359521845 -0.69283149637643 -0.670681673036584
 -0.986520897952139 0.019571504085585 0.162460684879554
 -0.709625947392926 -0.615303045920068 0.343268373824589
 0.0447070380641962 -0.0342456374005854 -0.998412999247583
 0.388155138670603 0.158613142525228 -0.907842199581996
 0.0733598517273178 -0.214354091850665 -0.97399725639317
 -0.599250858389584 -0.145563518707669 -0.787216406549552
 -0.175134518724477 0.0718966173711993 -0.981915870511178
 -0.998363179227925 0.0551250104109943 0.0152379653857435
 -0.144512055872687 0.432543739756898 -0.889956279209584
 -0.962168765660517 0.03177413585185 0.270595030771418
 -0.631826304655764 0.555112276261687 -0.540967541991764
 0.0636542870049034 -0.260877932618622 -0.963270904791861
 -0.908467415093961 -0.195983678906622 -0.369157626651168
 -0.95598381039642 -0.141839600153115 0.256858875821619
 -0.337148262889296 0.195246271560285 -0.920983138972988
 -0.824950535219383 0.462231909923285 0.325266469052569
 -0.337189921076485 -0.635864521858573 -0.694247266444746
 -0.312277586723249 0.134352997005079 -0.940442438975431
 -0.857413799966504 -0.436825929740246 -0.272074774158813
 -0.413841740012933 -0.282593904074872 -0.86537604519815
 0.0980921436161148 0.00513122282036473 -0.995164108031014
 0.00621623370366205 0.535426547156817 -0.844558920998571
 -0.894420546587838 0.442776056522291 -0.0629384589268053
 -0.897691462951238 0.0126744477749746 -0.44044227285544
 0.321736259774099 -0.196136003987988 -0.926291772114055
 -0.100597020433695 0.134109059541517 -0.985847351078631
 0.386508434878005 0.243815467435877 -0.889474703185639
 -0.889234225380673 0.447925610288036 0.0928716321581853
 0.571979931170938 -0.0568027564803984 -0.818298481725292
 -0.314558105194627 0.185930265543978 -0.930850758613384
 -0.966923466258411 -0.227024431100481 -0.116270882349464
 -0.893992826020555 0.330721496230652 -0.30232452589021
 -0.0834108017115659 -0.0238217183846332 -0.996230477294806
 -0.221870972771968 0.571780311915525 -0.789835771757019
 -0.993201681504923 -0.010656879621362 -0.115917430839924
 -0.713216092172408 -0.184817749268334 -0.676139930355918
 -0.397421167638902 0.665926964420032 -0.631345938112262
 -0.811519715852506 0.577208318848193 -0.0909192357816018
 0.136156924468838 -0.39675028466971 -0.907772275151478
 0.120702495996582 0.517566310414498 -0.847086785272984
 0.0512041034897379 0.0398478257082231 -0.997892925404394
 -0.000685291671075199 0.0046504167605497 -0.99998895193861
 -0.422068927070051 -0.350361879620864 -0.836124616376334
 -0.339963775914856 0.29531302295072 -0.892868887094528
 -0.480067702501527 -0.0501578489331799 -0.875796318332809
 -0.847944350829146 0.324949400262776 0.418805760664536
 -0.947652845878933 -0.133027731154336 -0.290271780305094
 -0.0581026104403717 -0.00381828964423662 -0.998303314290906
 -0.630821310819273 0.694140098299299 -0.346747743683061
 -0.8236639852815 -0.337154751982327 0.455965253682705
 -0.474987156320423 -0.102890108827617 -0.873956993699392
 0.60733008132328 -0.221702864440427 -0.76288794211127
 -0.568903524801579 0.419835808877488 -0.707168065633994
 -0.393773641981105 -0.593092404404578 -0.702270402849596
 -0.567220270160585 -0.533601975433363 0.6273197724706
 -0.984306918698182 0.138549414579714 0.109288377801618
 0.149057569854141 0.398163426078235 -0.905123045228006
 -0.0674878325011928 -0.194520260245295 -0.978574095722135
 -0.387497912300735 0.630958546198144 -0.672113592290839
 0.350596204797373 0.162554553615457 -0.92231139984311
 -0.704780816417581 0.36709225679957 -0.607064474176809
 -0.26316136977655 0.626908203336903 -0.733302255585121
 -0.881358686955387 -0.382778214351264 -0.276925447632271
 -0.074136873836682 0.0847588953385651 -0.993639599451788
 -0.122778594820604 -0.0168355319328164 -0.992291278566136
 -0.790078619373099 -0.567521896967033 0.231721107524622
 -0.236650829193687 -0.0605789401150239 -0.969704376114948
 -0.793904073471759 -0.224534895004619 -0.565066724423066
 -0.0673519444251965 -0.0489040176103092 -0.996530035996766
 -0.941647465688427 0.275341248540302 -0.193616236960723
 -0.513160967465254 0.829070815188804 -0.222052707419423
 -0.880277100291223 -0.449200833670974 -0.152744354174479
 0.582666169254559 0.242101074066864 -0.775813898523279
 -0.334466707302801 -0.00555413548015984 -0.942391199706943
 0.0885833974802006 0.0614071623144189 -0.994174100501193
 -0.436411956108415 0.190184835864302 -0.879417041438756
 0.420598460393379 -0.270694479813273 -0.865922302353589
 -0.483983708048438 0.0690856572172928 -0.872345655294127
 -0.639433311093873 0.400851536831236 -0.656081615413481
 -0.298164785528179 0.858871236959616 -0.416458832292454
 -0.97688145357891 -0.118904819250164 0.177663360355029
 -0.145240021719675 0.28144815023793 -0.948521098773515
 -0.515413676794785 -0.253435149768966 0.818608188716961
 -0.635467073473925 0.538909110328756 -0.552954400773837
 0.0918465664538314 0.491526891825189 -0.866005498159978
 -0.0659801773816394 -0.00113602648882877 -0.997820287244404
 -0.941300750617846 -0.239981502710306 -0.237406350469367
 0.0891276911496226 0.675074565305209 -0.732345946905095
 -0.796662875790138 -0.601034383773375 0.0639212942605656
 -0.0429596464488036 0.543742704345619 -0.838151740586337
 -0.149435838498517 0.201011742917744 -0.968123550680085
 0.0542749978921723 -0.371119752768869 -0.92699749390631
 -0.568300597937714 0.310487282650402 -0.761992176925726
 -0.38026429545635 0.68669682107475 -0.619553501746959
 -0.963542083481239 -0.0420127991354819 0.26423773021549
 -0.160433170887725 0.192123068704501 -0.968168334614635
 -0.489410615045976 -0.0255504359936624 -0.871679083780753
 -0.313556574738216 0.319188945364482 -0.894315767274371
 0.368298276853532 0.269129886542622 -0.889901951585833
 -0.997728960353036 -0.0396736701102952 0.0544327252011914
 -0.9017077893747 -0.40531612891921 0.150472250660838
 -0.075011691648329 0.449548186883505 -0.890100934605627
 -0.463312440465428 -0.546516102341446 -0.69761144800776
 -0.226279749854271 -0.4895469388966 -0.842105260298769
 0.719032167837361 -0.442480250179717 -0.535914144071604
 -0.98288636070798 -0.0695403430601391 0.170582949386219
 -0.452258983958714 -0.247578428226379 -0.856835301155122
 -0.650965662639738 0.264498096536333 -0.711536691248359
 0.245895004115628 -0.262412114810297 -0.933099956570443
 -0.658288466082491 -0.0945980158708177 -0.746798172745532
 -0.476427456849385 0.00269294208570025 -0.879209660105569
 -0.982381002760692 0.100363457183691 -0.157653867307576
 -0.916694540485025 -0.352686074446491 -0.187839432325784
 0.197223251859888 -0.767129038365607 -0.610422826753775
 -0.155907377370569 -0.354522222872021 -0.921958178645492
 -0.768401496071939 -0.518815272676359 -0.374686340386412
 -0.46335633445283 -0.530928973064682 -0.70951767623007
 -0.533646597208222 0.550107917656749 -0.642341488788822
 0.212708740576124 0.103118348465699 -0.971659198429277
 -0.474335598567372 -0.212643033475561 -0.854276700048669
 -0.398250851872341 0.236767430731845 -0.886192666821158
 -0.15336044997307 0.548943842681364 -0.821669781582769
 -0.258577057401485 0.303266749686757 -0.917151668983936
 -0.478567850457079 -0.401302784589224 0.78097944120817
 -0.954268526112095 0.0127668452514775 -0.298678067045731
 -0.88222567448254 -0.462715062240794 0.0870208622074302
 0.0429697801349813 0.815496065505532 -0.577165284073937
 -0.953498145561126 -0.0564470911692436 -0.29606589183833
 -0.994640332449193 -0.0953494820892796 -0.0399885649988258
 -0.968431848244661 -0.243558236405914 -0.0530955815889613
 -0.93628430865638 -0.255641347376757 -0.240871739469868
 -0.850551963898339 0.302256571617753 -0.430351393192308
 -0.317526687940376 0.248924665782305 -0.914993613754098
 0.0473414719304025 0.0348056295029244 -0.998272183920983
 -0.816861172098825 -0.0455253679456798 0.5750350131868
 -0.261063301472191 -0.231391987392513 -0.937178585326715
 -0.919363070486722 0.367448559587389 -0.140545724525437
 -0.128716287344962 0.640069202763577 -0.757458601539205
 -0.246878695352522 -0.0612006425240111 -0.967111881395159
 0.222039969936264 0.780554397415916 -0.584322757066143
 -0.268467639618045 -0.39946552096477 -0.87655714248317
 -0.828311933731662 0.53517242145373 0.165800542077117
 -0.0295262129419718 -0.252570635182695 -0.967127849352254
 0.291344955391345 -0.142371366572193 -0.945964328581359
 -0.419869831087865 0.159669145079662 -0.893428838269606
 0.0160408640891783 -0.172490677998825 -0.984880529141874
 -0.314003869726099 0.0218461188147276 -0.949170330809896
 -0.860944061458274 -0.100261937333912 -0.498721231713452
 -0.0928236458608264 0.0664132356960141 -0.99346517447442
 -0.456925359431438 0.589810715372952 -0.665839722410505
 -0.672883982603269 -0.328642195865912 -0.66273784640112
 -0.531686149326813 -0.26145264466833 -0.805575789860868
 0.10359074226547 -0.599516881653659 -0.793629930590551
 -0.916215612164635 -0.078691698604451 0.392882385195021
 0.317319047833508 0.768531302551955 -0.555579210266035
 -0.913795479308376 0.207353206088237 -0.349259888794152
 -0.732868591620186 0.595441443747038 0.329170342657246
 0.113111224692705 0.521586923149438 -0.845667152281569
 -0.49938092991344 0.14475981447304 -0.854203303056432
 -0.897011940560901 0.439699948642833 -0.0450947187002744
 -0.162980708665284 0.241856266961842 -0.956526442255646
 -0.654445440152398 -0.632679575852336 -0.414026231249956
 -0.0565835551347612 0.0653564523055482 -0.99625641048394
 -0.868137764905761 0.326642487191759 -0.373686374792567
 -0.893378734740687 -0.420697433868119 0.15775964455433
 -0.505591013853535 -0.387070266892977 -0.771073495328399
 0.0374766626615671 -0.0790830983289515 -0.996163321606675
 0.358744465869618 0.24414879355556 -0.900940494601773
 0.266826724722622 0.647687271930522 -0.713655867174786
 -0.522194573996333 0.843904314394933 0.123037941442496
 0.176225683493755 -0.265344902144529 -0.9479117002037
 0.537508212500011 0.498929083799224 -0.67981960168438
 -0.952058376502714 0.174332577338955 -0.251382179577976
 -0.562704351798155 -0.689372859344439 0.456211434826759
 -0.977432213761417 -0.123303543555998 -0.171529891412517
 -0.113260827172813 -0.365495269194715 -0.923896743810916
 0.182671683610994 0.220996367412879 -0.958014437050422
 -0.857728860238899 0.155741597119875 0.489944647118253
 -0.587279048810871 0.114562799780607 -0.801235722951883
 -0.982861368909895 0.162471647878021 -0.0871004772683092
 -0.324622208279168 -0.00210706669776084 -0.945841414911552
 -0.123088797479811 0.448195339659689 -0.885420852161451
 -0.443227072277351 0.565170708302811 -0.69579582700455
 -0.184907991336405 0.0317377344896619 -0.982243223926437
 -0.0906906398860957 0.548974853313134 -0.830904217263863
 -0.997668450619222 -0.0682115776147315 0.0022007540415104
 0.166138854916942 -0.111033887034367 -0.979831289976457
 -0.967209029125974 -0.00307756700025274 -0.253963033842622
 -0.591191040782028 0.410228398738353 -0.69441040758879
 0.0420140016674533 -0.303695138458573 -0.951842469393185
 -0.970243255994289 -0.141971652914636 0.196142993671167
 -0.83673986853415 0.547577945262368 -0.00497858089177227
 -0.989150994944962 0.135921539054923 0.0557283089670976
 -0.943351060211576 -0.0537781933023265 0.32740904557271
 -0.92091539493306 0.386124447306836 0.0531295263227166
 -0.949462592141836 -0.281802303726349 0.138232585658479
 -0.743950802341212 0.549308608536314 -0.380522346628639
 -0.956335298521432 -0.20392268368746 -0.209376063291934
 -0.989219323608605 -0.0832104928925548 0.120503708125151
 0.0996667443831534 -0.0210288922298291 -0.994798635782966
 -0.826573041491853 0.549571287783318 -0.121443018420542
 -0.187236100808674 0.449760427451586 -0.873303040446174
 -0.884252001148318 -0.0836370524501892 -0.459459728292523
 -0.243411199715821 0.205544599821448 -0.947893667737656
 -0.166624073606134 -0.0205783404864983 -0.985805736439852
 -0.980993459883586 -0.181535264455607 -0.0685330535191846
 -0.642290854914145 0.1552132031197 -0.750580654740701
 0.879790828484392 -0.108132335911534 -0.462899012793354
 -0.507729880348305 0.594287352554137 0.623725028514722
 -0.325983477114104 0.340509177723934 -0.881923053635842
 0.0112142988507384 0.727001342258373 -0.686544454391565
 -0.174322504016451 0.500174981793693 -0.848196116579835
 -0.106350516586504 0.323872322872154 -0.940104401701843
 -0.988607680484032 0.0080683839587073 -0.150298886450557
 -0.959900890236115 0.115137363011424 0.25560451592781
 -0.806798272962276 -0.437139020445943 -0.397474557108564
 -0.901898838880746 0.314980338010459 -0.295577182969828
 -0.0716148441967447 0.312007903695228 -0.947376578833563
 -0.330314373854567 -0.393787456757294 -0.857801756424926
 0.136447544049102 -0.455523751040747 -0.879704598124129
 0.0993474764289613 0.354617080452323 -0.929718669909703
 -0.890994869825398 -0.4536488798824 -0.0181888901878579
 0.0720353401166082 -0.240361628496251 -0.968006816773991
 -0.341364126897353 -0.0920859722189295 -0.935409379142685
 -0.776105569918456 -0.155375146380581 -0.611161769279429
 -0.983977423382521 -0.175535730511275 0.0312351978922442
 -0.672561198503666 0.429047822731335 -0.602975455617235
 -0.62601673278769 0.0593244060297784 -0.777549783048674
 -0.39029442332016 -0.422007267963868 -0.818278759904506
 -0.978397422488611 0.126147589459937 0.163784215787391
 0.31357191208049 0.249964313379844 -0.916073412991955
 -0.975400872459338 -0.103385550190625 -0.194690950013973
 -0.96670615724692 0.252522573906333 -0.0413709464312202
 -0.0910332951519144 -0.142170951148876 -0.98564717816428
 -0.0339645725242149 0.326419077730763 -0.944614732844373
 -0.329534506754943 -0.495113067878443 -0.803909235469884
 -0.101279557357144 0.0469119887549008 -0.993751335381544
 -0.192016223841705 -0.115572451227069 -0.974562865236994
 -0.42657415775576 -0.241207055529866 -0.871695843914364
 -0.970457350931528 -0.233759662193853 -0.0597406926138027
 -0.271139223413092 -0.318652858314444 -0.908264211237556
 -0.871055520133361 0.0891681097147349 -0.483023114410792
 0.00679423034642464 0.89514537828743 -0.445722548413982
 -0.860298217746714 0.0664785815684135 0.50543800285938
 0.407446193017377 -0.244064105810581 -0.880011540862123
 -0.927334016413917 -0.00768636006753081 0.374155772199957
 -0.958145749224183 -0.271268571077691 -0.091488171853507
 -0.888808649595209 -0.249821361351216 -0.384198479717667
 -0.739583834515354 -0.364532875593968 -0.565801674029654
 -0.848636714259438 -0.163682382781076 0.503014716263902
 -0.874700867103416 -0.430162563023427 -0.223290309824786
 -0.966952213072382 0.249825371474354 0.0508989332120398
 -0.0382517860296972 -0.576097450571298 -0.816485473423006
 -0.579902682315401 0.199643247742114 -0.789845208046731
 -0.889180471157272 -0.318123322636645 -0.328870249957568
 0.152017939342768 -0.409942592173529 -0.899353999957762
 -0.987612430943367 0.0864509607256285 -0.130950057792079
 0.380800567260695 -0.28550758148609 -0.879475041651494
 0.382395041009665 -0.00429297649191148 -0.923988962576965
 -0.246336408228072 0.21413395419581 -0.945232788069563
 -0.895065157677532 0.388885654206194 -0.218234533161725
 -0.701949004258671 0.063106275811177 -0.709425960459232
 -0.459253266743858 0.183404221401847 -0.869165880920942
 -0.754928661488258 0.585555891485119 0.295308337184398
 -0.381512370008811 0.355132761081484 -0.853421955152843
 -0.880999120926903 0.045722360796461 -0.470903402673225
 -0.873013063213769 0.460689304526041 0.160042357372744
 0.248015097026459 0.141136772074225 -0.958420013989391
 -0.880410624712061 0.287861837062242 0.37684571731316
 -0.523601249335368 0.413120705810973 -0.745099331716708
 -0.881748231361481 -0.47150683486175 -0.0141901786300877
 -0.988018856304288 -0.153082530805908 0.0196081194719354
 -0.979075463468507 -0.110922355388276 -0.170609108517235
 0.533522941824906 0.288757370593266 -0.794966949925946
 -0.997728690719573 0.0127430378880101 -0.0661443474560799
 -0.131391544312711 0.242241570927628 -0.961277942843606
 -0.780766088192688 -0.370855415634755 0.502862382986301
 -0.526575960444215 0.523372675206639 -0.669924473899333
 -0.947104401972207 0.316656967572921 -0.0521691158866092
 0.0825686556656501 -0.440289245589726 -0.894051339308654
 0.383793296568209 -0.0554714863762055 -0.921751387147598
 0.0771128436567683 0.71046165634991 -0.69949828034078
 0.44890501778347 -0.142061091687297 -0.882214787473797
 -0.718760077695253 -0.662705767530121 -0.210249890353902
 -0.740313186579338 0.191481378173996 -0.644415446423605
 0.0570289185055561 -0.18111721354605 -0.981806629337672
 -0.657100833519744 0.652679584378752 -0.377131084270227
 -0.546649566561872 0.806329432729425 0.225847508934592
 -0.841819803616397 -0.522146727609302 0.136756034916741
 -0.891102737295953 -0.436453210482874 0.124275929458814
 -0.91066802963201 -0.0515061009842897 0.409915675923169
 -0.220128272214876 0.362571208014004 -0.905585811997383
 -0.364495779130899 0.375547770334772 -0.85211894662209
 -0.0824117226206504 0.328247508910174 -0.940989841001996
 -0.749601092437062 0.650662401721474 -0.12139456826072
 -0.293381546023905 0.112481479269854 -0.94935514180621
 -0.336523926342746 0.162941441617259 -0.927470610640872
 -0.869917086073383 -0.0969466381950445 -0.483575860336591
 -0.31220496931951 -0.0142037572379364 -0.949908580028905
 -0.967926071727284 0.00764698837349705 -0.251118783127435
 -0.920679765334357 0.389740983379744 0.0212305340974573
 -0.939348403384925 0.289036972110884 0.184613666371598
 -0.162012581805057 0.515328814352714 -0.841539147297786
 -0.83642504095443 -0.348601006268934 0.422930832752434
 -0.457949113200448 -0.887881398275986 -0.044150111148254
 -0.974306898768087 0.212780194279427 -0.0738285577220784
 -0.106684314086447 -0.316246537671908 -0.942659315202706
 -0.947674039385644 0.13824077358622 0.287755805489272
 -0.0667037879160287 0.462787564966707 -0.883956036457606
 -0.930640950542114 0.338799528210689 -0.138283407747584
 -0.967875388452131 0.175071165815983 -0.18046417741056
 -0.987801045702069 0.137874500220259 0.072385884666235
 -0.0245372007842159 0.967388624950569 -0.25210548207828
 0.779693037166008 -0.395677563846934 -0.485302002121361
 -0.582788461253028 -0.611076660590102 -0.535670537095682
 0.0609449117973314 0.483166355572017 -0.873404826280042
 0.300118642365811 0.0954836595943569 -0.949110989955849
 -0.341314598822233 0.107381065795081 -0.933795294130106
 -0.785877709252143 0.311428228082207 -0.534236543914941
 0.109791802231673 0.387775300048949 -0.915191825157256
 0.22943725753597 0.0872035930651752 -0.96940913870816
 0.254244546860266 -0.560984172424098 -0.787817535144698
 -0.313809862894191 0.0610588950701121 -0.947520543990021
 -0.897818378933424 0.356541318195833 -0.258457824158093
 -0.854435175694867 -0.0336498685297754 -0.518467180140855
 -0.100683716289477 0.427123354926512 -0.898570213700889
 0.218559265211134 0.376027208136711 -0.900463983916781
 -0.570845716286101 -0.174152353409308 0.802375302461266
 0.324892426579922 -0.3201195832659 -0.889926043871442
 -0.680927763823452 0.58903384303738 -0.435174117119813
 -0.717372384414317 -0.614262164407838 0.328723068032525
 -0.213816763348638 0.120623125088721 -0.96939798504275
 -0.584863996183173 0.460531438578896 -0.667716182257927
 -0.797299873448638 -0.0190874455423256 0.603281510757171
 -0.99228969726759 -0.104948524811267 0.0659315086778263
 -0.629042033416516 0.245611227196335 -0.737550842498553
 -0.781322247717862 -0.61393061704157 0.112359880206709
 -0.992193162454685 0.0846154874365037 0.0916130321736702
 -0.823043702434883 -0.566615527450875 -0.0393180357322924
 -0.927143453680699 -0.0997293823330525 -0.361191177351403
 -0.958502434774472 0.0445823173147393 0.281576809262157
 -0.332096058827468 -0.551704995770931 -0.765071111304473
 -0.897438184677064 0.29846674039128 0.324841976295768
 -0.996044172063437 0.0412791361899489 0.0786895178144658
 -0.325525773164717 0.386373751956684 -0.862988003858934
 -0.925641199254917 -0.317266205495666 -0.20622930221552
 -0.965999455128415 0.23561085624029 0.10645457770018
 -0.677237695311368 -0.376046938943703 0.632406359677397
 -0.889648406192867 0.449260309077031 -0.0817978486667128
 -0.898138684313575 0.32542775298142 -0.295708777903099
 0.0221438738966388 0.642435844497565 -0.766019474004121
 -0.297430983074218 0.0351442436544954 -0.954096270009195
 -0.869959922325394 -0.465108669432074 0.163840346577757
 -0.960200161937715 0.278759640708844 -0.0175701942693657
 -0.0512283617314325 0.266219276456412 -0.962550233389062
 -0.313434249384367 -0.50821809591017 -0.802167899072444
 -0.563943822737538 -0.292110368970015 -0.772424039719359
 0.702609297429438 0.44022606912636 -0.559053828559706
 0.107969728495052 0.853061371282538 -0.51051820198134
 0.447970540088264 0.239100466783018 -0.861483233729579
 -0.898307182352457 0.384355025521393 -0.212874189347697
 0.294703172961883 0.434623436434996 -0.851030262885894
 -0.140512311724059 0.127348099044206 -0.981854750929988
 -0.451265138301013 0.241067421366003 -0.859212589124551
 -0.682916863868783 0.600541306387882 -0.415902267805266
 -0.972568554738116 0.122994942699453 -0.197440245150198
 0.533283579965451 -0.84589308190361 -0.00857422456224931
 -0.415919417451457 -0.763699936636598 -0.493734184524524
 -0.439130404492172 0.126261086745012 -0.889506956591409
 -0.687214570943628 -0.484023895710026 -0.541716717357379
 0.901346888850063 0.112683762246467 -0.418181964802757
 -0.520828871039606 0.503664083667563 -0.689245803697726
 -0.969565988503348 -0.121870559357531 -0.212342555083545
 0.0257713954762793 -0.59746012889904 -0.801484391333448
 -0.978589271720774 0.20054180215962 0.0463251860177335
 -0.395540809339224 -0.383415393335752 -0.83458978204892
 -0.296666732641439 -0.0154361547328926 -0.954856311112261
 -0.975691125846819 -0.214337632397502 0.0456750071921213
 -0.177281016687186 0.0187692120267504 -0.98398127919298
 0.0115406690822536 -0.389811526887353 -0.920822342508523
 0.0530322873115685 0.507673417571591 -0.85991585494959
 -0.87947433422921 -0.0952224498275662 -0.466323471938658
 -0.880641294093992 -0.433025015248403 -0.192250480638096
 -0.578449496617658 -0.561224856417159 -0.591965235805547
 -0.941054523654247 -0.336057430796294 -0.0384939828606131
 -0.228202201634991 -0.163882481147005 -0.959721984504911
 -0.799668567093428 0.407309049626937 -0.441168358900255
 -0.340843050340798 0.638991876473826 -0.689576244395671
 -0.586735281161021 0.630375188500234 -0.508299942518383
 -0.957763480478208 0.226203614493768 0.177541657793948
 -0.471600661554436 0.375916779139558 -0.797671230008178
 -0.396604548456241 -0.182504208488203 -0.899664963210148
 -0.755079897925067 -0.0343449948403302 -0.654732593566937
 -0.5207323193133 0.193852793605607 -0.831419837407007
 -0.978347920263635 -0.0945523634503043 0.184106484084024
 -0.520389392717981 0.0679129485155305 -0.851224242706079
 -0.789857730822739 -0.418575875422586 -0.448239892885238
 -0.903789195937431 -0.426054239403662 -0.0405323869632616
 -0.183188160233472 0.268181307181639 -0.945791142075576
 0.450979161882248 -0.179935275431877 -0.874208837866125
 -0.978775675178207 -0.00674883165609123 -0.204823414068616
 -0.846455544819761 -0.297935009201206 -0.441302323737548
 -0.160073000361738 0.382117611041017 -0.910144365409959
 -0.763195591375144 -0.0588045820045668 -0.643486216201103
 -0.875224734940156 -0.377676629299213 0.30222843517796
 -0.902793257226675 -0.422645754509066 -0.0795920906969629
 -0.943028364431932 0.161766955683519 -0.290738638515286
 -0.6581032623063 0.304461822869138 -0.688624058944361
 -0.538802768495401 0.519755088243084 -0.662982823991025
 0.194766712873877 -0.0670981284144341 -0.978551873290111
 -0.336126826819504 0.254091431049008 -0.906893764980066
 -0.848346397881844 0.512443481477303 -0.133079177530976
 -0.959796765295613 -0.273645135932054 0.0625180686586367
 -0.809030979677099 0.517985067848877 -0.27777750702371
 0.0449787491519398 -0.0561323492063597 -0.997409680872059
 -0.926582785937259 -0.372693341786791 -0.0504382175789517
 -0.749295510580456 0.321359175504087 -0.57903757921512
 -0.96310793263529 0.177909281355524 0.201919285117938
 0.329839669828601 -0.443884833313276 -0.833169878813321
 -0.137978014677193 -0.591457179344867 -0.794443498599588
 -0.981808435201433 0.163177715712289 -0.0970836220082092
 -0.379883199777421 0.432913761325291 -0.817480537861334
 -0.814713509042032 -0.00780185933995802 -0.579811201319239
 -0.48486613068307 -0.130180412392963 -0.864845590579975
 -0.522247420972512 -0.373374378271769 -0.766713248181959
 -0.63941609170458 0.0944253041182622 -0.763040577958613
 -0.255326041179194 0.398740940523072 -0.880803198817157
 -0.516753308131575 -0.576341156062685 -0.633085215720128
 -0.994843567047889 0.0258716885436019 -0.0980659616550801
 -0.455236203807944 0.631632139048111 -0.627535528606978
 -0.991224591152231 0.0872466631704978 -0.0993067452930884
 -0.149879349669217 0.268846240823951 -0.951450408238686
 -0.126666089275904 0.243467170121779 -0.961602536862524
 -0.0904018222881328 0.614516168294492 -0.783707464192884
 0.331064481888226 0.407919962738794 -0.850880492684644
 -0.655099971399489 -0.407712074936716 0.63609346123285
 -0.988297376602602 -0.147455339864859 0.0390540413498225
 0.462246459781347 -0.571142915706218 -0.678324391613784
 -0.395275141366726 0.270107550581601 -0.877951862994961
 -0.93165389294172 -0.207620571702671 -0.298185717250835
 0.13120769981914 -0.283181640064805 -0.950048787293778
 0.731691856570597 0.11938780168441 -0.671098785453556
 -0.467052277334521 -0.636154656905099 0.614141207487817
 -0.646565152596246 -0.41646561221984 -0.639147789862835
 -0.122563925472125 0.162723281347483 -0.979029732888829
 -0.985149443919701 0.167291949542818 0.0386519955871271
 -0.530384612131017 0.0402050920846366 -0.846803232035103
 0.142482056068281 0.360313844126011 -0.921885457868651
 -0.99882804660718 -0.0127228445069251 0.0466975645889234
 0.409391257672138 0.379351294464182 -0.829753815013812
 -0.21275454714463 0.570559612756465 -0.793219535160649
 0.255038114447697 -0.234149415044626 -0.938152232643094
 -0.927619428038764 0.372922992121843 -0.0212282517397757
 -0.727261651556495 0.112984113008468 -0.676997105151129
 -0.187019532556816 0.651548961572399 -0.735192250446207
 -0.926304489155488 -0.244214015009404 0.286913764471797
 -0.990102233266044 0.121235464545345 -0.0707073533521573
 -0.792543853464449 0.149493282172501 -0.591207238556003
 -0.974304961255785 0.181225042625478 0.133743509740688
 -0.961381183148533 -0.00184518937068098 0.275214127479154
 -0.904576434703755 0.105570125101526 -0.413033197775544
 -0.489433969162299 0.349416687662391 -0.798975824548579
 -0.799186386046326 0.557244524288964 -0.225343427923201
 -0.658639663104868 0.0584079150317951 -0.750188182822647
 0.0656140190747623 0.95320078918318 -0.295132268654952
 0.687768032255757 -0.036385397366929 -0.725018094026277
 -0.414720488049304 0.520402574422503 -0.746450318056452
 -0.982438229362453 -0.180651138848675 0.0466935918498953
 0.244325425617591 -0.0937636221724454 -0.965149454516701
 -0.758566643183984 -0.634863165606127 -0.146715400708818
 -0.817338792686983 0.563692318131794 0.119198441467112
 -0.963664317205323 -0.0295415805612821 0.265477642680395
 -0.918777542821943 -0.15156789899233 0.364520230990164
 -0.978357770407847 -0.143255720456122 -0.149311324551031
 -0.778641674240122 0.0875035684536466 0.621337483694986
 0.548762128758114 -0.0137721322973393 -0.835865093428867
 0.0744476277022684 0.393005228071766 -0.916517561990911
 -0.301384203916381 0.315783456298044 -0.899693486893259
 0.117080744110534 0.524675037509169 -0.843213024314305
 -0.909554581179276 -0.0770479171259049 0.408379826047213
 -0.571430798464231 0.250121073319346 -0.781604945767432
 -0.932380840054826 0.347647832222098 0.099030065383869
 -0.0779694826904491 0.11044762404162 -0.990818894709091
 -0.163121775337225 -0.204937207585565 -0.965086538792176
 -0.852836004209318 -0.477644286643831 0.211013471988851
 -0.0396430601557853 0.253844027501756 -0.966432427789534
 -0.837261577214039 0.400457277428974 -0.372326496875032
 -0.985745552008722 0.159251561979944 0.0542645989754693
 -0.872046729355429 -0.305400039435408 -0.382446490026186
 -0.792339046357667 0.403701311462336 -0.457410195274015
 -0.365495577327815 -0.527996004433598 -0.766572372484141
 -0.982322680614099 0.187141044746163 -0.00451447919973218
 0.46266570856108 0.392880667791812 -0.794723362559031
 -0.944155718729359 0.238262906434235 0.227597816791282
 -0.959634470376005 -0.241438329873889 -0.144253998675502
 -0.241779770074555 -0.379798488902233 -0.892914133951455
 -0.232073333332634 -0.450171750598343 -0.862257132715702
 -0.662942209345234 0.543962067598616 -0.514405381078288
 -0.903676281785257 -0.113651165204604 -0.4128590442105
 0.488726549507757 0.0763922365703971 -0.869086063631223
 -0.992934656378087 -0.00511549349104802 -0.118552097786898
 0.270557319851276 0.115157916739694 -0.955791499693876
 -0.973086576465934 -0.22933885076552 0.0224990273425143
 -0.667739342411189 0.202161088723775 0.716418219200413
 0.0476604149636379 0.375226807472615 -0.925706934077629
 -0.988508275083486 0.126443422167552 0.0828459478914291
 0.48048386873289 0.421542482181406 -0.769049535208112
 -0.5177570796122 -0.0443623716219551 -0.854376723989787
 -0.649798094684338 0.408015005589767 -0.641315984018944
 -0.334926555258457 -0.120991797937095 -0.934443785047904
 0.194509706833658 0.48809558285015 -0.850839982575841
 0.198009220221287 0.310421720540382 -0.929747656154135
 0.24836475935788 0.395211517232417 -0.88437707057338
 0.0453004383045036 -0.0522685540972516 -0.997605066417569
 -0.66505588008796 -0.0103335639717981 -0.746722099456062
 -0.48832949027026 -0.043276744577296 -0.871585585190106
 0.216575694214646 0.380263723096645 -0.899163205192541
 0.121959804001615 0.0941640878815582 -0.988058161628819
 0.0116630295997963 0.247341222930924 -0.968858242045548
 -0.443031404213931 0.283688736418812 -0.850437461374633
 -0.342396419042053 0.122721981960847 -0.931506310966695
 -0.0330552177869122 -0.408094595292407 -0.912341029369055
 0.634291005281608 0.707278197571508 -0.312141749624825
 -0.256854152855094 -0.50950303111724 -0.821238458331949
 -0.135553067924581 -0.514677095534985 -0.846600763706191
 -0.274273696700249 -0.268190669475949 -0.92349753876468
 0.650080403403727 0.391895563615856 -0.651009474837854
 0.67726756277203 0.0156310847446448 -0.735570742761388
 -0.374992922439904 -0.49034653281736 -0.786727771134319
 -0.187383672437553 0.175869840127372 -0.966414589416669
 0.441300163141315 -0.452419496525134 -0.77496500900066
 -0.687034510755484 -0.678366403912273 -0.260389329800789
 -0.306955279194331 -0.659593922673337 -0.686086229090141
 -0.146204282567728 -0.227123586352865 -0.96282874088857
 0.134230450767758 -0.28356011399954 -0.949513479543736
 -0.705564009550218 -0.42341157014939 -0.568244727816325
 -0.224709312253084 0.518133376296803 -0.825253615171738
 0.248631261644653 -0.24514114286776 -0.93706366689061
 -0.198352329595257 0.333387488191152 -0.921688198938084
 -0.385176959805981 0.340192599185271 -0.857850630992477
 -0.173322852901427 0.529605779708278 -0.830347461465197
 0.477632482936584 0.329097890142027 -0.814593021052784
 -0.56722550835436 -0.18105879385501 -0.803413303250517
 0.497937699713348 -0.70937774163027 -0.498839921100664
 0.115218993711695 0.239535958150499 -0.964026508059289
 0.121613689483263 -0.0988625234318937 -0.987641793359793
 -0.15547085385311 0.13787817504824 -0.97817095767946
 -0.420976535585496 -0.167509210101405 -0.891470370241007
 -0.383779801350479 -0.0261896555252698 -0.923053176159887
 -0.236440356192937 0.760498793420652 -0.604762385709536
 -0.047823113395922 -0.135801424622871 -0.98958118560102
 0.0520512825097579 0.46051985116216 -0.88612196151245
 0.0500350161543179 0.0108821266554517 -0.998688177800204
 0.158909718561732 0.20075437174333 -0.966667152422473
 -0.0740363129144624 0.112263423143939 -0.990916519286078
 -0.630759641674166 0.254473959647776 -0.733065671202969
 -0.325074933150423 0.249592357550534 -0.912156753463797
 -0.709393899237474 0.496700076020376 -0.500049327772777
 0.671795738508058 -0.180804408455576 -0.718331574974567
 -0.372315003678356 0.127903232190569 -0.919250945733096
 -0.148163857176673 -0.518634604897262 -0.842060341085835
 -0.393771671516251 0.103840466254469 -0.91332416385386
 0.108582597300394 -0.315401186173905 -0.942725787980574
 -0.439365935653293 0.0303116613295915 -0.89779662383802
 -0.451521687522407 0.842399079015469 -0.294095150199399
 -0.073682411922955 -0.00251492886376733 -0.997278585604858
 0.272248224444967 0.0770602109703485 -0.959136397063404
 -0.128621702614306 0.310801729198359 -0.941731778556881
 0.258631486784762 0.219329578448749 -0.94074666625027
 0.184150236333035 0.59347512510906 -0.783502371620707
 -0.369642300305041 0.340160506917185 -0.864670688388962
 -0.0222111403410456 0.0581343895744597 -0.998061650397186
 -0.835035092286917 -0.226803099631086 -0.501275122709187
 0.0108802021791213 0.140122911490431 -0.990074336035424
 0.0322737358739949 0.263480579987057 -0.964124675517861
 -0.740052761871003 -0.168687708164918 -0.651050202949948
 -0.546294391142809 0.429077670319672 -0.719343305410532
 -0.187871120696477 0.302201104585156 -0.934547448980394
 -0.613221333397102 0.200552045709662 -0.764027796109768
 -0.221672539202375 -0.491368721276443 -0.842269591707266
 -0.198174039946555 -0.244087541775188 -0.949288323872894
 0.391467872329477 0.0789204707156435 -0.916801213042311
 -0.370650831125354 0.128124767392523 -0.919892387927358
 -0.354317225665338 -0.661725596052166 -0.660740901659814
 0.222035491442519 -0.13567418664094 -0.965553082755784
 -0.441862933923323 0.12267565430678 -0.888655068890667
 0.698876101507508 -0.339804382072024 -0.629368871701101
 -0.183618881413076 0.19233261402011 -0.963998066373995
 -0.362099428246864 0.523534004868062 -0.771230283255333
 -0.135802634523915 0.0775752741875271 -0.987694143594612
 -0.191289630600639 0.0725853694801967 -0.978846076440057
 -0.663801275149921 -0.119827552273149 -0.738247400825471
 0.837113648170644 0.094491703181508 -0.538806141461187
 -0.328390936888516 -0.325331592637846 -0.886746157252009
 -0.535276285452385 0.671587424093151 -0.512298379884441
 -0.0313660105317605 -0.544346201969233 -0.838274051718763
 0.822244732990177 0.360822149803021 -0.440137450441835
 -0.14577973094824 0.944757948934711 -0.293565474757057
 0.492479279400538 0.0186196526726125 -0.87012497257318
 0.130769378069346 0.130031687429454 -0.982848477652382
 -0.117461867124121 -0.378759801170681 -0.918010742196878
 0.948811098063843 0.0266329941827953 -0.314719214239843
 0.533433659214359 -0.347105507661683 -0.771340584805509
 0.027292371350644 -0.718587409967299 -0.694900899914906
 -0.794846502380223 0.450258082761207 -0.406800561162504
 0.492541217797592 0.214164775101839 -0.843526287602256
 -0.027453906381431 0.218055854115141 -0.975550064071812
 -0.499045677118624 -0.468819775322151 -0.728808226089759
 -0.467724822712121 -0.491172879340449 -0.734835146695725
 -0.065140379903753 -0.296562624963076 -0.952789242372627
 -0.631488480855324 0.0367122804603232 -0.774515659628931
 0.731091878489363 0.441992770900199 -0.519756727401251
 -0.299828556191489 0.545124145953903 -0.782906445490235
 -0.0790993764795422 0.510993102488337 -0.855937695074759
 -0.278906278196131 -0.27039885749211 -0.921463914567328
 0.156894847312305 -0.205461430261191 -0.966007043225811
 0.0215383895130578 -0.417210897974848 -0.908554436667504
 -0.189091486928816 0.344091830470098 -0.919698440672152
 -0.802905086353694 -0.576653878803708 -0.151042134412902
 0.0626002429343654 -0.306997070153616 -0.94964941346881
 -0.751607464519522 -0.169119457513141 -0.637561627114585
 0.216178375294128 0.346174265648371 -0.912924031810973
 0.0468569827940761 -0.714336945999085 -0.698231444969457
 0.0718603388110429 0.0649493964281528 -0.995297778360618
 -0.544359140672691 -0.42271924006523 -0.724556119320488
 -0.247700289574803 -0.968060880472406 -0.0387646519853899
 -0.0291893643027694 0.51991359378206 -0.853719998601546
 -0.197398591761789 -0.248325988011283 -0.948350146121506
 0.0642290468147585 0.28908705726474 -0.955145697193512
 -0.880617033896494 0.472294958005616 -0.0380934673377709
 -0.0551745284047943 0.114402077573493 -0.991901172527877
 -0.116053721425018 0.465467129517922 -0.877423435452775
 -0.263315169952811 -0.279515963136294 -0.923328732155949
 -0.24704064200901 0.489593530852778 -0.836223113614355
 -0.401498393428846 -0.452460723764942 -0.79629035754815
 0.219932176731993 0.852683198399986 -0.473878888329389
 -0.206110121233717 0.219803422610248 -0.953522455600204
 -0.569681351620216 0.482843625856719 -0.66507532700116
 -0.164844696826743 0.0668983266468784 -0.984048189785412
 -0.205896894199808 -0.0639758785667268 -0.976480187162284
 0.0832560097799207 0.636359645389137 -0.766886457407964
 -0.522590257715619 0.162151188565643 -0.837022350112273
 0.056989894182623 0.0845128279907131 -0.994791301663854
 -0.087784100168717 0.430494690601452 -0.898314128310097
 -0.424196617776166 -0.160392278043964 -0.89125279613089
 -0.565313133966666 0.259465955105376 -0.783006052790169
 -0.336164706416745 -0.120066261521405 -0.934118505867439
 -0.226484025310495 0.129732364722442 -0.965336469746522
 -0.208593196931219 0.509010601039229 -0.835103039285391
 0.39412441378728 0.33484973039017 -0.855886443702939
 -0.365372075940781 0.730942958438954 -0.576390178291784
 0.128279265370369 -0.0772653528094086 -0.988723669854867
 -0.490880635553323 -0.444058698688809 -0.749565256503773
 -0.468282550810231 -0.277663714015685 -0.838817211629375
 -0.742954883531637 -0.479177826014728 -0.467339974849457
 -0.354613816649703 -0.229620543513733 -0.906379306382041
 0.0217668528147366 -0.0460641040502437 -0.998701307917733
 0.219103191850201 0.0732695393896221 -0.972946743618934
 -0.285734232153257 0.470942173070365 -0.83460734372491
 -0.565154282930105 0.176887029821595 -0.805798743587165
 0.0382313535878067 0.421127160646819 -0.906195496660843
 -0.420796202757536 -0.869083368802691 -0.260047406861528
 -0.296465295034867 0.433627694814785 -0.850926172549361
 0.3965083378309 0.132698439681873 -0.908389928464959
 -0.212765363793558 0.183155086032755 -0.95978388944081
 -0.081095751313015 0.84621071429453 -0.526641154992771
 0.450453243880561 0.411848097628091 -0.792131945800447
 0.230851218442571 -0.677813642756507 -0.698051846668093
 0.59578616050538 0.0707659510252577 -0.800019394218508
 -0.600850796613824 -0.00273993476236513 -0.799356499295546
 0.139764592416595 -0.0162325895770663 -0.990051696499857
 -0.309075025932012 -0.0183073854518643 -0.950861434691219
 -0.329068797235002 -0.300998203022073 -0.895049612291851
 -0.234822292398987 -0.0363085639211073 -0.971359963751066
 -0.71146652908765 0.58916859422422 -0.38300880612308
 -0.396077436748653 0.104905186082827 -0.912204782947088
 -0.126729654009022 0.38485538466931 -0.914235159948353
 -0.0394018107724728 -0.404686446858499 -0.913606248356968
 -0.0208323956417459 -0.0416707295938068 -0.99891419130321
 0.276676060100674 0.25583734928196 -0.926281603228494
 0.232434231005137 0.253366983504584 -0.939031149604122
 0.194648158843462 -0.0790295331954524 -0.977684216473683
 0.202459577051384 -0.0246418756974981 -0.978980539960976
 -0.516680474002629 0.205792597798342 -0.831078031520404
 0.226744509726904 -0.0200016678048485 -0.973748869367113
 0.401817875823888 0.659445306873068 -0.635353666796268
 -0.170188276508836 -0.00510869049695986 -0.985398321401228
 -0.393559839895984 0.027638378738682 -0.918883437897182
