 0.133911625361798 0.0612108682632565 -0.989101059649326
 0.189801372402293 -0.935185301772402 -0.299004833377436
 -0.0551067905390768 0.169317309252114 -0.984019761195936
 -0.895774550719248 0.259352491367369 0.36100448682152
 -0.950775595442562 0.20114462298438 -0.235725704485771
 0.625153741580557 -0.260513299955126 -0.735741544249284
 -0.112716163315446 -0.985242784037462 -0.128808862387482
 -0.379080999469493 -0.925243195343008 0.0149206337891775
 -0.551026804751501 -0.806703355685532 0.213539589704237
 0.533862226704462 0.810997045800101 -0.239321780458157
 -0.311038836174817 -0.950390300963712 0.00362190904359063
 -0.126503978408026 -0.967481628540647 -0.219034339507025
 -0.727009843297277 0.0829297206241231 -0.681600578921463
 -0.140647614025954 -0.976659655819456 -0.16233966047589
 -0.272724846803928 0.579959513810491 -0.767638013829743
 0.461355757445262 -0.156746840690707 -0.873259006827637
 -0.988582544857091 -0.113295892092279 -0.0993407914146699
 0.725386468181013 -0.589220774000681 -0.355855801225601
 -0.996444645368951 -0.0411524496903544 -0.0735156078668165
 -0.434617418732779 0.858324847634792 -0.272738254131625
 -0.79791699908507 -0.124877821424633 -0.589689742396214
 -0.941689360401015 -0.324922253998726 -0.0874452821135309
 -0.791843664390781 0.212327504693846 -0.572626092589802
 0.0687335455026763 0.0957525316194318 -0.993029280742064
 -0.898775750139419 -0.220965441445857 -0.3786507951239
 -0.740347891460712 0.100114316823916 -0.66472710428909
 -0.155270638416348 -0.984565882108912 0.0807530348214799
 0.398563758055066 -0.896028129015464 -0.195654089602212
 0.0563330630178844 -0.990450348169996 0.12583597983469
 0.154893352993343 -0.903142974788545 0.400425793735341
 -0.157460262294213 -0.137235970225617 -0.977943021997944
 0.100794305354401 0.171991886044319 -0.979928211219088
 -0.944974813318651 0.292501504693678 -0.146510995987721
 -0.390356763901077 -0.229540671833328 -0.891589971259762
 -0.893946677645937 0.255926164166542 0.367914577070265
 -0.942018142841732 -0.0748481447414108 -0.327107893187833
 -0.248641737352387 -0.113871532538432 -0.961878662058648
 0.356049460307743 0.718824414736786 -0.59709316073196
 -0.0749693513017622 -0.991745261760174 0.104023709516803
 0.227692126823195 0.0452367333688079 -0.972681825334909
 0.588248150563303 0.196945573083174 -0.784331916092794
 0.0495173747543359 -0.183045541112042 -0.981856588039434
 -0.604335297151389 0.531652425006681 0.593400832154336
 -0.972530693288475 0.213986595776978 -0.0916176153347116
 -0.0808105663306493 0.661892575393633 -0.745230079242715
 -0.498068409108075 0.332078473563289 -0.801031676804624
 -0.799546434269638 0.0370370715920963 0.599461220409285
 -0.77046947184305 -0.636814999158888 0.0290422072879475
 -0.140242370953794 0.223746667363819 -0.96450479844988
 -0.762051251011527 -0.498711072825466 0.412995347035581
 -0.0985229769998125 -0.00600101084090815 -0.995116682038836
 -0.408749655284679 0.341134933909124 -0.846493163688564
 -0.749900690354469 -0.390283045601233 -0.534161117006953
 -0.964293245614259 -0.176485995019253 -0.197461971085023
 -0.486357424248454 0.748923636456466 -0.45007759623784
 0.376137019396831 0.850952630369902 -0.366606824139722
 -0.992619643798008 -0.104356864961145 -0.061772870111371
 -0.228674443440291 0.887702459094831 -0.399615243746109
 0.00952064460786416 0.85712099041798 -0.515027149877706
 0.0507637166302975 -0.998677522891294 0.00813943152733624
 -0.0475081058905012 -0.973995288719881 -0.221531391514098
 -0.581678218598827 0.0301284109030276 -0.812860829948247
 -0.54170268534359 -0.107522806207738 -0.83366482883516
 0.126172264616025 -0.982042321927298 -0.140262031873581
 -0.992394341427265 -0.014502152497276 -0.122242213151151
 -0.566483105219849 0.369600970251224 -0.736540572059565
 -0.763573646704963 0.61829638104916 -0.186185045691636
 0.0392227660012232 0.119644313226609 -0.992041739514899
 -0.982323817358504 0.0766105524933056 0.170794441059673
 -0.154665518657399 -0.350281553750192 -0.923786452834631
 -0.487365624434909 0.539036179613256 -0.686960512101763
 -0.963299498858883 0.240509557294355 0.119202467878393
 -0.027323877173484 0.0570110268395437 -0.997999573424212
 0.529174684703243 -0.258922164497595 -0.808042985119668
 0.0533540500873346 -0.331691339160284 -0.941878018039139
 -0.991486014438247 -0.112862353399568 -0.0649428391623825
 0.345521184314896 -0.89192342477927 -0.291697986828243
 -0.41488577377309 -0.16423226704228 -0.894928800063367
 -0.227652101083522 0.402200056498187 -0.886797403821816
 0.625633815219147 0.208497718734958 -0.751738671704904
 -0.241271184879184 -0.960577225351114 -0.138128959612925
 -0.907727804399029 -0.310930758972947 0.281695396209143
 0.381734567153151 -0.921676043933891 -0.0692242029839906
 -0.135734084399802 0.178845760305415 -0.974469318323017
 -0.0345713772144612 0.186665754712152 -0.981815011035805
 -0.58534893873141 0.465182154424965 -0.664057364337268
 0.240033406481933 0.633092059794621 -0.735920109521192
 -0.355913195973783 0.0656990165714825 -0.932206756118656
 -0.0582448502887493 -0.950343368455437 0.305704137112364
 -0.834149032875107 -0.350561620204591 0.42579565685086
 0.167610165113339 -0.825543492534266 0.538873616430612
 -0.175794869891654 0.135649820185247 -0.975036045489338
 0.0866563329560368 -0.731007165477745 -0.676845036901952
 -0.956856237766357 0.290561675178397 -0.000230575662987165
 -0.376651280459263 -0.801745890134308 -0.464044545901731
 -0.35302019657478 0.499637485227934 -0.791036740085699
 0.479020754047444 -0.86087985952769 0.171537123245679
 0.0403485095347699 0.457655793420563 -0.888213472385393
 -0.387824514087239 0.363686781155004 -0.846949863620102
 -0.135730923337756 -0.108223274292994 -0.984817160365915
 -0.0276967901655993 0.395705430156499 -0.91795974876853
 0.148187897063304 -0.534944990587853 -0.831789759620132
 -0.0510069627208036 -0.329872688073535 -0.942646433938589
 -0.867722913045456 -0.354603185390692 -0.34830091456481
 -0.951665631050597 -0.169761450417339 -0.255956200607195
 -0.546463942410464 -0.768765068595636 -0.332230987345191
 -0.490387669079118 -0.84195502853589 0.22501480826443
 0.271070639754733 -0.0698551185585752 -0.960021338655619
 -0.9681135554476 -0.170365919010224 0.183661638341839
 0.696339562790699 -0.572937269563112 -0.432266235597952
 0.409730949640738 -0.382515350182806 -0.828131967612061
 -0.127978078294024 -0.974738043058475 0.183050154030808
 -0.305976305159546 0.403310131028908 -0.86239169690481
 -0.0326185296593903 -0.988288015272472 0.14907323834833
 0.185428611077611 -0.975513051584168 0.118281513275625
 -0.326598811104933 -0.0556706979343222 -0.943522119495007
 -0.579961097559995 0.025781672738673 -0.814236102532799
 -0.861494191108905 0.0602253322516237 0.504183169136768
 -0.0226203323735251 -0.961212813257126 0.274878606285816
 -0.412787730158627 -0.846293788959456 -0.336738938347105
 -0.970341378544022 -0.241737652287168 -0.000718715503557705
 -0.328413442609662 -0.382048879720403 -0.863818999685499
 -0.834752889249758 0.00760014111301236 -0.550572294748149
 0.463677429426745 0.428666670595157 -0.775401913178623
 0.425945532156514 -0.822859454428377 -0.376128597548416
 -0.120441706138734 0.764042413065346 -0.633824097411635
 -0.897304079977502 0.231792106781296 -0.3756565017268
 -0.27421252003675 -0.931260363782382 0.239920046480076
 0.639707155767774 -0.490461615539948 -0.591795706761589
 -0.825408916552009 0.56197250464477 0.0537310385133537
 -0.908541323272112 0.187457016660801 -0.373379874674026
 -0.183776658976358 0.156688118673885 -0.970399388438557
 0.328948896543762 -0.943102490435081 -0.0484800577329467
 0.231082209623792 -0.970467557792472 -0.0692367797323121
 0.0144147801971219 -0.389896561492614 -0.920745831078319
 -0.936803456567628 -0.334723578765644 -0.101781184809687
 0.50360034591097 -0.620144930917058 -0.601503912087218
 0.0767153422208512 -0.996216197047171 0.0408417067323336
 0.669648342889723 -0.724986428267431 -0.161138994948711
 -0.94660137898163 0.100320293203152 0.30640115548364
 -0.463283112263398 0.603461001214154 -0.649001986056399
 0.645042490743865 0.0544953640389234 -0.762201049876747
 -0.756093491693923 -0.37140783670153 -0.538868119909483
 -0.782433109489811 -0.183933284339777 -0.594951238410416
 0.188800979059711 0.474358889843349 -0.859847564358172
 -0.575526039917758 0.675674063543628 0.460688981017589
 -0.0979317381932766 -0.926744799416815 -0.362702979596709
 -0.467609436274654 -0.362306923899732 -0.806272353489324
 -0.815927989810447 -0.507357991532885 0.277217214241109
 -0.992423172847195 -0.0109550529526123 0.122377419529554
 -0.662278483625976 0.626198671855987 -0.411415159530948
 -0.585416134534663 0.144005257684362 -0.797841108984586
 0.501226488865039 -0.229902108463741 -0.83421641519689
 -0.885077048884425 -0.450093022863011 -0.11855331420114
 -0.916057508201985 0.224192040448457 0.332530555988962
 0.591026388925599 -0.793368490521185 0.145788359760658
 -0.350867796753836 -0.339638845487066 -0.87266101313014
 0.176853669743358 0.02961591289389 -0.983791480549496
 0.197648837911653 -0.76296710195507 -0.615480412528664
 0.111090567068877 -0.943447253263124 0.312355832694994
 -0.841446558865719 -0.331115103154815 -0.427001729546635
 0.379107177096454 -0.33959043138527 -0.86078806171178
 0.124888859190603 0.323272652655682 -0.938028552281341
 0.534200278729328 -0.0362754197663591 -0.844579277585167
 -0.271138336936786 0.221572385993612 -0.936690813453539
 -0.842989427988706 0.267396652158816 -0.466763167691637
 -0.994864197392805 -0.0806108710443319 -0.0612136930387716
 -0.6515325660457 0.630833851513884 -0.421371531034149
 -0.796150159876784 0.2208569699831 -0.56335346074916
 -0.0900722021553399 0.315960526429934 -0.944487132859419
 -0.399867718882309 -0.292759294429968 -0.868560765243702
 -0.623098156472536 0.622554528080129 -0.473470745630028
 -0.285496596823238 0.281519555119425 -0.916099576076591
 -0.986022247366449 0.0496856811945186 -0.159032892140758
 -0.91415131087653 0.348286517213076 0.207421991963987
 -0.460043181242972 0.344623163364553 -0.818287936281878
 -0.0760127125191436 0.190125594344893 -0.978812712376828
 -0.313750396641886 -0.673437244169704 -0.669360117404804
 0.0523296923370336 -0.957172617020815 -0.284749336303768
 -0.722571602623508 0.138736993430942 -0.677231367950303
 -0.119932270236768 -0.919783857039616 -0.373649443844336
 0.379190047055898 -0.884689298907266 -0.271182139184564
 0.00812515099479972 -0.642728101219137 -0.766051284069516
 -0.576936833839636 0.347312790662407 -0.739268364804952
 -0.135484633896863 -0.33751576147984 -0.931518665798231
 -0.722980040762389 0.165450991559014 -0.670765107956097
 0.248658560986906 -0.954254787807723 0.166032285998714
 -0.193730980791949 -0.0108649558080534 -0.980994525885175
 -0.192191657835807 -0.923148396333649 -0.332955560105154
 0.522230097437304 -0.797026935131094 -0.303354231890969
 0.112168765835394 -0.991119645465908 0.071414398705703
 -0.270448831074099 0.679305831100754 -0.682203061854142
 -0.691856364210487 0.518180710864249 -0.502815594616622
 -0.627624473565058 0.253849595916739 -0.735967324570251
 -0.827565754362426 0.428837344449068 -0.362261582578695
 -0.975260850507623 0.203194692300459 0.0870528028731371
 -0.438899118179936 0.477943882162724 -0.76087923454652
 -0.0963156899598376 -0.921998795441125 -0.375022011450896
 0.112657234028797 -0.993209983292804 0.0290220038675661
 -0.554997774504307 -0.762592876098763 -0.332309457612453
 -0.370370726420473 -0.149505189319596 -0.916773539854463
 0.0597442132570695 -0.83587021272791 -0.545666213409345
 -0.311502075410851 0.493553818933755 -0.812016677680107
 -0.6792543593206 0.460531490578118 -0.571423014525893
 -0.923375449643621 0.337082412028447 -0.183720511910147
 -0.431492123788749 -0.213355988366902 -0.87652368441261
 -0.247485561875379 -0.3004140707329 -0.921141836401385
 -0.196462006746642 0.327008026731273 -0.924374615812443
 -0.675342125330624 -0.00671405052790563 -0.737474023460775
 -0.999928916374865 -0.0118299802586905 -0.0014878724631924
 -0.911461794237673 0.0613304583368766 -0.406787379997499
 0.0366384884369068 -0.494357318028528 -0.868486305750816
 -0.360803861678214 0.532554863664299 -0.765640836545171
 -0.89923618522511 -0.355740666576628 0.254603341151306
 0.382074732117312 0.884832427455762 -0.266627970026081
 0.242679137792195 0.0487311614185793 -0.968881886499708
 -0.601071626941591 0.65479885720848 -0.458204491340118
 0.262006920083396 -0.964074194996967 -0.0437415176847167
 0.176318925410933 -0.966556262994498 -0.186227353007136
 0.0245411935851085 0.225818518093258 -0.973860219283847
 -0.711287036414304 0.459953405885465 -0.531520099566626
 -0.968611096034631 0.0427976711156182 0.244869156868867
 -0.89202137610018 -0.44682361985148 -0.068165367476176
 -0.800455066824338 -0.521666006043774 -0.295188523038383
 0.198987885133849 0.211306803207898 -0.956949975959045
 0.117227927145026 0.592122531830562 -0.797275686570113
 -0.0892978867340446 0.220395392622064 -0.971314448742425
 -0.385467041015178 0.0344071338148493 -0.92207988234949
 0.338861460722753 0.587123225078601 -0.735159322194954
 -0.98200356926921 0.162811277698921 0.0957156089495211
 -0.875333932873911 -0.466309398331502 -0.127851675730915
 -0.290736412362177 0.0430049249473123 -0.955836238566548
 -0.809899687576285 -0.167758162622288 -0.562067340215948
 -0.167504290110086 -0.985052481745082 -0.0401736356653351
 -0.627017050584951 -0.0926285624257005 -0.7734788734663
 -0.653782788138867 -0.653285089034131 -0.381820191162067
 -0.650273003514323 0.501364467758438 -0.570770261462315
 -0.254731830481433 -0.54087571127936 -0.801601621435252
 -0.247163201581279 0.52693457232015 -0.813172987917007
 -0.901397799896637 0.37584450694885 -0.214995146312372
 0.530595797880517 -0.0592067132282579 -0.845554648961404
 0.225477256373561 0.549868523834328 -0.804241638659991
 -0.268616917615408 -0.0693020130778082 -0.960750843119152
 -0.303757438581427 0.287220388834856 -0.908424937319537
 -0.174683952283551 -0.968051223296944 -0.179895374837402
 -0.29593011165122 0.398583107548693 -0.868076537751668
 0.357083528069716 0.137628995421273 -0.923877488415328
 -0.919494920140958 0.391022580614499 -0.0403786241042369
 -0.502591517920574 -0.248435875237044 -0.828058803473218
 -0.130937945790962 0.264887876023472 -0.955347930069363
 0.517298290479382 0.537250292683127 -0.666156589458517
 0.0630382714498304 0.0612982737038372 -0.996126848334863
 0.13684315765064 -0.213064442454784 -0.967407615002918
 0.219986880568936 -0.967409524847096 0.125397701783826
 0.188953492629716 -0.980735771786353 -0.0495370927857031
 -0.958250686278063 0.132369757960348 0.253444016353
 -0.870373628052425 -0.375557204129 -0.318443926017859
 -0.779686360626661 0.401818806484898 -0.480240383357964
 -0.735072363409319 -0.588454982235567 -0.336733358065366
 -0.876064563116196 -0.440334865636237 -0.196509764024959
 -0.349614860946831 0.592575866001486 -0.725688150680247
 -0.365435109289121 -0.154005335444722 -0.918008462680713
 -0.983937393460422 -0.0637276962115985 -0.16675127131711
 -0.754890221461623 0.0871813503404179 -0.650030895953757
 0.616065799746294 -0.764876459503785 -0.188220434809599
 0.432383624163685 0.22369738423344 -0.873500934082039
 -0.974967093322918 0.149910116700366 0.164213653050965
 0.716316180176156 -0.693067587470016 0.0809224889405499
 -0.917536706151396 0.228881056837929 -0.325176651507454
 -0.138626227916859 -0.901475124905528 0.410030935552558
 -0.887670954291401 -0.431363429203981 -0.161139284014716
 0.438112775298508 -0.701843772196018 0.561669400581786
 -0.10076293677131 0.17716408521586 -0.979009559444058
 -0.695618498289483 -0.583763232049708 -0.41873069357806
 0.413810182505784 -0.246735119173195 -0.87628928660638
 0.141641866367523 -0.10060103606598 -0.984792878342637
 0.112515835527675 0.327211236298494 -0.938228646757026
 -0.450774385563729 -0.72089877538427 -0.526409924839096
 -0.852740163981967 -0.370334737465589 0.368356342361988
 -0.128874958268018 0.505417863428014 -0.853196359848821
 0.3402282610261 0.505715370352701 -0.792777834319418
 -0.0196834796788092 -0.878273333161575 0.477753611064313
 -0.430848031208156 0.291489099246303 -0.854051566958714
 0.294375153783122 0.329907902245882 -0.896941494675592
 0.21921708546294 0.451005408782306 -0.865180900557935
 -0.798819646843905 0.103732614179507 -0.592559462477534
 -0.162093107406686 -0.685835493821548 -0.70947551046234
 -0.0500259236651147 0.17175671192228 -0.98386840526114
 -0.00930535629728024 -0.104892624506284 -0.994440017129422
 -0.321297570360924 0.11608584000274 -0.939836128817692
 0.78418086347106 -0.620507018277543 0.00560478671270192
 -0.228418265392962 -0.10395449294737 -0.967997189784622
 0.310945426974623 -0.2307780945314 -0.921983954593585
 0.395804001003918 0.393925214627487 -0.829555373721356
 -0.945674164598871 0.319395456283913 -0.0607199877751902
 -0.942756865341074 0.07497941281738 -0.324942426447874
 -0.3550232371456 -0.886650068800935 0.296327785706905
 -0.857958140362432 0.437508687974168 -0.269247056312526
 -0.0746629023820117 -0.90613140298565 -0.416354814468564
 -0.107678578928732 -0.769790008583432 -0.629149160632841
 0.202038466501609 0.416188959820726 -0.886547916232969
 -0.851591880104299 0.0981499666216319 -0.514934805380834
 -0.396085286229661 -0.00661770322861827 -0.918189877986218
 -0.748245803569363 -0.652937371278164 -0.117477685664974
 -0.906062749291299 -0.401683949205929 -0.133042471778831
 -0.465612824745717 0.673730542408575 -0.573839571359594
 0.438806466857727 -0.887294190037311 0.141978537004262
 -0.00646543242979463 0.281815369073515 -0.959446869783551
 0.0966420844860934 -0.95014832995525 -0.296443010694184
 -0.683922778727834 0.580995503075881 -0.441241269763836
 -0.444018034333507 -0.292874788200467 -0.846801242100612
 0.148109549362863 -0.834743248921669 0.530346367732661
 -0.0421377201338334 0.553572835309688 -0.831734049170236
 0.408249170443797 -0.911763717093664 0.044939281519579
 -0.0799045456947541 0.395593014982974 -0.914943402661605
 -0.365407263017343 -0.786463663905202 0.497948227721497
 -0.992704741698234 -0.101063528867211 0.0657530147046422
 -0.973342932346866 -0.14876115708577 0.174567047843824
 0.0616618810915714 -0.970164049056521 0.2344771424649
 -0.860424429904266 0.508536805382466 0.0325594532404013
 -0.644789358801615 -0.333046722250931 -0.687987328062162
 -0.933027285506253 0.0903512710633113 -0.34827680416312
 0.294244080903371 -0.0955101161045608 -0.950945970376353
 -0.498514464242084 0.514202947527993 -0.697910207472961
 -0.45533642209416 0.0538155350468574 -0.888691527416634
 0.0116880175077624 0.526367899583789 -0.850176584324979
 -0.489576775317882 -0.0718638134609882 -0.868993770624501
 0.0228845903477563 -0.984191064171862 0.175625296380882
 -0.860589115457063 0.469654683574501 0.197004701855985
 -0.920669246995566 0.250947193649917 0.298987698134637
 -0.386693573670347 0.0399327679246563 -0.921343287883475
 0.228252177777051 0.207362659771599 -0.951263197370991
 0.0500639735547821 -0.888515638769172 -0.456106959182291
 -0.335401343047038 -0.483782014888525 -0.808369285136838
 -0.847166266922191 -0.405979064052355 -0.34276860378438
 -0.0836732168537987 -0.21049661005272 -0.974007171399498
 -0.120166498587918 -0.57113352674579 -0.812013859022145
 -0.48269900560129 -0.184386475455755 -0.856156117574669
 -0.983536767074638 0.0715750893498327 -0.165929004085882
 0.422190283708885 0.818385114247639 -0.389873273153841
 -0.403584160297741 0.649578412692941 -0.644335092417048
 0.259156225926678 -0.885078696410369 -0.386618354096081
 -0.961370724605515 0.0440934979306637 0.271702214403391
 -0.97976363413951 0.0182251514180725 0.199326528775097
 -0.937916045654522 0.118560602158749 -0.325970665734724
 -0.36890571610616 0.87105311879695 -0.324307010189893
 -0.187324368821848 -0.678766034677088 -0.710060737552949
 0.0136501663281842 0.0111095522395606 -0.999845113409197
 -0.138393372654024 -0.0125501366823843 -0.99029781807025
 0.393289597499707 0.138555288382698 -0.908914585953876
 -0.992258814170861 -0.0343244196877519 0.119349402651776
 -0.530148202401403 0.0493008593211713 -0.846470500821355
 0.0950461380706683 -0.94245404244516 -0.320541119853021
 -0.982097872390123 -0.143846542935675 -0.121622124353462
 -0.0343361415957192 -0.187072327592423 -0.981745880373059
 0.807723104561812 -0.589397133646645 0.0139429267425214
 0.103087354658463 0.218248757652511 -0.970433138908939
 0.438103993459106 -0.53741379901123 -0.720590937736176
 -0.756117436218932 -0.639774487138484 0.137749875689232
 0.190781882902862 0.530204011275371 -0.826127096507278
 -0.579312888776372 -0.783558793672514 -0.224571132953571
 -0.391487877198947 -0.414534584000755 -0.821521953859776
 0.0280436681030775 0.40445565541103 -0.914127548805613
 -0.945339598953954 -0.324630440513645 0.0307915530867603
 -0.390241507296986 -0.304675322879193 -0.868840902358445
 -0.818627491791506 0.550035469970403 0.165257409690417
 -0.442960692284669 0.701694886902849 -0.558041316378174
 -0.293466839747857 -0.476929935627794 -0.828501690083052
 0.0892408958312064 -0.968184660569297 -0.233783073702009
 -0.497788917298224 -0.427403679960366 -0.754673630234553
 0.232956186011642 -0.828783286664605 -0.508772718553506
 -0.965372590840632 -0.260359452646036 0.0163925675689195
 -0.876535504080753 -0.0416011721958149 -0.479536080558945
 -0.746764725755702 -0.346077870257151 0.567954709537025
 0.175689495773061 -0.711187131639776 -0.68069528047798
 -0.2791527910773 0.136123711679352 -0.950549343460081
 0.126490458247916 0.521707806196526 -0.84369492645496
 -0.346067594377957 0.759035018785218 -0.55145540198567
 -0.116680275613591 -0.381383786388683 -0.917023511564762
 -0.624751943230377 0.261765449935982 -0.735638402103697
 -0.0426121348591989 -0.889036051788839 -0.455849870661882
 -0.888209769729922 -0.282628963264874 -0.362221305392354
 -0.158590609948661 0.638404886526895 -0.753185381758497
 -0.879882097317281 -0.414221728620272 0.232868749211605
 0.370756070310221 0.08443715951897 -0.924883939973276
 0.416500608032058 -0.904265704960104 -0.0939722211184311
 -0.476089947011845 0.854339742121759 -0.2084273671704
 0.0992635916263606 -0.957839845953643 0.26961003112076
 0.229525304554775 -0.969976406380224 -0.0803984181109537
 -0.999717563662244 -0.0236454141933193 -0.00238480457340733
 -0.415880024952696 0.136206872144794 -0.899161549904063
 -0.975429136985989 0.00473953926770685 -0.220262424136071
 -0.174012928024366 0.652884806721682 -0.737198026335108
 -0.543933639497299 0.426409113682232 -0.722711189613082
 -0.827875276269048 0.391576148817881 0.401610067876049
 -0.443609831828068 -0.139500379901741 -0.885296538518446
 0.125797024660444 -0.851066825378899 -0.509765011869256
 -0.615199916831129 0.400036421919076 -0.679337856643626
 -0.61419899198406 -0.0157229667737873 -0.78899454152839
 -0.903649274655805 0.129066621117173 0.408362333874507
 0.435632954873073 -0.897369793631523 -0.0703660579134127
 0.00727480639577229 0.185167420961446 -0.982680061569579
 0.618203181341962 -0.70276903699506 -0.352051853026956
 -0.095067191144371 0.220141982488661 -0.970824256348121
 0.689880986152733 -0.483343146352041 -0.538928221398214
 -0.49394995496798 -0.0972132089613373 -0.864038791947775
 -0.074652226909457 -0.412837113804896 -0.907740360721447
 -0.447947407998821 -0.75608687377125 -0.47715381060823
 -0.843924369345049 -0.317362814213978 -0.432518789163829
 -0.87811070437776 0.318258527279573 -0.357257751030025
 -0.868407298971832 0.447560620221632 0.213443796628705
 -0.343362419332487 0.0677930714991063 -0.936753088303881
 -0.10083026776056 -0.850241876078165 -0.516644954747858
 -0.991791624325386 0.12740534154293 0.010828336176066
 0.435559003631083 -0.76239395912815 -0.478585212308951
 -0.48974062578335 -0.00781821681032278 -0.871833123334529
 -0.389422605086038 0.232317690241497 -0.891279151247722
 -0.487357764555586 0.0901673260518449 -0.868534548904097
 -0.391744693691934 0.143928581352745 -0.908746751539723
 0.335271065045425 -0.655926962852699 -0.676278886515128
 -0.569796540917644 0.0257021046145839 -0.821383773748099
 -0.97011602541075 -0.211707368731504 -0.118553309806311
 0.179173378300845 -0.625914384405085 -0.759031016430202
 0.0302445812206347 -0.999355284119404 0.0193463539049182
 0.512329710506914 -0.774208055740082 -0.371645199295058
 -0.996986552482763 0.0124720058878476 -0.0765654180271243
 -0.37238133356593 -0.80441677272113 -0.46286693355281
 -0.185245781141986 0.052829972056837 -0.98127111168197
 -0.95774326846867 -0.159865983609763 0.239103950171117
 0.049352437753361 -0.0518394097866557 -0.997435217184942
 -0.120134423112817 0.00993518981362269 -0.992707918970489
 -0.957006822444845 -0.0968321932367826 0.273425434345408
 -0.0318920645976417 0.483154343809699 -0.874954156669662
 -0.992228750392549 0.0962849885914054 -0.0788118510529637
 -0.191983999159291 -0.199304294315938 -0.960947419130741
 0.12463668655923 0.418362963198888 -0.899687794397025
 0.683567415056645 0.479205895928162 -0.550542730748907
 -0.230003543268736 -0.969786835561666 -0.0813133670137793
 -0.960852129444653 -0.243730431607773 -0.131752275312284
 0.397839645028702 -0.404074907836385 -0.823678994329983
 -0.294293390249961 0.212479149328178 -0.931796121238953
 -0.803674268571326 0.402205382216372 -0.438564135050424
 0.320534118617302 -0.913492778008947 0.25057698084167
 0.0054562931703382 -0.539034737820375 -0.842265860811038
 -0.0385393821416551 0.372305632957869 -0.927309674106757
 -0.829731855749817 0.253904602588777 0.497068909044009
 -0.0857183155347383 0.659357298741315 -0.746927254140886
 0.315033757356705 -0.879692387647206 0.356223293513036
 -0.288028080564755 -0.698430281192098 -0.655160260638655
 0.0987943284837791 -0.0685955933184327 -0.992740814732995
 -0.178356679464835 -0.930668734641434 0.319444206789215
 -0.772245139889993 -0.0775686634210521 -0.630571602890073
 -0.983981347171079 -0.14029045211303 -0.109996806614149
 -0.186982238795088 -0.395862834953587 -0.89907188715791
 0.337561813228644 -0.941274928997605 -0.00731643973147289
 -0.965597642643943 0.110702934362464 -0.235299921045461
 0.112219352740407 0.0318169099721156 -0.993173953097014
 -0.449991060547341 0.483247047067772 0.750986242835218
 0.164410896325773 -0.462088801521769 -0.871460266838099
 -0.789943113561801 -0.481170767666657 0.380084950608896
 -0.273327763572295 0.290013848735677 -0.917160782634151
 -0.481129158909591 -0.00868578163078195 -0.876606690394507
 -0.0276820786097685 -0.89663261115484 0.44190911185163
 -0.550439289938874 0.518717453735115 -0.654177950776504
 -0.133077098782087 -0.991046700734175 0.0108130820606209
 -0.773412019389778 0.000723763913010614 -0.633903245321575
 -0.296826573752878 0.441625550377117 -0.846676359873261
 0.426890699263316 -0.861307020103328 -0.275525947967162
 -0.0371104489956962 0.53278884096174 -0.845434128434607
 -0.339788799867011 -0.532638165435461 -0.775138798026832
 0.387443853019629 -0.597676319139652 -0.701904750159864
 -0.956102906261606 0.268572514568639 0.117200840681238
 0.0257693236871193 0.64496230672014 -0.763779788202689
 0.175949642619287 0.0621502421760476 -0.98243527555743
 -0.981431520177211 -0.184898275082732 -0.0510372322337285
 -0.626005088349336 -0.75866532776569 0.18040108039288
 0.389087924193614 -0.88383651748231 -0.259699052003367
 -0.256698755364095 0.66067360297229 -0.705419123167311
 -0.924255457459269 -0.380866374089846 -0.0263183290580939
 0.516825053684513 -0.389675807078662 -0.762262834763439
 -0.348165613508172 0.473792350533115 -0.808889061705488
 -0.779515053059473 -0.623203545467095 -0.0630366795677621
 -0.109031717868673 -0.962710146683769 -0.247590908497712
 -0.826079447801341 0.346576369347407 0.444384480073508
 -0.853873286137292 -0.157855683913555 -0.495965718852913
 0.822623813935553 0.402777733736457 -0.401323009497647
 -0.912700757258167 0.406528576929519 0.0413744346188342
 -0.942814110528275 0.3284645035627 -0.05668000430564
 0.405799829670005 0.149375076617646 -0.901672659408761
 0.0320727856816195 -0.337267158851928 -0.940862476655632
 -0.713473837752487 0.50421796727914 -0.486538101607294
 0.779122417068236 -0.619271584709859 0.0973188758293605
 0.549941330832917 0.688087678361119 -0.473391887899788
 -0.629356705219972 -0.00021356209969267 -0.777116524072092
 -0.974136773771791 -0.1526782810275 0.166573973020922
 -0.402532902523952 0.732700427816471 -0.548741601724529
 0.163707920228769 -0.0310569727513329 -0.986019868612136
 -0.983943217949063 -0.178192080965914 0.0101649462900607
 -0.0967037811575561 -0.306213345029284 -0.9470384184582
 0.00208214481728328 0.562218703213014 -0.826985969911483
 -0.27302971378846 -0.928462127367465 -0.251819088698362
 0.153603845314366 -0.957339556756529 -0.244758721548083
 -0.770391554202723 -0.603604085009977 -0.205326476062835
 -0.549877701406195 -0.123804768538161 -0.826018700020437
 -0.363945819882404 0.790143306300352 -0.493170351601627
 -0.942314096026608 0.080648111934878 -0.324869245190885
 -0.484372105174244 0.127570551999767 -0.865511073292275
 0.0112164900819748 0.24762160029889 -0.968791893760295
 -0.955849178639516 0.0193951225706137 -0.293216945135566
 -0.467159157009515 0.121599464786533 -0.875771598184017
 -0.298581947277178 -0.0491736445053761 -0.953116348325968
 -0.0211272781590024 -0.999409689001886 0.0270908037301653
 -0.825926212691691 -0.444988767859128 -0.346165982829012
 0.00960193738102235 -0.941989351119461 -0.335505387700508
 -0.0430488697680762 0.747852225023624 -0.662467994954402
 0.401493638364597 -0.915752807008035 -0.0141299260317899
 0.0751848544798451 -0.240109717736935 -0.96782982032232
 -0.815189933722475 0.407520523095383 -0.411573073965745
 -0.919958455024152 0.0962058521436089 -0.380027466169089
 0.56747632492141 -0.793894335788399 0.218408800776864
 -0.376413276504344 -0.44998615947647 -0.809830538786283
 -0.861477521520371 0.406948292382948 0.303726138555313
 -0.0734823003575229 -0.493111921016823 -0.866856957568701
 -0.321742273070278 -0.918019279134297 0.231781174510175
 0.15035003999661 -0.958354741120501 -0.242798384765789
 -0.782826228660597 -0.265770395049301 0.562627045951726
 -0.761258138052314 0.0126668863930303 0.648325224897374
 -0.138350420424225 -0.965034365430564 -0.222638349586206
 -0.696310318110126 0.119750861533087 -0.70768048726488
 -0.367110266202272 0.507559052636361 -0.779495901551622
 0.0131722839804904 -0.874277127437967 -0.48524838523539
 -0.984823492635707 -0.11808219771873 -0.127197810259145
 0.179753794103467 -0.439763791799778 -0.879941123557304
 0.018693933313065 -0.92461293964249 -0.380449009333656
 0.154360144938472 0.323079709906543 -0.93369826319924
 -0.978150175467809 0.203214685348073 0.0438865114947385
 -0.374769091625361 0.661141298160553 -0.649954084400491
 -0.605511160826089 -0.621292269534921 -0.497345101444851
 0.0904709127231646 -0.0326772635639455 -0.995362853635301
 0.341324696841452 -0.92722277254485 0.154127808653506
 0.127745506887211 0.71710120632378 -0.685161984759158
 0.0650671674922883 -0.984752458515816 -0.161334618608613
 -0.795343454141634 -0.570629839958225 0.204475856040037
 -0.0741320720542946 -0.969090465710802 -0.235304282071869
 -0.984816213583759 0.173572754716783 0.00308614364149807
 0.207352135427337 0.624306598061687 -0.753157595427655
 -0.945680724953894 -0.127150506471077 0.299200125592932
 -0.441785868017717 0.876949811682828 -0.189167319083623
 -0.00216560815583244 -0.999969895203271 -0.00745109579020544
 0.531043681562696 -0.796981001160425 -0.287774029512157
 0.261757179466545 -0.964870526909457 0.0225398602299418
 0.699691132624124 -0.697368898968887 -0.155270530617027
 -0.0281285705687674 -0.975378765760411 0.21873510651346
 -0.0578751178269352 0.474756042481937 -0.878212486169154
 -0.816453661843712 -0.135164495146404 -0.561367951805063
 -0.505811487736155 0.478722772594388 -0.71762054448969
 -0.982690888169378 -0.0775221207571455 0.168252605038356
 0.881838254095723 -0.470604089380375 0.0298845222795188
 -0.809136298628605 0.1447215429231 -0.56952096120824
 0.181184936373152 -0.209063798224586 -0.960970523535122
 -0.00159883625942808 -0.996494159182771 -0.0836470826582621
 -0.850143493005784 0.353265177059565 0.390460953204029
 -0.14085819596183 0.0714869466440437 -0.98744548461669
 -0.120865157220284 -0.114294458251501 -0.986067132898725
 -0.954585632433407 0.202757521248184 -0.218301758877486
 0.0735363046512219 -0.204969890027635 -0.976001924219569
 -0.246339330847416 0.42856750608269 -0.869279487166073
 0.294579565820074 -0.672394737222521 -0.679049480344926
 -0.921081266512288 -0.0469137960715165 0.386533822864544
 -0.0776542110910607 -0.958042620305945 0.275906073106673
 -0.633483524798929 -0.545756769081075 -0.54849628331513
 -0.983081160768918 0.138010418428458 -0.120434861009753
 0.281236697655658 -0.95303325525297 0.112398995874817
 0.270157987391802 -0.672099415080508 -0.689417898010235
 -0.963794819801856 0.0212552287296852 -0.265796464564066
 -0.998854214615453 0.0164201888914924 -0.0449514776366134
 -0.86102277208789 -0.493872495208005 0.121366158475519
 -0.831417900567461 -0.334315537105161 0.443821356252811
 -0.885228773051974 -0.425441341023827 0.188068297989707
 -0.127854483882936 0.913323379001368 -0.386644069294424
 0.0652248349662458 -0.823671084259741 -0.563304239162115
 -0.575872730267149 -0.810445192525342 0.107467150549464
 -0.686550216008915 0.115907316722216 -0.717784295473485
 0.0375041653211959 -0.977435683474016 -0.207877180698709
 0.156887125293758 -0.0675332670950258 -0.98530487046017
 -0.999749523210174 0.0219182130813159 0.00452579013564153
 -0.48852352165606 -0.461433914589572 -0.740556217484739
 -0.418234822632057 -0.0164924149837637 -0.908189205719786
 0.140414327661154 -0.908771301429579 0.392961242726882
 -0.879178322160221 -0.475708858923812 -0.0273232389175163
 0.133731376430521 -0.102250846032414 -0.98572850392167
 0.411364137209845 -0.801422492571488 -0.434167634696673
 -0.838172343671028 -0.0691394153202432 -0.541005419154182
 -0.887527750838291 -0.28297308712198 0.363621676274367
 -0.834562185688201 -0.33288452706957 -0.438969076196721
 -0.980745763224864 -0.0298434701053144 -0.19299511705883
 -0.403083248970407 0.207757213552479 -0.891269226786368
 -0.941311513183961 0.232669096158839 -0.244535737347226
 -0.0598214419007657 -0.467588018109573 -0.881919973925795
 -0.277450681300949 0.262509616442848 -0.924180621264409
 -0.772617498428181 0.553835007088063 -0.310369112584265
 -0.563003803322352 0.385316563809514 0.731134640882645
 0.513992832837425 -0.826432284937975 -0.229828297221984
 -0.734242476182838 0.426527049245832 -0.528169160809809
 -0.108215168210522 0.0101699229914416 -0.994075475019637
 0.257171473155334 0.387525320813005 -0.885260955382024
 0.254037334911215 -0.285511516980282 -0.924093180443847
 -0.658980087755628 0.595804034124714 -0.45908909468893
 -0.242357154597925 -0.506704779810158 -0.827353174728143
 -0.701057900916271 0.436939053572688 -0.563561960236738
 -0.123203232310165 -0.895910817885338 0.426807649819392
 -0.0929469239874351 -0.97523729045745 0.200681580177369
 -0.882736168639515 -0.346689170788621 0.317148979871492
 -0.679520421986678 -0.724482199594781 0.115661309751166
 0.4755565083247 -0.868298240363994 -0.141082150433043
 -0.220727482910165 -0.173925575870479 -0.959702699978626
 0.268160955042161 -0.904678291601081 0.331129719138325
 -0.613106439537963 -0.0107801702429217 -0.789926757191207
 -0.834321611252426 0.310832595694149 0.455291715772638
 -0.693049914259376 0.554209416550581 -0.461013816443429
 -0.143938650798269 -0.301721754345134 -0.94246784972288
 -0.195106816918206 0.0635245806139867 -0.978722615274554
 -0.301907929443632 0.128806748628524 -0.94459537562218
 -0.0949442353654382 0.0739324742476209 -0.992733388892757
 -0.922230561725656 -0.0430887864484292 -0.38423189287406
 0.336081433734689 -0.161997769287967 -0.927796309889492
 -0.810496399667326 0.11183692464058 0.574967902072141
 -0.852943496611601 -0.193204743641246 -0.484932282512204
 -0.126077236081751 0.200217762281248 -0.971605567197449
 0.192461116143747 -0.0497325847415811 -0.980043564739662
 -0.373317237122778 0.317807597057761 -0.87156902866003
 -0.025965591929673 0.577844469074206 -0.81573375411104
 -0.697677003630144 0.269660054670656 -0.663724531353695
 0.139127749131108 -0.891486144341671 0.431156495797678
 -0.619326335020575 0.0870336251701926 0.780294840967001
 0.390075941406567 -0.915551428886874 0.0980119431446206
 0.0260029850881263 -0.99966056862946 -0.00161006022604487
 0.180691771231354 0.679379334565492 -0.711192100331989
 -0.939773986492151 -0.0014609834595779 -0.341793387648124
 -0.612829067417582 0.20922615790493 -0.762013745923548
 0.305620615452137 -0.923592770032078 -0.231457198106107
 -0.655355054795026 0.162409237594247 -0.73765370716798
 0.155842485665185 -0.985522173904974 -0.0667769750985442
 -0.244442081962854 -0.332349509165518 -0.910929125850691
 0.352263370758492 -0.933598175427258 -0.0656122279819824
 -0.457456035871067 -0.0126153549512268 -0.889142748980491
 -0.997834078771715 -0.000616757316326032 0.0657781943520496
 -0.222429076154519 0.330780344424301 -0.917120313712213
 -0.610730069856652 -0.768079547164243 0.192516469427579
 -0.943994290524679 0.0266456059740132 0.328884160669202
 -0.760082397594625 -0.0565038572341481 0.647365478678366
 -0.24201617085296 -0.0484777148831099 -0.969060413083407
 0.705052866329378 -0.601793672607602 -0.375159741030648
 -0.38893053972488 -0.00172279134162809 -0.921265470567147
 -0.714282865618992 0.206670589002298 -0.668645837139935
 -0.877681010803368 -0.429045744108761 -0.213531713657099
 0.132544434544554 -0.2312412140847 -0.96382543740031
 -0.905580553238381 0.27932896407689 0.319216527492233
 0.00577984209493279 -0.873326849325761 0.487100408203583
 -0.140897671688916 -0.390542343353862 -0.909738712026874
 -0.784859065049741 0.311755034102666 -0.535541825370242
 -0.847499165643753 -0.530449073552898 0.0192079306541681
 -0.951523327088508 0.0671802734334215 0.300150243824368
 0.0349759037454039 0.22291587703248 -0.974210037889178
 -0.941626080377069 0.336588726856164 -0.00695368298559767
 0.323468989001658 0.347021051638574 -0.880309151874444
 0.186543322321155 -0.0757153257894386 -0.979524771681648
 0.401526618463845 0.29924250431533 -0.865580902213121
 -0.0192937095243928 0.344212308616562 -0.938693581191245
 -0.938950412182242 0.18674246669206 0.288962583385053
 -0.264402581889356 0.63441086112086 -0.726370521140645
 -0.0192531743116259 0.297261264944232 -0.95460204045596
 -0.759943126053737 0.0306153096604632 -0.649268163379407
 -0.113846876834964 -0.884780387793542 -0.451887767051547
 0.135564858796516 -0.984829531854998 -0.108318799133609
 -0.76162681269774 0.631626836089864 0.144817602904449
 -0.0458343146473231 -0.00575126388186938 -0.998932499503631
 -0.2156344202204 0.525736202961237 -0.822862832865912
 -0.974780319982913 -0.140149132299228 0.173670804943674
 -0.467194962691059 0.6757777526576 -0.570134454185277
 -0.0921246697238638 -0.0305097441482431 -0.995279960985992
 -0.310204555861294 0.194514374709462 -0.930557516521297
 -0.87233517271291 -0.251067708626801 -0.41951919161443
 -0.377855699283688 -0.0262732661153567 -0.925491645562761
 -0.281086709558172 0.267889878323643 -0.921534196219274
 -0.139565791891092 0.872677480961356 -0.467926707889979
 0.266803319348158 -0.923472534669375 0.275707211541744
 -0.121133704277458 -0.952516986761608 0.279352851459598
 -0.667159796198047 -0.187369888117643 -0.720964861393232
 -0.452302191334201 -0.879379850325 0.148707116698095
 0.213738172342391 -0.235229963470936 -0.94814706558065
 0.0231914484411204 -0.941741469268069 -0.335537124294795
 -0.675622433719215 -0.712905364978913 -0.187883654530159
 -0.977621130311326 0.19476418045189 -0.0795225727809979
 -0.0893783052627192 0.0883689693420832 -0.992069777689948
 -0.0902037592613148 -0.255221096476711 -0.962665816225107
 -0.268350683376011 -0.922822547713108 0.276380998196178
 -0.869793792999987 -0.348357902081264 0.349436016627131
 0.134998347582715 -0.91874615799657 -0.371053828057976
 -0.690957548425513 0.17686785257248 -0.700924695670087
 -0.666654837595531 0.4878788845751 -0.563511775827473
 -0.986755933673887 -0.113985247318208 0.115412697538803
 -0.818267125815791 -0.569785564400002 -0.0760481519205838
 -0.393391189202187 0.206513236465675 -0.89587703141813
 -0.297581075444525 -0.115841853336038 -0.947642426526457
 -0.731930241587199 -0.217622130744399 -0.645692442003445
 -0.860233471565786 0.149259128487214 0.487565469410123
 -0.590623795160178 0.0720447002679631 -0.803724513595229
 -0.294306637403701 -0.850536073860215 -0.43585776377458
 -0.568923906562638 -0.158787265820925 -0.806915232694626
 0.460848160077563 0.30677545917133 -0.83277115163972
 -0.00404612649227757 -0.12551030757425 -0.99208406476116
 0.583516814551922 -0.808193659054169 0.0795684397221168
 0.263565659552813 -0.955859698028805 -0.129866780928662
 -0.98004180138123 0.0464386400124579 0.193291283453826
 0.541123734459628 -0.10001190102088 -0.834974684441783
 -0.752287145783003 -0.178753730598507 -0.634122349461662
 0.527818293940317 0.130481099818096 -0.839275003304753
 -0.800194593382243 -0.0136345462428453 0.599585450015741
 -0.859856065504939 0.502697742259387 -0.0891208535735698
 0.436472925363256 0.37573429185612 -0.817505429552747
 0.357175665468162 -0.767617597370205 -0.532154834803715
 -0.866274321374897 -0.31688615506255 -0.386201974174311
 0.397364476463338 -0.116807055639181 -0.910196453848246
 0.411116281468845 -0.904017862553959 -0.117196874082039
 -0.969562694201624 0.235179169772735 -0.0681097652139167
 -0.883160309689995 0.0675271691762049 -0.464185252686166
 -0.465266376182122 -0.393069198033385 -0.793110209713472
 -0.0816812408105743 0.24174407810475 -0.96689605211777
 -0.99349290719554 -0.0417198462003172 -0.105977817420322
 -0.892224332008124 -0.259012455849217 0.369930113788556
 -0.210060287412208 -0.0644717757665883 -0.975560385512759
 -0.865745251773046 0.0119906787058952 -0.500341266193981
 -0.346025637576002 -0.91487674143527 -0.208006745373565
 -0.954450195193456 0.0879614113134046 -0.285109829740975
 -0.971062677183302 0.137997819290808 -0.194920185852005
 -0.696309162330462 0.429472251030796 0.5750714182162
 -0.0862391750251339 -0.809930315860719 -0.580151435524157
 0.341408925992663 0.0267274611187782 -0.939534772147727
 0.0630174637121502 0.301357985143899 -0.951426383940081
 0.393798127823455 0.688649143668504 -0.608839380664045
 -0.824257699992606 -0.187046813525551 -0.534427482033659
 0.0592425170647969 0.071395264209363 -0.995687220175243
 0.0484858324847127 -0.994607866083791 0.0916750607990698
 -0.51668023046538 -0.706907818447583 0.48303506670212
 -0.159813210007038 -0.945605207776593 0.283355834478544
 -0.541163030802952 0.211517036604349 -0.813881513070716
 0.178095581654369 -0.963963378975887 -0.197627345750992
 0.282408254184646 -0.92078795151446 -0.269063424333715
 0.579839811864978 -0.761518668546395 -0.289611999115563
 0.188957898253349 0.305143797651544 -0.933371402734448
 0.0372918335595937 0.352059455930762 -0.935234440469073
 -0.105724319057867 -0.912264980438697 0.395720828141423
 -0.151346250439121 -0.98847737410016 -0.00260640942133818
 0.358453103666043 -0.314289656763428 -0.879052549125311
 -0.387588226371764 0.285266818244428 -0.876583258559443
 0.105577442096239 -0.141318196095037 -0.98431832817075
 -0.175157926735098 -0.280041302949487 -0.943873174395912
 -0.88920242018577 -0.0566197378048446 0.453996983719804
 0.178710451376724 -0.523537777717442 -0.833049080109575
 0.129024883534677 -0.888599283086673 0.440163484999284
 -0.901282918096479 0.14047650957099 0.409823683803472
 -0.928486699393341 -0.357049815672425 0.102116982808678
 -0.871314078019506 0.487070551596082 -0.0597834024868624
 0.854343045492576 -0.371793940981193 -0.363135272409804
 -0.0120761715201296 -0.15387424608604 -0.988016640787426
 -0.583355526403848 0.387692764946603 -0.713716084884001
 0.406168301932544 0.481562735876193 -0.77661099781079
 -0.993233993185316 0.0724054933952582 0.0907947096880722
 -0.530427121037052 -0.146308470768084 -0.83500952129293
 0.175691886775492 -0.5364354948837 -0.825450980222416
 0.03820532729826 -0.98805121492086 -0.149315604206145
 -0.987759419275465 -0.122962798011315 0.095976455122206
 -0.961849285749926 0.247082692670168 0.117456777093601
 -0.0940982406742696 0.272856530633353 -0.957441817967409
 -0.728869563091035 0.185573040380669 -0.659023373396846
 -0.921159817584325 -0.0338002827329075 -0.387713981376979
 0.49500039633019 -0.868377686596644 0.0299132254030795
 -0.206907664585412 -0.323230724051748 -0.923423585016537
 -0.392824670546136 0.432945342568793 -0.811324293090199
 -0.103078929822651 0.27712642929448 -0.955288268750909
 -0.0304401159927493 -0.978057366010602 -0.206099946945045
 -0.934740411739538 0.262535851243995 0.239447884669273
 -0.973314648137255 0.191514666449919 0.126414905197247
 -0.327766453205174 0.8299787652292 -0.451336239872129
 0.23375235235158 0.468490559717052 -0.851983822162197
 -0.162769821980246 -0.971463810054049 -0.172522609555357
 -0.231360153593431 0.382589273198147 -0.894481932384851
 -0.98810629847258 0.0410407828942373 0.148194456907955
 -0.719200905582663 0.644893900685772 0.258576708671462
 0.34601076578209 -0.845026208039971 0.407685243402897
 0.396251734173409 -0.870117328357912 -0.293053575401932
 -0.214295093206911 0.236619926587198 -0.947675378686874
 -0.868350378697518 -0.397793961820737 0.296188426098725
 -0.562245438670082 -0.0914222811438076 -0.821901474147084
 -0.289030124680626 -0.955116834402494 -0.064910859400107
 -0.149208770883829 -0.913739668608507 -0.377910784051678
 -0.449861191182102 -0.886805332435157 -0.105835773880059
 0.194024734367361 -0.895637054589646 -0.400235766642186
 -0.101421428277442 -0.941034774984798 -0.322749509922905
 -0.813264952993649 -0.269035596615688 -0.515965080200084
 0.311970146847287 -0.0468447289831726 -0.948936351312656
 0.143151161860512 -0.544795293300472 -0.826260148655154
 -0.937185625152316 -0.0884140926268554 -0.337440442497388
 0.273180385277651 -0.0313612576231039 -0.961451480117354
 -0.110744767919468 0.709607060591059 -0.695840079283868
 -0.49646853696645 0.481726921502493 -0.722120602740376
 -0.14499840575598 0.0200906080649309 -0.989227895783275
 -0.936470635568114 -0.213114904043613 0.278576356486214
 -0.932879136583449 0.358203320642533 0.0377742982460638
 0.0787256343625042 0.0120000033276109 -0.996824094017775
 -0.000164372651540408 0.505289517588178 -0.862949868994218
 -0.125569927008888 -0.545587746288476 -0.828592906396648
 -0.106098828477659 0.220678437039512 -0.969558696532328
 0.134220128471754 -0.347858255567393 -0.927889859383449
 0.0379020625950077 0.0584132611150023 -0.997572716435727
 -0.0436777299191877 0.128308998973715 -0.990771949891331
 0.00567477628386636 -0.373280384111045 -0.927701219009676
 -0.575445297710476 -0.498089520160959 -0.648667510554311
 -0.997479094274476 0.0393356900701449 -0.0590606465599298
 -0.116788501028695 -0.387593565052274 -0.914402359116346
 -0.938022886745471 -0.345193470102566 -0.0308955035602613
 0.464673159574564 -0.881222518373921 -0.0867509532035024
 0.48606567587983 -0.854655012592108 -0.182496488137903
 -0.996815402732136 0.0614300239337192 0.0508468783257323
 -0.958568199442292 -0.218850133155936 -0.182350284440664
 -0.146377508281296 -0.400470121180234 -0.904542595520658
 -0.0101198422483224 0.230023891625516 -0.973132364107947
 -0.552323761275712 0.233076837062423 -0.800383439830702
 -0.190302322466118 0.82572009580968 -0.531009745146033
 -0.436478953896598 0.669632380761909 -0.600898158959128
 -0.709790217847692 -0.279811144556576 -0.64645461559932
 -0.230702635418014 -0.495946053160527 -0.837146227588513
 -0.00757993608387042 -0.986496920484051 -0.163604310592504
 0.50653450807309 -0.772854244110476 0.382255293608313
 -0.968443714883788 -0.222764636266358 0.111770693525657
 0.420821680351363 -0.902560599832736 0.0910685290088068
 0.492008221924215 -0.854417936817862 0.167026640997417
 0.690139586356541 -0.670434282493462 -0.272443065980949
 0.561325465053739 0.480219281943954 -0.674020150686489
 0.575390914754434 -0.817873962094889 -0.00273447348921554
 -0.0783674396517216 -0.91366001978675 -0.398853247004094
 -0.428592231631149 -0.324516579620791 -0.843206788715944
 0.463424547748367 0.257208616099093 -0.847986684063265
 -0.194278287293949 -0.944445195119261 -0.265102283095169
 -0.272322756342177 -0.703970608668644 -0.655946414357833
 0.0830561095644293 -0.895819250237566 -0.436588540353301
 -0.442253266402017 0.34672690202047 -0.827159297700288
 -0.951140914245496 0.244031675614256 -0.189154705321175
 -0.402039739593592 0.218528804769907 -0.889162082678604
 -0.425839402968894 -0.0386693064958304 -0.903972061301801
 -0.739016646177862 0.669810118887918 -0.0721720257951627
 0.134932053699048 -0.959001810448348 -0.249216509166924
 -0.0769679825321944 0.0336148356789213 -0.996466744295666
 -0.440267612986877 0.422081457856109 -0.792471874509688
 -0.103349158420982 0.330942065471315 -0.937974573618739
 -0.195986628754385 0.126577857107244 -0.972402842159374
 -0.954244350053289 0.0173014349103294 -0.298527018444594
 -0.0728046476161005 -0.279476295608467 -0.957388366065968
 0.30534743862432 -0.0871739263388918 -0.948242399543613
 0.582514744026394 0.37402017980016 -0.721654680643118
 0.560238341985794 -0.0236869923058782 -0.827992709245987
 -0.309388948542176 -0.77094873689036 -0.556701467221998
 0.348866499584349 -0.107191305737069 -0.931022120812468
 -0.766783535017804 -0.432965582756484 -0.473902748012646
 -0.212824464396124 0.126062800778656 -0.968924103123843
 -0.630681590155092 -0.0627775314833497 -0.773498360295807
 -0.489145166136511 0.0292832362381515 -0.871710673630136
 0.405401922947481 -0.110176579683061 -0.907474739130422
 -0.0194224675553683 -0.0196913885214708 -0.999617435308207
 -0.133148618107172 0.443953812895898 -0.886101832472625
 0.220031215290091 -0.938001115331649 -0.267843558695272
 0.345096574173629 -0.938532384730016 0.00808191231177294
 0.313962032013671 -0.726377810797363 -0.61139440497528
 0.119380420405992 0.293044109200907 -0.948616606056596
 -0.458319219060093 0.190502344853276 -0.868131528079444
 0.253859613491881 -0.552151596513384 -0.794156099961131
 -0.211906463094587 -0.236870317943347 -0.948149831712352
 0.714750688127624 -0.0229184087727326 -0.699003719847336
 0.288248287651842 -0.918659471023481 -0.270143852353962
 -0.979333852538218 -0.164482532640843 -0.117689004281222
 0.0387710265220605 -0.880569650765596 -0.472328167329645
 -0.0189298982892225 -0.856901552576868 -0.515132398653117
 -0.293590796034403 -0.0580985570788119 -0.954164033145898
 -0.631344539631904 -0.773278160554985 -0.0586937704162692
 -0.789107986548107 0.139429885205178 0.598220605360316
 -0.989580178198148 0.0263864682143566 0.141544428404986
 -0.988226614066672 0.100185259643914 -0.115633355916027
 0.024262119655227 -0.995619610278734 -0.0902936386367166
 -0.254979121607688 0.313313080131019 -0.91477896858366
 -0.935148691007095 -0.348588799259949 0.0631092286296044
 -0.325183633339347 -0.901570781779475 -0.28535194067987
 -0.871587341570608 0.252650603022148 -0.42012281395614
 -0.260902058456936 0.0572930418435512 -0.963663646325442
 -0.754314043011679 0.58304370902022 -0.301778657110341
 -0.730896106709301 0.394980573832156 -0.556579938097311
 -0.331878371986692 0.929749569110198 0.159444300452738
 0.816037815084789 -0.49624849272274 -0.29634391814588
 -0.81142366367215 0.342792458296904 -0.473376138570197
 0.0450159777110835 -0.783371086380234 -0.619922013461506
 -0.943125520725688 0.105819350654229 -0.315145231890025
 -0.096438347366588 -0.980008344327695 -0.174020947604852
 0.153274740770234 0.594659789236675 -0.789231644643581
 -0.931093141368235 -0.352049901225584 0.0955323460618862
 -0.309349185314604 -0.773852222551527 0.552680576099118
 -0.949439277295067 -0.272893119436944 0.155223722714648
 0.325429637376213 -0.100038737925039 -0.940259433364831
 -0.603794958706416 -0.464345174042101 -0.647931483402781
 -0.988015647810516 0.147143632163686 -0.0466243626792321
 0.464402969166707 -0.737375247990904 -0.490517712095597
 -0.902515903428562 -0.1802567587035 -0.391117047698301
 -0.316227283125601 0.214160126712215 -0.924194646994674
 -0.951191101283672 -0.0557270897358938 0.303529208328166
 -0.15982623282147 0.445170198726652 -0.881067006230384
 0.144776808917244 -0.907482557834964 -0.394354006984905
 -0.413589509324491 0.100317096516626 -0.904919995316272
 0.540128479779087 -0.801617530804239 0.256262677030517
 -0.215485772703043 -0.0133485323742273 -0.976415740576742
 -0.54327531000244 -0.832786745864393 -0.106386904524698
 -0.220573889743947 0.33177503012292 -0.917209075702024
 0.224865104300015 -0.208148205519147 -0.951898108731865
 -0.507602799367904 0.599605325931686 -0.618718717341106
 0.546177619084011 -0.152517429393862 -0.823667677004998
 -0.127302821659901 -0.750723679967121 0.648234485301462
 0.12345218812378 0.713108116315345 -0.690098812991757
 -0.6294456623579 0.544347992553247 -0.554511876466208
 0.00490121770475931 0.794223820362021 -0.607605547402727
 0.11774557610557 0.596951168421848 -0.793590122057576
 -0.114149680245583 0.208146249502605 -0.971413912458449
 0.651498048673038 -0.758645029442476 -0.00283052600217312
 -0.865733679297021 0.485816151246204 0.120365542075663
 -0.193731719579868 -0.727168744765297 0.658554202374481
 0.17367886154084 -0.968802727573136 -0.176796289838702
 -0.473896717047002 0.395017456848111 -0.787008964597815
 -0.562199491649436 0.563669620519028 -0.60515146078734
 0.115468881727937 -0.928616760985007 -0.352615723657092
 -0.425904053981444 -0.895610877303599 0.128401297725723
 0.61615962206847 0.0239957834112637 -0.787255690681826
 0.457730889064506 -0.546319132008999 0.701439832913096
 -0.266628901972323 0.548344581538293 -0.792607878165886
 0.173125563263367 0.152515449108947 -0.973019309740479
 -0.108448668972588 0.388767086524201 -0.914931166063086
 -0.0985010415359697 -0.14266688360034 -0.984857200379881
 -0.842580294154394 0.103406177485922 0.528550480427788
 -0.393923648583731 -0.421548932911378 -0.816774544319153
 -0.122567861794636 0.374748088123459 -0.918989112940356
 -0.521229843155268 0.8313441155452 -0.19283778714947
 0.358131797894551 -0.382453456862596 -0.851745835722527
 -0.916666750296692 -0.398743348657973 -0.0269408760349181
 -0.508708785167163 -0.129959615379138 -0.851073363620467
 -0.0447546662807377 -0.470110059874596 -0.881472377020859
 -0.144884199071016 0.339638801797692 -0.929329894694547
 -0.0681368976774664 0.0773108574288169 -0.99467602489379
 -0.0668966510074237 -0.535469987004808 -0.841900665815785
 0.421397740788589 0.400792600043122 -0.813504293663498
 0.0406847577277574 -0.919337654906224 -0.391360481858043
 -0.601463120173408 -0.0248480321922907 -0.798514051452721
 -0.154012198674149 0.449446546558702 -0.879930704343252
 -0.370759605622751 0.0460880403840201 -0.927584609279403
 -0.598254734139392 0.10331070031496 -0.794618255692781
 -0.894823258054801 0.121911383902395 -0.429451919682744
 -0.662808840883529 0.327195137572396 -0.673518954741152
 -0.106523614879191 -0.263462160613986 -0.958770258924253
 -0.0751851426208363 0.122860814507627 -0.989571833970433
 -0.900499922511528 -0.015819349635639 -0.43456833494151
 -0.35740075155202 0.00751625070496752 -0.933920879285495
 -0.494653582740348 -0.438073480535772 -0.750606060949026
 -0.222866836807967 -0.124309301000148 -0.966890671552925
 -0.928958358810657 0.353903338256246 0.108576216396113
 -0.024349091504006 -0.112796777628335 -0.993319691086205
 -0.669145344075862 -0.666353862936166 -0.328963581345482
 -0.477708427729907 0.619645824528414 -0.622762964714764
 0.501069763804998 -0.858092943282513 -0.112274629766286
 -0.087844637242578 -0.0439317302291779 -0.995164972648651
 0.469253040909265 -0.772835821621424 -0.427231057410562
 -0.189251073804903 0.3224883289315 -0.927461755959058
 -0.587044659734335 -0.407537422028858 -0.699493972185229
 -0.832783660461184 -0.0803474602715203 0.547736853330857
 -0.960633244041956 0.207315267577495 -0.184943640795509
 0.0731340308663027 -0.0707164117467596 -0.994811842832055
 -0.519233080507742 0.698682026785432 0.492179269731509
 -0.244245451559854 0.0731180047773875 -0.966952903077341
 -0.746711480439528 -0.144023326343089 -0.64936834419987
 -0.85922845714552 -0.204063457124891 -0.469131712739149
 -0.179824784160229 0.154083015438151 -0.971556211114526
 0.32830975130421 0.164025776429422 -0.93021946435521
 0.424022266148445 -0.655258837142022 0.625172755450542
 0.0134059368961241 -0.999760223170098 -0.0173140700822496
 -0.72438963374231 -0.203528607708038 0.658662101817852
 -0.142525633001708 -0.140454834868141 -0.979774914610303
 0.024469288707749 -0.996597252418355 0.0787094046624868
 -0.300752011590379 0.0816607279193454 -0.950199849000211
 -0.997959728691276 0.0625703743591664 -0.0127015023909632
 -0.303531114217782 -0.188932370547378 -0.933902255089397
 -0.719792167461206 0.638920342585146 0.271440659246877
 0.124391882225342 0.484361171944037 -0.865979742689999
 -0.14149482711935 -0.0313974246577435 -0.989440961161062
 -0.671870319827608 -0.102136867180472 -0.733592757391529
 -0.523815697331854 0.0540577160791282 -0.850114626718687
 -0.201040598864502 0.163015048325686 -0.965923791832242
 -0.874617405567511 -0.389638972685008 -0.288488933658342
 0.194017435329107 -0.394485268917145 -0.898186287690746
 -0.427306456530646 -0.893294397520695 0.139406999700024
 -0.466327603895027 -0.820821869815466 0.329833327421844
 -0.900920048661389 -0.418217595383261 0.115918543951361
 -0.574384751211315 -0.818493105759177 -0.0122960725686186
 0.413738392112735 -0.904787202675098 0.100899260489559
 -0.187744864965387 0.239679098714916 -0.952526007686055
 0.142506633549416 0.352843201845193 -0.924766745891117
 -0.246780087786271 -0.268187903796685 -0.931222227252625
 0.110767281370475 0.626106763499348 -0.771829599120275
 -0.898125960130011 -0.387215619531656 -0.20840783030218
 -0.442369184452286 -0.829147194324516 -0.341795896392572
 -0.295560138503635 -0.531101289199495 -0.794087920282349
 -0.42329980163985 0.571510113024991 -0.702988953428022
 -0.96038254974211 0.241918012767974 0.138351123050154
 0.0946876963583789 0.670392098935465 -0.735940672774135
 -0.742288554703109 0.616581138779545 -0.262365014546699
 -0.421036191963286 0.307210346727884 -0.853434430943812
 -0.426855199704769 -0.902140883352426 -0.0627412549213554
 0.388108147730004 0.120626617428899 -0.913685550303411
 -0.0198244921092897 -0.0010500205298353 -0.999802924065286
 -0.586952821884321 -0.031926221704103 -0.808991409873883
 -0.307829129470265 -0.640826725420287 -0.703265479770401
 -0.360432247970712 -0.890083116873898 0.278999354262381
 -0.299447043514681 0.45304293526033 -0.839692543101951
 0.153371927114808 -0.959654220315898 -0.235671019438062
 -0.902806017302234 -0.245874384993514 0.352827269250748
 -0.343699822254964 -0.103103186852949 -0.933402466807686
 -0.657112795595302 0.108238298402344 -0.745980726710745
 -0.117190734434541 -0.225330330662559 -0.967208650626221
 0.832468619929868 -0.429382713294184 -0.350180642463551
 -0.0558094070891223 0.293707603664423 -0.954264718843814
 -0.207260942862006 0.152264615431118 -0.96636348671272
 -0.348844968237227 0.464233358858507 -0.814121966696954
 -0.444036763801436 0.123394913613878 -0.887471153157651
 -0.476302450563385 -0.771343067705626 -0.422096964558842
 -0.432682844945036 0.0569966696190421 -0.899742705078851
 -0.932177904235833 -0.205467106776405 0.298039633081615
 -0.963829062939864 0.217933217754778 0.15342310787985
 -0.934162487853494 0.256694323942704 0.247888019764912
 -0.0919963555724364 -0.345499212554586 -0.933898797882057
 -0.14348170900538 -0.969294821291517 0.199701148214882
 -0.0449181678831833 0.959692188577137 -0.27744055467441
 0.121499443434732 -0.985740334845759 -0.11642112137933
 -0.0737082244531561 -0.992727698253971 -0.0951778060649425
 -0.208792417469146 -0.957718443957931 -0.197942184766635
 0.385256226331309 -0.23181512360267 -0.89321855586527
 -0.992887948916839 0.0552672810663031 0.10544689914479
 -0.322813936798854 -0.724917980972443 -0.608510544749442
 0.137924205398369 -0.988459806183042 0.0626428377854368
 0.104969781299295 -0.227404946021404 -0.968126198147215
 -0.926176184940555 -0.320389450589977 0.19886747949228
 -0.374437219796918 -0.896088203611735 0.238375124076841
 -0.0374110731642268 -0.14158544706624 -0.989218870009946
 0.0178760403959913 0.0751725173612617 -0.997010300755881
 -0.395326811759883 -0.849352373346774 0.349738842272299
 0.422716705559006 0.550881800298416 -0.719610887175365
 0.784392330028927 0.387250564531515 -0.484526235473182
 -0.104573858986805 0.87643983101849 -0.470018649226697
 -0.0591727836809537 -0.0737035928410661 -0.995523159988639
 0.453524040050401 0.491235079519996 -0.743642415240917
 -0.31015496622648 -0.027019273600905 -0.950301981361257
 0.182256603761099 -0.983121292649154 0.0159704203240491
 -0.486817609587704 -0.649591710364359 -0.583985637512791
 0.307224598058624 0.00285313703688962 -0.951632757925433
 -0.438923324405209 0.199213694159395 -0.876162210639358
 0.00101761600379451 0.584823439394652 -0.811159977558237
 0.00605534030299405 0.278538458219581 -0.960405987146308
 -0.929982880628046 0.362536538275571 0.0608202281640531
 -0.382541170683005 -0.776003274208932 -0.501478983756542
 -0.211529810517994 0.214554372066038 -0.953531101060458
 -0.032916516987011 -0.111636047444525 -0.99320385411073
 0.351758851921738 -0.880818426835392 -0.316898420699641
 -0.506971886409463 0.280558151845845 -0.815025539368721
 0.170575573157866 0.722857628450098 -0.669612442262959
 -0.399789733239991 -0.253798262949192 -0.880769329007243
 -0.73298229001584 0.50429164409048 -0.456537950474719
 -0.429088254602859 0.432694567112455 -0.792879991772549
 0.147635873485382 -0.969071598301485 0.197747025832539
 -0.107806072971938 0.390815963826761 -0.914133870419715
 -0.148834241232407 -0.010703287273969 -0.98880423152326
 -0.690023063226326 0.688120744651976 0.224405911230896
 -0.272924964057369 0.234341301498529 -0.93305740359651
 -0.220296210033845 -0.97488308948158 -0.0327496822514971
 -0.0371517502122513 -0.993651546719814 -0.1061901650695
 -0.0181502763714344 0.465769759331056 -0.884719785446404
 0.0695203563521015 0.306299291132978 -0.949393313808409
 -0.705375662953162 0.656018650251219 -0.268485948675079
 -0.71674863520551 0.149602954102732 -0.68109496405037
 -0.989030385527457 -0.0934675074468723 -0.114379725279779
 0.0835613631673693 -0.192916969847492 -0.97765052106081
 -0.0816326297851204 0.72000528927971 -0.689150562042582
 0.637185419488093 0.0655642132680082 -0.767916711063335
 -0.50466458758834 0.369686690955682 -0.780157294758261
 -0.987275075572203 -0.14162936848542 0.0723121506824607
 0.298252780757266 -0.82459087629208 0.480723585344445
 -0.865954545874377 0.103226011204309 -0.48935377293973
 0.653092511366239 0.322802234182984 -0.685032035166103
 -0.933861225393751 0.35753073282207 0.00865949154363652
 0.0275170761014926 -0.95409533142248 0.298236330920049
 0.197049117438638 0.312794142903607 -0.929156321337724
 0.00557141101644354 0.6324002708349 -0.774621750809536
 0.0210937635713927 0.328400662906221 -0.944302948073948
 -0.929623092488788 -0.359577206473427 -0.0806544387888807
 0.0362234502564159 -0.799404248502121 -0.59970051619811
 -0.626195602337505 0.146001976542503 -0.765873677873089
 -0.031004483081923 0.0459492235488559 -0.998462513509686
 -0.93611360031856 -0.0480368962638123 0.348401756447874
 -0.319472958319563 0.16229097825735 -0.933594487600917
 -0.957744050484363 0.287237161291813 -0.0148710098792037
 0.374176435341897 -0.893115611083466 0.249672786810734
 -0.963700838617946 0.162148157039216 0.212105324817301
 -0.716358396553321 0.459693229876993 -0.52489311492228
 -0.716262871203262 -0.422678991291234 -0.555256670069514
 -0.999236327812467 0.0182651481325145 0.034541938908438
 -0.510490465268219 0.30371004390263 -0.80446236338495
 0.131923420264443 -0.988310381336495 0.0764120496272855
 0.339318859195105 0.322936885707942 -0.883501261823541
 -0.78734339323593 -0.331328385730288 -0.51991526418936
 0.197080696887474 -0.832886554272432 -0.517164564356978
 0.0727699215196023 0.674316410828963 -0.73484822692089
 -0.455679348351688 0.20431938474652 -0.866377469987871
 -0.136578163112601 0.469272271032391 -0.872427613616677
 -0.19887148662206 -0.153736777634478 -0.967892109179168
 -0.476428220840179 -0.754786206994205 0.450903462082919
 0.254892164731977 0.752884093490037 -0.606791171761696
 0.139027099278204 -0.865894586069361 0.480518502746834
 0.140424691546143 0.0395985476018344 -0.989299176706418
 -0.147344452121878 -0.171975591158708 -0.974019511341799
 -0.388552723976872 -0.640981440272344 -0.66194378455919
 -0.146189042890279 0.646227486238011 -0.749011882261774
 -0.330555282487911 0.234822312477367 -0.914107043393781
 0.645432739885687 0.515473270550177 -0.563652273686498
 -0.99798740577742 -0.0485287306699645 0.0408178907982386
 -0.293755073464512 -0.933388717622841 -0.206139415513502
 -0.889920103503254 0.170918379520318 0.422881918415656
 0.191892680105353 -0.407621468557082 -0.892760851344498
 0.504539587260957 -0.862655100622763 -0.0355806444021737
 -0.203842764308925 0.455732351602611 -0.866461857868914
 -0.317262844937503 -0.180384862112085 -0.931023946385358
 -0.929533394189393 -0.368084669782358 -0.0219395751544838
 0.0781402069429238 -0.349872265847514 -0.933532809091166
 -0.133348564578231 -0.808102991406249 -0.573748826234265
 -0.496068051470393 -0.00661692761013455 -0.868258431908018
 -0.971695160948667 0.125205360785976 0.200330057204098
 -0.696230619124655 0.132052299005498 -0.705567229483245
 0.254895488550553 -0.0218845668601179 -0.966720929560295
 -0.272865132586377 -0.229166728462783 -0.934359261731955
 -0.381638031087963 -0.909528174032404 0.164653921509889
 -0.729051297772036 0.036678709944589 -0.683475586582075
 -0.185995698970645 0.848880046830931 -0.494781028392094
 -0.832223827650765 0.486412670255818 0.26609437217821
 -0.984243803128278 -0.150761169639787 0.0923861771718426
 -0.978508581689357 0.163503580617424 -0.125648456757594
 0.140283961362394 0.394147384372346 -0.908277628028409
 -0.0964700607951803 0.125640814427597 -0.987374251801284
 -0.988703647456113 0.149144605085695 -0.0148655400443638
 0.0741305669481556 -0.395761438001263 -0.91535651154898
 -0.100626318820239 -0.416108999733073 -0.903729851394668
 -0.869191486699302 -0.175858663978184 -0.462147043432354
 -0.995473922053644 -0.0864524662502597 0.0394669683454744
 -0.900527139176295 -0.375456085823993 -0.219279728257501
 -0.972017331935164 -0.0631303610803867 -0.226267240066929
 -0.0704780871117268 -0.997273786754087 0.0218594027877381
 -0.56871376793009 0.347559336759817 0.745497925951398
 -0.744285642044552 -0.64696161205934 -0.165769585774683
 -0.923758919609914 0.211382635344372 -0.319353784878139
 -0.150028174737066 0.177338342826075 -0.972647242811476
 -0.834680215681125 -0.44598875922835 -0.3231144753682
 -0.374141124884852 0.156526590803322 -0.91406665240637
 -0.56960742760796 -0.0196678786015564 0.821681539871231
 -0.770535543685106 0.286465725132374 -0.569396491245144
 -0.977631658671365 -0.171914490590823 0.121168262710881
 -0.835685174168575 -0.279126731390165 -0.472988961285865
 -0.450318278445568 -0.22397250268425 -0.86432040710559
 -0.284744156950654 0.627876719903118 -0.72435598270889
 0.563367930887682 -0.259036521419877 -0.784548695122247
 0.259556948768054 0.39295484205245 -0.882165904155081
 0.319262801834205 -0.916534308707207 -0.240906878954454
 -0.359617573490087 -0.210173925156051 -0.909121621138559
 -0.900513161850814 -0.305616786419919 -0.309312827396169
 -0.923391219013079 -0.37002586895049 0.102124986937456
 -0.875120874167817 -0.398028252945178 0.275203498257498
 -0.995754644974132 0.00620669231447802 -0.0918377045823441
 -0.367518874073428 -0.0691381241890301 -0.927442611153608
 -0.676831212373648 -0.219310372467598 -0.702710801457428
 0.199563098511009 -0.973144535043964 -0.11473571208108
 -0.253555122909651 0.228350198832384 -0.939981907453267
 -0.11498308036686 -0.61011436504386 -0.783925604121001
 -0.59568366208399 -0.496817862281694 -0.631136266145478
 -0.0753811121807077 0.403921492941335 -0.911682573852568
 -0.656197274844108 -0.46585624352375 0.593618645981666
 0.366551266885528 0.765004803291356 -0.529535475379854
 -0.224508799957114 0.626111584842922 -0.746712851146477
 -0.319324484029252 -0.839442674263041 -0.439736137388736
 0.809889924115045 -0.575320770607255 -0.114386720054384
 0.476220036285206 -0.879220690875755 0.0136181414472372
 0.310512952613637 0.39502444049861 -0.864602450648806
 -0.980983160485509 0.00147991882927097 -0.194087219270411
 -0.0843895835630021 0.127229518288444 -0.988276807307626
 0.0103100915259773 0.100130749691811 -0.99492086870207
 -0.226075726005132 0.174048245742096 -0.95843464788443
 0.140183216279009 -0.946083971674422 0.292016753653663
 0.665856987125241 -0.698937140856154 -0.261000662505521
 -0.594274944860621 -0.649707157831515 -0.474044195168974
 -0.126595973902436 0.303226612430725 -0.944471852892123
 0.20372574922003 -0.789054206504084 -0.579559555440981
 0.0991506323820314 0.930653331629908 -0.352212334287706
 0.0307867781066432 0.13791068352125 -0.989966068946059
 0.446583647916896 -0.598774757682922 -0.66485474727567
 0.426526981838014 -0.871441030631408 -0.242209132561563
 -0.876145712321713 -0.451526374208805 -0.168797583436873
 -0.100425274476939 -0.0142971660201631 -0.994841874515756
 0.706712519959453 -0.601798632662141 0.372015886567411
 -0.0861630464211736 -0.970671074020221 -0.224440627988457
 -0.784888219045746 -0.387316125856898 0.483670034480533
 -0.237834218085027 -0.970099491018808 -0.0483927911256743
 -0.329925433027044 0.369790779548192 -0.868564325771591
 -0.0595900097970837 -0.950822399914382 -0.303950315929163
 0.394282671465487 -0.903323221731404 -0.168962516739173
 0.253318358020478 -0.956645242664972 0.143734787634328
 -0.0099545362918142 -0.988081095423928 0.153612031016666
 -0.156452768115381 0.299412240556755 -0.94120924429896
 0.108412360942857 0.252772655845631 -0.961432652062297
 -0.986678120625932 0.0488891560850525 0.15516486939823
 -0.152023918785353 -0.809153880734481 -0.56759027952342
 -0.495240000076118 0.510441718404834 -0.702984064141234
 0.0325858677350921 0.340048848512962 -0.939843041070667
 -0.52107614125978 -0.439532064312608 -0.73163598835139
 -0.871808510710084 -0.289403794167958 -0.395215592524706
 0.113770179257915 0.134063560318718 -0.98442029037718
 0.260486446463378 -0.93831716775144 0.227393280269664
 -0.23649217275932 -0.449882573291202 -0.861206782644251
 0.279043056059084 -0.889082641219633 -0.362859518198335
 -0.291713686671869 0.177015613505028 -0.93998329643869
 -0.0271258517902771 -0.932269164874183 0.360746992211225
 -0.152065048566419 0.0384145481598871 -0.987623685162605
 -0.244147759882595 -0.954157417895561 0.173134321320724
 0.0177232910139423 0.361807520786711 -0.932084332481675
 -0.882346843465811 0.196970835711752 -0.427395060459211
 0.200455094573122 0.37609439971383 -0.904638467877403
 0.0168971381281473 -0.208693507802112 -0.977835112135133
 -0.980667744535545 -0.159365715375695 -0.113548859925411
 -0.976508375760062 -0.113112703183311 0.183403676214547
 0.110003907564745 0.843358911876152 -0.525970423198453
 0.125379330938626 0.0729022679025454 -0.989426744487963
 -0.991665084788133 -0.128811716056543 0.002810946230996
 -0.0672166544223897 -0.958471796306999 0.277152912761703
 -0.152073613752501 -0.958166053876153 0.242469439723148
 -0.327195806147653 0.553146226306558 -0.766141081500138
 -0.353422864480183 0.538545878128654 -0.764892551939982
 0.174573657877891 -0.802133681793326 -0.571056559815064
 0.698878672670547 -0.304059222853197 -0.647392145367986
 0.281942521302792 -0.78717308382117 -0.548513400737753
 -0.110449350060064 0.155709449812567 -0.981608632964471
 -0.154238943289355 -0.16443322480815 -0.974254619158758
 -0.948465829877131 0.242096256802294 0.204455305624001
 -0.219332417787239 -0.917572081817055 0.331594277962574
 0.598492632447451 0.379362783966482 -0.705613525272384
 -0.98911013372152 -0.128252950460397 -0.072196426972525
 -0.975548550170588 -0.126778903982569 0.179533104927872
 0.431478261268916 0.30112170798072 -0.850383576414272
 -0.445463180374423 -0.557683017250732 -0.700394322650337
 -0.110808753569595 0.257859252787008 -0.959807285805061
 -0.305399797438788 0.287429255493799 -0.907808012087704
 -0.232513196733806 0.852027183655991 -0.469028028646334
 -0.972217315585999 0.0247814505695739 0.232764625711087
 -0.664758375264446 -0.661041638980498 -0.348023352736208
 -0.988701802794168 0.141452965734181 0.0495964074965791
 0.920707973044862 -0.389430146137433 -0.0253177734210357
 0.352344798032119 -0.875601395824534 -0.330416916833615
 -0.974387433572907 0.166226070310878 0.151453038411937
 -0.0544856562156271 -0.950177576045617 -0.306910226689871
 -0.856124705158857 0.391237024618221 0.337615283695128
 0.198070523133196 0.32017432421004 -0.926421324226934
 0.0132525588075822 -0.00191963538924671 -0.999910338322904
 -0.982361455401117 0.00199994650026293 -0.186981205355498
 -0.207686294702923 0.512517080414548 -0.833182240134725
 0.271400227259737 -0.495689561717356 -0.825005318193658
 -0.470334684017049 0.703656132901652 -0.532591148668917
 0.655117015851385 0.015398315617728 -0.755370496788241
 -0.247603109407866 -0.942183606582522 -0.225793604202395
 -0.896768925370722 0.297785827484633 -0.327305813328657
 0.214309281186302 0.699133555853703 -0.68211714761965
 -0.764453335352412 -0.294121592334398 -0.573675506703268
 0.174473865096002 -0.984296796743946 -0.0268083255364672
 0.410194771708499 -0.896000202969347 -0.170070237084274
 -0.448501588276409 0.00235833061057316 -0.893778923218863
 -0.444492828150085 -0.40053885053999 -0.80124575189591
 0.506075565932686 -0.697924827305408 -0.506742989094698
 -0.977542844321469 -0.195950874914017 -0.0775450974357672
 0.0379570267823947 -0.533333481944418 -0.845053052272391
 -0.931702708076508 0.0314864248203609 0.361854485691326
 -0.98661887065472 0.148070537484968 0.0682518863982283
 -0.946681805336244 0.0363109167866794 -0.320117285955353
 -0.538876227531032 0.147422579940288 -0.829384708278175
 -0.430682636321737 -0.743859888131296 -0.511062553510091
 -0.916118418588386 0.368717887124464 -0.157398103030455
 -0.141064725974256 0.609222973564652 -0.780351274469935
 -0.997735152104247 0.021700184219178 -0.0636684243590837
 -0.992647906719948 0.118731762852551 0.0235138634518335
 -0.763857427200344 -0.370842871394557 -0.528202040555233
 -0.0225164179489028 0.903962880693401 -0.427017706016084
 -0.859642881652801 0.243789798387255 0.448977338209815
 0.0283396936721854 0.519676950358891 -0.853892691752453
 0.273814209881456 0.0700696859256453 -0.959226781100943
 -0.144852396951668 -0.988926471634024 0.032283382704379
 -0.937237490508421 0.325563172170366 0.124877969681794
 0.147613171230521 -0.899087179749878 -0.41213176884181
 -0.953669963539154 -0.0530697138972172 0.296137140713719
 -0.0163101982487189 -0.240843664424233 -0.970426868310949
 -0.90879852316649 0.339229962527746 0.24291619298398
 -0.0636306320287896 0.0565420380240902 -0.996370483607227
 -0.997769372674398 -0.0300010532228981 0.0596340151126386
 -0.985891701841834 0.0790781942198265 -0.147526917673837
 0.192201536830351 -0.974458098362148 0.116146389425058
 0.0377925017319149 -0.958220319296003 -0.283523449649422
 0.383383717964911 -0.805443519282193 0.451970864155774
 -0.914544964622324 0.285765306030648 0.286261589377901
 0.648537697425225 0.108648183015507 -0.753388629689761
 -0.902215226998907 -0.207636142643171 -0.378014439459097
 -0.051560431170449 -0.981715285173221 0.18323924469059
 0.253715185879169 -0.119090382264101 -0.959919832749844
 0.188662222928607 0.410777585485284 -0.892002433238002
 -0.758107453111567 -0.322646084880406 -0.566720913190999
 -0.439199462818335 0.0904088944577183 -0.893828878288803
 -0.0528309172678488 0.448060382865811 -0.892440915403805
 0.200817819251737 -0.971111229123125 -0.128899899697204
 -0.103340128056525 -0.728996231476601 0.676672234117948
 0.155924980415015 -0.821939681505117 -0.547816173957874
 -0.0116666279331425 0.253686357546023 -0.967216171177727
 -0.997274554963809 -0.051972335512449 0.0523673406152866
 -0.942555131388881 0.332498471258579 0.0321650571769444
 -0.880953405568808 0.204067742785496 -0.426939636917389
 0.355176447065991 -0.900302237048024 -0.251605988434106
 0.245641486520186 0.719670128654385 -0.649411399671067
 -0.393675762347218 0.301959150117298 -0.868239636160879
 -0.302744331238983 0.183204091269123 -0.935297883481469
 0.143330075396096 0.838192150219832 -0.526203771173112
 0.352881097349004 -0.778058532346515 -0.519711315420926
 -0.827941927833284 -0.535528522703712 0.166497343842131
 -0.949823953986249 -0.0734249610553852 0.304044785398375
 0.151696301441118 -0.987228959965963 -0.0486540104576032
 -0.446423697093068 -0.40339169151888 -0.798737144426934
 -0.457424827739946 -0.118985986034728 -0.881251872108323
 -0.961790138497193 0.0546936796773284 0.268269138912592
 0.126093024812615 -0.840569493571573 -0.52682395121182
 0.408323189566271 0.667580789565209 -0.622581771549665
 -0.0865552559183683 0.264398576684259 -0.960521514761769
 -0.0282192715628746 -0.332438987971655 -0.942702493891282
 -0.963367224665136 0.264653431775306 -0.0433837698978081
 -0.0164115703085037 -0.139378887645994 -0.990103118891449
 -0.97842768113578 -0.199127606612933 -0.0550224415294773
 -0.8473325046818 0.441490976402586 0.295149698059746
 0.00857845668870468 0.520512744818757 -0.853810806070106
 0.154778570743673 0.522761100434825 -0.838310459144294
 -0.992579620043829 0.107439829376375 0.0569419084438166
 -0.831540628265241 -0.427624682873805 0.35450996338795
 -0.20926350923643 0.397006531937196 -0.89364120165828
 -0.734296779664042 -0.339155314651058 0.588032237142624
 0.0592739549523167 -0.972738294813705 0.224202604951941
 0.0883666913101061 0.405054622059573 -0.910012132344993
 -0.144238724052891 -0.913739507771736 -0.37983588880023
 -0.419303063216172 0.264373029697877 -0.868499765311368
 0.260908743922538 0.706573611646382 -0.657784431762984
 -0.716464651342408 -0.236888427114023 0.65617244416102
 0.130703064762014 -0.90836541305167 0.397226616974851
 -0.695891154516191 -0.248834929354078 -0.673659171242754
 -0.987970399344989 -0.115912983579078 0.102365376255347
 -0.291081381489618 -0.793421199020564 0.534560034322494
 -0.0252220760979967 -0.902543714550188 0.429858918952784
 0.174609870049288 0.326549746963648 -0.92891154371089
 -0.306391944614564 -0.405899803670527 -0.861028063221829
 -0.881004480462257 0.431694567546112 -0.193574031720695
 -0.894759189156435 0.446523141319507 -0.00480392405013159
 0.279604559330018 -0.95981129064472 0.0241573333127375
 0.365240855083603 0.40296779211133 -0.839175831574479
 -0.213851586776517 -0.0861161220586975 -0.973062953952486
 0.0173403567129952 -0.995688638468415 0.0911232530915167
 0.131745912384814 -0.839884845576595 0.526532487830212
 -0.990609896663394 0.135470544085533 -0.0184326969733036
 -0.401494542143223 -0.12422256741038 -0.907397865533734
 -0.084241524629849 -0.84613665778149 -0.526266208193542
 -0.91594947955265 0.370203268637932 0.154874435582573
 0.361259343466514 0.451264418217761 -0.815997617403831
 0.371654622909609 0.909617766169971 -0.185656566643543
 -0.857481792555826 -0.124524918218861 0.499217908510735
 -0.227569781187534 -0.854853142829465 0.466302582970376
 -0.12697088719415 -0.0360914577012945 -0.99124961562975
 -0.229198025781077 -0.501302952390969 -0.834364197998784
 -0.672011526592325 0.547828738479584 -0.498281227243131
 0.774812593862837 -0.615568672011608 0.144016160306429
 0.529250329174772 -0.393532136500979 -0.751682477253109
 -0.733242174106158 0.109821267331849 -0.671040388764865
 0.0283495763707194 -0.99829732349265 -0.0509779896328964
 -0.368504932549145 -0.384226706413601 -0.846506912414487
 0.318866407743192 -0.204462765419077 -0.925483220577303
 -0.0203816843715418 -0.999497140939519 0.0242909900149513
 -0.210626647527015 -0.113500431219306 -0.970955234531728
 -0.108504483201875 0.456245813320456 -0.883213753828964
 0.334885049643058 0.229950194093473 -0.91376961634864
 -0.983866545057877 0.0129696669294015 -0.178433206706646
 -0.122081343536944 0.447591988882882 -0.885865428294885
 0.224079248422647 0.468748511908755 -0.85443743071665
 -0.074222812687062 0.553639519224296 -0.829442135914201
 0.0728921883668364 0.697201030231937 -0.713160186997717
 -0.195710627317377 -0.154813698849911 -0.968364636386236
 -0.469281430603102 0.65091361227464 -0.596729761488972
 0.659527859733695 0.136424084250665 -0.739196503963229
 -0.543148165702529 -0.146554010078799 -0.826747840773595
 -0.327611800517426 0.651837654603829 -0.683943111817284
 -0.489292012974701 0.473644610796004 -0.732293731164665
 -0.408943966108553 0.383303121809112 -0.828156717895107
 0.311315234793625 0.650718921887657 -0.692566032434999
 -0.783716056847106 0.280247685814417 -0.554301701996022
 0.0894758412267138 -0.9532519668407 -0.288625642573749
 -0.0633288099522155 0.245789591416624 -0.967252262122599
 -0.567471826945322 0.367584956580482 -0.736788317849207
 -0.910690446133455 -0.410616733864061 0.0451310225018282
 0.357851192311685 -0.789242546007252 -0.499037801907928
 -0.527036405724113 0.362692099277597 -0.76856168793599
 0.164440099605681 -0.800503663299496 -0.576327457862074
 -0.988307402451869 -0.0749632659203728 -0.132774195615681
 -0.315569388896915 -0.367080216878042 -0.875024614035513
 -0.734508177567007 0.655407038943251 0.175895850976743
 0.110857461740122 -0.97536445692648 -0.190721785176865
 -0.614227172305566 -0.462494870294765 0.639393052630804
 0.0281020850854515 -0.133312216025149 -0.990675590631118
 0.0283144980584857 -0.9371895355252 -0.347669474791439
 -0.911406972061673 0.163361113195104 -0.377690982117696
 -0.118914784013624 0.755784539569866 -0.643932452894058
 -0.827418627743394 -0.531362029820854 0.181749299112541
 0.264151907840204 0.329930977589501 -0.906294278703786
 -0.590822614864504 0.0759369084900953 -0.803219909921086
 0.18394533412325 0.161410124012872 -0.969593154844049
 -0.436896220617324 -0.176708751427459 -0.881983962200701
 -0.00377489071073952 -0.298496238951619 -0.954403345306302
 0.170634884294668 -0.96537714185211 -0.197308667450766
 0.452183954298867 0.37473976343833 -0.809382345478837
 -0.224965808963744 0.252949718682086 -0.940960586111842
 -0.0179592710743573 -0.520132846711639 -0.853896531410056
 0.123807351711591 -0.175842512928652 -0.976601838165943
 -0.635324389928837 -0.160818209390802 -0.755314784106526
 -0.783833569685564 0.489076436709399 0.382634517640037
 -0.511901496844141 -0.689019889621904 0.513038448105156
 -0.198416963756393 -0.899902173477947 -0.388338494954289
 0.631105467857817 -0.775141785717107 -0.0293445135461625
 -0.81347759974213 -0.455440816672734 -0.361701337053454
 -0.090126017259903 -0.967874970171184 -0.234723972207776
 0.0609908011726078 0.367763582727757 -0.927917059543345
 0.371416670153774 -0.723694281180383 0.581649589115896
 -0.907567513793164 0.354616582517749 0.22487393648604
 -0.348679824556483 0.00283499175410231 -0.937237612758373
 -0.659587262786048 0.127104201255699 0.740803053985039
 -0.989879667571684 -0.061646149842314 0.127820170308878
 -0.627943176866365 -0.469865495852889 -0.620414202314789
 -0.476877415823893 0.839807334749659 -0.259444735498333
 -0.0459094184053579 0.00456283494935512 -0.998935186005032
 0.241038873601297 -0.934039355550321 -0.263573032945633
 -0.937729257668826 0.0228517113923429 0.346614538930947
 0.528309751163334 -0.833326980842256 -0.162649776593967
 -0.0292121558912919 -0.919418994733578 -0.3921930163469
 0.318688113532065 -0.61268095626558 -0.723228824178674
 -0.338561299692145 -0.322053124800709 -0.88411426363161
 0.17017070958863 -0.904451350570653 -0.391164522993873
 0.520417026191429 0.560670445007915 -0.644061154662115
 -0.950396895897011 -0.170415379365896 0.260200574067207
 0.0139014811891581 0.427896500367195 -0.903720827354474
 -0.768334412334954 -0.500430471473415 0.399038311497525
 -0.11473163102238 -0.165990169082052 -0.979430404169207
 0.0627717760835029 0.540517705467538 -0.83898767225951
 -0.829033873293063 0.526983053692487 0.187060680137873
 0.31503567030021 -0.0825785606529263 -0.945480463975321
 -0.292023611255554 -0.956366342698632 0.00925359511264749
 -0.904543633508249 0.398212651669918 0.152405705699316
 0.0843156024416494 0.784989144401855 -0.613744997825763
 -0.302479812481843 -0.784014829758085 0.542057847245431
 -0.0118485429121241 0.792579282710687 -0.609653748162571
 -0.787101193633298 0.60645920398579 0.112600820964851
 -0.0719235790945951 -0.938058768330582 0.338928821330284
 -0.469044838641431 0.424219509463985 -0.774619098095296
 0.197521959050976 0.585112733162172 -0.786529189022351
 0.222532183870846 -0.14817949449641 -0.963598601364936
 -0.993019601242894 -0.107747585977232 0.0479846773822841
 -0.863610452873278 0.490595092538448 -0.116161270934867
 0.0381783239355406 -0.537839248558372 0.842182497022848
 0.240715424896415 -0.967858235726478 -0.0728458629804531
 0.375224419407611 -0.918511643095233 0.124671554809898
 -0.0852585174315806 -0.38859038816024 -0.917457625961463
 0.0682125564642436 -0.97715861190625 0.201266227465175
 -0.0972476371591137 -0.233990835016801 -0.967363006422671
 -0.436082387725774 -0.453347238190898 -0.77737277591904
 0.0740373668102939 0.157149839847549 -0.984795611358869
 -0.97374702208429 -0.119269000032837 -0.193885643133122
 -0.994401272278715 -0.0883943753141016 0.0579011580480218
 0.246160059755867 0.326587198464103 -0.912549191430444
 -0.963474141817746 -0.257677281848053 0.0729383059027061
 -0.21417256257927 -0.932555571923641 -0.290637607188745
 -0.571124809104881 -0.0934367973280613 -0.815528060418517
 -0.252448062492788 -0.238152151067815 -0.937845151763024
 -0.0791747015180799 -0.207937428460931 -0.974932506630371
 0.146487728246483 -0.987445510069711 0.0590991549546482
 -0.766858239322457 -0.491666564224967 0.412543852707173
 -0.66452453126218 -0.376520388101074 0.645476215437096
 -0.656318390271975 -0.372656404685887 -0.656028486147814
 -0.504010804844244 0.554476039912035 -0.66221554630175
 0.207041886870463 -0.430582012247293 -0.878483231376781
 -0.798899610885892 -0.0849762983653096 -0.595431306233137
 -0.92611187364826 -0.313063362502925 -0.21049496085672
 -0.0609846711416798 0.707118006368074 -0.704460783121234
 -0.101669708227738 -0.498575030859043 -0.860863641369985
 -0.740237259001923 0.27316948292882 -0.614351067372492
 -0.998048562685659 0.0352083544966316 -0.0515697420463755
 -0.378375973225781 -0.887603764334463 -0.262661722420178
 -0.587629503155501 0.681484468764835 -0.436200052560208
 0.0608393660657065 -0.372240724606485 -0.926140062021486
 -0.844703747101814 -0.525560101287619 0.101302317676853
 -0.12543351488134 0.424138375507935 -0.896868480751778
 -0.681003964146166 0.286675557444197 -0.673832861755247
 0.0746492934330217 -0.147379565079361 -0.986258965377232
 -0.116208094224851 -0.0657471855705263 -0.991046409824577
 -0.873416665989033 -0.151298174529736 0.462873838055869
 -0.871272410640241 -0.301596609638418 0.387200040691831
 -0.880061289561662 -0.276430264802068 -0.386106766732369
 -0.085811088201365 0.24317462198727 -0.966179362418307
 0.322827146022016 -0.775538337142544 -0.542515365140434
 0.302419715330868 -0.150187497714365 -0.941268309946476
 0.159552862795019 0.0538808402440512 -0.985717880038964
 -0.475868229169403 0.813394991803988 -0.334571391148984
 -0.247731783379441 -0.936812892730321 -0.247003173092757
 -0.660353922020331 -0.713940993230716 -0.232853936743843
 -0.879262386608251 0.414243974804972 -0.235158637591183
 0.538133716492141 0.528346747869904 -0.65670527422098
 -0.24649357651716 -0.631729509223929 -0.734954926448876
 -0.0668908315609426 -0.108731426496237 -0.991818074822787
 -0.434171283173043 -0.845679710518072 -0.310356446825169
 0.00050558186884817 -0.997715422753629 0.0675550115574009
 0.0546748603980348 -0.924221092870222 -0.377923313827326
 -0.784474115539237 0.430465486047204 -0.446430092367299
 -0.118766395027402 -0.850131198259815 -0.513002426073723
 -0.317814086947809 0.0402647631275327 -0.947297711908888
 0.441467123086116 -0.868453371208619 0.225600357425368
 -0.665081187681847 0.0342479922354237 -0.745985314077661
 -0.318939589903415 -0.0695966498229517 -0.94521629499584
 -0.875889669870257 -0.179690985108916 -0.447804015262435
 -0.0109664012580411 -0.7756617621273 -0.631053538788128
 -0.430537454634553 -0.902395075226281 0.0179060985185342
 -0.347266975344864 -0.920263363751444 -0.180335767865688
 0.224302358867486 0.0282285975801458 -0.974110670347646
 0.108465719793493 -0.416870646195106 -0.9024710809608
 -0.403436232756573 0.165474298210851 -0.899920809144233
 0.614599676286521 -0.129346697678422 -0.778162367188359
 0.0315313482238283 -0.977651858827071 -0.207852392363333
 0.465968847091637 0.557660439118826 -0.686940949559633
 -0.885422083819768 0.019426308415884 -0.46438168786634
 -0.436016452457964 0.369743306905781 -0.820475191693417
 -0.220075977861913 0.0155069505562906 -0.975359471401477
 -0.973015675136217 0.0288347496007531 0.228930236436066
 -0.756554131190859 -0.209072741779986 -0.619608291763952
 -0.700651443838316 0.121237775881018 -0.703127979778011
 -0.150792235174858 -0.988549075088718 -0.00569455461043274
 -0.488171815615105 -0.179300338196216 -0.854130942632202
 -0.941542501244971 -0.286261358811856 -0.177629256600802
 -0.341349431837224 0.345557992200922 -0.874111113881109
 -0.565083214088406 -0.238300540447127 -0.789869491484589
 -0.911182580231146 0.194240130715104 0.36334154332128
 -0.347657874241357 -0.309155447271741 -0.885187500985069
 -0.937137279547327 0.163068957142648 -0.308516181907927
 -0.315787256826504 0.328802185223975 -0.890037938190238
 -0.243691203021929 -0.932493113931254 -0.266591804151062
 -0.94653051027651 -0.128418389426176 -0.295953899066859
 -0.245297527604936 -0.967157944024702 -0.0665930496434694
 0.127139886007488 0.000824654462567737 -0.991884453618979
 0.0353166809505299 -0.947071800621346 0.319073246315763
 -0.0853219195250614 -0.995698812333324 -0.0361115655513121
 -0.94609121147246 -0.235218372955898 0.222674059105577
 0.179280037483485 -0.897183079455425 0.403634971352585
 -0.911548013984461 -0.290644933436857 0.290870660033752
 -0.0562993231817141 -0.985356177642866 -0.160945920701094
 0.144336756235974 -0.984928008850233 0.0953085420179781
 -0.0910671637018803 -0.445585587395056 -0.890595450247248
 -0.726193664261272 0.155752598399693 0.669614732572792
 0.207624107916616 -0.954500784164242 0.214057195257895
 -0.939268111930343 -0.220807270526352 -0.262715745994621
 -0.724653336435703 -0.265885294935697 -0.635753530803849
 -0.563110550713073 0.0438214503661052 -0.825218872883692
 0.794480246437698 -0.537073299804362 -0.283466768171418
 -0.100838566140776 0.716872405335813 -0.689873566711118
 -0.741377040165448 0.24924192709498 -0.623087912010416
 0.586350601688084 -0.381678809249475 -0.714502805081914
 -0.444989870003823 -0.793502902471169 0.415135109770074
 -0.00527645938446232 0.539558130885264 -0.841931815749924
 -0.790369831917144 0.393123606446255 -0.469860999498741
 0.636445449389286 0.286936740272499 -0.715964033337892
 -0.403846832179374 0.565715225051425 -0.718939510865622
 -0.142326692022982 -0.129798172908255 -0.981272412252313
 0.293636577358733 -0.108133169009196 -0.949781437067012
 -0.223695972297648 -0.95651343335901 -0.187195522867319
 -0.20150939225335 -0.971120978475713 -0.127741966471713
 0.221842088554294 -0.949789417357547 0.220649383460458
 -0.0279844915867854 -0.29680611006271 -0.954527632528295
 -0.914743346739637 0.113479201917076 -0.387771943708969
 -0.655246506651813 -0.735143485190404 -0.173827706947719
 0.347405798926409 -0.544602990255548 -0.763358889302416
 -0.97528019463541 0.218801403585144 0.0308947850144354
 0.410555031798973 -0.177370295659308 -0.894418439033025
 0.0973604422927099 0.101613655566182 -0.990048286337109
 -0.888107971514467 0.249217695798615 -0.386205607200734
 -0.00659310855418617 -0.237448804876899 -0.971377679371997
 -0.0714591677417119 0.649032990414824 -0.757396702329006
 -0.617075072197234 -0.181672700020777 -0.765645730961741
 0.224321347178313 -0.974258921663313 0.0223492004229713
 -0.22423613036221 -0.548230991328656 -0.80570524262101
 0.166190959230005 0.155036101138836 -0.973829745085803
 -0.139351870564395 -0.910141422176161 -0.390158490628307
 -0.880345002302333 -0.404322140420402 0.248024764261899
 -0.237059922490824 -0.970545442197891 -0.0429434253122165
 -0.0133893441049651 -0.04096123944719 -0.99907101966146
 -0.97180070038598 -0.210672080467983 0.105927679293992
 -0.409671462792361 -0.4207530751704 -0.809404807440763
 0.678534899689294 -0.693362251266525 -0.242567884152572
 -0.146763961238674 -0.49298711977595 -0.857568679125204
 -0.87068380750421 0.230677217469638 0.43439351824174
 -0.311866222549648 -0.553914309697218 -0.771957509676062
 -0.853353324243855 -0.325255632244179 -0.407427144033631
 -0.223475187362064 -0.865901955660116 -0.447518316739636
 -0.0189192976892076 0.857394121854955 -0.51431253142765
 0.308173900723244 -0.92176799838579 -0.235313841634687
 0.278824766524807 0.196096145163299 -0.940107999872611
 -0.264831458563698 0.327004548431977 -0.907156173908232
 -0.966137428444029 -0.119804503100582 0.228528664277333
 0.327687088902543 -0.944776111456052 -0.00438987341030667
 0.0157863492479084 -0.779480980928327 -0.626226948915836
 0.257108012750663 -0.916250925537734 -0.307212810980681
 0.333885716690104 -0.110831852591903 -0.93607511912313
 -0.998159151767081 0.0205414478683465 0.0570644956438978
 -0.946620419640295 0.0311864827212629 -0.320838252731042
 -0.636237071600734 -0.294973969874653 -0.712876388876297
 0.569130130239662 -0.445797384553936 -0.690909246412476
 -0.0360295419068901 0.317278038437953 -0.947647887369008
 -0.0517662606537908 -0.276698257245092 -0.959561529395303
 -0.346994882638436 -0.200237483612828 -0.916242054033289
 -0.985818382668218 0.0776823985335967 0.148753357446099
 -0.0526556125031384 -0.998412924208764 -0.0199754660727762
 0.29976594554971 -0.473098142499576 -0.828443435276145
 -0.100261469839722 -0.99429663731369 -0.0363570446030358
 -0.860933605434237 -0.337141603134182 0.380957827679285
 -0.806990198134653 -0.395723913215224 -0.438371309079669
 0.327821543378351 -0.940782533699032 0.0863785852156977
 -0.952659865329639 -0.104743022486805 0.285426137959444
 -0.957626175539362 0.240833555767861 0.157959825076075
 -0.867061838087166 0.136665448087148 -0.479089056681578
 0.318366009691757 -0.839665521550903 -0.440005563364371
 0.0837367690194143 -0.192396455803123 -0.977738082161366
 -0.643972843046204 -0.305706190935399 -0.701314980763108
 0.468831523028902 0.175017079988672 -0.865774811788053
 -0.0561227658591332 0.328559217240149 -0.942814444055065
 -0.20894916216722 -0.0648282238167307 -0.97577535787003
 0.430184761389521 -0.857278829778159 0.282867599916343
 0.174724408325808 -0.890064694231667 -0.421018077067347
 -0.326386414384481 0.911977879605993 -0.248532202369429
 -0.26519345901637 0.204413271074152 -0.942277901631837
 0.186947777214448 -0.981896560887672 0.0304905282266367
 0.164970223522766 -0.935594013643945 -0.312167690487762
 -0.945723170474252 0.109314707888446 0.306035912055092
 -0.573832414304227 -0.134245480822437 -0.807895111491916
 -0.973704525716038 -0.103953640267849 -0.202714422957933
 0.0488343063159015 -0.998789223845708 0.00594111574816588
 0.399522192804354 -0.912399839641908 0.0889300291140312
 -0.514031782591798 -2.68867668015138e-05 -0.857771138336211
 -0.238300708009433 -0.970536846600853 -0.0356511143202544
 -0.343694546595341 -0.0160170846758306 -0.938944892759479
 -0.317477973486232 -0.852719338704099 -0.414822209809358
 0.0754941123902118 -0.46788902015604 -0.880556928206141
 -0.326422528831324 -0.110866571915301 -0.938699598329046
 -0.394773410190593 0.253464713668349 -0.883124902565606
 0.174828977063187 -0.878219410822725 -0.445157831822855
 -0.824450983063774 -0.399394299970766 -0.40095482248757
 -0.404359528416195 0.40774987962269 -0.818677841062475
 -0.997253726242523 -0.0709509640594009 -0.0212359646459751
 0.0207610128471861 -0.938480194752902 0.34470843390047
 -0.416788133331864 0.143471608715635 -0.897609909373937
 0.0138886094317255 0.641128862830647 -0.76730755748496
 -0.987209565993585 -0.157098679401934 -0.0271528587984117
 -0.175838105569178 0.289590000563676 -0.940860559383468
 0.512301628432347 -0.634214633191706 -0.579067215918045
 -0.0910323610109604 -0.995068972179676 0.0393808310482803
 0.348719689015874 0.197163300394423 -0.916253901203291
 -0.344975616406534 0.475116445738943 -0.809478960241294
 -0.0890655186018416 0.632045521635406 -0.769795941777308
 -0.00703698508808378 -0.423806854115826 -0.905725251522401
 -0.430500228327058 -0.221140468353549 -0.87508082293393
 -0.471922405538873 -0.811115988491037 -0.345514249148442
 -0.974281684612977 -0.22452994023488 -0.0190132839304577
 -0.7568314751857 0.0284179804652208 -0.652991988124292
 0.0198642291829527 -0.461790852282105 -0.886766384764068
 -0.382348875207058 -0.801014628149209 -0.460635325522133
 -0.821602003188325 -0.514397627770933 0.245693363566395
 0.323229304988217 0.385265656470476 -0.864345527171401
 -0.987592199551922 0.108282555474996 -0.113738892046657
 -0.467388736711613 0.0294892856945369 -0.883559930522174
 -0.0390822240289747 0.376577220162753 -0.925560466430715
 -0.762170017762889 -0.155616843041646 -0.628394988987873
 0.291453894089531 0.179610622352123 -0.939571525727729
 0.238626451084101 -0.968824938118769 -0.0666007216340159
 -0.275368522357518 0.0256505994348238 -0.960996474313653
 0.137356363113137 0.0338699358258051 -0.989942451337192
 -0.96667562841335 0.242880203702244 0.0809162287876303
 0.557239358287628 -0.178905158597899 -0.810849703583995
 -0.213299442271831 -0.116653265809255 -0.969997610049922
 -0.868028266426258 0.446726801148462 0.216707392168996
 -0.203716506078553 -0.398604488789491 -0.894211410499785
 0.248621377752403 -0.0728250500542902 -0.965859162926504
 -0.427462633774894 -0.03842914112557 -0.90321586447459
 0.153783000988397 0.416449101695061 -0.896058555176155
 -0.971402037894455 -0.158509049443027 -0.176785072953483
 -0.697129108687929 -0.423115091519289 -0.57877856313844
 -0.448431474238967 0.622025019612959 -0.641867656053306
 -0.640711736612026 0.0487185778195937 0.766234279279411
 -0.478580980263699 -0.182817978306819 -0.858800228305538
 0.0959198904296149 -0.576021942741687 -0.811786977045126
 0.303370979604476 -0.103599685760678 -0.947223919590352
 -0.610399758556923 -0.142003538949422 -0.779260630135701
 -0.719260476076027 -0.46360917701306 -0.517427191539216
 0.281287634445152 -0.374831239722889 -0.883390518647361
 -0.533099012939256 0.0694341003325913 -0.84319887815046
 -0.0615373920505161 -0.248036226263598 -0.966794279999905
 -0.200433083246902 0.146623169049254 -0.968673435910211
 -0.997926026504478 -0.0152488532250321 0.0625389326764209
 0.572937359493981 0.589011986598159 -0.569918995770236
 0.12207574893399 -0.0514476618560212 -0.991186485789508
 -0.464513810819909 0.28048088345416 -0.839974638649489
 -0.323161056972924 -0.0391644548556863 -0.945533223494553
 -0.343036170145812 -0.21835789645866 -0.913589631632191
 -0.786187143733644 -0.387469562392833 -0.481432355837289
 -0.988730925701484 0.137103457737159 0.0601148770106207
 -0.242126239896513 -0.174945572786059 -0.954342145415434
 -0.224671846507256 0.259522303618606 -0.939239445142458
 0.70868817603426 0.61422765462485 -0.347110151743348
 -0.50479457959069 0.090777011406506 -0.858453240785986
 -0.959246689995896 -0.265138295807281 -0.097711165320697
 0.0812592220628524 0.136825035448756 -0.987256728771289
 0.287145609204851 -0.42706227779618 -0.857417756987755
 -0.492965033108046 -0.582163794666818 -0.6465839406542
 -0.110868952178426 -0.0661411758565638 -0.991631695892769
 -0.965500088936145 0.254903216881431 -0.0532346530729233
 -0.897074451530513 0.427632642784788 0.111300275094567
 -0.915534197169754 0.371811234488434 -0.153471625132861
 0.492525518596526 0.0660981729735812 -0.867784330960624
 -0.984592717605951 0.0957892724634592 0.1462928423343
 -0.985404945088829 0.00901722879526537 -0.169987598898672
 0.428870976233853 0.886542835731907 0.173526615124745
 0.77969629107028 0.38725503164451 -0.492043935189999
 -0.314990667922939 0.705489258851716 -0.634874621296455
 -0.495515262323674 0.0911926384979397 -0.863798892965304
 -0.413601210888419 -0.138072358565899 -0.899927809411223
 -0.0889811513802615 -0.0605735875266938 -0.994189717907598
 -0.973347537228119 0.0637040709094887 0.220309698201224
 -0.954290476107364 0.192315004546192 0.228789480171573
 0.171117132437676 -0.591583429972116 -0.787875607166978
 -0.999382496101873 -0.00775131334940004 0.0342716154645447
 -0.533770762510541 0.0310328379855182 -0.845059605031196
 -0.990788477008764 -0.0719874339933381 0.114699621506385
 -0.98524569912314 -0.138210863510513 0.100938939795471
 -0.998794248311851 0.0479532326180781 0.0105136587657124
 0.172375099689385 0.7392699476012 -0.650973708824553
 0.194733102912892 -0.280464809428079 -0.939903457437192
 -0.785293114429065 -0.0335608926003264 0.618213871502547
 -0.570604713607289 0.0234895645447715 -0.820888848241125
 -0.79854935904748 -0.24038960028313 0.551843964577466
 -0.168394979838516 -0.579411150794623 -0.79744959031906
 -0.997078121166148 0.0705251319095014 0.0293500606631727
 -0.621816823288026 0.352233321483942 -0.699482326804886
 -0.68756255792345 -0.190311848178101 -0.700741842182125
 -0.0555630995413958 -0.536299930125322 -0.842196608231669
 -0.61033945750656 -0.156653375090617 -0.776495632108331
 -0.755216720929514 -0.364128134087959 -0.545030647206278
 -0.317281778989436 0.405530301868188 -0.857249932626416
 -0.969178228420875 -0.021295048195816 -0.245438551326623
 -0.77341622375052 0.360043366390083 0.521724179196231
 -0.384305518467848 0.224020655311101 -0.895613764113272
 -0.519796336343467 -0.475958022120973 -0.709419290619166
 -0.321998813587463 -0.475627871631861 -0.818593239512282
 0.0847125792449436 -0.549553359350502 -0.83115274417176
 -0.348197342244097 0.634807225725475 -0.689766914994387
 -0.964672439350068 0.134528136536271 -0.226515485648261
 -0.183656099759667 -0.442583411297462 -0.877718839415771
 -0.979962207198491 0.112348226915511 0.164474765151386
 -0.984037480712882 -0.177585596293658 0.0115582239669106
 -0.944996095488309 0.169732001176914 -0.279595113133851
 -0.232476543127729 0.0515553204338831 -0.971234629649469
 -0.808420351173786 -0.587245292913469 -0.0399937715029125
 0.504539681862126 0.0613286829680599 -0.861207583612608
 -0.259350539987429 -0.239066360042135 -0.935726761883208
 -0.991643249159926 -0.0743568682767675 -0.105426384437748
 -0.209409147183298 0.157015770515629 -0.965139294032394
 0.377227887775192 0.201532722573616 -0.903926812533367
 0.0893167171726217 -0.941505864048266 -0.324944967642575
 -0.151910686239761 0.145779900377202 -0.977584453667394
 -0.439948803834105 -0.462538325511541 -0.76974239030855
 -0.700680195154579 0.170775950840969 -0.692735764005659
 -0.900877197610789 -0.426052074894801 -0.0830656625975301
 0.280245616100368 -0.100920943108433 -0.954608484091059
 0.446978727242919 0.0799112535087128 -0.890968130156723
 -0.657203293967993 -0.750978099819635 0.0641539086019651
 0.46837713402529 -0.365654418559513 -0.804313189317544
 0.458638561838688 0.579878536499413 -0.673343562011131
 -0.717670591757841 0.350815767551947 -0.601562315111982
 -0.139699125545829 0.419937813500298 -0.896736520453093
 0.752304712347315 -0.184418115399626 -0.632477334370547
 -0.033674450186663 -0.272726690140109 -0.961502045702373
 -0.212718625558766 -0.399203563024518 -0.891844886518345
 -0.980114954402544 -0.16610792888967 0.108548754559801
 -0.469725631758297 -0.323768174791334 -0.821298971058383
 -0.355415456455897 0.162570572256342 -0.920462200390919
 -0.983045620856138 -0.178899081795464 0.0402047988219117
 -0.874169937785112 -0.290889769160698 -0.388857380115653
 -0.393170744808972 0.505187430387973 -0.76824633133153
 0.473203252337439 0.616337723840383 -0.629449356301622
 -0.722799291888695 -0.0248509026490446 -0.690611045584074
 -0.845628436249527 0.361159606703041 0.393034713851442
 -0.892279915368238 0.401479795825714 0.206520038190468
 -0.110441306965318 -0.533853438865243 -0.838333599188024
 0.102683166581794 0.168173905762293 -0.980394667836066
 0.161443799945745 -0.00132312985967072 -0.986881020582751
 -0.922374831395049 -0.287999049888569 0.257451388949909
 -0.386707016120063 0.263434779906547 -0.88377587680311
 -0.959646675313798 0.0438772453305473 0.27776437118784
 -0.353138698837883 0.308258196985245 -0.883328898754305
 -0.914763603113016 -0.0231836649421773 0.403323775767733
 -0.10664747269577 0.559050992055194 -0.822245890746623
 -0.00407237667187383 0.120395754341673 -0.992717622531575
 -0.455292537974326 0.32316578116516 -0.829621951703792
 -0.954709854807585 0.180008622185429 -0.236909242268392
 -0.571878387024516 -0.384474736379555 -0.72466149859097
 -0.819813132330928 0.441267899618365 -0.364950775891968
 -0.930330335792384 0.21528908564179 -0.29687720678414
 -0.322614373377164 0.188018243807503 -0.927668640240685
 -0.262471039352833 0.356974315524499 -0.896481060344757
 -0.842610565730786 -0.0607126989669681 0.535090088399133
 0.235265821422159 -0.259643648932351 -0.936608332676819
 -0.518624032679667 0.33138033223299 -0.788172689285941
 -0.992759315656187 -0.120072683899735 -0.00338994970078055
 -0.963976918380586 0.245958985033795 -0.101255511013548
 -0.937813161337194 0.336863672225681 -0.0838411638598097
 -0.904898535008852 0.240183796139372 -0.351383530363782
 0.583713912648278 0.624445642872474 -0.518985266918456
 0.143649455673661 -0.146898567220498 -0.978665236346538
 -0.856354501546444 -0.143768294456723 -0.495971415698674
 -0.950509606298959 -0.0214933219981464 -0.309950843591177
 -0.0627628269524057 0.492318434623422 -0.868149403318856
 -0.280275757794866 -0.0412318741360014 -0.959033592815052
 -0.321450439881387 0.19855185151549 -0.92587622118717
 0.381349485346487 -0.106658629890019 -0.918257320524021
 -0.40924129901241 0.39863859783912 -0.820736758952282
 0.179953356604074 0.389857573065657 -0.903121178010062
 -0.958940228858696 0.234717578855606 -0.159189496049817
 -0.35272606949984 0.162391077753315 -0.921527784584551
 -0.737579579647976 -0.490641344735477 -0.46394766355967
 -0.637420751361691 0.767419378627925 -0.069009296763744
 0.171756692164154 0.502308772297819 -0.847458279781068
 -0.575724793457454 0.0847751383543943 -0.813236827815468
 -0.882290584246149 -0.290364246708501 -0.370475274726929
 -0.964473295060569 0.0194359437469967 0.263464432524908
 -0.947457895770464 0.0114004418544547 -0.319677283627922
 -0.243189189881257 0.274908296781202 -0.930206668588092
 -0.195321091031171 0.498348382474065 -0.844688440245204
 0.324992967758074 0.558228966966863 -0.763387183116738
 -0.035743745270753 0.842570203032866 -0.537399141825864
 -0.265363268376145 0.125433648268643 -0.955954358575109
 0.0910001853625588 0.236386112677291 -0.967388532078657
 -0.480239190285518 0.116669130884648 -0.869343795061845
 -0.956095935789296 0.266595570034275 0.121685511073794
 -0.923737531521812 0.218010073526422 0.314929485280425
 -0.59384708314051 0.0814774443079527 -0.80044179545708
 -0.541001246886075 0.191004354609814 -0.819045168099905
 0.181812980262726 -0.0999087254352318 -0.978244492338134
 0.094709859530816 -0.0318193662880117 -0.994996266544092
 -0.622367472818187 -0.243281925514666 -0.743957413764914
 -0.165458187535153 -0.781077151901672 -0.602114665952221
 -0.114252667692199 0.147044503208444 -0.982509156192144
 0.116397980358633 0.215219125261389 -0.96960416577599
 -0.0625760284429047 -0.80734483981501 -0.58675254604338
 -0.990590732743925 0.132065754615355 -0.0358975857089517
 0.617667515393761 0.106756908793571 -0.779159677378225
 0.123409163673403 -0.0876142215740378 -0.98848061513588
 -0.1906534426332 0.728099308318857 -0.658424378374397
 -0.995962062046861 0.041259663591673 -0.0797321210282678
 -0.908273440838448 0.395046478850537 -0.13775934166247
 -0.929034223617836 -0.265466050203678 0.25772696315299
 -0.774125965808809 -0.00173236593461655 -0.633029215730875
 -0.909151053815789 -0.309781538649441 0.278351863039616
 0.246885442213216 0.00309426229224796 -0.969039732912976
 -0.754534170942624 0.407596221916146 -0.514337928564102
 -0.966094514698327 0.0578602414981498 -0.25162190112067
 -0.190335986970649 -0.109124587166045 -0.975635196443706
 -0.774951548407477 -0.290040419711958 -0.561539537836976
 -0.835927370331988 -0.547005849348661 0.0448333838584396
 -0.952854213901491 -0.241931072254012 0.183134385979793
 0.22260680421486 0.747670432652569 -0.625647772196439
 -0.669028240993059 0.0503178800084895 0.741531741535846
 0.306175416233829 0.578220683961756 -0.756252243059709
 -0.274046981244738 0.628997170647802 -0.727503134967613
 -0.928087467067314 -0.324540754885623 0.18255670869855
 -0.0946393931167567 0.520567685413816 -0.848559173053591
 -0.862640001629846 0.0450179679790221 -0.503811085772336
 -0.412151068517807 0.248776059351189 -0.876494135184785
 0.00691572193577663 -0.0704326290514991 -0.997492565162769
 -0.986449532001337 0.1476787211851 0.0714724850797676
 -0.937394254655351 0.280864826600573 0.205929503757398
 -0.552239371187743 0.392173827888549 -0.735684283935309
 -0.569503965893517 -0.0909506214510666 -0.816941379346903
 -0.936372559712587 -0.0104931409019443 0.35085085636394
 -0.951344906977787 0.255684887717192 0.171953790770873
 -0.593778914307031 -0.803367506756083 -0.0450249932024181
 -0.801513671305373 -0.504933053651293 0.320341140100617
 -0.704464660304864 -0.423138520612465 -0.569809911071619
 -0.996802943682238 -0.0730025265330257 -0.0324734135289119
 -0.978715446753941 0.0793835634527665 -0.189246728211547
 -0.686542229817725 -0.070186205623656 0.723694454322444
 -0.544321919561175 0.0655625649454748 0.83631046744795
 -0.864248517388908 0.422995165597846 -0.272304223382461
 -0.987665238935206 -0.115586426244024 0.10562742952092
 -0.644715400829216 -0.631474039523258 0.430792977358965
 -0.954019007906548 -0.290975435976408 0.0719793596202748
 -0.799662977991259 -0.0297670022015571 -0.599710802979305
 -0.948050663903402 -0.232306604651025 -0.217332878570709
 -0.958643084372151 -0.284588490180427 -0.00358162564688694
 -0.97519461898806 -0.18190974716309 0.126112247556661
 -0.954536122336041 0.291539705452436 0.062172271153473
 -0.981418621801246 -0.0359886770023168 0.188473615950261
 -0.804593859919103 0.362531115294228 -0.470318946061077
 -0.967970020657852 -0.2025382404957 -0.148365428063763
 -0.616188369142452 0.371321936577533 0.694573187756248
 -0.736973330953245 0.674116211441557 -0.049372491686779
 -0.998468800877983 0.013434116319238 0.0536617013521171
 -0.97597492350009 0.0166048505890983 -0.217249229310274
 -0.964746085216213 -0.263077194600436 -0.00744182377888219
 -0.914620044406744 0.348987218027058 0.204152139403781
 -0.884048888610655 0.459477615783553 -0.0856614448869956
 -0.975717472351511 -0.199074203089877 0.0913502918008965
 -0.926822046185896 0.296711726887786 0.230137015343156
 -0.973625396921268 0.0639122343803376 0.219017836639886
 -0.961006837376316 0.275917699286366 0.0183107000546088
 -0.976688335958016 0.150509702448862 0.153057910191915
 -0.871906931544095 0.479608724791824 0.0987611959674521
 -0.980530821069771 0.168871378211587 0.10020861516437
 -0.85234651959067 -0.187852453897615 0.488074652185827
 -0.780468849354406 -0.622874667449685 0.0538100718904374
 -0.824014007050424 0.365524588797297 0.43288877459374
 -0.996707574793458 -0.0705180116925402 -0.0400152517957001
 -0.955832274149777 0.271452112164875 0.112687241934894
 -0.850842220218248 0.186086277987201 0.491364847581665
 -0.986698250085416 0.0725327816794898 0.145483878351567
 -0.850481620048886 -0.457754166607078 0.259117998048924
 -0.855391600580397 -0.347745497165806 0.383898787257024
 -0.837122412247214 0.207012461880143 -0.506331815650298
 -0.933754007918649 0.206531268713135 0.292315390870209
 -0.924853737650761 -0.339683072912633 0.171058393334115
 -0.975185320242859 -0.0218917001536174 0.220305117160763
 -0.688232856834662 -0.610485536523288 0.391973142535394
 -0.926096317741834 -0.276406542797417 -0.256797650619696
 -0.860535540992461 0.272124011430669 0.430612476702305
 -0.818666156789563 0.205142536117637 -0.536378843358526
 -0.913597536197432 -0.00392172873178959 -0.406600740158863
 -0.689401799383199 -0.595060886566174 0.413071059608739
 -0.733517111516612 0.405792950596219 0.545238230830103
 -0.897799950439524 0.308381175174366 -0.31441421690004
 -0.98067619709859 0.0136558541863644 0.195160739111862
 -0.971050310503294 -0.0248819139676164 0.237575640225937
 -0.914751845161652 -0.260697425987767 0.308651767946834
 -0.738461759104602 0.298530019049843 0.604610666517087
 -0.920164702633072 0.275692517378923 0.278011790918053
 -0.988354839035234 -0.0876741526671521 -0.124370234018164
 -0.752060323254546 -0.302782629783065 -0.585429713362689
 -0.856472141473528 0.488032842396712 0.168164846570069
 -0.939762412672681 -0.220885727027419 -0.260875647240579
 -0.955606815732426 0.227155564265664 0.187659168038446
 -0.84824114029173 0.529171925419268 -0.0215416170388567
 -0.844581404198512 -0.191163399575742 -0.500138787082861
 -0.987871521807596 -0.113643848264984 -0.105806106407287
 -0.853218949951118 0.521543006486002 -0.00321182656013441
 -0.92419828703407 0.0041742428501089 0.381890169996453
 -0.926088835707154 -0.0559795985484882 -0.373129673069454
 -0.896701422272887 -0.0407491192983295 -0.440756246206667
